geo_code,geo_name,country_code,n_indicators_with_any_data,mean_avail_ratio,median_avail_ratio,pct_indicators_ge_0_7,pct_indicators_ge_0_9,flag_rate,avail_HLTH_RS_BDS1_HBEDT_TOTAL,avail_ISOC_CIEGI_AC_I_IUGOV12_IND_TOTAL,avail_SDG_11_60,avail_SDG_17_60_VHCN_FX_TOTAL,avail_TRNG_LFSE_01_T_Y25-74,avail_URB_CEDUC_TE1026V,avail_URB_CLMA_EC1010V,avail_URB_CLMA_EC1177V,avail_URB_CPOP1_DE1001V,avail_URB_CPOPCB_DE2009V,avail_URB_CTOUR_CR2001V,avail_URB_CTRAN_TT1057I,avail_WHO_NO2,avail_WHO_PM10,avail_WHO_PM25
BE001C,Bruxelles/Brussel (greater city),BE,12,0.9444444444444445,1.0,0.9166666666666666,0.75,0.03571428571428571,1.0,1.0,1.0,1.0,1.0,0.7777777777777778,1.0,0.8888888888888888,1.0,1.0,0.6666666666666666,1.0,,,
BE002C,Antwerpen (greater city),BE,12,0.9537037037037037,1.0,0.9166666666666666,0.75,0.03597122302158273,1.0,1.0,1.0,1.0,1.0,0.8888888888888888,1.0,0.8888888888888888,1.0,1.0,0.6666666666666666,1.0,,,
BE003C,Gent,BE,12,0.9537037037037037,1.0,0.9166666666666666,0.75,0.03597122302158273,1.0,1.0,1.0,1.0,1.0,0.8888888888888888,1.0,0.8888888888888888,1.0,1.0,0.6666666666666666,1.0,,,
BE004C,Charleroi (greater city),BE,12,0.9444444444444445,1.0,0.9166666666666666,0.75,0.03597122302158273,1.0,1.0,1.0,1.0,1.0,0.7777777777777778,1.0,0.8888888888888888,1.0,1.0,0.6666666666666666,1.0,,,
BE005C,Liège (greater city),BE,12,0.9444444444444445,1.0,0.9166666666666666,0.75,0.03676470588235294,1.0,1.0,1.0,1.0,1.0,0.7777777777777778,1.0,0.8888888888888888,1.0,1.0,0.6666666666666666,1.0,,,
BE006C,Brugge,BE,12,0.9537037037037037,1.0,0.9166666666666666,0.75,0.03597122302158273,1.0,1.0,1.0,1.0,1.0,0.8888888888888888,1.0,0.8888888888888888,1.0,1.0,0.6666666666666666,1.0,,,
BE007C,Namur,BE,12,0.9444444444444445,1.0,0.9166666666666666,0.75,0.03676470588235294,1.0,1.0,1.0,1.0,1.0,0.7777777777777778,1.0,0.8888888888888888,1.0,1.0,0.6666666666666666,1.0,,,
BE008C,Leuven,BE,12,0.9537037037037037,1.0,0.9166666666666666,0.75,0.035211267605633804,1.0,1.0,1.0,1.0,1.0,0.8888888888888888,1.0,0.8888888888888888,1.0,1.0,0.6666666666666666,1.0,,,
BE009C,Mons (greater city),BE,12,0.9444444444444445,1.0,0.9166666666666666,0.75,0.03597122302158273,1.0,1.0,1.0,1.0,1.0,0.7777777777777778,1.0,0.8888888888888888,1.0,1.0,0.6666666666666666,1.0,,,
BE010C,Kortrijk (greater city),BE,12,0.9537037037037037,1.0,0.9166666666666666,0.75,0.035211267605633804,1.0,1.0,1.0,1.0,1.0,0.8888888888888888,1.0,0.8888888888888888,1.0,1.0,0.6666666666666666,1.0,,,
BE011C,Oostende (greater city),BE,12,0.9537037037037037,1.0,0.9166666666666666,0.75,0.035211267605633804,1.0,1.0,1.0,1.0,1.0,0.8888888888888888,1.0,0.8888888888888888,1.0,1.0,0.6666666666666666,1.0,,,
BE012C,Mechelen,BE,12,0.9074074074074074,1.0,0.8333333333333334,0.75,0.019801980198019802,1.0,1.0,1.0,1.0,1.0,0.3333333333333333,1.0,0.8888888888888888,1.0,1.0,0.6666666666666666,1.0,,,
BE013C,Mouscron,BE,12,0.8981481481481483,1.0,0.8333333333333334,0.75,0.02,1.0,1.0,1.0,1.0,1.0,0.2222222222222222,1.0,0.8888888888888888,1.0,1.0,0.6666666666666666,1.0,,,
BE014C,La Louvière (greater city),BE,12,0.8981481481481483,1.0,0.8333333333333334,0.75,0.02,1.0,1.0,1.0,1.0,1.0,0.2222222222222222,1.0,0.8888888888888888,1.0,1.0,0.6666666666666666,1.0,,,
BE015C,Verviers (greater city),BE,12,0.8981481481481483,1.0,0.8333333333333334,0.75,0.02,1.0,1.0,1.0,1.0,1.0,0.2222222222222222,1.0,0.8888888888888888,1.0,1.0,0.6666666666666666,1.0,,,
BG001C,Sofia,BG,11,0.9191919191919191,0.8888888888888888,0.9090909090909091,0.45454545454545453,0.05454545454545454,1.0,1.0,1.0,1.0,1.0,0.8888888888888888,0.8888888888888888,0.8888888888888888,0.8888888888888888,0.8888888888888888,0.6666666666666666,,,,
BG002C,Plovdiv,BG,11,0.9191919191919191,0.8888888888888888,0.9090909090909091,0.45454545454545453,0.05454545454545454,1.0,1.0,1.0,1.0,1.0,0.8888888888888888,0.8888888888888888,0.8888888888888888,0.8888888888888888,0.8888888888888888,0.6666666666666666,,,,
BG003C,Varna,BG,11,0.9191919191919191,0.8888888888888888,0.9090909090909091,0.45454545454545453,0.05454545454545454,1.0,1.0,1.0,1.0,1.0,0.8888888888888888,0.8888888888888888,0.8888888888888888,0.8888888888888888,0.8888888888888888,0.6666666666666666,,,,
BG004C,Burgas,BG,11,0.9191919191919191,0.8888888888888888,0.9090909090909091,0.45454545454545453,0.05454545454545454,1.0,1.0,1.0,1.0,1.0,0.8888888888888888,0.8888888888888888,0.8888888888888888,0.8888888888888888,0.8888888888888888,0.6666666666666666,,,,
BG005C,Pleven,BG,11,0.9191919191919191,0.8888888888888888,0.9090909090909091,0.45454545454545453,0.05454545454545454,1.0,1.0,1.0,1.0,1.0,0.8888888888888888,0.8888888888888888,0.8888888888888888,0.8888888888888888,0.8888888888888888,0.6666666666666666,,,,
BG006C,Ruse,BG,11,0.9191919191919191,0.8888888888888888,0.9090909090909091,0.45454545454545453,0.05454545454545454,1.0,1.0,1.0,1.0,1.0,0.8888888888888888,0.8888888888888888,0.8888888888888888,0.8888888888888888,0.8888888888888888,0.6666666666666666,,,,
BG007C,Vidin,BG,11,0.9191919191919191,0.8888888888888888,0.9090909090909091,0.45454545454545453,0.05454545454545454,1.0,1.0,1.0,1.0,1.0,0.8888888888888888,0.8888888888888888,0.8888888888888888,0.8888888888888888,0.8888888888888888,0.6666666666666666,,,,
BG008C,Stara Zagora,BG,11,0.9191919191919191,0.8888888888888888,0.9090909090909091,0.45454545454545453,0.05454545454545454,1.0,1.0,1.0,1.0,1.0,0.8888888888888888,0.8888888888888888,0.8888888888888888,0.8888888888888888,0.8888888888888888,0.6666666666666666,,,,
BG009C,Sliven,BG,11,0.9191919191919191,0.8888888888888888,0.9090909090909091,0.45454545454545453,0.05454545454545454,1.0,1.0,1.0,1.0,1.0,0.8888888888888888,0.8888888888888888,0.8888888888888888,0.8888888888888888,0.8888888888888888,0.6666666666666666,,,,
BG010C,Dobrich,BG,11,0.9191919191919191,0.8888888888888888,0.9090909090909091,0.45454545454545453,0.05454545454545454,1.0,1.0,1.0,1.0,1.0,0.8888888888888888,0.8888888888888888,0.8888888888888888,0.8888888888888888,0.8888888888888888,0.6666666666666666,,,,
BG011C,Shumen,BG,11,0.9191919191919191,0.8888888888888888,0.9090909090909091,0.45454545454545453,0.05454545454545454,1.0,1.0,1.0,1.0,1.0,0.8888888888888888,0.8888888888888888,0.8888888888888888,0.8888888888888888,0.8888888888888888,0.6666666666666666,,,,
BG012C,Pernik,BG,11,0.9191919191919191,0.8888888888888888,0.9090909090909091,0.45454545454545453,0.05454545454545454,1.0,1.0,1.0,1.0,1.0,0.8888888888888888,0.8888888888888888,0.8888888888888888,0.8888888888888888,0.8888888888888888,0.6666666666666666,,,,
BG013C,Yambol,BG,11,0.9191919191919191,0.8888888888888888,0.9090909090909091,0.45454545454545453,0.05454545454545454,1.0,1.0,1.0,1.0,1.0,0.8888888888888888,0.8888888888888888,0.8888888888888888,0.8888888888888888,0.8888888888888888,0.6666666666666666,,,,
BG014C,Haskovo,BG,11,0.9191919191919191,0.8888888888888888,0.9090909090909091,0.45454545454545453,0.05454545454545454,1.0,1.0,1.0,1.0,1.0,0.8888888888888888,0.8888888888888888,0.8888888888888888,0.8888888888888888,0.8888888888888888,0.6666666666666666,,,,
BG015C,Pazardzhik,BG,11,0.9191919191919191,0.8888888888888888,0.9090909090909091,0.45454545454545453,0.05454545454545454,1.0,1.0,1.0,1.0,1.0,0.8888888888888888,0.8888888888888888,0.8888888888888888,0.8888888888888888,0.8888888888888888,0.6666666666666666,,,,
BG016C,Blagoevgrad,BG,11,0.9191919191919191,0.8888888888888888,0.9090909090909091,0.45454545454545453,0.05454545454545454,1.0,1.0,1.0,1.0,1.0,0.8888888888888888,0.8888888888888888,0.8888888888888888,0.8888888888888888,0.8888888888888888,0.6666666666666666,,,,
BG017C,Veliko Tarnovo,BG,11,0.9191919191919191,0.8888888888888888,0.9090909090909091,0.45454545454545453,0.05454545454545454,1.0,1.0,1.0,1.0,1.0,0.8888888888888888,0.8888888888888888,0.8888888888888888,0.8888888888888888,0.8888888888888888,0.6666666666666666,,,,
BG018C,Vratsa,BG,11,0.9191919191919191,0.8888888888888888,0.9090909090909091,0.45454545454545453,0.05454545454545454,1.0,1.0,1.0,1.0,1.0,0.8888888888888888,0.8888888888888888,0.8888888888888888,0.8888888888888888,0.8888888888888888,0.6666666666666666,,,,
CH001C,Bern (greater city),CH,12,0.8472222222222222,0.8333333333333333,0.9166666666666666,0.3333333333333333,0.3111111111111111,1.0,0.5,1.0,1.0,1.0,0.7777777777777778,0.7777777777777778,0.7777777777777778,0.8888888888888888,0.8888888888888888,0.7777777777777778,0.7777777777777778,,,
CH002C,Zurich (greater city),CH,12,0.8472222222222222,0.8333333333333333,0.9166666666666666,0.3333333333333333,0.3111111111111111,1.0,0.5,1.0,1.0,1.0,0.7777777777777778,0.7777777777777778,0.7777777777777778,0.8888888888888888,0.8888888888888888,0.7777777777777778,0.7777777777777778,,,
CH003C,Geneva (greater city),CH,12,0.8472222222222222,0.8333333333333333,0.9166666666666666,0.3333333333333333,0.3111111111111111,1.0,0.5,1.0,1.0,1.0,0.7777777777777778,0.7777777777777778,0.7777777777777778,0.8888888888888888,0.8888888888888888,0.7777777777777778,0.7777777777777778,,,
CH004C,Basel (greater city),CH,12,0.8472222222222222,0.8333333333333333,0.9166666666666666,0.3333333333333333,0.3111111111111111,1.0,0.5,1.0,1.0,1.0,0.7777777777777778,0.7777777777777778,0.7777777777777778,0.8888888888888888,0.8888888888888888,0.7777777777777778,0.7777777777777778,,,
CH005C,Lausanne (greater city),CH,12,0.8472222222222222,0.8333333333333333,0.9166666666666666,0.3333333333333333,0.3111111111111111,1.0,0.5,1.0,1.0,1.0,0.7777777777777778,0.7777777777777778,0.7777777777777778,0.8888888888888888,0.8888888888888888,0.7777777777777778,0.7777777777777778,,,
CH006C,Lucerne (greater city),CH,12,0.8472222222222222,0.8333333333333333,0.9166666666666666,0.3333333333333333,0.3111111111111111,1.0,0.5,1.0,1.0,1.0,0.7777777777777778,0.7777777777777778,0.7777777777777778,0.8888888888888888,0.8888888888888888,0.7777777777777778,0.7777777777777778,,,
CH007C,Winterthur,CH,12,0.8194444444444445,0.8333333333333333,0.6666666666666666,0.3333333333333333,0.28735632183908044,1.0,0.5,1.0,1.0,1.0,0.6666666666666666,0.6666666666666666,0.6666666666666666,0.8888888888888888,0.8888888888888888,0.7777777777777778,0.7777777777777778,,,
CH008C,Lugano (greater city),CH,12,0.8472222222222222,0.8333333333333333,0.9166666666666666,0.3333333333333333,0.3111111111111111,1.0,0.5,1.0,1.0,1.0,0.7777777777777778,0.7777777777777778,0.7777777777777778,0.8888888888888888,0.8888888888888888,0.7777777777777778,0.7777777777777778,,,
CH009C,St. Gallen (greater city),CH,12,0.8287037037037037,0.8333333333333333,0.75,0.3333333333333333,0.2840909090909091,1.0,0.5,1.0,1.0,1.0,0.7777777777777778,0.6666666666666666,0.6666666666666666,0.8888888888888888,0.8888888888888888,0.7777777777777778,0.7777777777777778,,,
CY001C,Lefkosia (greater city),CY,6,0.8703703703703703,1.0,0.8333333333333334,0.8333333333333334,0.0,1.0,1.0,1.0,1.0,1.0,,,,0.2222222222222222,,,,,,
CZ001C,Praha,CZ,9,0.7160493827160495,1.0,0.6666666666666666,0.5555555555555556,0.14545454545454545,1.0,1.0,1.0,1.0,1.0,0.3333333333333333,0.1111111111111111,0.1111111111111111,0.8888888888888888,,,,,,
CZ002C,Brno,CZ,9,0.7160493827160495,1.0,0.6666666666666666,0.5555555555555556,0.11320754716981132,1.0,1.0,1.0,1.0,1.0,0.3333333333333333,0.1111111111111111,0.1111111111111111,0.8888888888888888,,,,,,
CZ003C,Ostrava,CZ,9,0.7160493827160495,1.0,0.6666666666666666,0.5555555555555556,0.11320754716981132,1.0,1.0,1.0,1.0,1.0,0.3333333333333333,0.1111111111111111,0.1111111111111111,0.8888888888888888,,,,,,
CZ004C,Plzeň,CZ,9,0.7160493827160495,1.0,0.6666666666666666,0.5555555555555556,0.11320754716981132,1.0,1.0,1.0,1.0,1.0,0.3333333333333333,0.1111111111111111,0.1111111111111111,0.8888888888888888,,,,,,
CZ005C,Ústí nad Labem,CZ,9,0.7160493827160495,1.0,0.6666666666666666,0.5555555555555556,0.11320754716981132,1.0,1.0,1.0,1.0,1.0,0.3333333333333333,0.1111111111111111,0.1111111111111111,0.8888888888888888,,,,,,
CZ006C,Olomouc,CZ,9,0.7160493827160495,1.0,0.6666666666666666,0.5555555555555556,0.11320754716981132,1.0,1.0,1.0,1.0,1.0,0.3333333333333333,0.1111111111111111,0.1111111111111111,0.8888888888888888,,,,,,
CZ007C,Liberec (greater city),CZ,9,0.7160493827160495,1.0,0.6666666666666666,0.5555555555555556,0.11320754716981132,1.0,1.0,1.0,1.0,1.0,0.3333333333333333,0.1111111111111111,0.1111111111111111,0.8888888888888888,,,,,,
CZ008C,České Budějovice,CZ,9,0.7160493827160495,1.0,0.6666666666666666,0.5555555555555556,0.11320754716981132,1.0,1.0,1.0,1.0,1.0,0.3333333333333333,0.1111111111111111,0.1111111111111111,0.8888888888888888,,,,,,
CZ009C,Hradec Králové,CZ,9,0.7160493827160495,1.0,0.6666666666666666,0.5555555555555556,0.11320754716981132,1.0,1.0,1.0,1.0,1.0,0.3333333333333333,0.1111111111111111,0.1111111111111111,0.8888888888888888,,,,,,
CZ010C,Pardubice,CZ,9,0.7160493827160495,1.0,0.6666666666666666,0.5555555555555556,0.11320754716981132,1.0,1.0,1.0,1.0,1.0,0.3333333333333333,0.1111111111111111,0.1111111111111111,0.8888888888888888,,,,,,
CZ011C,Zlín,CZ,9,0.7160493827160495,1.0,0.6666666666666666,0.5555555555555556,0.11320754716981132,1.0,1.0,1.0,1.0,1.0,0.3333333333333333,0.1111111111111111,0.1111111111111111,0.8888888888888888,,,,,,
CZ012C,Kladno,CZ,9,0.7160493827160495,1.0,0.6666666666666666,0.5555555555555556,0.11320754716981132,1.0,1.0,1.0,1.0,1.0,0.3333333333333333,0.1111111111111111,0.1111111111111111,0.8888888888888888,,,,,,
CZ013C,Karlovy Vary,CZ,9,0.7160493827160495,1.0,0.6666666666666666,0.5555555555555556,0.11320754716981132,1.0,1.0,1.0,1.0,1.0,0.3333333333333333,0.1111111111111111,0.1111111111111111,0.8888888888888888,,,,,,
CZ014C,Jihlava,CZ,9,0.7160493827160495,1.0,0.6666666666666666,0.5555555555555556,0.11320754716981132,1.0,1.0,1.0,1.0,1.0,0.3333333333333333,0.1111111111111111,0.1111111111111111,0.8888888888888888,,,,,,
CZ015C,Havířov,CZ,9,0.7160493827160495,1.0,0.6666666666666666,0.5555555555555556,0.11320754716981132,1.0,1.0,1.0,1.0,1.0,0.3333333333333333,0.1111111111111111,0.1111111111111111,0.8888888888888888,,,,,,
CZ016C,Most,CZ,9,0.7160493827160495,1.0,0.6666666666666666,0.5555555555555556,0.11320754716981132,1.0,1.0,1.0,1.0,1.0,0.3333333333333333,0.1111111111111111,0.1111111111111111,0.8888888888888888,,,,,,
CZ017C,Karviná,CZ,9,0.7160493827160495,1.0,0.6666666666666666,0.5555555555555556,0.11320754716981132,1.0,1.0,1.0,1.0,1.0,0.3333333333333333,0.1111111111111111,0.1111111111111111,0.8888888888888888,,,,,,
CZ018C,Chomutov-Jirkov (greater city),CZ,9,0.7160493827160495,1.0,0.6666666666666666,0.5555555555555556,0.11538461538461539,1.0,1.0,1.0,1.0,1.0,0.3333333333333333,0.1111111111111111,0.1111111111111111,0.8888888888888888,,,,,,
DE001C,Berlin,DE,11,0.9494949494949495,1.0,0.9090909090909091,0.8181818181818182,0.1346153846153846,1.0,1.0,1.0,1.0,1.0,1.0,1.0,1.0,1.0,,0.6666666666666666,0.7777777777777778,,,
DE002C,Hamburg,DE,12,0.9351851851851851,1.0,0.9166666666666666,0.75,0.17117117117117117,1.0,1.0,1.0,1.0,1.0,1.0,1.0,1.0,1.0,0.7777777777777778,0.6666666666666666,0.7777777777777778,,,
DE003C,München,DE,12,0.9166666666666666,1.0,0.8333333333333334,0.75,0.1743119266055046,1.0,1.0,1.0,1.0,1.0,1.0,1.0,1.0,1.0,0.5555555555555556,0.6666666666666666,0.7777777777777778,,,
DE004C,Köln,DE,12,0.9351851851851851,1.0,0.9166666666666666,0.75,0.17117117117117117,1.0,1.0,1.0,1.0,1.0,1.0,1.0,1.0,1.0,0.7777777777777778,0.6666666666666666,0.7777777777777778,,,
DE005C,Frankfurt am Main,DE,12,0.9537037037037037,1.0,0.9166666666666666,0.8333333333333334,0.18584070796460178,1.0,1.0,1.0,1.0,1.0,1.0,1.0,1.0,1.0,1.0,0.6666666666666666,0.7777777777777778,,,
DE006C,Essen,DE,12,0.9444444444444445,1.0,0.9166666666666666,0.75,0.19642857142857142,1.0,1.0,1.0,1.0,1.0,1.0,1.0,1.0,1.0,0.8888888888888888,0.6666666666666666,0.7777777777777778,,,
DE007C,Stuttgart,DE,12,0.9537037037037037,1.0,0.9166666666666666,0.8333333333333334,0.18584070796460178,1.0,1.0,1.0,1.0,1.0,1.0,1.0,1.0,1.0,1.0,0.6666666666666666,0.7777777777777778,,,
DE008C,Leipzig,DE,12,0.9166666666666666,1.0,0.8333333333333334,0.75,0.1559633027522936,1.0,1.0,1.0,1.0,1.0,1.0,1.0,1.0,1.0,0.5555555555555556,0.6666666666666666,0.7777777777777778,,,
DE009C,Dresden,DE,12,0.9166666666666666,1.0,0.8333333333333334,0.75,0.1559633027522936,1.0,1.0,1.0,1.0,1.0,1.0,1.0,1.0,1.0,0.5555555555555556,0.6666666666666666,0.7777777777777778,,,
DE010C,Dortmund,DE,12,0.9444444444444445,1.0,0.9166666666666666,0.75,0.1875,1.0,1.0,1.0,1.0,1.0,1.0,1.0,1.0,1.0,0.8888888888888888,0.6666666666666666,0.7777777777777778,,,
DE011C,Düsseldorf,DE,12,0.9537037037037037,1.0,0.9166666666666666,0.8333333333333334,0.18584070796460178,1.0,1.0,1.0,1.0,1.0,1.0,1.0,1.0,1.0,1.0,0.6666666666666666,0.7777777777777778,,,
DE012C,Bremen,DE,12,0.9537037037037037,1.0,0.9166666666666666,0.8333333333333334,0.18584070796460178,1.0,1.0,1.0,1.0,1.0,1.0,1.0,1.0,1.0,1.0,0.6666666666666666,0.7777777777777778,,,
DE013C,Hannover,DE,12,0.9166666666666666,1.0,0.8333333333333334,0.75,0.1743119266055046,1.0,1.0,1.0,1.0,1.0,1.0,1.0,1.0,1.0,0.5555555555555556,0.6666666666666666,0.7777777777777778,,,
DE014C,Nürnberg,DE,12,0.9444444444444445,1.0,0.9166666666666666,0.75,0.17857142857142858,1.0,1.0,1.0,1.0,1.0,1.0,1.0,1.0,1.0,0.8888888888888888,0.6666666666666666,0.7777777777777778,,,
DE015C,Bochum,DE,12,0.8796296296296297,1.0,0.8333333333333334,0.75,0.14285714285714285,1.0,1.0,1.0,1.0,1.0,1.0,1.0,1.0,1.0,0.1111111111111111,0.6666666666666666,0.7777777777777778,,,
DE016C,Bielefeld,DE,12,0.9537037037037037,1.0,0.9166666666666666,0.8333333333333334,0.18584070796460178,1.0,1.0,1.0,1.0,1.0,1.0,1.0,1.0,1.0,1.0,0.6666666666666666,0.7777777777777778,,,
DE017C,Halle an der Saale,DE,12,0.9537037037037037,1.0,0.9166666666666666,0.8333333333333334,0.18584070796460178,1.0,1.0,1.0,1.0,1.0,1.0,1.0,1.0,1.0,1.0,0.6666666666666666,0.7777777777777778,,,
DE018C,Magdeburg,DE,12,0.9444444444444445,1.0,0.9166666666666666,0.75,0.17857142857142858,1.0,1.0,1.0,1.0,1.0,1.0,0.8888888888888888,1.0,1.0,1.0,0.6666666666666666,0.7777777777777778,,,
DE019C,Wiesbaden,DE,12,0.9444444444444445,1.0,0.9166666666666666,0.75,0.17857142857142858,1.0,1.0,1.0,1.0,1.0,1.0,1.0,1.0,1.0,0.8888888888888888,0.6666666666666666,0.7777777777777778,,,
DE020C,Göttingen,DE,12,0.9074074074074074,1.0,0.8333333333333334,0.6666666666666666,0.14953271028037382,1.0,1.0,1.0,1.0,1.0,1.0,0.6666666666666666,1.0,1.0,0.7777777777777778,0.6666666666666666,0.7777777777777778,,,
DE021C,Mülheim a.d.Ruhr,DE,12,0.8981481481481483,1.0,0.75,0.6666666666666666,0.14018691588785046,1.0,1.0,1.0,1.0,1.0,1.0,0.6666666666666666,1.0,1.0,0.6666666666666666,0.6666666666666666,0.7777777777777778,,,
DE022C,Moers,DE,12,0.8518518518518517,1.0,0.75,0.5833333333333334,0.16161616161616163,1.0,1.0,1.0,1.0,1.0,0.3333333333333333,0.6666666666666666,1.0,1.0,0.7777777777777778,0.6666666666666666,0.7777777777777778,,,
DE023C,Darmstadt,DE,12,0.8796296296296297,1.0,0.75,0.6666666666666666,0.12380952380952381,1.0,1.0,1.0,1.0,1.0,1.0,0.6666666666666666,1.0,1.0,0.4444444444444444,0.6666666666666666,0.7777777777777778,,,
DE024C,Trier,DE,12,0.9166666666666666,1.0,0.8333333333333334,0.6666666666666666,0.1651376146788991,1.0,1.0,1.0,1.0,1.0,1.0,0.6666666666666666,1.0,1.0,0.8888888888888888,0.6666666666666666,0.7777777777777778,,,
DE025C,Freiburg im Breisgau,DE,12,0.9351851851851851,1.0,0.9166666666666666,0.75,0.17117117117117117,1.0,1.0,1.0,1.0,1.0,1.0,0.7777777777777778,1.0,1.0,1.0,0.6666666666666666,0.7777777777777778,,,
DE026C,Regensburg,DE,11,0.9191919191919191,1.0,0.8181818181818182,0.7272727272727273,0.10891089108910891,1.0,1.0,1.0,1.0,1.0,1.0,0.6666666666666666,1.0,1.0,,0.6666666666666666,0.7777777777777778,,,
DE027C,Frankfurt (Oder),DE,11,0.9191919191919191,1.0,0.8181818181818182,0.7272727272727273,0.10891089108910891,1.0,1.0,1.0,1.0,1.0,1.0,0.6666666666666666,1.0,1.0,,0.6666666666666666,0.7777777777777778,,,
DE028C,Weimar,DE,12,0.9259259259259259,1.0,0.8333333333333334,0.75,0.16363636363636364,1.0,1.0,1.0,1.0,1.0,1.0,0.6666666666666666,1.0,1.0,1.0,0.6666666666666666,0.7777777777777778,,,
DE029C,Schwerin,DE,12,0.8518518518518517,1.0,0.75,0.6666666666666666,0.12,1.0,1.0,1.0,1.0,1.0,1.0,0.6666666666666666,1.0,1.0,0.1111111111111111,0.6666666666666666,0.7777777777777778,,,
DE030C,Erfurt,DE,12,0.9166666666666666,1.0,0.9166666666666666,0.6666666666666666,0.1559633027522936,1.0,1.0,1.0,1.0,1.0,1.0,0.7777777777777778,1.0,1.0,0.7777777777777778,0.6666666666666666,0.7777777777777778,,,
DE031C,Augsburg,DE,12,0.9444444444444445,1.0,0.9166666666666666,0.75,0.17857142857142858,1.0,1.0,1.0,1.0,1.0,1.0,0.8888888888888888,1.0,1.0,1.0,0.6666666666666666,0.7777777777777778,,,
DE032C,Bonn,DE,11,0.9393939393939394,1.0,0.9090909090909091,0.7272727272727273,0.13592233009708737,1.0,1.0,1.0,1.0,1.0,1.0,0.8888888888888888,1.0,1.0,,0.6666666666666666,0.7777777777777778,,,
DE033C,Karlsruhe,DE,12,0.9351851851851851,1.0,0.9166666666666666,0.75,0.17117117117117117,1.0,1.0,1.0,1.0,1.0,1.0,0.7777777777777778,1.0,1.0,1.0,0.6666666666666666,0.7777777777777778,,,
DE034C,Mönchengladbach,DE,12,0.9351851851851851,1.0,0.9166666666666666,0.75,0.17117117117117117,1.0,1.0,1.0,1.0,1.0,1.0,0.7777777777777778,1.0,1.0,1.0,0.6666666666666666,0.7777777777777778,,,
DE035C,Mainz,DE,12,0.9537037037037037,1.0,0.9166666666666666,0.8333333333333334,0.18584070796460178,1.0,1.0,1.0,1.0,1.0,1.0,1.0,1.0,1.0,1.0,0.6666666666666666,0.7777777777777778,,,
DE036C,Kiel,DE,12,0.9351851851851851,1.0,0.9166666666666666,0.6666666666666666,0.17117117117117117,1.0,1.0,1.0,1.0,1.0,1.0,0.8888888888888888,1.0,1.0,0.8888888888888888,0.6666666666666666,0.7777777777777778,,,
DE037C,Saarbrücken,DE,12,0.9259259259259259,1.0,0.8333333333333334,0.75,0.16363636363636364,1.0,1.0,1.0,1.0,1.0,1.0,0.6666666666666666,1.0,1.0,1.0,0.6666666666666666,0.7777777777777778,,,
DE038C,Potsdam,DE,12,0.8981481481481483,1.0,0.75,0.6666666666666666,0.14018691588785046,1.0,1.0,1.0,1.0,1.0,1.0,0.6666666666666666,1.0,1.0,0.6666666666666666,0.6666666666666666,0.7777777777777778,,,
DE039C,Koblenz,DE,12,0.9259259259259259,1.0,0.8333333333333334,0.75,0.16363636363636364,1.0,1.0,1.0,1.0,1.0,1.0,0.6666666666666666,1.0,1.0,1.0,0.6666666666666666,0.7777777777777778,,,
DE040C,Rostock,DE,12,0.8703703703703703,1.0,0.75,0.6666666666666666,0.1346153846153846,1.0,1.0,1.0,1.0,1.0,1.0,0.6666666666666666,1.0,1.0,0.3333333333333333,0.6666666666666666,0.7777777777777778,,,
DE041C,Kaiserslautern,DE,12,0.8518518518518517,1.0,0.75,0.6666666666666666,0.12745098039215685,1.0,1.0,1.0,1.0,1.0,1.0,0.6666666666666666,1.0,1.0,0.2222222222222222,0.5555555555555556,0.7777777777777778,,,
DE042C,Iserlohn,DE,12,0.8703703703703703,1.0,0.75,0.6666666666666666,0.1346153846153846,1.0,1.0,1.0,1.0,1.0,1.0,0.6666666666666666,1.0,1.0,0.3333333333333333,0.6666666666666666,0.7777777777777778,,,
DE043C,Esslingen am Neckar (greater city),DE,12,0.9074074074074074,1.0,0.8333333333333334,0.6666666666666666,0.16666666666666666,1.0,1.0,1.0,1.0,1.0,1.0,0.6666666666666666,1.0,1.0,0.7777777777777778,0.6666666666666666,0.7777777777777778,,,
DE044C,Hanau,DE,12,0.8055555555555555,1.0,0.6666666666666666,0.5833333333333334,0.1276595744680851,1.0,1.0,1.0,1.0,1.0,0.3333333333333333,0.6666666666666666,1.0,1.0,0.2222222222222222,0.6666666666666666,0.7777777777777778,,,
DE045C,Wilhelmshaven,DE,12,0.9259259259259259,1.0,0.8333333333333334,0.75,0.16363636363636364,1.0,1.0,1.0,1.0,1.0,1.0,0.6666666666666666,1.0,1.0,1.0,0.6666666666666666,0.7777777777777778,,,
DE046C,Ludwigsburg (greater city),DE,12,0.9074074074074074,1.0,0.8333333333333334,0.6666666666666666,0.1574074074074074,1.0,1.0,1.0,1.0,1.0,1.0,0.6666666666666666,1.0,1.0,0.7777777777777778,0.6666666666666666,0.7777777777777778,,,
DE047C,Tübingen,DE,12,0.9074074074074074,1.0,0.8333333333333334,0.6666666666666666,0.16666666666666666,1.0,1.0,1.0,1.0,1.0,1.0,0.6666666666666666,1.0,1.0,0.7777777777777778,0.6666666666666666,0.7777777777777778,,,
DE048C,Villingen-Schwenningen,DE,12,0.9166666666666666,1.0,0.8333333333333334,0.6666666666666666,0.1559633027522936,1.0,1.0,1.0,1.0,1.0,1.0,0.6666666666666666,1.0,1.0,0.8888888888888888,0.6666666666666666,0.7777777777777778,,,
DE049C,Flensburg,DE,12,0.8611111111111112,1.0,0.75,0.6666666666666666,0.11650485436893204,1.0,1.0,1.0,1.0,1.0,1.0,0.6666666666666666,1.0,1.0,0.2222222222222222,0.6666666666666666,0.7777777777777778,,,
DE050C,Marburg,DE,11,0.9191919191919191,1.0,0.8181818181818182,0.7272727272727273,0.10891089108910891,1.0,1.0,1.0,1.0,1.0,1.0,0.6666666666666666,1.0,1.0,,0.6666666666666666,0.7777777777777778,,,
DE051C,Konstanz,DE,12,0.9074074074074074,1.0,0.8333333333333334,0.6666666666666666,0.1574074074074074,1.0,1.0,1.0,1.0,1.0,1.0,0.6666666666666666,1.0,1.0,0.7777777777777778,0.6666666666666666,0.7777777777777778,,,
DE052C,Neumünster,DE,12,0.8148148148148149,1.0,0.6666666666666666,0.5833333333333334,0.14736842105263157,1.0,1.0,1.0,1.0,1.0,0.3333333333333333,0.6666666666666666,1.0,1.0,0.3333333333333333,0.6666666666666666,0.7777777777777778,,,
DE053C,Brandenburg an der Havel,DE,12,0.9166666666666666,1.0,0.8333333333333334,0.6666666666666666,0.1559633027522936,1.0,1.0,1.0,1.0,1.0,1.0,0.6666666666666666,1.0,1.0,0.8888888888888888,0.6666666666666666,0.7777777777777778,,,
DE054C,Gießen,DE,11,0.9191919191919191,1.0,0.8181818181818182,0.7272727272727273,0.10891089108910891,1.0,1.0,1.0,1.0,1.0,1.0,0.6666666666666666,1.0,1.0,,0.6666666666666666,0.7777777777777778,,,
DE055C,Lüneburg,DE,11,0.9191919191919191,1.0,0.8181818181818182,0.7272727272727273,0.10891089108910891,1.0,1.0,1.0,1.0,1.0,1.0,0.6666666666666666,1.0,1.0,,0.6666666666666666,0.7777777777777778,,,
DE056C,Bayreuth,DE,12,0.9259259259259259,1.0,0.8333333333333334,0.75,0.16363636363636364,1.0,1.0,1.0,1.0,1.0,1.0,0.6666666666666666,1.0,1.0,1.0,0.6666666666666666,0.7777777777777778,,,
DE057C,Celle,DE,12,0.8611111111111112,1.0,0.6666666666666666,0.5833333333333334,0.15,1.0,1.0,1.0,1.0,1.0,0.5555555555555556,0.6666666666666666,1.0,1.0,0.6666666666666666,0.6666666666666666,0.7777777777777778,,,
DE058C,Aschaffenburg,DE,12,0.9259259259259259,1.0,0.8333333333333334,0.75,0.16363636363636364,1.0,1.0,1.0,1.0,1.0,1.0,0.6666666666666666,1.0,1.0,1.0,0.6666666666666666,0.7777777777777778,,,
DE059C,Bamberg,DE,11,0.9191919191919191,1.0,0.8181818181818182,0.7272727272727273,0.10891089108910891,1.0,1.0,1.0,1.0,1.0,1.0,0.6666666666666666,1.0,1.0,,0.6666666666666666,0.7777777777777778,,,
DE060C,Plauen,DE,11,0.8787878787878788,1.0,0.7272727272727273,0.6363636363636364,0.11702127659574468,1.0,1.0,1.0,1.0,1.0,0.5555555555555556,0.6666666666666666,1.0,1.0,,0.6666666666666666,0.7777777777777778,,,
DE061C,Neubrandenburg,DE,12,0.8888888888888888,1.0,0.75,0.6666666666666666,0.1509433962264151,1.0,1.0,1.0,1.0,1.0,1.0,0.6666666666666666,1.0,1.0,0.5555555555555556,0.6666666666666666,0.7777777777777778,,,
DE062C,Fulda,DE,12,0.8518518518518517,1.0,0.75,0.6666666666666666,0.10784313725490197,1.0,1.0,1.0,1.0,1.0,1.0,0.6666666666666666,1.0,1.0,0.1111111111111111,0.6666666666666666,0.7777777777777778,,,
DE063C,Kempten (Allgäu),DE,12,0.8703703703703703,1.0,0.75,0.6666666666666666,0.11538461538461539,1.0,1.0,1.0,1.0,1.0,1.0,0.6666666666666666,1.0,1.0,0.3333333333333333,0.6666666666666666,0.7777777777777778,,,
DE064C,Landshut,DE,12,0.8518518518518517,1.0,0.75,0.6666666666666666,0.10784313725490197,1.0,1.0,1.0,1.0,1.0,1.0,0.6666666666666666,1.0,1.0,0.1111111111111111,0.6666666666666666,0.7777777777777778,,,
DE065C,Sindelfingen,DE,12,0.8518518518518517,1.0,0.75,0.5833333333333334,0.16161616161616163,1.0,1.0,1.0,1.0,1.0,0.3333333333333333,0.6666666666666666,1.0,1.0,0.7777777777777778,0.6666666666666666,0.7777777777777778,,,
DE066C,Rosenheim,DE,12,0.8981481481481483,1.0,0.75,0.6666666666666666,0.1588785046728972,1.0,1.0,1.0,1.0,1.0,1.0,0.6666666666666666,1.0,1.0,0.6666666666666666,0.6666666666666666,0.7777777777777778,,,
DE067C,Frankenthal (Pfalz),DE,11,0.8585858585858586,1.0,0.7272727272727273,0.6363636363636364,0.11956521739130435,1.0,1.0,1.0,1.0,1.0,0.3333333333333333,0.6666666666666666,1.0,1.0,,0.6666666666666666,0.7777777777777778,,,
DE068C,Stralsund,DE,12,0.8518518518518517,1.0,0.75,0.6666666666666666,0.11764705882352941,1.0,1.0,1.0,1.0,1.0,1.0,0.6666666666666666,1.0,1.0,0.1111111111111111,0.6666666666666666,0.7777777777777778,,,
DE069C,Friedrichshafen,DE,11,0.9191919191919191,1.0,0.8181818181818182,0.7272727272727273,0.10891089108910891,1.0,1.0,1.0,1.0,1.0,1.0,0.6666666666666666,1.0,1.0,,0.6666666666666666,0.7777777777777778,,,
DE070C,Offenburg,DE,12,0.8611111111111112,1.0,0.75,0.6666666666666666,0.1262135922330097,1.0,1.0,1.0,1.0,1.0,1.0,0.6666666666666666,1.0,1.0,0.2222222222222222,0.6666666666666666,0.7777777777777778,,,
DE071C,Görlitz,DE,12,0.8703703703703703,1.0,0.75,0.6666666666666666,0.1346153846153846,1.0,1.0,1.0,1.0,1.0,1.0,0.6666666666666666,1.0,1.0,0.3333333333333333,0.6666666666666666,0.7777777777777778,,,
DE072C,Sankt Augustin,DE,12,0.8425925925925926,1.0,0.75,0.6666666666666666,0.1188118811881188,1.0,1.0,1.0,1.0,1.0,1.0,0.6666666666666666,1.0,1.0,0.1111111111111111,0.5555555555555556,0.7777777777777778,,,
DE073C,Neu-Ulm,DE,12,0.8518518518518517,1.0,0.75,0.6666666666666666,0.11764705882352941,1.0,1.0,1.0,1.0,1.0,1.0,0.6666666666666666,1.0,1.0,0.1111111111111111,0.6666666666666666,0.7777777777777778,,,
DE074C,Schweinfurt,DE,12,0.8518518518518517,1.0,0.75,0.6666666666666666,0.11764705882352941,1.0,1.0,1.0,1.0,1.0,1.0,0.6666666666666666,1.0,1.0,0.1111111111111111,0.6666666666666666,0.7777777777777778,,,
DE075C,Greifswald,DE,12,0.8518518518518517,1.0,0.75,0.6666666666666666,0.11764705882352941,1.0,1.0,1.0,1.0,1.0,1.0,0.6666666666666666,1.0,1.0,0.1111111111111111,0.6666666666666666,0.7777777777777778,,,
DE076C,Wetzlar,DE,11,0.9191919191919191,1.0,0.8181818181818182,0.7272727272727273,0.10891089108910891,1.0,1.0,1.0,1.0,1.0,1.0,0.6666666666666666,1.0,1.0,,0.6666666666666666,0.7777777777777778,,,
DE077C,Speyer,DE,11,0.9090909090909091,1.0,0.8181818181818182,0.7272727272727273,0.1111111111111111,1.0,1.0,1.0,1.0,1.0,1.0,0.6666666666666666,1.0,1.0,,0.5555555555555556,0.7777777777777778,,,
DE078C,Passau,DE,11,0.9191919191919191,1.0,0.8181818181818182,0.7272727272727273,0.10891089108910891,1.0,1.0,1.0,1.0,1.0,1.0,0.6666666666666666,1.0,1.0,,0.6666666666666666,0.7777777777777778,,,
DE079C,Dessau-Roßlau,DE,12,0.9259259259259259,1.0,0.8333333333333334,0.75,0.16363636363636364,1.0,1.0,1.0,1.0,1.0,1.0,0.6666666666666666,1.0,1.0,1.0,0.6666666666666666,0.7777777777777778,,,
DE080C,Duisburg,DE,12,0.9444444444444445,1.0,0.9166666666666666,0.75,0.19642857142857142,1.0,1.0,1.0,1.0,1.0,1.0,1.0,1.0,1.0,0.8888888888888888,0.6666666666666666,0.7777777777777778,,,
DE081C,Mannheim,DE,12,0.9537037037037037,1.0,0.9166666666666666,0.8333333333333334,0.18584070796460178,1.0,1.0,1.0,1.0,1.0,1.0,1.0,1.0,1.0,1.0,0.6666666666666666,0.7777777777777778,,,
DE082C,Gelsenkirchen,DE,12,0.9351851851851851,1.0,0.9166666666666666,0.75,0.18018018018018017,1.0,1.0,1.0,1.0,1.0,1.0,1.0,1.0,1.0,0.7777777777777778,0.6666666666666666,0.7777777777777778,,,
DE083C,Münster,DE,11,0.9292929292929292,1.0,0.9090909090909091,0.7272727272727273,0.11764705882352941,1.0,1.0,1.0,1.0,1.0,1.0,0.7777777777777778,1.0,1.0,,0.6666666666666666,0.7777777777777778,,,
DE084C,Chemnitz,DE,12,0.9166666666666666,1.0,0.8333333333333334,0.6666666666666666,0.1559633027522936,1.0,1.0,1.0,1.0,1.0,1.0,0.6666666666666666,1.0,1.0,0.8888888888888888,0.6666666666666666,0.7777777777777778,,,
DE085C,Braunschweig,DE,12,0.9166666666666666,1.0,0.9166666666666666,0.6666666666666666,0.1559633027522936,1.0,1.0,1.0,1.0,1.0,1.0,0.7777777777777778,1.0,1.0,0.7777777777777778,0.6666666666666666,0.7777777777777778,,,
DE086C,Aachen,DE,12,0.8796296296296297,1.0,0.8333333333333334,0.6666666666666666,0.14285714285714285,1.0,1.0,1.0,1.0,1.0,1.0,0.8888888888888888,1.0,1.0,0.2222222222222222,0.6666666666666666,0.7777777777777778,,,
DE087C,Krefeld,DE,12,0.9074074074074074,1.0,0.8333333333333334,0.6666666666666666,0.14814814814814814,1.0,1.0,1.0,1.0,1.0,1.0,0.6666666666666666,1.0,1.0,0.7777777777777778,0.6666666666666666,0.7777777777777778,,,
DE088C,Oberhausen,DE,12,0.8333333333333334,1.0,0.6666666666666666,0.5833333333333334,0.15463917525773196,1.0,1.0,1.0,1.0,1.0,0.3333333333333333,0.6666666666666666,1.0,1.0,0.5555555555555556,0.6666666666666666,0.7777777777777778,,,
DE089C,Lübeck,DE,12,0.9166666666666666,1.0,0.8333333333333334,0.6666666666666666,0.1559633027522936,1.0,1.0,1.0,1.0,1.0,1.0,0.6666666666666666,1.0,1.0,0.8888888888888888,0.6666666666666666,0.7777777777777778,,,
DE090C,Hagen,DE,12,0.8518518518518517,1.0,0.75,0.6666666666666666,0.11764705882352941,1.0,1.0,1.0,1.0,1.0,1.0,0.6666666666666666,1.0,1.0,0.1111111111111111,0.6666666666666666,0.7777777777777778,,,
DE091C,Kassel,DE,12,0.9166666666666666,1.0,0.8333333333333334,0.6666666666666666,0.1559633027522936,1.0,1.0,1.0,1.0,1.0,1.0,0.6666666666666666,1.0,1.0,0.8888888888888888,0.6666666666666666,0.7777777777777778,,,
DE092C,Hamm,DE,11,0.9191919191919191,1.0,0.8181818181818182,0.7272727272727273,0.10891089108910891,1.0,1.0,1.0,1.0,1.0,1.0,0.6666666666666666,1.0,1.0,,0.6666666666666666,0.7777777777777778,,,
DE093C,Herne,DE,12,0.8703703703703703,1.0,0.75,0.5833333333333334,0.13861386138613863,1.0,1.0,1.0,1.0,1.0,0.7777777777777778,0.6666666666666666,1.0,1.0,0.5555555555555556,0.6666666666666666,0.7777777777777778,,,
DE094C,Solingen,DE,12,0.8703703703703703,1.0,0.75,0.6666666666666666,0.1782178217821782,1.0,1.0,1.0,1.0,1.0,0.3333333333333333,0.6666666666666666,1.0,1.0,1.0,0.6666666666666666,0.7777777777777778,,,
DE095C,Osnabrück,DE,12,0.8981481481481483,1.0,0.75,0.6666666666666666,0.14953271028037382,1.0,1.0,1.0,1.0,1.0,1.0,0.6666666666666666,1.0,1.0,0.6666666666666666,0.6666666666666666,0.7777777777777778,,,
DE096C,Ludwigshafen am Rhein,DE,12,0.8611111111111112,1.0,0.75,0.6666666666666666,0.14,1.0,1.0,1.0,1.0,1.0,1.0,0.6666666666666666,1.0,1.0,0.3333333333333333,0.5555555555555556,0.7777777777777778,,,
DE097C,Leverkusen,DE,12,0.8518518518518517,1.0,0.75,0.6666666666666666,0.11764705882352941,1.0,1.0,1.0,1.0,1.0,1.0,0.6666666666666666,1.0,1.0,0.1111111111111111,0.6666666666666666,0.7777777777777778,,,
DE098C,Oldenburg (Oldenburg),DE,12,0.9259259259259259,1.0,0.8333333333333334,0.75,0.16363636363636364,1.0,1.0,1.0,1.0,1.0,1.0,0.6666666666666666,1.0,1.0,1.0,0.6666666666666666,0.7777777777777778,,,
DE099C,Neuss,DE,11,0.9191919191919191,1.0,0.8181818181818182,0.7272727272727273,0.10891089108910891,1.0,1.0,1.0,1.0,1.0,1.0,0.6666666666666666,1.0,1.0,,0.6666666666666666,0.7777777777777778,,,
DE100C,Heidelberg,DE,12,0.9166666666666666,1.0,0.8333333333333334,0.6666666666666666,0.1651376146788991,1.0,1.0,1.0,1.0,1.0,1.0,0.6666666666666666,1.0,1.0,0.8888888888888888,0.6666666666666666,0.7777777777777778,,,
DE101C,Paderborn,DE,12,0.8611111111111112,1.0,0.75,0.6666666666666666,0.1262135922330097,1.0,1.0,1.0,1.0,1.0,1.0,0.6666666666666666,1.0,1.0,0.2222222222222222,0.6666666666666666,0.7777777777777778,,,
DE102C,Würzburg,DE,12,0.9259259259259259,1.0,0.8333333333333334,0.75,0.16363636363636364,1.0,1.0,1.0,1.0,1.0,1.0,0.6666666666666666,1.0,1.0,1.0,0.6666666666666666,0.7777777777777778,,,
DE103C,Recklinghausen,DE,12,0.8518518518518517,1.0,0.75,0.6666666666666666,0.11764705882352941,1.0,1.0,1.0,1.0,1.0,1.0,0.6666666666666666,1.0,1.0,0.1111111111111111,0.6666666666666666,0.7777777777777778,,,
DE104C,Wolfsburg,DE,12,0.9259259259259259,1.0,0.8333333333333334,0.75,0.16363636363636364,1.0,1.0,1.0,1.0,1.0,1.0,0.6666666666666666,1.0,1.0,1.0,0.6666666666666666,0.7777777777777778,,,
DE105C,Bremerhaven,DE,12,0.9351851851851851,1.0,0.9166666666666666,0.6666666666666666,0.1834862385321101,1.0,1.0,1.0,1.0,1.0,0.8888888888888888,0.8888888888888888,1.0,1.0,1.0,0.6666666666666666,0.7777777777777778,,,
DE106C,Bottrop,DE,12,0.8518518518518517,1.0,0.75,0.6666666666666666,0.11764705882352941,1.0,1.0,1.0,1.0,1.0,1.0,0.6666666666666666,1.0,1.0,0.1111111111111111,0.6666666666666666,0.7777777777777778,,,
DE107C,Heilbronn,DE,12,0.8518518518518517,1.0,0.75,0.6666666666666666,0.11764705882352941,1.0,1.0,1.0,1.0,1.0,1.0,0.6666666666666666,1.0,1.0,0.1111111111111111,0.6666666666666666,0.7777777777777778,,,
DE108C,Remscheid,DE,12,0.8148148148148149,1.0,0.6666666666666666,0.5833333333333334,0.14736842105263157,1.0,1.0,1.0,1.0,1.0,0.3333333333333333,0.6666666666666666,1.0,1.0,0.3333333333333333,0.6666666666666666,0.7777777777777778,,,
DE109C,Offenbach am Main,DE,12,0.9259259259259259,1.0,0.8333333333333334,0.75,0.16363636363636364,1.0,1.0,1.0,1.0,1.0,1.0,0.6666666666666666,1.0,1.0,1.0,0.6666666666666666,0.7777777777777778,,,
DE110C,Ulm,DE,12,0.9074074074074074,1.0,0.8333333333333334,0.6666666666666666,0.14814814814814814,1.0,1.0,1.0,1.0,1.0,1.0,0.6666666666666666,1.0,1.0,0.7777777777777778,0.6666666666666666,0.7777777777777778,,,
DE111C,Pforzheim,DE,11,0.9191919191919191,1.0,0.8181818181818182,0.7272727272727273,0.10891089108910891,1.0,1.0,1.0,1.0,1.0,1.0,0.6666666666666666,1.0,1.0,,0.6666666666666666,0.7777777777777778,,,
DE112C,Ingolstadt,DE,12,0.9166666666666666,1.0,0.8333333333333334,0.6666666666666666,0.1559633027522936,1.0,1.0,1.0,1.0,1.0,1.0,0.6666666666666666,1.0,1.0,0.8888888888888888,0.6666666666666666,0.7777777777777778,,,
DE113C,Gera,DE,12,0.8888888888888888,1.0,0.75,0.6666666666666666,0.14150943396226415,1.0,1.0,1.0,1.0,1.0,1.0,0.6666666666666666,1.0,1.0,0.5555555555555556,0.6666666666666666,0.7777777777777778,,,
DE114C,Salzgitter,DE,12,0.9259259259259259,1.0,0.8333333333333334,0.75,0.16363636363636364,1.0,1.0,1.0,1.0,1.0,1.0,0.6666666666666666,1.0,1.0,1.0,0.6666666666666666,0.7777777777777778,,,
DE115C,Reutlingen,DE,12,0.9259259259259259,1.0,0.8333333333333334,0.75,0.16363636363636364,1.0,1.0,1.0,1.0,1.0,1.0,0.6666666666666666,1.0,1.0,1.0,0.6666666666666666,0.7777777777777778,,,
DE116C,Fürth,DE,12,0.9074074074074074,1.0,0.8333333333333334,0.6666666666666666,0.14814814814814814,1.0,1.0,1.0,1.0,1.0,1.0,0.6666666666666666,1.0,1.0,0.7777777777777778,0.6666666666666666,0.7777777777777778,,,
DE117C,Cottbus,DE,12,0.8611111111111112,1.0,0.75,0.6666666666666666,0.11650485436893204,1.0,1.0,1.0,1.0,1.0,1.0,0.6666666666666666,1.0,1.0,0.2222222222222222,0.6666666666666666,0.7777777777777778,,,
DE118C,Siegen,DE,12,0.8518518518518517,1.0,0.75,0.6666666666666666,0.11764705882352941,1.0,1.0,1.0,1.0,1.0,1.0,0.6666666666666666,1.0,1.0,0.1111111111111111,0.6666666666666666,0.7777777777777778,,,
DE119C,Bergisch Gladbach,DE,12,0.9074074074074074,1.0,0.8333333333333334,0.6666666666666666,0.14814814814814814,1.0,1.0,1.0,1.0,1.0,1.0,0.6666666666666666,1.0,1.0,0.7777777777777778,0.6666666666666666,0.7777777777777778,,,
DE120C,Hildesheim,DE,12,0.9074074074074074,1.0,0.8333333333333334,0.6666666666666666,0.14814814814814814,1.0,1.0,1.0,1.0,1.0,1.0,0.6666666666666666,1.0,1.0,0.7777777777777778,0.6666666666666666,0.7777777777777778,,,
DE121C,Witten,DE,12,0.9166666666666666,1.0,0.8333333333333334,0.6666666666666666,0.1559633027522936,1.0,1.0,1.0,1.0,1.0,1.0,0.6666666666666666,1.0,1.0,0.8888888888888888,0.6666666666666666,0.7777777777777778,,,
DE122C,Zwickau,DE,12,0.8518518518518517,1.0,0.75,0.6666666666666666,0.11764705882352941,1.0,1.0,1.0,1.0,1.0,1.0,0.6666666666666666,1.0,1.0,0.1111111111111111,0.6666666666666666,0.7777777777777778,,,
DE123C,Erlangen,DE,12,0.9166666666666666,1.0,0.8333333333333334,0.6666666666666666,0.1559633027522936,1.0,1.0,1.0,1.0,1.0,1.0,0.6666666666666666,1.0,1.0,0.8888888888888888,0.6666666666666666,0.7777777777777778,,,
DE124C,Wuppertal,DE,12,0.8888888888888888,1.0,0.8333333333333334,0.75,0.1320754716981132,1.0,1.0,1.0,1.0,1.0,1.0,1.0,1.0,1.0,0.2222222222222222,0.6666666666666666,0.7777777777777778,,,
DE125C,Jena,DE,12,0.9259259259259259,1.0,0.8333333333333334,0.75,0.16363636363636364,1.0,1.0,1.0,1.0,1.0,1.0,0.6666666666666666,1.0,1.0,1.0,0.6666666666666666,0.7777777777777778,,,
DE126C,Düren,DE,11,0.8585858585858586,1.0,0.7272727272727273,0.6363636363636364,0.13095238095238096,1.0,1.0,1.0,1.0,1.0,0.3333333333333333,0.6666666666666666,1.0,1.0,,0.6666666666666666,0.7777777777777778,,,
DE127C,Bocholt,DE,12,0.8518518518518517,1.0,0.75,0.6666666666666666,0.13043478260869565,1.0,1.0,1.0,1.0,1.0,1.0,0.6666666666666666,1.0,1.0,0.1111111111111111,0.6666666666666666,0.7777777777777778,,,
DE128C,Elmshorn,DE,11,0.6666666666666666,0.5555555555555556,0.45454545454545453,0.45454545454545453,0.0,1.0,1.0,1.0,1.0,1.0,0.3333333333333333,0.4444444444444444,0.4444444444444444,0.5555555555555556,,0.3333333333333333,0.2222222222222222,,,
DE129C,Norderstedt,DE,11,0.6666666666666666,0.5555555555555556,0.45454545454545453,0.45454545454545453,0.0,1.0,1.0,1.0,1.0,1.0,0.3333333333333333,0.4444444444444444,0.4444444444444444,0.5555555555555556,,0.3333333333333333,0.2222222222222222,,,
DE130C,Delmenhorst,DE,11,0.6666666666666666,0.5555555555555556,0.45454545454545453,0.45454545454545453,0.0,1.0,1.0,1.0,1.0,1.0,0.3333333333333333,0.4444444444444444,0.4444444444444444,0.5555555555555556,,0.3333333333333333,0.2222222222222222,,,
DE131C,Hilden,DE,11,0.6666666666666666,0.5555555555555556,0.45454545454545453,0.45454545454545453,0.0,1.0,1.0,1.0,1.0,1.0,0.3333333333333333,0.4444444444444444,0.4444444444444444,0.5555555555555556,,0.3333333333333333,0.2222222222222222,,,
DE132C,Langenfeld (Rheinland),DE,11,0.6666666666666666,0.5555555555555556,0.45454545454545453,0.45454545454545453,0.0,1.0,1.0,1.0,1.0,1.0,0.3333333333333333,0.4444444444444444,0.4444444444444444,0.5555555555555556,,0.3333333333333333,0.2222222222222222,,,
DE133C,Ratingen,DE,11,0.6666666666666666,0.5555555555555556,0.45454545454545453,0.45454545454545453,0.0,1.0,1.0,1.0,1.0,1.0,0.3333333333333333,0.4444444444444444,0.4444444444444444,0.5555555555555556,,0.3333333333333333,0.2222222222222222,,,
DE134C,Dinslaken,DE,11,0.6666666666666666,0.5555555555555556,0.45454545454545453,0.45454545454545453,0.0,1.0,1.0,1.0,1.0,1.0,0.3333333333333333,0.4444444444444444,0.4444444444444444,0.5555555555555556,,0.3333333333333333,0.2222222222222222,,,
DE135C,Herzogenrath,DE,11,0.6666666666666666,0.5555555555555556,0.45454545454545453,0.45454545454545453,0.0,1.0,1.0,1.0,1.0,1.0,0.3333333333333333,0.4444444444444444,0.4444444444444444,0.5555555555555556,,0.3333333333333333,0.2222222222222222,,,
DE136C,Troisdorf (greater city),DE,11,0.6666666666666666,0.5555555555555556,0.45454545454545453,0.45454545454545453,0.0,1.0,1.0,1.0,1.0,1.0,0.3333333333333333,0.4444444444444444,0.4444444444444444,0.5555555555555556,,0.3333333333333333,0.2222222222222222,,,
DE137C,Castrop-Rauxel,DE,11,0.6666666666666666,0.5555555555555556,0.45454545454545453,0.45454545454545453,0.0,1.0,1.0,1.0,1.0,1.0,0.3333333333333333,0.4444444444444444,0.4444444444444444,0.5555555555555556,,0.3333333333333333,0.2222222222222222,,,
DE138C,Gladbeck,DE,11,0.6666666666666666,0.5555555555555556,0.45454545454545453,0.45454545454545453,0.0,1.0,1.0,1.0,1.0,1.0,0.3333333333333333,0.4444444444444444,0.4444444444444444,0.5555555555555556,,0.3333333333333333,0.2222222222222222,,,
DE139C,Herten,DE,11,0.6666666666666666,0.5555555555555556,0.45454545454545453,0.45454545454545453,0.0,1.0,1.0,1.0,1.0,1.0,0.3333333333333333,0.4444444444444444,0.4444444444444444,0.5555555555555556,,0.3333333333333333,0.2222222222222222,,,
DE140C,Marl,DE,11,0.6666666666666666,0.5555555555555556,0.45454545454545453,0.45454545454545453,0.0,1.0,1.0,1.0,1.0,1.0,0.3333333333333333,0.4444444444444444,0.4444444444444444,0.5555555555555556,,0.3333333333333333,0.2222222222222222,,,
DE141C,Gütersloh,DE,11,0.6666666666666666,0.5555555555555556,0.45454545454545453,0.45454545454545453,0.0,1.0,1.0,1.0,1.0,1.0,0.3333333333333333,0.4444444444444444,0.4444444444444444,0.5555555555555556,,0.3333333333333333,0.2222222222222222,,,
DE142C,Hattingen,DE,11,0.6666666666666666,0.5555555555555556,0.45454545454545453,0.45454545454545453,0.0,1.0,1.0,1.0,1.0,1.0,0.3333333333333333,0.4444444444444444,0.4444444444444444,0.5555555555555556,,0.3333333333333333,0.2222222222222222,,,
DE143C,Lüdenscheid,DE,11,0.6666666666666666,0.5555555555555556,0.45454545454545453,0.45454545454545453,0.0,1.0,1.0,1.0,1.0,1.0,0.3333333333333333,0.4444444444444444,0.4444444444444444,0.5555555555555556,,0.3333333333333333,0.2222222222222222,,,
DE144C,Lünen,DE,11,0.6666666666666666,0.5555555555555556,0.45454545454545453,0.45454545454545453,0.0,1.0,1.0,1.0,1.0,1.0,0.3333333333333333,0.4444444444444444,0.4444444444444444,0.5555555555555556,,0.3333333333333333,0.2222222222222222,,,
DE145C,Unna,DE,11,0.6666666666666666,0.5555555555555556,0.45454545454545453,0.45454545454545453,0.0,1.0,1.0,1.0,1.0,1.0,0.3333333333333333,0.4444444444444444,0.4444444444444444,0.5555555555555556,,0.3333333333333333,0.2222222222222222,,,
DE146C,Rüsselsheim am Main (greater city),DE,11,0.6666666666666666,0.5555555555555556,0.45454545454545453,0.45454545454545453,0.0,1.0,1.0,1.0,1.0,1.0,0.3333333333333333,0.4444444444444444,0.4444444444444444,0.5555555555555556,,0.3333333333333333,0.2222222222222222,,,
DE147C,Oberursel (greater city),DE,11,0.6666666666666666,0.5555555555555556,0.45454545454545453,0.45454545454545453,0.0,1.0,1.0,1.0,1.0,1.0,0.3333333333333333,0.4444444444444444,0.4444444444444444,0.5555555555555556,,0.3333333333333333,0.2222222222222222,,,
DE148C,Böblingen,DE,11,0.6666666666666666,0.5555555555555556,0.45454545454545453,0.45454545454545453,0.0,1.0,1.0,1.0,1.0,1.0,0.3333333333333333,0.4444444444444444,0.4444444444444444,0.5555555555555556,,0.3333333333333333,0.2222222222222222,,,
DE149C,Göppingen (greater city),DE,11,0.6666666666666666,0.5555555555555556,0.45454545454545453,0.45454545454545453,0.0,1.0,1.0,1.0,1.0,1.0,0.3333333333333333,0.4444444444444444,0.4444444444444444,0.5555555555555556,,0.3333333333333333,0.2222222222222222,,,
DE150C,Waiblingen (greater city),DE,11,0.6666666666666666,0.5555555555555556,0.45454545454545453,0.45454545454545453,0.0,1.0,1.0,1.0,1.0,1.0,0.3333333333333333,0.4444444444444444,0.4444444444444444,0.5555555555555556,,0.3333333333333333,0.2222222222222222,,,
DE151C,Lörrach (greater city),DE,11,0.6666666666666666,0.5555555555555556,0.45454545454545453,0.45454545454545453,0.0,1.0,1.0,1.0,1.0,1.0,0.3333333333333333,0.4444444444444444,0.4444444444444444,0.5555555555555556,,0.3333333333333333,0.2222222222222222,,,
DNK_Aalborg_DNK,"Aalborg/DNK, Denmark",DNK,2,0.625,0.625,0.5,0.0,0.0,,,,,,,,,,,,,0.75,,0.5
DNK_Anholt_DNK,"Anholt/DNK, Denmark",DNK,1,0.75,0.75,1.0,0.0,0.0,,,,,,,,,,,,,0.75,,
DNK_Arhus_DNK,"Arhus/DNK, Denmark",DNK,3,0.75,0.75,1.0,0.0,0.0,,,,,,,,,,,,,0.75,0.75,0.75
DNK_Humble_DNK,"Humble/DNK, Denmark",DNK,2,0.6875,0.6875,0.5,0.0,0.0,,,,,,,,,,,,,0.75,0.625,
DNK_Kobenhavn_DNK,"Kobenhavn/DNK, Denmark",DNK,3,0.75,0.75,1.0,0.0,0.0,,,,,,,,,,,,,0.75,0.75,0.75
DNK_Odense_DNK,"Odense/DNK, Denmark",DNK,2,0.6875,0.6875,0.5,0.0,0.0,,,,,,,,,,,,,0.75,0.625,
DNK_Roskilde_DNK,"Roskilde/DNK, Denmark",DNK,3,0.75,0.75,1.0,0.0,0.0,,,,,,,,,,,,,0.75,0.75,0.75
DNK_Ulfborg_DNK,"Ulfborg/DNK, Denmark",DNK,1,0.75,0.75,1.0,0.0,0.0,,,,,,,,,,,,,0.75,,
EE001C,Tallinn,EE,12,0.9629629629629629,1.0,0.9166666666666666,0.8333333333333334,0.05,1.0,1.0,1.0,1.0,1.0,1.0,1.0,1.0,1.0,1.0,0.6666666666666666,0.8888888888888888,,,
EE002C,Tartu,EE,12,0.9629629629629629,1.0,0.9166666666666666,0.8333333333333334,0.10833333333333334,1.0,1.0,1.0,1.0,1.0,1.0,1.0,1.0,1.0,1.0,0.6666666666666666,0.8888888888888888,,,
EE003C,Narva,EE,12,0.9629629629629629,1.0,0.9166666666666666,0.8333333333333334,0.05,1.0,1.0,1.0,1.0,1.0,1.0,1.0,1.0,1.0,1.0,0.6666666666666666,0.8888888888888888,,,
ES001C,Madrid (greater city),ES,12,0.9629629629629629,1.0,0.9166666666666666,0.9166666666666666,0.13675213675213677,1.0,1.0,1.0,1.0,1.0,1.0,1.0,1.0,1.0,1.0,0.5555555555555556,1.0,,,
ES002C,Barcelona (greater city),ES,12,0.9351851851851851,1.0,0.9166666666666666,0.8333333333333334,0.14545454545454545,1.0,1.0,1.0,1.0,1.0,0.7777777777777778,1.0,1.0,1.0,1.0,0.4444444444444444,1.0,,,
ES003C,Valencia (greater city),ES,12,0.9351851851851851,1.0,0.9166666666666666,0.8333333333333334,0.12727272727272726,1.0,1.0,1.0,1.0,1.0,0.7777777777777778,1.0,1.0,1.0,1.0,0.4444444444444444,1.0,,,
ES004C,Sevilla,ES,12,0.9351851851851851,1.0,0.9166666666666666,0.8333333333333334,0.12727272727272726,1.0,1.0,1.0,1.0,1.0,0.7777777777777778,1.0,1.0,1.0,1.0,0.4444444444444444,1.0,,,
ES005C,Zaragoza,ES,12,0.9722222222222222,1.0,0.9166666666666666,0.9166666666666666,0.11864406779661017,1.0,1.0,1.0,1.0,1.0,1.0,1.0,1.0,1.0,1.0,0.6666666666666666,1.0,,,
ES006C,Málaga,ES,12,0.9722222222222222,1.0,0.9166666666666666,0.9166666666666666,0.11864406779661017,1.0,1.0,1.0,1.0,1.0,1.0,1.0,1.0,1.0,1.0,0.6666666666666666,1.0,,,
ES007C,Murcia,ES,12,0.9722222222222222,1.0,0.9166666666666666,0.9166666666666666,0.11864406779661017,1.0,1.0,1.0,1.0,1.0,1.0,1.0,1.0,1.0,1.0,0.6666666666666666,1.0,,,
ES008C,Las Palmas,ES,12,0.9722222222222222,1.0,0.9166666666666666,0.9166666666666666,0.11864406779661017,1.0,1.0,1.0,1.0,1.0,1.0,1.0,1.0,1.0,1.0,0.6666666666666666,1.0,,,
ES009C,Valladolid (greater city),ES,12,0.9722222222222222,1.0,0.9166666666666666,0.9166666666666666,0.11864406779661017,1.0,1.0,1.0,1.0,1.0,1.0,1.0,1.0,1.0,1.0,0.6666666666666666,1.0,,,
ES010C,Palma de Mallorca,ES,12,0.9722222222222222,1.0,0.9166666666666666,0.9166666666666666,0.11864406779661017,1.0,1.0,1.0,1.0,1.0,1.0,1.0,1.0,1.0,1.0,0.6666666666666666,1.0,,,
ES011C,Santiago de Compostela,ES,12,0.9722222222222222,1.0,0.9166666666666666,0.9166666666666666,0.11864406779661017,1.0,1.0,1.0,1.0,1.0,1.0,1.0,1.0,1.0,1.0,0.6666666666666666,1.0,,,
ES012C,Vitoria/Gasteiz,ES,12,0.9722222222222222,1.0,0.9166666666666666,0.9166666666666666,0.11864406779661017,1.0,1.0,1.0,1.0,1.0,1.0,1.0,1.0,1.0,1.0,0.6666666666666666,1.0,,,
ES013C,Oviedo,ES,12,0.9722222222222222,1.0,0.9166666666666666,0.9166666666666666,0.11864406779661017,1.0,1.0,1.0,1.0,1.0,1.0,1.0,1.0,1.0,1.0,0.6666666666666666,1.0,,,
ES014C,Pamplona/Iruña (greater city),ES,12,0.9351851851851851,1.0,0.9166666666666666,0.8333333333333334,0.12727272727272726,1.0,1.0,1.0,1.0,1.0,0.7777777777777778,1.0,1.0,1.0,1.0,0.4444444444444444,1.0,,,
ES015C,Santander,ES,12,0.9722222222222222,1.0,0.9166666666666666,0.9166666666666666,0.11864406779661017,1.0,1.0,1.0,1.0,1.0,1.0,1.0,1.0,1.0,1.0,0.6666666666666666,1.0,,,
ES016C,Toledo,ES,12,0.9722222222222222,1.0,0.9166666666666666,0.9166666666666666,0.11864406779661017,1.0,1.0,1.0,1.0,1.0,1.0,1.0,1.0,1.0,1.0,0.6666666666666666,1.0,,,
ES017C,Badajoz,ES,12,0.9722222222222222,1.0,0.9166666666666666,0.9166666666666666,0.11864406779661017,1.0,1.0,1.0,1.0,1.0,1.0,1.0,1.0,1.0,1.0,0.6666666666666666,1.0,,,
ES018C,Logroño,ES,12,0.9722222222222222,1.0,0.9166666666666666,0.9166666666666666,0.11864406779661017,1.0,1.0,1.0,1.0,1.0,1.0,1.0,1.0,1.0,1.0,0.6666666666666666,1.0,,,
ES019C,Bilbao (greater city),ES,12,0.9351851851851851,1.0,0.9166666666666666,0.8333333333333334,0.14,1.0,1.0,1.0,1.0,1.0,0.7777777777777778,1.0,1.0,1.0,1.0,0.4444444444444444,1.0,,,
ES020C,Córdoba,ES,12,0.9722222222222222,1.0,0.9166666666666666,0.9166666666666666,0.11864406779661017,1.0,1.0,1.0,1.0,1.0,1.0,1.0,1.0,1.0,1.0,0.6666666666666666,1.0,,,
ES021C,Alicante/Alacant (greater city),ES,12,0.9722222222222222,1.0,0.9166666666666666,0.9166666666666666,0.11864406779661017,1.0,1.0,1.0,1.0,1.0,1.0,1.0,1.0,1.0,1.0,0.6666666666666666,1.0,,,
ES022C,Vigo,ES,12,0.9722222222222222,1.0,0.9166666666666666,0.9166666666666666,0.11864406779661017,1.0,1.0,1.0,1.0,1.0,1.0,1.0,1.0,1.0,1.0,0.6666666666666666,1.0,,,
ES023C,Gijón,ES,12,0.9722222222222222,1.0,0.9166666666666666,0.9166666666666666,0.11864406779661017,1.0,1.0,1.0,1.0,1.0,1.0,1.0,1.0,1.0,1.0,0.6666666666666666,1.0,,,
ES024C,Santa Cruz de Tenerife (greater city),ES,12,0.9351851851851851,1.0,0.9166666666666666,0.8333333333333334,0.12727272727272726,1.0,1.0,1.0,1.0,1.0,0.7777777777777778,1.0,1.0,1.0,1.0,0.4444444444444444,1.0,,,
ES025C,A Coruña (greater city),ES,12,0.9722222222222222,1.0,0.9166666666666666,0.9166666666666666,0.11864406779661017,1.0,1.0,1.0,1.0,1.0,1.0,1.0,1.0,1.0,1.0,0.6666666666666666,1.0,,,
ES026C,Reus,ES,12,0.9537037037037037,1.0,0.9166666666666666,0.9166666666666666,0.125,1.0,1.0,1.0,1.0,1.0,1.0,1.0,1.0,1.0,1.0,0.4444444444444444,1.0,,,
ES027C,Telde,ES,12,0.9537037037037037,1.0,0.9166666666666666,0.9166666666666666,0.125,1.0,1.0,1.0,1.0,1.0,1.0,1.0,1.0,1.0,1.0,0.4444444444444444,1.0,,,
ES028C,Lugo,ES,12,0.9722222222222222,1.0,0.9166666666666666,0.9166666666666666,0.11864406779661017,1.0,1.0,1.0,1.0,1.0,1.0,1.0,1.0,1.0,1.0,0.6666666666666666,1.0,,,
ES029C,San Fernando,ES,12,0.9537037037037037,1.0,0.9166666666666666,0.9166666666666666,0.125,1.0,1.0,1.0,1.0,1.0,1.0,1.0,1.0,1.0,1.0,0.4444444444444444,1.0,,,
ES030C,Girona (greater city),ES,12,0.9722222222222222,1.0,0.9166666666666666,0.9166666666666666,0.11965811965811966,1.0,1.0,1.0,1.0,1.0,1.0,1.0,1.0,1.0,1.0,0.6666666666666666,1.0,,,
ES031C,Cáceres,ES,12,0.9722222222222222,1.0,0.9166666666666666,0.9166666666666666,0.11864406779661017,1.0,1.0,1.0,1.0,1.0,1.0,1.0,1.0,1.0,1.0,0.6666666666666666,1.0,,,
ES032C,Torrevieja,ES,12,0.9722222222222222,1.0,0.9166666666666666,0.9166666666666666,0.11864406779661017,1.0,1.0,1.0,1.0,1.0,1.0,1.0,1.0,1.0,1.0,0.6666666666666666,1.0,,,
ES033C,"Puerto de Santa María, El",ES,12,0.9722222222222222,1.0,0.9166666666666666,0.9166666666666666,0.11864406779661017,1.0,1.0,1.0,1.0,1.0,1.0,1.0,1.0,1.0,1.0,0.6666666666666666,1.0,,,
ES034C,Avilés (greater city),ES,12,0.9537037037037037,1.0,0.9166666666666666,0.9166666666666666,0.125,1.0,1.0,1.0,1.0,1.0,1.0,1.0,1.0,1.0,1.0,0.4444444444444444,1.0,,,
ES035C,Talavera de la Reina,ES,12,0.9537037037037037,1.0,0.9166666666666666,0.9166666666666666,0.125,1.0,1.0,1.0,1.0,1.0,1.0,1.0,1.0,1.0,1.0,0.4444444444444444,1.0,,,
ES036C,Palencia,ES,12,0.9722222222222222,1.0,0.9166666666666666,0.9166666666666666,0.12173913043478261,1.0,1.0,1.0,1.0,1.0,1.0,1.0,1.0,1.0,1.0,0.6666666666666666,1.0,,,
ES037C,Ferrol (greater city),ES,12,0.9537037037037037,1.0,0.9166666666666666,0.9166666666666666,0.125,1.0,1.0,1.0,1.0,1.0,1.0,1.0,1.0,1.0,1.0,0.4444444444444444,1.0,,,
ES038C,Pontevedra,ES,12,0.9722222222222222,1.0,0.9166666666666666,0.9166666666666666,0.1206896551724138,1.0,1.0,1.0,1.0,1.0,1.0,1.0,1.0,1.0,1.0,0.6666666666666666,1.0,,,
ES039C,Ceuta,ES,12,0.9722222222222222,1.0,0.9166666666666666,0.9166666666666666,0.11864406779661017,1.0,1.0,1.0,1.0,1.0,1.0,1.0,1.0,1.0,1.0,0.6666666666666666,1.0,,,
ES040C,Gandia (greater city),ES,12,0.9722222222222222,1.0,0.9166666666666666,0.9166666666666666,0.11864406779661017,1.0,1.0,1.0,1.0,1.0,1.0,1.0,1.0,1.0,1.0,0.6666666666666666,1.0,,,
ES041C,Guadalajara,ES,12,0.9722222222222222,1.0,0.9166666666666666,0.9166666666666666,0.11965811965811966,1.0,1.0,1.0,1.0,1.0,1.0,1.0,1.0,1.0,1.0,0.6666666666666666,1.0,,,
ES042C,Manresa (greater city),ES,12,0.9537037037037037,1.0,0.9166666666666666,0.9166666666666666,0.125,1.0,1.0,1.0,1.0,1.0,1.0,1.0,1.0,1.0,1.0,0.4444444444444444,1.0,,,
ES043C,Ciudad Real,ES,12,0.9722222222222222,1.0,0.9166666666666666,0.9166666666666666,0.11864406779661017,1.0,1.0,1.0,1.0,1.0,1.0,1.0,1.0,1.0,1.0,0.6666666666666666,1.0,,,
ES044C,Benidorm,ES,12,0.9722222222222222,1.0,0.9166666666666666,0.9166666666666666,0.11864406779661017,1.0,1.0,1.0,1.0,1.0,1.0,1.0,1.0,1.0,1.0,0.6666666666666666,1.0,,,
ES045C,Melilla,ES,12,0.9722222222222222,1.0,0.9166666666666666,0.9166666666666666,0.12173913043478261,1.0,1.0,1.0,1.0,1.0,1.0,1.0,1.0,1.0,1.0,0.6666666666666666,1.0,,,
ES046C,Ponferrada,ES,12,0.9722222222222222,1.0,0.9166666666666666,0.9166666666666666,0.11864406779661017,1.0,1.0,1.0,1.0,1.0,1.0,1.0,1.0,1.0,1.0,0.6666666666666666,1.0,,,
ES047C,Zamora,ES,12,0.9722222222222222,1.0,0.9166666666666666,0.9166666666666666,0.11864406779661017,1.0,1.0,1.0,1.0,1.0,1.0,1.0,1.0,1.0,1.0,0.6666666666666666,1.0,,,
ES048C,Fuengirola,ES,12,0.9722222222222222,1.0,0.9166666666666666,0.9166666666666666,0.11864406779661017,1.0,1.0,1.0,1.0,1.0,1.0,1.0,1.0,1.0,1.0,0.6666666666666666,1.0,,,
ES049C,Sanlúcar de Barrameda,ES,12,0.9537037037037037,1.0,0.9166666666666666,0.9166666666666666,0.12389380530973451,1.0,1.0,1.0,1.0,1.0,1.0,1.0,1.0,1.0,1.0,0.4444444444444444,1.0,,,
ES050C,Vilanova i la Geltrú,ES,12,0.9537037037037037,1.0,0.9166666666666666,0.9166666666666666,0.12389380530973451,1.0,1.0,1.0,1.0,1.0,1.0,1.0,1.0,1.0,1.0,0.4444444444444444,1.0,,,
ES051C,"Línea de la Concepción, La",ES,12,0.9537037037037037,1.0,0.9166666666666666,0.9166666666666666,0.125,1.0,1.0,1.0,1.0,1.0,1.0,1.0,1.0,1.0,1.0,0.4444444444444444,1.0,,,
ES052C,Torremolinos (greater city),ES,12,0.9722222222222222,1.0,0.9166666666666666,0.9166666666666666,0.11864406779661017,1.0,1.0,1.0,1.0,1.0,1.0,1.0,1.0,1.0,1.0,0.6666666666666666,1.0,,,
ES053C,Irun (greater city),ES,12,0.9537037037037037,1.0,0.9166666666666666,0.9166666666666666,0.125,1.0,1.0,1.0,1.0,1.0,1.0,1.0,1.0,1.0,1.0,0.4444444444444444,1.0,,,
ES054C,Granollers (greater city),ES,12,0.9537037037037037,1.0,0.9166666666666666,0.9166666666666666,0.125,1.0,1.0,1.0,1.0,1.0,1.0,1.0,1.0,1.0,1.0,0.4444444444444444,1.0,,,
ES055C,Arrecife,ES,12,0.9537037037037037,1.0,0.9166666666666666,0.9166666666666666,0.125,1.0,1.0,1.0,1.0,1.0,1.0,1.0,1.0,1.0,1.0,0.4444444444444444,1.0,,,
ES056C,Elda (greater city),ES,12,0.9351851851851851,1.0,0.9166666666666666,0.8333333333333334,0.12727272727272726,1.0,1.0,1.0,1.0,1.0,0.7777777777777778,1.0,1.0,1.0,1.0,0.4444444444444444,1.0,,,
ES057C,Santa Lucía de Tirajana,ES,12,0.9537037037037037,1.0,0.9166666666666666,0.9166666666666666,0.125,1.0,1.0,1.0,1.0,1.0,1.0,1.0,1.0,1.0,1.0,0.4444444444444444,1.0,,,
ES058C,Mollet del Vallès (greater city),ES,12,0.9537037037037037,1.0,0.9166666666666666,0.9166666666666666,0.125,1.0,1.0,1.0,1.0,1.0,1.0,1.0,1.0,1.0,1.0,0.4444444444444444,1.0,,,
ES059C,Granada (greater city),ES,12,0.9351851851851851,1.0,0.9166666666666666,0.8333333333333334,0.12727272727272726,1.0,1.0,1.0,1.0,1.0,0.7777777777777778,1.0,1.0,1.0,1.0,0.4444444444444444,1.0,,,
ES060C,Elche/Elx,ES,12,0.9722222222222222,1.0,0.9166666666666666,0.9166666666666666,0.11864406779661017,1.0,1.0,1.0,1.0,1.0,1.0,1.0,1.0,1.0,1.0,0.6666666666666666,1.0,,,
ES061C,Cartagena,ES,12,0.9722222222222222,1.0,0.9166666666666666,0.9166666666666666,0.11864406779661017,1.0,1.0,1.0,1.0,1.0,1.0,1.0,1.0,1.0,1.0,0.6666666666666666,1.0,,,
ES062C,Jerez de la Frontera,ES,12,0.9722222222222222,1.0,0.9166666666666666,0.9166666666666666,0.11864406779661017,1.0,1.0,1.0,1.0,1.0,1.0,1.0,1.0,1.0,1.0,0.6666666666666666,1.0,,,
ES063C,San Sebastián/Donostia (greater city),ES,12,0.9722222222222222,1.0,0.9166666666666666,0.9166666666666666,0.11864406779661017,1.0,1.0,1.0,1.0,1.0,1.0,1.0,1.0,1.0,1.0,0.6666666666666666,1.0,,,
ES064C,Alcalá de Henares,ES,12,0.9722222222222222,1.0,0.9166666666666666,0.9166666666666666,0.12173913043478261,1.0,1.0,1.0,1.0,1.0,1.0,1.0,1.0,1.0,1.0,0.6666666666666666,1.0,,,
ES065C,Almería (greater city),ES,12,0.9722222222222222,1.0,0.9166666666666666,0.9166666666666666,0.11864406779661017,1.0,1.0,1.0,1.0,1.0,1.0,1.0,1.0,1.0,1.0,0.6666666666666666,1.0,,,
ES066C,Burgos,ES,12,0.9722222222222222,1.0,0.9166666666666666,0.9166666666666666,0.11864406779661017,1.0,1.0,1.0,1.0,1.0,1.0,1.0,1.0,1.0,1.0,0.6666666666666666,1.0,,,
ES067C,Salamanca (greater city),ES,12,0.9722222222222222,1.0,0.9166666666666666,0.9166666666666666,0.11864406779661017,1.0,1.0,1.0,1.0,1.0,1.0,1.0,1.0,1.0,1.0,0.6666666666666666,1.0,,,
ES068C,Albacete,ES,12,0.9722222222222222,1.0,0.9166666666666666,0.9166666666666666,0.11864406779661017,1.0,1.0,1.0,1.0,1.0,1.0,1.0,1.0,1.0,1.0,0.6666666666666666,1.0,,,
ES069C,Castellón de la Plana/Castelló de la Plana,ES,12,0.9722222222222222,1.0,0.9166666666666666,0.9166666666666666,0.11864406779661017,1.0,1.0,1.0,1.0,1.0,1.0,1.0,1.0,1.0,1.0,0.6666666666666666,1.0,,,
ES070C,Huelva,ES,12,0.9537037037037037,1.0,0.9166666666666666,0.9166666666666666,0.125,1.0,1.0,1.0,1.0,1.0,1.0,1.0,1.0,1.0,1.0,0.4444444444444444,1.0,,,
ES071C,Cádiz,ES,12,0.9722222222222222,1.0,0.9166666666666666,0.9166666666666666,0.11864406779661017,1.0,1.0,1.0,1.0,1.0,1.0,1.0,1.0,1.0,1.0,0.6666666666666666,1.0,,,
ES072C,León (greater city),ES,12,0.9722222222222222,1.0,0.9166666666666666,0.9166666666666666,0.11864406779661017,1.0,1.0,1.0,1.0,1.0,1.0,1.0,1.0,1.0,1.0,0.6666666666666666,1.0,,,
ES073C,Tarragona (greater city),ES,12,0.9722222222222222,1.0,0.9166666666666666,0.9166666666666666,0.11864406779661017,1.0,1.0,1.0,1.0,1.0,1.0,1.0,1.0,1.0,1.0,0.6666666666666666,1.0,,,
ES074C,Jaén,ES,12,0.9722222222222222,1.0,0.9166666666666666,0.9166666666666666,0.12280701754385964,1.0,1.0,1.0,1.0,1.0,1.0,1.0,1.0,1.0,1.0,0.6666666666666666,1.0,,,
ES075C,Lleida,ES,12,0.9722222222222222,1.0,0.9166666666666666,0.9166666666666666,0.11864406779661017,1.0,1.0,1.0,1.0,1.0,1.0,1.0,1.0,1.0,1.0,0.6666666666666666,1.0,,,
ES076C,Ourense (greater city),ES,12,0.9722222222222222,1.0,0.9166666666666666,0.9166666666666666,0.11864406779661017,1.0,1.0,1.0,1.0,1.0,1.0,1.0,1.0,1.0,1.0,0.6666666666666666,1.0,,,
ES077C,Mataró,ES,12,0.9537037037037037,1.0,0.9166666666666666,0.9166666666666666,0.125,1.0,1.0,1.0,1.0,1.0,1.0,1.0,1.0,1.0,1.0,0.4444444444444444,1.0,,,
ES078C,Dos Hermanas,ES,12,0.9537037037037037,1.0,0.9166666666666666,0.9166666666666666,0.125,1.0,1.0,1.0,1.0,1.0,1.0,1.0,1.0,1.0,1.0,0.4444444444444444,1.0,,,
ES079C,Algeciras,ES,12,0.9722222222222222,1.0,0.9166666666666666,0.9166666666666666,0.1206896551724138,1.0,1.0,1.0,1.0,1.0,1.0,1.0,1.0,1.0,1.0,0.6666666666666666,1.0,,,
ES080C,Marbella,ES,12,0.9722222222222222,1.0,0.9166666666666666,0.9166666666666666,0.11864406779661017,1.0,1.0,1.0,1.0,1.0,1.0,1.0,1.0,1.0,1.0,0.6666666666666666,1.0,,,
ES081C,Torrejón de Ardoz,ES,12,0.9537037037037037,1.0,0.9166666666666666,0.9166666666666666,0.125,1.0,1.0,1.0,1.0,1.0,1.0,1.0,1.0,1.0,1.0,0.4444444444444444,1.0,,,
ES082C,Alcalá de Guadaíra,ES,12,0.9537037037037037,1.0,0.9166666666666666,0.9166666666666666,0.125,1.0,1.0,1.0,1.0,1.0,1.0,1.0,1.0,1.0,1.0,0.4444444444444444,1.0,,,
ES083C,Alcoy,ES,12,0.9537037037037037,1.0,0.9166666666666666,0.9166666666666666,0.125,1.0,1.0,1.0,1.0,1.0,1.0,1.0,1.0,1.0,1.0,0.4444444444444444,1.0,,,
ES084C,Ávila,ES,12,0.9722222222222222,1.0,0.9166666666666666,0.9166666666666666,0.11864406779661017,1.0,1.0,1.0,1.0,1.0,1.0,1.0,1.0,1.0,1.0,0.6666666666666666,1.0,,,
ES085C,Benalmádena,ES,12,0.9722222222222222,1.0,0.9166666666666666,0.9166666666666666,0.11864406779661017,1.0,1.0,1.0,1.0,1.0,1.0,1.0,1.0,1.0,1.0,0.6666666666666666,1.0,,,
ES086C,Chiclana de la Frontera,ES,12,0.9722222222222222,1.0,0.9166666666666666,0.9166666666666666,0.11965811965811966,1.0,1.0,1.0,1.0,1.0,1.0,1.0,1.0,1.0,1.0,0.6666666666666666,1.0,,,
ES087C,Collado Villalba,ES,12,0.9537037037037037,1.0,0.9166666666666666,0.9166666666666666,0.125,1.0,1.0,1.0,1.0,1.0,1.0,1.0,1.0,1.0,1.0,0.4444444444444444,1.0,,,
ES088C,Cuenca,ES,12,0.9722222222222222,1.0,0.9166666666666666,0.9166666666666666,0.11864406779661017,1.0,1.0,1.0,1.0,1.0,1.0,1.0,1.0,1.0,1.0,0.6666666666666666,1.0,,,
ES089C,Eivissa,ES,12,0.9722222222222222,1.0,0.9166666666666666,0.9166666666666666,0.11965811965811966,1.0,1.0,1.0,1.0,1.0,1.0,1.0,1.0,1.0,1.0,0.6666666666666666,1.0,,,
ES090C,Linares,ES,12,0.9537037037037037,1.0,0.9166666666666666,0.9166666666666666,0.125,1.0,1.0,1.0,1.0,1.0,1.0,1.0,1.0,1.0,1.0,0.4444444444444444,1.0,,,
ES091C,Lorca,ES,12,0.9537037037037037,1.0,0.9166666666666666,0.9166666666666666,0.125,1.0,1.0,1.0,1.0,1.0,1.0,1.0,1.0,1.0,1.0,0.4444444444444444,1.0,,,
ES092C,Mérida,ES,12,0.9722222222222222,1.0,0.9166666666666666,0.9166666666666666,0.11965811965811966,1.0,1.0,1.0,1.0,1.0,1.0,1.0,1.0,1.0,1.0,0.6666666666666666,1.0,,,
ES093C,Sagunto (greater city),ES,12,0.9537037037037037,1.0,0.9166666666666666,0.9166666666666666,0.125,1.0,1.0,1.0,1.0,1.0,1.0,1.0,1.0,1.0,1.0,0.4444444444444444,1.0,,,
ES094C,Torrelavega,ES,12,0.9537037037037037,1.0,0.9166666666666666,0.9166666666666666,0.125,1.0,1.0,1.0,1.0,1.0,1.0,1.0,1.0,1.0,1.0,0.4444444444444444,1.0,,,
ES095C,Valdemoro,ES,12,0.9537037037037037,1.0,0.9166666666666666,0.9166666666666666,0.125,1.0,1.0,1.0,1.0,1.0,1.0,1.0,1.0,1.0,1.0,0.4444444444444444,1.0,,,
ES096C,Puerto de la Cruz (greater city),ES,12,0.9351851851851851,1.0,0.9166666666666666,0.8333333333333334,0.12962962962962962,1.0,1.0,1.0,1.0,1.0,0.7777777777777778,1.0,1.0,1.0,1.0,0.4444444444444444,1.0,,,
ES097C,Igualada (greater city),ES,12,0.9351851851851851,1.0,0.9166666666666666,0.8333333333333334,0.12962962962962962,1.0,1.0,1.0,1.0,1.0,0.7777777777777778,1.0,1.0,1.0,1.0,0.4444444444444444,1.0,,,
ES098C,San Vicente del Raspeig/Sant Vicent del Raspeig,ES,12,0.9537037037037037,1.0,0.9166666666666666,0.9166666666666666,0.125,1.0,1.0,1.0,1.0,1.0,1.0,1.0,1.0,1.0,1.0,0.4444444444444444,1.0,,,
FI001C,Helsinki/Helsingfors,FI,12,0.9722222222222222,1.0,0.9166666666666666,0.9166666666666666,0.0,1.0,1.0,1.0,1.0,1.0,1.0,1.0,1.0,1.0,1.0,0.6666666666666666,1.0,,,
FI002C,Tampere/Tammerfors,FI,12,0.9722222222222222,1.0,0.9166666666666666,0.9166666666666666,0.0,1.0,1.0,1.0,1.0,1.0,1.0,1.0,1.0,1.0,1.0,0.6666666666666666,1.0,,,
FI003C,Turku/Åbo,FI,12,0.9722222222222222,1.0,0.9166666666666666,0.9166666666666666,0.0,1.0,1.0,1.0,1.0,1.0,1.0,1.0,1.0,1.0,1.0,0.6666666666666666,1.0,,,
FI004C,Oulu/Uleåborg,FI,12,0.9722222222222222,1.0,0.9166666666666666,0.9166666666666666,0.0,1.0,1.0,1.0,1.0,1.0,1.0,1.0,1.0,1.0,1.0,0.6666666666666666,1.0,,,
FI005C,Espoo/Esbo,FI,12,0.9722222222222222,1.0,0.9166666666666666,0.9166666666666666,0.0,1.0,1.0,1.0,1.0,1.0,1.0,1.0,1.0,1.0,1.0,0.6666666666666666,1.0,,,
FI006C,Vantaa/Vanda,FI,12,0.9722222222222222,1.0,0.9166666666666666,0.9166666666666666,0.0,1.0,1.0,1.0,1.0,1.0,1.0,1.0,1.0,1.0,1.0,0.6666666666666666,1.0,,,
FI007C,Lahti/Lahtis,FI,12,0.9722222222222222,1.0,0.9166666666666666,0.9166666666666666,0.0,1.0,1.0,1.0,1.0,1.0,1.0,1.0,1.0,1.0,1.0,0.6666666666666666,1.0,,,
FI008C,Kuopio,FI,12,0.9722222222222222,1.0,0.9166666666666666,0.9166666666666666,0.0,1.0,1.0,1.0,1.0,1.0,1.0,1.0,1.0,1.0,1.0,0.6666666666666666,1.0,,,
FI009C,Jyväskylä,FI,12,0.9722222222222222,1.0,0.9166666666666666,0.9166666666666666,0.0,1.0,1.0,1.0,1.0,1.0,1.0,1.0,1.0,1.0,1.0,0.6666666666666666,1.0,,,
FR001C,Paris (greater city),FR,12,0.8935185185185185,0.8888888888888888,0.9166666666666666,0.3333333333333333,0.16551724137931034,1.0,0.5,1.0,1.0,1.0,0.8888888888888888,0.8888888888888888,0.8888888888888888,0.8888888888888888,0.8888888888888888,0.8888888888888888,0.8888888888888888,,,
FR002C,Lyon (greater city),FR,12,0.8935185185185185,0.8888888888888888,0.9166666666666666,0.3333333333333333,0.16551724137931034,1.0,0.5,1.0,1.0,1.0,0.8888888888888888,0.8888888888888888,0.8888888888888888,0.8888888888888888,0.8888888888888888,0.8888888888888888,0.8888888888888888,,,
FR003C,Lille (greater city),FR,12,0.8935185185185185,0.8888888888888888,0.9166666666666666,0.3333333333333333,0.16551724137931034,1.0,0.5,1.0,1.0,1.0,0.8888888888888888,0.8888888888888888,0.8888888888888888,0.8888888888888888,0.8888888888888888,0.8888888888888888,0.8888888888888888,,,
FR004C,Marseille (greater city),FR,12,0.8935185185185185,0.8888888888888888,0.9166666666666666,0.3333333333333333,0.16551724137931034,1.0,0.5,1.0,1.0,1.0,0.8888888888888888,0.8888888888888888,0.8888888888888888,0.8888888888888888,0.8888888888888888,0.8888888888888888,0.8888888888888888,,,
FR005C,Bordeaux (greater city),FR,12,0.8935185185185185,0.8888888888888888,0.9166666666666666,0.3333333333333333,0.16551724137931034,1.0,0.5,1.0,1.0,1.0,0.8888888888888888,0.8888888888888888,0.8888888888888888,0.8888888888888888,0.8888888888888888,0.8888888888888888,0.8888888888888888,,,
FR006C,Toulouse (greater city),FR,12,0.8935185185185185,0.8888888888888888,0.9166666666666666,0.3333333333333333,0.16551724137931034,1.0,0.5,1.0,1.0,1.0,0.8888888888888888,0.8888888888888888,0.8888888888888888,0.8888888888888888,0.8888888888888888,0.8888888888888888,0.8888888888888888,,,
FR007C,Nantes (greater city),FR,12,0.8935185185185185,0.8888888888888888,0.9166666666666666,0.3333333333333333,0.16551724137931034,1.0,0.5,1.0,1.0,1.0,0.8888888888888888,0.8888888888888888,0.8888888888888888,0.8888888888888888,0.8888888888888888,0.8888888888888888,0.8888888888888888,,,
FR008C,Nice (greater city),FR,12,0.8935185185185185,0.8888888888888888,0.9166666666666666,0.3333333333333333,0.16551724137931034,1.0,0.5,1.0,1.0,1.0,0.8888888888888888,0.8888888888888888,0.8888888888888888,0.8888888888888888,0.8888888888888888,0.8888888888888888,0.8888888888888888,,,
FR009C,Strasbourg (greater city),FR,12,0.8935185185185185,0.8888888888888888,0.9166666666666666,0.3333333333333333,0.16551724137931034,1.0,0.5,1.0,1.0,1.0,0.8888888888888888,0.8888888888888888,0.8888888888888888,0.8888888888888888,0.8888888888888888,0.8888888888888888,0.8888888888888888,,,
FR010C,Rouen (greater city),FR,12,0.8935185185185185,0.8888888888888888,0.9166666666666666,0.3333333333333333,0.16551724137931034,1.0,0.5,1.0,1.0,1.0,0.8888888888888888,0.8888888888888888,0.8888888888888888,0.8888888888888888,0.8888888888888888,0.8888888888888888,0.8888888888888888,,,
FR011C,Montpellier (greater city),FR,12,0.8935185185185185,0.8888888888888888,0.9166666666666666,0.3333333333333333,0.16551724137931034,1.0,0.5,1.0,1.0,1.0,0.8888888888888888,0.8888888888888888,0.8888888888888888,0.8888888888888888,0.8888888888888888,0.8888888888888888,0.8888888888888888,,,
FR012C,Grenoble (greater city),FR,12,0.8935185185185185,0.8888888888888888,0.9166666666666666,0.3333333333333333,0.16551724137931034,1.0,0.5,1.0,1.0,1.0,0.8888888888888888,0.8888888888888888,0.8888888888888888,0.8888888888888888,0.8888888888888888,0.8888888888888888,0.8888888888888888,,,
FR013C,Tours (greater city),FR,12,0.8935185185185185,0.8888888888888888,0.9166666666666666,0.3333333333333333,0.16551724137931034,1.0,0.5,1.0,1.0,1.0,0.8888888888888888,0.8888888888888888,0.8888888888888888,0.8888888888888888,0.8888888888888888,0.8888888888888888,0.8888888888888888,,,
FR014C,Cannes-Antibes (greater city),FR,12,0.8935185185185185,0.8888888888888888,0.9166666666666666,0.3333333333333333,0.16551724137931034,1.0,0.5,1.0,1.0,1.0,0.8888888888888888,0.8888888888888888,0.8888888888888888,0.8888888888888888,0.8888888888888888,0.8888888888888888,0.8888888888888888,,,
FR015C,Toulon (greater city),FR,12,0.8935185185185185,0.8888888888888888,0.9166666666666666,0.3333333333333333,0.16551724137931034,1.0,0.5,1.0,1.0,1.0,0.8888888888888888,0.8888888888888888,0.8888888888888888,0.8888888888888888,0.8888888888888888,0.8888888888888888,0.8888888888888888,,,
FR016C,Rennes (greater city),FR,12,0.8935185185185185,0.8888888888888888,0.9166666666666666,0.3333333333333333,0.16551724137931034,1.0,0.5,1.0,1.0,1.0,0.8888888888888888,0.8888888888888888,0.8888888888888888,0.8888888888888888,0.8888888888888888,0.8888888888888888,0.8888888888888888,,,
FR017C,Reims (greater city),FR,12,0.8935185185185185,0.8888888888888888,0.9166666666666666,0.3333333333333333,0.16551724137931034,1.0,0.5,1.0,1.0,1.0,0.8888888888888888,0.8888888888888888,0.8888888888888888,0.8888888888888888,0.8888888888888888,0.8888888888888888,0.8888888888888888,,,
FR018C,Orléans (greater city),FR,12,0.8935185185185185,0.8888888888888888,0.9166666666666666,0.3333333333333333,0.16551724137931034,1.0,0.5,1.0,1.0,1.0,0.8888888888888888,0.8888888888888888,0.8888888888888888,0.8888888888888888,0.8888888888888888,0.8888888888888888,0.8888888888888888,,,
FR019C,Nancy (greater city),FR,12,0.8935185185185185,0.8888888888888888,0.9166666666666666,0.3333333333333333,0.16551724137931034,1.0,0.5,1.0,1.0,1.0,0.8888888888888888,0.8888888888888888,0.8888888888888888,0.8888888888888888,0.8888888888888888,0.8888888888888888,0.8888888888888888,,,
FR020C,Dijon (greater city),FR,12,0.8935185185185185,0.8888888888888888,0.9166666666666666,0.3333333333333333,0.16551724137931034,1.0,0.5,1.0,1.0,1.0,0.8888888888888888,0.8888888888888888,0.8888888888888888,0.8888888888888888,0.8888888888888888,0.8888888888888888,0.8888888888888888,,,
FR021C,Clermont-Ferrand (greater city),FR,12,0.8935185185185185,0.8888888888888888,0.9166666666666666,0.3333333333333333,0.16551724137931034,1.0,0.5,1.0,1.0,1.0,0.8888888888888888,0.8888888888888888,0.8888888888888888,0.8888888888888888,0.8888888888888888,0.8888888888888888,0.8888888888888888,,,
FR022C,Le Havre (greater city),FR,12,0.8935185185185185,0.8888888888888888,0.9166666666666666,0.3333333333333333,0.16551724137931034,1.0,0.5,1.0,1.0,1.0,0.8888888888888888,0.8888888888888888,0.8888888888888888,0.8888888888888888,0.8888888888888888,0.8888888888888888,0.8888888888888888,,,
FR023C,Saint-Étienne (greater city),FR,12,0.8935185185185185,0.8888888888888888,0.9166666666666666,0.3333333333333333,0.16551724137931034,1.0,0.5,1.0,1.0,1.0,0.8888888888888888,0.8888888888888888,0.8888888888888888,0.8888888888888888,0.8888888888888888,0.8888888888888888,0.8888888888888888,,,
FR024C,Angers (greater city),FR,12,0.8935185185185185,0.8888888888888888,0.9166666666666666,0.3333333333333333,0.16551724137931034,1.0,0.5,1.0,1.0,1.0,0.8888888888888888,0.8888888888888888,0.8888888888888888,0.8888888888888888,0.8888888888888888,0.8888888888888888,0.8888888888888888,,,
FR025C,Mulhouse (greater city),FR,12,0.8935185185185185,0.8888888888888888,0.9166666666666666,0.3333333333333333,0.16551724137931034,1.0,0.5,1.0,1.0,1.0,0.8888888888888888,0.8888888888888888,0.8888888888888888,0.8888888888888888,0.8888888888888888,0.8888888888888888,0.8888888888888888,,,
FR026C,Lens (greater city),FR,12,0.8935185185185185,0.8888888888888888,0.9166666666666666,0.3333333333333333,0.16551724137931034,1.0,0.5,1.0,1.0,1.0,0.8888888888888888,0.8888888888888888,0.8888888888888888,0.8888888888888888,0.8888888888888888,0.8888888888888888,0.8888888888888888,,,
FR027C,Metz (greater city),FR,12,0.8935185185185185,0.8888888888888888,0.9166666666666666,0.3333333333333333,0.16551724137931034,1.0,0.5,1.0,1.0,1.0,0.8888888888888888,0.8888888888888888,0.8888888888888888,0.8888888888888888,0.8888888888888888,0.8888888888888888,0.8888888888888888,,,
FR028C,Nîmes,FR,12,0.8935185185185185,0.8888888888888888,0.9166666666666666,0.3333333333333333,0.16551724137931034,1.0,0.5,1.0,1.0,1.0,0.8888888888888888,0.8888888888888888,0.8888888888888888,0.8888888888888888,0.8888888888888888,0.8888888888888888,0.8888888888888888,,,
FR029C,Le Mans (greater city),FR,12,0.8935185185185185,0.8888888888888888,0.9166666666666666,0.3333333333333333,0.16551724137931034,1.0,0.5,1.0,1.0,1.0,0.8888888888888888,0.8888888888888888,0.8888888888888888,0.8888888888888888,0.8888888888888888,0.8888888888888888,0.8888888888888888,,,
FR030C,Saint-Denis,FR,12,0.8935185185185185,0.8888888888888888,0.9166666666666666,0.3333333333333333,0.1357142857142857,1.0,0.5,1.0,1.0,1.0,0.8888888888888888,0.8888888888888888,0.8888888888888888,0.8888888888888888,0.8888888888888888,0.8888888888888888,0.8888888888888888,,,
FR031C,Caen (greater city),FR,12,0.8935185185185185,0.8888888888888888,0.9166666666666666,0.3333333333333333,0.16551724137931034,1.0,0.5,1.0,1.0,1.0,0.8888888888888888,0.8888888888888888,0.8888888888888888,0.8888888888888888,0.8888888888888888,0.8888888888888888,0.8888888888888888,,,
FR032C,Limoges (greater city),FR,12,0.8935185185185185,0.8888888888888888,0.9166666666666666,0.3333333333333333,0.16551724137931034,1.0,0.5,1.0,1.0,1.0,0.8888888888888888,0.8888888888888888,0.8888888888888888,0.8888888888888888,0.8888888888888888,0.8888888888888888,0.8888888888888888,,,
FR033C,Aix-en-Provence,FR,12,0.8935185185185185,0.8888888888888888,0.9166666666666666,0.3333333333333333,0.16551724137931034,1.0,0.5,1.0,1.0,1.0,0.8888888888888888,0.8888888888888888,0.8888888888888888,0.8888888888888888,0.8888888888888888,0.8888888888888888,0.8888888888888888,,,
FR034C,Brest,FR,12,0.8935185185185185,0.8888888888888888,0.9166666666666666,0.3333333333333333,0.16551724137931034,1.0,0.5,1.0,1.0,1.0,0.8888888888888888,0.8888888888888888,0.8888888888888888,0.8888888888888888,0.8888888888888888,0.8888888888888888,0.8888888888888888,,,
FR035C,Amiens (greater city),FR,12,0.8935185185185185,0.8888888888888888,0.9166666666666666,0.3333333333333333,0.16551724137931034,1.0,0.5,1.0,1.0,1.0,0.8888888888888888,0.8888888888888888,0.8888888888888888,0.8888888888888888,0.8888888888888888,0.8888888888888888,0.8888888888888888,,,
FR036C,Dunkerque (greater city),FR,12,0.8935185185185185,0.8888888888888888,0.9166666666666666,0.3333333333333333,0.16551724137931034,1.0,0.5,1.0,1.0,1.0,0.8888888888888888,0.8888888888888888,0.8888888888888888,0.8888888888888888,0.8888888888888888,0.8888888888888888,0.8888888888888888,,,
FR037C,Perpignan (greater city),FR,12,0.8935185185185185,0.8888888888888888,0.9166666666666666,0.3333333333333333,0.16551724137931034,1.0,0.5,1.0,1.0,1.0,0.8888888888888888,0.8888888888888888,0.8888888888888888,0.8888888888888888,0.8888888888888888,0.8888888888888888,0.8888888888888888,,,
FR038C,Annecy (greater city),FR,12,0.8935185185185185,0.8888888888888888,0.9166666666666666,0.3333333333333333,0.16551724137931034,1.0,0.5,1.0,1.0,1.0,0.8888888888888888,0.8888888888888888,0.8888888888888888,0.8888888888888888,0.8888888888888888,0.8888888888888888,0.8888888888888888,,,
FR039C,Besançon,FR,12,0.8935185185185185,0.8888888888888888,0.9166666666666666,0.3333333333333333,0.16551724137931034,1.0,0.5,1.0,1.0,1.0,0.8888888888888888,0.8888888888888888,0.8888888888888888,0.8888888888888888,0.8888888888888888,0.8888888888888888,0.8888888888888888,,,
FR040C,Bayonne (greater city),FR,12,0.8935185185185185,0.8888888888888888,0.9166666666666666,0.3333333333333333,0.16551724137931034,1.0,0.5,1.0,1.0,1.0,0.8888888888888888,0.8888888888888888,0.8888888888888888,0.8888888888888888,0.8888888888888888,0.8888888888888888,0.8888888888888888,,,
FR041C,La Seyne-sur-Mer (greater city),FR,12,0.8935185185185185,0.8888888888888888,0.9166666666666666,0.3333333333333333,0.16551724137931034,1.0,0.5,1.0,1.0,1.0,0.8888888888888888,0.8888888888888888,0.8888888888888888,0.8888888888888888,0.8888888888888888,0.8888888888888888,0.8888888888888888,,,
FR042C,Pau (greater city),FR,12,0.8935185185185185,0.8888888888888888,0.9166666666666666,0.3333333333333333,0.16551724137931034,1.0,0.5,1.0,1.0,1.0,0.8888888888888888,0.8888888888888888,0.8888888888888888,0.8888888888888888,0.8888888888888888,0.8888888888888888,0.8888888888888888,,,
FR043C,Avignon (greater city),FR,12,0.8935185185185185,0.8888888888888888,0.9166666666666666,0.3333333333333333,0.16551724137931034,1.0,0.5,1.0,1.0,1.0,0.8888888888888888,0.8888888888888888,0.8888888888888888,0.8888888888888888,0.8888888888888888,0.8888888888888888,0.8888888888888888,,,
FR044C,Troyes (greater city),FR,12,0.8935185185185185,0.8888888888888888,0.9166666666666666,0.3333333333333333,0.16551724137931034,1.0,0.5,1.0,1.0,1.0,0.8888888888888888,0.8888888888888888,0.8888888888888888,0.8888888888888888,0.8888888888888888,0.8888888888888888,0.8888888888888888,,,
FR045C,Valenciennes (greater city),FR,12,0.8935185185185185,0.8888888888888888,0.9166666666666666,0.3333333333333333,0.16551724137931034,1.0,0.5,1.0,1.0,1.0,0.8888888888888888,0.8888888888888888,0.8888888888888888,0.8888888888888888,0.8888888888888888,0.8888888888888888,0.8888888888888888,,,
FR046C,Fort-de-France (greater city),FR,12,0.8935185185185185,0.8888888888888888,0.9166666666666666,0.3333333333333333,0.1357142857142857,1.0,0.5,1.0,1.0,1.0,0.8888888888888888,0.8888888888888888,0.8888888888888888,0.8888888888888888,0.8888888888888888,0.8888888888888888,0.8888888888888888,,,
FR047C,Poitiers (greater city),FR,12,0.8935185185185185,0.8888888888888888,0.9166666666666666,0.3333333333333333,0.16551724137931034,1.0,0.5,1.0,1.0,1.0,0.8888888888888888,0.8888888888888888,0.8888888888888888,0.8888888888888888,0.8888888888888888,0.8888888888888888,0.8888888888888888,,,
FR048C,Valence (greater city),FR,12,0.8935185185185185,0.8888888888888888,0.9166666666666666,0.3333333333333333,0.16551724137931034,1.0,0.5,1.0,1.0,1.0,0.8888888888888888,0.8888888888888888,0.8888888888888888,0.8888888888888888,0.8888888888888888,0.8888888888888888,0.8888888888888888,,,
FR049C,Fréjus (greater city),FR,12,0.8935185185185185,0.8888888888888888,0.9166666666666666,0.3333333333333333,0.16551724137931034,1.0,0.5,1.0,1.0,1.0,0.8888888888888888,0.8888888888888888,0.8888888888888888,0.8888888888888888,0.8888888888888888,0.8888888888888888,0.8888888888888888,,,
FR050C,Chambéry (greater city),FR,12,0.8935185185185185,0.8888888888888888,0.9166666666666666,0.3333333333333333,0.16551724137931034,1.0,0.5,1.0,1.0,1.0,0.8888888888888888,0.8888888888888888,0.8888888888888888,0.8888888888888888,0.8888888888888888,0.8888888888888888,0.8888888888888888,,,
FR051C,Mantes-la-Jolie (greater city),FR,12,0.8935185185185185,0.8888888888888888,0.9166666666666666,0.3333333333333333,0.16551724137931034,1.0,0.5,1.0,1.0,1.0,0.8888888888888888,0.8888888888888888,0.8888888888888888,0.8888888888888888,0.8888888888888888,0.8888888888888888,0.8888888888888888,,,
FR052C,Douai (greater city),FR,12,0.8935185185185185,0.8888888888888888,0.9166666666666666,0.3333333333333333,0.16551724137931034,1.0,0.5,1.0,1.0,1.0,0.8888888888888888,0.8888888888888888,0.8888888888888888,0.8888888888888888,0.8888888888888888,0.8888888888888888,0.8888888888888888,,,
FR053C,Melun (greater city),FR,12,0.8935185185185185,0.8888888888888888,0.9166666666666666,0.3333333333333333,0.16551724137931034,1.0,0.5,1.0,1.0,1.0,0.8888888888888888,0.8888888888888888,0.8888888888888888,0.8888888888888888,0.8888888888888888,0.8888888888888888,0.8888888888888888,,,
FR054C,La Rochelle (greater city),FR,12,0.8935185185185185,0.8888888888888888,0.9166666666666666,0.3333333333333333,0.16551724137931034,1.0,0.5,1.0,1.0,1.0,0.8888888888888888,0.8888888888888888,0.8888888888888888,0.8888888888888888,0.8888888888888888,0.8888888888888888,0.8888888888888888,,,
FR055C,Lorient (greater city),FR,12,0.8935185185185185,0.8888888888888888,0.9166666666666666,0.3333333333333333,0.16551724137931034,1.0,0.5,1.0,1.0,1.0,0.8888888888888888,0.8888888888888888,0.8888888888888888,0.8888888888888888,0.8888888888888888,0.8888888888888888,0.8888888888888888,,,
FR056C,Cherbourg-en-Cotentin,FR,12,0.8935185185185185,0.8888888888888888,0.9166666666666666,0.3333333333333333,0.16551724137931034,1.0,0.5,1.0,1.0,1.0,0.8888888888888888,0.8888888888888888,0.8888888888888888,0.8888888888888888,0.8888888888888888,0.8888888888888888,0.8888888888888888,,,
FR057C,Béziers,FR,12,0.8935185185185185,0.8888888888888888,0.9166666666666666,0.3333333333333333,0.16551724137931034,1.0,0.5,1.0,1.0,1.0,0.8888888888888888,0.8888888888888888,0.8888888888888888,0.8888888888888888,0.8888888888888888,0.8888888888888888,0.8888888888888888,,,
FR058C,Chartres (greater city),FR,12,0.8935185185185185,0.8888888888888888,0.9166666666666666,0.3333333333333333,0.16551724137931034,1.0,0.5,1.0,1.0,1.0,0.8888888888888888,0.8888888888888888,0.8888888888888888,0.8888888888888888,0.8888888888888888,0.8888888888888888,0.8888888888888888,,,
FR059C,Creil (greater city),FR,12,0.8935185185185185,0.8888888888888888,0.9166666666666666,0.3333333333333333,0.16551724137931034,1.0,0.5,1.0,1.0,1.0,0.8888888888888888,0.8888888888888888,0.8888888888888888,0.8888888888888888,0.8888888888888888,0.8888888888888888,0.8888888888888888,,,
FR060C,Boulogne-sur-Mer (greater city),FR,12,0.8935185185185185,0.8888888888888888,0.9166666666666666,0.3333333333333333,0.16551724137931034,1.0,0.5,1.0,1.0,1.0,0.8888888888888888,0.8888888888888888,0.8888888888888888,0.8888888888888888,0.8888888888888888,0.8888888888888888,0.8888888888888888,,,
FR061C,Calais (greater city),FR,12,0.8935185185185185,0.8888888888888888,0.9166666666666666,0.3333333333333333,0.16551724137931034,1.0,0.5,1.0,1.0,1.0,0.8888888888888888,0.8888888888888888,0.8888888888888888,0.8888888888888888,0.8888888888888888,0.8888888888888888,0.8888888888888888,,,
FR062C,Mamoudzou,FR,12,0.8935185185185185,0.8888888888888888,0.9166666666666666,0.3333333333333333,0.047619047619047616,1.0,0.5,1.0,1.0,1.0,0.8888888888888888,0.8888888888888888,0.8888888888888888,0.8888888888888888,0.8888888888888888,0.8888888888888888,0.8888888888888888,,,
FR063C,Montbéliard (greater city),FR,12,0.8935185185185185,0.8888888888888888,0.9166666666666666,0.3333333333333333,0.16551724137931034,1.0,0.5,1.0,1.0,1.0,0.8888888888888888,0.8888888888888888,0.8888888888888888,0.8888888888888888,0.8888888888888888,0.8888888888888888,0.8888888888888888,,,
FR064C,Arras (greater city),FR,12,0.8935185185185185,0.8888888888888888,0.9166666666666666,0.3333333333333333,0.16551724137931034,1.0,0.5,1.0,1.0,1.0,0.8888888888888888,0.8888888888888888,0.8888888888888888,0.8888888888888888,0.8888888888888888,0.8888888888888888,0.8888888888888888,,,
FR065C,Colmar (greater city),FR,12,0.8935185185185185,0.8888888888888888,0.9166666666666666,0.3333333333333333,0.16551724137931034,1.0,0.5,1.0,1.0,1.0,0.8888888888888888,0.8888888888888888,0.8888888888888888,0.8888888888888888,0.8888888888888888,0.8888888888888888,0.8888888888888888,,,
FR066C,Martigues (greater city),FR,12,0.8935185185185185,0.8888888888888888,0.9166666666666666,0.3333333333333333,0.16551724137931034,1.0,0.5,1.0,1.0,1.0,0.8888888888888888,0.8888888888888888,0.8888888888888888,0.8888888888888888,0.8888888888888888,0.8888888888888888,0.8888888888888888,,,
FR067C,Meaux (greater city),FR,12,0.8935185185185185,0.8888888888888888,0.9166666666666666,0.3333333333333333,0.16551724137931034,1.0,0.5,1.0,1.0,1.0,0.8888888888888888,0.8888888888888888,0.8888888888888888,0.8888888888888888,0.8888888888888888,0.8888888888888888,0.8888888888888888,,,
FR068C,Bourges,FR,12,0.8935185185185185,0.8888888888888888,0.9166666666666666,0.3333333333333333,0.16551724137931034,1.0,0.5,1.0,1.0,1.0,0.8888888888888888,0.8888888888888888,0.8888888888888888,0.8888888888888888,0.8888888888888888,0.8888888888888888,0.8888888888888888,,,
FR069C,Saint-Brieuc (greater city),FR,12,0.8935185185185185,0.8888888888888888,0.9166666666666666,0.3333333333333333,0.16551724137931034,1.0,0.5,1.0,1.0,1.0,0.8888888888888888,0.8888888888888888,0.8888888888888888,0.8888888888888888,0.8888888888888888,0.8888888888888888,0.8888888888888888,,,
FR070C,Quimper,FR,12,0.8935185185185185,0.8888888888888888,0.9166666666666666,0.3333333333333333,0.16551724137931034,1.0,0.5,1.0,1.0,1.0,0.8888888888888888,0.8888888888888888,0.8888888888888888,0.8888888888888888,0.8888888888888888,0.8888888888888888,0.8888888888888888,,,
FR071C,Belfort (greater city),FR,12,0.8935185185185185,0.8888888888888888,0.9166666666666666,0.3333333333333333,0.16551724137931034,1.0,0.5,1.0,1.0,1.0,0.8888888888888888,0.8888888888888888,0.8888888888888888,0.8888888888888888,0.8888888888888888,0.8888888888888888,0.8888888888888888,,,
FR072C,Cayenne,FR,12,0.8935185185185185,0.8888888888888888,0.9166666666666666,0.3333333333333333,0.1357142857142857,1.0,0.5,1.0,1.0,1.0,0.8888888888888888,0.8888888888888888,0.8888888888888888,0.8888888888888888,0.8888888888888888,0.8888888888888888,0.8888888888888888,,,
FR073C,Hayange,FR,12,0.8935185185185185,0.8888888888888888,0.9166666666666666,0.3333333333333333,0.16551724137931034,1.0,0.5,1.0,1.0,1.0,0.8888888888888888,0.8888888888888888,0.8888888888888888,0.8888888888888888,0.8888888888888888,0.8888888888888888,0.8888888888888888,,,
FR074C,Saint-Louis,FR,12,0.8935185185185185,0.8888888888888888,0.9166666666666666,0.3333333333333333,0.12949640287769784,1.0,0.5,1.0,1.0,1.0,0.8888888888888888,0.8888888888888888,0.8888888888888888,0.8888888888888888,0.8888888888888888,0.8888888888888888,0.8888888888888888,,,
FR075C,Vannes,FR,12,0.8935185185185185,0.8888888888888888,0.9166666666666666,0.3333333333333333,0.16551724137931034,1.0,0.5,1.0,1.0,1.0,0.8888888888888888,0.8888888888888888,0.8888888888888888,0.8888888888888888,0.8888888888888888,0.8888888888888888,0.8888888888888888,,,
FR076C,Annemasse-Geneva (French part) (greater city),FR,12,0.8935185185185185,0.8888888888888888,0.9166666666666666,0.3333333333333333,0.16551724137931034,1.0,0.5,1.0,1.0,1.0,0.8888888888888888,0.8888888888888888,0.8888888888888888,0.8888888888888888,0.8888888888888888,0.8888888888888888,0.8888888888888888,,,
FR077C,"Saint-Louis-Bâle, (French part) (greater city)",FR,12,0.8935185185185185,0.8888888888888888,0.9166666666666666,0.3333333333333333,0.16551724137931034,1.0,0.5,1.0,1.0,1.0,0.8888888888888888,0.8888888888888888,0.8888888888888888,0.8888888888888888,0.8888888888888888,0.8888888888888888,0.8888888888888888,,,
GRC_Agrinio_GRC,"Agrinio/GRC, Greece",GRC,1,0.25,0.25,0.0,0.0,0.0,,,,,,,,,,,,,0.25,,
GRC_Akrini_GRC,"Akrini/GRC, Greece",GRC,2,0.25,0.25,0.0,0.0,0.0,,,,,,,,,,,,,,0.25,0.25
GRC_Aliartos_GRC,"Aliartos/GRC, Greece",GRC,3,0.9583333333333334,1.0,1.0,0.6666666666666666,0.0,,,,,,,,,,,,,1.0,1.0,0.875
GRC_Amfissa_GRC,"Amfissa/GRC, Greece",GRC,1,0.25,0.25,0.0,0.0,0.0,,,,,,,,,,,,,,0.25,
GRC_Anatoliko_GRC,"Anatoliko/GRC, Greece",GRC,1,0.25,0.25,0.0,0.0,0.0,,,,,,,,,,,,,,0.25,
GRC_Athina_GRC,"Athina/GRC, Greece",GRC,3,1.0,1.0,1.0,1.0,0.0,,,,,,,,,,,,,1.0,1.0,1.0
GRC_Chalkida_GRC,"Chalkida/GRC, Greece",GRC,1,0.25,0.25,0.0,0.0,0.0,,,,,,,,,,,,,,0.25,
GRC_Chania_GRC,"Chania/GRC, Greece",GRC,1,0.25,0.25,0.0,0.0,0.0,,,,,,,,,,,,,,0.25,
GRC_Elefsina_GRC,"Elefsina/GRC, Greece",GRC,3,0.9583333333333334,1.0,1.0,0.6666666666666666,0.0,,,,,,,,,,,,,1.0,1.0,0.875
GRC_Ioannina_GRC,"Ioannina/GRC, Greece",GRC,3,0.375,0.375,0.0,0.0,0.0,,,,,,,,,,,,,0.375,0.375,0.375
GRC_Irakleio_GRC,"Irakleio/GRC, Greece",GRC,1,0.25,0.25,0.0,0.0,0.0,,,,,,,,,,,,,,0.25,
GRC_Karpenisi_GRC,"Karpenisi/GRC, Greece",GRC,1,0.25,0.25,0.0,0.0,0.0,,,,,,,,,,,,,,0.25,
GRC_Kavala_GRC,"Kavala/GRC, Greece",GRC,1,0.375,0.375,0.0,0.0,0.0,,,,,,,,,,,,,0.375,,
GRC_Koropi_GRC,"Koropi/GRC, Greece",GRC,2,1.0,1.0,1.0,1.0,0.0,,,,,,,,,,,,,1.0,1.0,
GRC_Kozani_GRC,"Kozani/GRC, Greece",GRC,2,0.25,0.25,0.0,0.0,0.0,,,,,,,,,,,,,,0.25,0.25
GRC_Lamia_GRC,"Lamia/GRC, Greece",GRC,1,0.125,0.125,0.0,0.0,0.0,,,,,,,,,,,,,,0.125,
GRC_Larisa_GRC,"Larisa/GRC, Greece",GRC,1,1.0,1.0,1.0,1.0,0.0,,,,,,,,,,,,,,1.0,
GRC_Livadeia_GRC,"Livadeia/GRC, Greece",GRC,1,0.25,0.25,0.0,0.0,0.0,,,,,,,,,,,,,,0.25,
GRC_Neochoropoulo_GRC,"Neochoropoulo/GRC, Greece",GRC,1,0.625,0.625,0.0,0.0,0.0,,,,,,,,,,,,,,0.625,
GRC_Neochorouda_GRC,"Neochorouda/GRC, Greece",GRC,2,0.375,0.375,0.0,0.0,0.0,,,,,,,,,,,,,0.375,0.375,
GRC_Panorama_GRC,"Panorama/GRC, Greece",GRC,3,0.875,0.875,1.0,0.3333333333333333,0.0,,,,,,,,,,,,,0.875,1.0,0.75
GRC_Patra_GRC,"Patra/GRC, Greece",GRC,3,0.9166666666666666,1.0,1.0,0.6666666666666666,0.0,,,,,,,,,,,,,1.0,1.0,0.75
GRC_Ptolemaida_GRC,"Ptolemaida/GRC, Greece",GRC,1,0.125,0.125,0.0,0.0,0.0,,,,,,,,,,,,,,0.125,
GRC_Sindos_GRC,"Sindos/GRC, Greece",GRC,2,0.9375,0.9375,1.0,0.5,0.0,,,,,,,,,,,,,0.875,1.0,
GRC_Thessaloniki_GRC,"Thessaloniki/GRC, Greece",GRC,3,0.9166666666666666,1.0,1.0,0.6666666666666666,0.0,,,,,,,,,,,,,1.0,1.0,0.75
GRC_Volos_GRC,"Volos/GRC, Greece",GRC,3,0.6666666666666666,0.75,0.6666666666666666,0.3333333333333333,0.0,,,,,,,,,,,,,0.25,1.0,0.75
HR001C,Zagreb,HR,12,0.9074074074074074,0.8888888888888888,0.9166666666666666,0.4166666666666667,0.10344827586206896,1.0,1.0,1.0,1.0,1.0,0.8888888888888888,0.8888888888888888,0.8888888888888888,0.8888888888888888,0.7777777777777778,0.6666666666666666,0.8888888888888888,,,
HR002C,Rijeka,HR,12,0.9074074074074074,0.8888888888888888,0.9166666666666666,0.4166666666666667,0.10344827586206896,1.0,1.0,1.0,1.0,1.0,0.8888888888888888,0.8888888888888888,0.8888888888888888,0.8888888888888888,0.7777777777777778,0.6666666666666666,0.8888888888888888,,,
HR003C,Slavonski Brod,HR,12,0.9074074074074074,0.8888888888888888,0.9166666666666666,0.4166666666666667,0.10344827586206896,1.0,1.0,1.0,1.0,1.0,0.8888888888888888,0.8888888888888888,0.8888888888888888,0.8888888888888888,0.7777777777777778,0.6666666666666666,0.8888888888888888,,,
HR004C,Osijek,HR,12,0.9074074074074074,0.8888888888888888,0.9166666666666666,0.4166666666666667,0.10344827586206896,1.0,1.0,1.0,1.0,1.0,0.8888888888888888,0.8888888888888888,0.8888888888888888,0.8888888888888888,0.7777777777777778,0.6666666666666666,0.8888888888888888,,,
HR005C,Split (greater city),HR,12,0.898148148148148,0.8888888888888888,0.8333333333333334,0.4166666666666667,0.10465116279069768,1.0,1.0,1.0,1.0,1.0,0.8888888888888888,0.8888888888888888,0.8888888888888888,0.8888888888888888,0.6666666666666666,0.6666666666666666,0.8888888888888888,,,
HR006C,Pula/Pola,HR,12,0.9074074074074074,0.8888888888888888,0.9166666666666666,0.4166666666666667,0.10344827586206896,1.0,1.0,1.0,1.0,1.0,0.8888888888888888,0.8888888888888888,0.8888888888888888,0.8888888888888888,0.7777777777777778,0.6666666666666666,0.8888888888888888,,,
HR007C,Zadar,HR,12,0.9074074074074074,0.8888888888888888,0.9166666666666666,0.4166666666666667,0.10344827586206896,1.0,1.0,1.0,1.0,1.0,0.8888888888888888,0.8888888888888888,0.8888888888888888,0.8888888888888888,0.7777777777777778,0.6666666666666666,0.8888888888888888,,,
HU001C,Budapest (greater city),HU,12,0.9166666666666666,1.0,0.8333333333333334,0.75,0.0,1.0,1.0,1.0,1.0,1.0,1.0,0.8888888888888888,0.4444444444444444,1.0,1.0,0.6666666666666666,1.0,,,
HU002C,Miskolc,HU,12,0.9166666666666666,1.0,0.8333333333333334,0.75,0.0,1.0,1.0,1.0,1.0,1.0,1.0,0.8888888888888888,0.4444444444444444,1.0,1.0,0.6666666666666666,1.0,,,
HU003C,Nyíregyháza,HU,12,0.9166666666666666,1.0,0.8333333333333334,0.75,0.0,1.0,1.0,1.0,1.0,1.0,1.0,0.8888888888888888,0.4444444444444444,1.0,1.0,0.6666666666666666,1.0,,,
HU004C,Pécs,HU,12,0.9166666666666666,1.0,0.8333333333333334,0.75,0.0,1.0,1.0,1.0,1.0,1.0,1.0,0.8888888888888888,0.4444444444444444,1.0,1.0,0.6666666666666666,1.0,,,
HU005C,Debrecen,HU,12,0.9166666666666666,1.0,0.8333333333333334,0.75,0.0,1.0,1.0,1.0,1.0,1.0,1.0,0.8888888888888888,0.4444444444444444,1.0,1.0,0.6666666666666666,1.0,,,
HU006C,Szeged,HU,12,0.9166666666666666,1.0,0.8333333333333334,0.75,0.0,1.0,1.0,1.0,1.0,1.0,1.0,0.8888888888888888,0.4444444444444444,1.0,1.0,0.6666666666666666,1.0,,,
HU007C,Gyõr,HU,12,0.9166666666666666,1.0,0.8333333333333334,0.75,0.0,1.0,1.0,1.0,1.0,1.0,1.0,0.8888888888888888,0.4444444444444444,1.0,1.0,0.6666666666666666,1.0,,,
HU008C,Kecskemét,HU,12,0.9166666666666666,1.0,0.8333333333333334,0.75,0.0,1.0,1.0,1.0,1.0,1.0,1.0,0.8888888888888888,0.4444444444444444,1.0,1.0,0.6666666666666666,1.0,,,
HU009C,Székesfehérvár,HU,12,0.9166666666666666,1.0,0.8333333333333334,0.75,0.0,1.0,1.0,1.0,1.0,1.0,1.0,0.8888888888888888,0.4444444444444444,1.0,1.0,0.6666666666666666,1.0,,,
HU010C,Szombathely,HU,12,0.9166666666666666,1.0,0.8333333333333334,0.75,0.0,1.0,1.0,1.0,1.0,1.0,1.0,0.8888888888888888,0.4444444444444444,1.0,1.0,0.6666666666666666,1.0,,,
HU011C,Szolnok,HU,12,0.9166666666666666,1.0,0.8333333333333334,0.75,0.0,1.0,1.0,1.0,1.0,1.0,1.0,0.8888888888888888,0.4444444444444444,1.0,1.0,0.6666666666666666,1.0,,,
HU012C,Tatabánya,HU,12,0.9166666666666666,1.0,0.8333333333333334,0.75,0.0,1.0,1.0,1.0,1.0,1.0,1.0,0.8888888888888888,0.4444444444444444,1.0,1.0,0.6666666666666666,1.0,,,
HU013C,Veszprém,HU,12,0.9166666666666666,1.0,0.8333333333333334,0.75,0.0,1.0,1.0,1.0,1.0,1.0,1.0,0.8888888888888888,0.4444444444444444,1.0,1.0,0.6666666666666666,1.0,,,
HU014C,Békéscsaba,HU,12,0.9166666666666666,1.0,0.8333333333333334,0.75,0.0,1.0,1.0,1.0,1.0,1.0,1.0,0.8888888888888888,0.4444444444444444,1.0,1.0,0.6666666666666666,1.0,,,
HU015C,Kaposvár,HU,12,0.9166666666666666,1.0,0.8333333333333334,0.75,0.0,1.0,1.0,1.0,1.0,1.0,1.0,0.8888888888888888,0.4444444444444444,1.0,1.0,0.6666666666666666,1.0,,,
HU016C,Eger,HU,12,0.9166666666666666,1.0,0.8333333333333334,0.75,0.0,1.0,1.0,1.0,1.0,1.0,1.0,0.8888888888888888,0.4444444444444444,1.0,1.0,0.6666666666666666,1.0,,,
HU017C,Dunaújváros,HU,12,0.9166666666666666,1.0,0.8333333333333334,0.75,0.0,1.0,1.0,1.0,1.0,1.0,1.0,0.8888888888888888,0.4444444444444444,1.0,1.0,0.6666666666666666,1.0,,,
HU018C,Zalaegerszeg,HU,12,0.9166666666666666,1.0,0.8333333333333334,0.75,0.0,1.0,1.0,1.0,1.0,1.0,1.0,0.8888888888888888,0.4444444444444444,1.0,1.0,0.6666666666666666,1.0,,,
HU019C,Sopron,HU,12,0.9166666666666666,1.0,0.8333333333333334,0.75,0.0,1.0,1.0,1.0,1.0,1.0,1.0,0.8888888888888888,0.4444444444444444,1.0,1.0,0.6666666666666666,1.0,,,
IE001C,Dublin (greater city),IE,6,0.7962962962962963,1.0,0.6666666666666666,0.6666666666666666,0.0,1.0,1.0,0.5555555555555556,1.0,1.0,,,,0.2222222222222222,,,,,,
IT001C,Roma,IT,12,0.8333333333333334,1.0,0.75,0.6666666666666666,0.03278688524590164,1.0,1.0,1.0,1.0,1.0,0.7777777777777778,0.5555555555555556,0.5555555555555556,1.0,0.1111111111111111,1.0,1.0,,,
IT002C,Milano (greater city),IT,12,0.8333333333333334,1.0,0.75,0.6666666666666666,0.06956521739130435,1.0,1.0,1.0,1.0,1.0,0.7777777777777778,0.5555555555555556,0.5555555555555556,1.0,0.1111111111111111,1.0,1.0,,,
IT003C,Napoli (greater city),IT,12,0.8333333333333334,1.0,0.75,0.6666666666666666,0.06956521739130435,1.0,1.0,1.0,1.0,1.0,0.7777777777777778,0.5555555555555556,0.5555555555555556,1.0,0.1111111111111111,1.0,1.0,,,
IT004C,Torino,IT,12,0.8333333333333334,1.0,0.75,0.6666666666666666,0.03278688524590164,1.0,1.0,1.0,1.0,1.0,0.7777777777777778,0.5555555555555556,0.5555555555555556,1.0,0.1111111111111111,1.0,1.0,,,
IT005C,Palermo,IT,12,0.8333333333333334,1.0,0.75,0.6666666666666666,0.03278688524590164,1.0,1.0,1.0,1.0,1.0,0.7777777777777778,0.5555555555555556,0.5555555555555556,1.0,0.1111111111111111,1.0,1.0,,,
IT006C,Genova,IT,12,0.8333333333333334,1.0,0.75,0.6666666666666666,0.03278688524590164,1.0,1.0,1.0,1.0,1.0,0.7777777777777778,0.5555555555555556,0.5555555555555556,1.0,0.1111111111111111,1.0,1.0,,,
IT007C,Firenze,IT,12,0.8333333333333334,1.0,0.75,0.6666666666666666,0.03278688524590164,1.0,1.0,1.0,1.0,1.0,0.7777777777777778,0.5555555555555556,0.5555555555555556,1.0,0.1111111111111111,1.0,1.0,,,
IT008C,Bari,IT,12,0.8333333333333334,1.0,0.75,0.6666666666666666,0.03278688524590164,1.0,1.0,1.0,1.0,1.0,0.7777777777777778,0.5555555555555556,0.5555555555555556,1.0,0.1111111111111111,1.0,1.0,,,
IT009C,Bologna,IT,12,0.8333333333333334,1.0,0.75,0.6666666666666666,0.03278688524590164,1.0,1.0,1.0,1.0,1.0,0.7777777777777778,0.5555555555555556,0.5555555555555556,1.0,0.1111111111111111,1.0,1.0,,,
IT010C,Catania (greater city),IT,12,0.8333333333333334,1.0,0.75,0.6666666666666666,0.03278688524590164,1.0,1.0,1.0,1.0,1.0,0.7777777777777778,0.5555555555555556,0.5555555555555556,1.0,0.1111111111111111,1.0,1.0,,,
IT011C,Venezia,IT,12,0.8333333333333334,1.0,0.75,0.6666666666666666,0.03278688524590164,1.0,1.0,1.0,1.0,1.0,0.7777777777777778,0.5555555555555556,0.5555555555555556,1.0,0.1111111111111111,1.0,1.0,,,
IT012C,Verona,IT,12,0.8333333333333334,1.0,0.75,0.6666666666666666,0.03278688524590164,1.0,1.0,1.0,1.0,1.0,0.7777777777777778,0.5555555555555556,0.5555555555555556,1.0,0.1111111111111111,1.0,1.0,,,
IT013C,Cremona,IT,12,0.8333333333333334,1.0,0.75,0.6666666666666666,0.03278688524590164,1.0,1.0,1.0,1.0,1.0,0.7777777777777778,0.5555555555555556,0.5555555555555556,1.0,0.1111111111111111,1.0,1.0,,,
IT014C,Trento,IT,12,0.8333333333333334,1.0,0.75,0.6666666666666666,0.03278688524590164,1.0,1.0,1.0,1.0,1.0,0.7777777777777778,0.5555555555555556,0.5555555555555556,1.0,0.1111111111111111,1.0,1.0,,,
IT015C,Trieste,IT,12,0.8333333333333334,1.0,0.75,0.6666666666666666,0.03278688524590164,1.0,1.0,1.0,1.0,1.0,0.7777777777777778,0.5555555555555556,0.5555555555555556,1.0,0.1111111111111111,1.0,1.0,,,
IT016C,Perugia,IT,12,0.8333333333333334,1.0,0.75,0.6666666666666666,0.03278688524590164,1.0,1.0,1.0,1.0,1.0,0.7777777777777778,0.5555555555555556,0.5555555555555556,1.0,0.1111111111111111,1.0,1.0,,,
IT017C,Ancona,IT,12,0.8333333333333334,1.0,0.75,0.6666666666666666,0.03278688524590164,1.0,1.0,1.0,1.0,1.0,0.7777777777777778,0.5555555555555556,0.5555555555555556,1.0,0.1111111111111111,1.0,1.0,,,
IT018C,Pescara (greater city),IT,12,0.8333333333333334,1.0,0.75,0.6666666666666666,0.03278688524590164,1.0,1.0,1.0,1.0,1.0,0.7777777777777778,0.5555555555555556,0.5555555555555556,1.0,0.1111111111111111,1.0,1.0,,,
IT019C,Campobasso,IT,12,0.8333333333333334,1.0,0.75,0.6666666666666666,0.03278688524590164,1.0,1.0,1.0,1.0,1.0,0.7777777777777778,0.5555555555555556,0.5555555555555556,1.0,0.1111111111111111,1.0,1.0,,,
IT020C,Caserta  (greater city),IT,12,0.8333333333333334,1.0,0.75,0.6666666666666666,0.03278688524590164,1.0,1.0,1.0,1.0,1.0,0.7777777777777778,0.5555555555555556,0.5555555555555556,1.0,0.1111111111111111,1.0,1.0,,,
IT021C,Taranto,IT,12,0.8333333333333334,1.0,0.75,0.6666666666666666,0.03278688524590164,1.0,1.0,1.0,1.0,1.0,0.7777777777777778,0.5555555555555556,0.5555555555555556,1.0,0.1111111111111111,1.0,1.0,,,
IT022C,Potenza,IT,12,0.8333333333333334,1.0,0.75,0.6666666666666666,0.03278688524590164,1.0,1.0,1.0,1.0,1.0,0.7777777777777778,0.5555555555555556,0.5555555555555556,1.0,0.1111111111111111,1.0,1.0,,,
IT023C,Catanzaro,IT,12,0.8333333333333334,1.0,0.75,0.6666666666666666,0.03278688524590164,1.0,1.0,1.0,1.0,1.0,0.7777777777777778,0.5555555555555556,0.5555555555555556,1.0,0.1111111111111111,1.0,1.0,,,
IT024C,Reggio di Calabria,IT,12,0.8333333333333334,1.0,0.75,0.6666666666666666,0.03278688524590164,1.0,1.0,1.0,1.0,1.0,0.7777777777777778,0.5555555555555556,0.5555555555555556,1.0,0.1111111111111111,1.0,1.0,,,
IT025C,Sassari,IT,12,0.8333333333333334,1.0,0.75,0.6666666666666666,0.03278688524590164,1.0,1.0,1.0,1.0,1.0,0.7777777777777778,0.5555555555555556,0.5555555555555556,1.0,0.1111111111111111,1.0,1.0,,,
IT026C,Cagliari (greater city),IT,12,0.8333333333333334,1.0,0.75,0.6666666666666666,0.03278688524590164,1.0,1.0,1.0,1.0,1.0,0.7777777777777778,0.5555555555555556,0.5555555555555556,1.0,0.1111111111111111,1.0,1.0,,,
IT027C,Padova,IT,12,0.8333333333333334,1.0,0.75,0.6666666666666666,0.03278688524590164,1.0,1.0,1.0,1.0,1.0,0.7777777777777778,0.5555555555555556,0.5555555555555556,1.0,0.1111111111111111,1.0,1.0,,,
IT028C,Brescia,IT,12,0.8333333333333334,1.0,0.75,0.6666666666666666,0.03278688524590164,1.0,1.0,1.0,1.0,1.0,0.7777777777777778,0.5555555555555556,0.5555555555555556,1.0,0.1111111111111111,1.0,1.0,,,
IT029C,Modena,IT,12,0.8333333333333334,1.0,0.75,0.6666666666666666,0.03278688524590164,1.0,1.0,1.0,1.0,1.0,0.7777777777777778,0.5555555555555556,0.5555555555555556,1.0,0.1111111111111111,1.0,1.0,,,
IT030C,Foggia,IT,12,0.8333333333333334,1.0,0.75,0.6666666666666666,0.03278688524590164,1.0,1.0,1.0,1.0,1.0,0.7777777777777778,0.5555555555555556,0.5555555555555556,1.0,0.1111111111111111,1.0,1.0,,,
IT031C,Salerno,IT,12,0.8333333333333334,1.0,0.75,0.6666666666666666,0.03278688524590164,1.0,1.0,1.0,1.0,1.0,0.7777777777777778,0.5555555555555556,0.5555555555555556,1.0,0.1111111111111111,1.0,1.0,,,
IT032C,Piacenza,IT,12,0.8333333333333334,1.0,0.75,0.6666666666666666,0.03278688524590164,1.0,1.0,1.0,1.0,1.0,0.7777777777777778,0.5555555555555556,0.5555555555555556,1.0,0.1111111111111111,1.0,1.0,,,
IT033C,Bolzano,IT,12,0.8333333333333334,1.0,0.75,0.6666666666666666,0.03278688524590164,1.0,1.0,1.0,1.0,1.0,0.7777777777777778,0.5555555555555556,0.5555555555555556,1.0,0.1111111111111111,1.0,1.0,,,
IT034C,Udine,IT,12,0.8333333333333334,1.0,0.75,0.6666666666666666,0.03278688524590164,1.0,1.0,1.0,1.0,1.0,0.7777777777777778,0.5555555555555556,0.5555555555555556,1.0,0.1111111111111111,1.0,1.0,,,
IT035C,La Spezia,IT,12,0.8333333333333334,1.0,0.75,0.6666666666666666,0.03278688524590164,1.0,1.0,1.0,1.0,1.0,0.7777777777777778,0.5555555555555556,0.5555555555555556,1.0,0.1111111111111111,1.0,1.0,,,
IT036C,Lecce,IT,12,0.8333333333333334,1.0,0.75,0.6666666666666666,0.03278688524590164,1.0,1.0,1.0,1.0,1.0,0.7777777777777778,0.5555555555555556,0.5555555555555556,1.0,0.1111111111111111,1.0,1.0,,,
IT037C,Barletta,IT,12,0.8333333333333334,1.0,0.75,0.6666666666666666,0.03278688524590164,1.0,1.0,1.0,1.0,1.0,0.7777777777777778,0.5555555555555556,0.5555555555555556,1.0,0.1111111111111111,1.0,1.0,,,
IT038C,Pesaro,IT,12,0.8333333333333334,1.0,0.75,0.6666666666666666,0.03278688524590164,1.0,1.0,1.0,1.0,1.0,0.7777777777777778,0.5555555555555556,0.5555555555555556,1.0,0.1111111111111111,1.0,1.0,,,
IT039C,Como,IT,12,0.8333333333333334,1.0,0.75,0.6666666666666666,0.03278688524590164,1.0,1.0,1.0,1.0,1.0,0.7777777777777778,0.5555555555555556,0.5555555555555556,1.0,0.1111111111111111,1.0,1.0,,,
IT040C,Pisa,IT,12,0.8333333333333334,1.0,0.75,0.6666666666666666,0.03278688524590164,1.0,1.0,1.0,1.0,1.0,0.7777777777777778,0.5555555555555556,0.5555555555555556,1.0,0.1111111111111111,1.0,1.0,,,
IT041C,Treviso,IT,12,0.8333333333333334,1.0,0.75,0.6666666666666666,0.03278688524590164,1.0,1.0,1.0,1.0,1.0,0.7777777777777778,0.5555555555555556,0.5555555555555556,1.0,0.1111111111111111,1.0,1.0,,,
IT042C,Varese,IT,12,0.8333333333333334,1.0,0.75,0.6666666666666666,0.03278688524590164,1.0,1.0,1.0,1.0,1.0,0.7777777777777778,0.5555555555555556,0.5555555555555556,1.0,0.1111111111111111,1.0,1.0,,,
IT043C,Asti,IT,12,0.8333333333333334,1.0,0.75,0.6666666666666666,0.03278688524590164,1.0,1.0,1.0,1.0,1.0,0.7777777777777778,0.5555555555555556,0.5555555555555556,1.0,0.1111111111111111,1.0,1.0,,,
IT044C,Pavia,IT,12,0.8333333333333334,1.0,0.75,0.6666666666666666,0.03278688524590164,1.0,1.0,1.0,1.0,1.0,0.7777777777777778,0.5555555555555556,0.5555555555555556,1.0,0.1111111111111111,1.0,1.0,,,
IT045C,Massa,IT,12,0.8333333333333334,1.0,0.75,0.6666666666666666,0.03278688524590164,1.0,1.0,1.0,1.0,1.0,0.7777777777777778,0.5555555555555556,0.5555555555555556,1.0,0.1111111111111111,1.0,1.0,,,
IT046C,Cosenza (greater city),IT,12,0.8333333333333334,1.0,0.75,0.6666666666666666,0.03278688524590164,1.0,1.0,1.0,1.0,1.0,0.7777777777777778,0.5555555555555556,0.5555555555555556,1.0,0.1111111111111111,1.0,1.0,,,
IT047C,Savona,IT,12,0.8333333333333334,1.0,0.75,0.6666666666666666,0.03278688524590164,1.0,1.0,1.0,1.0,1.0,0.7777777777777778,0.5555555555555556,0.5555555555555556,1.0,0.1111111111111111,1.0,1.0,,,
IT048C,Matera,IT,12,0.8333333333333334,1.0,0.75,0.6666666666666666,0.03278688524590164,1.0,1.0,1.0,1.0,1.0,0.7777777777777778,0.5555555555555556,0.5555555555555556,1.0,0.1111111111111111,1.0,1.0,,,
IT049C,Acireale (greater city),IT,12,0.8333333333333334,1.0,0.75,0.6666666666666666,0.03278688524590164,1.0,1.0,1.0,1.0,1.0,0.7777777777777778,0.5555555555555556,0.5555555555555556,1.0,0.1111111111111111,1.0,1.0,,,
IT050C,Avellino,IT,12,0.8333333333333334,1.0,0.75,0.6666666666666666,0.03278688524590164,1.0,1.0,1.0,1.0,1.0,0.7777777777777778,0.5555555555555556,0.5555555555555556,1.0,0.1111111111111111,1.0,1.0,,,
IT051C,Pordenone,IT,12,0.8333333333333334,1.0,0.75,0.6666666666666666,0.03278688524590164,1.0,1.0,1.0,1.0,1.0,0.7777777777777778,0.5555555555555556,0.5555555555555556,1.0,0.1111111111111111,1.0,1.0,,,
IT052C,Lecco,IT,12,0.8333333333333334,1.0,0.75,0.6666666666666666,0.03278688524590164,1.0,1.0,1.0,1.0,1.0,0.7777777777777778,0.5555555555555556,0.5555555555555556,1.0,0.1111111111111111,1.0,1.0,,,
IT053C,Altamura,IT,12,0.8333333333333334,1.0,0.75,0.6666666666666666,0.03278688524590164,1.0,1.0,1.0,1.0,1.0,0.7777777777777778,0.5555555555555556,0.5555555555555556,1.0,0.1111111111111111,1.0,1.0,,,
IT054C,Bitonto,IT,12,0.8333333333333334,1.0,0.75,0.6666666666666666,0.03278688524590164,1.0,1.0,1.0,1.0,1.0,0.7777777777777778,0.5555555555555556,0.5555555555555556,1.0,0.1111111111111111,1.0,1.0,,,
IT055C,Molfetta,IT,12,0.8333333333333334,1.0,0.75,0.6666666666666666,0.03278688524590164,1.0,1.0,1.0,1.0,1.0,0.7777777777777778,0.5555555555555556,0.5555555555555556,1.0,0.1111111111111111,1.0,1.0,,,
IT056C,Battipaglia,IT,12,0.8333333333333334,1.0,0.75,0.6666666666666666,0.03278688524590164,1.0,1.0,1.0,1.0,1.0,0.7777777777777778,0.5555555555555556,0.5555555555555556,1.0,0.1111111111111111,1.0,1.0,,,
IT057C,Bisceglie,IT,12,0.8333333333333334,1.0,0.75,0.6666666666666666,0.03278688524590164,1.0,1.0,1.0,1.0,1.0,0.7777777777777778,0.5555555555555556,0.5555555555555556,1.0,0.1111111111111111,1.0,1.0,,,
IT058C,Carpi,IT,12,0.8333333333333334,1.0,0.75,0.6666666666666666,0.03278688524590164,1.0,1.0,1.0,1.0,1.0,0.7777777777777778,0.5555555555555556,0.5555555555555556,1.0,0.1111111111111111,1.0,1.0,,,
IT059C,Cerignola,IT,12,0.8333333333333334,1.0,0.75,0.6666666666666666,0.03278688524590164,1.0,1.0,1.0,1.0,1.0,0.7777777777777778,0.5555555555555556,0.5555555555555556,1.0,0.1111111111111111,1.0,1.0,,,
IT060C,Gela,IT,12,0.8333333333333334,1.0,0.75,0.6666666666666666,0.03278688524590164,1.0,1.0,1.0,1.0,1.0,0.7777777777777778,0.5555555555555556,0.5555555555555556,1.0,0.1111111111111111,1.0,1.0,,,
IT061C,Bagheria,IT,12,0.8333333333333334,1.0,0.75,0.6666666666666666,0.03278688524590164,1.0,1.0,1.0,1.0,1.0,0.7777777777777778,0.5555555555555556,0.5555555555555556,1.0,0.1111111111111111,1.0,1.0,,,
IT062C,Anzio (greater city),IT,12,0.8333333333333334,1.0,0.75,0.6666666666666666,0.03333333333333333,1.0,1.0,1.0,1.0,1.0,0.7777777777777778,0.5555555555555556,0.5555555555555556,1.0,0.1111111111111111,1.0,1.0,,,
IT063C,Sassuolo,IT,12,0.8333333333333334,1.0,0.75,0.6666666666666666,0.03278688524590164,1.0,1.0,1.0,1.0,1.0,0.7777777777777778,0.5555555555555556,0.5555555555555556,1.0,0.1111111111111111,1.0,1.0,,,
IT064C,Messina,IT,12,0.8333333333333334,1.0,0.75,0.6666666666666666,0.03278688524590164,1.0,1.0,1.0,1.0,1.0,0.7777777777777778,0.5555555555555556,0.5555555555555556,1.0,0.1111111111111111,1.0,1.0,,,
IT065C,Prato,IT,12,0.8333333333333334,1.0,0.75,0.6666666666666666,0.03278688524590164,1.0,1.0,1.0,1.0,1.0,0.7777777777777778,0.5555555555555556,0.5555555555555556,1.0,0.1111111111111111,1.0,1.0,,,
IT066C,Parma,IT,12,0.8333333333333334,1.0,0.75,0.6666666666666666,0.03278688524590164,1.0,1.0,1.0,1.0,1.0,0.7777777777777778,0.5555555555555556,0.5555555555555556,1.0,0.1111111111111111,1.0,1.0,,,
IT067C,Livorno,IT,12,0.8333333333333334,1.0,0.75,0.6666666666666666,0.03278688524590164,1.0,1.0,1.0,1.0,1.0,0.7777777777777778,0.5555555555555556,0.5555555555555556,1.0,0.1111111111111111,1.0,1.0,,,
IT068C,Reggio nell'Emilia,IT,12,0.8333333333333334,1.0,0.75,0.6666666666666666,0.03278688524590164,1.0,1.0,1.0,1.0,1.0,0.7777777777777778,0.5555555555555556,0.5555555555555556,1.0,0.1111111111111111,1.0,1.0,,,
IT069C,Ravenna,IT,12,0.8333333333333334,1.0,0.75,0.6666666666666666,0.03278688524590164,1.0,1.0,1.0,1.0,1.0,0.7777777777777778,0.5555555555555556,0.5555555555555556,1.0,0.1111111111111111,1.0,1.0,,,
IT070C,Ferrara,IT,12,0.8333333333333334,1.0,0.75,0.6666666666666666,0.03278688524590164,1.0,1.0,1.0,1.0,1.0,0.7777777777777778,0.5555555555555556,0.5555555555555556,1.0,0.1111111111111111,1.0,1.0,,,
IT071C,Rimini,IT,12,0.8333333333333334,1.0,0.75,0.6666666666666666,0.03278688524590164,1.0,1.0,1.0,1.0,1.0,0.7777777777777778,0.5555555555555556,0.5555555555555556,1.0,0.1111111111111111,1.0,1.0,,,
IT072C,Siracusa,IT,12,0.8333333333333334,1.0,0.75,0.6666666666666666,0.03278688524590164,1.0,1.0,1.0,1.0,1.0,0.7777777777777778,0.5555555555555556,0.5555555555555556,1.0,0.1111111111111111,1.0,1.0,,,
IT073C,Bergamo (greater city),IT,12,0.8333333333333334,1.0,0.75,0.6666666666666666,0.03278688524590164,1.0,1.0,1.0,1.0,1.0,0.7777777777777778,0.5555555555555556,0.5555555555555556,1.0,0.1111111111111111,1.0,1.0,,,
IT074C,Forlì,IT,12,0.8333333333333334,1.0,0.75,0.6666666666666666,0.03278688524590164,1.0,1.0,1.0,1.0,1.0,0.7777777777777778,0.5555555555555556,0.5555555555555556,1.0,0.1111111111111111,1.0,1.0,,,
IT075C,Latina,IT,12,0.8333333333333334,1.0,0.75,0.6666666666666666,0.03278688524590164,1.0,1.0,1.0,1.0,1.0,0.7777777777777778,0.5555555555555556,0.5555555555555556,1.0,0.1111111111111111,1.0,1.0,,,
IT076C,Vicenza,IT,12,0.8333333333333334,1.0,0.75,0.6666666666666666,0.03278688524590164,1.0,1.0,1.0,1.0,1.0,0.7777777777777778,0.5555555555555556,0.5555555555555556,1.0,0.1111111111111111,1.0,1.0,,,
IT077C,Terni,IT,12,0.8333333333333334,1.0,0.75,0.6666666666666666,0.03278688524590164,1.0,1.0,1.0,1.0,1.0,0.7777777777777778,0.5555555555555556,0.5555555555555556,1.0,0.1111111111111111,1.0,1.0,,,
IT078C,Novara,IT,12,0.8333333333333334,1.0,0.75,0.6666666666666666,0.03278688524590164,1.0,1.0,1.0,1.0,1.0,0.7777777777777778,0.5555555555555556,0.5555555555555556,1.0,0.1111111111111111,1.0,1.0,,,
IT079C,Alessandria,IT,12,0.8333333333333334,1.0,0.75,0.6666666666666666,0.03278688524590164,1.0,1.0,1.0,1.0,1.0,0.7777777777777778,0.5555555555555556,0.5555555555555556,1.0,0.1111111111111111,1.0,1.0,,,
IT080C,Arezzo,IT,12,0.8333333333333334,1.0,0.75,0.6666666666666666,0.03278688524590164,1.0,1.0,1.0,1.0,1.0,0.7777777777777778,0.5555555555555556,0.5555555555555556,1.0,0.1111111111111111,1.0,1.0,,,
IT081C,Grosseto,IT,12,0.8333333333333334,1.0,0.75,0.6666666666666666,0.03278688524590164,1.0,1.0,1.0,1.0,1.0,0.7777777777777778,0.5555555555555556,0.5555555555555556,1.0,0.1111111111111111,1.0,1.0,,,
IT082C,Brindisi,IT,12,0.8333333333333334,1.0,0.75,0.6666666666666666,0.03278688524590164,1.0,1.0,1.0,1.0,1.0,0.7777777777777778,0.5555555555555556,0.5555555555555556,1.0,0.1111111111111111,1.0,1.0,,,
IT083C,Trapani,IT,12,0.8333333333333334,1.0,0.75,0.6666666666666666,0.03278688524590164,1.0,1.0,1.0,1.0,1.0,0.7777777777777778,0.5555555555555556,0.5555555555555556,1.0,0.1111111111111111,1.0,1.0,,,
IT084C,Ragusa,IT,12,0.8333333333333334,1.0,0.75,0.6666666666666666,0.03278688524590164,1.0,1.0,1.0,1.0,1.0,0.7777777777777778,0.5555555555555556,0.5555555555555556,1.0,0.1111111111111111,1.0,1.0,,,
IT085C,Andria,IT,12,0.8333333333333334,1.0,0.75,0.6666666666666666,0.03278688524590164,1.0,1.0,1.0,1.0,1.0,0.7777777777777778,0.5555555555555556,0.5555555555555556,1.0,0.1111111111111111,1.0,1.0,,,
IT086C,Trani,IT,12,0.8333333333333334,1.0,0.75,0.6666666666666666,0.03278688524590164,1.0,1.0,1.0,1.0,1.0,0.7777777777777778,0.5555555555555556,0.5555555555555556,1.0,0.1111111111111111,1.0,1.0,,,
IT087C,L'Aquila,IT,12,0.8333333333333334,1.0,0.75,0.6666666666666666,0.03278688524590164,1.0,1.0,1.0,1.0,1.0,0.7777777777777778,0.5555555555555556,0.5555555555555556,1.0,0.1111111111111111,1.0,1.0,,,
IT088C,Vigevano,IT,12,0.8148148148148149,1.0,0.75,0.6666666666666666,0.0,1.0,1.0,1.0,1.0,1.0,0.7777777777777778,0.4444444444444444,0.4444444444444444,1.0,0.1111111111111111,1.0,1.0,,,
IT089C,Guidonia Montecelio (greater city),IT,12,0.8148148148148149,1.0,0.75,0.6666666666666666,0.0,1.0,1.0,1.0,1.0,1.0,0.7777777777777778,0.4444444444444444,0.4444444444444444,1.0,0.1111111111111111,1.0,1.0,,,
IT090C,Tivoli,IT,12,0.8148148148148149,1.0,0.75,0.6666666666666666,0.0,1.0,1.0,1.0,1.0,1.0,0.7777777777777778,0.4444444444444444,0.4444444444444444,1.0,0.1111111111111111,1.0,1.0,,,
LT001C,Vilnius,LT,12,0.9444444444444445,1.0,0.8333333333333334,0.8333333333333334,0.05217391304347826,1.0,1.0,1.0,1.0,1.0,1.0,1.0,1.0,1.0,0.6666666666666666,0.6666666666666666,1.0,,,
LT002C,Kaunas,LT,12,0.9444444444444445,1.0,0.8333333333333334,0.8333333333333334,0.05217391304347826,1.0,1.0,1.0,1.0,1.0,1.0,1.0,1.0,1.0,0.6666666666666666,0.6666666666666666,1.0,,,
LT003C,Panevėžys,LT,12,0.9166666666666666,1.0,0.75,0.75,0.05405405405405406,1.0,1.0,1.0,1.0,1.0,1.0,0.6666666666666666,1.0,1.0,0.6666666666666666,0.6666666666666666,1.0,,,
LT004C,Alytus,LT,12,0.8981481481481483,1.0,0.75,0.75,0.05660377358490566,1.0,1.0,1.0,1.0,1.0,1.0,0.4444444444444444,1.0,1.0,0.6666666666666666,0.6666666666666666,1.0,,,
LT005C,Klaipėda,LT,12,0.9444444444444445,1.0,0.8333333333333334,0.8333333333333334,0.05217391304347826,1.0,1.0,1.0,1.0,1.0,1.0,1.0,1.0,1.0,0.6666666666666666,0.6666666666666666,1.0,,,
LT006C,Šiauliai,LT,12,0.9074074074074074,1.0,0.75,0.75,0.056074766355140186,1.0,1.0,1.0,1.0,1.0,1.0,0.5555555555555556,1.0,1.0,0.6666666666666666,0.6666666666666666,1.0,,,
LU001C,Luxembourg (greater city),LU,6,0.8703703703703703,1.0,0.8333333333333334,0.8333333333333334,0.0,1.0,1.0,1.0,1.0,1.0,,,,0.2222222222222222,,,,,,
LV001C,Rīga,LV,12,0.9537037037037037,1.0,0.9166666666666666,0.75,0.050724637681159424,1.0,1.0,0.8888888888888888,1.0,1.0,1.0,1.0,1.0,1.0,1.0,0.6666666666666666,0.8888888888888888,,,
LV002C,Liepāja,LV,12,0.9537037037037037,1.0,0.9166666666666666,0.75,0.050724637681159424,1.0,1.0,0.8888888888888888,1.0,1.0,1.0,1.0,1.0,1.0,1.0,0.6666666666666666,0.8888888888888888,,,
LV003C,Jelgava,LV,12,0.9444444444444445,1.0,0.9166666666666666,0.6666666666666666,0.04580152671755725,1.0,1.0,0.8888888888888888,1.0,1.0,1.0,0.8888888888888888,1.0,1.0,1.0,0.6666666666666666,0.8888888888888888,,,
LV004C,Daugavpils,LV,12,0.9537037037037037,1.0,0.9166666666666666,0.75,0.05,1.0,1.0,0.8888888888888888,1.0,1.0,1.0,1.0,1.0,1.0,1.0,0.6666666666666666,0.8888888888888888,,,
MT001C,Greater Valletta,MT,12,0.9537037037037037,1.0,0.9166666666666666,0.75,0.05172413793103448,1.0,1.0,1.0,1.0,1.0,1.0,1.0,1.0,0.8888888888888888,1.0,0.6666666666666666,0.8888888888888888,,,
NL001C,Amsterdam (greater city),NL,12,0.7685185185185185,0.7777777777777778,0.6666666666666666,0.4166666666666667,0.12149532710280374,1.0,1.0,1.0,1.0,1.0,0.5555555555555556,0.7777777777777778,0.5555555555555556,0.7777777777777778,0.7777777777777778,0.2222222222222222,0.5555555555555556,,,
NL002C,Alkmaar (greater city),NL,12,0.7685185185185185,0.7777777777777778,0.6666666666666666,0.4166666666666667,0.12149532710280374,1.0,1.0,1.0,1.0,1.0,0.5555555555555556,0.7777777777777778,0.5555555555555556,0.7777777777777778,0.7777777777777778,0.2222222222222222,0.5555555555555556,,,
NL003C,Almelo,NL,12,0.7685185185185185,0.7777777777777778,0.6666666666666666,0.4166666666666667,0.12149532710280374,1.0,1.0,1.0,1.0,1.0,0.5555555555555556,0.7777777777777778,0.5555555555555556,0.7777777777777778,0.7777777777777778,0.2222222222222222,0.5555555555555556,,,
NL004C,Almere,NL,12,0.7685185185185185,0.7777777777777778,0.6666666666666666,0.4166666666666667,0.12037037037037036,1.0,1.0,1.0,1.0,1.0,0.5555555555555556,0.7777777777777778,0.5555555555555556,0.7777777777777778,0.7777777777777778,0.2222222222222222,0.5555555555555556,,,
NL005C,Alphen aan den Rijn,NL,12,0.7685185185185185,0.7777777777777778,0.6666666666666666,0.4166666666666667,0.12149532710280374,1.0,1.0,1.0,1.0,1.0,0.5555555555555556,0.7777777777777778,0.5555555555555556,0.7777777777777778,0.7777777777777778,0.2222222222222222,0.5555555555555556,,,
NL006C,Amersfoort,NL,12,0.7685185185185185,0.7777777777777778,0.6666666666666666,0.4166666666666667,0.12149532710280374,1.0,1.0,1.0,1.0,1.0,0.5555555555555556,0.7777777777777778,0.5555555555555556,0.7777777777777778,0.7777777777777778,0.2222222222222222,0.5555555555555556,,,
NL007C,Apeldoorn,NL,12,0.7685185185185185,0.7777777777777778,0.6666666666666666,0.4166666666666667,0.12037037037037036,1.0,1.0,1.0,1.0,1.0,0.5555555555555556,0.7777777777777778,0.5555555555555556,0.7777777777777778,0.7777777777777778,0.2222222222222222,0.5555555555555556,,,
NL008C,Arnhem,NL,12,0.7685185185185185,0.7777777777777778,0.6666666666666666,0.4166666666666667,0.12037037037037036,1.0,1.0,1.0,1.0,1.0,0.5555555555555556,0.7777777777777778,0.5555555555555556,0.7777777777777778,0.7777777777777778,0.2222222222222222,0.5555555555555556,,,
NL009C,Assen,NL,12,0.7685185185185185,0.7777777777777778,0.6666666666666666,0.4166666666666667,0.12149532710280374,1.0,1.0,1.0,1.0,1.0,0.5555555555555556,0.7777777777777778,0.5555555555555556,0.7777777777777778,0.7777777777777778,0.2222222222222222,0.5555555555555556,,,
NL010C,Bergen op Zoom,NL,12,0.7685185185185185,0.7777777777777778,0.6666666666666666,0.4166666666666667,0.12037037037037036,1.0,1.0,1.0,1.0,1.0,0.5555555555555556,0.7777777777777778,0.5555555555555556,0.7777777777777778,0.7777777777777778,0.2222222222222222,0.5555555555555556,,,
NL011C,Breda,NL,12,0.7685185185185185,0.7777777777777778,0.6666666666666666,0.4166666666666667,0.12149532710280374,1.0,1.0,1.0,1.0,1.0,0.5555555555555556,0.7777777777777778,0.5555555555555556,0.7777777777777778,0.7777777777777778,0.2222222222222222,0.5555555555555556,,,
NL012C,Deventer,NL,12,0.7685185185185185,0.7777777777777778,0.6666666666666666,0.4166666666666667,0.12149532710280374,1.0,1.0,1.0,1.0,1.0,0.5555555555555556,0.7777777777777778,0.5555555555555556,0.7777777777777778,0.7777777777777778,0.2222222222222222,0.5555555555555556,,,
NL013C,Ede,NL,12,0.7685185185185185,0.7777777777777778,0.6666666666666666,0.4166666666666667,0.12149532710280374,1.0,1.0,1.0,1.0,1.0,0.5555555555555556,0.7777777777777778,0.5555555555555556,0.7777777777777778,0.7777777777777778,0.2222222222222222,0.5555555555555556,,,
NL014C,Eindhoven (greater city),NL,12,0.7685185185185185,0.7777777777777778,0.6666666666666666,0.4166666666666667,0.12149532710280374,1.0,1.0,1.0,1.0,1.0,0.5555555555555556,0.7777777777777778,0.5555555555555556,0.7777777777777778,0.7777777777777778,0.2222222222222222,0.5555555555555556,,,
NL015C,Enschede,NL,12,0.7685185185185185,0.7777777777777778,0.6666666666666666,0.4166666666666667,0.12037037037037036,1.0,1.0,1.0,1.0,1.0,0.5555555555555556,0.7777777777777778,0.5555555555555556,0.7777777777777778,0.7777777777777778,0.2222222222222222,0.5555555555555556,,,
NL016C,Gouda,NL,12,0.7685185185185185,0.7777777777777778,0.6666666666666666,0.4166666666666667,0.12037037037037036,1.0,1.0,1.0,1.0,1.0,0.5555555555555556,0.7777777777777778,0.5555555555555556,0.7777777777777778,0.7777777777777778,0.2222222222222222,0.5555555555555556,,,
NL017C,'s-Gravenhage (greater city),NL,12,0.7685185185185185,0.7777777777777778,0.6666666666666666,0.4166666666666667,0.12037037037037036,1.0,1.0,1.0,1.0,1.0,0.5555555555555556,0.7777777777777778,0.5555555555555556,0.7777777777777778,0.7777777777777778,0.2222222222222222,0.5555555555555556,,,
NL018C,Groningen,NL,12,0.7685185185185185,0.7777777777777778,0.6666666666666666,0.4166666666666667,0.12037037037037036,1.0,1.0,1.0,1.0,1.0,0.5555555555555556,0.7777777777777778,0.5555555555555556,0.7777777777777778,0.7777777777777778,0.2222222222222222,0.5555555555555556,,,
NL019C,Haarlem (greater city),NL,12,0.7685185185185185,0.7777777777777778,0.6666666666666666,0.4166666666666667,0.12149532710280374,1.0,1.0,1.0,1.0,1.0,0.5555555555555556,0.7777777777777778,0.5555555555555556,0.7777777777777778,0.7777777777777778,0.2222222222222222,0.5555555555555556,,,
NL020C,Haarlemmermeer,NL,12,0.7685185185185185,0.7777777777777778,0.6666666666666666,0.4166666666666667,0.12149532710280374,1.0,1.0,1.0,1.0,1.0,0.5555555555555556,0.7777777777777778,0.5555555555555556,0.7777777777777778,0.7777777777777778,0.2222222222222222,0.5555555555555556,,,
NL021C,Heemskerk (greater city),NL,12,0.7685185185185185,0.7777777777777778,0.6666666666666666,0.4166666666666667,0.12149532710280374,1.0,1.0,1.0,1.0,1.0,0.5555555555555556,0.7777777777777778,0.5555555555555556,0.7777777777777778,0.7777777777777778,0.2222222222222222,0.5555555555555556,,,
NL022C,Heerlen (greater city),NL,12,0.7685185185185185,0.7777777777777778,0.6666666666666666,0.4166666666666667,0.12149532710280374,1.0,1.0,1.0,1.0,1.0,0.5555555555555556,0.7777777777777778,0.5555555555555556,0.7777777777777778,0.7777777777777778,0.2222222222222222,0.5555555555555556,,,
NL023C,Helmond,NL,12,0.7685185185185185,0.7777777777777778,0.6666666666666666,0.4166666666666667,0.12149532710280374,1.0,1.0,1.0,1.0,1.0,0.5555555555555556,0.7777777777777778,0.5555555555555556,0.7777777777777778,0.7777777777777778,0.2222222222222222,0.5555555555555556,,,
NL024C,Hengelo,NL,12,0.7685185185185185,0.7777777777777778,0.6666666666666666,0.4166666666666667,0.12149532710280374,1.0,1.0,1.0,1.0,1.0,0.5555555555555556,0.7777777777777778,0.5555555555555556,0.7777777777777778,0.7777777777777778,0.2222222222222222,0.5555555555555556,,,
NL025C,'s-Hertogenbosch,NL,12,0.7685185185185185,0.7777777777777778,0.6666666666666666,0.4166666666666667,0.12149532710280374,1.0,1.0,1.0,1.0,1.0,0.5555555555555556,0.7777777777777778,0.5555555555555556,0.7777777777777778,0.7777777777777778,0.2222222222222222,0.5555555555555556,,,
NL026C,Hilversum,NL,12,0.7685185185185185,0.7777777777777778,0.6666666666666666,0.4166666666666667,0.12037037037037036,1.0,1.0,1.0,1.0,1.0,0.5555555555555556,0.7777777777777778,0.5555555555555556,0.7777777777777778,0.7777777777777778,0.2222222222222222,0.5555555555555556,,,
NL027C,Hoorn,NL,12,0.7685185185185185,0.7777777777777778,0.6666666666666666,0.4166666666666667,0.12037037037037036,1.0,1.0,1.0,1.0,1.0,0.5555555555555556,0.7777777777777778,0.5555555555555556,0.7777777777777778,0.7777777777777778,0.2222222222222222,0.5555555555555556,,,
NL028C,Leeuwarden,NL,12,0.7685185185185185,0.7777777777777778,0.6666666666666666,0.4166666666666667,0.12149532710280374,1.0,1.0,1.0,1.0,1.0,0.5555555555555556,0.7777777777777778,0.5555555555555556,0.7777777777777778,0.7777777777777778,0.2222222222222222,0.5555555555555556,,,
NL029C,Leiden (greater city),NL,12,0.7685185185185185,0.7777777777777778,0.6666666666666666,0.4166666666666667,0.12149532710280374,1.0,1.0,1.0,1.0,1.0,0.5555555555555556,0.7777777777777778,0.5555555555555556,0.7777777777777778,0.7777777777777778,0.2222222222222222,0.5555555555555556,,,
NL030C,Lelystad,NL,12,0.7685185185185185,0.7777777777777778,0.6666666666666666,0.4166666666666667,0.12149532710280374,1.0,1.0,1.0,1.0,1.0,0.5555555555555556,0.7777777777777778,0.5555555555555556,0.7777777777777778,0.7777777777777778,0.2222222222222222,0.5555555555555556,,,
NL031C,Maastricht,NL,12,0.7685185185185185,0.7777777777777778,0.6666666666666666,0.4166666666666667,0.12149532710280374,1.0,1.0,1.0,1.0,1.0,0.5555555555555556,0.7777777777777778,0.5555555555555556,0.7777777777777778,0.7777777777777778,0.2222222222222222,0.5555555555555556,,,
NL032C,Middelburg       ,NL,12,0.7685185185185185,0.7777777777777778,0.6666666666666666,0.4166666666666667,0.12037037037037036,1.0,1.0,1.0,1.0,1.0,0.5555555555555556,0.7777777777777778,0.5555555555555556,0.7777777777777778,0.7777777777777778,0.2222222222222222,0.5555555555555556,,,
NL033C,Nijmegen,NL,12,0.7685185185185185,0.7777777777777778,0.6666666666666666,0.4166666666666667,0.12037037037037036,1.0,1.0,1.0,1.0,1.0,0.5555555555555556,0.7777777777777778,0.5555555555555556,0.7777777777777778,0.7777777777777778,0.2222222222222222,0.5555555555555556,,,
NL034C,Nissewaard (greater city),NL,12,0.7685185185185185,0.7777777777777778,0.6666666666666666,0.4166666666666667,0.12149532710280374,1.0,1.0,1.0,1.0,1.0,0.5555555555555556,0.7777777777777778,0.5555555555555556,0.7777777777777778,0.7777777777777778,0.2222222222222222,0.5555555555555556,,,
NL035C,Oss,NL,12,0.7685185185185185,0.7777777777777778,0.6666666666666666,0.4166666666666667,0.12149532710280374,1.0,1.0,1.0,1.0,1.0,0.5555555555555556,0.7777777777777778,0.5555555555555556,0.7777777777777778,0.7777777777777778,0.2222222222222222,0.5555555555555556,,,
NL036C,Purmerend,NL,12,0.7685185185185185,0.7777777777777778,0.6666666666666666,0.4166666666666667,0.12149532710280374,1.0,1.0,1.0,1.0,1.0,0.5555555555555556,0.7777777777777778,0.5555555555555556,0.7777777777777778,0.7777777777777778,0.2222222222222222,0.5555555555555556,,,
NL037C,Rotterdam (greater city),NL,12,0.7685185185185185,0.7777777777777778,0.6666666666666666,0.4166666666666667,0.12149532710280374,1.0,1.0,1.0,1.0,1.0,0.5555555555555556,0.7777777777777778,0.5555555555555556,0.7777777777777778,0.7777777777777778,0.2222222222222222,0.5555555555555556,,,
NL038C,Roosendaal,NL,12,0.7685185185185185,0.7777777777777778,0.6666666666666666,0.4166666666666667,0.12037037037037036,1.0,1.0,1.0,1.0,1.0,0.5555555555555556,0.7777777777777778,0.5555555555555556,0.7777777777777778,0.7777777777777778,0.2222222222222222,0.5555555555555556,,,
NL039C,Sittard-Geleen (greater city),NL,12,0.7685185185185185,0.7777777777777778,0.6666666666666666,0.4166666666666667,0.12149532710280374,1.0,1.0,1.0,1.0,1.0,0.5555555555555556,0.7777777777777778,0.5555555555555556,0.7777777777777778,0.7777777777777778,0.2222222222222222,0.5555555555555556,,,
NL040C,Soest (greater city),NL,12,0.7685185185185185,0.7777777777777778,0.6666666666666666,0.4166666666666667,0.12149532710280374,1.0,1.0,1.0,1.0,1.0,0.5555555555555556,0.7777777777777778,0.5555555555555556,0.7777777777777778,0.7777777777777778,0.2222222222222222,0.5555555555555556,,,
NL041C,Tilburg (greater city),NL,12,0.7685185185185185,0.7777777777777778,0.6666666666666666,0.4166666666666667,0.12149532710280374,1.0,1.0,1.0,1.0,1.0,0.5555555555555556,0.7777777777777778,0.5555555555555556,0.7777777777777778,0.7777777777777778,0.2222222222222222,0.5555555555555556,,,
NL042C,Utrecht (greater city),NL,12,0.7685185185185185,0.7777777777777778,0.6666666666666666,0.4166666666666667,0.12037037037037036,1.0,1.0,1.0,1.0,1.0,0.5555555555555556,0.7777777777777778,0.5555555555555556,0.7777777777777778,0.7777777777777778,0.2222222222222222,0.5555555555555556,,,
NL043C,Veenendaal,NL,12,0.7685185185185185,0.7777777777777778,0.6666666666666666,0.4166666666666667,0.12149532710280374,1.0,1.0,1.0,1.0,1.0,0.5555555555555556,0.7777777777777778,0.5555555555555556,0.7777777777777778,0.7777777777777778,0.2222222222222222,0.5555555555555556,,,
NL044C,Venlo,NL,12,0.7685185185185185,0.7777777777777778,0.6666666666666666,0.4166666666666667,0.12149532710280374,1.0,1.0,1.0,1.0,1.0,0.5555555555555556,0.7777777777777778,0.5555555555555556,0.7777777777777778,0.7777777777777778,0.2222222222222222,0.5555555555555556,,,
NL045C,Zaanstad (greater city),NL,12,0.7685185185185185,0.7777777777777778,0.6666666666666666,0.4166666666666667,0.12149532710280374,1.0,1.0,1.0,1.0,1.0,0.5555555555555556,0.7777777777777778,0.5555555555555556,0.7777777777777778,0.7777777777777778,0.2222222222222222,0.5555555555555556,,,
NL046C,Zoetermeer,NL,12,0.7685185185185185,0.7777777777777778,0.6666666666666666,0.4166666666666667,0.12149532710280374,1.0,1.0,1.0,1.0,1.0,0.5555555555555556,0.7777777777777778,0.5555555555555556,0.7777777777777778,0.7777777777777778,0.2222222222222222,0.5555555555555556,,,
NL047C,Zwolle,NL,12,0.7685185185185185,0.7777777777777778,0.6666666666666666,0.4166666666666667,0.12149532710280374,1.0,1.0,1.0,1.0,1.0,0.5555555555555556,0.7777777777777778,0.5555555555555556,0.7777777777777778,0.7777777777777778,0.2222222222222222,0.5555555555555556,,,
NO001C,Oslo (greater city),NO,9,0.6172839506172839,1.0,0.5555555555555556,0.5555555555555556,0.0,1.0,1.0,1.0,1.0,1.0,0.1111111111111111,,0.1111111111111111,0.2222222222222222,0.1111111111111111,,,,,
NO002C,Bergen,NO,9,0.6172839506172839,1.0,0.5555555555555556,0.5555555555555556,0.0,1.0,1.0,1.0,1.0,1.0,0.1111111111111111,,0.1111111111111111,0.2222222222222222,0.1111111111111111,,,,,
NO003C,Trondheim,NO,9,0.6172839506172839,1.0,0.5555555555555556,0.5555555555555556,0.0,1.0,1.0,1.0,1.0,1.0,0.1111111111111111,,0.1111111111111111,0.2222222222222222,0.1111111111111111,,,,,
NO004C,Stavanger (greater city),NO,9,0.6049382716049383,1.0,0.5555555555555556,0.5555555555555556,0.0,1.0,1.0,1.0,1.0,1.0,0.1111111111111111,,0.1111111111111111,0.1111111111111111,0.1111111111111111,,,,,
PL001C,Warszawa,PL,11,0.6868686868686869,0.5555555555555556,0.45454545454545453,0.45454545454545453,0.08974358974358974,1.0,1.0,1.0,1.0,1.0,0.2222222222222222,0.5555555555555556,0.2222222222222222,0.5555555555555556,,0.4444444444444444,0.5555555555555556,,,
PL002C,Łódź,PL,11,0.6868686868686869,0.5555555555555556,0.45454545454545453,0.45454545454545453,0.08974358974358974,1.0,1.0,1.0,1.0,1.0,0.2222222222222222,0.5555555555555556,0.2222222222222222,0.5555555555555556,,0.4444444444444444,0.5555555555555556,,,
PL003C,Kraków,PL,11,0.6868686868686869,0.5555555555555556,0.45454545454545453,0.45454545454545453,0.08974358974358974,1.0,1.0,1.0,1.0,1.0,0.2222222222222222,0.5555555555555556,0.2222222222222222,0.5555555555555556,,0.4444444444444444,0.5555555555555556,,,
PL004C,Wrocław,PL,11,0.6868686868686869,0.5555555555555556,0.45454545454545453,0.45454545454545453,0.08974358974358974,1.0,1.0,1.0,1.0,1.0,0.2222222222222222,0.5555555555555556,0.2222222222222222,0.5555555555555556,,0.4444444444444444,0.5555555555555556,,,
PL005C,Poznań,PL,11,0.6868686868686869,0.5555555555555556,0.45454545454545453,0.45454545454545453,0.08974358974358974,1.0,1.0,1.0,1.0,1.0,0.2222222222222222,0.5555555555555556,0.2222222222222222,0.5555555555555556,,0.4444444444444444,0.5555555555555556,,,
PL006C,Gdańsk,PL,11,0.6868686868686869,0.5555555555555556,0.45454545454545453,0.45454545454545453,0.08974358974358974,1.0,1.0,1.0,1.0,1.0,0.2222222222222222,0.5555555555555556,0.2222222222222222,0.5555555555555556,,0.4444444444444444,0.5555555555555556,,,
PL007C,Szczecin,PL,11,0.6868686868686869,0.5555555555555556,0.45454545454545453,0.45454545454545453,0.08974358974358974,1.0,1.0,1.0,1.0,1.0,0.2222222222222222,0.5555555555555556,0.2222222222222222,0.5555555555555556,,0.4444444444444444,0.5555555555555556,,,
PL008C,Bydgoszcz,PL,11,0.6868686868686869,0.5555555555555556,0.45454545454545453,0.45454545454545453,0.08974358974358974,1.0,1.0,1.0,1.0,1.0,0.2222222222222222,0.5555555555555556,0.2222222222222222,0.5555555555555556,,0.4444444444444444,0.5555555555555556,,,
PL009C,Lublin,PL,11,0.6868686868686869,0.5555555555555556,0.45454545454545453,0.45454545454545453,0.08974358974358974,1.0,1.0,1.0,1.0,1.0,0.2222222222222222,0.5555555555555556,0.2222222222222222,0.5555555555555556,,0.4444444444444444,0.5555555555555556,,,
PL010C,Katowice,PL,11,0.6868686868686869,0.5555555555555556,0.45454545454545453,0.45454545454545453,0.08974358974358974,1.0,1.0,1.0,1.0,1.0,0.2222222222222222,0.5555555555555556,0.2222222222222222,0.5555555555555556,,0.4444444444444444,0.5555555555555556,,,
PL011C,Białystok,PL,11,0.6868686868686869,0.5555555555555556,0.45454545454545453,0.45454545454545453,0.08974358974358974,1.0,1.0,1.0,1.0,1.0,0.2222222222222222,0.5555555555555556,0.2222222222222222,0.5555555555555556,,0.4444444444444444,0.5555555555555556,,,
PL012C,Kielce,PL,11,0.6868686868686869,0.5555555555555556,0.45454545454545453,0.45454545454545453,0.08974358974358974,1.0,1.0,1.0,1.0,1.0,0.2222222222222222,0.5555555555555556,0.2222222222222222,0.5555555555555556,,0.4444444444444444,0.5555555555555556,,,
PL013C,Toruń,PL,11,0.6868686868686869,0.5555555555555556,0.45454545454545453,0.45454545454545453,0.08974358974358974,1.0,1.0,1.0,1.0,1.0,0.2222222222222222,0.5555555555555556,0.2222222222222222,0.5555555555555556,,0.4444444444444444,0.5555555555555556,,,
PL014C,Olsztyn,PL,11,0.6868686868686869,0.5555555555555556,0.45454545454545453,0.45454545454545453,0.08974358974358974,1.0,1.0,1.0,1.0,1.0,0.2222222222222222,0.5555555555555556,0.2222222222222222,0.5555555555555556,,0.4444444444444444,0.5555555555555556,,,
PL015C,Rzeszów,PL,11,0.6868686868686869,0.5555555555555556,0.45454545454545453,0.45454545454545453,0.08974358974358974,1.0,1.0,1.0,1.0,1.0,0.2222222222222222,0.5555555555555556,0.2222222222222222,0.5555555555555556,,0.4444444444444444,0.5555555555555556,,,
PL016C,Opole,PL,11,0.6868686868686869,0.5555555555555556,0.45454545454545453,0.45454545454545453,0.08974358974358974,1.0,1.0,1.0,1.0,1.0,0.2222222222222222,0.5555555555555556,0.2222222222222222,0.5555555555555556,,0.4444444444444444,0.5555555555555556,,,
PL017C,Gorzów Wielkopolski,PL,11,0.6868686868686869,0.5555555555555556,0.45454545454545453,0.45454545454545453,0.08974358974358974,1.0,1.0,1.0,1.0,1.0,0.2222222222222222,0.5555555555555556,0.2222222222222222,0.5555555555555556,,0.4444444444444444,0.5555555555555556,,,
PL018C,Zielona Góra,PL,11,0.6868686868686869,0.5555555555555556,0.45454545454545453,0.45454545454545453,0.08974358974358974,1.0,1.0,1.0,1.0,1.0,0.2222222222222222,0.5555555555555556,0.2222222222222222,0.5555555555555556,,0.4444444444444444,0.5555555555555556,,,
PL019C,Jelenia Góra,PL,11,0.6868686868686869,0.5555555555555556,0.45454545454545453,0.45454545454545453,0.08974358974358974,1.0,1.0,1.0,1.0,1.0,0.2222222222222222,0.5555555555555556,0.2222222222222222,0.5555555555555556,,0.4444444444444444,0.5555555555555556,,,
PL020C,Nowy Sącz,PL,11,0.6868686868686869,0.5555555555555556,0.45454545454545453,0.45454545454545453,0.08974358974358974,1.0,1.0,1.0,1.0,1.0,0.2222222222222222,0.5555555555555556,0.2222222222222222,0.5555555555555556,,0.4444444444444444,0.5555555555555556,,,
PL021C,Suwałki,PL,11,0.6868686868686869,0.5555555555555556,0.45454545454545453,0.45454545454545453,0.08974358974358974,1.0,1.0,1.0,1.0,1.0,0.2222222222222222,0.5555555555555556,0.2222222222222222,0.5555555555555556,,0.4444444444444444,0.5555555555555556,,,
PL022C,Konin,PL,11,0.6868686868686869,0.5555555555555556,0.45454545454545453,0.45454545454545453,0.08974358974358974,1.0,1.0,1.0,1.0,1.0,0.2222222222222222,0.5555555555555556,0.2222222222222222,0.5555555555555556,,0.4444444444444444,0.5555555555555556,,,
PL023C,Zory,PL,11,0.6868686868686869,0.5555555555555556,0.45454545454545453,0.45454545454545453,0.08974358974358974,1.0,1.0,1.0,1.0,1.0,0.2222222222222222,0.5555555555555556,0.2222222222222222,0.5555555555555556,,0.4444444444444444,0.5555555555555556,,,
PL024C,Częstochowa,PL,11,0.6868686868686869,0.5555555555555556,0.45454545454545453,0.45454545454545453,0.08974358974358974,1.0,1.0,1.0,1.0,1.0,0.2222222222222222,0.5555555555555556,0.2222222222222222,0.5555555555555556,,0.4444444444444444,0.5555555555555556,,,
PL025C,Radom,PL,11,0.6868686868686869,0.5555555555555556,0.45454545454545453,0.45454545454545453,0.08974358974358974,1.0,1.0,1.0,1.0,1.0,0.2222222222222222,0.5555555555555556,0.2222222222222222,0.5555555555555556,,0.4444444444444444,0.5555555555555556,,,
PL026C,Płock,PL,11,0.6868686868686869,0.5555555555555556,0.45454545454545453,0.45454545454545453,0.08974358974358974,1.0,1.0,1.0,1.0,1.0,0.2222222222222222,0.5555555555555556,0.2222222222222222,0.5555555555555556,,0.4444444444444444,0.5555555555555556,,,
PL027C,Kalisz,PL,11,0.6868686868686869,0.5555555555555556,0.45454545454545453,0.45454545454545453,0.08974358974358974,1.0,1.0,1.0,1.0,1.0,0.2222222222222222,0.5555555555555556,0.2222222222222222,0.5555555555555556,,0.4444444444444444,0.5555555555555556,,,
PL028C,Koszalin,PL,11,0.6868686868686869,0.5555555555555556,0.45454545454545453,0.45454545454545453,0.09090909090909091,1.0,1.0,1.0,1.0,1.0,0.2222222222222222,0.5555555555555556,0.2222222222222222,0.5555555555555556,,0.4444444444444444,0.5555555555555556,,,
PL029C,Słupsk,PL,11,0.6868686868686869,0.5555555555555556,0.45454545454545453,0.45454545454545453,0.08974358974358974,1.0,1.0,1.0,1.0,1.0,0.2222222222222222,0.5555555555555556,0.2222222222222222,0.5555555555555556,,0.4444444444444444,0.5555555555555556,,,
PL030C,Jastrzębie-Zdrój,PL,11,0.6868686868686869,0.5555555555555556,0.45454545454545453,0.45454545454545453,0.0945945945945946,1.0,1.0,1.0,1.0,1.0,0.2222222222222222,0.5555555555555556,0.2222222222222222,0.5555555555555556,,0.4444444444444444,0.5555555555555556,,,
PL031C,Siedlce,PL,11,0.6868686868686869,0.5555555555555556,0.45454545454545453,0.45454545454545453,0.08974358974358974,1.0,1.0,1.0,1.0,1.0,0.2222222222222222,0.5555555555555556,0.2222222222222222,0.5555555555555556,,0.4444444444444444,0.5555555555555556,,,
PL032C,Piotrków Trybunalski,PL,11,0.6868686868686869,0.5555555555555556,0.45454545454545453,0.45454545454545453,0.08974358974358974,1.0,1.0,1.0,1.0,1.0,0.2222222222222222,0.5555555555555556,0.2222222222222222,0.5555555555555556,,0.4444444444444444,0.5555555555555556,,,
PL033C,Lubin,PL,11,0.6868686868686869,0.5555555555555556,0.45454545454545453,0.45454545454545453,0.07246376811594203,1.0,1.0,1.0,1.0,1.0,0.2222222222222222,0.5555555555555556,0.2222222222222222,0.5555555555555556,,0.4444444444444444,0.5555555555555556,,,
PL034C,Piła,PL,11,0.6868686868686869,0.5555555555555556,0.45454545454545453,0.45454545454545453,0.07246376811594203,1.0,1.0,1.0,1.0,1.0,0.2222222222222222,0.5555555555555556,0.2222222222222222,0.5555555555555556,,0.4444444444444444,0.5555555555555556,,,
PL035C,Inowroc?aw,PL,11,0.6868686868686869,0.5555555555555556,0.45454545454545453,0.45454545454545453,0.07246376811594203,1.0,1.0,1.0,1.0,1.0,0.2222222222222222,0.5555555555555556,0.2222222222222222,0.5555555555555556,,0.4444444444444444,0.5555555555555556,,,
PL036C,Ostrowiec Swietokrzyski,PL,11,0.6868686868686869,0.5555555555555556,0.45454545454545453,0.45454545454545453,0.07246376811594203,1.0,1.0,1.0,1.0,1.0,0.2222222222222222,0.5555555555555556,0.2222222222222222,0.5555555555555556,,0.4444444444444444,0.5555555555555556,,,
PL037C,Gniezno,PL,11,0.6868686868686869,0.5555555555555556,0.45454545454545453,0.45454545454545453,0.07246376811594203,1.0,1.0,1.0,1.0,1.0,0.2222222222222222,0.5555555555555556,0.2222222222222222,0.5555555555555556,,0.4444444444444444,0.5555555555555556,,,
PL038C,Stargard,PL,11,0.6868686868686869,0.5555555555555556,0.45454545454545453,0.45454545454545453,0.07246376811594203,1.0,1.0,1.0,1.0,1.0,0.2222222222222222,0.5555555555555556,0.2222222222222222,0.5555555555555556,,0.4444444444444444,0.5555555555555556,,,
PL039C,Ostrów Wielkopolski,PL,11,0.6868686868686869,0.5555555555555556,0.45454545454545453,0.45454545454545453,0.07246376811594203,1.0,1.0,1.0,1.0,1.0,0.2222222222222222,0.5555555555555556,0.2222222222222222,0.5555555555555556,,0.4444444444444444,0.5555555555555556,,,
PL040C,Przemysl,PL,11,0.6868686868686869,0.5555555555555556,0.45454545454545453,0.45454545454545453,0.08974358974358974,1.0,1.0,1.0,1.0,1.0,0.2222222222222222,0.5555555555555556,0.2222222222222222,0.5555555555555556,,0.4444444444444444,0.5555555555555556,,,
PL041C,Zamość,PL,11,0.6868686868686869,0.5555555555555556,0.45454545454545453,0.45454545454545453,0.08974358974358974,1.0,1.0,1.0,1.0,1.0,0.2222222222222222,0.5555555555555556,0.2222222222222222,0.5555555555555556,,0.4444444444444444,0.5555555555555556,,,
PL042C,Chełm,PL,11,0.6868686868686869,0.5555555555555556,0.45454545454545453,0.45454545454545453,0.08974358974358974,1.0,1.0,1.0,1.0,1.0,0.2222222222222222,0.5555555555555556,0.2222222222222222,0.5555555555555556,,0.4444444444444444,0.5555555555555556,,,
PL043C,Pabianice,PL,11,0.6868686868686869,0.5555555555555556,0.45454545454545453,0.45454545454545453,0.07246376811594203,1.0,1.0,1.0,1.0,1.0,0.2222222222222222,0.5555555555555556,0.2222222222222222,0.5555555555555556,,0.4444444444444444,0.5555555555555556,,,
PL044C,Głogów,PL,11,0.6868686868686869,0.5555555555555556,0.45454545454545453,0.45454545454545453,0.07246376811594203,1.0,1.0,1.0,1.0,1.0,0.2222222222222222,0.5555555555555556,0.2222222222222222,0.5555555555555556,,0.4444444444444444,0.5555555555555556,,,
PL045C,Stalowa Wola,PL,11,0.6868686868686869,0.5555555555555556,0.45454545454545453,0.45454545454545453,0.07246376811594203,1.0,1.0,1.0,1.0,1.0,0.2222222222222222,0.5555555555555556,0.2222222222222222,0.5555555555555556,,0.4444444444444444,0.5555555555555556,,,
PL046C,Tomaszów Mazowiecki,PL,11,0.6868686868686869,0.5555555555555556,0.45454545454545453,0.45454545454545453,0.07246376811594203,1.0,1.0,1.0,1.0,1.0,0.2222222222222222,0.5555555555555556,0.2222222222222222,0.5555555555555556,,0.4444444444444444,0.5555555555555556,,,
PL047C,Łomża,PL,11,0.6868686868686869,0.5555555555555556,0.45454545454545453,0.45454545454545453,0.08974358974358974,1.0,1.0,1.0,1.0,1.0,0.2222222222222222,0.5555555555555556,0.2222222222222222,0.5555555555555556,,0.4444444444444444,0.5555555555555556,,,
PL048C,Leszno,PL,11,0.6868686868686869,0.5555555555555556,0.45454545454545453,0.45454545454545453,0.08974358974358974,1.0,1.0,1.0,1.0,1.0,0.2222222222222222,0.5555555555555556,0.2222222222222222,0.5555555555555556,,0.4444444444444444,0.5555555555555556,,,
PL049C,Swidnica,PL,11,0.6868686868686869,0.5555555555555556,0.45454545454545453,0.45454545454545453,0.07246376811594203,1.0,1.0,1.0,1.0,1.0,0.2222222222222222,0.5555555555555556,0.2222222222222222,0.5555555555555556,,0.4444444444444444,0.5555555555555556,,,
PL050C,Zgierz,PL,11,0.6868686868686869,0.5555555555555556,0.45454545454545453,0.45454545454545453,0.07246376811594203,1.0,1.0,1.0,1.0,1.0,0.2222222222222222,0.5555555555555556,0.2222222222222222,0.5555555555555556,,0.4444444444444444,0.5555555555555556,,,
PL051C,Tczew,PL,11,0.6868686868686869,0.5555555555555556,0.45454545454545453,0.45454545454545453,0.07246376811594203,1.0,1.0,1.0,1.0,1.0,0.2222222222222222,0.5555555555555556,0.2222222222222222,0.5555555555555556,,0.4444444444444444,0.5555555555555556,,,
PL052C,Ełk,PL,11,0.6868686868686869,0.5555555555555556,0.45454545454545453,0.45454545454545453,0.07246376811594203,1.0,1.0,1.0,1.0,1.0,0.2222222222222222,0.5555555555555556,0.2222222222222222,0.5555555555555556,,0.4444444444444444,0.5555555555555556,,,
PL053C,Gdynia,PL,11,0.6868686868686869,0.5555555555555556,0.45454545454545453,0.45454545454545453,0.08974358974358974,1.0,1.0,1.0,1.0,1.0,0.2222222222222222,0.5555555555555556,0.2222222222222222,0.5555555555555556,,0.4444444444444444,0.5555555555555556,,,
PL054C,Sosnowiec,PL,11,0.6868686868686869,0.5555555555555556,0.45454545454545453,0.45454545454545453,0.08974358974358974,1.0,1.0,1.0,1.0,1.0,0.2222222222222222,0.5555555555555556,0.2222222222222222,0.5555555555555556,,0.4444444444444444,0.5555555555555556,,,
PL055C,Gliwice,PL,11,0.6868686868686869,0.5555555555555556,0.45454545454545453,0.45454545454545453,0.08974358974358974,1.0,1.0,1.0,1.0,1.0,0.2222222222222222,0.5555555555555556,0.2222222222222222,0.5555555555555556,,0.4444444444444444,0.5555555555555556,,,
PL056C,Zabrze,PL,11,0.6868686868686869,0.5555555555555556,0.45454545454545453,0.45454545454545453,0.08974358974358974,1.0,1.0,1.0,1.0,1.0,0.2222222222222222,0.5555555555555556,0.2222222222222222,0.5555555555555556,,0.4444444444444444,0.5555555555555556,,,
PL057C,Bytom,PL,11,0.6868686868686869,0.5555555555555556,0.45454545454545453,0.45454545454545453,0.08974358974358974,1.0,1.0,1.0,1.0,1.0,0.2222222222222222,0.5555555555555556,0.2222222222222222,0.5555555555555556,,0.4444444444444444,0.5555555555555556,,,
PL058C,Bielsko-Biała,PL,11,0.6868686868686869,0.5555555555555556,0.45454545454545453,0.45454545454545453,0.08974358974358974,1.0,1.0,1.0,1.0,1.0,0.2222222222222222,0.5555555555555556,0.2222222222222222,0.5555555555555556,,0.4444444444444444,0.5555555555555556,,,
PL059C,Ruda Śląska,PL,11,0.6868686868686869,0.5555555555555556,0.45454545454545453,0.45454545454545453,0.09090909090909091,1.0,1.0,1.0,1.0,1.0,0.2222222222222222,0.5555555555555556,0.2222222222222222,0.5555555555555556,,0.4444444444444444,0.5555555555555556,,,
PL060C,Rybnik,PL,11,0.6868686868686869,0.5555555555555556,0.45454545454545453,0.45454545454545453,0.08974358974358974,1.0,1.0,1.0,1.0,1.0,0.2222222222222222,0.5555555555555556,0.2222222222222222,0.5555555555555556,,0.4444444444444444,0.5555555555555556,,,
PL061C,Tychy,PL,11,0.6868686868686869,0.5555555555555556,0.45454545454545453,0.45454545454545453,0.08974358974358974,1.0,1.0,1.0,1.0,1.0,0.2222222222222222,0.5555555555555556,0.2222222222222222,0.5555555555555556,,0.4444444444444444,0.5555555555555556,,,
PL062C,Wałbrzych,PL,11,0.6868686868686869,0.5555555555555556,0.45454545454545453,0.45454545454545453,0.08974358974358974,1.0,1.0,1.0,1.0,1.0,0.2222222222222222,0.5555555555555556,0.2222222222222222,0.5555555555555556,,0.4444444444444444,0.5555555555555556,,,
PL063C,Elbląg,PL,11,0.6868686868686869,0.5555555555555556,0.45454545454545453,0.45454545454545453,0.08974358974358974,1.0,1.0,1.0,1.0,1.0,0.2222222222222222,0.5555555555555556,0.2222222222222222,0.5555555555555556,,0.4444444444444444,0.5555555555555556,,,
PL064C,Włocławek,PL,11,0.6868686868686869,0.5555555555555556,0.45454545454545453,0.45454545454545453,0.08974358974358974,1.0,1.0,1.0,1.0,1.0,0.2222222222222222,0.5555555555555556,0.2222222222222222,0.5555555555555556,,0.4444444444444444,0.5555555555555556,,,
PL065C,Tarnów,PL,11,0.6868686868686869,0.5555555555555556,0.45454545454545453,0.45454545454545453,0.08974358974358974,1.0,1.0,1.0,1.0,1.0,0.2222222222222222,0.5555555555555556,0.2222222222222222,0.5555555555555556,,0.4444444444444444,0.5555555555555556,,,
PL066C,Chorzów,PL,11,0.6868686868686869,0.5555555555555556,0.45454545454545453,0.45454545454545453,0.08974358974358974,1.0,1.0,1.0,1.0,1.0,0.2222222222222222,0.5555555555555556,0.2222222222222222,0.5555555555555556,,0.4444444444444444,0.5555555555555556,,,
PL067C,Legnica,PL,11,0.6868686868686869,0.5555555555555556,0.45454545454545453,0.45454545454545453,0.08974358974358974,1.0,1.0,1.0,1.0,1.0,0.2222222222222222,0.5555555555555556,0.2222222222222222,0.5555555555555556,,0.4444444444444444,0.5555555555555556,,,
PL068C,Grudziądz,PL,11,0.6868686868686869,0.5555555555555556,0.45454545454545453,0.45454545454545453,0.08974358974358974,1.0,1.0,1.0,1.0,1.0,0.2222222222222222,0.5555555555555556,0.2222222222222222,0.5555555555555556,,0.4444444444444444,0.5555555555555556,,,
PT001C,Lisboa (greater city),PT,11,0.7272727272727273,1.0,0.6363636363636364,0.6363636363636364,0.0,1.0,1.0,1.0,1.0,1.0,1.0,0.1111111111111111,0.1111111111111111,1.0,0.1111111111111111,0.6666666666666666,,,,
PT002C,Porto (greater city),PT,11,0.7272727272727273,1.0,0.6363636363636364,0.6363636363636364,0.0,1.0,1.0,1.0,1.0,1.0,1.0,0.1111111111111111,0.1111111111111111,1.0,0.1111111111111111,0.6666666666666666,,,,
PT003C,Braga (greater city),PT,11,0.7272727272727273,1.0,0.6363636363636364,0.6363636363636364,0.0,1.0,1.0,1.0,1.0,1.0,1.0,0.1111111111111111,0.1111111111111111,1.0,0.1111111111111111,0.6666666666666666,,,,
PT004C,Funchal (greater city),PT,11,0.7272727272727273,1.0,0.6363636363636364,0.6363636363636364,0.0,1.0,1.0,1.0,1.0,1.0,1.0,0.1111111111111111,0.1111111111111111,1.0,0.1111111111111111,0.6666666666666666,,,,
PT005C,Coimbra (greater city),PT,11,0.7272727272727273,1.0,0.6363636363636364,0.6363636363636364,0.0,1.0,1.0,1.0,1.0,1.0,1.0,0.1111111111111111,0.1111111111111111,1.0,0.1111111111111111,0.6666666666666666,,,,
PT006C,Setúbal (greater city),PT,11,0.7272727272727273,1.0,0.6363636363636364,0.6363636363636364,0.0,1.0,1.0,1.0,1.0,1.0,1.0,0.1111111111111111,0.1111111111111111,1.0,0.1111111111111111,0.6666666666666666,,,,
PT007C,Ponta Delgada (greater city),PT,11,0.7272727272727273,1.0,0.6363636363636364,0.6363636363636364,0.0,1.0,1.0,1.0,1.0,1.0,1.0,0.1111111111111111,0.1111111111111111,1.0,0.1111111111111111,0.6666666666666666,,,,
PT008C,Aveiro (greater city),PT,11,0.7272727272727273,1.0,0.6363636363636364,0.6363636363636364,0.0,1.0,1.0,1.0,1.0,1.0,1.0,0.1111111111111111,0.1111111111111111,1.0,0.1111111111111111,0.6666666666666666,,,,
PT009C,Faro (greater city),PT,11,0.7272727272727273,1.0,0.6363636363636364,0.6363636363636364,0.0,1.0,1.0,1.0,1.0,1.0,1.0,0.1111111111111111,0.1111111111111111,1.0,0.1111111111111111,0.6666666666666666,,,,
PT010C,Viseu (greater city),PT,11,0.7272727272727273,1.0,0.6363636363636364,0.6363636363636364,0.0,1.0,1.0,1.0,1.0,1.0,1.0,0.1111111111111111,0.1111111111111111,1.0,0.1111111111111111,0.6666666666666666,,,,
PT011C,Viana do Castelo (greater city),PT,11,0.7272727272727273,1.0,0.6363636363636364,0.6363636363636364,0.0,1.0,1.0,1.0,1.0,1.0,1.0,0.1111111111111111,0.1111111111111111,1.0,0.1111111111111111,0.6666666666666666,,,,
PT012C,Paredes (greater city),PT,11,0.7272727272727273,1.0,0.6363636363636364,0.6363636363636364,0.0,1.0,1.0,1.0,1.0,1.0,1.0,0.1111111111111111,0.1111111111111111,1.0,0.1111111111111111,0.6666666666666666,,,,
PT013C,Póvoa de Varzim (greater city),PT,11,0.7272727272727273,1.0,0.6363636363636364,0.6363636363636364,0.0,1.0,1.0,1.0,1.0,1.0,1.0,0.1111111111111111,0.1111111111111111,1.0,0.1111111111111111,0.6666666666666666,,,,
PT014C,Sintra (greater city),PT,11,0.7272727272727273,1.0,0.6363636363636364,0.6363636363636364,0.0,1.0,1.0,1.0,1.0,1.0,1.0,0.1111111111111111,0.1111111111111111,1.0,0.1111111111111111,0.6666666666666666,,,,
PT015C,Guimarães (greater city),PT,11,0.7272727272727273,1.0,0.6363636363636364,0.6363636363636364,0.0,1.0,1.0,1.0,1.0,1.0,1.0,0.1111111111111111,0.1111111111111111,1.0,0.1111111111111111,0.6666666666666666,,,,
PT016C,Vila Franca de Xira (greater city),PT,11,0.7272727272727273,1.0,0.6363636363636364,0.6363636363636364,0.0,1.0,1.0,1.0,1.0,1.0,1.0,0.1111111111111111,0.1111111111111111,1.0,0.1111111111111111,0.6666666666666666,,,,
RO001C,Bucuresti,RO,12,0.6203703703703703,0.4444444444444444,0.4166666666666667,0.4166666666666667,0.07462686567164178,1.0,1.0,1.0,1.0,1.0,0.4444444444444444,0.3333333333333333,0.4444444444444444,0.3333333333333333,0.2222222222222222,0.4444444444444444,0.2222222222222222,,,
RO002C,Cluj-Napoca,RO,12,0.6203703703703703,0.4444444444444444,0.4166666666666667,0.4166666666666667,0.07462686567164178,1.0,1.0,1.0,1.0,1.0,0.4444444444444444,0.3333333333333333,0.4444444444444444,0.3333333333333333,0.2222222222222222,0.4444444444444444,0.2222222222222222,,,
RO003C,Timișoara (greater city),RO,12,0.6203703703703703,0.4444444444444444,0.4166666666666667,0.4166666666666667,0.07462686567164178,1.0,1.0,1.0,1.0,1.0,0.4444444444444444,0.3333333333333333,0.4444444444444444,0.3333333333333333,0.2222222222222222,0.4444444444444444,0.2222222222222222,,,
RO004C,Craiova,RO,12,0.6203703703703703,0.4444444444444444,0.4166666666666667,0.4166666666666667,0.07462686567164178,1.0,1.0,1.0,1.0,1.0,0.4444444444444444,0.3333333333333333,0.4444444444444444,0.3333333333333333,0.2222222222222222,0.4444444444444444,0.2222222222222222,,,
RO005C,Brăila,RO,12,0.6203703703703703,0.4444444444444444,0.4166666666666667,0.4166666666666667,0.07462686567164178,1.0,1.0,1.0,1.0,1.0,0.4444444444444444,0.3333333333333333,0.4444444444444444,0.3333333333333333,0.2222222222222222,0.4444444444444444,0.2222222222222222,,,
RO006C,Oradea,RO,12,0.6203703703703703,0.4444444444444444,0.4166666666666667,0.4166666666666667,0.07462686567164178,1.0,1.0,1.0,1.0,1.0,0.4444444444444444,0.3333333333333333,0.4444444444444444,0.3333333333333333,0.2222222222222222,0.4444444444444444,0.2222222222222222,,,
RO007C,Bacău,RO,12,0.6203703703703703,0.4444444444444444,0.4166666666666667,0.4166666666666667,0.07462686567164178,1.0,1.0,1.0,1.0,1.0,0.4444444444444444,0.3333333333333333,0.4444444444444444,0.3333333333333333,0.2222222222222222,0.4444444444444444,0.2222222222222222,,,
RO008C,Arad,RO,12,0.6203703703703703,0.4444444444444444,0.4166666666666667,0.4166666666666667,0.07462686567164178,1.0,1.0,1.0,1.0,1.0,0.4444444444444444,0.3333333333333333,0.4444444444444444,0.3333333333333333,0.2222222222222222,0.4444444444444444,0.2222222222222222,,,
RO009C,Sibiu,RO,12,0.6203703703703703,0.4444444444444444,0.4166666666666667,0.4166666666666667,0.07462686567164178,1.0,1.0,1.0,1.0,1.0,0.4444444444444444,0.3333333333333333,0.4444444444444444,0.3333333333333333,0.2222222222222222,0.4444444444444444,0.2222222222222222,,,
RO010C,Târgu Mureș,RO,12,0.6203703703703703,0.4444444444444444,0.4166666666666667,0.4166666666666667,0.07462686567164178,1.0,1.0,1.0,1.0,1.0,0.4444444444444444,0.3333333333333333,0.4444444444444444,0.3333333333333333,0.2222222222222222,0.4444444444444444,0.2222222222222222,,,
RO011C,Piatra-Neamț,RO,12,0.6203703703703703,0.4444444444444444,0.4166666666666667,0.4166666666666667,0.07462686567164178,1.0,1.0,1.0,1.0,1.0,0.4444444444444444,0.3333333333333333,0.4444444444444444,0.3333333333333333,0.2222222222222222,0.4444444444444444,0.2222222222222222,,,
RO012C,Călărași,RO,12,0.6203703703703703,0.4444444444444444,0.4166666666666667,0.4166666666666667,0.07462686567164178,1.0,1.0,1.0,1.0,1.0,0.4444444444444444,0.3333333333333333,0.4444444444444444,0.3333333333333333,0.2222222222222222,0.4444444444444444,0.2222222222222222,,,
RO013C,Giurgiu,RO,12,0.6203703703703703,0.4444444444444444,0.4166666666666667,0.4166666666666667,0.07462686567164178,1.0,1.0,1.0,1.0,1.0,0.4444444444444444,0.3333333333333333,0.4444444444444444,0.3333333333333333,0.2222222222222222,0.4444444444444444,0.2222222222222222,,,
RO014C,Alba Iulia,RO,12,0.6203703703703703,0.4444444444444444,0.4166666666666667,0.4166666666666667,0.07462686567164178,1.0,1.0,1.0,1.0,1.0,0.4444444444444444,0.3333333333333333,0.4444444444444444,0.3333333333333333,0.2222222222222222,0.4444444444444444,0.2222222222222222,,,
RO015C,Focșani,RO,12,0.6203703703703703,0.4444444444444444,0.4166666666666667,0.4166666666666667,0.07462686567164178,1.0,1.0,1.0,1.0,1.0,0.4444444444444444,0.3333333333333333,0.4444444444444444,0.3333333333333333,0.2222222222222222,0.4444444444444444,0.2222222222222222,,,
RO016C,Târgu Jiu,RO,12,0.6203703703703703,0.4444444444444444,0.4166666666666667,0.4166666666666667,0.07462686567164178,1.0,1.0,1.0,1.0,1.0,0.4444444444444444,0.3333333333333333,0.4444444444444444,0.3333333333333333,0.2222222222222222,0.4444444444444444,0.2222222222222222,,,
RO017C,Tulcea,RO,12,0.6203703703703703,0.4444444444444444,0.4166666666666667,0.4166666666666667,0.07462686567164178,1.0,1.0,1.0,1.0,1.0,0.4444444444444444,0.3333333333333333,0.4444444444444444,0.3333333333333333,0.2222222222222222,0.4444444444444444,0.2222222222222222,,,
RO018C,Târgoviște,RO,12,0.6203703703703703,0.4444444444444444,0.4166666666666667,0.4166666666666667,0.07462686567164178,1.0,1.0,1.0,1.0,1.0,0.4444444444444444,0.3333333333333333,0.4444444444444444,0.3333333333333333,0.2222222222222222,0.4444444444444444,0.2222222222222222,,,
RO019C,Slatina,RO,12,0.6203703703703703,0.4444444444444444,0.4166666666666667,0.4166666666666667,0.07462686567164178,1.0,1.0,1.0,1.0,1.0,0.4444444444444444,0.3333333333333333,0.4444444444444444,0.3333333333333333,0.2222222222222222,0.4444444444444444,0.2222222222222222,,,
RO020C,Bârlad,RO,12,0.6203703703703703,0.4444444444444444,0.4166666666666667,0.4166666666666667,0.07462686567164178,1.0,1.0,1.0,1.0,1.0,0.4444444444444444,0.3333333333333333,0.4444444444444444,0.3333333333333333,0.2222222222222222,0.4444444444444444,0.2222222222222222,,,
RO021C,Roman,RO,12,0.6203703703703703,0.4444444444444444,0.4166666666666667,0.4166666666666667,0.07462686567164178,1.0,1.0,1.0,1.0,1.0,0.4444444444444444,0.3333333333333333,0.4444444444444444,0.3333333333333333,0.2222222222222222,0.4444444444444444,0.2222222222222222,,,
RO022C,Bistrița,RO,12,0.6203703703703703,0.4444444444444444,0.4166666666666667,0.4166666666666667,0.07462686567164178,1.0,1.0,1.0,1.0,1.0,0.4444444444444444,0.3333333333333333,0.4444444444444444,0.3333333333333333,0.2222222222222222,0.4444444444444444,0.2222222222222222,,,
RO023C,Constanța,RO,12,0.6203703703703703,0.4444444444444444,0.4166666666666667,0.4166666666666667,0.07462686567164178,1.0,1.0,1.0,1.0,1.0,0.4444444444444444,0.3333333333333333,0.4444444444444444,0.3333333333333333,0.2222222222222222,0.4444444444444444,0.2222222222222222,,,
RO024C,Iași (greater city),RO,12,0.6203703703703703,0.4444444444444444,0.4166666666666667,0.4166666666666667,0.07462686567164178,1.0,1.0,1.0,1.0,1.0,0.4444444444444444,0.3333333333333333,0.4444444444444444,0.3333333333333333,0.2222222222222222,0.4444444444444444,0.2222222222222222,,,
RO025C,Galați,RO,12,0.6203703703703703,0.4444444444444444,0.4166666666666667,0.4166666666666667,0.07462686567164178,1.0,1.0,1.0,1.0,1.0,0.4444444444444444,0.3333333333333333,0.4444444444444444,0.3333333333333333,0.2222222222222222,0.4444444444444444,0.2222222222222222,,,
RO026C,Brașov,RO,12,0.6203703703703703,0.4444444444444444,0.4166666666666667,0.4166666666666667,0.07462686567164178,1.0,1.0,1.0,1.0,1.0,0.4444444444444444,0.3333333333333333,0.4444444444444444,0.3333333333333333,0.2222222222222222,0.4444444444444444,0.2222222222222222,,,
RO027C,Ploiești,RO,12,0.6203703703703703,0.4444444444444444,0.4166666666666667,0.4166666666666667,0.07462686567164178,1.0,1.0,1.0,1.0,1.0,0.4444444444444444,0.3333333333333333,0.4444444444444444,0.3333333333333333,0.2222222222222222,0.4444444444444444,0.2222222222222222,,,
RO028C,Pitești,RO,12,0.6203703703703703,0.4444444444444444,0.4166666666666667,0.4166666666666667,0.07462686567164178,1.0,1.0,1.0,1.0,1.0,0.4444444444444444,0.3333333333333333,0.4444444444444444,0.3333333333333333,0.2222222222222222,0.4444444444444444,0.2222222222222222,,,
RO029C,Baia Mare,RO,12,0.6203703703703703,0.4444444444444444,0.4166666666666667,0.4166666666666667,0.07462686567164178,1.0,1.0,1.0,1.0,1.0,0.4444444444444444,0.3333333333333333,0.4444444444444444,0.3333333333333333,0.2222222222222222,0.4444444444444444,0.2222222222222222,,,
RO030C,Buzău,RO,12,0.6203703703703703,0.4444444444444444,0.4166666666666667,0.4166666666666667,0.07462686567164178,1.0,1.0,1.0,1.0,1.0,0.4444444444444444,0.3333333333333333,0.4444444444444444,0.3333333333333333,0.2222222222222222,0.4444444444444444,0.2222222222222222,,,
RO031C,Satu Mare,RO,12,0.6203703703703703,0.4444444444444444,0.4166666666666667,0.4166666666666667,0.07462686567164178,1.0,1.0,1.0,1.0,1.0,0.4444444444444444,0.3333333333333333,0.4444444444444444,0.3333333333333333,0.2222222222222222,0.4444444444444444,0.2222222222222222,,,
RO032C,Botoșani,RO,12,0.6203703703703703,0.4444444444444444,0.4166666666666667,0.4166666666666667,0.07462686567164178,1.0,1.0,1.0,1.0,1.0,0.4444444444444444,0.3333333333333333,0.4444444444444444,0.3333333333333333,0.2222222222222222,0.4444444444444444,0.2222222222222222,,,
RO033C,Râmnicu Vâlcea,RO,12,0.6203703703703703,0.4444444444444444,0.4166666666666667,0.4166666666666667,0.07462686567164178,1.0,1.0,1.0,1.0,1.0,0.4444444444444444,0.3333333333333333,0.4444444444444444,0.3333333333333333,0.2222222222222222,0.4444444444444444,0.2222222222222222,,,
RO034C,Suceava,RO,12,0.6203703703703703,0.4444444444444444,0.4166666666666667,0.4166666666666667,0.07462686567164178,1.0,1.0,1.0,1.0,1.0,0.4444444444444444,0.3333333333333333,0.4444444444444444,0.3333333333333333,0.2222222222222222,0.4444444444444444,0.2222222222222222,,,
RO035C,Drobeta-Turnu Severin,RO,12,0.6203703703703703,0.4444444444444444,0.4166666666666667,0.4166666666666667,0.07462686567164178,1.0,1.0,1.0,1.0,1.0,0.4444444444444444,0.3333333333333333,0.4444444444444444,0.3333333333333333,0.2222222222222222,0.4444444444444444,0.2222222222222222,,,
SE001C,Stockholm (greater city),SE,11,0.7373737373737373,1.0,0.6363636363636364,0.6363636363636364,0.12222222222222222,1.0,1.0,1.0,1.0,1.0,,0.3333333333333333,0.3333333333333333,1.0,1.0,0.2222222222222222,0.2222222222222222,,,
SE002C,Göteborg (greater city),SE,11,0.7373737373737373,1.0,0.6363636363636364,0.6363636363636364,0.12222222222222222,1.0,1.0,1.0,1.0,1.0,,0.3333333333333333,0.3333333333333333,1.0,1.0,0.2222222222222222,0.2222222222222222,,,
SE003C,Malmö,SE,11,0.7373737373737373,1.0,0.6363636363636364,0.6363636363636364,0.12222222222222222,1.0,1.0,1.0,1.0,1.0,,0.3333333333333333,0.3333333333333333,1.0,1.0,0.2222222222222222,0.2222222222222222,,,
SE004C,Jönköping,SE,11,0.7373737373737373,1.0,0.6363636363636364,0.6363636363636364,0.0,1.0,1.0,1.0,1.0,1.0,,0.3333333333333333,0.3333333333333333,1.0,1.0,0.2222222222222222,0.2222222222222222,,,
SE005C,Umeå,SE,11,0.7373737373737373,1.0,0.6363636363636364,0.6363636363636364,0.12222222222222222,1.0,1.0,1.0,1.0,1.0,,0.3333333333333333,0.3333333333333333,1.0,1.0,0.2222222222222222,0.2222222222222222,,,
SE006C,Uppsala,SE,11,0.7373737373737373,1.0,0.6363636363636364,0.6363636363636364,0.12222222222222222,1.0,1.0,1.0,1.0,1.0,,0.3333333333333333,0.3333333333333333,1.0,1.0,0.2222222222222222,0.2222222222222222,,,
SE007C,Linköping,SE,11,0.7373737373737373,1.0,0.6363636363636364,0.6363636363636364,0.12222222222222222,1.0,1.0,1.0,1.0,1.0,,0.3333333333333333,0.3333333333333333,1.0,1.0,0.2222222222222222,0.2222222222222222,,,
SE008C,Örebro,SE,11,0.7373737373737373,1.0,0.6363636363636364,0.6363636363636364,0.12222222222222222,1.0,1.0,1.0,1.0,1.0,,0.3333333333333333,0.3333333333333333,1.0,1.0,0.2222222222222222,0.2222222222222222,,,
SE009C,Södertälje,SE,11,0.7373737373737373,1.0,0.6363636363636364,0.6363636363636364,0.13414634146341464,1.0,1.0,1.0,1.0,1.0,,0.3333333333333333,0.3333333333333333,1.0,1.0,0.2222222222222222,0.2222222222222222,,,
SE010C,Västerås,SE,11,0.7373737373737373,1.0,0.6363636363636364,0.6363636363636364,0.12222222222222222,1.0,1.0,1.0,1.0,1.0,,0.3333333333333333,0.3333333333333333,1.0,1.0,0.2222222222222222,0.2222222222222222,,,
SE011C,Norrköping,SE,11,0.7373737373737373,1.0,0.6363636363636364,0.6363636363636364,0.12222222222222222,1.0,1.0,1.0,1.0,1.0,,0.3333333333333333,0.3333333333333333,1.0,1.0,0.2222222222222222,0.2222222222222222,,,
SE012C,Helsingborg,SE,11,0.7373737373737373,1.0,0.6363636363636364,0.6363636363636364,0.12222222222222222,1.0,1.0,1.0,1.0,1.0,,0.3333333333333333,0.3333333333333333,1.0,1.0,0.2222222222222222,0.2222222222222222,,,
SE013C,Lund,SE,11,0.7373737373737373,1.0,0.6363636363636364,0.6363636363636364,0.12222222222222222,1.0,1.0,1.0,1.0,1.0,,0.3333333333333333,0.3333333333333333,1.0,1.0,0.2222222222222222,0.2222222222222222,,,
SE014C,Borås,SE,11,0.7373737373737373,1.0,0.6363636363636364,0.6363636363636364,0.12222222222222222,1.0,1.0,1.0,1.0,1.0,,0.3333333333333333,0.3333333333333333,1.0,1.0,0.2222222222222222,0.2222222222222222,,,
SE015C,Växjö,SE,11,0.7373737373737373,1.0,0.6363636363636364,0.6363636363636364,0.024390243902439025,1.0,1.0,1.0,1.0,1.0,,0.3333333333333333,0.3333333333333333,1.0,1.0,0.2222222222222222,0.2222222222222222,,,
SI001C,Ljubljana,SI,12,0.9722222222222222,1.0,0.9166666666666666,0.9166666666666666,0.19285714285714287,1.0,1.0,1.0,1.0,1.0,1.0,1.0,1.0,1.0,1.0,0.6666666666666666,1.0,,,
SI002C,Maribor,SI,12,0.9722222222222222,1.0,0.9166666666666666,0.9166666666666666,0.19285714285714287,1.0,1.0,1.0,1.0,1.0,1.0,1.0,1.0,1.0,1.0,0.6666666666666666,1.0,,,
SK001C,Bratislava (greater city),SK,12,0.8240740740740741,0.8333333333333333,0.6666666666666666,0.4166666666666667,0.0,1.0,1.0,1.0,1.0,1.0,0.6666666666666666,0.5555555555555556,0.5555555555555556,0.8888888888888888,0.7777777777777778,0.6666666666666666,0.7777777777777778,,,
SK002C,Košice (greater city),SK,12,0.8240740740740741,0.8333333333333333,0.6666666666666666,0.4166666666666667,0.0,1.0,1.0,1.0,1.0,1.0,0.6666666666666666,0.5555555555555556,0.5555555555555556,0.8888888888888888,0.7777777777777778,0.6666666666666666,0.7777777777777778,,,
SK003C,Banská Bystrica,SK,12,0.8240740740740741,0.8333333333333333,0.6666666666666666,0.4166666666666667,0.0,1.0,1.0,1.0,1.0,1.0,0.6666666666666666,0.5555555555555556,0.5555555555555556,0.8888888888888888,0.7777777777777778,0.6666666666666666,0.7777777777777778,,,
SK004C,Nitra,SK,12,0.8240740740740741,0.8333333333333333,0.6666666666666666,0.4166666666666667,0.0,1.0,1.0,1.0,1.0,1.0,0.6666666666666666,0.5555555555555556,0.5555555555555556,0.8888888888888888,0.7777777777777778,0.6666666666666666,0.7777777777777778,,,
SK005C,Prešov,SK,12,0.8240740740740741,0.8333333333333333,0.6666666666666666,0.4166666666666667,0.0,1.0,1.0,1.0,1.0,1.0,0.6666666666666666,0.5555555555555556,0.5555555555555556,0.8888888888888888,0.7777777777777778,0.6666666666666666,0.7777777777777778,,,
SK006C,Žilina,SK,12,0.8240740740740741,0.8333333333333333,0.6666666666666666,0.4166666666666667,0.0,1.0,1.0,1.0,1.0,1.0,0.6666666666666666,0.5555555555555556,0.5555555555555556,0.8888888888888888,0.7777777777777778,0.6666666666666666,0.7777777777777778,,,
SK007C,Trnava,SK,12,0.8240740740740741,0.8333333333333333,0.6666666666666666,0.4166666666666667,0.0,1.0,1.0,1.0,1.0,1.0,0.6666666666666666,0.5555555555555556,0.5555555555555556,0.8888888888888888,0.7777777777777778,0.6666666666666666,0.7777777777777778,,,
SK008C,Trenčín,SK,12,0.8240740740740741,0.8333333333333333,0.6666666666666666,0.4166666666666667,0.0,1.0,1.0,1.0,1.0,1.0,0.6666666666666666,0.5555555555555556,0.5555555555555556,0.8888888888888888,0.7777777777777778,0.6666666666666666,0.7777777777777778,,,
SVK_Banska_Bystrica_SVK,"Banska Bystrica/SVK, Slovakia",SVK,3,0.875,0.875,1.0,0.0,0.0,,,,,,,,,,,,,0.875,0.875,0.875
SVK_Bardejov_SVK,"Bardejov/SVK, Slovakia",SVK,3,0.25,0.25,0.0,0.0,0.0,,,,,,,,,,,,,0.25,0.25,0.25
SVK_Bratislava_SVK,"Bratislava/SVK, Slovakia",SVK,3,0.8333333333333334,0.875,1.0,0.0,0.0,,,,,,,,,,,,,0.875,0.875,0.75
SVK_Dudince_SVK,"Dudince/SVK, Slovakia",SVK,3,0.125,0.125,0.0,0.0,0.0,,,,,,,,,,,,,0.125,0.125,0.125
SVK_Dunajska_Luzna_SVK,"Dunajska Luzna/SVK, Slovakia",SVK,2,0.25,0.25,0.0,0.0,0.0,,,,,,,,,,,,,0.25,0.25,
SVK_Galanta_SVK,"Galanta/SVK, Slovakia",SVK,3,0.25,0.25,0.0,0.0,0.0,,,,,,,,,,,,,0.25,0.25,0.25
SVK_Gelnica_SVK,"Gelnica/SVK, Slovakia",SVK,2,0.4375,0.4375,0.5,0.0,0.0,,,,,,,,,,,,,0.75,0.125,
SVK_Handlova_SVK,"Handlova/SVK, Slovakia",SVK,2,0.875,0.875,1.0,0.0,0.0,,,,,,,,,,,,,,0.875,0.875
SVK_Humenne_SVK,"Humenne/SVK, Slovakia",SVK,3,0.7916666666666666,0.75,1.0,0.0,0.0,,,,,,,,,,,,,0.75,0.75,0.875
SVK_Jelsava_SVK,"Jelsava/SVK, Slovakia",SVK,3,0.8333333333333334,0.875,1.0,0.0,0.0,,,,,,,,,,,,,0.75,0.875,0.875
SVK_Kolarovo_SVK,"Kolarovo/SVK, Slovakia",SVK,3,0.8333333333333334,0.875,1.0,0.0,0.0,,,,,,,,,,,,,0.75,0.875,0.875
SVK_Komarno_SVK,"Komarno/SVK, Slovakia",SVK,3,0.125,0.125,0.0,0.0,0.0,,,,,,,,,,,,,0.125,0.125,0.125
SVK_Kosice_SVK,"Kosice/SVK, Slovakia",SVK,3,0.875,0.875,1.0,0.0,0.0,,,,,,,,,,,,,0.875,0.875,0.875
SVK_Krompachy_SVK,"Krompachy/SVK, Slovakia",SVK,3,0.875,0.875,1.0,0.0,0.0,,,,,,,,,,,,,0.875,0.875,0.875
SVK_Liptovsky_Mikulas_SVK,"Liptovsky Mikulas/SVK, Slovakia",SVK,3,0.125,0.125,0.0,0.0,0.0,,,,,,,,,,,,,0.125,0.125,0.125
SVK_Lucenec_SVK,"Lucenec/SVK, Slovakia",SVK,2,0.125,0.125,0.0,0.0,0.0,,,,,,,,,,,,,,0.125,0.125
SVK_Malacky_SVK,"Malacky/SVK, Slovakia",SVK,3,0.8333333333333334,0.875,1.0,0.0,0.0,,,,,,,,,,,,,0.875,0.875,0.75
SVK_Martin_SVK,"Martin/SVK, Slovakia",SVK,3,0.875,0.875,1.0,0.0,0.0,,,,,,,,,,,,,0.875,0.875,0.875
SVK_Moldava_Nad_Bodvou_SVK,"Moldava Nad Bodvou/SVK, Slovakia",SVK,2,0.875,0.875,1.0,0.0,0.0,,,,,,,,,,,,,,0.875,0.875
SVK_Myto_Pod_Dumbierom_SVK,"Myto Pod Dumbierom/SVK, Slovakia",SVK,1,0.75,0.75,1.0,0.0,0.0,,,,,,,,,,,,,0.75,,
SVK_Nitra_SVK,"Nitra/SVK, Slovakia",SVK,3,0.875,0.875,1.0,0.0,0.0,,,,,,,,,,,,,0.875,0.875,0.875
SVK_Novaky_SVK,"Novaky/SVK, Slovakia",SVK,2,0.875,0.875,1.0,0.0,0.0,,,,,,,,,,,,,,0.875,0.875
SVK_Oscadnica_SVK,"Oscadnica/SVK, Slovakia",SVK,2,0.125,0.125,0.0,0.0,0.0,,,,,,,,,,,,,,0.125,0.125
SVK_Pezinok_SVK,"Pezinok/SVK, Slovakia",SVK,3,0.25,0.25,0.0,0.0,0.0,,,,,,,,,,,,,0.25,0.25,0.25
SVK_Poprad_SVK,"Poprad/SVK, Slovakia",SVK,3,0.3333333333333333,0.125,0.3333333333333333,0.0,0.0,,,,,,,,,,,,,0.75,0.125,0.125
SVK_Presov_SVK,"Presov/SVK, Slovakia",SVK,3,0.875,0.875,1.0,0.0,0.0,,,,,,,,,,,,,0.875,0.875,0.875
SVK_Prievidza_SVK,"Prievidza/SVK, Slovakia",SVK,3,0.8333333333333334,0.875,1.0,0.0,0.0,,,,,,,,,,,,,0.75,0.875,0.875
SVK_Puchov_SVK,"Puchov/SVK, Slovakia",SVK,3,0.125,0.125,0.0,0.0,0.0,,,,,,,,,,,,,0.125,0.125,0.125
SVK_Ruzomberok_SVK,"Ruzomberok/SVK, Slovakia",SVK,3,0.8333333333333334,0.875,1.0,0.0,0.0,,,,,,,,,,,,,0.75,0.875,0.875
SVK_Senec_SVK,"Senec/SVK, Slovakia",SVK,3,0.125,0.125,0.0,0.0,0.0,,,,,,,,,,,,,0.125,0.125,0.125
SVK_Senica_SVK,"Senica/SVK, Slovakia",SVK,2,0.875,0.875,1.0,0.0,0.0,,,,,,,,,,,,,,0.875,0.875
SVK_Snina_SVK,"Snina/SVK, Slovakia",SVK,3,0.8333333333333334,0.875,1.0,0.0,0.0,,,,,,,,,,,,,0.75,0.875,0.875
SVK_Strazske_SVK,"Strazske/SVK, Slovakia",SVK,2,0.875,0.875,1.0,0.0,0.0,,,,,,,,,,,,,,0.875,0.875
SVK_Tatranska_Lomnica_SVK,"Tatranska Lomnica/SVK, Slovakia",SVK,3,0.8333333333333334,0.875,1.0,0.0,0.0,,,,,,,,,,,,,0.75,0.875,0.875
SVK_Tisovec_SVK,"Tisovec/SVK, Slovakia",SVK,2,0.875,0.875,1.0,0.0,0.0,,,,,,,,,,,,,,0.875,0.875
SVK_Trebisov_SVK,"Trebisov/SVK, Slovakia",SVK,3,0.125,0.125,0.0,0.0,0.0,,,,,,,,,,,,,0.125,0.125,0.125
SVK_Trencin_SVK,"Trencin/SVK, Slovakia",SVK,3,0.875,0.875,1.0,0.0,0.0,,,,,,,,,,,,,0.875,0.875,0.875
SVK_Trnava_SVK,"Trnava/SVK, Slovakia",SVK,3,0.875,0.875,1.0,0.0,0.0,,,,,,,,,,,,,0.875,0.875,0.875
SVK_Vranov_Nad_Toplou_SVK,"Vranov Nad Toplou/SVK, Slovakia",SVK,2,0.875,0.875,1.0,0.0,0.0,,,,,,,,,,,,,,0.875,0.875
SVK_Zarnovica_SVK,"Zarnovica/SVK, Slovakia",SVK,3,0.125,0.125,0.0,0.0,0.0,,,,,,,,,,,,,0.125,0.125,0.125
SVK_Ziar_Nad_Hronom_SVK,"Ziar Nad Hronom/SVK, Slovakia",SVK,2,0.875,0.875,1.0,0.0,0.0,,,,,,,,,,,,,,0.875,0.875
SVK_Zilina_SVK,"Zilina/SVK, Slovakia",SVK,3,0.8333333333333334,0.875,1.0,0.0,0.0,,,,,,,,,,,,,0.875,0.875,0.75
SVK_Zvolen_SVK,"Zvolen/SVK, Slovakia",SVK,2,0.875,0.875,1.0,0.0,0.0,,,,,,,,,,,,,,0.875,0.875
TJK_Dushanbe_TJK,"Dushanbe/TJK, Tajikistan",TJK,1,0.125,0.125,0.0,0.0,0.0,,,,,,,,,,,,,,,0.125
UK001C,London,UK,7,0.5317460317460317,0.4444444444444444,0.14285714285714285,0.14285714285714285,0.13793103448275862,,0.5,,1.0,0.5555555555555556,,0.3333333333333333,0.4444444444444444,0.4444444444444444,,,0.4444444444444444,,,
UK002C,Birmingham,UK,9,0.5246913580246914,0.4444444444444444,0.1111111111111111,0.1111111111111111,0.10526315789473684,,0.5,,1.0,0.5555555555555556,0.4444444444444444,0.4444444444444444,0.4444444444444444,0.4444444444444444,0.4444444444444444,,0.4444444444444444,,,
UK003C,Leeds,UK,9,0.5246913580246914,0.4444444444444444,0.1111111111111111,0.1111111111111111,0.10526315789473684,,0.5,,1.0,0.5555555555555556,0.4444444444444444,0.4444444444444444,0.4444444444444444,0.4444444444444444,0.4444444444444444,,0.4444444444444444,,,
UK004C,Glasgow,UK,9,0.5246913580246914,0.4444444444444444,0.1111111111111111,0.1111111111111111,0.05263157894736842,,0.5,,1.0,0.5555555555555556,0.4444444444444444,0.4444444444444444,0.4444444444444444,0.4444444444444444,0.4444444444444444,,0.4444444444444444,,,
UK005C,Bradford,UK,9,0.5246913580246914,0.4444444444444444,0.1111111111111111,0.1111111111111111,0.10526315789473684,,0.5,,1.0,0.5555555555555556,0.4444444444444444,0.4444444444444444,0.4444444444444444,0.4444444444444444,0.4444444444444444,,0.4444444444444444,,,
UK006C,Liverpool,UK,9,0.5246913580246914,0.4444444444444444,0.1111111111111111,0.1111111111111111,0.10526315789473684,,0.5,,1.0,0.5555555555555556,0.4444444444444444,0.4444444444444444,0.4444444444444444,0.4444444444444444,0.4444444444444444,,0.4444444444444444,,,
UK007C,Edinburgh,UK,9,0.5246913580246914,0.4444444444444444,0.1111111111111111,0.1111111111111111,0.05263157894736842,,0.5,,1.0,0.5555555555555556,0.4444444444444444,0.4444444444444444,0.4444444444444444,0.4444444444444444,0.4444444444444444,,0.4444444444444444,,,
UK008C,Manchester,UK,9,0.5246913580246914,0.4444444444444444,0.1111111111111111,0.1111111111111111,0.10526315789473684,,0.5,,1.0,0.5555555555555556,0.4444444444444444,0.4444444444444444,0.4444444444444444,0.4444444444444444,0.4444444444444444,,0.4444444444444444,,,
UK009C,Cardiff,UK,9,0.5246913580246914,0.4444444444444444,0.1111111111111111,0.1111111111111111,0.10526315789473684,,0.5,,1.0,0.5555555555555556,0.4444444444444444,0.4444444444444444,0.4444444444444444,0.4444444444444444,0.4444444444444444,,0.4444444444444444,,,
UK010C,Sheffield,UK,9,0.5246913580246914,0.4444444444444444,0.1111111111111111,0.1111111111111111,0.10526315789473684,,0.5,,1.0,0.5555555555555556,0.4444444444444444,0.4444444444444444,0.4444444444444444,0.4444444444444444,0.4444444444444444,,0.4444444444444444,,,
UK011C,Bristol,UK,9,0.5246913580246914,0.4444444444444444,0.1111111111111111,0.1111111111111111,0.10526315789473684,,0.5,,1.0,0.5555555555555556,0.4444444444444444,0.4444444444444444,0.4444444444444444,0.4444444444444444,0.4444444444444444,,0.4444444444444444,,,
UK012C,Belfast,UK,7,0.5476190476190476,0.4444444444444444,0.14285714285714285,0.14285714285714285,0.13333333333333333,,0.5,,1.0,0.5555555555555556,0.4444444444444444,,,0.4444444444444444,,0.4444444444444444,0.4444444444444444,,,
UK013C,Newcastle upon Tyne,UK,9,0.5246913580246914,0.4444444444444444,0.1111111111111111,0.1111111111111111,0.10526315789473684,,0.5,,1.0,0.5555555555555556,0.4444444444444444,0.4444444444444444,0.4444444444444444,0.4444444444444444,0.4444444444444444,,0.4444444444444444,,,
UK014C,Leicester,UK,9,0.5246913580246914,0.4444444444444444,0.1111111111111111,0.1111111111111111,0.10526315789473684,,0.5,,1.0,0.5555555555555556,0.4444444444444444,0.4444444444444444,0.4444444444444444,0.4444444444444444,0.4444444444444444,,0.4444444444444444,,,
UK015C,Aberdeen,UK,9,0.5246913580246914,0.4444444444444444,0.1111111111111111,0.1111111111111111,0.05263157894736842,,0.5,,1.0,0.5555555555555556,0.4444444444444444,0.4444444444444444,0.4444444444444444,0.4444444444444444,0.4444444444444444,,0.4444444444444444,,,
UK016C,Cambridge,UK,9,0.5246913580246914,0.4444444444444444,0.1111111111111111,0.1111111111111111,0.10526315789473684,,0.5,,1.0,0.5555555555555556,0.4444444444444444,0.4444444444444444,0.4444444444444444,0.4444444444444444,0.4444444444444444,,0.4444444444444444,,,
UK017C,Exeter,UK,9,0.5246913580246914,0.4444444444444444,0.1111111111111111,0.1111111111111111,0.10526315789473684,,0.5,,1.0,0.5555555555555556,0.4444444444444444,0.4444444444444444,0.4444444444444444,0.4444444444444444,0.4444444444444444,,0.4444444444444444,,,
UK018C,Lincoln,UK,10,0.4833333333333333,0.4444444444444444,0.1,0.1,0.10256410256410256,,0.5,,1.0,0.5555555555555556,0.4444444444444444,0.4444444444444444,0.4444444444444444,0.4444444444444444,0.4444444444444444,0.1111111111111111,0.4444444444444444,,,
UK019C,Gravesham,UK,8,0.5208333333333334,0.4444444444444444,0.125,0.125,0.12121212121212122,,0.5,,1.0,0.5555555555555556,,0.3333333333333333,0.4444444444444444,0.4444444444444444,0.4444444444444444,,0.4444444444444444,,,
UK020C,Stevenage,UK,8,0.5208333333333334,0.4444444444444444,0.125,0.125,0.12121212121212122,,0.5,,1.0,0.5555555555555556,,0.3333333333333333,0.4444444444444444,0.4444444444444444,0.4444444444444444,,0.4444444444444444,,,
UK021C,Wrexham,UK,9,0.5246913580246914,0.4444444444444444,0.1111111111111111,0.1111111111111111,0.10526315789473684,,0.5,,1.0,0.5555555555555556,0.4444444444444444,0.4444444444444444,0.4444444444444444,0.4444444444444444,0.4444444444444444,,0.4444444444444444,,,
UK022C,Portsmouth,UK,9,0.5246913580246914,0.4444444444444444,0.1111111111111111,0.1111111111111111,0.10526315789473684,,0.5,,1.0,0.5555555555555556,0.4444444444444444,0.4444444444444444,0.4444444444444444,0.4444444444444444,0.4444444444444444,,0.4444444444444444,,,
UK023C,Worcester,UK,9,0.5246913580246914,0.4444444444444444,0.1111111111111111,0.1111111111111111,0.10526315789473684,,0.5,,1.0,0.5555555555555556,0.4444444444444444,0.4444444444444444,0.4444444444444444,0.4444444444444444,0.4444444444444444,,0.4444444444444444,,,
UK024C,Coventry,UK,9,0.5246913580246914,0.4444444444444444,0.1111111111111111,0.1111111111111111,0.10526315789473684,,0.5,,1.0,0.5555555555555556,0.4444444444444444,0.4444444444444444,0.4444444444444444,0.4444444444444444,0.4444444444444444,,0.4444444444444444,,,
UK025C,Kingston-upon-Hull,UK,9,0.5246913580246914,0.4444444444444444,0.1111111111111111,0.1111111111111111,0.10526315789473684,,0.5,,1.0,0.5555555555555556,0.4444444444444444,0.4444444444444444,0.4444444444444444,0.4444444444444444,0.4444444444444444,,0.4444444444444444,,,
UK026C,Stoke-on-Trent,UK,9,0.5246913580246914,0.4444444444444444,0.1111111111111111,0.1111111111111111,0.10526315789473684,,0.5,,1.0,0.5555555555555556,0.4444444444444444,0.4444444444444444,0.4444444444444444,0.4444444444444444,0.4444444444444444,,0.4444444444444444,,,
UK027C,Wolverhampton,UK,9,0.5246913580246914,0.4444444444444444,0.1111111111111111,0.1111111111111111,0.10526315789473684,,0.5,,1.0,0.5555555555555556,0.4444444444444444,0.4444444444444444,0.4444444444444444,0.4444444444444444,0.4444444444444444,,0.4444444444444444,,,
UK028C,Nottingham,UK,9,0.5246913580246914,0.4444444444444444,0.1111111111111111,0.1111111111111111,0.10526315789473684,,0.5,,1.0,0.5555555555555556,0.4444444444444444,0.4444444444444444,0.4444444444444444,0.4444444444444444,0.4444444444444444,,0.4444444444444444,,,
UK029C,Wirral,UK,9,0.5,0.4444444444444444,0.1111111111111111,0.1111111111111111,0.1111111111111111,,0.5,,1.0,0.5555555555555556,,0.4444444444444444,0.4444444444444444,0.4444444444444444,0.4444444444444444,0.2222222222222222,0.4444444444444444,,,
UK030C,Bath and North East Somerset,UK,9,0.5246913580246914,0.4444444444444444,0.1111111111111111,0.1111111111111111,0.10526315789473684,,0.5,,1.0,0.5555555555555556,0.4444444444444444,0.4444444444444444,0.4444444444444444,0.4444444444444444,0.4444444444444444,,0.4444444444444444,,,
UK031C,Thurrock,UK,8,0.5347222222222222,0.4444444444444444,0.125,0.125,0.11764705882352941,,0.5,,1.0,0.5555555555555556,,0.4444444444444444,0.4444444444444444,0.4444444444444444,0.4444444444444444,,0.4444444444444444,,,
UK032C,Guildford,UK,9,0.5246913580246914,0.4444444444444444,0.1111111111111111,0.1111111111111111,0.10526315789473684,,0.5,,1.0,0.5555555555555556,0.4444444444444444,0.4444444444444444,0.4444444444444444,0.4444444444444444,0.4444444444444444,,0.4444444444444444,,,
UK033C,Thanet,UK,8,0.5208333333333334,0.4444444444444444,0.125,0.125,0.12121212121212122,,0.5,,1.0,0.5555555555555556,,0.3333333333333333,0.4444444444444444,0.4444444444444444,0.4444444444444444,,0.4444444444444444,,,
UK034C,Nuneaton and Bedworth,UK,8,0.5208333333333334,0.4444444444444444,0.125,0.125,0.12121212121212122,,0.5,,1.0,0.5555555555555556,,0.3333333333333333,0.4444444444444444,0.4444444444444444,0.4444444444444444,,0.4444444444444444,,,
UK035C,Tunbridge Wells,UK,8,0.5208333333333334,0.4444444444444444,0.125,0.125,0.12121212121212122,,0.5,,1.0,0.5555555555555556,,0.3333333333333333,0.4444444444444444,0.4444444444444444,0.4444444444444444,,0.4444444444444444,,,
UK036C,Ashford,UK,8,0.5208333333333334,0.4444444444444444,0.125,0.125,0.12121212121212122,,0.5,,1.0,0.5555555555555556,,0.3333333333333333,0.4444444444444444,0.4444444444444444,0.4444444444444444,,0.4444444444444444,,,
UK037C,East Staffordshire,UK,8,0.5208333333333334,0.4444444444444444,0.125,0.125,0.12121212121212122,,0.5,,1.0,0.5555555555555556,,0.3333333333333333,0.4444444444444444,0.4444444444444444,0.4444444444444444,,0.4444444444444444,,,
UK038C,Darlington,UK,8,0.5347222222222222,0.4444444444444444,0.125,0.125,0.11764705882352941,,0.5,,1.0,0.5555555555555556,,0.4444444444444444,0.4444444444444444,0.4444444444444444,0.4444444444444444,,0.4444444444444444,,,
UK039C,Worthing,UK,8,0.5208333333333334,0.4444444444444444,0.125,0.125,0.12121212121212122,,0.5,,1.0,0.5555555555555556,,0.3333333333333333,0.4444444444444444,0.4444444444444444,0.4444444444444444,,0.4444444444444444,,,
UK040C,Mansfield,UK,8,0.5208333333333334,0.4444444444444444,0.125,0.125,0.12121212121212122,,0.5,,1.0,0.5555555555555556,,0.3333333333333333,0.4444444444444444,0.4444444444444444,0.4444444444444444,,0.4444444444444444,,,
UK041C,Chesterfield,UK,8,0.5347222222222222,0.4444444444444444,0.125,0.125,0.11764705882352941,,0.5,,1.0,0.5555555555555556,,0.4444444444444444,0.4444444444444444,0.4444444444444444,0.4444444444444444,,0.4444444444444444,,,
UK042C,Burnley,UK,8,0.5347222222222222,0.4444444444444444,0.125,0.125,0.11764705882352941,,0.5,,1.0,0.5555555555555556,,0.4444444444444444,0.4444444444444444,0.4444444444444444,0.4444444444444444,,0.4444444444444444,,,
UK043C,Great Yarmouth,UK,8,0.5347222222222222,0.4444444444444444,0.125,0.125,0.11764705882352941,,0.5,,1.0,0.5555555555555556,,0.4444444444444444,0.4444444444444444,0.4444444444444444,0.4444444444444444,,0.4444444444444444,,,
UK044C,Woking,UK,8,0.4930555555555555,0.4444444444444444,0.125,0.125,0.12903225806451613,,0.5,,1.0,0.5555555555555556,,0.1111111111111111,0.4444444444444444,0.4444444444444444,0.4444444444444444,,0.4444444444444444,,,
UK045C,Hartlepool,UK,8,0.5347222222222222,0.4444444444444444,0.125,0.125,0.11764705882352941,,0.5,,1.0,0.5555555555555556,,0.4444444444444444,0.4444444444444444,0.4444444444444444,0.4444444444444444,,0.4444444444444444,,,
UK046C,Cannock Chase,UK,8,0.5347222222222222,0.4444444444444444,0.125,0.125,0.11764705882352941,,0.5,,1.0,0.5555555555555556,,0.4444444444444444,0.4444444444444444,0.4444444444444444,0.4444444444444444,,0.4444444444444444,,,
UK047C,Eastbourne,UK,8,0.5208333333333334,0.4444444444444444,0.125,0.125,0.12121212121212122,,0.5,,1.0,0.5555555555555556,,0.3333333333333333,0.4444444444444444,0.4444444444444444,0.4444444444444444,,0.4444444444444444,,,
UK048C,Hastings,UK,8,0.5069444444444444,0.4444444444444444,0.125,0.125,0.125,,0.5,,1.0,0.5555555555555556,,0.2222222222222222,0.4444444444444444,0.4444444444444444,0.4444444444444444,,0.4444444444444444,,,
UK049C,Hyndburn,UK,8,0.5208333333333334,0.4444444444444444,0.125,0.125,0.12121212121212122,,0.5,,1.0,0.5555555555555556,,0.3333333333333333,0.4444444444444444,0.4444444444444444,0.4444444444444444,,0.4444444444444444,,,
UK050C,Redditch,UK,8,0.5208333333333334,0.4444444444444444,0.125,0.125,0.12121212121212122,,0.5,,1.0,0.5555555555555556,,0.3333333333333333,0.4444444444444444,0.4444444444444444,0.4444444444444444,,0.4444444444444444,,,
UK051C,Tamworth,UK,8,0.5347222222222222,0.4444444444444444,0.125,0.125,0.11764705882352941,,0.5,,1.0,0.5555555555555556,,0.4444444444444444,0.4444444444444444,0.4444444444444444,0.4444444444444444,,0.4444444444444444,,,
UK052C,Harlow,UK,8,0.5208333333333334,0.4444444444444444,0.125,0.125,0.12121212121212122,,0.5,,1.0,0.5555555555555556,,0.3333333333333333,0.4444444444444444,0.4444444444444444,0.4444444444444444,,0.4444444444444444,,,
UK053C,Halton,UK,8,0.5347222222222222,0.4444444444444444,0.125,0.125,0.11764705882352941,,0.5,,1.0,0.5555555555555556,,0.4444444444444444,0.4444444444444444,0.4444444444444444,0.4444444444444444,,0.4444444444444444,,,
UK054C,Kirklees,UK,9,0.5246913580246914,0.4444444444444444,0.1111111111111111,0.1111111111111111,0.10526315789473684,,0.5,,1.0,0.5555555555555556,0.4444444444444444,0.4444444444444444,0.4444444444444444,0.4444444444444444,0.4444444444444444,,0.4444444444444444,,,
UK055C,North Lanarkshire (Airdrie/Bellshill/Coatbridge/Motherwell),UK,8,0.5347222222222222,0.4444444444444444,0.125,0.125,0.058823529411764705,,0.5,,1.0,0.5555555555555556,,0.4444444444444444,0.4444444444444444,0.4444444444444444,0.4444444444444444,,0.4444444444444444,,,
UK056C,Wakefield,UK,8,0.5347222222222222,0.4444444444444444,0.125,0.125,0.11764705882352941,,0.5,,1.0,0.5555555555555556,,0.4444444444444444,0.4444444444444444,0.4444444444444444,0.4444444444444444,,0.4444444444444444,,,
UK057C,Dudley,UK,8,0.5347222222222222,0.4444444444444444,0.125,0.125,0.11764705882352941,,0.5,,1.0,0.5555555555555556,,0.4444444444444444,0.4444444444444444,0.4444444444444444,0.4444444444444444,,0.4444444444444444,,,
UK058C,Wigan,UK,8,0.5347222222222222,0.4444444444444444,0.125,0.125,0.11764705882352941,,0.5,,1.0,0.5555555555555556,,0.4444444444444444,0.4444444444444444,0.4444444444444444,0.4444444444444444,,0.4444444444444444,,,
UK059C,Doncaster,UK,8,0.5347222222222222,0.4444444444444444,0.125,0.125,0.11764705882352941,,0.5,,1.0,0.5555555555555556,,0.4444444444444444,0.4444444444444444,0.4444444444444444,0.4444444444444444,,0.4444444444444444,,,
UK060C,Stockport,UK,8,0.5347222222222222,0.4444444444444444,0.125,0.125,0.11764705882352941,,0.5,,1.0,0.5555555555555556,,0.4444444444444444,0.4444444444444444,0.4444444444444444,0.4444444444444444,,0.4444444444444444,,,
UK061C,Sefton,UK,8,0.5347222222222222,0.4444444444444444,0.125,0.125,0.11764705882352941,,0.5,,1.0,0.5555555555555556,,0.4444444444444444,0.4444444444444444,0.4444444444444444,0.4444444444444444,,0.4444444444444444,,,
UK062C,Sandwell,UK,8,0.5347222222222222,0.4444444444444444,0.125,0.125,0.11764705882352941,,0.5,,1.0,0.5555555555555556,,0.4444444444444444,0.4444444444444444,0.4444444444444444,0.4444444444444444,,0.4444444444444444,,,
UK063C,Sunderland,UK,9,0.5246913580246914,0.4444444444444444,0.1111111111111111,0.1111111111111111,0.10526315789473684,,0.5,,1.0,0.5555555555555556,0.4444444444444444,0.4444444444444444,0.4444444444444444,0.4444444444444444,0.4444444444444444,,0.4444444444444444,,,
UK064C,Bolton,UK,9,0.5246913580246914,0.4444444444444444,0.1111111111111111,0.1111111111111111,0.10526315789473684,,0.5,,1.0,0.5555555555555556,0.4444444444444444,0.4444444444444444,0.4444444444444444,0.4444444444444444,0.4444444444444444,,0.4444444444444444,,,
UK065C,Walsall,UK,8,0.5347222222222222,0.4444444444444444,0.125,0.125,0.11764705882352941,,0.5,,1.0,0.5555555555555556,,0.4444444444444444,0.4444444444444444,0.4444444444444444,0.4444444444444444,,0.4444444444444444,,,
UK066C,Medway,UK,8,0.5347222222222222,0.4444444444444444,0.125,0.125,0.11764705882352941,,0.5,,1.0,0.5555555555555556,,0.4444444444444444,0.4444444444444444,0.4444444444444444,0.4444444444444444,,0.4444444444444444,,,
UK067C,Rotherham,UK,8,0.5347222222222222,0.4444444444444444,0.125,0.125,0.11764705882352941,,0.5,,1.0,0.5555555555555556,,0.4444444444444444,0.4444444444444444,0.4444444444444444,0.4444444444444444,,0.4444444444444444,,,
UK068C,Brighton and Hove,UK,9,0.5246913580246914,0.4444444444444444,0.1111111111111111,0.1111111111111111,0.10526315789473684,,0.5,,1.0,0.5555555555555556,0.4444444444444444,0.4444444444444444,0.4444444444444444,0.4444444444444444,0.4444444444444444,,0.4444444444444444,,,
UK069C,Plymouth,UK,9,0.5246913580246914,0.4444444444444444,0.1111111111111111,0.1111111111111111,0.10526315789473684,,0.5,,1.0,0.5555555555555556,0.4444444444444444,0.4444444444444444,0.4444444444444444,0.4444444444444444,0.4444444444444444,,0.4444444444444444,,,
UK070C,Swansea,UK,9,0.5246913580246914,0.4444444444444444,0.1111111111111111,0.1111111111111111,0.10526315789473684,,0.5,,1.0,0.5555555555555556,0.4444444444444444,0.4444444444444444,0.4444444444444444,0.4444444444444444,0.4444444444444444,,0.4444444444444444,,,
UK071C,Derby,UK,9,0.5246913580246914,0.4444444444444444,0.1111111111111111,0.1111111111111111,0.10526315789473684,,0.5,,1.0,0.5555555555555556,0.4444444444444444,0.4444444444444444,0.4444444444444444,0.4444444444444444,0.4444444444444444,,0.4444444444444444,,,
UK072C,Barnsley,UK,8,0.5347222222222222,0.4444444444444444,0.125,0.125,0.11764705882352941,,0.5,,1.0,0.5555555555555556,,0.4444444444444444,0.4444444444444444,0.4444444444444444,0.4444444444444444,,0.4444444444444444,,,
UK073C,Southampton,UK,9,0.5246913580246914,0.4444444444444444,0.1111111111111111,0.1111111111111111,0.10526315789473684,,0.5,,1.0,0.5555555555555556,0.4444444444444444,0.4444444444444444,0.4444444444444444,0.4444444444444444,0.4444444444444444,,0.4444444444444444,,,
UK074C,Oldham,UK,8,0.5347222222222222,0.4444444444444444,0.125,0.125,0.11764705882352941,,0.5,,1.0,0.5555555555555556,,0.4444444444444444,0.4444444444444444,0.4444444444444444,0.4444444444444444,,0.4444444444444444,,,
UK075C,Salford,UK,10,0.49444444444444446,0.4444444444444444,0.1,0.1,0.1,,0.5,,1.0,0.5555555555555556,0.4444444444444444,0.4444444444444444,0.4444444444444444,0.4444444444444444,0.4444444444444444,0.2222222222222222,0.4444444444444444,,,
UK076C,Tameside,UK,8,0.5347222222222222,0.4444444444444444,0.125,0.125,0.11764705882352941,,0.5,,1.0,0.5555555555555556,,0.4444444444444444,0.4444444444444444,0.4444444444444444,0.4444444444444444,,0.4444444444444444,,,
UK077C,Trafford,UK,8,0.5347222222222222,0.4444444444444444,0.125,0.125,0.11764705882352941,,0.5,,1.0,0.5555555555555556,,0.4444444444444444,0.4444444444444444,0.4444444444444444,0.4444444444444444,,0.4444444444444444,,,
UK078C,Milton Keynes,UK,9,0.5246913580246914,0.4444444444444444,0.1111111111111111,0.1111111111111111,0.10526315789473684,,0.5,,1.0,0.5555555555555556,0.4444444444444444,0.4444444444444444,0.4444444444444444,0.4444444444444444,0.4444444444444444,,0.4444444444444444,,,
UK079C,Rochdale,UK,8,0.5347222222222222,0.4444444444444444,0.125,0.125,0.11764705882352941,,0.5,,1.0,0.5555555555555556,,0.4444444444444444,0.4444444444444444,0.4444444444444444,0.4444444444444444,,0.4444444444444444,,,
UK080C,Solihull,UK,8,0.5347222222222222,0.4444444444444444,0.125,0.125,0.11764705882352941,,0.5,,1.0,0.5555555555555556,,0.4444444444444444,0.4444444444444444,0.4444444444444444,0.4444444444444444,,0.4444444444444444,,,
UK081C,Northampton,UK,9,0.5246913580246914,0.4444444444444444,0.1111111111111111,0.1111111111111111,0.10526315789473684,,0.5,,1.0,0.5555555555555556,0.4444444444444444,0.4444444444444444,0.4444444444444444,0.4444444444444444,0.4444444444444444,,0.4444444444444444,,,
UK082C,North Tyneside,UK,8,0.5347222222222222,0.4444444444444444,0.125,0.125,0.11764705882352941,,0.5,,1.0,0.5555555555555556,,0.4444444444444444,0.4444444444444444,0.4444444444444444,0.4444444444444444,,0.4444444444444444,,,
UK083C,Gateshead,UK,8,0.5347222222222222,0.4444444444444444,0.125,0.125,0.11764705882352941,,0.5,,1.0,0.5555555555555556,,0.4444444444444444,0.4444444444444444,0.4444444444444444,0.4444444444444444,,0.4444444444444444,,,
UK084C,Warrington,UK,8,0.5347222222222222,0.4444444444444444,0.125,0.125,0.11764705882352941,,0.5,,1.0,0.5555555555555556,,0.4444444444444444,0.4444444444444444,0.4444444444444444,0.4444444444444444,,0.4444444444444444,,,
UK085C,Luton,UK,9,0.5246913580246914,0.4444444444444444,0.1111111111111111,0.1111111111111111,0.10526315789473684,,0.5,,1.0,0.5555555555555556,0.4444444444444444,0.4444444444444444,0.4444444444444444,0.4444444444444444,0.4444444444444444,,0.4444444444444444,,,
UK086C,York,UK,9,0.5246913580246914,0.4444444444444444,0.1111111111111111,0.1111111111111111,0.10526315789473684,,0.5,,1.0,0.5555555555555556,0.4444444444444444,0.4444444444444444,0.4444444444444444,0.4444444444444444,0.4444444444444444,,0.4444444444444444,,,
UK087C,Bury,UK,8,0.5347222222222222,0.4444444444444444,0.125,0.125,0.11764705882352941,,0.5,,1.0,0.5555555555555556,,0.4444444444444444,0.4444444444444444,0.4444444444444444,0.4444444444444444,,0.4444444444444444,,,
UK088C,Swindon,UK,8,0.5347222222222222,0.4444444444444444,0.125,0.125,0.11764705882352941,,0.5,,1.0,0.5555555555555556,,0.4444444444444444,0.4444444444444444,0.4444444444444444,0.4444444444444444,,0.4444444444444444,,,
UK089C,Stockton-on-Tees,UK,8,0.5347222222222222,0.4444444444444444,0.125,0.125,0.11764705882352941,,0.5,,1.0,0.5555555555555556,,0.4444444444444444,0.4444444444444444,0.4444444444444444,0.4444444444444444,,0.4444444444444444,,,
UK090C,St. Helens,UK,8,0.5347222222222222,0.4444444444444444,0.125,0.125,0.11764705882352941,,0.5,,1.0,0.5555555555555556,,0.4444444444444444,0.4444444444444444,0.4444444444444444,0.4444444444444444,,0.4444444444444444,,,
UK091C,Basildon,UK,8,0.5347222222222222,0.4444444444444444,0.125,0.125,0.11764705882352941,,0.5,,1.0,0.5555555555555556,,0.4444444444444444,0.4444444444444444,0.4444444444444444,0.4444444444444444,,0.4444444444444444,,,
UK092C,Bournemouth,UK,9,0.5,0.4444444444444444,0.1111111111111111,0.1111111111111111,0.1111111111111111,,0.5,,1.0,0.5555555555555556,,0.4444444444444444,0.4444444444444444,0.4444444444444444,0.4444444444444444,0.2222222222222222,0.4444444444444444,,,
UK093C,Southend-on-Sea,UK,8,0.5347222222222222,0.4444444444444444,0.125,0.125,0.11764705882352941,,0.5,,1.0,0.5555555555555556,,0.4444444444444444,0.4444444444444444,0.4444444444444444,0.4444444444444444,,0.4444444444444444,,,
UK094C,Telford and Wrekin,UK,9,0.5246913580246914,0.4444444444444444,0.1111111111111111,0.1111111111111111,0.10526315789473684,,0.5,,1.0,0.5555555555555556,0.4444444444444444,0.4444444444444444,0.4444444444444444,0.4444444444444444,0.4444444444444444,,0.4444444444444444,,,
UK095C,North East Lincolnshire,UK,8,0.5347222222222222,0.4444444444444444,0.125,0.125,0.11764705882352941,,0.5,,1.0,0.5555555555555556,,0.4444444444444444,0.4444444444444444,0.4444444444444444,0.4444444444444444,,0.4444444444444444,,,
UK096C,Chelmsford,UK,9,0.5246913580246914,0.4444444444444444,0.1111111111111111,0.1111111111111111,0.10526315789473684,,0.5,,1.0,0.5555555555555556,0.4444444444444444,0.4444444444444444,0.4444444444444444,0.4444444444444444,0.4444444444444444,,0.4444444444444444,,,
UK097C,Peterborough,UK,8,0.5347222222222222,0.4444444444444444,0.125,0.125,0.11764705882352941,,0.5,,1.0,0.5555555555555556,,0.4444444444444444,0.4444444444444444,0.4444444444444444,0.4444444444444444,,0.4444444444444444,,,
UK098C,Colchester,UK,9,0.5246913580246914,0.4444444444444444,0.1111111111111111,0.1111111111111111,0.10526315789473684,,0.5,,1.0,0.5555555555555556,0.4444444444444444,0.4444444444444444,0.4444444444444444,0.4444444444444444,0.4444444444444444,,0.4444444444444444,,,
UK099C,South Tyneside,UK,8,0.5347222222222222,0.4444444444444444,0.125,0.125,0.11764705882352941,,0.5,,1.0,0.5555555555555556,,0.4444444444444444,0.4444444444444444,0.4444444444444444,0.4444444444444444,,0.4444444444444444,,,
UK100C,Basingstoke and Deane,UK,8,0.5208333333333334,0.4444444444444444,0.125,0.125,0.12121212121212122,,0.5,,1.0,0.5555555555555556,,0.3333333333333333,0.4444444444444444,0.4444444444444444,0.4444444444444444,,0.4444444444444444,,,
UK101C,Bedford,UK,8,0.5347222222222222,0.4444444444444444,0.125,0.125,0.11764705882352941,,0.5,,1.0,0.5555555555555556,,0.4444444444444444,0.4444444444444444,0.4444444444444444,0.4444444444444444,,0.4444444444444444,,,
UK102C,Dundee City,UK,9,0.5246913580246914,0.4444444444444444,0.1111111111111111,0.1111111111111111,0.05263157894736842,,0.5,,1.0,0.5555555555555556,0.4444444444444444,0.4444444444444444,0.4444444444444444,0.4444444444444444,0.4444444444444444,,0.4444444444444444,,,
UK103C,Falkirk,UK,8,0.5347222222222222,0.4444444444444444,0.125,0.125,0.058823529411764705,,0.5,,1.0,0.5555555555555556,,0.4444444444444444,0.4444444444444444,0.4444444444444444,0.4444444444444444,,0.4444444444444444,,,
UK104C,Reading,UK,8,0.5347222222222222,0.4444444444444444,0.125,0.125,0.11764705882352941,,0.5,,1.0,0.5555555555555556,,0.4444444444444444,0.4444444444444444,0.4444444444444444,0.4444444444444444,,0.4444444444444444,,,
UK105C,Blackpool,UK,8,0.5347222222222222,0.4444444444444444,0.125,0.125,0.11764705882352941,,0.5,,1.0,0.5555555555555556,,0.4444444444444444,0.4444444444444444,0.4444444444444444,0.4444444444444444,,0.4444444444444444,,,
UK106C,Maidstone,UK,8,0.5347222222222222,0.4444444444444444,0.125,0.125,0.11764705882352941,,0.5,,1.0,0.5555555555555556,,0.4444444444444444,0.4444444444444444,0.4444444444444444,0.4444444444444444,,0.4444444444444444,,,
UK107C,Dacorum,UK,8,0.5347222222222222,0.4444444444444444,0.125,0.125,0.11764705882352941,,0.5,,1.0,0.5555555555555556,,0.4444444444444444,0.4444444444444444,0.4444444444444444,0.4444444444444444,,0.4444444444444444,,,
UK108C,Blackburn with Darwen,UK,8,0.5347222222222222,0.4444444444444444,0.125,0.125,0.11764705882352941,,0.5,,1.0,0.5555555555555556,,0.4444444444444444,0.4444444444444444,0.4444444444444444,0.4444444444444444,,0.4444444444444444,,,
UK109C,Newport,UK,8,0.5347222222222222,0.4444444444444444,0.125,0.125,0.11764705882352941,,0.5,,1.0,0.5555555555555556,,0.4444444444444444,0.4444444444444444,0.4444444444444444,0.4444444444444444,,0.4444444444444444,,,
UK110C,Middlesbrough,UK,9,0.5246913580246914,0.4444444444444444,0.1111111111111111,0.1111111111111111,0.10526315789473684,,0.5,,1.0,0.5555555555555556,0.4444444444444444,0.4444444444444444,0.4444444444444444,0.4444444444444444,0.4444444444444444,,0.4444444444444444,,,
UK111C,Oxford,UK,9,0.5123456790123456,0.4444444444444444,0.1111111111111111,0.1111111111111111,0.10810810810810811,,0.5,,1.0,0.5555555555555556,0.4444444444444444,0.3333333333333333,0.4444444444444444,0.4444444444444444,0.4444444444444444,,0.4444444444444444,,,
UK112C,Torbay,UK,8,0.5347222222222222,0.4444444444444444,0.125,0.125,0.11764705882352941,,0.5,,1.0,0.5555555555555556,,0.4444444444444444,0.4444444444444444,0.4444444444444444,0.4444444444444444,,0.4444444444444444,,,
UK113C,Preston,UK,9,0.5246913580246914,0.4444444444444444,0.1111111111111111,0.1111111111111111,0.10526315789473684,,0.5,,1.0,0.5555555555555556,0.4444444444444444,0.4444444444444444,0.4444444444444444,0.4444444444444444,0.4444444444444444,,0.4444444444444444,,,
UK114C,St Albans,UK,8,0.5347222222222222,0.4444444444444444,0.125,0.125,0.11764705882352941,,0.5,,1.0,0.5555555555555556,,0.4444444444444444,0.4444444444444444,0.4444444444444444,0.4444444444444444,,0.4444444444444444,,,
UK115C,Warwick,UK,8,0.5347222222222222,0.4444444444444444,0.125,0.125,0.11764705882352941,,0.5,,1.0,0.5555555555555556,,0.4444444444444444,0.4444444444444444,0.4444444444444444,0.4444444444444444,,0.4444444444444444,,,
UK116C,Newcastle-under-Lyme,UK,9,0.5123456790123456,0.4444444444444444,0.1111111111111111,0.1111111111111111,0.10810810810810811,,0.5,,1.0,0.5555555555555556,0.4444444444444444,0.3333333333333333,0.4444444444444444,0.4444444444444444,0.4444444444444444,,0.4444444444444444,,,
UK117C,Norwich,UK,9,0.5246913580246914,0.4444444444444444,0.1111111111111111,0.1111111111111111,0.10526315789473684,,0.5,,1.0,0.5555555555555556,0.4444444444444444,0.4444444444444444,0.4444444444444444,0.4444444444444444,0.4444444444444444,,0.4444444444444444,,,
UK118C,Slough,UK,8,0.5347222222222222,0.4444444444444444,0.125,0.125,0.11764705882352941,,0.5,,1.0,0.5555555555555556,,0.4444444444444444,0.4444444444444444,0.4444444444444444,0.4444444444444444,,0.4444444444444444,,,
UK119C,Cheshire West and Chester,UK,9,0.5246913580246914,0.4444444444444444,0.1111111111111111,0.1111111111111111,0.10526315789473684,,0.5,,1.0,0.5555555555555556,0.4444444444444444,0.4444444444444444,0.4444444444444444,0.4444444444444444,0.4444444444444444,,0.4444444444444444,,,
UK120C,Ipswich,UK,9,0.5246913580246914,0.4444444444444444,0.1111111111111111,0.1111111111111111,0.10526315789473684,,0.5,,1.0,0.5555555555555556,0.4444444444444444,0.4444444444444444,0.4444444444444444,0.4444444444444444,0.4444444444444444,,0.4444444444444444,,,
UK121C,Cheltenham,UK,9,0.5246913580246914,0.4444444444444444,0.1111111111111111,0.1111111111111111,0.10526315789473684,,0.5,,1.0,0.5555555555555556,0.4444444444444444,0.4444444444444444,0.4444444444444444,0.4444444444444444,0.4444444444444444,,0.4444444444444444,,,
UK122C,Gloucester,UK,8,0.5347222222222222,0.4444444444444444,0.125,0.125,0.11764705882352941,,0.5,,1.0,0.5555555555555556,,0.4444444444444444,0.4444444444444444,0.4444444444444444,0.4444444444444444,,0.4444444444444444,,,
UK123C,Bracknell Forest,UK,8,0.5347222222222222,0.4444444444444444,0.125,0.125,0.11764705882352941,,0.5,,1.0,0.5555555555555556,,0.4444444444444444,0.4444444444444444,0.4444444444444444,0.4444444444444444,,0.4444444444444444,,,
UK124C,Carlisle,UK,9,0.5,0.4444444444444444,0.1111111111111111,0.1111111111111111,0.1111111111111111,,0.5,,1.0,0.5555555555555556,0.4444444444444444,0.2222222222222222,0.4444444444444444,0.4444444444444444,0.4444444444444444,,0.4444444444444444,,,
UK125C,Crawley,UK,8,0.5208333333333334,0.4444444444444444,0.125,0.125,0.12121212121212122,,0.5,,1.0,0.5555555555555556,,0.3333333333333333,0.4444444444444444,0.4444444444444444,0.4444444444444444,,0.4444444444444444,,,
UK126C,Watford,UK,8,0.5069444444444444,0.4444444444444444,0.125,0.125,0.09375,,0.5,,1.0,0.5555555555555556,,0.2222222222222222,0.4444444444444444,0.4444444444444444,0.4444444444444444,,0.4444444444444444,,,
UK127C,Gosport,UK,8,0.5208333333333334,0.4444444444444444,0.125,0.125,0.09090909090909091,,0.5,,1.0,0.5555555555555556,,0.3333333333333333,0.4444444444444444,0.4444444444444444,0.4444444444444444,,0.4444444444444444,,,
UK128C,Eastleigh,UK,8,0.5347222222222222,0.4444444444444444,0.125,0.125,0.08823529411764706,,0.5,,1.0,0.5555555555555556,,0.4444444444444444,0.4444444444444444,0.4444444444444444,0.4444444444444444,,0.4444444444444444,,,
UK129C,Rushmoor,UK,8,0.5208333333333334,0.4444444444444444,0.125,0.125,0.09090909090909091,,0.5,,1.0,0.5555555555555556,,0.3333333333333333,0.4444444444444444,0.4444444444444444,0.4444444444444444,,0.4444444444444444,,,
UK130C,Rugby,UK,8,0.5208333333333334,0.4444444444444444,0.125,0.125,0.09090909090909091,,0.5,,1.0,0.5555555555555556,,0.3333333333333333,0.4444444444444444,0.4444444444444444,0.4444444444444444,,0.4444444444444444,,,
UK131C,Corby,UK,8,0.5208333333333334,0.4444444444444444,0.125,0.125,0.09090909090909091,,0.5,,1.0,0.5555555555555556,,0.3333333333333333,0.4444444444444444,0.4444444444444444,0.4444444444444444,,0.4444444444444444,,,
UK132C,Kettering,UK,8,0.5347222222222222,0.4444444444444444,0.125,0.125,0.08823529411764706,,0.5,,1.0,0.5555555555555556,,0.4444444444444444,0.4444444444444444,0.4444444444444444,0.4444444444444444,,0.4444444444444444,,,
UK133C,Inverclyde (Greenock),UK,8,0.5069444444444444,0.4444444444444444,0.125,0.125,0.03225806451612903,,0.5,,1.0,0.5555555555555556,,0.3333333333333333,0.4444444444444444,0.4444444444444444,0.4444444444444444,,0.3333333333333333,,,
UK134C,Renfrewshire (Paisley),UK,9,0.48765432098765427,0.4444444444444444,0.1111111111111111,0.1111111111111111,0.029411764705882353,,0.5,,1.0,0.5555555555555556,0.3333333333333333,0.3333333333333333,0.4444444444444444,0.4444444444444444,0.4444444444444444,,0.3333333333333333,,,
UK135C,Derry & Strabane Local Government District,UK,6,0.5648148148148148,0.4722222222222222,0.16666666666666666,0.16666666666666666,0.11538461538461539,,0.5,,1.0,0.5555555555555556,,,,0.4444444444444444,,0.4444444444444444,0.4444444444444444,,,
