freq,indic_ur,location_code,time_period,obs_value,obs_flag,conf_status,city_name,country_code,country_name,year,indicator,indicator_desc
A,CR2001V,BE,2015,38380415.0,,,BE,BE,,2015,tourist_nights,Total nights spent in tourist accommodation
A,CR2001V,BE,2016,34083462.0,,,BE,BE,,2016,tourist_nights,Total nights spent in tourist accommodation
A,CR2001V,BE,2017,35936565.0,,,BE,BE,,2017,tourist_nights,Total nights spent in tourist accommodation
A,CR2001V,BE,2018,38095506.0,,,BE,BE,,2018,tourist_nights,Total nights spent in tourist accommodation
A,CR2001V,BE,2019,39467507.0,,,BE,BE,,2019,tourist_nights,Total nights spent in tourist accommodation
A,CR2001V,BE,2020,20177486.0,,,BE,BE,,2020,tourist_nights,Total nights spent in tourist accommodation
A,CR2001V,BE001C,2015,6443213.0,,,BE001C,BE,,2015,tourist_nights,Total nights spent in tourist accommodation
A,CR2001V,BE001C,2016,5210495.0,,,BE001C,BE,,2016,tourist_nights,Total nights spent in tourist accommodation
A,CR2001V,BE001C,2017,6335177.0,,,BE001C,BE,,2017,tourist_nights,Total nights spent in tourist accommodation
A,CR2001V,BE001C,2018,6993061.0,,,BE001C,BE,,2018,tourist_nights,Total nights spent in tourist accommodation
A,CR2001V,BE001C,2019,,,C,BE001C,BE,,2019,tourist_nights,Total nights spent in tourist accommodation
A,CR2001V,BE001C,2020,1782873.0,,,BE001C,BE,,2020,tourist_nights,Total nights spent in tourist accommodation
A,CR2001V,BE002C,2015,,,C,BE002C,BE,,2015,tourist_nights,Total nights spent in tourist accommodation
A,CR2001V,BE002C,2016,,,C,BE002C,BE,,2016,tourist_nights,Total nights spent in tourist accommodation
A,CR2001V,BE002C,2017,1889173.0,,,BE002C,BE,,2017,tourist_nights,Total nights spent in tourist accommodation
A,CR2001V,BE002C,2018,,,C,BE002C,BE,,2018,tourist_nights,Total nights spent in tourist accommodation
A,CR2001V,BE002C,2019,2147007.0,,,BE002C,BE,,2019,tourist_nights,Total nights spent in tourist accommodation
A,CR2001V,BE002C,2020,725493.0,,,BE002C,BE,,2020,tourist_nights,Total nights spent in tourist accommodation
A,CR2001V,BE003C,2015,,,C,BE003C,BE,,2015,tourist_nights,Total nights spent in tourist accommodation
A,CR2001V,BE003C,2016,,,C,BE003C,BE,,2016,tourist_nights,Total nights spent in tourist accommodation
A,CR2001V,BE003C,2017,1020842.0,,,BE003C,BE,,2017,tourist_nights,Total nights spent in tourist accommodation
A,CR2001V,BE003C,2018,,,C,BE003C,BE,,2018,tourist_nights,Total nights spent in tourist accommodation
A,CR2001V,BE003C,2019,1210552.0,,,BE003C,BE,,2019,tourist_nights,Total nights spent in tourist accommodation
A,CR2001V,BE003C,2020,501209.0,,,BE003C,BE,,2020,tourist_nights,Total nights spent in tourist accommodation
A,CR2001V,BE004C,2015,242703.0,,,BE004C,BE,,2015,tourist_nights,Total nights spent in tourist accommodation
A,CR2001V,BE004C,2016,247045.0,,,BE004C,BE,,2016,tourist_nights,Total nights spent in tourist accommodation
A,CR2001V,BE004C,2017,272373.0,,,BE004C,BE,,2017,tourist_nights,Total nights spent in tourist accommodation
A,CR2001V,BE004C,2018,253603.0,,,BE004C,BE,,2018,tourist_nights,Total nights spent in tourist accommodation
A,CR2001V,BE004C,2019,,,C,BE004C,BE,,2019,tourist_nights,Total nights spent in tourist accommodation
A,CR2001V,BE004C,2020,,,C,BE004C,BE,,2020,tourist_nights,Total nights spent in tourist accommodation
A,CR2001V,BE005C,2015,,,C,BE005C,BE,,2015,tourist_nights,Total nights spent in tourist accommodation
A,CR2001V,BE005C,2016,,,C,BE005C,BE,,2016,tourist_nights,Total nights spent in tourist accommodation
A,CR2001V,BE005C,2017,471203.0,,,BE005C,BE,,2017,tourist_nights,Total nights spent in tourist accommodation
A,CR2001V,BE005C,2018,,,C,BE005C,BE,,2018,tourist_nights,Total nights spent in tourist accommodation
A,CR2001V,BE005C,2019,,,C,BE005C,BE,,2019,tourist_nights,Total nights spent in tourist accommodation
A,CR2001V,BE005C,2020,,,C,BE005C,BE,,2020,tourist_nights,Total nights spent in tourist accommodation
A,CR2001V,BE006C,2015,,,C,BE006C,BE,,2015,tourist_nights,Total nights spent in tourist accommodation
A,CR2001V,BE006C,2016,,,C,BE006C,BE,,2016,tourist_nights,Total nights spent in tourist accommodation
A,CR2001V,BE006C,2017,1968274.0,,,BE006C,BE,,2017,tourist_nights,Total nights spent in tourist accommodation
A,CR2001V,BE006C,2018,,,C,BE006C,BE,,2018,tourist_nights,Total nights spent in tourist accommodation
A,CR2001V,BE006C,2019,2238300.0,,,BE006C,BE,,2019,tourist_nights,Total nights spent in tourist accommodation
A,CR2001V,BE006C,2020,711720.0,,,BE006C,BE,,2020,tourist_nights,Total nights spent in tourist accommodation
A,CR2001V,BE007C,2015,,,C,BE007C,BE,,2015,tourist_nights,Total nights spent in tourist accommodation
A,CR2001V,BE007C,2016,,,C,BE007C,BE,,2016,tourist_nights,Total nights spent in tourist accommodation
A,CR2001V,BE007C,2017,174482.0,,,BE007C,BE,,2017,tourist_nights,Total nights spent in tourist accommodation
A,CR2001V,BE007C,2018,,,C,BE007C,BE,,2018,tourist_nights,Total nights spent in tourist accommodation
A,CR2001V,BE007C,2019,,,C,BE007C,BE,,2019,tourist_nights,Total nights spent in tourist accommodation
A,CR2001V,BE007C,2020,,,C,BE007C,BE,,2020,tourist_nights,Total nights spent in tourist accommodation
A,CR2001V,BE008C,2015,488679.0,,,BE008C,BE,,2015,tourist_nights,Total nights spent in tourist accommodation
A,CR2001V,BE008C,2016,487960.0,,,BE008C,BE,,2016,tourist_nights,Total nights spent in tourist accommodation
A,CR2001V,BE008C,2017,512214.0,,,BE008C,BE,,2017,tourist_nights,Total nights spent in tourist accommodation
A,CR2001V,BE008C,2018,603248.0,,,BE008C,BE,,2018,tourist_nights,Total nights spent in tourist accommodation
A,CR2001V,BE008C,2019,581155.0,,,BE008C,BE,,2019,tourist_nights,Total nights spent in tourist accommodation
A,CR2001V,BE008C,2020,176342.0,,,BE008C,BE,,2020,tourist_nights,Total nights spent in tourist accommodation
A,CR2001V,BE009C,2015,163357.0,,,BE009C,BE,,2015,tourist_nights,Total nights spent in tourist accommodation
A,CR2001V,BE009C,2016,173259.0,,,BE009C,BE,,2016,tourist_nights,Total nights spent in tourist accommodation
A,CR2001V,BE009C,2017,190254.0,,,BE009C,BE,,2017,tourist_nights,Total nights spent in tourist accommodation
A,CR2001V,BE009C,2018,195454.0,,,BE009C,BE,,2018,tourist_nights,Total nights spent in tourist accommodation
A,CR2001V,BE009C,2019,,,C,BE009C,BE,,2019,tourist_nights,Total nights spent in tourist accommodation
A,CR2001V,BE009C,2020,,,C,BE009C,BE,,2020,tourist_nights,Total nights spent in tourist accommodation
A,CR2001V,BE010C,2015,228632.0,,,BE010C,BE,,2015,tourist_nights,Total nights spent in tourist accommodation
A,CR2001V,BE010C,2016,232184.0,,,BE010C,BE,,2016,tourist_nights,Total nights spent in tourist accommodation
A,CR2001V,BE010C,2017,240516.0,,,BE010C,BE,,2017,tourist_nights,Total nights spent in tourist accommodation
A,CR2001V,BE010C,2018,245041.0,,,BE010C,BE,,2018,tourist_nights,Total nights spent in tourist accommodation
A,CR2001V,BE010C,2019,239863.0,,,BE010C,BE,,2019,tourist_nights,Total nights spent in tourist accommodation
A,CR2001V,BE010C,2020,114574.0,,,BE010C,BE,,2020,tourist_nights,Total nights spent in tourist accommodation
A,CR2001V,BE011C,2015,1265227.0,,,BE011C,BE,,2015,tourist_nights,Total nights spent in tourist accommodation
A,CR2001V,BE011C,2016,1254283.0,,,BE011C,BE,,2016,tourist_nights,Total nights spent in tourist accommodation
A,CR2001V,BE011C,2017,1286214.0,,,BE011C,BE,,2017,tourist_nights,Total nights spent in tourist accommodation
A,CR2001V,BE011C,2018,1242763.0,,,BE011C,BE,,2018,tourist_nights,Total nights spent in tourist accommodation
A,CR2001V,BE011C,2019,1213388.0,,,BE011C,BE,,2019,tourist_nights,Total nights spent in tourist accommodation
A,CR2001V,BE011C,2020,732991.0,,,BE011C,BE,,2020,tourist_nights,Total nights spent in tourist accommodation
A,CR2001V,BG,2015,21397816.0,,,BG,BG,,2015,tourist_nights,Total nights spent in tourist accommodation
A,CR2001V,BG,2016,25185996.0,,,BG,BG,,2016,tourist_nights,Total nights spent in tourist accommodation
A,CR2001V,BG,2017,26054096.0,,,BG,BG,,2017,tourist_nights,Total nights spent in tourist accommodation
A,CR2001V,BG,2018,26845013.0,,,BG,BG,,2018,tourist_nights,Total nights spent in tourist accommodation
A,CR2001V,BG,2019,27154791.0,,,BG,BG,,2019,tourist_nights,Total nights spent in tourist accommodation
A,CR2001V,BG,2020,11968483.0,,,BG,BG,,2020,tourist_nights,Total nights spent in tourist accommodation
A,CR2001V,BG001C,2015,1581387.0,,,BG001C,BG,,2015,tourist_nights,Total nights spent in tourist accommodation
A,CR2001V,BG001C,2016,1751999.0,,,BG001C,BG,,2016,tourist_nights,Total nights spent in tourist accommodation
A,CR2001V,BG001C,2017,1966516.0,,,BG001C,BG,,2017,tourist_nights,Total nights spent in tourist accommodation
A,CR2001V,BG001C,2018,1925881.0,,,BG001C,BG,,2018,tourist_nights,Total nights spent in tourist accommodation
A,CR2001V,BG001C,2019,1973362.0,,,BG001C,BG,,2019,tourist_nights,Total nights spent in tourist accommodation
A,CR2001V,BG001C,2020,744965.0,,,BG001C,BG,,2020,tourist_nights,Total nights spent in tourist accommodation
A,CR2001V,BG002C,2015,432110.0,,,BG002C,BG,,2015,tourist_nights,Total nights spent in tourist accommodation
A,CR2001V,BG002C,2016,483762.0,,,BG002C,BG,,2016,tourist_nights,Total nights spent in tourist accommodation
A,CR2001V,BG002C,2017,516776.0,,,BG002C,BG,,2017,tourist_nights,Total nights spent in tourist accommodation
A,CR2001V,BG002C,2018,499426.0,,,BG002C,BG,,2018,tourist_nights,Total nights spent in tourist accommodation
A,CR2001V,BG002C,2019,510676.0,,,BG002C,BG,,2019,tourist_nights,Total nights spent in tourist accommodation
A,CR2001V,BG002C,2020,238022.0,,,BG002C,BG,,2020,tourist_nights,Total nights spent in tourist accommodation
A,CR2001V,BG003C,2015,4097665.0,,,BG003C,BG,,2015,tourist_nights,Total nights spent in tourist accommodation
A,CR2001V,BG003C,2016,5059435.0,,,BG003C,BG,,2016,tourist_nights,Total nights spent in tourist accommodation
A,CR2001V,BG003C,2017,5027527.0,,,BG003C,BG,,2017,tourist_nights,Total nights spent in tourist accommodation
A,CR2001V,BG003C,2018,5185978.0,,,BG003C,BG,,2018,tourist_nights,Total nights spent in tourist accommodation
A,CR2001V,BG003C,2019,4980352.0,,,BG003C,BG,,2019,tourist_nights,Total nights spent in tourist accommodation
A,CR2001V,BG003C,2020,1725438.0,,,BG003C,BG,,2020,tourist_nights,Total nights spent in tourist accommodation
A,CR2001V,BG004C,2015,337010.0,,,BG004C,BG,,2015,tourist_nights,Total nights spent in tourist accommodation
A,CR2001V,BG004C,2016,361207.0,,,BG004C,BG,,2016,tourist_nights,Total nights spent in tourist accommodation
A,CR2001V,BG004C,2017,381291.0,,,BG004C,BG,,2017,tourist_nights,Total nights spent in tourist accommodation
A,CR2001V,BG004C,2018,394376.0,,,BG004C,BG,,2018,tourist_nights,Total nights spent in tourist accommodation
A,CR2001V,BG004C,2019,366318.0,,,BG004C,BG,,2019,tourist_nights,Total nights spent in tourist accommodation
A,CR2001V,BG004C,2020,208676.0,,,BG004C,BG,,2020,tourist_nights,Total nights spent in tourist accommodation
A,CR2001V,BG005C,2015,70061.0,,,BG005C,BG,,2015,tourist_nights,Total nights spent in tourist accommodation
A,CR2001V,BG005C,2016,68251.0,,,BG005C,BG,,2016,tourist_nights,Total nights spent in tourist accommodation
A,CR2001V,BG005C,2017,65962.0,,,BG005C,BG,,2017,tourist_nights,Total nights spent in tourist accommodation
A,CR2001V,BG005C,2018,64556.0,,,BG005C,BG,,2018,tourist_nights,Total nights spent in tourist accommodation
A,CR2001V,BG005C,2019,60632.0,,,BG005C,BG,,2019,tourist_nights,Total nights spent in tourist accommodation
A,CR2001V,BG005C,2020,66091.0,,,BG005C,BG,,2020,tourist_nights,Total nights spent in tourist accommodation
A,CR2001V,BG006C,2015,129752.0,,,BG006C,BG,,2015,tourist_nights,Total nights spent in tourist accommodation
A,CR2001V,BG006C,2016,134091.0,,,BG006C,BG,,2016,tourist_nights,Total nights spent in tourist accommodation
A,CR2001V,BG006C,2017,130254.0,,,BG006C,BG,,2017,tourist_nights,Total nights spent in tourist accommodation
A,CR2001V,BG006C,2018,170877.0,,,BG006C,BG,,2018,tourist_nights,Total nights spent in tourist accommodation
A,CR2001V,BG006C,2019,164486.0,,,BG006C,BG,,2019,tourist_nights,Total nights spent in tourist accommodation
A,CR2001V,BG006C,2020,81112.0,,,BG006C,BG,,2020,tourist_nights,Total nights spent in tourist accommodation
A,CR2001V,BG007C,2015,35173.0,,,BG007C,BG,,2015,tourist_nights,Total nights spent in tourist accommodation
A,CR2001V,BG007C,2016,35602.0,,,BG007C,BG,,2016,tourist_nights,Total nights spent in tourist accommodation
A,CR2001V,BG007C,2017,39851.0,,,BG007C,BG,,2017,tourist_nights,Total nights spent in tourist accommodation
A,CR2001V,BG007C,2018,39817.0,,,BG007C,BG,,2018,tourist_nights,Total nights spent in tourist accommodation
A,CR2001V,BG007C,2019,46655.0,,,BG007C,BG,,2019,tourist_nights,Total nights spent in tourist accommodation
A,CR2001V,BG007C,2020,79601.0,,,BG007C,BG,,2020,tourist_nights,Total nights spent in tourist accommodation
A,CR2001V,BG008C,2015,104139.0,,,BG008C,BG,,2015,tourist_nights,Total nights spent in tourist accommodation
A,CR2001V,BG008C,2016,117771.0,,,BG008C,BG,,2016,tourist_nights,Total nights spent in tourist accommodation
A,CR2001V,BG008C,2017,128583.0,,,BG008C,BG,,2017,tourist_nights,Total nights spent in tourist accommodation
A,CR2001V,BG008C,2018,107702.0,,,BG008C,BG,,2018,tourist_nights,Total nights spent in tourist accommodation
A,CR2001V,BG008C,2019,97300.0,,,BG008C,BG,,2019,tourist_nights,Total nights spent in tourist accommodation
A,CR2001V,BG008C,2020,61071.0,,,BG008C,BG,,2020,tourist_nights,Total nights spent in tourist accommodation
A,CR2001V,BG009C,2015,74853.0,,,BG009C,BG,,2015,tourist_nights,Total nights spent in tourist accommodation
A,CR2001V,BG009C,2016,57752.0,,,BG009C,BG,,2016,tourist_nights,Total nights spent in tourist accommodation
A,CR2001V,BG009C,2017,58777.0,,,BG009C,BG,,2017,tourist_nights,Total nights spent in tourist accommodation
A,CR2001V,BG009C,2018,57014.0,,,BG009C,BG,,2018,tourist_nights,Total nights spent in tourist accommodation
A,CR2001V,BG009C,2019,55230.0,,,BG009C,BG,,2019,tourist_nights,Total nights spent in tourist accommodation
A,CR2001V,BG009C,2020,33017.0,,,BG009C,BG,,2020,tourist_nights,Total nights spent in tourist accommodation
A,CR2001V,BG010C,2015,43458.0,,,BG010C,BG,,2015,tourist_nights,Total nights spent in tourist accommodation
A,CR2001V,BG010C,2016,46019.0,,,BG010C,BG,,2016,tourist_nights,Total nights spent in tourist accommodation
A,CR2001V,BG010C,2017,49224.0,,,BG010C,BG,,2017,tourist_nights,Total nights spent in tourist accommodation
A,CR2001V,BG010C,2018,51033.0,,,BG010C,BG,,2018,tourist_nights,Total nights spent in tourist accommodation
A,CR2001V,BG010C,2019,47906.0,,,BG010C,BG,,2019,tourist_nights,Total nights spent in tourist accommodation
A,CR2001V,BG010C,2020,27840.0,,,BG010C,BG,,2020,tourist_nights,Total nights spent in tourist accommodation
A,CR2001V,BG011C,2015,63348.0,,,BG011C,BG,,2015,tourist_nights,Total nights spent in tourist accommodation
A,CR2001V,BG011C,2016,57959.0,,,BG011C,BG,,2016,tourist_nights,Total nights spent in tourist accommodation
A,CR2001V,BG011C,2017,62253.0,,,BG011C,BG,,2017,tourist_nights,Total nights spent in tourist accommodation
A,CR2001V,BG011C,2018,63814.0,,,BG011C,BG,,2018,tourist_nights,Total nights spent in tourist accommodation
A,CR2001V,BG011C,2019,68032.0,,,BG011C,BG,,2019,tourist_nights,Total nights spent in tourist accommodation
A,CR2001V,BG011C,2020,35370.0,,,BG011C,BG,,2020,tourist_nights,Total nights spent in tourist accommodation
A,CR2001V,BG012C,2015,13897.0,,,BG012C,BG,,2015,tourist_nights,Total nights spent in tourist accommodation
A,CR2001V,BG012C,2016,15093.0,,,BG012C,BG,,2016,tourist_nights,Total nights spent in tourist accommodation
A,CR2001V,BG012C,2017,12041.0,,,BG012C,BG,,2017,tourist_nights,Total nights spent in tourist accommodation
A,CR2001V,BG012C,2018,13504.0,,,BG012C,BG,,2018,tourist_nights,Total nights spent in tourist accommodation
A,CR2001V,BG012C,2019,16045.0,,,BG012C,BG,,2019,tourist_nights,Total nights spent in tourist accommodation
A,CR2001V,BG012C,2020,12419.0,,,BG012C,BG,,2020,tourist_nights,Total nights spent in tourist accommodation
A,CR2001V,BG013C,2015,42906.0,,,BG013C,BG,,2015,tourist_nights,Total nights spent in tourist accommodation
A,CR2001V,BG013C,2016,40002.0,,,BG013C,BG,,2016,tourist_nights,Total nights spent in tourist accommodation
A,CR2001V,BG013C,2017,39694.0,,,BG013C,BG,,2017,tourist_nights,Total nights spent in tourist accommodation
A,CR2001V,BG013C,2018,28134.0,,,BG013C,BG,,2018,tourist_nights,Total nights spent in tourist accommodation
A,CR2001V,BG013C,2019,30988.0,,,BG013C,BG,,2019,tourist_nights,Total nights spent in tourist accommodation
A,CR2001V,BG013C,2020,17485.0,,,BG013C,BG,,2020,tourist_nights,Total nights spent in tourist accommodation
A,CR2001V,BG014C,2015,27326.0,,,BG014C,BG,,2015,tourist_nights,Total nights spent in tourist accommodation
A,CR2001V,BG014C,2016,30935.0,,,BG014C,BG,,2016,tourist_nights,Total nights spent in tourist accommodation
A,CR2001V,BG014C,2017,35022.0,,,BG014C,BG,,2017,tourist_nights,Total nights spent in tourist accommodation
A,CR2001V,BG014C,2018,45826.0,,,BG014C,BG,,2018,tourist_nights,Total nights spent in tourist accommodation
A,CR2001V,BG014C,2019,38984.0,,,BG014C,BG,,2019,tourist_nights,Total nights spent in tourist accommodation
A,CR2001V,BG014C,2020,20557.0,,,BG014C,BG,,2020,tourist_nights,Total nights spent in tourist accommodation
A,CR2001V,BG015C,2015,34145.0,,,BG015C,BG,,2015,tourist_nights,Total nights spent in tourist accommodation
A,CR2001V,BG015C,2016,34871.0,,,BG015C,BG,,2016,tourist_nights,Total nights spent in tourist accommodation
A,CR2001V,BG015C,2017,28461.0,,,BG015C,BG,,2017,tourist_nights,Total nights spent in tourist accommodation
A,CR2001V,BG015C,2018,30279.0,,,BG015C,BG,,2018,tourist_nights,Total nights spent in tourist accommodation
A,CR2001V,BG015C,2019,24892.0,,,BG015C,BG,,2019,tourist_nights,Total nights spent in tourist accommodation
A,CR2001V,BG015C,2020,12833.0,,,BG015C,BG,,2020,tourist_nights,Total nights spent in tourist accommodation
A,CR2001V,BG016C,2015,51870.0,,,BG016C,BG,,2015,tourist_nights,Total nights spent in tourist accommodation
A,CR2001V,BG016C,2016,57963.0,,,BG016C,BG,,2016,tourist_nights,Total nights spent in tourist accommodation
A,CR2001V,BG016C,2017,66940.0,,,BG016C,BG,,2017,tourist_nights,Total nights spent in tourist accommodation
A,CR2001V,BG016C,2018,61199.0,,,BG016C,BG,,2018,tourist_nights,Total nights spent in tourist accommodation
A,CR2001V,BG016C,2019,57915.0,,,BG016C,BG,,2019,tourist_nights,Total nights spent in tourist accommodation
A,CR2001V,BG016C,2020,25392.0,,,BG016C,BG,,2020,tourist_nights,Total nights spent in tourist accommodation
A,CR2001V,BG017C,2015,139432.0,,,BG017C,BG,,2015,tourist_nights,Total nights spent in tourist accommodation
A,CR2001V,BG017C,2016,164366.0,,,BG017C,BG,,2016,tourist_nights,Total nights spent in tourist accommodation
A,CR2001V,BG017C,2017,170395.0,,,BG017C,BG,,2017,tourist_nights,Total nights spent in tourist accommodation
A,CR2001V,BG017C,2018,185622.0,,,BG017C,BG,,2018,tourist_nights,Total nights spent in tourist accommodation
A,CR2001V,BG017C,2019,204075.0,,,BG017C,BG,,2019,tourist_nights,Total nights spent in tourist accommodation
A,CR2001V,BG017C,2020,89279.0,,,BG017C,BG,,2020,tourist_nights,Total nights spent in tourist accommodation
A,CR2001V,BG018C,2015,48882.0,,,BG018C,BG,,2015,tourist_nights,Total nights spent in tourist accommodation
A,CR2001V,BG018C,2016,64430.0,,,BG018C,BG,,2016,tourist_nights,Total nights spent in tourist accommodation
A,CR2001V,BG018C,2017,62776.0,,,BG018C,BG,,2017,tourist_nights,Total nights spent in tourist accommodation
A,CR2001V,BG018C,2018,52848.0,,,BG018C,BG,,2018,tourist_nights,Total nights spent in tourist accommodation
A,CR2001V,BG018C,2019,51609.0,,,BG018C,BG,,2019,tourist_nights,Total nights spent in tourist accommodation
A,CR2001V,BG018C,2020,35184.0,,,BG018C,BG,,2020,tourist_nights,Total nights spent in tourist accommodation
A,CR2001V,CH001C,2015,764299.0,d,,CH001C,CH,,2015,tourist_nights,Total nights spent in tourist accommodation
A,CR2001V,CH001C,2016,770918.0,d,,CH001C,CH,,2016,tourist_nights,Total nights spent in tourist accommodation
A,CR2001V,CH001C,2017,810647.0,d,,CH001C,CH,,2017,tourist_nights,Total nights spent in tourist accommodation
A,CR2001V,CH001C,2018,888076.0,d,,CH001C,CH,,2018,tourist_nights,Total nights spent in tourist accommodation
A,CR2001V,CH001C,2019,884920.0,d,,CH001C,CH,,2019,tourist_nights,Total nights spent in tourist accommodation
A,CR2001V,CH001C,2020,385941.0,d,,CH001C,CH,,2020,tourist_nights,Total nights spent in tourist accommodation
A,CR2001V,CH001C,2021,549178.0,d,,CH001C,CH,,2021,tourist_nights,Total nights spent in tourist accommodation
A,CR2001V,CH002C,2015,4119242.0,d,,CH002C,CH,,2015,tourist_nights,Total nights spent in tourist accommodation
A,CR2001V,CH002C,2016,4169523.0,d,,CH002C,CH,,2016,tourist_nights,Total nights spent in tourist accommodation
A,CR2001V,CH002C,2017,4442061.0,d,,CH002C,CH,,2017,tourist_nights,Total nights spent in tourist accommodation
A,CR2001V,CH002C,2018,4716769.0,d,,CH002C,CH,,2018,tourist_nights,Total nights spent in tourist accommodation
A,CR2001V,CH002C,2019,4919337.0,d,,CH002C,CH,,2019,tourist_nights,Total nights spent in tourist accommodation
A,CR2001V,CH002C,2020,1541091.0,d,,CH002C,CH,,2020,tourist_nights,Total nights spent in tourist accommodation
A,CR2001V,CH002C,2021,2237412.0,d,,CH002C,CH,,2021,tourist_nights,Total nights spent in tourist accommodation
A,CR2001V,CH003C,2015,2885220.0,d,,CH003C,CH,,2015,tourist_nights,Total nights spent in tourist accommodation
A,CR2001V,CH003C,2016,2864749.0,d,,CH003C,CH,,2016,tourist_nights,Total nights spent in tourist accommodation
A,CR2001V,CH003C,2017,2987464.0,d,,CH003C,CH,,2017,tourist_nights,Total nights spent in tourist accommodation
A,CR2001V,CH003C,2018,3169529.0,d,,CH003C,CH,,2018,tourist_nights,Total nights spent in tourist accommodation
A,CR2001V,CH003C,2019,3137462.0,d,,CH003C,CH,,2019,tourist_nights,Total nights spent in tourist accommodation
A,CR2001V,CH003C,2020,1009754.0,d,,CH003C,CH,,2020,tourist_nights,Total nights spent in tourist accommodation
A,CR2001V,CH003C,2021,1466759.0,d,,CH003C,CH,,2021,tourist_nights,Total nights spent in tourist accommodation
A,CR2001V,CH004C,2015,1301298.0,d,,CH004C,CH,,2015,tourist_nights,Total nights spent in tourist accommodation
A,CR2001V,CH004C,2016,1319434.0,d,,CH004C,CH,,2016,tourist_nights,Total nights spent in tourist accommodation
A,CR2001V,CH004C,2017,1421108.0,d,,CH004C,CH,,2017,tourist_nights,Total nights spent in tourist accommodation
A,CR2001V,CH004C,2018,1485778.0,d,,CH004C,CH,,2018,tourist_nights,Total nights spent in tourist accommodation
A,CR2001V,CH004C,2019,1523958.0,d,,CH004C,CH,,2019,tourist_nights,Total nights spent in tourist accommodation
A,CR2001V,CH004C,2020,598055.0,d,,CH004C,CH,,2020,tourist_nights,Total nights spent in tourist accommodation
A,CR2001V,CH004C,2021,852188.0,d,,CH004C,CH,,2021,tourist_nights,Total nights spent in tourist accommodation
A,CR2001V,CH005C,2015,897805.0,d,,CH005C,CH,,2015,tourist_nights,Total nights spent in tourist accommodation
A,CR2001V,CH005C,2016,969919.0,d,,CH005C,CH,,2016,tourist_nights,Total nights spent in tourist accommodation
A,CR2001V,CH005C,2017,1056542.0,d,,CH005C,CH,,2017,tourist_nights,Total nights spent in tourist accommodation
A,CR2001V,CH005C,2018,1084384.0,d,,CH005C,CH,,2018,tourist_nights,Total nights spent in tourist accommodation
A,CR2001V,CH005C,2019,1117581.0,d,,CH005C,CH,,2019,tourist_nights,Total nights spent in tourist accommodation
A,CR2001V,CH005C,2020,501989.0,d,,CH005C,CH,,2020,tourist_nights,Total nights spent in tourist accommodation
A,CR2001V,CH005C,2021,668701.0,d,,CH005C,CH,,2021,tourist_nights,Total nights spent in tourist accommodation
A,CR2001V,CH006C,2015,1442335.0,d,,CH006C,CH,,2015,tourist_nights,Total nights spent in tourist accommodation
A,CR2001V,CH006C,2016,1432346.0,d,,CH006C,CH,,2016,tourist_nights,Total nights spent in tourist accommodation
A,CR2001V,CH006C,2017,1517484.0,d,,CH006C,CH,,2017,tourist_nights,Total nights spent in tourist accommodation
A,CR2001V,CH006C,2018,1573023.0,d,,CH006C,CH,,2018,tourist_nights,Total nights spent in tourist accommodation
A,CR2001V,CH006C,2019,1574364.0,d,,CH006C,CH,,2019,tourist_nights,Total nights spent in tourist accommodation
A,CR2001V,CH006C,2020,583097.0,d,,CH006C,CH,,2020,tourist_nights,Total nights spent in tourist accommodation
A,CR2001V,CH006C,2021,738752.0,d,,CH006C,CH,,2021,tourist_nights,Total nights spent in tourist accommodation
A,CR2001V,CH007C,2015,177904.0,d,,CH007C,CH,,2015,tourist_nights,Total nights spent in tourist accommodation
A,CR2001V,CH007C,2016,196806.0,d,,CH007C,CH,,2016,tourist_nights,Total nights spent in tourist accommodation
A,CR2001V,CH007C,2017,202195.0,d,,CH007C,CH,,2017,tourist_nights,Total nights spent in tourist accommodation
A,CR2001V,CH007C,2018,208020.0,d,,CH007C,CH,,2018,tourist_nights,Total nights spent in tourist accommodation
A,CR2001V,CH007C,2019,216757.0,d,,CH007C,CH,,2019,tourist_nights,Total nights spent in tourist accommodation
A,CR2001V,CH007C,2020,97314.0,d,,CH007C,CH,,2020,tourist_nights,Total nights spent in tourist accommodation
A,CR2001V,CH007C,2021,109726.0,d,,CH007C,CH,,2021,tourist_nights,Total nights spent in tourist accommodation
A,CR2001V,CH008C,2015,731243.0,d,,CH008C,CH,,2015,tourist_nights,Total nights spent in tourist accommodation
A,CR2001V,CH008C,2016,747499.0,d,,CH008C,CH,,2016,tourist_nights,Total nights spent in tourist accommodation
A,CR2001V,CH008C,2017,780868.0,d,,CH008C,CH,,2017,tourist_nights,Total nights spent in tourist accommodation
A,CR2001V,CH008C,2018,740059.0,d,,CH008C,CH,,2018,tourist_nights,Total nights spent in tourist accommodation
A,CR2001V,CH008C,2019,741454.0,d,,CH008C,CH,,2019,tourist_nights,Total nights spent in tourist accommodation
A,CR2001V,CH008C,2020,541917.0,d,,CH008C,CH,,2020,tourist_nights,Total nights spent in tourist accommodation
A,CR2001V,CH008C,2021,843476.0,d,,CH008C,CH,,2021,tourist_nights,Total nights spent in tourist accommodation
A,CR2001V,CH009C,2015,190616.0,d,,CH009C,CH,,2015,tourist_nights,Total nights spent in tourist accommodation
A,CR2001V,CH009C,2016,217180.0,d,,CH009C,CH,,2016,tourist_nights,Total nights spent in tourist accommodation
A,CR2001V,CH009C,2017,246559.0,d,,CH009C,CH,,2017,tourist_nights,Total nights spent in tourist accommodation
A,CR2001V,CH009C,2018,247478.0,d,,CH009C,CH,,2018,tourist_nights,Total nights spent in tourist accommodation
A,CR2001V,CH009C,2019,244035.0,d,,CH009C,CH,,2019,tourist_nights,Total nights spent in tourist accommodation
A,CR2001V,CH009C,2020,145369.0,d,,CH009C,CH,,2020,tourist_nights,Total nights spent in tourist accommodation
A,CR2001V,CH009C,2021,187058.0,d,,CH009C,CH,,2021,tourist_nights,Total nights spent in tourist accommodation
A,CR2001V,DE,2015,436232801.0,,,DE,DE,,2015,tourist_nights,Total nights spent in tourist accommodation
A,CR2001V,DE,2016,447177524.0,,,DE,DE,,2016,tourist_nights,Total nights spent in tourist accommodation
A,CR2001V,DE,2017,459453733.0,,,DE,DE,,2017,tourist_nights,Total nights spent in tourist accommodation
A,CR2001V,DE001C,2015,30250066.0,,,DE001C,DE,,2015,tourist_nights,Total nights spent in tourist accommodation
A,CR2001V,DE001C,2016,31067775.0,,,DE001C,DE,,2016,tourist_nights,Total nights spent in tourist accommodation
A,CR2001V,DE001C,2017,31150090.0,,,DE001C,DE,,2017,tourist_nights,Total nights spent in tourist accommodation
A,CR2001V,DE001C,2018,32871634.0,,,DE001C,DE,,2018,tourist_nights,Total nights spent in tourist accommodation
A,CR2001V,DE001C,2019,34124364.0,,,DE001C,DE,,2019,tourist_nights,Total nights spent in tourist accommodation
A,CR2001V,DE001C,2020,12278460.0,,,DE001C,DE,,2020,tourist_nights,Total nights spent in tourist accommodation
A,CR2001V,DE002C,2015,12506840.0,,,DE002C,DE,,2015,tourist_nights,Total nights spent in tourist accommodation
A,CR2001V,DE002C,2016,13193476.0,,,DE002C,DE,,2016,tourist_nights,Total nights spent in tourist accommodation
A,CR2001V,DE002C,2017,13682506.0,,,DE002C,DE,,2017,tourist_nights,Total nights spent in tourist accommodation
A,CR2001V,DE002C,2018,14367399.0,,,DE002C,DE,,2018,tourist_nights,Total nights spent in tourist accommodation
A,CR2001V,DE002C,2019,15267308.0,,,DE002C,DE,,2019,tourist_nights,Total nights spent in tourist accommodation
A,CR2001V,DE002C,2020,6796976.0,,,DE002C,DE,,2020,tourist_nights,Total nights spent in tourist accommodation
A,CR2001V,DE003C,2015,14066212.0,,,DE003C,DE,,2015,tourist_nights,Total nights spent in tourist accommodation
A,CR2001V,DE003C,2016,14041090.0,,,DE003C,DE,,2016,tourist_nights,Total nights spent in tourist accommodation
A,CR2001V,DE003C,2017,15663728.0,,,DE003C,DE,,2017,tourist_nights,Total nights spent in tourist accommodation
A,CR2001V,DE003C,2018,17124486.0,,,DE003C,DE,,2018,tourist_nights,Total nights spent in tourist accommodation
A,CR2001V,DE003C,2019,18291939.0,,,DE003C,DE,,2019,tourist_nights,Total nights spent in tourist accommodation
A,CR2001V,DE003C,2020,7034040.0,,,DE003C,DE,,2020,tourist_nights,Total nights spent in tourist accommodation
A,CR2001V,DE004C,2015,5984881.0,,,DE004C,DE,,2015,tourist_nights,Total nights spent in tourist accommodation
A,CR2001V,DE004C,2016,5774890.0,,,DE004C,DE,,2016,tourist_nights,Total nights spent in tourist accommodation
A,CR2001V,DE004C,2017,6243341.0,,,DE004C,DE,,2017,tourist_nights,Total nights spent in tourist accommodation
A,CR2001V,DE004C,2018,6287677.0,,,DE004C,DE,,2018,tourist_nights,Total nights spent in tourist accommodation
A,CR2001V,DE004C,2019,6579119.0,,,DE004C,DE,,2019,tourist_nights,Total nights spent in tourist accommodation
A,CR2001V,DE004C,2020,2557212.0,,,DE004C,DE,,2020,tourist_nights,Total nights spent in tourist accommodation
A,CR2001V,DE005C,2015,8676721.0,,,DE005C,DE,,2015,tourist_nights,Total nights spent in tourist accommodation
A,CR2001V,DE005C,2016,8806738.0,,,DE005C,DE,,2016,tourist_nights,Total nights spent in tourist accommodation
A,CR2001V,DE005C,2017,9544368.0,,,DE005C,DE,,2017,tourist_nights,Total nights spent in tourist accommodation
A,CR2001V,DE005C,2018,10149671.0,,,DE005C,DE,,2018,tourist_nights,Total nights spent in tourist accommodation
A,CR2001V,DE005C,2019,10786473.0,,,DE005C,DE,,2019,tourist_nights,Total nights spent in tourist accommodation
A,CR2001V,DE005C,2020,4085447.0,,,DE005C,DE,,2020,tourist_nights,Total nights spent in tourist accommodation
A,CR2001V,DE006C,2015,1408879.0,,,DE006C,DE,,2015,tourist_nights,Total nights spent in tourist accommodation
A,CR2001V,DE006C,2016,1383934.0,,,DE006C,DE,,2016,tourist_nights,Total nights spent in tourist accommodation
A,CR2001V,DE006C,2017,1480104.0,,,DE006C,DE,,2017,tourist_nights,Total nights spent in tourist accommodation
A,CR2001V,DE006C,2018,1602022.0,,,DE006C,DE,,2018,tourist_nights,Total nights spent in tourist accommodation
A,CR2001V,DE006C,2019,1665817.0,,,DE006C,DE,,2019,tourist_nights,Total nights spent in tourist accommodation
A,CR2001V,DE006C,2020,732762.0,,,DE006C,DE,,2020,tourist_nights,Total nights spent in tourist accommodation
A,CR2001V,DE007C,2015,3561490.0,,,DE007C,DE,,2015,tourist_nights,Total nights spent in tourist accommodation
A,CR2001V,DE007C,2016,3706017.0,,,DE007C,DE,,2016,tourist_nights,Total nights spent in tourist accommodation
A,CR2001V,DE007C,2017,3781564.0,,,DE007C,DE,,2017,tourist_nights,Total nights spent in tourist accommodation
A,CR2001V,DE007C,2018,3911781.0,,,DE007C,DE,,2018,tourist_nights,Total nights spent in tourist accommodation
A,CR2001V,DE007C,2019,4086683.0,,,DE007C,DE,,2019,tourist_nights,Total nights spent in tourist accommodation
A,CR2001V,DE007C,2020,1648103.0,,,DE007C,DE,,2020,tourist_nights,Total nights spent in tourist accommodation
A,CR2001V,DE008C,2015,2829824.0,,,DE008C,DE,,2015,tourist_nights,Total nights spent in tourist accommodation
A,CR2001V,DE008C,2016,2899393.0,,,DE008C,DE,,2016,tourist_nights,Total nights spent in tourist accommodation
A,CR2001V,DE008C,2017,3171353.0,,,DE008C,DE,,2017,tourist_nights,Total nights spent in tourist accommodation
A,CR2001V,DE008C,2018,3376257.0,,,DE008C,DE,,2018,tourist_nights,Total nights spent in tourist accommodation
A,CR2001V,DE008C,2019,3602857.0,,,DE008C,DE,,2019,tourist_nights,Total nights spent in tourist accommodation
A,CR2001V,DE008C,2020,1959147.0,,,DE008C,DE,,2020,tourist_nights,Total nights spent in tourist accommodation
A,CR2001V,DE009C,2015,4308631.0,,,DE009C,DE,,2015,tourist_nights,Total nights spent in tourist accommodation
A,CR2001V,DE009C,2016,4273074.0,,,DE009C,DE,,2016,tourist_nights,Total nights spent in tourist accommodation
A,CR2001V,DE009C,2017,4433443.0,,,DE009C,DE,,2017,tourist_nights,Total nights spent in tourist accommodation
A,CR2001V,DE009C,2018,4604408.0,,,DE009C,DE,,2018,tourist_nights,Total nights spent in tourist accommodation
A,CR2001V,DE009C,2019,4709886.0,,,DE009C,DE,,2019,tourist_nights,Total nights spent in tourist accommodation
A,CR2001V,DE009C,2020,2612918.0,,,DE009C,DE,,2020,tourist_nights,Total nights spent in tourist accommodation
A,CR2001V,DE010C,2015,1134632.0,,,DE010C,DE,,2015,tourist_nights,Total nights spent in tourist accommodation
A,CR2001V,DE010C,2016,1214528.0,,,DE010C,DE,,2016,tourist_nights,Total nights spent in tourist accommodation
A,CR2001V,DE010C,2017,1253546.0,,,DE010C,DE,,2017,tourist_nights,Total nights spent in tourist accommodation
A,CR2001V,DE010C,2018,1352848.0,,,DE010C,DE,,2018,tourist_nights,Total nights spent in tourist accommodation
A,CR2001V,DE010C,2019,1440863.0,,,DE010C,DE,,2019,tourist_nights,Total nights spent in tourist accommodation
A,CR2001V,DE010C,2020,673061.0,,,DE010C,DE,,2020,tourist_nights,Total nights spent in tourist accommodation
A,CR2001V,DE011C,2015,4403960.0,,,DE011C,DE,,2015,tourist_nights,Total nights spent in tourist accommodation
A,CR2001V,DE011C,2016,4604675.0,,,DE011C,DE,,2016,tourist_nights,Total nights spent in tourist accommodation
A,CR2001V,DE011C,2017,4817579.0,,,DE011C,DE,,2017,tourist_nights,Total nights spent in tourist accommodation
A,CR2001V,DE011C,2018,4988092.0,,,DE011C,DE,,2018,tourist_nights,Total nights spent in tourist accommodation
A,CR2001V,DE011C,2019,5001354.0,,,DE011C,DE,,2019,tourist_nights,Total nights spent in tourist accommodation
A,CR2001V,DE011C,2020,1825753.0,,,DE011C,DE,,2020,tourist_nights,Total nights spent in tourist accommodation
A,CR2001V,DE012C,2015,1993683.0,,,DE012C,DE,,2015,tourist_nights,Total nights spent in tourist accommodation
A,CR2001V,DE012C,2016,2004635.0,,,DE012C,DE,,2016,tourist_nights,Total nights spent in tourist accommodation
A,CR2001V,DE012C,2017,2039490.0,,,DE012C,DE,,2017,tourist_nights,Total nights spent in tourist accommodation
A,CR2001V,DE012C,2018,2139174.0,,,DE012C,DE,,2018,tourist_nights,Total nights spent in tourist accommodation
A,CR2001V,DE012C,2019,2350379.0,,,DE012C,DE,,2019,tourist_nights,Total nights spent in tourist accommodation
A,CR2001V,DE012C,2020,1206886.0,,,DE012C,DE,,2020,tourist_nights,Total nights spent in tourist accommodation
A,CR2001V,DE013C,2015,2232282.0,,,DE013C,DE,,2015,tourist_nights,Total nights spent in tourist accommodation
A,CR2001V,DE013C,2016,2240346.0,,,DE013C,DE,,2016,tourist_nights,Total nights spent in tourist accommodation
A,CR2001V,DE013C,2017,2280015.0,,,DE013C,DE,,2017,tourist_nights,Total nights spent in tourist accommodation
A,CR2001V,DE013C,2018,2250245.0,,,DE013C,DE,,2018,tourist_nights,Total nights spent in tourist accommodation
A,CR2001V,DE013C,2019,2338758.0,,,DE013C,DE,,2019,tourist_nights,Total nights spent in tourist accommodation
A,CR2001V,DE013C,2020,999654.0,,,DE013C,DE,,2020,tourist_nights,Total nights spent in tourist accommodation
A,CR2001V,DE014C,2015,3013201.0,,,DE014C,DE,,2015,tourist_nights,Total nights spent in tourist accommodation
A,CR2001V,DE014C,2016,3218835.0,,,DE014C,DE,,2016,tourist_nights,Total nights spent in tourist accommodation
A,CR2001V,DE014C,2017,3326525.0,,,DE014C,DE,,2017,tourist_nights,Total nights spent in tourist accommodation
A,CR2001V,DE014C,2018,3610613.0,,,DE014C,DE,,2018,tourist_nights,Total nights spent in tourist accommodation
A,CR2001V,DE014C,2019,3560930.0,,,DE014C,DE,,2019,tourist_nights,Total nights spent in tourist accommodation
A,CR2001V,DE014C,2020,1501994.0,,,DE014C,DE,,2020,tourist_nights,Total nights spent in tourist accommodation
A,CR2001V,DE015C,2015,629632.0,,,DE015C,DE,,2015,tourist_nights,Total nights spent in tourist accommodation
A,CR2001V,DE015C,2016,642217.0,,,DE015C,DE,,2016,tourist_nights,Total nights spent in tourist accommodation
A,CR2001V,DE015C,2017,646332.0,,,DE015C,DE,,2017,tourist_nights,Total nights spent in tourist accommodation
A,CR2001V,DE015C,2018,634766.0,,,DE015C,DE,,2018,tourist_nights,Total nights spent in tourist accommodation
A,CR2001V,DE015C,2019,643292.0,,,DE015C,DE,,2019,tourist_nights,Total nights spent in tourist accommodation
A,CR2001V,DE015C,2020,267084.0,,,DE015C,DE,,2020,tourist_nights,Total nights spent in tourist accommodation
A,CR2001V,DE016C,2015,573157.0,,,DE016C,DE,,2015,tourist_nights,Total nights spent in tourist accommodation
A,CR2001V,DE016C,2016,619986.0,,,DE016C,DE,,2016,tourist_nights,Total nights spent in tourist accommodation
A,CR2001V,DE016C,2017,705245.0,,,DE016C,DE,,2017,tourist_nights,Total nights spent in tourist accommodation
A,CR2001V,DE016C,2018,679903.0,,,DE016C,DE,,2018,tourist_nights,Total nights spent in tourist accommodation
A,CR2001V,DE016C,2019,694158.0,,,DE016C,DE,,2019,tourist_nights,Total nights spent in tourist accommodation
A,CR2001V,DE016C,2020,318599.0,,,DE016C,DE,,2020,tourist_nights,Total nights spent in tourist accommodation
A,CR2001V,DE017C,2015,405260.0,,,DE017C,DE,,2015,tourist_nights,Total nights spent in tourist accommodation
A,CR2001V,DE017C,2016,402095.0,,,DE017C,DE,,2016,tourist_nights,Total nights spent in tourist accommodation
A,CR2001V,DE017C,2017,416503.0,,,DE017C,DE,,2017,tourist_nights,Total nights spent in tourist accommodation
A,CR2001V,DE017C,2018,429592.0,,,DE017C,DE,,2018,tourist_nights,Total nights spent in tourist accommodation
A,CR2001V,DE017C,2019,456739.0,,,DE017C,DE,,2019,tourist_nights,Total nights spent in tourist accommodation
A,CR2001V,DE017C,2020,248515.0,,,DE017C,DE,,2020,tourist_nights,Total nights spent in tourist accommodation
A,CR2001V,DE018C,2015,608748.0,,,DE018C,DE,,2015,tourist_nights,Total nights spent in tourist accommodation
A,CR2001V,DE018C,2016,629559.0,,,DE018C,DE,,2016,tourist_nights,Total nights spent in tourist accommodation
A,CR2001V,DE018C,2017,666037.0,,,DE018C,DE,,2017,tourist_nights,Total nights spent in tourist accommodation
A,CR2001V,DE018C,2018,692213.0,,,DE018C,DE,,2018,tourist_nights,Total nights spent in tourist accommodation
A,CR2001V,DE018C,2019,730054.0,,,DE018C,DE,,2019,tourist_nights,Total nights spent in tourist accommodation
A,CR2001V,DE018C,2020,430139.0,,,DE018C,DE,,2020,tourist_nights,Total nights spent in tourist accommodation
A,CR2001V,DE019C,2015,1199516.0,,,DE019C,DE,,2015,tourist_nights,Total nights spent in tourist accommodation
A,CR2001V,DE019C,2016,1223457.0,,,DE019C,DE,,2016,tourist_nights,Total nights spent in tourist accommodation
A,CR2001V,DE019C,2017,1249204.0,,,DE019C,DE,,2017,tourist_nights,Total nights spent in tourist accommodation
A,CR2001V,DE019C,2018,1251424.0,,,DE019C,DE,,2018,tourist_nights,Total nights spent in tourist accommodation
A,CR2001V,DE019C,2019,1278891.0,,,DE019C,DE,,2019,tourist_nights,Total nights spent in tourist accommodation
A,CR2001V,DE019C,2020,654564.0,,,DE019C,DE,,2020,tourist_nights,Total nights spent in tourist accommodation
A,CR2001V,DE020C,2015,482652.0,,,DE020C,DE,,2015,tourist_nights,Total nights spent in tourist accommodation
A,CR2001V,DE020C,2017,522607.0,,,DE020C,DE,,2017,tourist_nights,Total nights spent in tourist accommodation
A,CR2001V,DE020C,2018,532701.0,,,DE020C,DE,,2018,tourist_nights,Total nights spent in tourist accommodation
A,CR2001V,DE020C,2019,603158.0,,,DE020C,DE,,2019,tourist_nights,Total nights spent in tourist accommodation
A,CR2001V,DE020C,2020,312880.0,,,DE020C,DE,,2020,tourist_nights,Total nights spent in tourist accommodation
A,CR2001V,DE021C,2015,152423.0,,,DE021C,DE,,2015,tourist_nights,Total nights spent in tourist accommodation
A,CR2001V,DE021C,2016,196000.0,,,DE021C,DE,,2016,tourist_nights,Total nights spent in tourist accommodation
A,CR2001V,DE021C,2017,196432.0,,,DE021C,DE,,2017,tourist_nights,Total nights spent in tourist accommodation
A,CR2001V,DE021C,2018,189536.0,,,DE021C,DE,,2018,tourist_nights,Total nights spent in tourist accommodation
A,CR2001V,DE021C,2019,199213.0,,,DE021C,DE,,2019,tourist_nights,Total nights spent in tourist accommodation
A,CR2001V,DE021C,2020,102013.0,,,DE021C,DE,,2020,tourist_nights,Total nights spent in tourist accommodation
A,CR2001V,DE022C,2015,108679.0,,,DE022C,DE,,2015,tourist_nights,Total nights spent in tourist accommodation
A,CR2001V,DE022C,2016,109711.0,,,DE022C,DE,,2016,tourist_nights,Total nights spent in tourist accommodation
A,CR2001V,DE022C,2017,109160.0,,,DE022C,DE,,2017,tourist_nights,Total nights spent in tourist accommodation
A,CR2001V,DE022C,2018,111486.0,,,DE022C,DE,,2018,tourist_nights,Total nights spent in tourist accommodation
A,CR2001V,DE022C,2019,122774.0,,,DE022C,DE,,2019,tourist_nights,Total nights spent in tourist accommodation
A,CR2001V,DE022C,2020,69339.0,,,DE022C,DE,,2020,tourist_nights,Total nights spent in tourist accommodation
A,CR2001V,DE023C,2015,670882.0,,,DE023C,DE,,2015,tourist_nights,Total nights spent in tourist accommodation
A,CR2001V,DE023C,2016,714544.0,,,DE023C,DE,,2016,tourist_nights,Total nights spent in tourist accommodation
A,CR2001V,DE023C,2017,669046.0,,,DE023C,DE,,2017,tourist_nights,Total nights spent in tourist accommodation
A,CR2001V,DE023C,2018,707139.0,,,DE023C,DE,,2018,tourist_nights,Total nights spent in tourist accommodation
A,CR2001V,DE023C,2019,670605.0,,,DE023C,DE,,2019,tourist_nights,Total nights spent in tourist accommodation
A,CR2001V,DE023C,2020,305655.0,,,DE023C,DE,,2020,tourist_nights,Total nights spent in tourist accommodation
A,CR2001V,DE024C,2015,770503.0,,,DE024C,DE,,2015,tourist_nights,Total nights spent in tourist accommodation
A,CR2001V,DE024C,2016,788651.0,,,DE024C,DE,,2016,tourist_nights,Total nights spent in tourist accommodation
A,CR2001V,DE024C,2017,791350.0,,,DE024C,DE,,2017,tourist_nights,Total nights spent in tourist accommodation
A,CR2001V,DE024C,2018,830892.0,,,DE024C,DE,,2018,tourist_nights,Total nights spent in tourist accommodation
A,CR2001V,DE024C,2019,848709.0,,,DE024C,DE,,2019,tourist_nights,Total nights spent in tourist accommodation
A,CR2001V,DE024C,2020,490478.0,,,DE024C,DE,,2020,tourist_nights,Total nights spent in tourist accommodation
A,CR2001V,DE025C,2015,1448470.0,,,DE025C,DE,,2015,tourist_nights,Total nights spent in tourist accommodation
A,CR2001V,DE025C,2016,1438319.0,,,DE025C,DE,,2016,tourist_nights,Total nights spent in tourist accommodation
A,CR2001V,DE025C,2017,1551862.0,,,DE025C,DE,,2017,tourist_nights,Total nights spent in tourist accommodation
A,CR2001V,DE025C,2018,1708237.0,,,DE025C,DE,,2018,tourist_nights,Total nights spent in tourist accommodation
A,CR2001V,DE025C,2019,1822338.0,,,DE025C,DE,,2019,tourist_nights,Total nights spent in tourist accommodation
A,CR2001V,DE025C,2020,1130338.0,,,DE025C,DE,,2020,tourist_nights,Total nights spent in tourist accommodation
A,CR2001V,DE026C,2015,976295.0,,,DE026C,DE,,2015,tourist_nights,Total nights spent in tourist accommodation
A,CR2001V,DE026C,2016,1064094.0,,,DE026C,DE,,2016,tourist_nights,Total nights spent in tourist accommodation
A,CR2001V,DE026C,2017,1085524.0,,,DE026C,DE,,2017,tourist_nights,Total nights spent in tourist accommodation
A,CR2001V,DE026C,2018,1100392.0,,,DE026C,DE,,2018,tourist_nights,Total nights spent in tourist accommodation
A,CR2001V,DE026C,2019,1143996.0,,,DE026C,DE,,2019,tourist_nights,Total nights spent in tourist accommodation
A,CR2001V,DE026C,2020,598647.0,,,DE026C,DE,,2020,tourist_nights,Total nights spent in tourist accommodation
A,CR2001V,DE027C,2015,149470.0,,,DE027C,DE,,2015,tourist_nights,Total nights spent in tourist accommodation
A,CR2001V,DE027C,2016,128208.0,,,DE027C,DE,,2016,tourist_nights,Total nights spent in tourist accommodation
A,CR2001V,DE027C,2017,131846.0,,,DE027C,DE,,2017,tourist_nights,Total nights spent in tourist accommodation
A,CR2001V,DE027C,2018,138641.0,,,DE027C,DE,,2018,tourist_nights,Total nights spent in tourist accommodation
A,CR2001V,DE027C,2019,153178.0,,,DE027C,DE,,2019,tourist_nights,Total nights spent in tourist accommodation
A,CR2001V,DE027C,2020,148324.0,,,DE027C,DE,,2020,tourist_nights,Total nights spent in tourist accommodation
A,CR2001V,DE028C,2015,697695.0,,,DE028C,DE,,2015,tourist_nights,Total nights spent in tourist accommodation
A,CR2001V,DE028C,2016,715437.0,,,DE028C,DE,,2016,tourist_nights,Total nights spent in tourist accommodation
A,CR2001V,DE028C,2017,740255.0,,,DE028C,DE,,2017,tourist_nights,Total nights spent in tourist accommodation
A,CR2001V,DE028C,2018,743331.0,,,DE028C,DE,,2018,tourist_nights,Total nights spent in tourist accommodation
A,CR2001V,DE028C,2019,886478.0,,,DE028C,DE,,2019,tourist_nights,Total nights spent in tourist accommodation
A,CR2001V,DE028C,2020,421130.0,,,DE028C,DE,,2020,tourist_nights,Total nights spent in tourist accommodation
A,CR2001V,DE029C,2015,331825.0,,,DE029C,DE,,2015,tourist_nights,Total nights spent in tourist accommodation
A,CR2001V,DE029C,2016,347974.0,,,DE029C,DE,,2016,tourist_nights,Total nights spent in tourist accommodation
A,CR2001V,DE029C,2017,353198.0,,,DE029C,DE,,2017,tourist_nights,Total nights spent in tourist accommodation
A,CR2001V,DE029C,2018,362429.0,,,DE029C,DE,,2018,tourist_nights,Total nights spent in tourist accommodation
A,CR2001V,DE029C,2019,365868.0,,,DE029C,DE,,2019,tourist_nights,Total nights spent in tourist accommodation
A,CR2001V,DE029C,2020,255716.0,,,DE029C,DE,,2020,tourist_nights,Total nights spent in tourist accommodation
A,CR2001V,DE030C,2015,809306.0,,,DE030C,DE,,2015,tourist_nights,Total nights spent in tourist accommodation
A,CR2001V,DE030C,2016,873682.0,,,DE030C,DE,,2016,tourist_nights,Total nights spent in tourist accommodation
A,CR2001V,DE030C,2017,909548.0,,,DE030C,DE,,2017,tourist_nights,Total nights spent in tourist accommodation
A,CR2001V,DE030C,2018,879168.0,,,DE030C,DE,,2018,tourist_nights,Total nights spent in tourist accommodation
A,CR2001V,DE030C,2019,917286.0,,,DE030C,DE,,2019,tourist_nights,Total nights spent in tourist accommodation
A,CR2001V,DE030C,2020,479780.0,,,DE030C,DE,,2020,tourist_nights,Total nights spent in tourist accommodation
A,CR2001V,DE031C,2015,764375.0,,,DE031C,DE,,2015,tourist_nights,Total nights spent in tourist accommodation
A,CR2001V,DE031C,2016,759478.0,,,DE031C,DE,,2016,tourist_nights,Total nights spent in tourist accommodation
A,CR2001V,DE031C,2017,798819.0,,,DE031C,DE,,2017,tourist_nights,Total nights spent in tourist accommodation
A,CR2001V,DE031C,2018,855121.0,,,DE031C,DE,,2018,tourist_nights,Total nights spent in tourist accommodation
A,CR2001V,DE031C,2019,859471.0,,,DE031C,DE,,2019,tourist_nights,Total nights spent in tourist accommodation
A,CR2001V,DE031C,2020,419089.0,,,DE031C,DE,,2020,tourist_nights,Total nights spent in tourist accommodation
A,CR2001V,DE032C,2015,1495546.0,,,DE032C,DE,,2015,tourist_nights,Total nights spent in tourist accommodation
A,CR2001V,DE032C,2016,1539367.0,,,DE032C,DE,,2016,tourist_nights,Total nights spent in tourist accommodation
A,CR2001V,DE032C,2017,1595805.0,,,DE032C,DE,,2017,tourist_nights,Total nights spent in tourist accommodation
A,CR2001V,DE032C,2018,1597228.0,,,DE032C,DE,,2018,tourist_nights,Total nights spent in tourist accommodation
A,CR2001V,DE032C,2019,1753783.0,,,DE032C,DE,,2019,tourist_nights,Total nights spent in tourist accommodation
A,CR2001V,DE032C,2020,765482.0,,,DE032C,DE,,2020,tourist_nights,Total nights spent in tourist accommodation
A,CR2001V,DE033C,2015,1096961.0,,,DE033C,DE,,2015,tourist_nights,Total nights spent in tourist accommodation
A,CR2001V,DE033C,2016,1101223.0,,,DE033C,DE,,2016,tourist_nights,Total nights spent in tourist accommodation
A,CR2001V,DE033C,2017,1168584.0,,,DE033C,DE,,2017,tourist_nights,Total nights spent in tourist accommodation
A,CR2001V,DE033C,2018,1139836.0,,,DE033C,DE,,2018,tourist_nights,Total nights spent in tourist accommodation
A,CR2001V,DE033C,2019,1149181.0,,,DE033C,DE,,2019,tourist_nights,Total nights spent in tourist accommodation
A,CR2001V,DE033C,2020,559658.0,,,DE033C,DE,,2020,tourist_nights,Total nights spent in tourist accommodation
A,CR2001V,DE034C,2015,297833.0,,,DE034C,DE,,2015,tourist_nights,Total nights spent in tourist accommodation
A,CR2001V,DE034C,2016,324198.0,,,DE034C,DE,,2016,tourist_nights,Total nights spent in tourist accommodation
A,CR2001V,DE034C,2017,331734.0,,,DE034C,DE,,2017,tourist_nights,Total nights spent in tourist accommodation
A,CR2001V,DE034C,2018,335230.0,,,DE034C,DE,,2018,tourist_nights,Total nights spent in tourist accommodation
A,CR2001V,DE034C,2019,344264.0,,,DE034C,DE,,2019,tourist_nights,Total nights spent in tourist accommodation
A,CR2001V,DE034C,2020,171964.0,,,DE034C,DE,,2020,tourist_nights,Total nights spent in tourist accommodation
A,CR2001V,DE035C,2015,889046.0,,,DE035C,DE,,2015,tourist_nights,Total nights spent in tourist accommodation
A,CR2001V,DE035C,2016,934642.0,,,DE035C,DE,,2016,tourist_nights,Total nights spent in tourist accommodation
A,CR2001V,DE035C,2017,928506.0,,,DE035C,DE,,2017,tourist_nights,Total nights spent in tourist accommodation
A,CR2001V,DE035C,2018,906699.0,,,DE035C,DE,,2018,tourist_nights,Total nights spent in tourist accommodation
A,CR2001V,DE035C,2019,962935.0,,,DE035C,DE,,2019,tourist_nights,Total nights spent in tourist accommodation
A,CR2001V,DE035C,2020,475062.0,,,DE035C,DE,,2020,tourist_nights,Total nights spent in tourist accommodation
A,CR2001V,DE036C,2015,674980.0,,,DE036C,DE,,2015,tourist_nights,Total nights spent in tourist accommodation
A,CR2001V,DE036C,2016,668141.0,,,DE036C,DE,,2016,tourist_nights,Total nights spent in tourist accommodation
A,CR2001V,DE036C,2017,727034.0,,,DE036C,DE,,2017,tourist_nights,Total nights spent in tourist accommodation
A,CR2001V,DE036C,2018,805038.0,,,DE036C,DE,,2018,tourist_nights,Total nights spent in tourist accommodation
A,CR2001V,DE036C,2019,866065.0,,,DE036C,DE,,2019,tourist_nights,Total nights spent in tourist accommodation
A,CR2001V,DE036C,2020,567514.0,,,DE036C,DE,,2020,tourist_nights,Total nights spent in tourist accommodation
A,CR2001V,DE037C,2015,536935.0,,,DE037C,DE,,2015,tourist_nights,Total nights spent in tourist accommodation
A,CR2001V,DE037C,2016,544637.0,,,DE037C,DE,,2016,tourist_nights,Total nights spent in tourist accommodation
A,CR2001V,DE037C,2017,566703.0,,,DE037C,DE,,2017,tourist_nights,Total nights spent in tourist accommodation
A,CR2001V,DE037C,2018,537962.0,,,DE037C,DE,,2018,tourist_nights,Total nights spent in tourist accommodation
A,CR2001V,DE037C,2019,561754.0,,,DE037C,DE,,2019,tourist_nights,Total nights spent in tourist accommodation
A,CR2001V,DE037C,2020,299482.0,,,DE037C,DE,,2020,tourist_nights,Total nights spent in tourist accommodation
A,CR2001V,DE038C,2015,1105264.0,,,DE038C,DE,,2015,tourist_nights,Total nights spent in tourist accommodation
A,CR2001V,DE038C,2016,1139389.0,,,DE038C,DE,,2016,tourist_nights,Total nights spent in tourist accommodation
A,CR2001V,DE038C,2017,1171431.0,,,DE038C,DE,,2017,tourist_nights,Total nights spent in tourist accommodation
A,CR2001V,DE038C,2018,1277928.0,,,DE038C,DE,,2018,tourist_nights,Total nights spent in tourist accommodation
A,CR2001V,DE038C,2019,1338886.0,,,DE038C,DE,,2019,tourist_nights,Total nights spent in tourist accommodation
A,CR2001V,DE038C,2020,877185.0,,,DE038C,DE,,2020,tourist_nights,Total nights spent in tourist accommodation
A,CR2001V,DE039C,2015,661761.0,,,DE039C,DE,,2015,tourist_nights,Total nights spent in tourist accommodation
A,CR2001V,DE039C,2016,672924.0,,,DE039C,DE,,2016,tourist_nights,Total nights spent in tourist accommodation
A,CR2001V,DE039C,2017,686898.0,,,DE039C,DE,,2017,tourist_nights,Total nights spent in tourist accommodation
A,CR2001V,DE039C,2018,697924.0,,,DE039C,DE,,2018,tourist_nights,Total nights spent in tourist accommodation
A,CR2001V,DE039C,2019,729731.0,,,DE039C,DE,,2019,tourist_nights,Total nights spent in tourist accommodation
A,CR2001V,DE039C,2020,477529.0,,,DE039C,DE,,2020,tourist_nights,Total nights spent in tourist accommodation
A,CR2001V,DE040C,2015,1931119.0,,,DE040C,DE,,2015,tourist_nights,Total nights spent in tourist accommodation
A,CR2001V,DE040C,2016,1966750.0,,,DE040C,DE,,2016,tourist_nights,Total nights spent in tourist accommodation
A,CR2001V,DE040C,2017,1996539.0,,,DE040C,DE,,2017,tourist_nights,Total nights spent in tourist accommodation
A,CR2001V,DE040C,2018,2139097.0,,,DE040C,DE,,2018,tourist_nights,Total nights spent in tourist accommodation
A,CR2001V,DE040C,2019,2288907.0,,,DE040C,DE,,2019,tourist_nights,Total nights spent in tourist accommodation
A,CR2001V,DE040C,2020,1522370.0,,,DE040C,DE,,2020,tourist_nights,Total nights spent in tourist accommodation
A,CR2001V,DE041C,2015,262638.0,,,DE041C,DE,,2015,tourist_nights,Total nights spent in tourist accommodation
A,CR2001V,DE041C,2016,237944.0,,,DE041C,DE,,2016,tourist_nights,Total nights spent in tourist accommodation
A,CR2001V,DE041C,2017,236770.0,,,DE041C,DE,,2017,tourist_nights,Total nights spent in tourist accommodation
A,CR2001V,DE041C,2018,0.0,,,DE041C,DE,,2018,tourist_nights,Total nights spent in tourist accommodation
A,CR2001V,DE041C,2020,154706.0,,,DE041C,DE,,2020,tourist_nights,Total nights spent in tourist accommodation
A,CR2001V,DE042C,2015,70905.0,,,DE042C,DE,,2015,tourist_nights,Total nights spent in tourist accommodation
A,CR2001V,DE042C,2016,72440.0,,,DE042C,DE,,2016,tourist_nights,Total nights spent in tourist accommodation
A,CR2001V,DE042C,2017,80838.0,,,DE042C,DE,,2017,tourist_nights,Total nights spent in tourist accommodation
A,CR2001V,DE042C,2018,78241.0,,,DE042C,DE,,2018,tourist_nights,Total nights spent in tourist accommodation
A,CR2001V,DE042C,2019,80676.0,,,DE042C,DE,,2019,tourist_nights,Total nights spent in tourist accommodation
A,CR2001V,DE042C,2020,44030.0,,,DE042C,DE,,2020,tourist_nights,Total nights spent in tourist accommodation
A,CR2001V,DE043C,2015,225394.0,,,DE043C,DE,,2015,tourist_nights,Total nights spent in tourist accommodation
A,CR2001V,DE043C,2016,212441.0,,,DE043C,DE,,2016,tourist_nights,Total nights spent in tourist accommodation
A,CR2001V,DE043C,2017,219689.0,,,DE043C,DE,,2017,tourist_nights,Total nights spent in tourist accommodation
A,CR2001V,DE043C,2018,227748.0,,,DE043C,DE,,2018,tourist_nights,Total nights spent in tourist accommodation
A,CR2001V,DE043C,2019,241601.0,,,DE043C,DE,,2019,tourist_nights,Total nights spent in tourist accommodation
A,CR2001V,DE043C,2020,123723.0,,,DE043C,DE,,2020,tourist_nights,Total nights spent in tourist accommodation
A,CR2001V,DE044C,2015,155497.0,,,DE044C,DE,,2015,tourist_nights,Total nights spent in tourist accommodation
A,CR2001V,DE044C,2016,159457.0,,,DE044C,DE,,2016,tourist_nights,Total nights spent in tourist accommodation
A,CR2001V,DE044C,2017,184270.0,,,DE044C,DE,,2017,tourist_nights,Total nights spent in tourist accommodation
A,CR2001V,DE044C,2018,197593.0,,,DE044C,DE,,2018,tourist_nights,Total nights spent in tourist accommodation
A,CR2001V,DE044C,2019,194678.0,,,DE044C,DE,,2019,tourist_nights,Total nights spent in tourist accommodation
A,CR2001V,DE044C,2020,109654.0,,,DE044C,DE,,2020,tourist_nights,Total nights spent in tourist accommodation
A,CR2001V,DE045C,2015,331137.0,,,DE045C,DE,,2015,tourist_nights,Total nights spent in tourist accommodation
A,CR2001V,DE045C,2016,347728.0,,,DE045C,DE,,2016,tourist_nights,Total nights spent in tourist accommodation
A,CR2001V,DE045C,2017,365690.0,,,DE045C,DE,,2017,tourist_nights,Total nights spent in tourist accommodation
A,CR2001V,DE045C,2018,359348.0,,,DE045C,DE,,2018,tourist_nights,Total nights spent in tourist accommodation
A,CR2001V,DE045C,2019,352405.0,,,DE045C,DE,,2019,tourist_nights,Total nights spent in tourist accommodation
A,CR2001V,DE045C,2020,263141.0,,,DE045C,DE,,2020,tourist_nights,Total nights spent in tourist accommodation
A,CR2001V,DE046C,2015,303918.0,,,DE046C,DE,,2015,tourist_nights,Total nights spent in tourist accommodation
A,CR2001V,DE046C,2016,301255.0,,,DE046C,DE,,2016,tourist_nights,Total nights spent in tourist accommodation
A,CR2001V,DE046C,2017,316032.0,,,DE046C,DE,,2017,tourist_nights,Total nights spent in tourist accommodation
A,CR2001V,DE046C,2018,324479.0,,,DE046C,DE,,2018,tourist_nights,Total nights spent in tourist accommodation
A,CR2001V,DE046C,2019,339523.0,,,DE046C,DE,,2019,tourist_nights,Total nights spent in tourist accommodation
A,CR2001V,DE046C,2020,168947.0,,,DE046C,DE,,2020,tourist_nights,Total nights spent in tourist accommodation
A,CR2001V,DE047C,2015,238457.0,,,DE047C,DE,,2015,tourist_nights,Total nights spent in tourist accommodation
A,CR2001V,DE047C,2016,263852.0,,,DE047C,DE,,2016,tourist_nights,Total nights spent in tourist accommodation
A,CR2001V,DE047C,2017,268996.0,,,DE047C,DE,,2017,tourist_nights,Total nights spent in tourist accommodation
A,CR2001V,DE047C,2018,269763.0,,,DE047C,DE,,2018,tourist_nights,Total nights spent in tourist accommodation
A,CR2001V,DE047C,2019,253771.0,,,DE047C,DE,,2019,tourist_nights,Total nights spent in tourist accommodation
A,CR2001V,DE047C,2020,130755.0,,,DE047C,DE,,2020,tourist_nights,Total nights spent in tourist accommodation
A,CR2001V,DE048C,2015,146247.0,,,DE048C,DE,,2015,tourist_nights,Total nights spent in tourist accommodation
A,CR2001V,DE048C,2016,141957.0,,,DE048C,DE,,2016,tourist_nights,Total nights spent in tourist accommodation
A,CR2001V,DE048C,2017,133914.0,,,DE048C,DE,,2017,tourist_nights,Total nights spent in tourist accommodation
A,CR2001V,DE048C,2018,165638.0,,,DE048C,DE,,2018,tourist_nights,Total nights spent in tourist accommodation
A,CR2001V,DE048C,2019,170607.0,,,DE048C,DE,,2019,tourist_nights,Total nights spent in tourist accommodation
A,CR2001V,DE048C,2020,84188.0,,,DE048C,DE,,2020,tourist_nights,Total nights spent in tourist accommodation
A,CR2001V,DE049C,2015,279818.0,,,DE049C,DE,,2015,tourist_nights,Total nights spent in tourist accommodation
A,CR2001V,DE049C,2016,286161.0,,,DE049C,DE,,2016,tourist_nights,Total nights spent in tourist accommodation
A,CR2001V,DE049C,2017,311603.0,,,DE049C,DE,,2017,tourist_nights,Total nights spent in tourist accommodation
A,CR2001V,DE049C,2018,322191.0,,,DE049C,DE,,2018,tourist_nights,Total nights spent in tourist accommodation
A,CR2001V,DE049C,2019,357014.0,,,DE049C,DE,,2019,tourist_nights,Total nights spent in tourist accommodation
A,CR2001V,DE049C,2020,225833.0,,,DE049C,DE,,2020,tourist_nights,Total nights spent in tourist accommodation
A,CR2001V,DE050C,2015,366905.0,,,DE050C,DE,,2015,tourist_nights,Total nights spent in tourist accommodation
A,CR2001V,DE050C,2016,361216.0,,,DE050C,DE,,2016,tourist_nights,Total nights spent in tourist accommodation
A,CR2001V,DE050C,2017,378591.0,,,DE050C,DE,,2017,tourist_nights,Total nights spent in tourist accommodation
A,CR2001V,DE050C,2018,385516.0,,,DE050C,DE,,2018,tourist_nights,Total nights spent in tourist accommodation
A,CR2001V,DE050C,2019,399274.0,,,DE050C,DE,,2019,tourist_nights,Total nights spent in tourist accommodation
A,CR2001V,DE050C,2020,219969.0,,,DE050C,DE,,2020,tourist_nights,Total nights spent in tourist accommodation
A,CR2001V,DE051C,2015,771380.0,,,DE051C,DE,,2015,tourist_nights,Total nights spent in tourist accommodation
A,CR2001V,DE051C,2016,866123.0,,,DE051C,DE,,2016,tourist_nights,Total nights spent in tourist accommodation
A,CR2001V,DE051C,2017,895864.0,,,DE051C,DE,,2017,tourist_nights,Total nights spent in tourist accommodation
A,CR2001V,DE051C,2018,927062.0,,,DE051C,DE,,2018,tourist_nights,Total nights spent in tourist accommodation
A,CR2001V,DE051C,2019,953278.0,,,DE051C,DE,,2019,tourist_nights,Total nights spent in tourist accommodation
A,CR2001V,DE051C,2020,694981.0,,,DE051C,DE,,2020,tourist_nights,Total nights spent in tourist accommodation
A,CR2001V,DE052C,2015,161133.0,,,DE052C,DE,,2015,tourist_nights,Total nights spent in tourist accommodation
A,CR2001V,DE052C,2016,157878.0,,,DE052C,DE,,2016,tourist_nights,Total nights spent in tourist accommodation
A,CR2001V,DE052C,2017,190906.0,,,DE052C,DE,,2017,tourist_nights,Total nights spent in tourist accommodation
A,CR2001V,DE052C,2018,187823.0,,,DE052C,DE,,2018,tourist_nights,Total nights spent in tourist accommodation
A,CR2001V,DE052C,2019,187090.0,,,DE052C,DE,,2019,tourist_nights,Total nights spent in tourist accommodation
A,CR2001V,DE052C,2020,107989.0,,,DE052C,DE,,2020,tourist_nights,Total nights spent in tourist accommodation
A,CR2001V,DE053C,2015,261953.0,,,DE053C,DE,,2015,tourist_nights,Total nights spent in tourist accommodation
A,CR2001V,DE053C,2016,228895.0,,,DE053C,DE,,2016,tourist_nights,Total nights spent in tourist accommodation
A,CR2001V,DE053C,2017,227746.0,,,DE053C,DE,,2017,tourist_nights,Total nights spent in tourist accommodation
A,CR2001V,DE053C,2018,235723.0,,,DE053C,DE,,2018,tourist_nights,Total nights spent in tourist accommodation
A,CR2001V,DE053C,2019,250171.0,,,DE053C,DE,,2019,tourist_nights,Total nights spent in tourist accommodation
A,CR2001V,DE053C,2020,198012.0,,,DE053C,DE,,2020,tourist_nights,Total nights spent in tourist accommodation
A,CR2001V,DE054C,2015,139446.0,,,DE054C,DE,,2015,tourist_nights,Total nights spent in tourist accommodation
A,CR2001V,DE054C,2016,165586.0,,,DE054C,DE,,2016,tourist_nights,Total nights spent in tourist accommodation
A,CR2001V,DE054C,2017,170564.0,,,DE054C,DE,,2017,tourist_nights,Total nights spent in tourist accommodation
A,CR2001V,DE054C,2018,166900.0,,,DE054C,DE,,2018,tourist_nights,Total nights spent in tourist accommodation
A,CR2001V,DE054C,2019,170692.0,,,DE054C,DE,,2019,tourist_nights,Total nights spent in tourist accommodation
A,CR2001V,DE054C,2020,81750.0,,,DE054C,DE,,2020,tourist_nights,Total nights spent in tourist accommodation
A,CR2001V,DE055C,2015,318836.0,,,DE055C,DE,,2015,tourist_nights,Total nights spent in tourist accommodation
A,CR2001V,DE055C,2016,334175.0,,,DE055C,DE,,2016,tourist_nights,Total nights spent in tourist accommodation
A,CR2001V,DE055C,2017,330199.0,,,DE055C,DE,,2017,tourist_nights,Total nights spent in tourist accommodation
A,CR2001V,DE055C,2018,353664.0,,,DE055C,DE,,2018,tourist_nights,Total nights spent in tourist accommodation
A,CR2001V,DE055C,2019,356807.0,,,DE055C,DE,,2019,tourist_nights,Total nights spent in tourist accommodation
A,CR2001V,DE055C,2020,220328.0,,,DE055C,DE,,2020,tourist_nights,Total nights spent in tourist accommodation
A,CR2001V,DE056C,2015,351037.0,,,DE056C,DE,,2015,tourist_nights,Total nights spent in tourist accommodation
A,CR2001V,DE056C,2016,393299.0,,,DE056C,DE,,2016,tourist_nights,Total nights spent in tourist accommodation
A,CR2001V,DE056C,2017,381487.0,,,DE056C,DE,,2017,tourist_nights,Total nights spent in tourist accommodation
A,CR2001V,DE056C,2018,402209.0,,,DE056C,DE,,2018,tourist_nights,Total nights spent in tourist accommodation
A,CR2001V,DE056C,2019,440374.0,,,DE056C,DE,,2019,tourist_nights,Total nights spent in tourist accommodation
A,CR2001V,DE056C,2020,265674.0,,,DE056C,DE,,2020,tourist_nights,Total nights spent in tourist accommodation
A,CR2001V,DE057C,2015,273284.0,,,DE057C,DE,,2015,tourist_nights,Total nights spent in tourist accommodation
A,CR2001V,DE057C,2016,284564.0,,,DE057C,DE,,2016,tourist_nights,Total nights spent in tourist accommodation
A,CR2001V,DE057C,2017,297274.0,,,DE057C,DE,,2017,tourist_nights,Total nights spent in tourist accommodation
A,CR2001V,DE057C,2018,310645.0,,,DE057C,DE,,2018,tourist_nights,Total nights spent in tourist accommodation
A,CR2001V,DE057C,2019,330458.0,,,DE057C,DE,,2019,tourist_nights,Total nights spent in tourist accommodation
A,CR2001V,DE057C,2020,162421.0,,,DE057C,DE,,2020,tourist_nights,Total nights spent in tourist accommodation
A,CR2001V,DE058C,2015,152502.0,,,DE058C,DE,,2015,tourist_nights,Total nights spent in tourist accommodation
A,CR2001V,DE058C,2016,172643.0,,,DE058C,DE,,2016,tourist_nights,Total nights spent in tourist accommodation
A,CR2001V,DE058C,2017,188770.0,,,DE058C,DE,,2017,tourist_nights,Total nights spent in tourist accommodation
A,CR2001V,DE058C,2018,196083.0,,,DE058C,DE,,2018,tourist_nights,Total nights spent in tourist accommodation
A,CR2001V,DE058C,2019,216446.0,,,DE058C,DE,,2019,tourist_nights,Total nights spent in tourist accommodation
A,CR2001V,DE058C,2020,144264.0,,,DE058C,DE,,2020,tourist_nights,Total nights spent in tourist accommodation
A,CR2001V,DE059C,2015,606947.0,,,DE059C,DE,,2015,tourist_nights,Total nights spent in tourist accommodation
A,CR2001V,DE059C,2016,659854.0,,,DE059C,DE,,2016,tourist_nights,Total nights spent in tourist accommodation
A,CR2001V,DE059C,2017,684500.0,,,DE059C,DE,,2017,tourist_nights,Total nights spent in tourist accommodation
A,CR2001V,DE059C,2018,708202.0,,,DE059C,DE,,2018,tourist_nights,Total nights spent in tourist accommodation
A,CR2001V,DE059C,2019,753220.0,,,DE059C,DE,,2019,tourist_nights,Total nights spent in tourist accommodation
A,CR2001V,DE059C,2020,441424.0,,,DE059C,DE,,2020,tourist_nights,Total nights spent in tourist accommodation
A,CR2001V,DE060C,2015,108595.0,,,DE060C,DE,,2015,tourist_nights,Total nights spent in tourist accommodation
A,CR2001V,DE060C,2016,113393.0,,,DE060C,DE,,2016,tourist_nights,Total nights spent in tourist accommodation
A,CR2001V,DE060C,2017,126454.0,,,DE060C,DE,,2017,tourist_nights,Total nights spent in tourist accommodation
A,CR2001V,DE060C,2018,130251.0,,,DE060C,DE,,2018,tourist_nights,Total nights spent in tourist accommodation
A,CR2001V,DE060C,2019,135316.0,,,DE060C,DE,,2019,tourist_nights,Total nights spent in tourist accommodation
A,CR2001V,DE060C,2020,79872.0,,,DE060C,DE,,2020,tourist_nights,Total nights spent in tourist accommodation
A,CR2001V,DE061C,2015,114365.0,,,DE061C,DE,,2015,tourist_nights,Total nights spent in tourist accommodation
A,CR2001V,DE061C,2016,106282.0,,,DE061C,DE,,2016,tourist_nights,Total nights spent in tourist accommodation
A,CR2001V,DE061C,2017,105347.0,,,DE061C,DE,,2017,tourist_nights,Total nights spent in tourist accommodation
A,CR2001V,DE061C,2018,109535.0,,,DE061C,DE,,2018,tourist_nights,Total nights spent in tourist accommodation
A,CR2001V,DE061C,2019,119397.0,,,DE061C,DE,,2019,tourist_nights,Total nights spent in tourist accommodation
A,CR2001V,DE061C,2020,74188.0,,,DE061C,DE,,2020,tourist_nights,Total nights spent in tourist accommodation
A,CR2001V,DE062C,2015,558765.0,,,DE062C,DE,,2015,tourist_nights,Total nights spent in tourist accommodation
A,CR2001V,DE062C,2016,596002.0,,,DE062C,DE,,2016,tourist_nights,Total nights spent in tourist accommodation
A,CR2001V,DE062C,2017,617442.0,,,DE062C,DE,,2017,tourist_nights,Total nights spent in tourist accommodation
A,CR2001V,DE062C,2018,661862.0,,,DE062C,DE,,2018,tourist_nights,Total nights spent in tourist accommodation
A,CR2001V,DE062C,2019,692936.0,,,DE062C,DE,,2019,tourist_nights,Total nights spent in tourist accommodation
A,CR2001V,DE062C,2020,369875.0,,,DE062C,DE,,2020,tourist_nights,Total nights spent in tourist accommodation
A,CR2001V,DE063C,2015,260718.0,,,DE063C,DE,,2015,tourist_nights,Total nights spent in tourist accommodation
A,CR2001V,DE063C,2016,279642.0,,,DE063C,DE,,2016,tourist_nights,Total nights spent in tourist accommodation
A,CR2001V,DE063C,2017,317025.0,,,DE063C,DE,,2017,tourist_nights,Total nights spent in tourist accommodation
A,CR2001V,DE063C,2018,326587.0,,,DE063C,DE,,2018,tourist_nights,Total nights spent in tourist accommodation
A,CR2001V,DE063C,2019,332063.0,,,DE063C,DE,,2019,tourist_nights,Total nights spent in tourist accommodation
A,CR2001V,DE063C,2020,213770.0,,,DE063C,DE,,2020,tourist_nights,Total nights spent in tourist accommodation
A,CR2001V,DE064C,2015,177431.0,,,DE064C,DE,,2015,tourist_nights,Total nights spent in tourist accommodation
A,CR2001V,DE064C,2016,225630.0,,,DE064C,DE,,2016,tourist_nights,Total nights spent in tourist accommodation
A,CR2001V,DE064C,2017,235948.0,,,DE064C,DE,,2017,tourist_nights,Total nights spent in tourist accommodation
A,CR2001V,DE064C,2018,235120.0,,,DE064C,DE,,2018,tourist_nights,Total nights spent in tourist accommodation
A,CR2001V,DE064C,2019,319997.0,,,DE064C,DE,,2019,tourist_nights,Total nights spent in tourist accommodation
A,CR2001V,DE064C,2020,201858.0,,,DE064C,DE,,2020,tourist_nights,Total nights spent in tourist accommodation
A,CR2001V,DE065C,2015,464703.0,,,DE065C,DE,,2015,tourist_nights,Total nights spent in tourist accommodation
A,CR2001V,DE065C,2016,469776.0,,,DE065C,DE,,2016,tourist_nights,Total nights spent in tourist accommodation
A,CR2001V,DE065C,2017,470631.0,,,DE065C,DE,,2017,tourist_nights,Total nights spent in tourist accommodation
A,CR2001V,DE065C,2018,461055.0,,,DE065C,DE,,2018,tourist_nights,Total nights spent in tourist accommodation
A,CR2001V,DE065C,2019,471032.0,,,DE065C,DE,,2019,tourist_nights,Total nights spent in tourist accommodation
A,CR2001V,DE065C,2020,243652.0,,,DE065C,DE,,2020,tourist_nights,Total nights spent in tourist accommodation
A,CR2001V,DE066C,2015,173093.0,,,DE066C,DE,,2015,tourist_nights,Total nights spent in tourist accommodation
A,CR2001V,DE066C,2016,184303.0,,,DE066C,DE,,2016,tourist_nights,Total nights spent in tourist accommodation
A,CR2001V,DE066C,2017,184958.0,,,DE066C,DE,,2017,tourist_nights,Total nights spent in tourist accommodation
A,CR2001V,DE066C,2018,227469.0,,,DE066C,DE,,2018,tourist_nights,Total nights spent in tourist accommodation
A,CR2001V,DE066C,2019,243431.0,,,DE066C,DE,,2019,tourist_nights,Total nights spent in tourist accommodation
A,CR2001V,DE066C,2020,154670.0,,,DE066C,DE,,2020,tourist_nights,Total nights spent in tourist accommodation
A,CR2001V,DE067C,2015,82119.0,,,DE067C,DE,,2015,tourist_nights,Total nights spent in tourist accommodation
A,CR2001V,DE067C,2016,88959.0,,,DE067C,DE,,2016,tourist_nights,Total nights spent in tourist accommodation
A,CR2001V,DE067C,2017,90612.0,,,DE067C,DE,,2017,tourist_nights,Total nights spent in tourist accommodation
A,CR2001V,DE067C,2018,94507.0,,,DE067C,DE,,2018,tourist_nights,Total nights spent in tourist accommodation
A,CR2001V,DE067C,2019,103403.0,,,DE067C,DE,,2019,tourist_nights,Total nights spent in tourist accommodation
A,CR2001V,DE067C,2020,42013.0,,,DE067C,DE,,2020,tourist_nights,Total nights spent in tourist accommodation
A,CR2001V,DE068C,2015,485497.0,,,DE068C,DE,,2015,tourist_nights,Total nights spent in tourist accommodation
A,CR2001V,DE068C,2016,505183.0,,,DE068C,DE,,2016,tourist_nights,Total nights spent in tourist accommodation
A,CR2001V,DE068C,2017,498232.0,,,DE068C,DE,,2017,tourist_nights,Total nights spent in tourist accommodation
A,CR2001V,DE068C,2018,527879.0,,,DE068C,DE,,2018,tourist_nights,Total nights spent in tourist accommodation
A,CR2001V,DE068C,2019,584806.0,,,DE068C,DE,,2019,tourist_nights,Total nights spent in tourist accommodation
A,CR2001V,DE068C,2020,354298.0,,,DE068C,DE,,2020,tourist_nights,Total nights spent in tourist accommodation
A,CR2001V,DE069C,2015,700161.0,,,DE069C,DE,,2015,tourist_nights,Total nights spent in tourist accommodation
A,CR2001V,DE069C,2016,738571.0,,,DE069C,DE,,2016,tourist_nights,Total nights spent in tourist accommodation
A,CR2001V,DE069C,2017,755418.0,,,DE069C,DE,,2017,tourist_nights,Total nights spent in tourist accommodation
A,CR2001V,DE069C,2018,782269.0,,,DE069C,DE,,2018,tourist_nights,Total nights spent in tourist accommodation
A,CR2001V,DE069C,2019,792340.0,,,DE069C,DE,,2019,tourist_nights,Total nights spent in tourist accommodation
A,CR2001V,DE069C,2020,499686.0,,,DE069C,DE,,2020,tourist_nights,Total nights spent in tourist accommodation
A,CR2001V,DE070C,2015,145261.0,,,DE070C,DE,,2015,tourist_nights,Total nights spent in tourist accommodation
A,CR2001V,DE070C,2016,136947.0,,,DE070C,DE,,2016,tourist_nights,Total nights spent in tourist accommodation
A,CR2001V,DE070C,2017,158950.0,,,DE070C,DE,,2017,tourist_nights,Total nights spent in tourist accommodation
A,CR2001V,DE070C,2018,184809.0,,,DE070C,DE,,2018,tourist_nights,Total nights spent in tourist accommodation
A,CR2001V,DE070C,2019,183861.0,,,DE070C,DE,,2019,tourist_nights,Total nights spent in tourist accommodation
A,CR2001V,DE070C,2020,98915.0,,,DE070C,DE,,2020,tourist_nights,Total nights spent in tourist accommodation
A,CR2001V,DE071C,2015,258217.0,,,DE071C,DE,,2015,tourist_nights,Total nights spent in tourist accommodation
A,CR2001V,DE071C,2016,281779.0,,,DE071C,DE,,2016,tourist_nights,Total nights spent in tourist accommodation
A,CR2001V,DE071C,2017,296533.0,,,DE071C,DE,,2017,tourist_nights,Total nights spent in tourist accommodation
A,CR2001V,DE071C,2018,277811.0,,,DE071C,DE,,2018,tourist_nights,Total nights spent in tourist accommodation
A,CR2001V,DE071C,2019,327529.0,,,DE071C,DE,,2019,tourist_nights,Total nights spent in tourist accommodation
A,CR2001V,DE071C,2020,234706.0,,,DE071C,DE,,2020,tourist_nights,Total nights spent in tourist accommodation
A,CR2001V,DE072C,2015,24235.0,,,DE072C,DE,,2015,tourist_nights,Total nights spent in tourist accommodation
A,CR2001V,DE072C,2016,22357.0,,,DE072C,DE,,2016,tourist_nights,Total nights spent in tourist accommodation
A,CR2001V,DE072C,2017,24676.0,,,DE072C,DE,,2017,tourist_nights,Total nights spent in tourist accommodation
A,CR2001V,DE072C,2018,22838.0,,,DE072C,DE,,2018,tourist_nights,Total nights spent in tourist accommodation
A,CR2001V,DE072C,2020,12576.0,,,DE072C,DE,,2020,tourist_nights,Total nights spent in tourist accommodation
A,CR2001V,DE073C,2015,189909.0,,,DE073C,DE,,2015,tourist_nights,Total nights spent in tourist accommodation
A,CR2001V,DE073C,2016,197581.0,,,DE073C,DE,,2016,tourist_nights,Total nights spent in tourist accommodation
A,CR2001V,DE073C,2017,208099.0,,,DE073C,DE,,2017,tourist_nights,Total nights spent in tourist accommodation
A,CR2001V,DE073C,2018,230085.0,,,DE073C,DE,,2018,tourist_nights,Total nights spent in tourist accommodation
A,CR2001V,DE073C,2019,227556.0,,,DE073C,DE,,2019,tourist_nights,Total nights spent in tourist accommodation
A,CR2001V,DE073C,2020,112749.0,,,DE073C,DE,,2020,tourist_nights,Total nights spent in tourist accommodation
A,CR2001V,DE074C,2015,215181.0,,,DE074C,DE,,2015,tourist_nights,Total nights spent in tourist accommodation
A,CR2001V,DE074C,2016,226023.0,,,DE074C,DE,,2016,tourist_nights,Total nights spent in tourist accommodation
A,CR2001V,DE074C,2017,228764.0,,,DE074C,DE,,2017,tourist_nights,Total nights spent in tourist accommodation
A,CR2001V,DE074C,2018,233793.0,,,DE074C,DE,,2018,tourist_nights,Total nights spent in tourist accommodation
A,CR2001V,DE074C,2019,242617.0,,,DE074C,DE,,2019,tourist_nights,Total nights spent in tourist accommodation
A,CR2001V,DE074C,2020,129153.0,,,DE074C,DE,,2020,tourist_nights,Total nights spent in tourist accommodation
A,CR2001V,DE075C,2015,216544.0,,,DE075C,DE,,2015,tourist_nights,Total nights spent in tourist accommodation
A,CR2001V,DE075C,2016,226278.0,,,DE075C,DE,,2016,tourist_nights,Total nights spent in tourist accommodation
A,CR2001V,DE075C,2017,258737.0,,,DE075C,DE,,2017,tourist_nights,Total nights spent in tourist accommodation
A,CR2001V,DE075C,2018,289477.0,,,DE075C,DE,,2018,tourist_nights,Total nights spent in tourist accommodation
A,CR2001V,DE075C,2019,286415.0,,,DE075C,DE,,2019,tourist_nights,Total nights spent in tourist accommodation
A,CR2001V,DE075C,2020,193968.0,,,DE075C,DE,,2020,tourist_nights,Total nights spent in tourist accommodation
A,CR2001V,DE076C,2015,215146.0,,,DE076C,DE,,2015,tourist_nights,Total nights spent in tourist accommodation
A,CR2001V,DE076C,2016,216951.0,,,DE076C,DE,,2016,tourist_nights,Total nights spent in tourist accommodation
A,CR2001V,DE076C,2017,219144.0,,,DE076C,DE,,2017,tourist_nights,Total nights spent in tourist accommodation
A,CR2001V,DE076C,2018,253820.0,,,DE076C,DE,,2018,tourist_nights,Total nights spent in tourist accommodation
A,CR2001V,DE076C,2019,272771.0,,,DE076C,DE,,2019,tourist_nights,Total nights spent in tourist accommodation
A,CR2001V,DE076C,2020,165922.0,,,DE076C,DE,,2020,tourist_nights,Total nights spent in tourist accommodation
A,CR2001V,DE077C,2016,266085.0,,,DE077C,DE,,2016,tourist_nights,Total nights spent in tourist accommodation
A,CR2001V,DE077C,2017,259007.0,,,DE077C,DE,,2017,tourist_nights,Total nights spent in tourist accommodation
A,CR2001V,DE077C,2018,262922.0,,,DE077C,DE,,2018,tourist_nights,Total nights spent in tourist accommodation
A,CR2001V,DE077C,2019,274183.0,,,DE077C,DE,,2019,tourist_nights,Total nights spent in tourist accommodation
A,CR2001V,DE078C,2015,508552.0,,,DE078C,DE,,2015,tourist_nights,Total nights spent in tourist accommodation
A,CR2001V,DE078C,2016,549777.0,,,DE078C,DE,,2016,tourist_nights,Total nights spent in tourist accommodation
A,CR2001V,DE078C,2017,543721.0,,,DE078C,DE,,2017,tourist_nights,Total nights spent in tourist accommodation
A,CR2001V,DE078C,2018,573855.0,,,DE078C,DE,,2018,tourist_nights,Total nights spent in tourist accommodation
A,CR2001V,DE078C,2019,599922.0,,,DE078C,DE,,2019,tourist_nights,Total nights spent in tourist accommodation
A,CR2001V,DE078C,2020,320467.0,,,DE078C,DE,,2020,tourist_nights,Total nights spent in tourist accommodation
A,CR2001V,DE079C,2015,204188.0,,,DE079C,DE,,2015,tourist_nights,Total nights spent in tourist accommodation
A,CR2001V,DE079C,2016,201162.0,,,DE079C,DE,,2016,tourist_nights,Total nights spent in tourist accommodation
A,CR2001V,DE079C,2017,230970.0,,,DE079C,DE,,2017,tourist_nights,Total nights spent in tourist accommodation
A,CR2001V,DE079C,2018,202806.0,,,DE079C,DE,,2018,tourist_nights,Total nights spent in tourist accommodation
A,CR2001V,DE079C,2019,255527.0,,,DE079C,DE,,2019,tourist_nights,Total nights spent in tourist accommodation
A,CR2001V,DE079C,2020,134811.0,,,DE079C,DE,,2020,tourist_nights,Total nights spent in tourist accommodation
A,CR2001V,DE080C,2015,457668.0,,,DE080C,DE,,2015,tourist_nights,Total nights spent in tourist accommodation
A,CR2001V,DE080C,2016,516230.0,,,DE080C,DE,,2016,tourist_nights,Total nights spent in tourist accommodation
A,CR2001V,DE080C,2017,549804.0,,,DE080C,DE,,2017,tourist_nights,Total nights spent in tourist accommodation
A,CR2001V,DE080C,2018,565313.0,,,DE080C,DE,,2018,tourist_nights,Total nights spent in tourist accommodation
A,CR2001V,DE080C,2019,570934.0,,,DE080C,DE,,2019,tourist_nights,Total nights spent in tourist accommodation
A,CR2001V,DE080C,2020,288373.0,,,DE080C,DE,,2020,tourist_nights,Total nights spent in tourist accommodation
A,CR2001V,DE081C,2015,1241592.0,,,DE081C,DE,,2015,tourist_nights,Total nights spent in tourist accommodation
A,CR2001V,DE081C,2016,1300255.0,,,DE081C,DE,,2016,tourist_nights,Total nights spent in tourist accommodation
A,CR2001V,DE081C,2017,1396845.0,,,DE081C,DE,,2017,tourist_nights,Total nights spent in tourist accommodation
A,CR2001V,DE081C,2018,1469030.0,,,DE081C,DE,,2018,tourist_nights,Total nights spent in tourist accommodation
A,CR2001V,DE081C,2019,1619687.0,,,DE081C,DE,,2019,tourist_nights,Total nights spent in tourist accommodation
A,CR2001V,DE081C,2020,795981.0,,,DE081C,DE,,2020,tourist_nights,Total nights spent in tourist accommodation
A,CR2001V,DE082C,2015,317788.0,,,DE082C,DE,,2015,tourist_nights,Total nights spent in tourist accommodation
A,CR2001V,DE082C,2016,349339.0,,,DE082C,DE,,2016,tourist_nights,Total nights spent in tourist accommodation
A,CR2001V,DE082C,2017,347321.0,,,DE082C,DE,,2017,tourist_nights,Total nights spent in tourist accommodation
A,CR2001V,DE082C,2018,363864.0,,,DE082C,DE,,2018,tourist_nights,Total nights spent in tourist accommodation
A,CR2001V,DE082C,2019,364728.0,,,DE082C,DE,,2019,tourist_nights,Total nights spent in tourist accommodation
A,CR2001V,DE082C,2020,217718.0,,,DE082C,DE,,2020,tourist_nights,Total nights spent in tourist accommodation
A,CR2001V,DE083C,2015,1357881.0,,,DE083C,DE,,2015,tourist_nights,Total nights spent in tourist accommodation
A,CR2001V,DE083C,2016,1323282.0,,,DE083C,DE,,2016,tourist_nights,Total nights spent in tourist accommodation
A,CR2001V,DE083C,2017,1324354.0,,,DE083C,DE,,2017,tourist_nights,Total nights spent in tourist accommodation
A,CR2001V,DE083C,2018,1341708.0,,,DE083C,DE,,2018,tourist_nights,Total nights spent in tourist accommodation
A,CR2001V,DE083C,2019,1387307.0,,,DE083C,DE,,2019,tourist_nights,Total nights spent in tourist accommodation
A,CR2001V,DE083C,2020,712673.0,,,DE083C,DE,,2020,tourist_nights,Total nights spent in tourist accommodation
A,CR2001V,DE084C,2015,524841.0,,,DE084C,DE,,2015,tourist_nights,Total nights spent in tourist accommodation
A,CR2001V,DE084C,2016,494018.0,,,DE084C,DE,,2016,tourist_nights,Total nights spent in tourist accommodation
A,CR2001V,DE084C,2017,507327.0,,,DE084C,DE,,2017,tourist_nights,Total nights spent in tourist accommodation
A,CR2001V,DE084C,2018,520996.0,,,DE084C,DE,,2018,tourist_nights,Total nights spent in tourist accommodation
A,CR2001V,DE084C,2019,522012.0,,,DE084C,DE,,2019,tourist_nights,Total nights spent in tourist accommodation
A,CR2001V,DE084C,2020,289898.0,,,DE084C,DE,,2020,tourist_nights,Total nights spent in tourist accommodation
A,CR2001V,DE085C,2015,580453.0,,,DE085C,DE,,2015,tourist_nights,Total nights spent in tourist accommodation
A,CR2001V,DE085C,2016,614717.0,,,DE085C,DE,,2016,tourist_nights,Total nights spent in tourist accommodation
A,CR2001V,DE085C,2017,681662.0,,,DE085C,DE,,2017,tourist_nights,Total nights spent in tourist accommodation
A,CR2001V,DE085C,2018,684810.0,,,DE085C,DE,,2018,tourist_nights,Total nights spent in tourist accommodation
A,CR2001V,DE085C,2019,711165.0,,,DE085C,DE,,2019,tourist_nights,Total nights spent in tourist accommodation
A,CR2001V,DE085C,2020,336814.0,,,DE085C,DE,,2020,tourist_nights,Total nights spent in tourist accommodation
A,CR2001V,DE086C,2015,972993.0,,,DE086C,DE,,2015,tourist_nights,Total nights spent in tourist accommodation
A,CR2001V,DE086C,2016,988665.0,,,DE086C,DE,,2016,tourist_nights,Total nights spent in tourist accommodation
A,CR2001V,DE086C,2017,1027991.0,,,DE086C,DE,,2017,tourist_nights,Total nights spent in tourist accommodation
A,CR2001V,DE086C,2018,1020527.0,,,DE086C,DE,,2018,tourist_nights,Total nights spent in tourist accommodation
A,CR2001V,DE086C,2019,1043978.0,,,DE086C,DE,,2019,tourist_nights,Total nights spent in tourist accommodation
A,CR2001V,DE086C,2020,481033.0,,,DE086C,DE,,2020,tourist_nights,Total nights spent in tourist accommodation
A,CR2001V,DE087C,2015,240024.0,,,DE087C,DE,,2015,tourist_nights,Total nights spent in tourist accommodation
A,CR2001V,DE087C,2016,245506.0,,,DE087C,DE,,2016,tourist_nights,Total nights spent in tourist accommodation
A,CR2001V,DE087C,2017,228730.0,,,DE087C,DE,,2017,tourist_nights,Total nights spent in tourist accommodation
A,CR2001V,DE087C,2018,251113.0,,,DE087C,DE,,2018,tourist_nights,Total nights spent in tourist accommodation
A,CR2001V,DE087C,2019,256000.0,,,DE087C,DE,,2019,tourist_nights,Total nights spent in tourist accommodation
A,CR2001V,DE087C,2020,111865.0,,,DE087C,DE,,2020,tourist_nights,Total nights spent in tourist accommodation
A,CR2001V,DE088C,2015,446040.0,,,DE088C,DE,,2015,tourist_nights,Total nights spent in tourist accommodation
A,CR2001V,DE088C,2016,464872.0,,,DE088C,DE,,2016,tourist_nights,Total nights spent in tourist accommodation
A,CR2001V,DE088C,2017,484163.0,,,DE088C,DE,,2017,tourist_nights,Total nights spent in tourist accommodation
A,CR2001V,DE088C,2018,476177.0,,,DE088C,DE,,2018,tourist_nights,Total nights spent in tourist accommodation
A,CR2001V,DE088C,2019,546466.0,,,DE088C,DE,,2019,tourist_nights,Total nights spent in tourist accommodation
A,CR2001V,DE088C,2020,276523.0,,,DE088C,DE,,2020,tourist_nights,Total nights spent in tourist accommodation
A,CR2001V,DE089C,2015,1599288.0,,,DE089C,DE,,2015,tourist_nights,Total nights spent in tourist accommodation
A,CR2001V,DE089C,2016,1653105.0,,,DE089C,DE,,2016,tourist_nights,Total nights spent in tourist accommodation
A,CR2001V,DE089C,2017,1684397.0,,,DE089C,DE,,2017,tourist_nights,Total nights spent in tourist accommodation
A,CR2001V,DE089C,2018,1825115.0,,,DE089C,DE,,2018,tourist_nights,Total nights spent in tourist accommodation
A,CR2001V,DE089C,2019,2047281.0,,,DE089C,DE,,2019,tourist_nights,Total nights spent in tourist accommodation
A,CR2001V,DE089C,2020,1572499.0,,,DE089C,DE,,2020,tourist_nights,Total nights spent in tourist accommodation
A,CR2001V,DE090C,2015,267190.0,,,DE090C,DE,,2015,tourist_nights,Total nights spent in tourist accommodation
A,CR2001V,DE090C,2016,262526.0,,,DE090C,DE,,2016,tourist_nights,Total nights spent in tourist accommodation
A,CR2001V,DE090C,2017,292354.0,,,DE090C,DE,,2017,tourist_nights,Total nights spent in tourist accommodation
A,CR2001V,DE090C,2018,289154.0,,,DE090C,DE,,2018,tourist_nights,Total nights spent in tourist accommodation
A,CR2001V,DE090C,2019,280671.0,,,DE090C,DE,,2019,tourist_nights,Total nights spent in tourist accommodation
A,CR2001V,DE090C,2020,160676.0,,,DE090C,DE,,2020,tourist_nights,Total nights spent in tourist accommodation
A,CR2001V,DE091C,2015,903719.0,,,DE091C,DE,,2015,tourist_nights,Total nights spent in tourist accommodation
A,CR2001V,DE091C,2016,879727.0,,,DE091C,DE,,2016,tourist_nights,Total nights spent in tourist accommodation
A,CR2001V,DE091C,2017,1031119.0,,,DE091C,DE,,2017,tourist_nights,Total nights spent in tourist accommodation
A,CR2001V,DE091C,2018,930854.0,,,DE091C,DE,,2018,tourist_nights,Total nights spent in tourist accommodation
A,CR2001V,DE091C,2019,1015754.0,,,DE091C,DE,,2019,tourist_nights,Total nights spent in tourist accommodation
A,CR2001V,DE091C,2020,506159.0,,,DE091C,DE,,2020,tourist_nights,Total nights spent in tourist accommodation
A,CR2001V,DE092C,2015,151661.0,,,DE092C,DE,,2015,tourist_nights,Total nights spent in tourist accommodation
A,CR2001V,DE092C,2016,147144.0,,,DE092C,DE,,2016,tourist_nights,Total nights spent in tourist accommodation
A,CR2001V,DE092C,2017,162400.0,,,DE092C,DE,,2017,tourist_nights,Total nights spent in tourist accommodation
A,CR2001V,DE092C,2018,162482.0,,,DE092C,DE,,2018,tourist_nights,Total nights spent in tourist accommodation
A,CR2001V,DE092C,2019,184376.0,,,DE092C,DE,,2019,tourist_nights,Total nights spent in tourist accommodation
A,CR2001V,DE092C,2020,114141.0,,,DE092C,DE,,2020,tourist_nights,Total nights spent in tourist accommodation
A,CR2001V,DE093C,2015,65961.0,,,DE093C,DE,,2015,tourist_nights,Total nights spent in tourist accommodation
A,CR2001V,DE093C,2016,68434.0,,,DE093C,DE,,2016,tourist_nights,Total nights spent in tourist accommodation
A,CR2001V,DE093C,2017,67292.0,,,DE093C,DE,,2017,tourist_nights,Total nights spent in tourist accommodation
A,CR2001V,DE093C,2018,67587.0,,,DE093C,DE,,2018,tourist_nights,Total nights spent in tourist accommodation
A,CR2001V,DE093C,2019,78261.0,,,DE093C,DE,,2019,tourist_nights,Total nights spent in tourist accommodation
A,CR2001V,DE093C,2020,52814.0,,,DE093C,DE,,2020,tourist_nights,Total nights spent in tourist accommodation
A,CR2001V,DE094C,2015,112113.0,,,DE094C,DE,,2015,tourist_nights,Total nights spent in tourist accommodation
A,CR2001V,DE094C,2016,130645.0,,,DE094C,DE,,2016,tourist_nights,Total nights spent in tourist accommodation
A,CR2001V,DE094C,2017,115697.0,,,DE094C,DE,,2017,tourist_nights,Total nights spent in tourist accommodation
A,CR2001V,DE094C,2018,99161.0,,,DE094C,DE,,2018,tourist_nights,Total nights spent in tourist accommodation
A,CR2001V,DE094C,2019,94137.0,,,DE094C,DE,,2019,tourist_nights,Total nights spent in tourist accommodation
A,CR2001V,DE094C,2020,41585.0,,,DE094C,DE,,2020,tourist_nights,Total nights spent in tourist accommodation
A,CR2001V,DE095C,2015,392962.0,,,DE095C,DE,,2015,tourist_nights,Total nights spent in tourist accommodation
A,CR2001V,DE095C,2016,470418.0,,,DE095C,DE,,2016,tourist_nights,Total nights spent in tourist accommodation
A,CR2001V,DE095C,2017,482609.0,,,DE095C,DE,,2017,tourist_nights,Total nights spent in tourist accommodation
A,CR2001V,DE095C,2018,479661.0,,,DE095C,DE,,2018,tourist_nights,Total nights spent in tourist accommodation
A,CR2001V,DE095C,2019,493208.0,,,DE095C,DE,,2019,tourist_nights,Total nights spent in tourist accommodation
A,CR2001V,DE095C,2020,247519.0,,,DE095C,DE,,2020,tourist_nights,Total nights spent in tourist accommodation
A,CR2001V,DE096C,2018,0.0,,,DE096C,DE,,2018,tourist_nights,Total nights spent in tourist accommodation
A,CR2001V,DE096C,2020,274621.0,,,DE096C,DE,,2020,tourist_nights,Total nights spent in tourist accommodation
A,CR2001V,DE097C,2015,251822.0,,,DE097C,DE,,2015,tourist_nights,Total nights spent in tourist accommodation
A,CR2001V,DE097C,2016,242403.0,,,DE097C,DE,,2016,tourist_nights,Total nights spent in tourist accommodation
A,CR2001V,DE097C,2017,249440.0,,,DE097C,DE,,2017,tourist_nights,Total nights spent in tourist accommodation
A,CR2001V,DE097C,2018,249769.0,,,DE097C,DE,,2018,tourist_nights,Total nights spent in tourist accommodation
A,CR2001V,DE097C,2019,246172.0,,,DE097C,DE,,2019,tourist_nights,Total nights spent in tourist accommodation
A,CR2001V,DE097C,2020,118206.0,,,DE097C,DE,,2020,tourist_nights,Total nights spent in tourist accommodation
A,CR2001V,DE098C,2015,338878.0,,,DE098C,DE,,2015,tourist_nights,Total nights spent in tourist accommodation
A,CR2001V,DE098C,2016,353858.0,,,DE098C,DE,,2016,tourist_nights,Total nights spent in tourist accommodation
A,CR2001V,DE098C,2017,370458.0,,,DE098C,DE,,2017,tourist_nights,Total nights spent in tourist accommodation
A,CR2001V,DE098C,2018,377348.0,,,DE098C,DE,,2018,tourist_nights,Total nights spent in tourist accommodation
A,CR2001V,DE098C,2019,397010.0,,,DE098C,DE,,2019,tourist_nights,Total nights spent in tourist accommodation
A,CR2001V,DE098C,2020,267437.0,,,DE098C,DE,,2020,tourist_nights,Total nights spent in tourist accommodation
A,CR2001V,DE099C,2015,430163.0,,,DE099C,DE,,2015,tourist_nights,Total nights spent in tourist accommodation
A,CR2001V,DE099C,2016,442488.0,,,DE099C,DE,,2016,tourist_nights,Total nights spent in tourist accommodation
A,CR2001V,DE099C,2017,423266.0,,,DE099C,DE,,2017,tourist_nights,Total nights spent in tourist accommodation
A,CR2001V,DE099C,2018,400751.0,,,DE099C,DE,,2018,tourist_nights,Total nights spent in tourist accommodation
A,CR2001V,DE099C,2019,442647.0,,,DE099C,DE,,2019,tourist_nights,Total nights spent in tourist accommodation
A,CR2001V,DE099C,2020,192791.0,,,DE099C,DE,,2020,tourist_nights,Total nights spent in tourist accommodation
A,CR2001V,DE100C,2015,1388824.0,,,DE100C,DE,,2015,tourist_nights,Total nights spent in tourist accommodation
A,CR2001V,DE100C,2016,1412887.0,,,DE100C,DE,,2016,tourist_nights,Total nights spent in tourist accommodation
A,CR2001V,DE100C,2017,1435705.0,,,DE100C,DE,,2017,tourist_nights,Total nights spent in tourist accommodation
A,CR2001V,DE100C,2018,1552834.0,,,DE100C,DE,,2018,tourist_nights,Total nights spent in tourist accommodation
A,CR2001V,DE100C,2019,1652607.0,,,DE100C,DE,,2019,tourist_nights,Total nights spent in tourist accommodation
A,CR2001V,DE100C,2020,790503.0,,,DE100C,DE,,2020,tourist_nights,Total nights spent in tourist accommodation
A,CR2001V,DE101C,2015,286882.0,,,DE101C,DE,,2015,tourist_nights,Total nights spent in tourist accommodation
A,CR2001V,DE101C,2016,295390.0,,,DE101C,DE,,2016,tourist_nights,Total nights spent in tourist accommodation
A,CR2001V,DE101C,2017,341560.0,,,DE101C,DE,,2017,tourist_nights,Total nights spent in tourist accommodation
A,CR2001V,DE101C,2018,324241.0,,,DE101C,DE,,2018,tourist_nights,Total nights spent in tourist accommodation
A,CR2001V,DE101C,2019,339250.0,,,DE101C,DE,,2019,tourist_nights,Total nights spent in tourist accommodation
A,CR2001V,DE101C,2020,172325.0,,,DE101C,DE,,2020,tourist_nights,Total nights spent in tourist accommodation
A,CR2001V,DE102C,2015,891801.0,,,DE102C,DE,,2015,tourist_nights,Total nights spent in tourist accommodation
A,CR2001V,DE102C,2016,915898.0,,,DE102C,DE,,2016,tourist_nights,Total nights spent in tourist accommodation
A,CR2001V,DE102C,2017,929709.0,,,DE102C,DE,,2017,tourist_nights,Total nights spent in tourist accommodation
A,CR2001V,DE102C,2018,965700.0,,,DE102C,DE,,2018,tourist_nights,Total nights spent in tourist accommodation
A,CR2001V,DE102C,2019,975836.0,,,DE102C,DE,,2019,tourist_nights,Total nights spent in tourist accommodation
A,CR2001V,DE102C,2020,448737.0,,,DE102C,DE,,2020,tourist_nights,Total nights spent in tourist accommodation
A,CR2001V,DE103C,2015,83040.0,,,DE103C,DE,,2015,tourist_nights,Total nights spent in tourist accommodation
A,CR2001V,DE103C,2016,92917.0,,,DE103C,DE,,2016,tourist_nights,Total nights spent in tourist accommodation
A,CR2001V,DE103C,2017,98049.0,,,DE103C,DE,,2017,tourist_nights,Total nights spent in tourist accommodation
A,CR2001V,DE103C,2018,115317.0,,,DE103C,DE,,2018,tourist_nights,Total nights spent in tourist accommodation
A,CR2001V,DE103C,2019,118044.0,,,DE103C,DE,,2019,tourist_nights,Total nights spent in tourist accommodation
A,CR2001V,DE103C,2020,74953.0,,,DE103C,DE,,2020,tourist_nights,Total nights spent in tourist accommodation
A,CR2001V,DE104C,2015,556074.0,,,DE104C,DE,,2015,tourist_nights,Total nights spent in tourist accommodation
A,CR2001V,DE104C,2016,543474.0,,,DE104C,DE,,2016,tourist_nights,Total nights spent in tourist accommodation
A,CR2001V,DE104C,2017,528951.0,,,DE104C,DE,,2017,tourist_nights,Total nights spent in tourist accommodation
A,CR2001V,DE104C,2018,615741.0,,,DE104C,DE,,2018,tourist_nights,Total nights spent in tourist accommodation
A,CR2001V,DE104C,2019,656125.0,,,DE104C,DE,,2019,tourist_nights,Total nights spent in tourist accommodation
A,CR2001V,DE104C,2020,253546.0,,,DE104C,DE,,2020,tourist_nights,Total nights spent in tourist accommodation
A,CR2001V,DE105C,2015,381065.0,,,DE105C,DE,,2015,tourist_nights,Total nights spent in tourist accommodation
A,CR2001V,DE105C,2016,398611.0,,,DE105C,DE,,2016,tourist_nights,Total nights spent in tourist accommodation
A,CR2001V,DE105C,2017,408518.0,,,DE105C,DE,,2017,tourist_nights,Total nights spent in tourist accommodation
A,CR2001V,DE105C,2018,450794.0,,,DE105C,DE,,2018,tourist_nights,Total nights spent in tourist accommodation
A,CR2001V,DE105C,2019,465252.0,,,DE105C,DE,,2019,tourist_nights,Total nights spent in tourist accommodation
A,CR2001V,DE105C,2020,281199.0,,,DE105C,DE,,2020,tourist_nights,Total nights spent in tourist accommodation
A,CR2001V,DE106C,2015,88856.0,,,DE106C,DE,,2015,tourist_nights,Total nights spent in tourist accommodation
A,CR2001V,DE106C,2016,82959.0,,,DE106C,DE,,2016,tourist_nights,Total nights spent in tourist accommodation
A,CR2001V,DE106C,2017,82225.0,,,DE106C,DE,,2017,tourist_nights,Total nights spent in tourist accommodation
A,CR2001V,DE106C,2018,80728.0,,,DE106C,DE,,2018,tourist_nights,Total nights spent in tourist accommodation
A,CR2001V,DE106C,2019,83654.0,,,DE106C,DE,,2019,tourist_nights,Total nights spent in tourist accommodation
A,CR2001V,DE106C,2020,44209.0,,,DE106C,DE,,2020,tourist_nights,Total nights spent in tourist accommodation
A,CR2001V,DE107C,2015,331716.0,,,DE107C,DE,,2015,tourist_nights,Total nights spent in tourist accommodation
A,CR2001V,DE107C,2016,346311.0,,,DE107C,DE,,2016,tourist_nights,Total nights spent in tourist accommodation
A,CR2001V,DE107C,2017,341102.0,,,DE107C,DE,,2017,tourist_nights,Total nights spent in tourist accommodation
A,CR2001V,DE107C,2018,338296.0,,,DE107C,DE,,2018,tourist_nights,Total nights spent in tourist accommodation
A,CR2001V,DE107C,2019,418527.0,,,DE107C,DE,,2019,tourist_nights,Total nights spent in tourist accommodation
A,CR2001V,DE107C,2020,190704.0,,,DE107C,DE,,2020,tourist_nights,Total nights spent in tourist accommodation
A,CR2001V,DE108C,2015,107013.0,,,DE108C,DE,,2015,tourist_nights,Total nights spent in tourist accommodation
A,CR2001V,DE108C,2016,108936.0,,,DE108C,DE,,2016,tourist_nights,Total nights spent in tourist accommodation
A,CR2001V,DE108C,2017,118588.0,,,DE108C,DE,,2017,tourist_nights,Total nights spent in tourist accommodation
A,CR2001V,DE108C,2018,115184.0,,,DE108C,DE,,2018,tourist_nights,Total nights spent in tourist accommodation
A,CR2001V,DE108C,2019,117823.0,,,DE108C,DE,,2019,tourist_nights,Total nights spent in tourist accommodation
A,CR2001V,DE108C,2020,54612.0,,,DE108C,DE,,2020,tourist_nights,Total nights spent in tourist accommodation
A,CR2001V,DE109C,2015,384035.0,,,DE109C,DE,,2015,tourist_nights,Total nights spent in tourist accommodation
A,CR2001V,DE109C,2016,421441.0,,,DE109C,DE,,2016,tourist_nights,Total nights spent in tourist accommodation
A,CR2001V,DE109C,2017,507151.0,,,DE109C,DE,,2017,tourist_nights,Total nights spent in tourist accommodation
A,CR2001V,DE109C,2018,535342.0,,,DE109C,DE,,2018,tourist_nights,Total nights spent in tourist accommodation
A,CR2001V,DE109C,2019,533522.0,,,DE109C,DE,,2019,tourist_nights,Total nights spent in tourist accommodation
A,CR2001V,DE109C,2020,271264.0,,,DE109C,DE,,2020,tourist_nights,Total nights spent in tourist accommodation
A,CR2001V,DE110C,2015,605297.0,,,DE110C,DE,,2015,tourist_nights,Total nights spent in tourist accommodation
A,CR2001V,DE110C,2016,611466.0,,,DE110C,DE,,2016,tourist_nights,Total nights spent in tourist accommodation
A,CR2001V,DE110C,2017,640067.0,,,DE110C,DE,,2017,tourist_nights,Total nights spent in tourist accommodation
A,CR2001V,DE110C,2018,688782.0,,,DE110C,DE,,2018,tourist_nights,Total nights spent in tourist accommodation
A,CR2001V,DE110C,2019,740132.0,,,DE110C,DE,,2019,tourist_nights,Total nights spent in tourist accommodation
A,CR2001V,DE110C,2020,383611.0,,,DE110C,DE,,2020,tourist_nights,Total nights spent in tourist accommodation
A,CR2001V,DE111C,2015,239758.0,,,DE111C,DE,,2015,tourist_nights,Total nights spent in tourist accommodation
A,CR2001V,DE111C,2016,247784.0,,,DE111C,DE,,2016,tourist_nights,Total nights spent in tourist accommodation
A,CR2001V,DE111C,2017,246140.0,,,DE111C,DE,,2017,tourist_nights,Total nights spent in tourist accommodation
A,CR2001V,DE111C,2018,243273.0,,,DE111C,DE,,2018,tourist_nights,Total nights spent in tourist accommodation
A,CR2001V,DE111C,2019,229149.0,,,DE111C,DE,,2019,tourist_nights,Total nights spent in tourist accommodation
A,CR2001V,DE111C,2020,127681.0,,,DE111C,DE,,2020,tourist_nights,Total nights spent in tourist accommodation
A,CR2001V,DE112C,2015,507870.0,,,DE112C,DE,,2015,tourist_nights,Total nights spent in tourist accommodation
A,CR2001V,DE112C,2016,513444.0,,,DE112C,DE,,2016,tourist_nights,Total nights spent in tourist accommodation
A,CR2001V,DE112C,2017,513741.0,,,DE112C,DE,,2017,tourist_nights,Total nights spent in tourist accommodation
A,CR2001V,DE112C,2018,560022.0,,,DE112C,DE,,2018,tourist_nights,Total nights spent in tourist accommodation
A,CR2001V,DE112C,2019,558567.0,,,DE112C,DE,,2019,tourist_nights,Total nights spent in tourist accommodation
A,CR2001V,DE112C,2020,284031.0,,,DE112C,DE,,2020,tourist_nights,Total nights spent in tourist accommodation
A,CR2001V,DE113C,2015,209368.0,,,DE113C,DE,,2015,tourist_nights,Total nights spent in tourist accommodation
A,CR2001V,DE113C,2016,205155.0,,,DE113C,DE,,2016,tourist_nights,Total nights spent in tourist accommodation
A,CR2001V,DE113C,2017,176928.0,,,DE113C,DE,,2017,tourist_nights,Total nights spent in tourist accommodation
A,CR2001V,DE113C,2018,172107.0,,,DE113C,DE,,2018,tourist_nights,Total nights spent in tourist accommodation
A,CR2001V,DE113C,2019,181285.0,,,DE113C,DE,,2019,tourist_nights,Total nights spent in tourist accommodation
A,CR2001V,DE113C,2020,91682.0,,,DE113C,DE,,2020,tourist_nights,Total nights spent in tourist accommodation
A,CR2001V,DE114C,2015,153601.0,,,DE114C,DE,,2015,tourist_nights,Total nights spent in tourist accommodation
A,CR2001V,DE114C,2016,148709.0,,,DE114C,DE,,2016,tourist_nights,Total nights spent in tourist accommodation
A,CR2001V,DE114C,2017,155793.0,,,DE114C,DE,,2017,tourist_nights,Total nights spent in tourist accommodation
A,CR2001V,DE114C,2018,156969.0,,,DE114C,DE,,2018,tourist_nights,Total nights spent in tourist accommodation
A,CR2001V,DE114C,2019,167333.0,,,DE114C,DE,,2019,tourist_nights,Total nights spent in tourist accommodation
A,CR2001V,DE114C,2020,143821.0,,,DE114C,DE,,2020,tourist_nights,Total nights spent in tourist accommodation
A,CR2001V,DE115C,2015,193775.0,,,DE115C,DE,,2015,tourist_nights,Total nights spent in tourist accommodation
A,CR2001V,DE115C,2016,196678.0,,,DE115C,DE,,2016,tourist_nights,Total nights spent in tourist accommodation
A,CR2001V,DE115C,2017,189386.0,,,DE115C,DE,,2017,tourist_nights,Total nights spent in tourist accommodation
A,CR2001V,DE115C,2018,194029.0,,,DE115C,DE,,2018,tourist_nights,Total nights spent in tourist accommodation
A,CR2001V,DE115C,2019,183137.0,,,DE115C,DE,,2019,tourist_nights,Total nights spent in tourist accommodation
A,CR2001V,DE115C,2020,91148.0,,,DE115C,DE,,2020,tourist_nights,Total nights spent in tourist accommodation
A,CR2001V,DE116C,2015,236983.0,,,DE116C,DE,,2015,tourist_nights,Total nights spent in tourist accommodation
A,CR2001V,DE116C,2016,258986.0,,,DE116C,DE,,2016,tourist_nights,Total nights spent in tourist accommodation
A,CR2001V,DE116C,2017,239459.0,,,DE116C,DE,,2017,tourist_nights,Total nights spent in tourist accommodation
A,CR2001V,DE116C,2018,322318.0,,,DE116C,DE,,2018,tourist_nights,Total nights spent in tourist accommodation
A,CR2001V,DE116C,2019,362846.0,,,DE116C,DE,,2019,tourist_nights,Total nights spent in tourist accommodation
A,CR2001V,DE116C,2020,171462.0,,,DE116C,DE,,2020,tourist_nights,Total nights spent in tourist accommodation
A,CR2001V,DE117C,2015,240221.0,,,DE117C,DE,,2015,tourist_nights,Total nights spent in tourist accommodation
A,CR2001V,DE117C,2016,260345.0,,,DE117C,DE,,2016,tourist_nights,Total nights spent in tourist accommodation
A,CR2001V,DE117C,2017,276218.0,,,DE117C,DE,,2017,tourist_nights,Total nights spent in tourist accommodation
A,CR2001V,DE117C,2018,266552.0,,,DE117C,DE,,2018,tourist_nights,Total nights spent in tourist accommodation
A,CR2001V,DE117C,2019,281660.0,,,DE117C,DE,,2019,tourist_nights,Total nights spent in tourist accommodation
A,CR2001V,DE117C,2020,164111.0,,,DE117C,DE,,2020,tourist_nights,Total nights spent in tourist accommodation
A,CR2001V,DE118C,2015,127974.0,,,DE118C,DE,,2015,tourist_nights,Total nights spent in tourist accommodation
A,CR2001V,DE118C,2016,123262.0,,,DE118C,DE,,2016,tourist_nights,Total nights spent in tourist accommodation
A,CR2001V,DE118C,2017,141652.0,,,DE118C,DE,,2017,tourist_nights,Total nights spent in tourist accommodation
A,CR2001V,DE118C,2018,147326.0,,,DE118C,DE,,2018,tourist_nights,Total nights spent in tourist accommodation
A,CR2001V,DE118C,2019,144735.0,,,DE118C,DE,,2019,tourist_nights,Total nights spent in tourist accommodation
A,CR2001V,DE118C,2020,69185.0,,,DE118C,DE,,2020,tourist_nights,Total nights spent in tourist accommodation
A,CR2001V,DE119C,2015,158058.0,,,DE119C,DE,,2015,tourist_nights,Total nights spent in tourist accommodation
A,CR2001V,DE119C,2016,166925.0,,,DE119C,DE,,2016,tourist_nights,Total nights spent in tourist accommodation
A,CR2001V,DE119C,2017,174131.0,,,DE119C,DE,,2017,tourist_nights,Total nights spent in tourist accommodation
A,CR2001V,DE119C,2018,170255.0,,,DE119C,DE,,2018,tourist_nights,Total nights spent in tourist accommodation
A,CR2001V,DE119C,2019,176319.0,,,DE119C,DE,,2019,tourist_nights,Total nights spent in tourist accommodation
A,CR2001V,DE119C,2020,85255.0,,,DE119C,DE,,2020,tourist_nights,Total nights spent in tourist accommodation
A,CR2001V,DE120C,2015,309876.0,,,DE120C,DE,,2015,tourist_nights,Total nights spent in tourist accommodation
A,CR2001V,DE120C,2016,300369.0,,,DE120C,DE,,2016,tourist_nights,Total nights spent in tourist accommodation
A,CR2001V,DE120C,2017,319871.0,,,DE120C,DE,,2017,tourist_nights,Total nights spent in tourist accommodation
A,CR2001V,DE120C,2018,303988.0,,,DE120C,DE,,2018,tourist_nights,Total nights spent in tourist accommodation
A,CR2001V,DE120C,2019,324954.0,,,DE120C,DE,,2019,tourist_nights,Total nights spent in tourist accommodation
A,CR2001V,DE120C,2020,166415.0,,,DE120C,DE,,2020,tourist_nights,Total nights spent in tourist accommodation
A,CR2001V,DE121C,2015,42760.0,,,DE121C,DE,,2015,tourist_nights,Total nights spent in tourist accommodation
A,CR2001V,DE121C,2016,50003.0,,,DE121C,DE,,2016,tourist_nights,Total nights spent in tourist accommodation
A,CR2001V,DE121C,2017,55514.0,,,DE121C,DE,,2017,tourist_nights,Total nights spent in tourist accommodation
A,CR2001V,DE121C,2018,65666.0,,,DE121C,DE,,2018,tourist_nights,Total nights spent in tourist accommodation
A,CR2001V,DE121C,2019,72638.0,,,DE121C,DE,,2019,tourist_nights,Total nights spent in tourist accommodation
A,CR2001V,DE121C,2020,43059.0,,,DE121C,DE,,2020,tourist_nights,Total nights spent in tourist accommodation
A,CR2001V,DE122C,2015,157200.0,,,DE122C,DE,,2015,tourist_nights,Total nights spent in tourist accommodation
A,CR2001V,DE122C,2016,149726.0,,,DE122C,DE,,2016,tourist_nights,Total nights spent in tourist accommodation
A,CR2001V,DE122C,2017,154505.0,,,DE122C,DE,,2017,tourist_nights,Total nights spent in tourist accommodation
A,CR2001V,DE122C,2018,168215.0,,,DE122C,DE,,2018,tourist_nights,Total nights spent in tourist accommodation
A,CR2001V,DE122C,2019,189900.0,,,DE122C,DE,,2019,tourist_nights,Total nights spent in tourist accommodation
A,CR2001V,DE122C,2020,151762.0,,,DE122C,DE,,2020,tourist_nights,Total nights spent in tourist accommodation
A,CR2001V,DE123C,2015,517888.0,,,DE123C,DE,,2015,tourist_nights,Total nights spent in tourist accommodation
A,CR2001V,DE123C,2016,526482.0,,,DE123C,DE,,2016,tourist_nights,Total nights spent in tourist accommodation
A,CR2001V,DE123C,2017,509261.0,,,DE123C,DE,,2017,tourist_nights,Total nights spent in tourist accommodation
A,CR2001V,DE123C,2018,506917.0,,,DE123C,DE,,2018,tourist_nights,Total nights spent in tourist accommodation
A,CR2001V,DE123C,2019,502193.0,,,DE123C,DE,,2019,tourist_nights,Total nights spent in tourist accommodation
A,CR2001V,DE123C,2020,220921.0,,,DE123C,DE,,2020,tourist_nights,Total nights spent in tourist accommodation
A,CR2001V,DE124C,2015,575203.0,,,DE124C,DE,,2015,tourist_nights,Total nights spent in tourist accommodation
A,CR2001V,DE124C,2016,617556.0,,,DE124C,DE,,2016,tourist_nights,Total nights spent in tourist accommodation
A,CR2001V,DE124C,2017,582953.0,,,DE124C,DE,,2017,tourist_nights,Total nights spent in tourist accommodation
A,CR2001V,DE124C,2018,599393.0,,,DE124C,DE,,2018,tourist_nights,Total nights spent in tourist accommodation
A,CR2001V,DE124C,2019,655116.0,,,DE124C,DE,,2019,tourist_nights,Total nights spent in tourist accommodation
A,CR2001V,DE124C,2020,341079.0,,,DE124C,DE,,2020,tourist_nights,Total nights spent in tourist accommodation
A,CR2001V,DE125C,2015,322463.0,,,DE125C,DE,,2015,tourist_nights,Total nights spent in tourist accommodation
A,CR2001V,DE125C,2016,316492.0,,,DE125C,DE,,2016,tourist_nights,Total nights spent in tourist accommodation
A,CR2001V,DE125C,2017,337004.0,,,DE125C,DE,,2017,tourist_nights,Total nights spent in tourist accommodation
A,CR2001V,DE125C,2018,334627.0,,,DE125C,DE,,2018,tourist_nights,Total nights spent in tourist accommodation
A,CR2001V,DE125C,2019,370495.0,,,DE125C,DE,,2019,tourist_nights,Total nights spent in tourist accommodation
A,CR2001V,DE125C,2020,195962.0,,,DE125C,DE,,2020,tourist_nights,Total nights spent in tourist accommodation
A,CR2001V,DE126C,2017,81680.0,,,DE126C,DE,,2017,tourist_nights,Total nights spent in tourist accommodation
A,CR2001V,DE126C,2018,86964.0,,,DE126C,DE,,2018,tourist_nights,Total nights spent in tourist accommodation
A,CR2001V,DE126C,2019,110021.0,,,DE126C,DE,,2019,tourist_nights,Total nights spent in tourist accommodation
A,CR2001V,DE126C,2020,73367.0,,,DE126C,DE,,2020,tourist_nights,Total nights spent in tourist accommodation
A,CR2001V,DE127C,2017,93633.0,,,DE127C,DE,,2017,tourist_nights,Total nights spent in tourist accommodation
A,CR2001V,DE127C,2018,90549.0,,,DE127C,DE,,2018,tourist_nights,Total nights spent in tourist accommodation
A,CR2001V,DE127C,2019,91781.0,,,DE127C,DE,,2019,tourist_nights,Total nights spent in tourist accommodation
A,CR2001V,DE127C,2020,58422.0,,,DE127C,DE,,2020,tourist_nights,Total nights spent in tourist accommodation
A,CR2001V,EE,2015,5781870.0,,,EE,EE,,2015,tourist_nights,Total nights spent in tourist accommodation
A,CR2001V,EE,2016,6228128.0,,,EE,EE,,2016,tourist_nights,Total nights spent in tourist accommodation
A,CR2001V,EE,2017,6509299.0,,,EE,EE,,2017,tourist_nights,Total nights spent in tourist accommodation
A,CR2001V,EE,2018,6630315.0,,,EE,EE,,2018,tourist_nights,Total nights spent in tourist accommodation
A,CR2001V,EE001C,2015,2790993.0,,,EE001C,EE,,2015,tourist_nights,Total nights spent in tourist accommodation
A,CR2001V,EE001C,2016,2997156.0,,,EE001C,EE,,2016,tourist_nights,Total nights spent in tourist accommodation
A,CR2001V,EE001C,2017,3099102.0,,,EE001C,EE,,2017,tourist_nights,Total nights spent in tourist accommodation
A,CR2001V,EE001C,2018,3149626.0,,,EE001C,EE,,2018,tourist_nights,Total nights spent in tourist accommodation
A,CR2001V,EE001C,2019,3265373.0,d,,EE001C,EE,,2019,tourist_nights,Total nights spent in tourist accommodation
A,CR2001V,EE001C,2020,1216057.0,,,EE001C,EE,,2020,tourist_nights,Total nights spent in tourist accommodation
A,CR2001V,EE002C,2015,327460.0,,,EE002C,EE,,2015,tourist_nights,Total nights spent in tourist accommodation
A,CR2001V,EE002C,2016,361903.0,,,EE002C,EE,,2016,tourist_nights,Total nights spent in tourist accommodation
A,CR2001V,EE002C,2017,474579.0,,,EE002C,EE,,2017,tourist_nights,Total nights spent in tourist accommodation
A,CR2001V,EE002C,2018,494097.0,b,,EE002C,EE,,2018,tourist_nights,Total nights spent in tourist accommodation
A,CR2001V,EE002C,2019,512655.0,d,,EE002C,EE,,2019,tourist_nights,Total nights spent in tourist accommodation
A,CR2001V,EE002C,2020,290953.0,,,EE002C,EE,,2020,tourist_nights,Total nights spent in tourist accommodation
A,CR2001V,EE003C,2015,37718.0,,,EE003C,EE,,2015,tourist_nights,Total nights spent in tourist accommodation
A,CR2001V,EE003C,2016,40885.0,,,EE003C,EE,,2016,tourist_nights,Total nights spent in tourist accommodation
A,CR2001V,EE003C,2017,50536.0,,,EE003C,EE,,2017,tourist_nights,Total nights spent in tourist accommodation
A,CR2001V,EE003C,2018,50774.0,,,EE003C,EE,,2018,tourist_nights,Total nights spent in tourist accommodation
A,CR2001V,EE003C,2019,55648.0,d,,EE003C,EE,,2019,tourist_nights,Total nights spent in tourist accommodation
A,CR2001V,EE003C,2020,31617.0,,,EE003C,EE,,2020,tourist_nights,Total nights spent in tourist accommodation
A,CR2001V,ES,2015,419974225.0,,,ES,ES,,2015,tourist_nights,Total nights spent in tourist accommodation
A,CR2001V,ES,2016,452543731.0,,,ES,ES,,2016,tourist_nights,Total nights spent in tourist accommodation
A,CR2001V,ES,2017,468476741.0,,,ES,ES,,2017,tourist_nights,Total nights spent in tourist accommodation
A,CR2001V,ES,2018,464034808.0,,,ES,ES,,2018,tourist_nights,Total nights spent in tourist accommodation
A,CR2001V,ES001C,2015,19292547.0,,,ES001C,ES,,2015,tourist_nights,Total nights spent in tourist accommodation
A,CR2001V,ES001C,2016,19844222.0,,,ES001C,ES,,2016,tourist_nights,Total nights spent in tourist accommodation
A,CR2001V,ES001C,2017,21144254.0,,,ES001C,ES,,2017,tourist_nights,Total nights spent in tourist accommodation
A,CR2001V,ES001C,2018,21434152.0,,,ES001C,ES,,2018,tourist_nights,Total nights spent in tourist accommodation
A,CR2001V,ES001C,2019,22751955.0,,,ES001C,ES,,2019,tourist_nights,Total nights spent in tourist accommodation
A,CR2001V,ES005C,2015,1673116.0,,,ES005C,ES,,2015,tourist_nights,Total nights spent in tourist accommodation
A,CR2001V,ES005C,2016,1891515.0,,,ES005C,ES,,2016,tourist_nights,Total nights spent in tourist accommodation
A,CR2001V,ES005C,2017,1985441.0,,,ES005C,ES,,2017,tourist_nights,Total nights spent in tourist accommodation
A,CR2001V,ES005C,2018,2074083.0,,,ES005C,ES,,2018,tourist_nights,Total nights spent in tourist accommodation
A,CR2001V,ES005C,2019,2110331.0,,,ES005C,ES,,2019,tourist_nights,Total nights spent in tourist accommodation
A,CR2001V,ES005C,2020,767613.0,,,ES005C,ES,,2020,tourist_nights,Total nights spent in tourist accommodation
A,CR2001V,ES006C,2015,2418056.0,,,ES006C,ES,,2015,tourist_nights,Total nights spent in tourist accommodation
A,CR2001V,ES006C,2016,2666060.0,,,ES006C,ES,,2016,tourist_nights,Total nights spent in tourist accommodation
A,CR2001V,ES006C,2017,3060499.0,,,ES006C,ES,,2017,tourist_nights,Total nights spent in tourist accommodation
A,CR2001V,ES006C,2018,3092088.0,,,ES006C,ES,,2018,tourist_nights,Total nights spent in tourist accommodation
A,CR2001V,ES006C,2019,3445157.0,,,ES006C,ES,,2019,tourist_nights,Total nights spent in tourist accommodation
A,CR2001V,ES006C,2020,1076061.0,,,ES006C,ES,,2020,tourist_nights,Total nights spent in tourist accommodation
A,CR2001V,ES007C,2015,627785.0,,,ES007C,ES,,2015,tourist_nights,Total nights spent in tourist accommodation
A,CR2001V,ES007C,2016,743979.0,,,ES007C,ES,,2016,tourist_nights,Total nights spent in tourist accommodation
A,CR2001V,ES007C,2017,798606.0,,,ES007C,ES,,2017,tourist_nights,Total nights spent in tourist accommodation
A,CR2001V,ES007C,2018,817783.0,,,ES007C,ES,,2018,tourist_nights,Total nights spent in tourist accommodation
A,CR2001V,ES007C,2019,826430.0,,,ES007C,ES,,2019,tourist_nights,Total nights spent in tourist accommodation
A,CR2001V,ES007C,2020,344518.0,,,ES007C,ES,,2020,tourist_nights,Total nights spent in tourist accommodation
A,CR2001V,ES008C,2015,1330990.0,,,ES008C,ES,,2015,tourist_nights,Total nights spent in tourist accommodation
A,CR2001V,ES008C,2016,1504506.0,,,ES008C,ES,,2016,tourist_nights,Total nights spent in tourist accommodation
A,CR2001V,ES008C,2017,1647652.0,,,ES008C,ES,,2017,tourist_nights,Total nights spent in tourist accommodation
A,CR2001V,ES008C,2018,1498846.0,,,ES008C,ES,,2018,tourist_nights,Total nights spent in tourist accommodation
A,CR2001V,ES008C,2019,1428423.0,,,ES008C,ES,,2019,tourist_nights,Total nights spent in tourist accommodation
A,CR2001V,ES008C,2020,618004.0,,,ES008C,ES,,2020,tourist_nights,Total nights spent in tourist accommodation
A,CR2001V,ES009C,2015,664908.0,,,ES009C,ES,,2015,tourist_nights,Total nights spent in tourist accommodation
A,CR2001V,ES009C,2016,724977.0,,,ES009C,ES,,2016,tourist_nights,Total nights spent in tourist accommodation
A,CR2001V,ES009C,2017,795190.0,,,ES009C,ES,,2017,tourist_nights,Total nights spent in tourist accommodation
A,CR2001V,ES009C,2018,800436.0,,,ES009C,ES,,2018,tourist_nights,Total nights spent in tourist accommodation
A,CR2001V,ES009C,2019,803511.0,,,ES009C,ES,,2019,tourist_nights,Total nights spent in tourist accommodation
A,CR2001V,ES009C,2020,279664.0,,,ES009C,ES,,2020,tourist_nights,Total nights spent in tourist accommodation
A,CR2001V,ES010C,2015,8241525.0,,,ES010C,ES,,2015,tourist_nights,Total nights spent in tourist accommodation
A,CR2001V,ES010C,2016,8930728.0,,,ES010C,ES,,2016,tourist_nights,Total nights spent in tourist accommodation
A,CR2001V,ES010C,2017,9106285.0,,,ES010C,ES,,2017,tourist_nights,Total nights spent in tourist accommodation
A,CR2001V,ES010C,2018,9591924.0,,,ES010C,ES,,2018,tourist_nights,Total nights spent in tourist accommodation
A,CR2001V,ES010C,2019,9296691.0,,,ES010C,ES,,2019,tourist_nights,Total nights spent in tourist accommodation
A,CR2001V,ES010C,2020,1573546.0,,,ES010C,ES,,2020,tourist_nights,Total nights spent in tourist accommodation
A,CR2001V,ES011C,2015,1328591.0,,,ES011C,ES,,2015,tourist_nights,Total nights spent in tourist accommodation
A,CR2001V,ES011C,2016,1421921.0,,,ES011C,ES,,2016,tourist_nights,Total nights spent in tourist accommodation
A,CR2001V,ES011C,2017,1514429.0,,,ES011C,ES,,2017,tourist_nights,Total nights spent in tourist accommodation
A,CR2001V,ES011C,2018,1425510.0,,,ES011C,ES,,2018,tourist_nights,Total nights spent in tourist accommodation
A,CR2001V,ES011C,2019,1537069.0,,,ES011C,ES,,2019,tourist_nights,Total nights spent in tourist accommodation
A,CR2001V,ES011C,2020,454580.0,,,ES011C,ES,,2020,tourist_nights,Total nights spent in tourist accommodation
A,CR2001V,ES012C,2015,567104.0,,,ES012C,ES,,2015,tourist_nights,Total nights spent in tourist accommodation
A,CR2001V,ES012C,2016,585068.0,,,ES012C,ES,,2016,tourist_nights,Total nights spent in tourist accommodation
A,CR2001V,ES012C,2017,637288.0,,,ES012C,ES,,2017,tourist_nights,Total nights spent in tourist accommodation
A,CR2001V,ES012C,2018,675402.0,,,ES012C,ES,,2018,tourist_nights,Total nights spent in tourist accommodation
A,CR2001V,ES012C,2019,685127.0,,,ES012C,ES,,2019,tourist_nights,Total nights spent in tourist accommodation
A,CR2001V,ES012C,2020,324467.0,,,ES012C,ES,,2020,tourist_nights,Total nights spent in tourist accommodation
A,CR2001V,ES013C,2015,882333.0,,,ES013C,ES,,2015,tourist_nights,Total nights spent in tourist accommodation
A,CR2001V,ES013C,2016,940855.0,,,ES013C,ES,,2016,tourist_nights,Total nights spent in tourist accommodation
A,CR2001V,ES013C,2017,934256.0,,,ES013C,ES,,2017,tourist_nights,Total nights spent in tourist accommodation
A,CR2001V,ES013C,2018,896715.0,,,ES013C,ES,,2018,tourist_nights,Total nights spent in tourist accommodation
A,CR2001V,ES013C,2019,832339.0,,,ES013C,ES,,2019,tourist_nights,Total nights spent in tourist accommodation
A,CR2001V,ES013C,2020,388333.0,,,ES013C,ES,,2020,tourist_nights,Total nights spent in tourist accommodation
A,CR2001V,ES015C,2015,845476.0,,,ES015C,ES,,2015,tourist_nights,Total nights spent in tourist accommodation
A,CR2001V,ES015C,2016,905509.0,,,ES015C,ES,,2016,tourist_nights,Total nights spent in tourist accommodation
A,CR2001V,ES015C,2017,1030586.0,,,ES015C,ES,,2017,tourist_nights,Total nights spent in tourist accommodation
A,CR2001V,ES015C,2018,1009502.0,,,ES015C,ES,,2018,tourist_nights,Total nights spent in tourist accommodation
A,CR2001V,ES015C,2019,1036233.0,,,ES015C,ES,,2019,tourist_nights,Total nights spent in tourist accommodation
A,CR2001V,ES015C,2020,458753.0,,,ES015C,ES,,2020,tourist_nights,Total nights spent in tourist accommodation
A,CR2001V,ES016C,2015,878322.0,,,ES016C,ES,,2015,tourist_nights,Total nights spent in tourist accommodation
A,CR2001V,ES016C,2016,941024.0,,,ES016C,ES,,2016,tourist_nights,Total nights spent in tourist accommodation
A,CR2001V,ES016C,2017,957754.0,,,ES016C,ES,,2017,tourist_nights,Total nights spent in tourist accommodation
A,CR2001V,ES016C,2018,964514.0,,,ES016C,ES,,2018,tourist_nights,Total nights spent in tourist accommodation
A,CR2001V,ES016C,2019,957706.0,,,ES016C,ES,,2019,tourist_nights,Total nights spent in tourist accommodation
A,CR2001V,ES016C,2020,297978.0,,,ES016C,ES,,2020,tourist_nights,Total nights spent in tourist accommodation
A,CR2001V,ES017C,2015,295867.0,,,ES017C,ES,,2015,tourist_nights,Total nights spent in tourist accommodation
A,CR2001V,ES017C,2016,285897.0,,,ES017C,ES,,2016,tourist_nights,Total nights spent in tourist accommodation
A,CR2001V,ES017C,2017,302225.0,,,ES017C,ES,,2017,tourist_nights,Total nights spent in tourist accommodation
A,CR2001V,ES017C,2018,338979.0,,,ES017C,ES,,2018,tourist_nights,Total nights spent in tourist accommodation
A,CR2001V,ES017C,2019,338591.0,,,ES017C,ES,,2019,tourist_nights,Total nights spent in tourist accommodation
A,CR2001V,ES017C,2020,150807.0,,,ES017C,ES,,2020,tourist_nights,Total nights spent in tourist accommodation
A,CR2001V,ES018C,2015,547733.0,,,ES018C,ES,,2015,tourist_nights,Total nights spent in tourist accommodation
A,CR2001V,ES018C,2016,555328.0,,,ES018C,ES,,2016,tourist_nights,Total nights spent in tourist accommodation
A,CR2001V,ES018C,2017,561876.0,,,ES018C,ES,,2017,tourist_nights,Total nights spent in tourist accommodation
A,CR2001V,ES018C,2018,525464.0,,,ES018C,ES,,2018,tourist_nights,Total nights spent in tourist accommodation
A,CR2001V,ES018C,2019,506299.0,,,ES018C,ES,,2019,tourist_nights,Total nights spent in tourist accommodation
A,CR2001V,ES018C,2020,178304.0,,,ES018C,ES,,2020,tourist_nights,Total nights spent in tourist accommodation
A,CR2001V,ES020C,2015,1617805.0,,,ES020C,ES,,2015,tourist_nights,Total nights spent in tourist accommodation
A,CR2001V,ES020C,2016,1693967.0,,,ES020C,ES,,2016,tourist_nights,Total nights spent in tourist accommodation
A,CR2001V,ES020C,2017,1737585.0,,,ES020C,ES,,2017,tourist_nights,Total nights spent in tourist accommodation
A,CR2001V,ES020C,2018,1698432.0,,,ES020C,ES,,2018,tourist_nights,Total nights spent in tourist accommodation
A,CR2001V,ES020C,2019,1759412.0,,,ES020C,ES,,2019,tourist_nights,Total nights spent in tourist accommodation
A,CR2001V,ES020C,2020,554278.0,,,ES020C,ES,,2020,tourist_nights,Total nights spent in tourist accommodation
A,CR2001V,ES021C,2015,1986488.0,,,ES021C,ES,,2015,tourist_nights,Total nights spent in tourist accommodation
A,CR2001V,ES021C,2016,2136748.0,,,ES021C,ES,,2016,tourist_nights,Total nights spent in tourist accommodation
A,CR2001V,ES021C,2017,2354385.0,,,ES021C,ES,,2017,tourist_nights,Total nights spent in tourist accommodation
A,CR2001V,ES021C,2018,2292728.0,,,ES021C,ES,,2018,tourist_nights,Total nights spent in tourist accommodation
A,CR2001V,ES021C,2019,2361821.0,,,ES021C,ES,,2019,tourist_nights,Total nights spent in tourist accommodation
A,CR2001V,ES021C,2020,925184.0,,,ES021C,ES,,2020,tourist_nights,Total nights spent in tourist accommodation
A,CR2001V,ES022C,2015,663528.0,,,ES022C,ES,,2015,tourist_nights,Total nights spent in tourist accommodation
A,CR2001V,ES022C,2016,801469.0,,,ES022C,ES,,2016,tourist_nights,Total nights spent in tourist accommodation
A,CR2001V,ES022C,2017,887915.0,,,ES022C,ES,,2017,tourist_nights,Total nights spent in tourist accommodation
A,CR2001V,ES022C,2018,893927.0,,,ES022C,ES,,2018,tourist_nights,Total nights spent in tourist accommodation
A,CR2001V,ES022C,2019,1013331.0,,,ES022C,ES,,2019,tourist_nights,Total nights spent in tourist accommodation
A,CR2001V,ES022C,2020,438702.0,,,ES022C,ES,,2020,tourist_nights,Total nights spent in tourist accommodation
A,CR2001V,ES023C,2015,883303.0,,,ES023C,ES,,2015,tourist_nights,Total nights spent in tourist accommodation
A,CR2001V,ES023C,2016,898553.0,,,ES023C,ES,,2016,tourist_nights,Total nights spent in tourist accommodation
A,CR2001V,ES023C,2017,917260.0,,,ES023C,ES,,2017,tourist_nights,Total nights spent in tourist accommodation
A,CR2001V,ES023C,2018,912247.0,,,ES023C,ES,,2018,tourist_nights,Total nights spent in tourist accommodation
A,CR2001V,ES023C,2019,938697.0,,,ES023C,ES,,2019,tourist_nights,Total nights spent in tourist accommodation
A,CR2001V,ES023C,2020,486371.0,,,ES023C,ES,,2020,tourist_nights,Total nights spent in tourist accommodation
A,CR2001V,ES025C,2015,876005.0,,,ES025C,ES,,2015,tourist_nights,Total nights spent in tourist accommodation
A,CR2001V,ES025C,2016,934608.0,,,ES025C,ES,,2016,tourist_nights,Total nights spent in tourist accommodation
A,CR2001V,ES025C,2017,986768.0,,,ES025C,ES,,2017,tourist_nights,Total nights spent in tourist accommodation
A,CR2001V,ES025C,2018,989649.0,,,ES025C,ES,,2018,tourist_nights,Total nights spent in tourist accommodation
A,CR2001V,ES025C,2019,1035997.0,,,ES025C,ES,,2019,tourist_nights,Total nights spent in tourist accommodation
A,CR2001V,ES025C,2020,436683.0,,,ES025C,ES,,2020,tourist_nights,Total nights spent in tourist accommodation
A,CR2001V,ES026C,2015,,,C,ES026C,ES,,2015,tourist_nights,Total nights spent in tourist accommodation
A,CR2001V,ES026C,2016,,,C,ES026C,ES,,2016,tourist_nights,Total nights spent in tourist accommodation
A,CR2001V,ES026C,2017,,,C,ES026C,ES,,2017,tourist_nights,Total nights spent in tourist accommodation
A,CR2001V,ES026C,2019,,,C,ES026C,ES,,2019,tourist_nights,Total nights spent in tourist accommodation
A,CR2001V,ES026C,2020,,,C,ES026C,ES,,2020,tourist_nights,Total nights spent in tourist accommodation
A,CR2001V,ES028C,2015,240864.0,,,ES028C,ES,,2015,tourist_nights,Total nights spent in tourist accommodation
A,CR2001V,ES028C,2016,290182.0,,,ES028C,ES,,2016,tourist_nights,Total nights spent in tourist accommodation
A,CR2001V,ES028C,2017,314769.0,,,ES028C,ES,,2017,tourist_nights,Total nights spent in tourist accommodation
A,CR2001V,ES028C,2018,317286.0,,,ES028C,ES,,2018,tourist_nights,Total nights spent in tourist accommodation
A,CR2001V,ES028C,2019,328547.0,,,ES028C,ES,,2019,tourist_nights,Total nights spent in tourist accommodation
A,CR2001V,ES028C,2020,133971.0,,,ES028C,ES,,2020,tourist_nights,Total nights spent in tourist accommodation
A,CR2001V,ES029C,2015,,,C,ES029C,ES,,2015,tourist_nights,Total nights spent in tourist accommodation
A,CR2001V,ES029C,2016,,,C,ES029C,ES,,2016,tourist_nights,Total nights spent in tourist accommodation
A,CR2001V,ES029C,2017,,,C,ES029C,ES,,2017,tourist_nights,Total nights spent in tourist accommodation
A,CR2001V,ES029C,2019,,,C,ES029C,ES,,2019,tourist_nights,Total nights spent in tourist accommodation
A,CR2001V,ES029C,2020,,,C,ES029C,ES,,2020,tourist_nights,Total nights spent in tourist accommodation
A,CR2001V,ES030C,2015,,,C,ES030C,ES,,2015,tourist_nights,Total nights spent in tourist accommodation
A,CR2001V,ES030C,2016,465295.0,,,ES030C,ES,,2016,tourist_nights,Total nights spent in tourist accommodation
A,CR2001V,ES030C,2017,499808.0,,,ES030C,ES,,2017,tourist_nights,Total nights spent in tourist accommodation
A,CR2001V,ES030C,2018,418208.0,,,ES030C,ES,,2018,tourist_nights,Total nights spent in tourist accommodation
A,CR2001V,ES030C,2019,426898.0,,,ES030C,ES,,2019,tourist_nights,Total nights spent in tourist accommodation
A,CR2001V,ES030C,2020,141894.0,,,ES030C,ES,,2020,tourist_nights,Total nights spent in tourist accommodation
A,CR2001V,ES031C,2015,488919.0,,,ES031C,ES,,2015,tourist_nights,Total nights spent in tourist accommodation
A,CR2001V,ES031C,2016,515072.0,,,ES031C,ES,,2016,tourist_nights,Total nights spent in tourist accommodation
A,CR2001V,ES031C,2017,509581.0,,,ES031C,ES,,2017,tourist_nights,Total nights spent in tourist accommodation
A,CR2001V,ES031C,2018,550298.0,,,ES031C,ES,,2018,tourist_nights,Total nights spent in tourist accommodation
A,CR2001V,ES031C,2019,576537.0,,,ES031C,ES,,2019,tourist_nights,Total nights spent in tourist accommodation
A,CR2001V,ES031C,2020,236641.0,,,ES031C,ES,,2020,tourist_nights,Total nights spent in tourist accommodation
A,CR2001V,ES032C,2015,396736.0,,,ES032C,ES,,2015,tourist_nights,Total nights spent in tourist accommodation
A,CR2001V,ES032C,2016,567017.0,,,ES032C,ES,,2016,tourist_nights,Total nights spent in tourist accommodation
A,CR2001V,ES032C,2017,698567.0,,,ES032C,ES,,2017,tourist_nights,Total nights spent in tourist accommodation
A,CR2001V,ES032C,2018,815312.0,,,ES032C,ES,,2018,tourist_nights,Total nights spent in tourist accommodation
A,CR2001V,ES032C,2019,605676.0,,,ES032C,ES,,2019,tourist_nights,Total nights spent in tourist accommodation
A,CR2001V,ES032C,2020,168003.0,,,ES032C,ES,,2020,tourist_nights,Total nights spent in tourist accommodation
A,CR2001V,ES033C,2015,527572.0,,,ES033C,ES,,2015,tourist_nights,Total nights spent in tourist accommodation
A,CR2001V,ES033C,2016,578791.0,,,ES033C,ES,,2016,tourist_nights,Total nights spent in tourist accommodation
A,CR2001V,ES033C,2017,666784.0,,,ES033C,ES,,2017,tourist_nights,Total nights spent in tourist accommodation
A,CR2001V,ES033C,2018,669350.0,,,ES033C,ES,,2018,tourist_nights,Total nights spent in tourist accommodation
A,CR2001V,ES033C,2019,672568.0,,,ES033C,ES,,2019,tourist_nights,Total nights spent in tourist accommodation
A,CR2001V,ES033C,2020,308054.0,,,ES033C,ES,,2020,tourist_nights,Total nights spent in tourist accommodation
A,CR2001V,ES034C,2015,,,C,ES034C,ES,,2015,tourist_nights,Total nights spent in tourist accommodation
A,CR2001V,ES034C,2016,,,C,ES034C,ES,,2016,tourist_nights,Total nights spent in tourist accommodation
A,CR2001V,ES034C,2017,,,C,ES034C,ES,,2017,tourist_nights,Total nights spent in tourist accommodation
A,CR2001V,ES034C,2019,,,C,ES034C,ES,,2019,tourist_nights,Total nights spent in tourist accommodation
A,CR2001V,ES034C,2020,,,C,ES034C,ES,,2020,tourist_nights,Total nights spent in tourist accommodation
A,CR2001V,ES035C,2015,,,C,ES035C,ES,,2015,tourist_nights,Total nights spent in tourist accommodation
A,CR2001V,ES035C,2016,,,C,ES035C,ES,,2016,tourist_nights,Total nights spent in tourist accommodation
A,CR2001V,ES035C,2017,,,C,ES035C,ES,,2017,tourist_nights,Total nights spent in tourist accommodation
A,CR2001V,ES035C,2019,,,C,ES035C,ES,,2019,tourist_nights,Total nights spent in tourist accommodation
A,CR2001V,ES035C,2020,,,C,ES035C,ES,,2020,tourist_nights,Total nights spent in tourist accommodation
A,CR2001V,ES036C,2015,,,C,ES036C,ES,,2015,tourist_nights,Total nights spent in tourist accommodation
A,CR2001V,ES036C,2016,,,C,ES036C,ES,,2016,tourist_nights,Total nights spent in tourist accommodation
A,CR2001V,ES036C,2017,158146.0,,,ES036C,ES,,2017,tourist_nights,Total nights spent in tourist accommodation
A,CR2001V,ES036C,2019,174347.0,,,ES036C,ES,,2019,tourist_nights,Total nights spent in tourist accommodation
A,CR2001V,ES036C,2020,79671.0,,,ES036C,ES,,2020,tourist_nights,Total nights spent in tourist accommodation
A,CR2001V,ES037C,2015,,,C,ES037C,ES,,2015,tourist_nights,Total nights spent in tourist accommodation
A,CR2001V,ES037C,2016,,,C,ES037C,ES,,2016,tourist_nights,Total nights spent in tourist accommodation
A,CR2001V,ES037C,2017,,,C,ES037C,ES,,2017,tourist_nights,Total nights spent in tourist accommodation
A,CR2001V,ES037C,2019,,,C,ES037C,ES,,2019,tourist_nights,Total nights spent in tourist accommodation
A,CR2001V,ES037C,2020,,,C,ES037C,ES,,2020,tourist_nights,Total nights spent in tourist accommodation
A,CR2001V,ES038C,2015,149105.0,,,ES038C,ES,,2015,tourist_nights,Total nights spent in tourist accommodation
A,CR2001V,ES038C,2016,177096.0,,,ES038C,ES,,2016,tourist_nights,Total nights spent in tourist accommodation
A,CR2001V,ES038C,2017,,,C,ES038C,ES,,2017,tourist_nights,Total nights spent in tourist accommodation
A,CR2001V,ES038C,2019,263220.0,,,ES038C,ES,,2019,tourist_nights,Total nights spent in tourist accommodation
A,CR2001V,ES038C,2020,93137.0,,,ES038C,ES,,2020,tourist_nights,Total nights spent in tourist accommodation
A,CR2001V,ES039C,2015,160756.0,,,ES039C,ES,,2015,tourist_nights,Total nights spent in tourist accommodation
A,CR2001V,ES039C,2016,185235.0,,,ES039C,ES,,2016,tourist_nights,Total nights spent in tourist accommodation
A,CR2001V,ES039C,2017,182114.0,,,ES039C,ES,,2017,tourist_nights,Total nights spent in tourist accommodation
A,CR2001V,ES039C,2018,180257.0,,,ES039C,ES,,2018,tourist_nights,Total nights spent in tourist accommodation
A,CR2001V,ES039C,2019,167989.0,,,ES039C,ES,,2019,tourist_nights,Total nights spent in tourist accommodation
A,CR2001V,ES039C,2020,70874.0,,,ES039C,ES,,2020,tourist_nights,Total nights spent in tourist accommodation
A,CR2001V,ES040C,2015,1720004.0,,,ES040C,ES,,2015,tourist_nights,Total nights spent in tourist accommodation
A,CR2001V,ES040C,2016,1693738.0,,,ES040C,ES,,2016,tourist_nights,Total nights spent in tourist accommodation
A,CR2001V,ES040C,2017,1658157.0,,,ES040C,ES,,2017,tourist_nights,Total nights spent in tourist accommodation
A,CR2001V,ES040C,2018,1731764.0,,,ES040C,ES,,2018,tourist_nights,Total nights spent in tourist accommodation
A,CR2001V,ES040C,2019,1614545.0,,,ES040C,ES,,2019,tourist_nights,Total nights spent in tourist accommodation
A,CR2001V,ES040C,2020,514151.0,,,ES040C,ES,,2020,tourist_nights,Total nights spent in tourist accommodation
A,CR2001V,ES041C,2015,161830.0,,,ES041C,ES,,2015,tourist_nights,Total nights spent in tourist accommodation
A,CR2001V,ES041C,2016,198297.0,,,ES041C,ES,,2016,tourist_nights,Total nights spent in tourist accommodation
A,CR2001V,ES041C,2017,219937.0,,,ES041C,ES,,2017,tourist_nights,Total nights spent in tourist accommodation
A,CR2001V,ES041C,2019,250296.0,,,ES041C,ES,,2019,tourist_nights,Total nights spent in tourist accommodation
A,CR2001V,ES041C,2020,110040.0,,,ES041C,ES,,2020,tourist_nights,Total nights spent in tourist accommodation
A,CR2001V,ES042C,2015,,,C,ES042C,ES,,2015,tourist_nights,Total nights spent in tourist accommodation
A,CR2001V,ES042C,2016,,,C,ES042C,ES,,2016,tourist_nights,Total nights spent in tourist accommodation
A,CR2001V,ES042C,2017,,,C,ES042C,ES,,2017,tourist_nights,Total nights spent in tourist accommodation
A,CR2001V,ES042C,2019,,,C,ES042C,ES,,2019,tourist_nights,Total nights spent in tourist accommodation
A,CR2001V,ES042C,2020,,,C,ES042C,ES,,2020,tourist_nights,Total nights spent in tourist accommodation
A,CR2001V,ES043C,2015,176460.0,,,ES043C,ES,,2015,tourist_nights,Total nights spent in tourist accommodation
A,CR2001V,ES043C,2016,190625.0,,,ES043C,ES,,2016,tourist_nights,Total nights spent in tourist accommodation
A,CR2001V,ES043C,2017,208120.0,,,ES043C,ES,,2017,tourist_nights,Total nights spent in tourist accommodation
A,CR2001V,ES043C,2018,215960.0,,,ES043C,ES,,2018,tourist_nights,Total nights spent in tourist accommodation
A,CR2001V,ES043C,2019,219417.0,,,ES043C,ES,,2019,tourist_nights,Total nights spent in tourist accommodation
A,CR2001V,ES043C,2020,80994.0,,,ES043C,ES,,2020,tourist_nights,Total nights spent in tourist accommodation
A,CR2001V,ES044C,2015,15483750.0,,,ES044C,ES,,2015,tourist_nights,Total nights spent in tourist accommodation
A,CR2001V,ES044C,2016,16549833.0,,,ES044C,ES,,2016,tourist_nights,Total nights spent in tourist accommodation
A,CR2001V,ES044C,2017,16603087.0,,,ES044C,ES,,2017,tourist_nights,Total nights spent in tourist accommodation
A,CR2001V,ES044C,2018,16486051.0,,,ES044C,ES,,2018,tourist_nights,Total nights spent in tourist accommodation
A,CR2001V,ES044C,2019,16139363.0,,,ES044C,ES,,2019,tourist_nights,Total nights spent in tourist accommodation
A,CR2001V,ES044C,2020,4366620.0,,,ES044C,ES,,2020,tourist_nights,Total nights spent in tourist accommodation
A,CR2001V,ES045C,2015,147831.0,,,ES045C,ES,,2015,tourist_nights,Total nights spent in tourist accommodation
A,CR2001V,ES045C,2016,,,C,ES045C,ES,,2016,tourist_nights,Total nights spent in tourist accommodation
A,CR2001V,ES045C,2017,,,C,ES045C,ES,,2017,tourist_nights,Total nights spent in tourist accommodation
A,CR2001V,ES045C,2019,140184.0,,,ES045C,ES,,2019,tourist_nights,Total nights spent in tourist accommodation
A,CR2001V,ES045C,2020,56461.0,,,ES045C,ES,,2020,tourist_nights,Total nights spent in tourist accommodation
A,CR2001V,ES046C,2015,165144.0,,,ES046C,ES,,2015,tourist_nights,Total nights spent in tourist accommodation
A,CR2001V,ES046C,2016,189117.0,,,ES046C,ES,,2016,tourist_nights,Total nights spent in tourist accommodation
A,CR2001V,ES046C,2017,182589.0,,,ES046C,ES,,2017,tourist_nights,Total nights spent in tourist accommodation
A,CR2001V,ES046C,2018,174259.0,,,ES046C,ES,,2018,tourist_nights,Total nights spent in tourist accommodation
A,CR2001V,ES046C,2019,177212.0,,,ES046C,ES,,2019,tourist_nights,Total nights spent in tourist accommodation
A,CR2001V,ES046C,2020,81801.0,,,ES046C,ES,,2020,tourist_nights,Total nights spent in tourist accommodation
A,CR2001V,ES047C,2015,162163.0,,,ES047C,ES,,2015,tourist_nights,Total nights spent in tourist accommodation
A,CR2001V,ES047C,2016,182882.0,,,ES047C,ES,,2016,tourist_nights,Total nights spent in tourist accommodation
A,CR2001V,ES047C,2017,194059.0,,,ES047C,ES,,2017,tourist_nights,Total nights spent in tourist accommodation
A,CR2001V,ES047C,2018,213230.0,,,ES047C,ES,,2018,tourist_nights,Total nights spent in tourist accommodation
A,CR2001V,ES047C,2019,226866.0,,,ES047C,ES,,2019,tourist_nights,Total nights spent in tourist accommodation
A,CR2001V,ES047C,2020,88023.0,,,ES047C,ES,,2020,tourist_nights,Total nights spent in tourist accommodation
A,CR2001V,ES048C,2015,2819723.0,,,ES048C,ES,,2015,tourist_nights,Total nights spent in tourist accommodation
A,CR2001V,ES048C,2016,3212118.0,,,ES048C,ES,,2016,tourist_nights,Total nights spent in tourist accommodation
A,CR2001V,ES048C,2017,3216365.0,,,ES048C,ES,,2017,tourist_nights,Total nights spent in tourist accommodation
A,CR2001V,ES048C,2018,3015930.0,,,ES048C,ES,,2018,tourist_nights,Total nights spent in tourist accommodation
A,CR2001V,ES048C,2019,2872239.0,,,ES048C,ES,,2019,tourist_nights,Total nights spent in tourist accommodation
A,CR2001V,ES048C,2020,681149.0,,,ES048C,ES,,2020,tourist_nights,Total nights spent in tourist accommodation
A,CR2001V,ES049C,2015,,,C,ES049C,ES,,2015,tourist_nights,Total nights spent in tourist accommodation
A,CR2001V,ES049C,2016,,,C,ES049C,ES,,2016,tourist_nights,Total nights spent in tourist accommodation
A,CR2001V,ES049C,2017,,,C,ES049C,ES,,2017,tourist_nights,Total nights spent in tourist accommodation
A,CR2001V,ES049C,2018,161633.0,,,ES049C,ES,,2018,tourist_nights,Total nights spent in tourist accommodation
A,CR2001V,ES049C,2019,,,C,ES049C,ES,,2019,tourist_nights,Total nights spent in tourist accommodation
A,CR2001V,ES049C,2020,,,C,ES049C,ES,,2020,tourist_nights,Total nights spent in tourist accommodation
A,CR2001V,ES050C,2015,,,C,ES050C,ES,,2015,tourist_nights,Total nights spent in tourist accommodation
A,CR2001V,ES050C,2016,628306.0,,,ES050C,ES,,2016,tourist_nights,Total nights spent in tourist accommodation
A,CR2001V,ES050C,2017,,,C,ES050C,ES,,2017,tourist_nights,Total nights spent in tourist accommodation
A,CR2001V,ES050C,2019,,,C,ES050C,ES,,2019,tourist_nights,Total nights spent in tourist accommodation
A,CR2001V,ES050C,2020,,,C,ES050C,ES,,2020,tourist_nights,Total nights spent in tourist accommodation
A,CR2001V,ES051C,2015,,,C,ES051C,ES,,2015,tourist_nights,Total nights spent in tourist accommodation
A,CR2001V,ES051C,2016,,,C,ES051C,ES,,2016,tourist_nights,Total nights spent in tourist accommodation
A,CR2001V,ES051C,2017,,,C,ES051C,ES,,2017,tourist_nights,Total nights spent in tourist accommodation
A,CR2001V,ES051C,2019,,,C,ES051C,ES,,2019,tourist_nights,Total nights spent in tourist accommodation
A,CR2001V,ES051C,2020,,,C,ES051C,ES,,2020,tourist_nights,Total nights spent in tourist accommodation
A,CR2001V,ES052C,2015,5456358.0,,,ES052C,ES,,2015,tourist_nights,Total nights spent in tourist accommodation
A,CR2001V,ES052C,2016,5737216.0,,,ES052C,ES,,2016,tourist_nights,Total nights spent in tourist accommodation
A,CR2001V,ES052C,2017,5576645.0,,,ES052C,ES,,2017,tourist_nights,Total nights spent in tourist accommodation
A,CR2001V,ES052C,2018,5653693.0,,,ES052C,ES,,2018,tourist_nights,Total nights spent in tourist accommodation
A,CR2001V,ES052C,2019,5555841.0,,,ES052C,ES,,2019,tourist_nights,Total nights spent in tourist accommodation
A,CR2001V,ES052C,2020,1294155.0,,,ES052C,ES,,2020,tourist_nights,Total nights spent in tourist accommodation
A,CR2001V,ES053C,2015,,,C,ES053C,ES,,2015,tourist_nights,Total nights spent in tourist accommodation
A,CR2001V,ES053C,2016,,,C,ES053C,ES,,2016,tourist_nights,Total nights spent in tourist accommodation
A,CR2001V,ES053C,2017,,,C,ES053C,ES,,2017,tourist_nights,Total nights spent in tourist accommodation
A,CR2001V,ES053C,2019,,,C,ES053C,ES,,2019,tourist_nights,Total nights spent in tourist accommodation
A,CR2001V,ES053C,2020,,,C,ES053C,ES,,2020,tourist_nights,Total nights spent in tourist accommodation
A,CR2001V,ES054C,2015,,,C,ES054C,ES,,2015,tourist_nights,Total nights spent in tourist accommodation
A,CR2001V,ES054C,2016,,,C,ES054C,ES,,2016,tourist_nights,Total nights spent in tourist accommodation
A,CR2001V,ES054C,2017,,,C,ES054C,ES,,2017,tourist_nights,Total nights spent in tourist accommodation
A,CR2001V,ES054C,2019,,,C,ES054C,ES,,2019,tourist_nights,Total nights spent in tourist accommodation
A,CR2001V,ES054C,2020,,,C,ES054C,ES,,2020,tourist_nights,Total nights spent in tourist accommodation
A,CR2001V,ES055C,2015,,,C,ES055C,ES,,2015,tourist_nights,Total nights spent in tourist accommodation
A,CR2001V,ES055C,2016,,,C,ES055C,ES,,2016,tourist_nights,Total nights spent in tourist accommodation
A,CR2001V,ES055C,2017,,,C,ES055C,ES,,2017,tourist_nights,Total nights spent in tourist accommodation
A,CR2001V,ES055C,2019,,,C,ES055C,ES,,2019,tourist_nights,Total nights spent in tourist accommodation
A,CR2001V,ES055C,2020,,,C,ES055C,ES,,2020,tourist_nights,Total nights spent in tourist accommodation
A,CR2001V,ES057C,2015,,,C,ES057C,ES,,2015,tourist_nights,Total nights spent in tourist accommodation
A,CR2001V,ES057C,2016,,,C,ES057C,ES,,2016,tourist_nights,Total nights spent in tourist accommodation
A,CR2001V,ES057C,2017,,,C,ES057C,ES,,2017,tourist_nights,Total nights spent in tourist accommodation
A,CR2001V,ES057C,2019,,,C,ES057C,ES,,2019,tourist_nights,Total nights spent in tourist accommodation
A,CR2001V,ES057C,2020,,,C,ES057C,ES,,2020,tourist_nights,Total nights spent in tourist accommodation
A,CR2001V,ES058C,2015,,,C,ES058C,ES,,2015,tourist_nights,Total nights spent in tourist accommodation
A,CR2001V,ES058C,2016,,,C,ES058C,ES,,2016,tourist_nights,Total nights spent in tourist accommodation
A,CR2001V,ES058C,2017,,,C,ES058C,ES,,2017,tourist_nights,Total nights spent in tourist accommodation
A,CR2001V,ES058C,2019,,,C,ES058C,ES,,2019,tourist_nights,Total nights spent in tourist accommodation
A,CR2001V,ES060C,2015,670253.0,,,ES060C,ES,,2015,tourist_nights,Total nights spent in tourist accommodation
A,CR2001V,ES060C,2016,741126.0,,,ES060C,ES,,2016,tourist_nights,Total nights spent in tourist accommodation
A,CR2001V,ES060C,2017,790788.0,,,ES060C,ES,,2017,tourist_nights,Total nights spent in tourist accommodation
A,CR2001V,ES060C,2018,802034.0,,,ES060C,ES,,2018,tourist_nights,Total nights spent in tourist accommodation
A,CR2001V,ES060C,2019,802407.0,,,ES060C,ES,,2019,tourist_nights,Total nights spent in tourist accommodation
A,CR2001V,ES060C,2020,426635.0,,,ES060C,ES,,2020,tourist_nights,Total nights spent in tourist accommodation
A,CR2001V,ES061C,2015,1776581.0,,,ES061C,ES,,2015,tourist_nights,Total nights spent in tourist accommodation
A,CR2001V,ES061C,2016,1872436.0,,,ES061C,ES,,2016,tourist_nights,Total nights spent in tourist accommodation
A,CR2001V,ES061C,2017,1963075.0,,,ES061C,ES,,2017,tourist_nights,Total nights spent in tourist accommodation
A,CR2001V,ES061C,2018,2093127.0,,,ES061C,ES,,2018,tourist_nights,Total nights spent in tourist accommodation
A,CR2001V,ES061C,2019,2021857.0,,,ES061C,ES,,2019,tourist_nights,Total nights spent in tourist accommodation
A,CR2001V,ES061C,2020,793193.0,,,ES061C,ES,,2020,tourist_nights,Total nights spent in tourist accommodation
A,CR2001V,ES062C,2015,621236.0,,,ES062C,ES,,2015,tourist_nights,Total nights spent in tourist accommodation
A,CR2001V,ES062C,2016,651306.0,,,ES062C,ES,,2016,tourist_nights,Total nights spent in tourist accommodation
A,CR2001V,ES062C,2017,684712.0,,,ES062C,ES,,2017,tourist_nights,Total nights spent in tourist accommodation
A,CR2001V,ES062C,2018,668413.0,,,ES062C,ES,,2018,tourist_nights,Total nights spent in tourist accommodation
A,CR2001V,ES062C,2019,691870.0,,,ES062C,ES,,2019,tourist_nights,Total nights spent in tourist accommodation
A,CR2001V,ES062C,2020,272968.0,,,ES062C,ES,,2020,tourist_nights,Total nights spent in tourist accommodation
A,CR2001V,ES063C,2015,1356566.0,,,ES063C,ES,,2015,tourist_nights,Total nights spent in tourist accommodation
A,CR2001V,ES063C,2016,1575538.0,,,ES063C,ES,,2016,tourist_nights,Total nights spent in tourist accommodation
A,CR2001V,ES063C,2017,1700931.0,,,ES063C,ES,,2017,tourist_nights,Total nights spent in tourist accommodation
A,CR2001V,ES063C,2018,1751093.0,,,ES063C,ES,,2018,tourist_nights,Total nights spent in tourist accommodation
A,CR2001V,ES063C,2019,1834974.0,,,ES063C,ES,,2019,tourist_nights,Total nights spent in tourist accommodation
A,CR2001V,ES063C,2020,683475.0,,,ES063C,ES,,2020,tourist_nights,Total nights spent in tourist accommodation
A,CR2001V,ES064C,2015,,,C,ES064C,ES,,2015,tourist_nights,Total nights spent in tourist accommodation
A,CR2001V,ES064C,2016,,,C,ES064C,ES,,2016,tourist_nights,Total nights spent in tourist accommodation
A,CR2001V,ES064C,2017,484820.0,,,ES064C,ES,,2017,tourist_nights,Total nights spent in tourist accommodation
A,CR2001V,ES064C,2019,485475.0,,,ES064C,ES,,2019,tourist_nights,Total nights spent in tourist accommodation
A,CR2001V,ES064C,2020,184388.0,,,ES064C,ES,,2020,tourist_nights,Total nights spent in tourist accommodation
A,CR2001V,ES065C,2015,808508.0,,,ES065C,ES,,2015,tourist_nights,Total nights spent in tourist accommodation
A,CR2001V,ES065C,2016,861157.0,,,ES065C,ES,,2016,tourist_nights,Total nights spent in tourist accommodation
A,CR2001V,ES065C,2017,970300.0,,,ES065C,ES,,2017,tourist_nights,Total nights spent in tourist accommodation
A,CR2001V,ES065C,2018,974683.0,,,ES065C,ES,,2018,tourist_nights,Total nights spent in tourist accommodation
A,CR2001V,ES065C,2019,851664.0,,,ES065C,ES,,2019,tourist_nights,Total nights spent in tourist accommodation
A,CR2001V,ES065C,2020,382360.0,,,ES065C,ES,,2020,tourist_nights,Total nights spent in tourist accommodation
A,CR2001V,ES066C,2015,714532.0,,,ES066C,ES,,2015,tourist_nights,Total nights spent in tourist accommodation
A,CR2001V,ES066C,2016,788678.0,,,ES066C,ES,,2016,tourist_nights,Total nights spent in tourist accommodation
A,CR2001V,ES066C,2017,796837.0,,,ES066C,ES,,2017,tourist_nights,Total nights spent in tourist accommodation
A,CR2001V,ES066C,2018,775819.0,,,ES066C,ES,,2018,tourist_nights,Total nights spent in tourist accommodation
A,CR2001V,ES066C,2019,789610.0,,,ES066C,ES,,2019,tourist_nights,Total nights spent in tourist accommodation
A,CR2001V,ES066C,2020,277365.0,,,ES066C,ES,,2020,tourist_nights,Total nights spent in tourist accommodation
A,CR2001V,ES067C,2015,1063174.0,,,ES067C,ES,,2015,tourist_nights,Total nights spent in tourist accommodation
A,CR2001V,ES067C,2016,1105003.0,,,ES067C,ES,,2016,tourist_nights,Total nights spent in tourist accommodation
A,CR2001V,ES067C,2017,1144476.0,,,ES067C,ES,,2017,tourist_nights,Total nights spent in tourist accommodation
A,CR2001V,ES067C,2018,1214555.0,,,ES067C,ES,,2018,tourist_nights,Total nights spent in tourist accommodation
A,CR2001V,ES067C,2019,1259737.0,,,ES067C,ES,,2019,tourist_nights,Total nights spent in tourist accommodation
A,CR2001V,ES067C,2020,405496.0,,,ES067C,ES,,2020,tourist_nights,Total nights spent in tourist accommodation
A,CR2001V,ES068C,2015,277678.0,,,ES068C,ES,,2015,tourist_nights,Total nights spent in tourist accommodation
A,CR2001V,ES068C,2016,285154.0,,,ES068C,ES,,2016,tourist_nights,Total nights spent in tourist accommodation
A,CR2001V,ES068C,2017,309782.0,,,ES068C,ES,,2017,tourist_nights,Total nights spent in tourist accommodation
A,CR2001V,ES068C,2018,317292.0,,,ES068C,ES,,2018,tourist_nights,Total nights spent in tourist accommodation
A,CR2001V,ES068C,2019,363361.0,,,ES068C,ES,,2019,tourist_nights,Total nights spent in tourist accommodation
A,CR2001V,ES068C,2020,178461.0,,,ES068C,ES,,2020,tourist_nights,Total nights spent in tourist accommodation
A,CR2001V,ES069C,2015,381492.0,,,ES069C,ES,,2015,tourist_nights,Total nights spent in tourist accommodation
A,CR2001V,ES069C,2016,438990.0,,,ES069C,ES,,2016,tourist_nights,Total nights spent in tourist accommodation
A,CR2001V,ES069C,2017,506987.0,,,ES069C,ES,,2017,tourist_nights,Total nights spent in tourist accommodation
A,CR2001V,ES069C,2018,484902.0,,,ES069C,ES,,2018,tourist_nights,Total nights spent in tourist accommodation
A,CR2001V,ES069C,2019,472537.0,,,ES069C,ES,,2019,tourist_nights,Total nights spent in tourist accommodation
A,CR2001V,ES069C,2020,248632.0,,,ES069C,ES,,2020,tourist_nights,Total nights spent in tourist accommodation
A,CR2001V,ES070C,2015,,,C,ES070C,ES,,2015,tourist_nights,Total nights spent in tourist accommodation
A,CR2001V,ES070C,2016,,,C,ES070C,ES,,2016,tourist_nights,Total nights spent in tourist accommodation
A,CR2001V,ES070C,2017,,,C,ES070C,ES,,2017,tourist_nights,Total nights spent in tourist accommodation
A,CR2001V,ES070C,2019,,,C,ES070C,ES,,2019,tourist_nights,Total nights spent in tourist accommodation
A,CR2001V,ES070C,2020,,,C,ES070C,ES,,2020,tourist_nights,Total nights spent in tourist accommodation
A,CR2001V,ES071C,2015,592406.0,,,ES071C,ES,,2015,tourist_nights,Total nights spent in tourist accommodation
A,CR2001V,ES071C,2016,588318.0,,,ES071C,ES,,2016,tourist_nights,Total nights spent in tourist accommodation
A,CR2001V,ES071C,2017,626522.0,,,ES071C,ES,,2017,tourist_nights,Total nights spent in tourist accommodation
A,CR2001V,ES071C,2018,668686.0,,,ES071C,ES,,2018,tourist_nights,Total nights spent in tourist accommodation
A,CR2001V,ES071C,2019,726517.0,,,ES071C,ES,,2019,tourist_nights,Total nights spent in tourist accommodation
A,CR2001V,ES071C,2020,328209.0,,,ES071C,ES,,2020,tourist_nights,Total nights spent in tourist accommodation
A,CR2001V,ES072C,2015,735152.0,,,ES072C,ES,,2015,tourist_nights,Total nights spent in tourist accommodation
A,CR2001V,ES072C,2016,751117.0,,,ES072C,ES,,2016,tourist_nights,Total nights spent in tourist accommodation
A,CR2001V,ES072C,2017,751039.0,,,ES072C,ES,,2017,tourist_nights,Total nights spent in tourist accommodation
A,CR2001V,ES072C,2018,646757.0,,,ES072C,ES,,2018,tourist_nights,Total nights spent in tourist accommodation
A,CR2001V,ES072C,2019,771550.0,,,ES072C,ES,,2019,tourist_nights,Total nights spent in tourist accommodation
A,CR2001V,ES072C,2020,298223.0,,,ES072C,ES,,2020,tourist_nights,Total nights spent in tourist accommodation
A,CR2001V,ES073C,2015,1045017.0,,,ES073C,ES,,2015,tourist_nights,Total nights spent in tourist accommodation
A,CR2001V,ES073C,2016,1107198.0,,,ES073C,ES,,2016,tourist_nights,Total nights spent in tourist accommodation
A,CR2001V,ES073C,2017,1218378.0,,,ES073C,ES,,2017,tourist_nights,Total nights spent in tourist accommodation
A,CR2001V,ES073C,2018,1226542.0,,,ES073C,ES,,2018,tourist_nights,Total nights spent in tourist accommodation
A,CR2001V,ES073C,2019,1297129.0,,,ES073C,ES,,2019,tourist_nights,Total nights spent in tourist accommodation
A,CR2001V,ES073C,2020,620705.0,,,ES073C,ES,,2020,tourist_nights,Total nights spent in tourist accommodation
A,CR2001V,ES074C,2015,,,C,ES074C,ES,,2015,tourist_nights,Total nights spent in tourist accommodation
A,CR2001V,ES074C,2016,,,C,ES074C,ES,,2016,tourist_nights,Total nights spent in tourist accommodation
A,CR2001V,ES074C,2017,,,C,ES074C,ES,,2017,tourist_nights,Total nights spent in tourist accommodation
A,CR2001V,ES074C,2019,173649.0,,,ES074C,ES,,2019,tourist_nights,Total nights spent in tourist accommodation
A,CR2001V,ES074C,2020,94116.0,,,ES074C,ES,,2020,tourist_nights,Total nights spent in tourist accommodation
A,CR2001V,ES075C,2015,268596.0,,,ES075C,ES,,2015,tourist_nights,Total nights spent in tourist accommodation
A,CR2001V,ES075C,2016,269963.0,,,ES075C,ES,,2016,tourist_nights,Total nights spent in tourist accommodation
A,CR2001V,ES075C,2017,310501.0,,,ES075C,ES,,2017,tourist_nights,Total nights spent in tourist accommodation
A,CR2001V,ES075C,2018,323711.0,,,ES075C,ES,,2018,tourist_nights,Total nights spent in tourist accommodation
A,CR2001V,ES075C,2019,337649.0,,,ES075C,ES,,2019,tourist_nights,Total nights spent in tourist accommodation
A,CR2001V,ES075C,2020,110036.0,,,ES075C,ES,,2020,tourist_nights,Total nights spent in tourist accommodation
A,CR2001V,ES076C,2015,194386.0,,,ES076C,ES,,2015,tourist_nights,Total nights spent in tourist accommodation
A,CR2001V,ES076C,2016,217465.0,,,ES076C,ES,,2016,tourist_nights,Total nights spent in tourist accommodation
A,CR2001V,ES076C,2017,206997.0,,,ES076C,ES,,2017,tourist_nights,Total nights spent in tourist accommodation
A,CR2001V,ES076C,2018,218291.0,,,ES076C,ES,,2018,tourist_nights,Total nights spent in tourist accommodation
A,CR2001V,ES076C,2019,240826.0,,,ES076C,ES,,2019,tourist_nights,Total nights spent in tourist accommodation
A,CR2001V,ES076C,2020,103701.0,,,ES076C,ES,,2020,tourist_nights,Total nights spent in tourist accommodation
A,CR2001V,ES077C,2015,,,C,ES077C,ES,,2015,tourist_nights,Total nights spent in tourist accommodation
A,CR2001V,ES077C,2016,,,C,ES077C,ES,,2016,tourist_nights,Total nights spent in tourist accommodation
A,CR2001V,ES077C,2017,,,C,ES077C,ES,,2017,tourist_nights,Total nights spent in tourist accommodation
A,CR2001V,ES077C,2019,,,C,ES077C,ES,,2019,tourist_nights,Total nights spent in tourist accommodation
A,CR2001V,ES077C,2020,,,C,ES077C,ES,,2020,tourist_nights,Total nights spent in tourist accommodation
A,CR2001V,ES078C,2015,,,C,ES078C,ES,,2015,tourist_nights,Total nights spent in tourist accommodation
A,CR2001V,ES078C,2016,,,C,ES078C,ES,,2016,tourist_nights,Total nights spent in tourist accommodation
A,CR2001V,ES078C,2017,,,C,ES078C,ES,,2017,tourist_nights,Total nights spent in tourist accommodation
A,CR2001V,ES078C,2019,,,C,ES078C,ES,,2019,tourist_nights,Total nights spent in tourist accommodation
A,CR2001V,ES078C,2020,,,C,ES078C,ES,,2020,tourist_nights,Total nights spent in tourist accommodation
A,CR2001V,ES079C,2015,,,C,ES079C,ES,,2015,tourist_nights,Total nights spent in tourist accommodation
A,CR2001V,ES079C,2016,,,C,ES079C,ES,,2016,tourist_nights,Total nights spent in tourist accommodation
A,CR2001V,ES079C,2017,362094.0,,,ES079C,ES,,2017,tourist_nights,Total nights spent in tourist accommodation
A,CR2001V,ES079C,2018,385754.0,,,ES079C,ES,,2018,tourist_nights,Total nights spent in tourist accommodation
A,CR2001V,ES079C,2019,390219.0,,,ES079C,ES,,2019,tourist_nights,Total nights spent in tourist accommodation
A,CR2001V,ES079C,2020,222467.0,,,ES079C,ES,,2020,tourist_nights,Total nights spent in tourist accommodation
A,CR2001V,ES080C,2015,4317357.0,,,ES080C,ES,,2015,tourist_nights,Total nights spent in tourist accommodation
A,CR2001V,ES080C,2016,4125465.0,,,ES080C,ES,,2016,tourist_nights,Total nights spent in tourist accommodation
A,CR2001V,ES080C,2017,4314312.0,,,ES080C,ES,,2017,tourist_nights,Total nights spent in tourist accommodation
A,CR2001V,ES080C,2018,4118648.0,,,ES080C,ES,,2018,tourist_nights,Total nights spent in tourist accommodation
A,CR2001V,ES080C,2019,4154807.0,,,ES080C,ES,,2019,tourist_nights,Total nights spent in tourist accommodation
A,CR2001V,ES080C,2020,1336535.0,,,ES080C,ES,,2020,tourist_nights,Total nights spent in tourist accommodation
A,CR2001V,ES081C,2015,,,C,ES081C,ES,,2015,tourist_nights,Total nights spent in tourist accommodation
A,CR2001V,ES081C,2016,,,C,ES081C,ES,,2016,tourist_nights,Total nights spent in tourist accommodation
A,CR2001V,ES081C,2017,,,C,ES081C,ES,,2017,tourist_nights,Total nights spent in tourist accommodation
A,CR2001V,ES081C,2019,,,C,ES081C,ES,,2019,tourist_nights,Total nights spent in tourist accommodation
A,CR2001V,ES081C,2020,,,C,ES081C,ES,,2020,tourist_nights,Total nights spent in tourist accommodation
A,CR2001V,ES082C,2015,,,C,ES082C,ES,,2015,tourist_nights,Total nights spent in tourist accommodation
A,CR2001V,ES082C,2016,,,C,ES082C,ES,,2016,tourist_nights,Total nights spent in tourist accommodation
A,CR2001V,ES082C,2017,,,C,ES082C,ES,,2017,tourist_nights,Total nights spent in tourist accommodation
A,CR2001V,ES082C,2019,,,C,ES082C,ES,,2019,tourist_nights,Total nights spent in tourist accommodation
A,CR2001V,ES082C,2020,,,C,ES082C,ES,,2020,tourist_nights,Total nights spent in tourist accommodation
A,CR2001V,ES083C,2015,,,C,ES083C,ES,,2015,tourist_nights,Total nights spent in tourist accommodation
A,CR2001V,ES083C,2016,,,C,ES083C,ES,,2016,tourist_nights,Total nights spent in tourist accommodation
A,CR2001V,ES083C,2017,,,C,ES083C,ES,,2017,tourist_nights,Total nights spent in tourist accommodation
A,CR2001V,ES083C,2019,,,C,ES083C,ES,,2019,tourist_nights,Total nights spent in tourist accommodation
A,CR2001V,ES083C,2020,,,C,ES083C,ES,,2020,tourist_nights,Total nights spent in tourist accommodation
A,CR2001V,ES084C,2015,435924.0,,,ES084C,ES,,2015,tourist_nights,Total nights spent in tourist accommodation
A,CR2001V,ES084C,2016,406915.0,,,ES084C,ES,,2016,tourist_nights,Total nights spent in tourist accommodation
A,CR2001V,ES084C,2017,463172.0,,,ES084C,ES,,2017,tourist_nights,Total nights spent in tourist accommodation
A,CR2001V,ES084C,2018,455753.0,,,ES084C,ES,,2018,tourist_nights,Total nights spent in tourist accommodation
A,CR2001V,ES084C,2019,465616.0,,,ES084C,ES,,2019,tourist_nights,Total nights spent in tourist accommodation
A,CR2001V,ES084C,2020,165221.0,,,ES084C,ES,,2020,tourist_nights,Total nights spent in tourist accommodation
A,CR2001V,ES085C,2015,3800761.0,,,ES085C,ES,,2015,tourist_nights,Total nights spent in tourist accommodation
A,CR2001V,ES085C,2016,4339586.0,,,ES085C,ES,,2016,tourist_nights,Total nights spent in tourist accommodation
A,CR2001V,ES085C,2017,4432167.0,,,ES085C,ES,,2017,tourist_nights,Total nights spent in tourist accommodation
A,CR2001V,ES085C,2018,4101542.0,,,ES085C,ES,,2018,tourist_nights,Total nights spent in tourist accommodation
A,CR2001V,ES085C,2019,4344751.0,,,ES085C,ES,,2019,tourist_nights,Total nights spent in tourist accommodation
A,CR2001V,ES085C,2020,1107712.0,,,ES085C,ES,,2020,tourist_nights,Total nights spent in tourist accommodation
A,CR2001V,ES086C,2015,,,C,ES086C,ES,,2015,tourist_nights,Total nights spent in tourist accommodation
A,CR2001V,ES086C,2016,2156007.0,,,ES086C,ES,,2016,tourist_nights,Total nights spent in tourist accommodation
A,CR2001V,ES086C,2017,2202819.0,,,ES086C,ES,,2017,tourist_nights,Total nights spent in tourist accommodation
A,CR2001V,ES086C,2018,2180150.0,,,ES086C,ES,,2018,tourist_nights,Total nights spent in tourist accommodation
A,CR2001V,ES086C,2019,2126500.0,,,ES086C,ES,,2019,tourist_nights,Total nights spent in tourist accommodation
A,CR2001V,ES086C,2020,570123.0,,,ES086C,ES,,2020,tourist_nights,Total nights spent in tourist accommodation
A,CR2001V,ES087C,2015,,,C,ES087C,ES,,2015,tourist_nights,Total nights spent in tourist accommodation
A,CR2001V,ES087C,2016,,,C,ES087C,ES,,2016,tourist_nights,Total nights spent in tourist accommodation
A,CR2001V,ES087C,2017,,,C,ES087C,ES,,2017,tourist_nights,Total nights spent in tourist accommodation
A,CR2001V,ES087C,2019,,,C,ES087C,ES,,2019,tourist_nights,Total nights spent in tourist accommodation
A,CR2001V,ES087C,2020,,,C,ES087C,ES,,2020,tourist_nights,Total nights spent in tourist accommodation
A,CR2001V,ES088C,2015,359778.0,,,ES088C,ES,,2015,tourist_nights,Total nights spent in tourist accommodation
A,CR2001V,ES088C,2016,413788.0,,,ES088C,ES,,2016,tourist_nights,Total nights spent in tourist accommodation
A,CR2001V,ES088C,2017,417108.0,,,ES088C,ES,,2017,tourist_nights,Total nights spent in tourist accommodation
A,CR2001V,ES088C,2018,436215.0,,,ES088C,ES,,2018,tourist_nights,Total nights spent in tourist accommodation
A,CR2001V,ES088C,2019,448456.0,,,ES088C,ES,,2019,tourist_nights,Total nights spent in tourist accommodation
A,CR2001V,ES088C,2020,208987.0,,,ES088C,ES,,2020,tourist_nights,Total nights spent in tourist accommodation
A,CR2001V,ES089C,2015,1935793.0,,,ES089C,ES,,2015,tourist_nights,Total nights spent in tourist accommodation
A,CR2001V,ES089C,2016,1888172.0,,,ES089C,ES,,2016,tourist_nights,Total nights spent in tourist accommodation
A,CR2001V,ES089C,2017,1991478.0,,,ES089C,ES,,2017,tourist_nights,Total nights spent in tourist accommodation
A,CR2001V,ES089C,2019,1879289.0,,,ES089C,ES,,2019,tourist_nights,Total nights spent in tourist accommodation
A,CR2001V,ES089C,2020,338098.0,,,ES089C,ES,,2020,tourist_nights,Total nights spent in tourist accommodation
A,CR2001V,ES090C,2015,,,C,ES090C,ES,,2015,tourist_nights,Total nights spent in tourist accommodation
A,CR2001V,ES090C,2016,,,C,ES090C,ES,,2016,tourist_nights,Total nights spent in tourist accommodation
A,CR2001V,ES090C,2017,,,C,ES090C,ES,,2017,tourist_nights,Total nights spent in tourist accommodation
A,CR2001V,ES090C,2019,,,C,ES090C,ES,,2019,tourist_nights,Total nights spent in tourist accommodation
A,CR2001V,ES090C,2020,,,C,ES090C,ES,,2020,tourist_nights,Total nights spent in tourist accommodation
A,CR2001V,ES091C,2015,,,C,ES091C,ES,,2015,tourist_nights,Total nights spent in tourist accommodation
A,CR2001V,ES091C,2016,,,C,ES091C,ES,,2016,tourist_nights,Total nights spent in tourist accommodation
A,CR2001V,ES091C,2017,,,C,ES091C,ES,,2017,tourist_nights,Total nights spent in tourist accommodation
A,CR2001V,ES091C,2019,,,C,ES091C,ES,,2019,tourist_nights,Total nights spent in tourist accommodation
A,CR2001V,ES091C,2020,,,C,ES091C,ES,,2020,tourist_nights,Total nights spent in tourist accommodation
A,CR2001V,ES092C,2015,,,C,ES092C,ES,,2015,tourist_nights,Total nights spent in tourist accommodation
A,CR2001V,ES092C,2016,346862.0,,,ES092C,ES,,2016,tourist_nights,Total nights spent in tourist accommodation
A,CR2001V,ES092C,2017,385641.0,,,ES092C,ES,,2017,tourist_nights,Total nights spent in tourist accommodation
A,CR2001V,ES092C,2018,415425.0,,,ES092C,ES,,2018,tourist_nights,Total nights spent in tourist accommodation
A,CR2001V,ES092C,2019,457124.0,,,ES092C,ES,,2019,tourist_nights,Total nights spent in tourist accommodation
A,CR2001V,ES092C,2020,198467.0,,,ES092C,ES,,2020,tourist_nights,Total nights spent in tourist accommodation
A,CR2001V,ES093C,2015,,,C,ES093C,ES,,2015,tourist_nights,Total nights spent in tourist accommodation
A,CR2001V,ES093C,2016,,,C,ES093C,ES,,2016,tourist_nights,Total nights spent in tourist accommodation
A,CR2001V,ES093C,2017,,,C,ES093C,ES,,2017,tourist_nights,Total nights spent in tourist accommodation
A,CR2001V,ES093C,2019,,,C,ES093C,ES,,2019,tourist_nights,Total nights spent in tourist accommodation
A,CR2001V,ES093C,2020,,,C,ES093C,ES,,2020,tourist_nights,Total nights spent in tourist accommodation
A,CR2001V,ES094C,2015,,,C,ES094C,ES,,2015,tourist_nights,Total nights spent in tourist accommodation
A,CR2001V,ES094C,2016,,,C,ES094C,ES,,2016,tourist_nights,Total nights spent in tourist accommodation
A,CR2001V,ES094C,2017,,,C,ES094C,ES,,2017,tourist_nights,Total nights spent in tourist accommodation
A,CR2001V,ES094C,2019,,,C,ES094C,ES,,2019,tourist_nights,Total nights spent in tourist accommodation
A,CR2001V,ES094C,2020,,,C,ES094C,ES,,2020,tourist_nights,Total nights spent in tourist accommodation
A,CR2001V,ES095C,2015,,,C,ES095C,ES,,2015,tourist_nights,Total nights spent in tourist accommodation
A,CR2001V,ES095C,2016,,,C,ES095C,ES,,2016,tourist_nights,Total nights spent in tourist accommodation
A,CR2001V,ES095C,2017,,,C,ES095C,ES,,2017,tourist_nights,Total nights spent in tourist accommodation
A,CR2001V,ES095C,2019,,,C,ES095C,ES,,2019,tourist_nights,Total nights spent in tourist accommodation
A,CR2001V,ES095C,2020,,,C,ES095C,ES,,2020,tourist_nights,Total nights spent in tourist accommodation
A,CR2001V,ES098C,2015,,,C,ES098C,ES,,2015,tourist_nights,Total nights spent in tourist accommodation
A,CR2001V,ES098C,2016,,,C,ES098C,ES,,2016,tourist_nights,Total nights spent in tourist accommodation
A,CR2001V,ES098C,2017,,,C,ES098C,ES,,2017,tourist_nights,Total nights spent in tourist accommodation
A,CR2001V,ES098C,2019,,,C,ES098C,ES,,2019,tourist_nights,Total nights spent in tourist accommodation
A,CR2001V,ES098C,2020,,,C,ES098C,ES,,2020,tourist_nights,Total nights spent in tourist accommodation
A,CR2001V,FI,2015,19738123.0,,,FI,FI,,2015,tourist_nights,Total nights spent in tourist accommodation
A,CR2001V,FI,2016,20343433.0,,,FI,FI,,2016,tourist_nights,Total nights spent in tourist accommodation
A,CR2001V,FI,2017,21914154.0,,,FI,FI,,2017,tourist_nights,Total nights spent in tourist accommodation
A,CR2001V,FI,2018,22235084.0,,,FI,FI,,2018,tourist_nights,Total nights spent in tourist accommodation
A,CR2001V,FI001C,2015,3461958.0,,,FI001C,FI,,2015,tourist_nights,Total nights spent in tourist accommodation
A,CR2001V,FI001C,2016,3576710.0,,,FI001C,FI,,2016,tourist_nights,Total nights spent in tourist accommodation
A,CR2001V,FI001C,2017,4175012.0,,,FI001C,FI,,2017,tourist_nights,Total nights spent in tourist accommodation
A,CR2001V,FI001C,2018,4167982.0,,,FI001C,FI,,2018,tourist_nights,Total nights spent in tourist accommodation
A,CR2001V,FI001C,2019,4489741.0,,,FI001C,FI,,2019,tourist_nights,Total nights spent in tourist accommodation
A,CR2001V,FI001C,2020,1616635.0,,,FI001C,FI,,2020,tourist_nights,Total nights spent in tourist accommodation
A,CR2001V,FI002C,2015,1021151.0,,,FI002C,FI,,2015,tourist_nights,Total nights spent in tourist accommodation
A,CR2001V,FI002C,2016,1030564.0,,,FI002C,FI,,2016,tourist_nights,Total nights spent in tourist accommodation
A,CR2001V,FI002C,2017,1129392.0,,,FI002C,FI,,2017,tourist_nights,Total nights spent in tourist accommodation
A,CR2001V,FI002C,2018,1144960.0,,,FI002C,FI,,2018,tourist_nights,Total nights spent in tourist accommodation
A,CR2001V,FI002C,2019,1181113.0,,,FI002C,FI,,2019,tourist_nights,Total nights spent in tourist accommodation
A,CR2001V,FI002C,2020,741296.0,,,FI002C,FI,,2020,tourist_nights,Total nights spent in tourist accommodation
A,CR2001V,FI003C,2015,729309.0,,,FI003C,FI,,2015,tourist_nights,Total nights spent in tourist accommodation
A,CR2001V,FI003C,2016,766126.0,,,FI003C,FI,,2016,tourist_nights,Total nights spent in tourist accommodation
A,CR2001V,FI003C,2017,811076.0,,,FI003C,FI,,2017,tourist_nights,Total nights spent in tourist accommodation
A,CR2001V,FI003C,2018,790258.0,,,FI003C,FI,,2018,tourist_nights,Total nights spent in tourist accommodation
A,CR2001V,FI003C,2019,849848.0,,,FI003C,FI,,2019,tourist_nights,Total nights spent in tourist accommodation
A,CR2001V,FI003C,2020,539352.0,,,FI003C,FI,,2020,tourist_nights,Total nights spent in tourist accommodation
A,CR2001V,FI004C,2015,611690.0,,,FI004C,FI,,2015,tourist_nights,Total nights spent in tourist accommodation
A,CR2001V,FI004C,2016,584068.0,,,FI004C,FI,,2016,tourist_nights,Total nights spent in tourist accommodation
A,CR2001V,FI004C,2017,635495.0,,,FI004C,FI,,2017,tourist_nights,Total nights spent in tourist accommodation
A,CR2001V,FI004C,2018,654576.0,,,FI004C,FI,,2018,tourist_nights,Total nights spent in tourist accommodation
A,CR2001V,FI004C,2019,643947.0,,,FI004C,FI,,2019,tourist_nights,Total nights spent in tourist accommodation
A,CR2001V,FI004C,2020,478789.0,,,FI004C,FI,,2020,tourist_nights,Total nights spent in tourist accommodation
A,CR2001V,FI005C,2015,382124.0,,,FI005C,FI,,2015,tourist_nights,Total nights spent in tourist accommodation
A,CR2001V,FI005C,2016,356528.0,,,FI005C,FI,,2016,tourist_nights,Total nights spent in tourist accommodation
A,CR2001V,FI005C,2017,435779.0,,,FI005C,FI,,2017,tourist_nights,Total nights spent in tourist accommodation
A,CR2001V,FI005C,2018,466528.0,,,FI005C,FI,,2018,tourist_nights,Total nights spent in tourist accommodation
A,CR2001V,FI005C,2019,462063.0,,,FI005C,FI,,2019,tourist_nights,Total nights spent in tourist accommodation
A,CR2001V,FI005C,2020,251035.0,,,FI005C,FI,,2020,tourist_nights,Total nights spent in tourist accommodation
A,CR2001V,FI006C,2015,849725.0,,,FI006C,FI,,2015,tourist_nights,Total nights spent in tourist accommodation
A,CR2001V,FI006C,2016,907999.0,,,FI006C,FI,,2016,tourist_nights,Total nights spent in tourist accommodation
A,CR2001V,FI006C,2017,1093172.0,,,FI006C,FI,,2017,tourist_nights,Total nights spent in tourist accommodation
A,CR2001V,FI006C,2018,1115788.0,,,FI006C,FI,,2018,tourist_nights,Total nights spent in tourist accommodation
A,CR2001V,FI006C,2019,1243424.0,,,FI006C,FI,,2019,tourist_nights,Total nights spent in tourist accommodation
A,CR2001V,FI006C,2020,475598.0,,,FI006C,FI,,2020,tourist_nights,Total nights spent in tourist accommodation
A,CR2001V,FI007C,2015,250811.0,,,FI007C,FI,,2015,tourist_nights,Total nights spent in tourist accommodation
A,CR2001V,FI007C,2016,239916.0,,,FI007C,FI,,2016,tourist_nights,Total nights spent in tourist accommodation
A,CR2001V,FI007C,2017,281850.0,,,FI007C,FI,,2017,tourist_nights,Total nights spent in tourist accommodation
A,CR2001V,FI007C,2018,285427.0,,,FI007C,FI,,2018,tourist_nights,Total nights spent in tourist accommodation
A,CR2001V,FI007C,2019,289116.0,,,FI007C,FI,,2019,tourist_nights,Total nights spent in tourist accommodation
A,CR2001V,FI007C,2020,151074.0,,,FI007C,FI,,2020,tourist_nights,Total nights spent in tourist accommodation
A,CR2001V,FI008C,2015,526015.0,,,FI008C,FI,,2015,tourist_nights,Total nights spent in tourist accommodation
A,CR2001V,FI008C,2016,549970.0,,,FI008C,FI,,2016,tourist_nights,Total nights spent in tourist accommodation
A,CR2001V,FI008C,2017,542103.0,,,FI008C,FI,,2017,tourist_nights,Total nights spent in tourist accommodation
A,CR2001V,FI008C,2018,533836.0,,,FI008C,FI,,2018,tourist_nights,Total nights spent in tourist accommodation
A,CR2001V,FI008C,2019,544424.0,,,FI008C,FI,,2019,tourist_nights,Total nights spent in tourist accommodation
A,CR2001V,FI008C,2020,408692.0,,,FI008C,FI,,2020,tourist_nights,Total nights spent in tourist accommodation
A,CR2001V,FI009C,2015,430282.0,,,FI009C,FI,,2015,tourist_nights,Total nights spent in tourist accommodation
A,CR2001V,FI009C,2016,444245.0,,,FI009C,FI,,2016,tourist_nights,Total nights spent in tourist accommodation
A,CR2001V,FI009C,2017,458094.0,,,FI009C,FI,,2017,tourist_nights,Total nights spent in tourist accommodation
A,CR2001V,FI009C,2018,479763.0,,,FI009C,FI,,2018,tourist_nights,Total nights spent in tourist accommodation
A,CR2001V,FI009C,2019,487610.0,,,FI009C,FI,,2019,tourist_nights,Total nights spent in tourist accommodation
A,CR2001V,FI009C,2020,320906.0,,,FI009C,FI,,2020,tourist_nights,Total nights spent in tourist accommodation
A,CR2001V,FR,2015,407230000.0,e,,FR,FR,,2015,tourist_nights,Total nights spent in tourist accommodation
A,CR2001V,FR,2016,403500000.0,e,,FR,FR,,2016,tourist_nights,Total nights spent in tourist accommodation
A,CR2001V,FR,2017,428720000.0,e,,FR,FR,,2017,tourist_nights,Total nights spent in tourist accommodation
A,CR2001V,FR,2018,438170000.0,e,,FR,FR,,2018,tourist_nights,Total nights spent in tourist accommodation
A,CR2001V,FR,2019,441940000.0,e,,FR,FR,,2019,tourist_nights,Total nights spent in tourist accommodation
A,CR2001V,FR,2020,89335481.0,e,,FR,FR,,2020,tourist_nights,Total nights spent in tourist accommodation
A,CR2001V,FR,2021,291027007.0,e,,FR,FR,,2021,tourist_nights,Total nights spent in tourist accommodation
A,CR2001V,FR,2022,443816207.0,e,,FR,FR,,2022,tourist_nights,Total nights spent in tourist accommodation
A,CR2001V,FR001C,2015,67681325.0,e,,FR001C,FR,,2015,tourist_nights,Total nights spent in tourist accommodation
A,CR2001V,FR001C,2016,62651912.0,e,,FR001C,FR,,2016,tourist_nights,Total nights spent in tourist accommodation
A,CR2001V,FR001C,2017,70925542.0,e,,FR001C,FR,,2017,tourist_nights,Total nights spent in tourist accommodation
A,CR2001V,FR001C,2018,76249739.0,e,,FR001C,FR,,2018,tourist_nights,Total nights spent in tourist accommodation
A,CR2001V,FR001C,2019,75183033.0,e,,FR001C,FR,,2019,tourist_nights,Total nights spent in tourist accommodation
A,CR2001V,FR001C,2020,8177679.0,e,,FR001C,FR,,2020,tourist_nights,Total nights spent in tourist accommodation
A,CR2001V,FR001C,2021,30027189.0,e,,FR001C,FR,,2021,tourist_nights,Total nights spent in tourist accommodation
A,CR2001V,FR001C,2022,71423725.0,e,,FR001C,FR,,2022,tourist_nights,Total nights spent in tourist accommodation
A,CR2001V,FR002C,2015,4958685.0,e,,FR002C,FR,,2015,tourist_nights,Total nights spent in tourist accommodation
A,CR2001V,FR002C,2016,5421509.0,e,,FR002C,FR,,2016,tourist_nights,Total nights spent in tourist accommodation
A,CR2001V,FR002C,2017,5654959.0,e,,FR002C,FR,,2017,tourist_nights,Total nights spent in tourist accommodation
A,CR2001V,FR002C,2018,5901470.0,e,,FR002C,FR,,2018,tourist_nights,Total nights spent in tourist accommodation
A,CR2001V,FR002C,2019,6136848.0,e,,FR002C,FR,,2019,tourist_nights,Total nights spent in tourist accommodation
A,CR2001V,FR002C,2020,1061144.0,e,,FR002C,FR,,2020,tourist_nights,Total nights spent in tourist accommodation
A,CR2001V,FR002C,2021,3557830.0,e,,FR002C,FR,,2021,tourist_nights,Total nights spent in tourist accommodation
A,CR2001V,FR002C,2022,5963727.0,e,,FR002C,FR,,2022,tourist_nights,Total nights spent in tourist accommodation
A,CR2001V,FR003C,2015,2467654.0,e,,FR003C,FR,,2015,tourist_nights,Total nights spent in tourist accommodation
A,CR2001V,FR003C,2016,2578393.0,e,,FR003C,FR,,2016,tourist_nights,Total nights spent in tourist accommodation
A,CR2001V,FR003C,2017,2598812.0,e,,FR003C,FR,,2017,tourist_nights,Total nights spent in tourist accommodation
A,CR2001V,FR003C,2018,2666228.0,e,,FR003C,FR,,2018,tourist_nights,Total nights spent in tourist accommodation
A,CR2001V,FR003C,2019,2707124.0,e,,FR003C,FR,,2019,tourist_nights,Total nights spent in tourist accommodation
A,CR2001V,FR003C,2020,545125.0,e,,FR003C,FR,,2020,tourist_nights,Total nights spent in tourist accommodation
A,CR2001V,FR003C,2021,1507588.0,e,,FR003C,FR,,2021,tourist_nights,Total nights spent in tourist accommodation
A,CR2001V,FR003C,2022,2746122.0,e,,FR003C,FR,,2022,tourist_nights,Total nights spent in tourist accommodation
A,CR2001V,FR004C,2015,2857979.0,e,,FR004C,FR,,2015,tourist_nights,Total nights spent in tourist accommodation
A,CR2001V,FR004C,2016,2978606.0,e,,FR004C,FR,,2016,tourist_nights,Total nights spent in tourist accommodation
A,CR2001V,FR004C,2017,3406164.0,e,,FR004C,FR,,2017,tourist_nights,Total nights spent in tourist accommodation
A,CR2001V,FR004C,2018,3701453.0,e,,FR004C,FR,,2018,tourist_nights,Total nights spent in tourist accommodation
A,CR2001V,FR004C,2019,3981294.0,e,,FR004C,FR,,2019,tourist_nights,Total nights spent in tourist accommodation
A,CR2001V,FR004C,2020,822916.0,e,,FR004C,FR,,2020,tourist_nights,Total nights spent in tourist accommodation
A,CR2001V,FR004C,2021,2715889.0,e,,FR004C,FR,,2021,tourist_nights,Total nights spent in tourist accommodation
A,CR2001V,FR004C,2022,4168918.0,e,,FR004C,FR,,2022,tourist_nights,Total nights spent in tourist accommodation
A,CR2001V,FR005C,2015,3954466.0,e,,FR005C,FR,,2015,tourist_nights,Total nights spent in tourist accommodation
A,CR2001V,FR005C,2016,4219598.0,e,,FR005C,FR,,2016,tourist_nights,Total nights spent in tourist accommodation
A,CR2001V,FR005C,2017,4550105.0,e,,FR005C,FR,,2017,tourist_nights,Total nights spent in tourist accommodation
A,CR2001V,FR005C,2018,4892552.0,e,,FR005C,FR,,2018,tourist_nights,Total nights spent in tourist accommodation
A,CR2001V,FR005C,2019,5139859.0,e,,FR005C,FR,,2019,tourist_nights,Total nights spent in tourist accommodation
A,CR2001V,FR005C,2020,1308277.0,e,,FR005C,FR,,2020,tourist_nights,Total nights spent in tourist accommodation
A,CR2001V,FR005C,2021,3102470.0,e,,FR005C,FR,,2021,tourist_nights,Total nights spent in tourist accommodation
A,CR2001V,FR005C,2022,4977983.0,e,,FR005C,FR,,2022,tourist_nights,Total nights spent in tourist accommodation
A,CR2001V,FR006C,2015,3219429.0,e,,FR006C,FR,,2015,tourist_nights,Total nights spent in tourist accommodation
A,CR2001V,FR006C,2016,3393713.0,e,,FR006C,FR,,2016,tourist_nights,Total nights spent in tourist accommodation
A,CR2001V,FR006C,2017,3708887.0,e,,FR006C,FR,,2017,tourist_nights,Total nights spent in tourist accommodation
A,CR2001V,FR006C,2018,3786244.0,e,,FR006C,FR,,2018,tourist_nights,Total nights spent in tourist accommodation
A,CR2001V,FR006C,2019,4110928.0,e,,FR006C,FR,,2019,tourist_nights,Total nights spent in tourist accommodation
A,CR2001V,FR006C,2020,912845.0,e,,FR006C,FR,,2020,tourist_nights,Total nights spent in tourist accommodation
A,CR2001V,FR006C,2021,2148437.0,e,,FR006C,FR,,2021,tourist_nights,Total nights spent in tourist accommodation
A,CR2001V,FR006C,2022,3776400.0,e,,FR006C,FR,,2022,tourist_nights,Total nights spent in tourist accommodation
A,CR2001V,FR007C,2015,2016995.0,e,,FR007C,FR,,2015,tourist_nights,Total nights spent in tourist accommodation
A,CR2001V,FR007C,2016,2178783.0,e,,FR007C,FR,,2016,tourist_nights,Total nights spent in tourist accommodation
A,CR2001V,FR007C,2017,2323631.0,e,,FR007C,FR,,2017,tourist_nights,Total nights spent in tourist accommodation
A,CR2001V,FR007C,2018,2410057.0,e,,FR007C,FR,,2018,tourist_nights,Total nights spent in tourist accommodation
A,CR2001V,FR007C,2019,2467016.0,e,,FR007C,FR,,2019,tourist_nights,Total nights spent in tourist accommodation
A,CR2001V,FR007C,2020,580391.0,e,,FR007C,FR,,2020,tourist_nights,Total nights spent in tourist accommodation
A,CR2001V,FR007C,2021,1384741.0,e,,FR007C,FR,,2021,tourist_nights,Total nights spent in tourist accommodation
A,CR2001V,FR007C,2022,2287970.0,e,,FR007C,FR,,2022,tourist_nights,Total nights spent in tourist accommodation
A,CR2001V,FR008C,2015,5206251.0,e,,FR008C,FR,,2015,tourist_nights,Total nights spent in tourist accommodation
A,CR2001V,FR008C,2016,5042967.0,e,,FR008C,FR,,2016,tourist_nights,Total nights spent in tourist accommodation
A,CR2001V,FR008C,2017,5421957.0,e,,FR008C,FR,,2017,tourist_nights,Total nights spent in tourist accommodation
A,CR2001V,FR008C,2018,5368512.0,e,,FR008C,FR,,2018,tourist_nights,Total nights spent in tourist accommodation
A,CR2001V,FR008C,2019,5310579.0,e,,FR008C,FR,,2019,tourist_nights,Total nights spent in tourist accommodation
A,CR2001V,FR008C,2020,1310691.0,e,,FR008C,FR,,2020,tourist_nights,Total nights spent in tourist accommodation
A,CR2001V,FR008C,2021,2732932.0,e,,FR008C,FR,,2021,tourist_nights,Total nights spent in tourist accommodation
A,CR2001V,FR008C,2022,5348363.0,e,,FR008C,FR,,2022,tourist_nights,Total nights spent in tourist accommodation
A,CR2001V,FR009C,2015,2754140.0,e,,FR009C,FR,,2015,tourist_nights,Total nights spent in tourist accommodation
A,CR2001V,FR009C,2016,2915550.0,e,,FR009C,FR,,2016,tourist_nights,Total nights spent in tourist accommodation
A,CR2001V,FR009C,2017,3207613.0,e,,FR009C,FR,,2017,tourist_nights,Total nights spent in tourist accommodation
A,CR2001V,FR009C,2018,3336135.0,e,,FR009C,FR,,2018,tourist_nights,Total nights spent in tourist accommodation
A,CR2001V,FR009C,2019,3544965.0,e,,FR009C,FR,,2019,tourist_nights,Total nights spent in tourist accommodation
A,CR2001V,FR009C,2020,600257.0,e,,FR009C,FR,,2020,tourist_nights,Total nights spent in tourist accommodation
A,CR2001V,FR009C,2021,1712975.0,e,,FR009C,FR,,2021,tourist_nights,Total nights spent in tourist accommodation
A,CR2001V,FR009C,2022,3403421.0,e,,FR009C,FR,,2022,tourist_nights,Total nights spent in tourist accommodation
A,CR2001V,FR010C,2015,892572.0,e,,FR010C,FR,,2015,tourist_nights,Total nights spent in tourist accommodation
A,CR2001V,FR010C,2016,916940.0,e,,FR010C,FR,,2016,tourist_nights,Total nights spent in tourist accommodation
A,CR2001V,FR010C,2017,949930.0,e,,FR010C,FR,,2017,tourist_nights,Total nights spent in tourist accommodation
A,CR2001V,FR010C,2018,964617.0,e,,FR010C,FR,,2018,tourist_nights,Total nights spent in tourist accommodation
A,CR2001V,FR010C,2019,948527.0,e,,FR010C,FR,,2019,tourist_nights,Total nights spent in tourist accommodation
A,CR2001V,FR010C,2020,231417.0,e,,FR010C,FR,,2020,tourist_nights,Total nights spent in tourist accommodation
A,CR2001V,FR010C,2021,491706.0,e,,FR010C,FR,,2021,tourist_nights,Total nights spent in tourist accommodation
A,CR2001V,FR010C,2022,923971.0,e,,FR010C,FR,,2022,tourist_nights,Total nights spent in tourist accommodation
A,CR2001V,FR011C,2015,1933061.0,e,,FR011C,FR,,2015,tourist_nights,Total nights spent in tourist accommodation
A,CR2001V,FR011C,2016,1939144.0,e,,FR011C,FR,,2016,tourist_nights,Total nights spent in tourist accommodation
A,CR2001V,FR011C,2017,2088591.0,e,,FR011C,FR,,2017,tourist_nights,Total nights spent in tourist accommodation
A,CR2001V,FR011C,2018,2103855.0,e,,FR011C,FR,,2018,tourist_nights,Total nights spent in tourist accommodation
A,CR2001V,FR011C,2019,2138208.0,e,,FR011C,FR,,2019,tourist_nights,Total nights spent in tourist accommodation
A,CR2001V,FR011C,2020,622059.0,e,,FR011C,FR,,2020,tourist_nights,Total nights spent in tourist accommodation
A,CR2001V,FR011C,2021,1462600.0,e,,FR011C,FR,,2021,tourist_nights,Total nights spent in tourist accommodation
A,CR2001V,FR011C,2022,2097450.0,e,,FR011C,FR,,2022,tourist_nights,Total nights spent in tourist accommodation
A,CR2001V,FR012C,2015,1108392.0,e,,FR012C,FR,,2015,tourist_nights,Total nights spent in tourist accommodation
A,CR2001V,FR012C,2016,1090630.0,e,,FR012C,FR,,2016,tourist_nights,Total nights spent in tourist accommodation
A,CR2001V,FR012C,2017,1144492.0,e,,FR012C,FR,,2017,tourist_nights,Total nights spent in tourist accommodation
A,CR2001V,FR012C,2018,1239356.0,e,,FR012C,FR,,2018,tourist_nights,Total nights spent in tourist accommodation
A,CR2001V,FR012C,2019,1185667.0,e,,FR012C,FR,,2019,tourist_nights,Total nights spent in tourist accommodation
A,CR2001V,FR012C,2020,269102.0,e,,FR012C,FR,,2020,tourist_nights,Total nights spent in tourist accommodation
A,CR2001V,FR012C,2021,682142.0,e,,FR012C,FR,,2021,tourist_nights,Total nights spent in tourist accommodation
A,CR2001V,FR012C,2022,1102420.0,e,,FR012C,FR,,2022,tourist_nights,Total nights spent in tourist accommodation
A,CR2001V,FR013C,2015,1218010.0,e,,FR013C,FR,,2015,tourist_nights,Total nights spent in tourist accommodation
A,CR2001V,FR013C,2016,1226621.0,e,,FR013C,FR,,2016,tourist_nights,Total nights spent in tourist accommodation
A,CR2001V,FR013C,2017,1279027.0,e,,FR013C,FR,,2017,tourist_nights,Total nights spent in tourist accommodation
A,CR2001V,FR013C,2018,1309789.0,e,,FR013C,FR,,2018,tourist_nights,Total nights spent in tourist accommodation
A,CR2001V,FR013C,2019,1361780.0,e,,FR013C,FR,,2019,tourist_nights,Total nights spent in tourist accommodation
A,CR2001V,FR013C,2020,395309.0,e,,FR013C,FR,,2020,tourist_nights,Total nights spent in tourist accommodation
A,CR2001V,FR013C,2021,816557.0,e,,FR013C,FR,,2021,tourist_nights,Total nights spent in tourist accommodation
A,CR2001V,FR013C,2022,1358819.0,e,,FR013C,FR,,2022,tourist_nights,Total nights spent in tourist accommodation
A,CR2001V,FR014C,2015,5099083.0,e,,FR014C,FR,,2015,tourist_nights,Total nights spent in tourist accommodation
A,CR2001V,FR014C,2016,4686222.0,e,,FR014C,FR,,2016,tourist_nights,Total nights spent in tourist accommodation
A,CR2001V,FR014C,2017,4832555.0,e,,FR014C,FR,,2017,tourist_nights,Total nights spent in tourist accommodation
A,CR2001V,FR014C,2018,4773024.0,e,,FR014C,FR,,2018,tourist_nights,Total nights spent in tourist accommodation
A,CR2001V,FR014C,2019,4613148.0,e,,FR014C,FR,,2019,tourist_nights,Total nights spent in tourist accommodation
A,CR2001V,FR014C,2020,1406470.0,e,,FR014C,FR,,2020,tourist_nights,Total nights spent in tourist accommodation
A,CR2001V,FR014C,2021,2605009.0,e,,FR014C,FR,,2021,tourist_nights,Total nights spent in tourist accommodation
A,CR2001V,FR014C,2022,3862025.0,e,,FR014C,FR,,2022,tourist_nights,Total nights spent in tourist accommodation
A,CR2001V,FR015C,2015,631879.0,e,,FR015C,FR,,2015,tourist_nights,Total nights spent in tourist accommodation
A,CR2001V,FR015C,2016,638361.0,e,,FR015C,FR,,2016,tourist_nights,Total nights spent in tourist accommodation
A,CR2001V,FR015C,2017,695194.0,e,,FR015C,FR,,2017,tourist_nights,Total nights spent in tourist accommodation
A,CR2001V,FR015C,2018,629753.0,e,,FR015C,FR,,2018,tourist_nights,Total nights spent in tourist accommodation
A,CR2001V,FR015C,2019,597233.0,e,,FR015C,FR,,2019,tourist_nights,Total nights spent in tourist accommodation
A,CR2001V,FR015C,2020,255797.0,e,,FR015C,FR,,2020,tourist_nights,Total nights spent in tourist accommodation
A,CR2001V,FR015C,2021,547021.0,e,,FR015C,FR,,2021,tourist_nights,Total nights spent in tourist accommodation
A,CR2001V,FR015C,2022,693575.0,e,,FR015C,FR,,2022,tourist_nights,Total nights spent in tourist accommodation
A,CR2001V,FR016C,2015,1282232.0,e,,FR016C,FR,,2015,tourist_nights,Total nights spent in tourist accommodation
A,CR2001V,FR016C,2016,1346329.0,e,,FR016C,FR,,2016,tourist_nights,Total nights spent in tourist accommodation
A,CR2001V,FR016C,2017,1428730.0,e,,FR016C,FR,,2017,tourist_nights,Total nights spent in tourist accommodation
A,CR2001V,FR016C,2018,1494324.0,e,,FR016C,FR,,2018,tourist_nights,Total nights spent in tourist accommodation
A,CR2001V,FR016C,2019,1515751.0,e,,FR016C,FR,,2019,tourist_nights,Total nights spent in tourist accommodation
A,CR2001V,FR016C,2020,374964.0,e,,FR016C,FR,,2020,tourist_nights,Total nights spent in tourist accommodation
A,CR2001V,FR016C,2021,869032.0,e,,FR016C,FR,,2021,tourist_nights,Total nights spent in tourist accommodation
A,CR2001V,FR016C,2022,1470617.0,e,,FR016C,FR,,2022,tourist_nights,Total nights spent in tourist accommodation
A,CR2001V,FR017C,2015,999790.0,e,,FR017C,FR,,2015,tourist_nights,Total nights spent in tourist accommodation
A,CR2001V,FR017C,2016,1014826.0,e,,FR017C,FR,,2016,tourist_nights,Total nights spent in tourist accommodation
A,CR2001V,FR017C,2017,1118776.0,e,,FR017C,FR,,2017,tourist_nights,Total nights spent in tourist accommodation
A,CR2001V,FR017C,2018,1149091.0,e,,FR017C,FR,,2018,tourist_nights,Total nights spent in tourist accommodation
A,CR2001V,FR017C,2019,1166544.0,e,,FR017C,FR,,2019,tourist_nights,Total nights spent in tourist accommodation
A,CR2001V,FR017C,2020,303866.0,e,,FR017C,FR,,2020,tourist_nights,Total nights spent in tourist accommodation
A,CR2001V,FR017C,2021,677677.0,e,,FR017C,FR,,2021,tourist_nights,Total nights spent in tourist accommodation
A,CR2001V,FR017C,2022,1149818.0,e,,FR017C,FR,,2022,tourist_nights,Total nights spent in tourist accommodation
A,CR2001V,FR018C,2015,822722.0,e,,FR018C,FR,,2015,tourist_nights,Total nights spent in tourist accommodation
A,CR2001V,FR018C,2016,847977.0,e,,FR018C,FR,,2016,tourist_nights,Total nights spent in tourist accommodation
A,CR2001V,FR018C,2017,886895.0,e,,FR018C,FR,,2017,tourist_nights,Total nights spent in tourist accommodation
A,CR2001V,FR018C,2018,874246.0,e,,FR018C,FR,,2018,tourist_nights,Total nights spent in tourist accommodation
A,CR2001V,FR018C,2019,872262.0,e,,FR018C,FR,,2019,tourist_nights,Total nights spent in tourist accommodation
A,CR2001V,FR018C,2020,247957.0,e,,FR018C,FR,,2020,tourist_nights,Total nights spent in tourist accommodation
A,CR2001V,FR018C,2021,532805.0,e,,FR018C,FR,,2021,tourist_nights,Total nights spent in tourist accommodation
A,CR2001V,FR018C,2022,827262.0,e,,FR018C,FR,,2022,tourist_nights,Total nights spent in tourist accommodation
A,CR2001V,FR019C,2015,771223.0,e,,FR019C,FR,,2015,tourist_nights,Total nights spent in tourist accommodation
A,CR2001V,FR019C,2016,796698.0,e,,FR019C,FR,,2016,tourist_nights,Total nights spent in tourist accommodation
A,CR2001V,FR019C,2017,868508.0,e,,FR019C,FR,,2017,tourist_nights,Total nights spent in tourist accommodation
A,CR2001V,FR019C,2018,872269.0,e,,FR019C,FR,,2018,tourist_nights,Total nights spent in tourist accommodation
A,CR2001V,FR019C,2019,874753.0,e,,FR019C,FR,,2019,tourist_nights,Total nights spent in tourist accommodation
A,CR2001V,FR019C,2020,259289.0,e,,FR019C,FR,,2020,tourist_nights,Total nights spent in tourist accommodation
A,CR2001V,FR019C,2021,569420.0,e,,FR019C,FR,,2021,tourist_nights,Total nights spent in tourist accommodation
A,CR2001V,FR019C,2022,888887.0,e,,FR019C,FR,,2022,tourist_nights,Total nights spent in tourist accommodation
A,CR2001V,FR020C,2015,1109278.0,e,,FR020C,FR,,2015,tourist_nights,Total nights spent in tourist accommodation
A,CR2001V,FR020C,2016,1168093.0,e,,FR020C,FR,,2016,tourist_nights,Total nights spent in tourist accommodation
A,CR2001V,FR020C,2017,1217798.0,e,,FR020C,FR,,2017,tourist_nights,Total nights spent in tourist accommodation
A,CR2001V,FR020C,2018,1217772.0,e,,FR020C,FR,,2018,tourist_nights,Total nights spent in tourist accommodation
A,CR2001V,FR020C,2019,1226889.0,e,,FR020C,FR,,2019,tourist_nights,Total nights spent in tourist accommodation
A,CR2001V,FR020C,2020,286917.0,e,,FR020C,FR,,2020,tourist_nights,Total nights spent in tourist accommodation
A,CR2001V,FR020C,2021,675653.0,e,,FR020C,FR,,2021,tourist_nights,Total nights spent in tourist accommodation
A,CR2001V,FR020C,2022,1193421.0,e,,FR020C,FR,,2022,tourist_nights,Total nights spent in tourist accommodation
A,CR2001V,FR021C,2015,1089218.0,e,,FR021C,FR,,2015,tourist_nights,Total nights spent in tourist accommodation
A,CR2001V,FR021C,2016,1138720.0,e,,FR021C,FR,,2016,tourist_nights,Total nights spent in tourist accommodation
A,CR2001V,FR021C,2017,1266018.0,e,,FR021C,FR,,2017,tourist_nights,Total nights spent in tourist accommodation
A,CR2001V,FR021C,2018,1272394.0,e,,FR021C,FR,,2018,tourist_nights,Total nights spent in tourist accommodation
A,CR2001V,FR021C,2019,1251717.0,e,,FR021C,FR,,2019,tourist_nights,Total nights spent in tourist accommodation
A,CR2001V,FR021C,2020,406743.0,e,,FR021C,FR,,2020,tourist_nights,Total nights spent in tourist accommodation
A,CR2001V,FR021C,2021,817208.0,e,,FR021C,FR,,2021,tourist_nights,Total nights spent in tourist accommodation
A,CR2001V,FR021C,2022,1245154.0,e,,FR021C,FR,,2022,tourist_nights,Total nights spent in tourist accommodation
A,CR2001V,FR022C,2015,509272.0,e,,FR022C,FR,,2015,tourist_nights,Total nights spent in tourist accommodation
A,CR2001V,FR022C,2016,554261.0,e,,FR022C,FR,,2016,tourist_nights,Total nights spent in tourist accommodation
A,CR2001V,FR022C,2017,624525.0,e,,FR022C,FR,,2017,tourist_nights,Total nights spent in tourist accommodation
A,CR2001V,FR022C,2018,623004.0,e,,FR022C,FR,,2018,tourist_nights,Total nights spent in tourist accommodation
A,CR2001V,FR022C,2019,650545.0,e,,FR022C,FR,,2019,tourist_nights,Total nights spent in tourist accommodation
A,CR2001V,FR022C,2020,242046.0,e,,FR022C,FR,,2020,tourist_nights,Total nights spent in tourist accommodation
A,CR2001V,FR022C,2021,455590.0,e,,FR022C,FR,,2021,tourist_nights,Total nights spent in tourist accommodation
A,CR2001V,FR022C,2022,717841.0,e,,FR022C,FR,,2022,tourist_nights,Total nights spent in tourist accommodation
A,CR2001V,FR023C,2015,431935.0,e,,FR023C,FR,,2015,tourist_nights,Total nights spent in tourist accommodation
A,CR2001V,FR023C,2016,424184.0,e,,FR023C,FR,,2016,tourist_nights,Total nights spent in tourist accommodation
A,CR2001V,FR023C,2017,437249.0,e,,FR023C,FR,,2017,tourist_nights,Total nights spent in tourist accommodation
A,CR2001V,FR023C,2018,416460.0,e,,FR023C,FR,,2018,tourist_nights,Total nights spent in tourist accommodation
A,CR2001V,FR023C,2019,429194.0,e,,FR023C,FR,,2019,tourist_nights,Total nights spent in tourist accommodation
A,CR2001V,FR023C,2020,123355.0,e,,FR023C,FR,,2020,tourist_nights,Total nights spent in tourist accommodation
A,CR2001V,FR023C,2021,265024.0,e,,FR023C,FR,,2021,tourist_nights,Total nights spent in tourist accommodation
A,CR2001V,FR023C,2022,407992.0,e,,FR023C,FR,,2022,tourist_nights,Total nights spent in tourist accommodation
A,CR2001V,FR024C,2015,486144.0,e,,FR024C,FR,,2015,tourist_nights,Total nights spent in tourist accommodation
A,CR2001V,FR024C,2016,507598.0,e,,FR024C,FR,,2016,tourist_nights,Total nights spent in tourist accommodation
A,CR2001V,FR024C,2017,579117.0,e,,FR024C,FR,,2017,tourist_nights,Total nights spent in tourist accommodation
A,CR2001V,FR024C,2018,610586.0,e,,FR024C,FR,,2018,tourist_nights,Total nights spent in tourist accommodation
A,CR2001V,FR024C,2019,629962.0,e,,FR024C,FR,,2019,tourist_nights,Total nights spent in tourist accommodation
A,CR2001V,FR024C,2020,170639.0,e,,FR024C,FR,,2020,tourist_nights,Total nights spent in tourist accommodation
A,CR2001V,FR024C,2021,424701.0,e,,FR024C,FR,,2021,tourist_nights,Total nights spent in tourist accommodation
A,CR2001V,FR024C,2022,673234.0,e,,FR024C,FR,,2022,tourist_nights,Total nights spent in tourist accommodation
A,CR2001V,FR025C,2015,649045.0,e,,FR025C,FR,,2015,tourist_nights,Total nights spent in tourist accommodation
A,CR2001V,FR025C,2016,650582.0,e,,FR025C,FR,,2016,tourist_nights,Total nights spent in tourist accommodation
A,CR2001V,FR025C,2017,703220.0,e,,FR025C,FR,,2017,tourist_nights,Total nights spent in tourist accommodation
A,CR2001V,FR025C,2018,716984.0,e,,FR025C,FR,,2018,tourist_nights,Total nights spent in tourist accommodation
A,CR2001V,FR025C,2019,727987.0,e,,FR025C,FR,,2019,tourist_nights,Total nights spent in tourist accommodation
A,CR2001V,FR025C,2020,120682.0,e,,FR025C,FR,,2020,tourist_nights,Total nights spent in tourist accommodation
A,CR2001V,FR025C,2021,325063.0,e,,FR025C,FR,,2021,tourist_nights,Total nights spent in tourist accommodation
A,CR2001V,FR025C,2022,619624.0,e,,FR025C,FR,,2022,tourist_nights,Total nights spent in tourist accommodation
A,CR2001V,FR026C,2015,67946.0,e,,FR026C,FR,,2015,tourist_nights,Total nights spent in tourist accommodation
A,CR2001V,FR026C,2016,94668.0,e,,FR026C,FR,,2016,tourist_nights,Total nights spent in tourist accommodation
A,CR2001V,FR026C,2017,86490.0,e,,FR026C,FR,,2017,tourist_nights,Total nights spent in tourist accommodation
A,CR2001V,FR026C,2018,83612.0,e,,FR026C,FR,,2018,tourist_nights,Total nights spent in tourist accommodation
A,CR2001V,FR026C,2019,80334.0,e,,FR026C,FR,,2019,tourist_nights,Total nights spent in tourist accommodation
A,CR2001V,FR026C,2020,20779.0,e,,FR026C,FR,,2020,tourist_nights,Total nights spent in tourist accommodation
A,CR2001V,FR026C,2021,41782.0,e,,FR026C,FR,,2021,tourist_nights,Total nights spent in tourist accommodation
A,CR2001V,FR026C,2022,88643.0,e,,FR026C,FR,,2022,tourist_nights,Total nights spent in tourist accommodation
A,CR2001V,FR027C,2015,614590.0,e,,FR027C,FR,,2015,tourist_nights,Total nights spent in tourist accommodation
A,CR2001V,FR027C,2016,645795.0,e,,FR027C,FR,,2016,tourist_nights,Total nights spent in tourist accommodation
A,CR2001V,FR027C,2017,717997.0,e,,FR027C,FR,,2017,tourist_nights,Total nights spent in tourist accommodation
A,CR2001V,FR027C,2018,736557.0,e,,FR027C,FR,,2018,tourist_nights,Total nights spent in tourist accommodation
A,CR2001V,FR027C,2019,766681.0,e,,FR027C,FR,,2019,tourist_nights,Total nights spent in tourist accommodation
A,CR2001V,FR027C,2020,170456.0,e,,FR027C,FR,,2020,tourist_nights,Total nights spent in tourist accommodation
A,CR2001V,FR027C,2021,432692.0,e,,FR027C,FR,,2021,tourist_nights,Total nights spent in tourist accommodation
A,CR2001V,FR027C,2022,725085.0,e,,FR027C,FR,,2022,tourist_nights,Total nights spent in tourist accommodation
A,CR2001V,FR028C,2015,671286.0,e,,FR028C,FR,,2015,tourist_nights,Total nights spent in tourist accommodation
A,CR2001V,FR028C,2016,683703.0,e,,FR028C,FR,,2016,tourist_nights,Total nights spent in tourist accommodation
A,CR2001V,FR028C,2017,759820.0,e,,FR028C,FR,,2017,tourist_nights,Total nights spent in tourist accommodation
A,CR2001V,FR028C,2018,745492.0,e,,FR028C,FR,,2018,tourist_nights,Total nights spent in tourist accommodation
A,CR2001V,FR028C,2019,767521.0,e,,FR028C,FR,,2019,tourist_nights,Total nights spent in tourist accommodation
A,CR2001V,FR028C,2020,212294.0,e,,FR028C,FR,,2020,tourist_nights,Total nights spent in tourist accommodation
A,CR2001V,FR028C,2021,489747.0,e,,FR028C,FR,,2021,tourist_nights,Total nights spent in tourist accommodation
A,CR2001V,FR028C,2022,750177.0,e,,FR028C,FR,,2022,tourist_nights,Total nights spent in tourist accommodation
A,CR2001V,FR029C,2015,434987.0,e,,FR029C,FR,,2015,tourist_nights,Total nights spent in tourist accommodation
A,CR2001V,FR029C,2016,461315.0,e,,FR029C,FR,,2016,tourist_nights,Total nights spent in tourist accommodation
A,CR2001V,FR029C,2017,502808.0,e,,FR029C,FR,,2017,tourist_nights,Total nights spent in tourist accommodation
A,CR2001V,FR029C,2018,524437.0,e,,FR029C,FR,,2018,tourist_nights,Total nights spent in tourist accommodation
A,CR2001V,FR029C,2019,541295.0,e,,FR029C,FR,,2019,tourist_nights,Total nights spent in tourist accommodation
A,CR2001V,FR029C,2020,163600.0,e,,FR029C,FR,,2020,tourist_nights,Total nights spent in tourist accommodation
A,CR2001V,FR029C,2021,317511.0,e,,FR029C,FR,,2021,tourist_nights,Total nights spent in tourist accommodation
A,CR2001V,FR029C,2022,532580.0,e,,FR029C,FR,,2022,tourist_nights,Total nights spent in tourist accommodation
A,CR2001V,FR030C,2020,41975.0,e,,FR030C,FR,,2020,tourist_nights,Total nights spent in tourist accommodation
A,CR2001V,FR030C,2021,121616.0,e,,FR030C,FR,,2021,tourist_nights,Total nights spent in tourist accommodation
A,CR2001V,FR030C,2022,218656.0,e,,FR030C,FR,,2022,tourist_nights,Total nights spent in tourist accommodation
A,CR2001V,FR031C,2015,805614.0,e,,FR031C,FR,,2015,tourist_nights,Total nights spent in tourist accommodation
A,CR2001V,FR031C,2016,800436.0,e,,FR031C,FR,,2016,tourist_nights,Total nights spent in tourist accommodation
A,CR2001V,FR031C,2017,852326.0,e,,FR031C,FR,,2017,tourist_nights,Total nights spent in tourist accommodation
A,CR2001V,FR031C,2018,887960.0,e,,FR031C,FR,,2018,tourist_nights,Total nights spent in tourist accommodation
A,CR2001V,FR031C,2019,896644.0,e,,FR031C,FR,,2019,tourist_nights,Total nights spent in tourist accommodation
A,CR2001V,FR031C,2020,254022.0,e,,FR031C,FR,,2020,tourist_nights,Total nights spent in tourist accommodation
A,CR2001V,FR031C,2021,434216.0,e,,FR031C,FR,,2021,tourist_nights,Total nights spent in tourist accommodation
A,CR2001V,FR031C,2022,755454.0,e,,FR031C,FR,,2022,tourist_nights,Total nights spent in tourist accommodation
A,CR2001V,FR032C,2015,579966.0,e,,FR032C,FR,,2015,tourist_nights,Total nights spent in tourist accommodation
A,CR2001V,FR032C,2016,603214.0,e,,FR032C,FR,,2016,tourist_nights,Total nights spent in tourist accommodation
A,CR2001V,FR032C,2017,671253.0,e,,FR032C,FR,,2017,tourist_nights,Total nights spent in tourist accommodation
A,CR2001V,FR032C,2018,645747.0,e,,FR032C,FR,,2018,tourist_nights,Total nights spent in tourist accommodation
A,CR2001V,FR032C,2019,604687.0,e,,FR032C,FR,,2019,tourist_nights,Total nights spent in tourist accommodation
A,CR2001V,FR032C,2020,181109.0,e,,FR032C,FR,,2020,tourist_nights,Total nights spent in tourist accommodation
A,CR2001V,FR032C,2021,357662.0,e,,FR032C,FR,,2021,tourist_nights,Total nights spent in tourist accommodation
A,CR2001V,FR032C,2022,571109.0,e,,FR032C,FR,,2022,tourist_nights,Total nights spent in tourist accommodation
A,CR2001V,FR033C,2015,1186939.0,e,,FR033C,FR,,2015,tourist_nights,Total nights spent in tourist accommodation
A,CR2001V,FR033C,2016,1172602.0,e,,FR033C,FR,,2016,tourist_nights,Total nights spent in tourist accommodation
A,CR2001V,FR033C,2017,1172302.0,e,,FR033C,FR,,2017,tourist_nights,Total nights spent in tourist accommodation
A,CR2001V,FR033C,2018,1230302.0,e,,FR033C,FR,,2018,tourist_nights,Total nights spent in tourist accommodation
A,CR2001V,FR033C,2019,1242709.0,e,,FR033C,FR,,2019,tourist_nights,Total nights spent in tourist accommodation
A,CR2001V,FR033C,2020,370013.0,e,,FR033C,FR,,2020,tourist_nights,Total nights spent in tourist accommodation
A,CR2001V,FR033C,2021,861549.0,e,,FR033C,FR,,2021,tourist_nights,Total nights spent in tourist accommodation
A,CR2001V,FR033C,2022,1361060.0,e,,FR033C,FR,,2022,tourist_nights,Total nights spent in tourist accommodation
A,CR2001V,FR034C,2015,477333.0,e,,FR034C,FR,,2015,tourist_nights,Total nights spent in tourist accommodation
A,CR2001V,FR034C,2016,538318.0,e,,FR034C,FR,,2016,tourist_nights,Total nights spent in tourist accommodation
A,CR2001V,FR034C,2017,543702.0,e,,FR034C,FR,,2017,tourist_nights,Total nights spent in tourist accommodation
A,CR2001V,FR034C,2018,536080.0,e,,FR034C,FR,,2018,tourist_nights,Total nights spent in tourist accommodation
A,CR2001V,FR034C,2019,556485.0,e,,FR034C,FR,,2019,tourist_nights,Total nights spent in tourist accommodation
A,CR2001V,FR034C,2020,179656.0,e,,FR034C,FR,,2020,tourist_nights,Total nights spent in tourist accommodation
A,CR2001V,FR034C,2021,338771.0,e,,FR034C,FR,,2021,tourist_nights,Total nights spent in tourist accommodation
A,CR2001V,FR034C,2022,496851.0,e,,FR034C,FR,,2022,tourist_nights,Total nights spent in tourist accommodation
A,CR2001V,FR035C,2015,389641.0,e,,FR035C,FR,,2015,tourist_nights,Total nights spent in tourist accommodation
A,CR2001V,FR035C,2016,403298.0,e,,FR035C,FR,,2016,tourist_nights,Total nights spent in tourist accommodation
A,CR2001V,FR035C,2017,430768.0,e,,FR035C,FR,,2017,tourist_nights,Total nights spent in tourist accommodation
A,CR2001V,FR035C,2018,466053.0,e,,FR035C,FR,,2018,tourist_nights,Total nights spent in tourist accommodation
A,CR2001V,FR035C,2019,475066.0,e,,FR035C,FR,,2019,tourist_nights,Total nights spent in tourist accommodation
A,CR2001V,FR035C,2020,116254.0,e,,FR035C,FR,,2020,tourist_nights,Total nights spent in tourist accommodation
A,CR2001V,FR035C,2021,265368.0,e,,FR035C,FR,,2021,tourist_nights,Total nights spent in tourist accommodation
A,CR2001V,FR035C,2022,501947.0,e,,FR035C,FR,,2022,tourist_nights,Total nights spent in tourist accommodation
A,CR2001V,FR036C,2015,420306.0,e,,FR036C,FR,,2015,tourist_nights,Total nights spent in tourist accommodation
A,CR2001V,FR036C,2016,442301.0,e,,FR036C,FR,,2016,tourist_nights,Total nights spent in tourist accommodation
A,CR2001V,FR036C,2017,421222.0,e,,FR036C,FR,,2017,tourist_nights,Total nights spent in tourist accommodation
A,CR2001V,FR036C,2018,428689.0,e,,FR036C,FR,,2018,tourist_nights,Total nights spent in tourist accommodation
A,CR2001V,FR036C,2019,412624.0,e,,FR036C,FR,,2019,tourist_nights,Total nights spent in tourist accommodation
A,CR2001V,FR036C,2020,119636.0,e,,FR036C,FR,,2020,tourist_nights,Total nights spent in tourist accommodation
A,CR2001V,FR036C,2021,258040.0,e,,FR036C,FR,,2021,tourist_nights,Total nights spent in tourist accommodation
A,CR2001V,FR036C,2022,412177.0,e,,FR036C,FR,,2022,tourist_nights,Total nights spent in tourist accommodation
A,CR2001V,FR037C,2015,528710.0,e,,FR037C,FR,,2015,tourist_nights,Total nights spent in tourist accommodation
A,CR2001V,FR037C,2016,579588.0,e,,FR037C,FR,,2016,tourist_nights,Total nights spent in tourist accommodation
A,CR2001V,FR037C,2017,626524.0,e,,FR037C,FR,,2017,tourist_nights,Total nights spent in tourist accommodation
A,CR2001V,FR037C,2018,636129.0,e,,FR037C,FR,,2018,tourist_nights,Total nights spent in tourist accommodation
A,CR2001V,FR037C,2019,619023.0,e,,FR037C,FR,,2019,tourist_nights,Total nights spent in tourist accommodation
A,CR2001V,FR037C,2020,211085.0,e,,FR037C,FR,,2020,tourist_nights,Total nights spent in tourist accommodation
A,CR2001V,FR037C,2021,400685.0,e,,FR037C,FR,,2021,tourist_nights,Total nights spent in tourist accommodation
A,CR2001V,FR037C,2022,636177.0,e,,FR037C,FR,,2022,tourist_nights,Total nights spent in tourist accommodation
A,CR2001V,FR038C,2015,891569.0,e,,FR038C,FR,,2015,tourist_nights,Total nights spent in tourist accommodation
A,CR2001V,FR038C,2016,923967.0,e,,FR038C,FR,,2016,tourist_nights,Total nights spent in tourist accommodation
A,CR2001V,FR038C,2017,999992.0,e,,FR038C,FR,,2017,tourist_nights,Total nights spent in tourist accommodation
A,CR2001V,FR038C,2018,1019512.0,e,,FR038C,FR,,2018,tourist_nights,Total nights spent in tourist accommodation
A,CR2001V,FR038C,2019,1095510.0,e,,FR038C,FR,,2019,tourist_nights,Total nights spent in tourist accommodation
A,CR2001V,FR038C,2020,398918.0,e,,FR038C,FR,,2020,tourist_nights,Total nights spent in tourist accommodation
A,CR2001V,FR038C,2021,769320.0,e,,FR038C,FR,,2021,tourist_nights,Total nights spent in tourist accommodation
A,CR2001V,FR038C,2022,1188801.0,e,,FR038C,FR,,2022,tourist_nights,Total nights spent in tourist accommodation
A,CR2001V,FR039C,2015,478125.0,e,,FR039C,FR,,2015,tourist_nights,Total nights spent in tourist accommodation
A,CR2001V,FR039C,2016,461839.0,e,,FR039C,FR,,2016,tourist_nights,Total nights spent in tourist accommodation
A,CR2001V,FR039C,2017,496265.0,e,,FR039C,FR,,2017,tourist_nights,Total nights spent in tourist accommodation
A,CR2001V,FR039C,2018,490658.0,e,,FR039C,FR,,2018,tourist_nights,Total nights spent in tourist accommodation
A,CR2001V,FR039C,2019,507077.0,e,,FR039C,FR,,2019,tourist_nights,Total nights spent in tourist accommodation
A,CR2001V,FR039C,2020,146705.0,e,,FR039C,FR,,2020,tourist_nights,Total nights spent in tourist accommodation
A,CR2001V,FR039C,2021,304891.0,e,,FR039C,FR,,2021,tourist_nights,Total nights spent in tourist accommodation
A,CR2001V,FR039C,2022,486301.0,e,,FR039C,FR,,2022,tourist_nights,Total nights spent in tourist accommodation
A,CR2001V,FR040C,2015,1867253.0,e,,FR040C,FR,,2015,tourist_nights,Total nights spent in tourist accommodation
A,CR2001V,FR040C,2016,1914614.0,e,,FR040C,FR,,2016,tourist_nights,Total nights spent in tourist accommodation
A,CR2001V,FR040C,2017,1995505.0,e,,FR040C,FR,,2017,tourist_nights,Total nights spent in tourist accommodation
A,CR2001V,FR040C,2018,1950494.0,e,,FR040C,FR,,2018,tourist_nights,Total nights spent in tourist accommodation
A,CR2001V,FR040C,2019,1929192.0,e,,FR040C,FR,,2019,tourist_nights,Total nights spent in tourist accommodation
A,CR2001V,FR040C,2020,798543.0,e,,FR040C,FR,,2020,tourist_nights,Total nights spent in tourist accommodation
A,CR2001V,FR040C,2021,1369967.0,e,,FR040C,FR,,2021,tourist_nights,Total nights spent in tourist accommodation
A,CR2001V,FR040C,2022,1856341.0,e,,FR040C,FR,,2022,tourist_nights,Total nights spent in tourist accommodation
A,CR2001V,FR041C,2015,1037895.0,e,,FR041C,FR,,2015,tourist_nights,Total nights spent in tourist accommodation
A,CR2001V,FR041C,2016,1000225.0,e,,FR041C,FR,,2016,tourist_nights,Total nights spent in tourist accommodation
A,CR2001V,FR041C,2017,1025165.0,e,,FR041C,FR,,2017,tourist_nights,Total nights spent in tourist accommodation
A,CR2001V,FR041C,2018,1028088.0,e,,FR041C,FR,,2018,tourist_nights,Total nights spent in tourist accommodation
A,CR2001V,FR041C,2019,988352.0,e,,FR041C,FR,,2019,tourist_nights,Total nights spent in tourist accommodation
A,CR2001V,FR041C,2020,324318.0,e,,FR041C,FR,,2020,tourist_nights,Total nights spent in tourist accommodation
A,CR2001V,FR041C,2021,779136.0,e,,FR041C,FR,,2021,tourist_nights,Total nights spent in tourist accommodation
A,CR2001V,FR041C,2022,974099.0,e,,FR041C,FR,,2022,tourist_nights,Total nights spent in tourist accommodation
A,CR2001V,FR042C,2015,416308.0,e,,FR042C,FR,,2015,tourist_nights,Total nights spent in tourist accommodation
A,CR2001V,FR042C,2016,425910.0,e,,FR042C,FR,,2016,tourist_nights,Total nights spent in tourist accommodation
A,CR2001V,FR042C,2017,434511.0,e,,FR042C,FR,,2017,tourist_nights,Total nights spent in tourist accommodation
A,CR2001V,FR042C,2018,418078.0,e,,FR042C,FR,,2018,tourist_nights,Total nights spent in tourist accommodation
A,CR2001V,FR042C,2019,415791.0,e,,FR042C,FR,,2019,tourist_nights,Total nights spent in tourist accommodation
A,CR2001V,FR042C,2020,123672.0,e,,FR042C,FR,,2020,tourist_nights,Total nights spent in tourist accommodation
A,CR2001V,FR042C,2021,251269.0,e,,FR042C,FR,,2021,tourist_nights,Total nights spent in tourist accommodation
A,CR2001V,FR042C,2022,404646.0,e,,FR042C,FR,,2022,tourist_nights,Total nights spent in tourist accommodation
A,CR2001V,FR043C,2015,1512844.0,e,,FR043C,FR,,2015,tourist_nights,Total nights spent in tourist accommodation
A,CR2001V,FR043C,2016,1472412.0,e,,FR043C,FR,,2016,tourist_nights,Total nights spent in tourist accommodation
A,CR2001V,FR043C,2017,1510802.0,e,,FR043C,FR,,2017,tourist_nights,Total nights spent in tourist accommodation
A,CR2001V,FR043C,2018,1496984.0,e,,FR043C,FR,,2018,tourist_nights,Total nights spent in tourist accommodation
A,CR2001V,FR043C,2019,1461485.0,e,,FR043C,FR,,2019,tourist_nights,Total nights spent in tourist accommodation
A,CR2001V,FR043C,2020,343407.0,e,,FR043C,FR,,2020,tourist_nights,Total nights spent in tourist accommodation
A,CR2001V,FR043C,2021,936016.0,e,,FR043C,FR,,2021,tourist_nights,Total nights spent in tourist accommodation
A,CR2001V,FR043C,2022,1552900.0,e,,FR043C,FR,,2022,tourist_nights,Total nights spent in tourist accommodation
A,CR2001V,FR044C,2015,328907.0,e,,FR044C,FR,,2015,tourist_nights,Total nights spent in tourist accommodation
A,CR2001V,FR044C,2016,362105.0,e,,FR044C,FR,,2016,tourist_nights,Total nights spent in tourist accommodation
A,CR2001V,FR044C,2017,403776.0,e,,FR044C,FR,,2017,tourist_nights,Total nights spent in tourist accommodation
A,CR2001V,FR044C,2018,413141.0,e,,FR044C,FR,,2018,tourist_nights,Total nights spent in tourist accommodation
A,CR2001V,FR044C,2019,396243.0,e,,FR044C,FR,,2019,tourist_nights,Total nights spent in tourist accommodation
A,CR2001V,FR044C,2020,123394.0,e,,FR044C,FR,,2020,tourist_nights,Total nights spent in tourist accommodation
A,CR2001V,FR044C,2021,222566.0,e,,FR044C,FR,,2021,tourist_nights,Total nights spent in tourist accommodation
A,CR2001V,FR044C,2022,382638.0,e,,FR044C,FR,,2022,tourist_nights,Total nights spent in tourist accommodation
A,CR2001V,FR045C,2015,228075.0,e,,FR045C,FR,,2015,tourist_nights,Total nights spent in tourist accommodation
A,CR2001V,FR045C,2016,246584.0,e,,FR045C,FR,,2016,tourist_nights,Total nights spent in tourist accommodation
A,CR2001V,FR045C,2017,252909.0,e,,FR045C,FR,,2017,tourist_nights,Total nights spent in tourist accommodation
A,CR2001V,FR045C,2018,278067.0,e,,FR045C,FR,,2018,tourist_nights,Total nights spent in tourist accommodation
A,CR2001V,FR045C,2019,307937.0,e,,FR045C,FR,,2019,tourist_nights,Total nights spent in tourist accommodation
A,CR2001V,FR045C,2020,83228.0,e,,FR045C,FR,,2020,tourist_nights,Total nights spent in tourist accommodation
A,CR2001V,FR045C,2021,152727.0,e,,FR045C,FR,,2021,tourist_nights,Total nights spent in tourist accommodation
A,CR2001V,FR045C,2022,257325.0,e,,FR045C,FR,,2022,tourist_nights,Total nights spent in tourist accommodation
A,CR2001V,FR046C,2020,44506.0,e,,FR046C,FR,,2020,tourist_nights,Total nights spent in tourist accommodation
A,CR2001V,FR046C,2021,108934.0,e,,FR046C,FR,,2021,tourist_nights,Total nights spent in tourist accommodation
A,CR2001V,FR046C,2022,216901.0,e,,FR046C,FR,,2022,tourist_nights,Total nights spent in tourist accommodation
A,CR2001V,FR047C,2015,454582.0,e,,FR047C,FR,,2015,tourist_nights,Total nights spent in tourist accommodation
A,CR2001V,FR047C,2016,469870.0,e,,FR047C,FR,,2016,tourist_nights,Total nights spent in tourist accommodation
A,CR2001V,FR047C,2017,484946.0,e,,FR047C,FR,,2017,tourist_nights,Total nights spent in tourist accommodation
A,CR2001V,FR047C,2018,451033.0,e,,FR047C,FR,,2018,tourist_nights,Total nights spent in tourist accommodation
A,CR2001V,FR047C,2019,442872.0,e,,FR047C,FR,,2019,tourist_nights,Total nights spent in tourist accommodation
A,CR2001V,FR047C,2020,133189.0,e,,FR047C,FR,,2020,tourist_nights,Total nights spent in tourist accommodation
A,CR2001V,FR047C,2021,266724.0,e,,FR047C,FR,,2021,tourist_nights,Total nights spent in tourist accommodation
A,CR2001V,FR047C,2022,436864.0,e,,FR047C,FR,,2022,tourist_nights,Total nights spent in tourist accommodation
A,CR2001V,FR048C,2015,525459.0,e,,FR048C,FR,,2015,tourist_nights,Total nights spent in tourist accommodation
A,CR2001V,FR048C,2016,534620.0,e,,FR048C,FR,,2016,tourist_nights,Total nights spent in tourist accommodation
A,CR2001V,FR048C,2017,557078.0,e,,FR048C,FR,,2017,tourist_nights,Total nights spent in tourist accommodation
A,CR2001V,FR048C,2018,597197.0,e,,FR048C,FR,,2018,tourist_nights,Total nights spent in tourist accommodation
A,CR2001V,FR048C,2019,627413.0,e,,FR048C,FR,,2019,tourist_nights,Total nights spent in tourist accommodation
A,CR2001V,FR048C,2020,215177.0,e,,FR048C,FR,,2020,tourist_nights,Total nights spent in tourist accommodation
A,CR2001V,FR048C,2021,399177.0,e,,FR048C,FR,,2021,tourist_nights,Total nights spent in tourist accommodation
A,CR2001V,FR048C,2022,621991.0,e,,FR048C,FR,,2022,tourist_nights,Total nights spent in tourist accommodation
A,CR2001V,FR049C,2015,4176597.0,e,,FR049C,FR,,2015,tourist_nights,Total nights spent in tourist accommodation
A,CR2001V,FR049C,2016,3697140.0,e,,FR049C,FR,,2016,tourist_nights,Total nights spent in tourist accommodation
A,CR2001V,FR049C,2017,3929126.0,e,,FR049C,FR,,2017,tourist_nights,Total nights spent in tourist accommodation
A,CR2001V,FR049C,2018,3780112.0,e,,FR049C,FR,,2018,tourist_nights,Total nights spent in tourist accommodation
A,CR2001V,FR049C,2019,3764247.0,e,,FR049C,FR,,2019,tourist_nights,Total nights spent in tourist accommodation
A,CR2001V,FR049C,2020,916693.0,e,,FR049C,FR,,2020,tourist_nights,Total nights spent in tourist accommodation
A,CR2001V,FR049C,2021,2998698.0,e,,FR049C,FR,,2021,tourist_nights,Total nights spent in tourist accommodation
A,CR2001V,FR049C,2022,3565541.0,e,,FR049C,FR,,2022,tourist_nights,Total nights spent in tourist accommodation
A,CR2001V,FR050C,2015,428943.0,e,,FR050C,FR,,2015,tourist_nights,Total nights spent in tourist accommodation
A,CR2001V,FR050C,2016,449332.0,e,,FR050C,FR,,2016,tourist_nights,Total nights spent in tourist accommodation
A,CR2001V,FR050C,2017,465349.0,e,,FR050C,FR,,2017,tourist_nights,Total nights spent in tourist accommodation
A,CR2001V,FR050C,2018,510546.0,e,,FR050C,FR,,2018,tourist_nights,Total nights spent in tourist accommodation
A,CR2001V,FR050C,2019,508093.0,e,,FR050C,FR,,2019,tourist_nights,Total nights spent in tourist accommodation
A,CR2001V,FR050C,2020,159186.0,e,,FR050C,FR,,2020,tourist_nights,Total nights spent in tourist accommodation
A,CR2001V,FR050C,2021,318863.0,e,,FR050C,FR,,2021,tourist_nights,Total nights spent in tourist accommodation
A,CR2001V,FR050C,2022,494350.0,e,,FR050C,FR,,2022,tourist_nights,Total nights spent in tourist accommodation
A,CR2001V,FR051C,2015,115890.0,e,,FR051C,FR,,2015,tourist_nights,Total nights spent in tourist accommodation
A,CR2001V,FR051C,2016,111425.0,e,,FR051C,FR,,2016,tourist_nights,Total nights spent in tourist accommodation
A,CR2001V,FR051C,2017,89469.0,e,,FR051C,FR,,2017,tourist_nights,Total nights spent in tourist accommodation
A,CR2001V,FR051C,2018,82859.0,e,,FR051C,FR,,2018,tourist_nights,Total nights spent in tourist accommodation
A,CR2001V,FR051C,2019,73848.0,e,,FR051C,FR,,2019,tourist_nights,Total nights spent in tourist accommodation
A,CR2001V,FR051C,2020,13238.0,e,,FR051C,FR,,2020,tourist_nights,Total nights spent in tourist accommodation
A,CR2001V,FR051C,2021,15788.0,e,,FR051C,FR,,2021,tourist_nights,Total nights spent in tourist accommodation
A,CR2001V,FR051C,2022,30931.0,e,,FR051C,FR,,2022,tourist_nights,Total nights spent in tourist accommodation
A,CR2001V,FR052C,2015,115984.0,e,,FR052C,FR,,2015,tourist_nights,Total nights spent in tourist accommodation
A,CR2001V,FR052C,2016,131317.0,e,,FR052C,FR,,2016,tourist_nights,Total nights spent in tourist accommodation
A,CR2001V,FR052C,2017,130240.0,e,,FR052C,FR,,2017,tourist_nights,Total nights spent in tourist accommodation
A,CR2001V,FR052C,2018,133854.0,e,,FR052C,FR,,2018,tourist_nights,Total nights spent in tourist accommodation
A,CR2001V,FR052C,2019,131778.0,e,,FR052C,FR,,2019,tourist_nights,Total nights spent in tourist accommodation
A,CR2001V,FR052C,2020,28700.0,e,,FR052C,FR,,2020,tourist_nights,Total nights spent in tourist accommodation
A,CR2001V,FR052C,2021,69237.0,e,,FR052C,FR,,2021,tourist_nights,Total nights spent in tourist accommodation
A,CR2001V,FR052C,2022,115286.0,e,,FR052C,FR,,2022,tourist_nights,Total nights spent in tourist accommodation
A,CR2001V,FR053C,2015,293140.0,e,,FR053C,FR,,2015,tourist_nights,Total nights spent in tourist accommodation
A,CR2001V,FR053C,2016,256310.0,e,,FR053C,FR,,2016,tourist_nights,Total nights spent in tourist accommodation
A,CR2001V,FR053C,2017,230662.0,e,,FR053C,FR,,2017,tourist_nights,Total nights spent in tourist accommodation
A,CR2001V,FR053C,2018,232720.0,e,,FR053C,FR,,2018,tourist_nights,Total nights spent in tourist accommodation
A,CR2001V,FR053C,2019,221803.0,e,,FR053C,FR,,2019,tourist_nights,Total nights spent in tourist accommodation
A,CR2001V,FR053C,2020,27996.0,e,,FR053C,FR,,2020,tourist_nights,Total nights spent in tourist accommodation
A,CR2001V,FR053C,2021,85479.0,e,,FR053C,FR,,2021,tourist_nights,Total nights spent in tourist accommodation
A,CR2001V,FR053C,2022,142216.0,e,,FR053C,FR,,2022,tourist_nights,Total nights spent in tourist accommodation
A,CR2001V,FR054C,2015,1095754.0,e,,FR054C,FR,,2015,tourist_nights,Total nights spent in tourist accommodation
A,CR2001V,FR054C,2016,1097947.0,e,,FR054C,FR,,2016,tourist_nights,Total nights spent in tourist accommodation
A,CR2001V,FR054C,2017,1148754.0,e,,FR054C,FR,,2017,tourist_nights,Total nights spent in tourist accommodation
A,CR2001V,FR054C,2018,1157377.0,e,,FR054C,FR,,2018,tourist_nights,Total nights spent in tourist accommodation
A,CR2001V,FR054C,2019,1168906.0,e,,FR054C,FR,,2019,tourist_nights,Total nights spent in tourist accommodation
A,CR2001V,FR054C,2020,475037.0,e,,FR054C,FR,,2020,tourist_nights,Total nights spent in tourist accommodation
A,CR2001V,FR054C,2021,914921.0,e,,FR054C,FR,,2021,tourist_nights,Total nights spent in tourist accommodation
A,CR2001V,FR054C,2022,1159867.0,e,,FR054C,FR,,2022,tourist_nights,Total nights spent in tourist accommodation
A,CR2001V,FR055C,2015,187137.0,e,,FR055C,FR,,2015,tourist_nights,Total nights spent in tourist accommodation
A,CR2001V,FR055C,2016,190040.0,e,,FR055C,FR,,2016,tourist_nights,Total nights spent in tourist accommodation
A,CR2001V,FR055C,2017,193665.0,e,,FR055C,FR,,2017,tourist_nights,Total nights spent in tourist accommodation
A,CR2001V,FR055C,2018,198284.0,e,,FR055C,FR,,2018,tourist_nights,Total nights spent in tourist accommodation
A,CR2001V,FR055C,2019,175660.0,e,,FR055C,FR,,2019,tourist_nights,Total nights spent in tourist accommodation
A,CR2001V,FR055C,2020,73613.0,e,,FR055C,FR,,2020,tourist_nights,Total nights spent in tourist accommodation
A,CR2001V,FR055C,2021,130164.0,e,,FR055C,FR,,2021,tourist_nights,Total nights spent in tourist accommodation
A,CR2001V,FR055C,2022,195227.0,e,,FR055C,FR,,2022,tourist_nights,Total nights spent in tourist accommodation
A,CR2001V,FR056C,2015,292399.0,e,,FR056C,FR,,2015,tourist_nights,Total nights spent in tourist accommodation
A,CR2001V,FR056C,2016,307107.0,e,,FR056C,FR,,2016,tourist_nights,Total nights spent in tourist accommodation
A,CR2001V,FR056C,2017,335016.0,e,,FR056C,FR,,2017,tourist_nights,Total nights spent in tourist accommodation
A,CR2001V,FR056C,2018,344283.0,e,,FR056C,FR,,2018,tourist_nights,Total nights spent in tourist accommodation
A,CR2001V,FR056C,2019,341692.0,e,,FR056C,FR,,2019,tourist_nights,Total nights spent in tourist accommodation
A,CR2001V,FR056C,2020,115590.0,e,,FR056C,FR,,2020,tourist_nights,Total nights spent in tourist accommodation
A,CR2001V,FR056C,2021,242902.0,e,,FR056C,FR,,2021,tourist_nights,Total nights spent in tourist accommodation
A,CR2001V,FR056C,2022,342288.0,e,,FR056C,FR,,2022,tourist_nights,Total nights spent in tourist accommodation
A,CR2001V,FR057C,2015,362142.0,e,,FR057C,FR,,2015,tourist_nights,Total nights spent in tourist accommodation
A,CR2001V,FR057C,2016,340766.0,e,,FR057C,FR,,2016,tourist_nights,Total nights spent in tourist accommodation
A,CR2001V,FR057C,2017,261149.0,e,,FR057C,FR,,2017,tourist_nights,Total nights spent in tourist accommodation
A,CR2001V,FR057C,2018,274231.0,e,,FR057C,FR,,2018,tourist_nights,Total nights spent in tourist accommodation
A,CR2001V,FR057C,2019,261611.0,e,,FR057C,FR,,2019,tourist_nights,Total nights spent in tourist accommodation
A,CR2001V,FR057C,2020,82100.0,e,,FR057C,FR,,2020,tourist_nights,Total nights spent in tourist accommodation
A,CR2001V,FR057C,2021,159974.0,e,,FR057C,FR,,2021,tourist_nights,Total nights spent in tourist accommodation
A,CR2001V,FR057C,2022,245452.0,e,,FR057C,FR,,2022,tourist_nights,Total nights spent in tourist accommodation
A,CR2001V,FR058C,2015,400655.0,e,,FR058C,FR,,2015,tourist_nights,Total nights spent in tourist accommodation
A,CR2001V,FR058C,2016,443297.0,e,,FR058C,FR,,2016,tourist_nights,Total nights spent in tourist accommodation
A,CR2001V,FR058C,2017,461786.0,e,,FR058C,FR,,2017,tourist_nights,Total nights spent in tourist accommodation
A,CR2001V,FR058C,2018,492496.0,e,,FR058C,FR,,2018,tourist_nights,Total nights spent in tourist accommodation
A,CR2001V,FR058C,2019,513410.0,e,,FR058C,FR,,2019,tourist_nights,Total nights spent in tourist accommodation
A,CR2001V,FR058C,2020,140577.0,e,,FR058C,FR,,2020,tourist_nights,Total nights spent in tourist accommodation
A,CR2001V,FR058C,2021,295862.0,e,,FR058C,FR,,2021,tourist_nights,Total nights spent in tourist accommodation
A,CR2001V,FR058C,2022,504188.0,e,,FR058C,FR,,2022,tourist_nights,Total nights spent in tourist accommodation
A,CR2001V,FR059C,2015,107790.0,e,,FR059C,FR,,2015,tourist_nights,Total nights spent in tourist accommodation
A,CR2001V,FR059C,2016,135309.0,e,,FR059C,FR,,2016,tourist_nights,Total nights spent in tourist accommodation
A,CR2001V,FR059C,2017,108812.0,e,,FR059C,FR,,2017,tourist_nights,Total nights spent in tourist accommodation
A,CR2001V,FR059C,2018,111283.0,e,,FR059C,FR,,2018,tourist_nights,Total nights spent in tourist accommodation
A,CR2001V,FR059C,2019,126317.0,e,,FR059C,FR,,2019,tourist_nights,Total nights spent in tourist accommodation
A,CR2001V,FR059C,2020,28496.0,e,,FR059C,FR,,2020,tourist_nights,Total nights spent in tourist accommodation
A,CR2001V,FR059C,2021,60046.0,e,,FR059C,FR,,2021,tourist_nights,Total nights spent in tourist accommodation
A,CR2001V,FR059C,2022,101661.0,e,,FR059C,FR,,2022,tourist_nights,Total nights spent in tourist accommodation
A,CR2001V,FR060C,2015,289099.0,e,,FR060C,FR,,2015,tourist_nights,Total nights spent in tourist accommodation
A,CR2001V,FR060C,2016,291867.0,e,,FR060C,FR,,2016,tourist_nights,Total nights spent in tourist accommodation
A,CR2001V,FR060C,2017,267095.0,e,,FR060C,FR,,2017,tourist_nights,Total nights spent in tourist accommodation
A,CR2001V,FR060C,2018,249864.0,e,,FR060C,FR,,2018,tourist_nights,Total nights spent in tourist accommodation
A,CR2001V,FR060C,2019,286276.0,e,,FR060C,FR,,2019,tourist_nights,Total nights spent in tourist accommodation
A,CR2001V,FR060C,2020,103209.0,e,,FR060C,FR,,2020,tourist_nights,Total nights spent in tourist accommodation
A,CR2001V,FR060C,2021,174850.0,e,,FR060C,FR,,2021,tourist_nights,Total nights spent in tourist accommodation
A,CR2001V,FR060C,2022,294733.0,e,,FR060C,FR,,2022,tourist_nights,Total nights spent in tourist accommodation
A,CR2001V,FR061C,2015,304935.0,e,,FR061C,FR,,2015,tourist_nights,Total nights spent in tourist accommodation
A,CR2001V,FR061C,2016,311469.0,e,,FR061C,FR,,2016,tourist_nights,Total nights spent in tourist accommodation
A,CR2001V,FR061C,2017,308373.0,e,,FR061C,FR,,2017,tourist_nights,Total nights spent in tourist accommodation
A,CR2001V,FR061C,2018,303028.0,e,,FR061C,FR,,2018,tourist_nights,Total nights spent in tourist accommodation
A,CR2001V,FR061C,2019,308436.0,e,,FR061C,FR,,2019,tourist_nights,Total nights spent in tourist accommodation
A,CR2001V,FR061C,2020,101609.0,e,,FR061C,FR,,2020,tourist_nights,Total nights spent in tourist accommodation
A,CR2001V,FR061C,2021,185342.0,e,,FR061C,FR,,2021,tourist_nights,Total nights spent in tourist accommodation
A,CR2001V,FR061C,2022,320451.0,e,,FR061C,FR,,2022,tourist_nights,Total nights spent in tourist accommodation
A,CR2001V,FR062C,2020,7813.0,e,,FR062C,FR,,2020,tourist_nights,Total nights spent in tourist accommodation
A,CR2001V,FR062C,2021,30307.0,e,,FR062C,FR,,2021,tourist_nights,Total nights spent in tourist accommodation
A,CR2001V,FR062C,2022,41864.0,e,,FR062C,FR,,2022,tourist_nights,Total nights spent in tourist accommodation
A,CR2001V,FR063C,2015,217680.0,e,,FR063C,FR,,2015,tourist_nights,Total nights spent in tourist accommodation
A,CR2001V,FR063C,2016,220418.0,e,,FR063C,FR,,2016,tourist_nights,Total nights spent in tourist accommodation
A,CR2001V,FR063C,2017,233200.0,e,,FR063C,FR,,2017,tourist_nights,Total nights spent in tourist accommodation
A,CR2001V,FR063C,2018,240575.0,e,,FR063C,FR,,2018,tourist_nights,Total nights spent in tourist accommodation
A,CR2001V,FR063C,2019,233645.0,e,,FR063C,FR,,2019,tourist_nights,Total nights spent in tourist accommodation
A,CR2001V,FR063C,2020,42688.0,e,,FR063C,FR,,2020,tourist_nights,Total nights spent in tourist accommodation
A,CR2001V,FR063C,2021,110568.0,e,,FR063C,FR,,2021,tourist_nights,Total nights spent in tourist accommodation
A,CR2001V,FR063C,2022,200242.0,e,,FR063C,FR,,2022,tourist_nights,Total nights spent in tourist accommodation
A,CR2001V,FR064C,2015,216468.0,e,,FR064C,FR,,2015,tourist_nights,Total nights spent in tourist accommodation
A,CR2001V,FR064C,2016,247100.0,e,,FR064C,FR,,2016,tourist_nights,Total nights spent in tourist accommodation
A,CR2001V,FR064C,2017,252112.0,e,,FR064C,FR,,2017,tourist_nights,Total nights spent in tourist accommodation
A,CR2001V,FR064C,2018,257416.0,e,,FR064C,FR,,2018,tourist_nights,Total nights spent in tourist accommodation
A,CR2001V,FR064C,2019,232972.0,e,,FR064C,FR,,2019,tourist_nights,Total nights spent in tourist accommodation
A,CR2001V,FR064C,2020,53362.0,e,,FR064C,FR,,2020,tourist_nights,Total nights spent in tourist accommodation
A,CR2001V,FR064C,2021,122249.0,e,,FR064C,FR,,2021,tourist_nights,Total nights spent in tourist accommodation
A,CR2001V,FR064C,2022,238943.0,e,,FR064C,FR,,2022,tourist_nights,Total nights spent in tourist accommodation
A,CR2001V,FR065C,2015,661948.0,e,,FR065C,FR,,2015,tourist_nights,Total nights spent in tourist accommodation
A,CR2001V,FR065C,2016,699844.0,e,,FR065C,FR,,2016,tourist_nights,Total nights spent in tourist accommodation
A,CR2001V,FR065C,2017,797736.0,e,,FR065C,FR,,2017,tourist_nights,Total nights spent in tourist accommodation
A,CR2001V,FR065C,2018,786272.0,e,,FR065C,FR,,2018,tourist_nights,Total nights spent in tourist accommodation
A,CR2001V,FR065C,2019,851790.0,e,,FR065C,FR,,2019,tourist_nights,Total nights spent in tourist accommodation
A,CR2001V,FR065C,2020,184999.0,e,,FR065C,FR,,2020,tourist_nights,Total nights spent in tourist accommodation
A,CR2001V,FR065C,2021,479978.0,e,,FR065C,FR,,2021,tourist_nights,Total nights spent in tourist accommodation
A,CR2001V,FR065C,2022,856893.0,e,,FR065C,FR,,2022,tourist_nights,Total nights spent in tourist accommodation
A,CR2001V,FR066C,2015,576440.0,e,,FR066C,FR,,2015,tourist_nights,Total nights spent in tourist accommodation
A,CR2001V,FR066C,2016,588266.0,e,,FR066C,FR,,2016,tourist_nights,Total nights spent in tourist accommodation
A,CR2001V,FR066C,2017,595552.0,e,,FR066C,FR,,2017,tourist_nights,Total nights spent in tourist accommodation
A,CR2001V,FR066C,2018,565126.0,e,,FR066C,FR,,2018,tourist_nights,Total nights spent in tourist accommodation
A,CR2001V,FR066C,2019,537056.0,e,,FR066C,FR,,2019,tourist_nights,Total nights spent in tourist accommodation
A,CR2001V,FR066C,2020,107277.0,e,,FR066C,FR,,2020,tourist_nights,Total nights spent in tourist accommodation
A,CR2001V,FR066C,2021,459983.0,e,,FR066C,FR,,2021,tourist_nights,Total nights spent in tourist accommodation
A,CR2001V,FR066C,2022,558917.0,e,,FR066C,FR,,2022,tourist_nights,Total nights spent in tourist accommodation
A,CR2001V,FR067C,2015,88756.0,e,,FR067C,FR,,2015,tourist_nights,Total nights spent in tourist accommodation
A,CR2001V,FR067C,2016,70393.0,e,,FR067C,FR,,2016,tourist_nights,Total nights spent in tourist accommodation
A,CR2001V,FR067C,2017,55641.0,e,,FR067C,FR,,2017,tourist_nights,Total nights spent in tourist accommodation
A,CR2001V,FR067C,2018,71164.0,e,,FR067C,FR,,2018,tourist_nights,Total nights spent in tourist accommodation
A,CR2001V,FR067C,2019,83538.0,e,,FR067C,FR,,2019,tourist_nights,Total nights spent in tourist accommodation
A,CR2001V,FR067C,2020,17302.0,e,,FR067C,FR,,2020,tourist_nights,Total nights spent in tourist accommodation
A,CR2001V,FR067C,2021,46864.0,e,,FR067C,FR,,2021,tourist_nights,Total nights spent in tourist accommodation
A,CR2001V,FR067C,2022,93762.0,e,,FR067C,FR,,2022,tourist_nights,Total nights spent in tourist accommodation
A,CR2001V,FR068C,2015,317513.0,e,,FR068C,FR,,2015,tourist_nights,Total nights spent in tourist accommodation
A,CR2001V,FR068C,2016,315990.0,e,,FR068C,FR,,2016,tourist_nights,Total nights spent in tourist accommodation
A,CR2001V,FR068C,2017,318006.0,e,,FR068C,FR,,2017,tourist_nights,Total nights spent in tourist accommodation
A,CR2001V,FR068C,2018,340393.0,e,,FR068C,FR,,2018,tourist_nights,Total nights spent in tourist accommodation
A,CR2001V,FR068C,2019,335085.0,e,,FR068C,FR,,2019,tourist_nights,Total nights spent in tourist accommodation
A,CR2001V,FR068C,2020,114619.0,e,,FR068C,FR,,2020,tourist_nights,Total nights spent in tourist accommodation
A,CR2001V,FR068C,2021,229665.0,e,,FR068C,FR,,2021,tourist_nights,Total nights spent in tourist accommodation
A,CR2001V,FR068C,2022,338357.0,e,,FR068C,FR,,2022,tourist_nights,Total nights spent in tourist accommodation
A,CR2001V,FR069C,2015,240047.0,e,,FR069C,FR,,2015,tourist_nights,Total nights spent in tourist accommodation
A,CR2001V,FR069C,2016,252037.0,e,,FR069C,FR,,2016,tourist_nights,Total nights spent in tourist accommodation
A,CR2001V,FR069C,2017,275380.0,e,,FR069C,FR,,2017,tourist_nights,Total nights spent in tourist accommodation
A,CR2001V,FR069C,2018,266993.0,e,,FR069C,FR,,2018,tourist_nights,Total nights spent in tourist accommodation
A,CR2001V,FR069C,2019,264691.0,e,,FR069C,FR,,2019,tourist_nights,Total nights spent in tourist accommodation
A,CR2001V,FR069C,2020,94667.0,e,,FR069C,FR,,2020,tourist_nights,Total nights spent in tourist accommodation
A,CR2001V,FR069C,2021,184187.0,e,,FR069C,FR,,2021,tourist_nights,Total nights spent in tourist accommodation
A,CR2001V,FR069C,2022,287924.0,e,,FR069C,FR,,2022,tourist_nights,Total nights spent in tourist accommodation
A,CR2001V,FR070C,2015,310968.0,e,,FR070C,FR,,2015,tourist_nights,Total nights spent in tourist accommodation
A,CR2001V,FR070C,2016,312791.0,e,,FR070C,FR,,2016,tourist_nights,Total nights spent in tourist accommodation
A,CR2001V,FR070C,2017,318276.0,e,,FR070C,FR,,2017,tourist_nights,Total nights spent in tourist accommodation
A,CR2001V,FR070C,2018,326057.0,e,,FR070C,FR,,2018,tourist_nights,Total nights spent in tourist accommodation
A,CR2001V,FR070C,2019,350277.0,e,,FR070C,FR,,2019,tourist_nights,Total nights spent in tourist accommodation
A,CR2001V,FR070C,2020,104469.0,e,,FR070C,FR,,2020,tourist_nights,Total nights spent in tourist accommodation
A,CR2001V,FR070C,2021,234948.0,e,,FR070C,FR,,2021,tourist_nights,Total nights spent in tourist accommodation
A,CR2001V,FR070C,2022,348059.0,e,,FR070C,FR,,2022,tourist_nights,Total nights spent in tourist accommodation
A,CR2001V,FR071C,2015,224812.0,e,,FR071C,FR,,2015,tourist_nights,Total nights spent in tourist accommodation
A,CR2001V,FR071C,2016,257305.0,e,,FR071C,FR,,2016,tourist_nights,Total nights spent in tourist accommodation
A,CR2001V,FR071C,2017,272941.0,e,,FR071C,FR,,2017,tourist_nights,Total nights spent in tourist accommodation
A,CR2001V,FR071C,2018,257263.0,e,,FR071C,FR,,2018,tourist_nights,Total nights spent in tourist accommodation
A,CR2001V,FR071C,2019,254546.0,e,,FR071C,FR,,2019,tourist_nights,Total nights spent in tourist accommodation
A,CR2001V,FR071C,2020,42471.0,e,,FR071C,FR,,2020,tourist_nights,Total nights spent in tourist accommodation
A,CR2001V,FR071C,2021,112190.0,e,,FR071C,FR,,2021,tourist_nights,Total nights spent in tourist accommodation
A,CR2001V,FR071C,2022,206979.0,e,,FR071C,FR,,2022,tourist_nights,Total nights spent in tourist accommodation
A,CR2001V,FR072C,2020,45099.0,e,,FR072C,FR,,2020,tourist_nights,Total nights spent in tourist accommodation
A,CR2001V,FR072C,2021,107685.0,e,,FR072C,FR,,2021,tourist_nights,Total nights spent in tourist accommodation
A,CR2001V,FR072C,2022,191694.0,e,,FR072C,FR,,2022,tourist_nights,Total nights spent in tourist accommodation
A,CR2001V,FR073C,2015,6110.0,e,,FR073C,FR,,2015,tourist_nights,Total nights spent in tourist accommodation
A,CR2001V,FR073C,2016,9045.0,e,,FR073C,FR,,2016,tourist_nights,Total nights spent in tourist accommodation
A,CR2001V,FR073C,2017,10484.0,e,,FR073C,FR,,2017,tourist_nights,Total nights spent in tourist accommodation
A,CR2001V,FR073C,2018,11272.0,e,,FR073C,FR,,2018,tourist_nights,Total nights spent in tourist accommodation
A,CR2001V,FR073C,2019,10814.0,e,,FR073C,FR,,2019,tourist_nights,Total nights spent in tourist accommodation
A,CR2001V,FR073C,2020,1140.0,e,,FR073C,FR,,2020,tourist_nights,Total nights spent in tourist accommodation
A,CR2001V,FR073C,2021,4254.0,e,,FR073C,FR,,2021,tourist_nights,Total nights spent in tourist accommodation
A,CR2001V,FR073C,2022,9097.0,e,,FR073C,FR,,2022,tourist_nights,Total nights spent in tourist accommodation
A,CR2001V,FR074C,2021,0.0,e,,FR074C,FR,,2021,tourist_nights,Total nights spent in tourist accommodation
A,CR2001V,FR074C,2022,0.0,e,,FR074C,FR,,2022,tourist_nights,Total nights spent in tourist accommodation
A,CR2001V,FR075C,2015,412111.0,e,,FR075C,FR,,2015,tourist_nights,Total nights spent in tourist accommodation
A,CR2001V,FR075C,2016,426928.0,e,,FR075C,FR,,2016,tourist_nights,Total nights spent in tourist accommodation
A,CR2001V,FR075C,2017,473447.0,e,,FR075C,FR,,2017,tourist_nights,Total nights spent in tourist accommodation
A,CR2001V,FR075C,2018,476885.0,e,,FR075C,FR,,2018,tourist_nights,Total nights spent in tourist accommodation
A,CR2001V,FR075C,2019,513754.0,e,,FR075C,FR,,2019,tourist_nights,Total nights spent in tourist accommodation
A,CR2001V,FR075C,2020,168606.0,e,,FR075C,FR,,2020,tourist_nights,Total nights spent in tourist accommodation
A,CR2001V,FR075C,2021,326850.0,e,,FR075C,FR,,2021,tourist_nights,Total nights spent in tourist accommodation
A,CR2001V,FR075C,2022,473369.0,e,,FR075C,FR,,2022,tourist_nights,Total nights spent in tourist accommodation
A,CR2001V,FR076C,2015,381742.0,e,,FR076C,FR,,2015,tourist_nights,Total nights spent in tourist accommodation
A,CR2001V,FR076C,2016,423817.0,e,,FR076C,FR,,2016,tourist_nights,Total nights spent in tourist accommodation
A,CR2001V,FR076C,2017,426092.0,e,,FR076C,FR,,2017,tourist_nights,Total nights spent in tourist accommodation
A,CR2001V,FR076C,2018,450859.0,e,,FR076C,FR,,2018,tourist_nights,Total nights spent in tourist accommodation
A,CR2001V,FR076C,2019,468551.0,e,,FR076C,FR,,2019,tourist_nights,Total nights spent in tourist accommodation
A,CR2001V,FR076C,2020,89500.0,e,,FR076C,FR,,2020,tourist_nights,Total nights spent in tourist accommodation
A,CR2001V,FR076C,2021,193478.0,e,,FR076C,FR,,2021,tourist_nights,Total nights spent in tourist accommodation
A,CR2001V,FR076C,2022,413107.0,e,,FR076C,FR,,2022,tourist_nights,Total nights spent in tourist accommodation
A,CR2001V,FR077C,2015,148978.0,e,,FR077C,FR,,2015,tourist_nights,Total nights spent in tourist accommodation
A,CR2001V,FR077C,2016,138993.0,e,,FR077C,FR,,2016,tourist_nights,Total nights spent in tourist accommodation
A,CR2001V,FR077C,2017,142865.0,e,,FR077C,FR,,2017,tourist_nights,Total nights spent in tourist accommodation
A,CR2001V,FR077C,2018,146703.0,e,,FR077C,FR,,2018,tourist_nights,Total nights spent in tourist accommodation
A,CR2001V,FR077C,2019,144390.0,e,,FR077C,FR,,2019,tourist_nights,Total nights spent in tourist accommodation
A,CR2001V,FR077C,2020,23126.0,e,,FR077C,FR,,2020,tourist_nights,Total nights spent in tourist accommodation
A,CR2001V,FR077C,2021,53569.0,e,,FR077C,FR,,2021,tourist_nights,Total nights spent in tourist accommodation
A,CR2001V,FR077C,2022,114751.0,e,,FR077C,FR,,2022,tourist_nights,Total nights spent in tourist accommodation
A,CR2001V,HR001C,2015,1804290.0,,,HR001C,HR,,2015,tourist_nights,Total nights spent in tourist accommodation
A,CR2001V,HR001C,2016,2016107.0,,,HR001C,HR,,2016,tourist_nights,Total nights spent in tourist accommodation
A,CR2001V,HR001C,2017,2263758.0,,,HR001C,HR,,2017,tourist_nights,Total nights spent in tourist accommodation
A,CR2001V,HR001C,2018,2511817.0,,,HR001C,HR,,2018,tourist_nights,Total nights spent in tourist accommodation
A,CR2001V,HR001C,2019,2638962.0,,,HR001C,HR,,2019,tourist_nights,Total nights spent in tourist accommodation
A,CR2001V,HR001C,2020,780077.0,,,HR001C,HR,,2020,tourist_nights,Total nights spent in tourist accommodation
A,CR2001V,HR002C,2015,322756.0,,,HR002C,HR,,2015,tourist_nights,Total nights spent in tourist accommodation
A,CR2001V,HR002C,2016,334594.0,,,HR002C,HR,,2016,tourist_nights,Total nights spent in tourist accommodation
A,CR2001V,HR002C,2017,306990.0,,,HR002C,HR,,2017,tourist_nights,Total nights spent in tourist accommodation
A,CR2001V,HR002C,2018,367586.0,,,HR002C,HR,,2018,tourist_nights,Total nights spent in tourist accommodation
A,CR2001V,HR002C,2019,407677.0,,,HR002C,HR,,2019,tourist_nights,Total nights spent in tourist accommodation
A,CR2001V,HR002C,2020,185088.0,,,HR002C,HR,,2020,tourist_nights,Total nights spent in tourist accommodation
A,CR2001V,HR003C,2015,28279.0,,,HR003C,HR,,2015,tourist_nights,Total nights spent in tourist accommodation
A,CR2001V,HR003C,2016,30412.0,,,HR003C,HR,,2016,tourist_nights,Total nights spent in tourist accommodation
A,CR2001V,HR003C,2017,34476.0,,,HR003C,HR,,2017,tourist_nights,Total nights spent in tourist accommodation
A,CR2001V,HR003C,2018,35137.0,,,HR003C,HR,,2018,tourist_nights,Total nights spent in tourist accommodation
A,CR2001V,HR003C,2019,41834.0,,,HR003C,HR,,2019,tourist_nights,Total nights spent in tourist accommodation
A,CR2001V,HR003C,2020,15837.0,,,HR003C,HR,,2020,tourist_nights,Total nights spent in tourist accommodation
A,CR2001V,HR004C,2015,84806.0,,,HR004C,HR,,2015,tourist_nights,Total nights spent in tourist accommodation
A,CR2001V,HR004C,2016,87961.0,,,HR004C,HR,,2016,tourist_nights,Total nights spent in tourist accommodation
A,CR2001V,HR004C,2017,99910.0,,,HR004C,HR,,2017,tourist_nights,Total nights spent in tourist accommodation
A,CR2001V,HR004C,2018,110412.0,,,HR004C,HR,,2018,tourist_nights,Total nights spent in tourist accommodation
A,CR2001V,HR004C,2019,128634.0,,,HR004C,HR,,2019,tourist_nights,Total nights spent in tourist accommodation
A,CR2001V,HR004C,2020,56134.0,,,HR004C,HR,,2020,tourist_nights,Total nights spent in tourist accommodation
A,CR2001V,HR005C,2015,1339598.0,,,HR005C,HR,,2015,tourist_nights,Total nights spent in tourist accommodation
A,CR2001V,HR005C,2016,1717396.0,,,HR005C,HR,,2016,tourist_nights,Total nights spent in tourist accommodation
A,CR2001V,HR005C,2017,2127350.0,,,HR005C,HR,,2017,tourist_nights,Total nights spent in tourist accommodation
A,CR2001V,HR005C,2018,2494072.0,,,HR005C,HR,,2018,tourist_nights,Total nights spent in tourist accommodation
A,CR2001V,HR005C,2019,2734632.0,,,HR005C,HR,,2019,tourist_nights,Total nights spent in tourist accommodation
A,CR2001V,HR005C,2020,811912.0,,,HR005C,HR,,2020,tourist_nights,Total nights spent in tourist accommodation
A,CR2001V,HR006C,2015,1441850.0,,,HR006C,HR,,2015,tourist_nights,Total nights spent in tourist accommodation
A,CR2001V,HR006C,2016,1606582.0,,,HR006C,HR,,2016,tourist_nights,Total nights spent in tourist accommodation
A,CR2001V,HR006C,2017,1878244.0,,,HR006C,HR,,2017,tourist_nights,Total nights spent in tourist accommodation
A,CR2001V,HR006C,2018,1998479.0,,,HR006C,HR,,2018,tourist_nights,Total nights spent in tourist accommodation
A,CR2001V,HR006C,2019,2067041.0,,,HR006C,HR,,2019,tourist_nights,Total nights spent in tourist accommodation
A,CR2001V,HR006C,2020,783844.0,,,HR006C,HR,,2020,tourist_nights,Total nights spent in tourist accommodation
A,CR2001V,HR007C,2015,1433701.0,,,HR007C,HR,,2015,tourist_nights,Total nights spent in tourist accommodation
A,CR2001V,HR007C,2016,1550495.0,,,HR007C,HR,,2016,tourist_nights,Total nights spent in tourist accommodation
A,CR2001V,HR007C,2017,1832729.0,,,HR007C,HR,,2017,tourist_nights,Total nights spent in tourist accommodation
A,CR2001V,HR007C,2018,1862847.0,,,HR007C,HR,,2018,tourist_nights,Total nights spent in tourist accommodation
A,CR2001V,HR007C,2019,2020302.0,,,HR007C,HR,,2019,tourist_nights,Total nights spent in tourist accommodation
A,CR2001V,HR007C,2020,822515.0,,,HR007C,HR,,2020,tourist_nights,Total nights spent in tourist accommodation
A,CR2001V,HU,2016,27629453.0,,,HU,HU,,2016,tourist_nights,Total nights spent in tourist accommodation
A,CR2001V,HU,2017,29768770.0,,,HU,HU,,2017,tourist_nights,Total nights spent in tourist accommodation
A,CR2001V,HU,2018,31011261.0,,,HU,HU,,2018,tourist_nights,Total nights spent in tourist accommodation
A,CR2001V,HU001C,2015,8767826.0,,,HU001C,HU,,2015,tourist_nights,Total nights spent in tourist accommodation
A,CR2001V,HU001C,2016,9323228.0,,,HU001C,HU,,2016,tourist_nights,Total nights spent in tourist accommodation
A,CR2001V,HU001C,2017,10071847.0,,,HU001C,HU,,2017,tourist_nights,Total nights spent in tourist accommodation
A,CR2001V,HU001C,2018,10347717.0,,,HU001C,HU,,2018,tourist_nights,Total nights spent in tourist accommodation
A,CR2001V,HU001C,2019,10703950.0,,,HU001C,HU,,2019,tourist_nights,Total nights spent in tourist accommodation
A,CR2001V,HU001C,2020,2418305.0,,,HU001C,HU,,2020,tourist_nights,Total nights spent in tourist accommodation
A,CR2001V,HU002C,2015,322640.0,,,HU002C,HU,,2015,tourist_nights,Total nights spent in tourist accommodation
A,CR2001V,HU002C,2016,358730.0,,,HU002C,HU,,2016,tourist_nights,Total nights spent in tourist accommodation
A,CR2001V,HU002C,2017,388418.0,,,HU002C,HU,,2017,tourist_nights,Total nights spent in tourist accommodation
A,CR2001V,HU002C,2018,405108.0,,,HU002C,HU,,2018,tourist_nights,Total nights spent in tourist accommodation
A,CR2001V,HU002C,2019,393375.0,,,HU002C,HU,,2019,tourist_nights,Total nights spent in tourist accommodation
A,CR2001V,HU002C,2020,261012.0,,,HU002C,HU,,2020,tourist_nights,Total nights spent in tourist accommodation
A,CR2001V,HU003C,2015,193482.0,,,HU003C,HU,,2015,tourist_nights,Total nights spent in tourist accommodation
A,CR2001V,HU003C,2016,196256.0,,,HU003C,HU,,2016,tourist_nights,Total nights spent in tourist accommodation
A,CR2001V,HU003C,2017,181566.0,,,HU003C,HU,,2017,tourist_nights,Total nights spent in tourist accommodation
A,CR2001V,HU003C,2018,196997.0,,,HU003C,HU,,2018,tourist_nights,Total nights spent in tourist accommodation
A,CR2001V,HU003C,2019,212692.0,,,HU003C,HU,,2019,tourist_nights,Total nights spent in tourist accommodation
A,CR2001V,HU003C,2020,163884.0,,,HU003C,HU,,2020,tourist_nights,Total nights spent in tourist accommodation
A,CR2001V,HU004C,2015,227821.0,,,HU004C,HU,,2015,tourist_nights,Total nights spent in tourist accommodation
A,CR2001V,HU004C,2016,223821.0,,,HU004C,HU,,2016,tourist_nights,Total nights spent in tourist accommodation
A,CR2001V,HU004C,2017,249618.0,,,HU004C,HU,,2017,tourist_nights,Total nights spent in tourist accommodation
A,CR2001V,HU004C,2018,245109.0,,,HU004C,HU,,2018,tourist_nights,Total nights spent in tourist accommodation
A,CR2001V,HU004C,2019,264108.0,,,HU004C,HU,,2019,tourist_nights,Total nights spent in tourist accommodation
A,CR2001V,HU004C,2020,138462.0,,,HU004C,HU,,2020,tourist_nights,Total nights spent in tourist accommodation
A,CR2001V,HU005C,2015,352140.0,,,HU005C,HU,,2015,tourist_nights,Total nights spent in tourist accommodation
A,CR2001V,HU005C,2016,348216.0,,,HU005C,HU,,2016,tourist_nights,Total nights spent in tourist accommodation
A,CR2001V,HU005C,2017,374016.0,,,HU005C,HU,,2017,tourist_nights,Total nights spent in tourist accommodation
A,CR2001V,HU005C,2018,420194.0,,,HU005C,HU,,2018,tourist_nights,Total nights spent in tourist accommodation
A,CR2001V,HU005C,2019,420909.0,,,HU005C,HU,,2019,tourist_nights,Total nights spent in tourist accommodation
A,CR2001V,HU005C,2020,198548.0,,,HU005C,HU,,2020,tourist_nights,Total nights spent in tourist accommodation
A,CR2001V,HU006C,2015,334089.0,,,HU006C,HU,,2015,tourist_nights,Total nights spent in tourist accommodation
A,CR2001V,HU006C,2016,378876.0,,,HU006C,HU,,2016,tourist_nights,Total nights spent in tourist accommodation
A,CR2001V,HU006C,2017,415092.0,,,HU006C,HU,,2017,tourist_nights,Total nights spent in tourist accommodation
A,CR2001V,HU006C,2018,444166.0,,,HU006C,HU,,2018,tourist_nights,Total nights spent in tourist accommodation
A,CR2001V,HU006C,2019,440574.0,,,HU006C,HU,,2019,tourist_nights,Total nights spent in tourist accommodation
A,CR2001V,HU006C,2020,234998.0,,,HU006C,HU,,2020,tourist_nights,Total nights spent in tourist accommodation
A,CR2001V,HU007C,2015,344498.0,,,HU007C,HU,,2015,tourist_nights,Total nights spent in tourist accommodation
A,CR2001V,HU007C,2016,369354.0,,,HU007C,HU,,2016,tourist_nights,Total nights spent in tourist accommodation
A,CR2001V,HU007C,2017,417491.0,,,HU007C,HU,,2017,tourist_nights,Total nights spent in tourist accommodation
A,CR2001V,HU007C,2018,476311.0,,,HU007C,HU,,2018,tourist_nights,Total nights spent in tourist accommodation
A,CR2001V,HU007C,2019,452822.0,,,HU007C,HU,,2019,tourist_nights,Total nights spent in tourist accommodation
A,CR2001V,HU007C,2020,172733.0,,,HU007C,HU,,2020,tourist_nights,Total nights spent in tourist accommodation
A,CR2001V,HU008C,2015,141284.0,,,HU008C,HU,,2015,tourist_nights,Total nights spent in tourist accommodation
A,CR2001V,HU008C,2016,159078.0,,,HU008C,HU,,2016,tourist_nights,Total nights spent in tourist accommodation
A,CR2001V,HU008C,2017,222207.0,,,HU008C,HU,,2017,tourist_nights,Total nights spent in tourist accommodation
A,CR2001V,HU008C,2018,236138.0,,,HU008C,HU,,2018,tourist_nights,Total nights spent in tourist accommodation
A,CR2001V,HU008C,2019,206633.0,,,HU008C,HU,,2019,tourist_nights,Total nights spent in tourist accommodation
A,CR2001V,HU008C,2020,91628.0,,,HU008C,HU,,2020,tourist_nights,Total nights spent in tourist accommodation
A,CR2001V,HU009C,2015,116499.0,,,HU009C,HU,,2015,tourist_nights,Total nights spent in tourist accommodation
A,CR2001V,HU009C,2016,130417.0,,,HU009C,HU,,2016,tourist_nights,Total nights spent in tourist accommodation
A,CR2001V,HU009C,2017,154757.0,,,HU009C,HU,,2017,tourist_nights,Total nights spent in tourist accommodation
A,CR2001V,HU009C,2018,161098.0,,,HU009C,HU,,2018,tourist_nights,Total nights spent in tourist accommodation
A,CR2001V,HU009C,2019,155648.0,,,HU009C,HU,,2019,tourist_nights,Total nights spent in tourist accommodation
A,CR2001V,HU009C,2020,77524.0,,,HU009C,HU,,2020,tourist_nights,Total nights spent in tourist accommodation
A,CR2001V,HU010C,2015,115264.0,,,HU010C,HU,,2015,tourist_nights,Total nights spent in tourist accommodation
A,CR2001V,HU010C,2016,129398.0,,,HU010C,HU,,2016,tourist_nights,Total nights spent in tourist accommodation
A,CR2001V,HU010C,2017,136282.0,,,HU010C,HU,,2017,tourist_nights,Total nights spent in tourist accommodation
A,CR2001V,HU010C,2018,109523.0,,,HU010C,HU,,2018,tourist_nights,Total nights spent in tourist accommodation
A,CR2001V,HU010C,2019,93948.0,,,HU010C,HU,,2019,tourist_nights,Total nights spent in tourist accommodation
A,CR2001V,HU010C,2020,66103.0,,,HU010C,HU,,2020,tourist_nights,Total nights spent in tourist accommodation
A,CR2001V,HU011C,2015,74452.0,,,HU011C,HU,,2015,tourist_nights,Total nights spent in tourist accommodation
A,CR2001V,HU011C,2016,79678.0,,,HU011C,HU,,2016,tourist_nights,Total nights spent in tourist accommodation
A,CR2001V,HU011C,2017,87025.0,,,HU011C,HU,,2017,tourist_nights,Total nights spent in tourist accommodation
A,CR2001V,HU011C,2018,83722.0,,,HU011C,HU,,2018,tourist_nights,Total nights spent in tourist accommodation
A,CR2001V,HU011C,2019,87101.0,,,HU011C,HU,,2019,tourist_nights,Total nights spent in tourist accommodation
A,CR2001V,HU011C,2020,36170.0,,,HU011C,HU,,2020,tourist_nights,Total nights spent in tourist accommodation
A,CR2001V,HU012C,2015,18912.0,,,HU012C,HU,,2015,tourist_nights,Total nights spent in tourist accommodation
A,CR2001V,HU012C,2016,14537.0,,,HU012C,HU,,2016,tourist_nights,Total nights spent in tourist accommodation
A,CR2001V,HU012C,2017,23264.0,,,HU012C,HU,,2017,tourist_nights,Total nights spent in tourist accommodation
A,CR2001V,HU012C,2018,25772.0,,,HU012C,HU,,2018,tourist_nights,Total nights spent in tourist accommodation
A,CR2001V,HU012C,2019,26030.0,,,HU012C,HU,,2019,tourist_nights,Total nights spent in tourist accommodation
A,CR2001V,HU012C,2020,12569.0,,,HU012C,HU,,2020,tourist_nights,Total nights spent in tourist accommodation
A,CR2001V,HU013C,2015,86540.0,,,HU013C,HU,,2015,tourist_nights,Total nights spent in tourist accommodation
A,CR2001V,HU013C,2016,93987.0,,,HU013C,HU,,2016,tourist_nights,Total nights spent in tourist accommodation
A,CR2001V,HU013C,2017,91218.0,,,HU013C,HU,,2017,tourist_nights,Total nights spent in tourist accommodation
A,CR2001V,HU013C,2018,90303.0,,,HU013C,HU,,2018,tourist_nights,Total nights spent in tourist accommodation
A,CR2001V,HU013C,2019,95640.0,,,HU013C,HU,,2019,tourist_nights,Total nights spent in tourist accommodation
A,CR2001V,HU013C,2020,70178.0,,,HU013C,HU,,2020,tourist_nights,Total nights spent in tourist accommodation
A,CR2001V,HU014C,2015,49971.0,,,HU014C,HU,,2015,tourist_nights,Total nights spent in tourist accommodation
A,CR2001V,HU014C,2016,48310.0,,,HU014C,HU,,2016,tourist_nights,Total nights spent in tourist accommodation
A,CR2001V,HU014C,2017,51208.0,,,HU014C,HU,,2017,tourist_nights,Total nights spent in tourist accommodation
A,CR2001V,HU014C,2018,49246.0,,,HU014C,HU,,2018,tourist_nights,Total nights spent in tourist accommodation
A,CR2001V,HU014C,2019,42442.0,,,HU014C,HU,,2019,tourist_nights,Total nights spent in tourist accommodation
A,CR2001V,HU014C,2020,23622.0,,,HU014C,HU,,2020,tourist_nights,Total nights spent in tourist accommodation
A,CR2001V,HU015C,2015,51847.0,,,HU015C,HU,,2015,tourist_nights,Total nights spent in tourist accommodation
A,CR2001V,HU015C,2016,60887.0,,,HU015C,HU,,2016,tourist_nights,Total nights spent in tourist accommodation
A,CR2001V,HU015C,2017,52170.0,,,HU015C,HU,,2017,tourist_nights,Total nights spent in tourist accommodation
A,CR2001V,HU015C,2018,61850.0,,,HU015C,HU,,2018,tourist_nights,Total nights spent in tourist accommodation
A,CR2001V,HU015C,2019,62008.0,,,HU015C,HU,,2019,tourist_nights,Total nights spent in tourist accommodation
A,CR2001V,HU015C,2020,22279.0,,,HU015C,HU,,2020,tourist_nights,Total nights spent in tourist accommodation
A,CR2001V,HU016C,2015,448095.0,,,HU016C,HU,,2015,tourist_nights,Total nights spent in tourist accommodation
A,CR2001V,HU016C,2016,449702.0,,,HU016C,HU,,2016,tourist_nights,Total nights spent in tourist accommodation
A,CR2001V,HU016C,2017,443131.0,,,HU016C,HU,,2017,tourist_nights,Total nights spent in tourist accommodation
A,CR2001V,HU016C,2018,441030.0,,,HU016C,HU,,2018,tourist_nights,Total nights spent in tourist accommodation
A,CR2001V,HU016C,2019,435280.0,,,HU016C,HU,,2019,tourist_nights,Total nights spent in tourist accommodation
A,CR2001V,HU016C,2020,215321.0,,,HU016C,HU,,2020,tourist_nights,Total nights spent in tourist accommodation
A,CR2001V,HU017C,2015,44935.0,,,HU017C,HU,,2015,tourist_nights,Total nights spent in tourist accommodation
A,CR2001V,HU017C,2016,49557.0,,,HU017C,HU,,2016,tourist_nights,Total nights spent in tourist accommodation
A,CR2001V,HU017C,2017,44345.0,,,HU017C,HU,,2017,tourist_nights,Total nights spent in tourist accommodation
A,CR2001V,HU017C,2018,51899.0,,,HU017C,HU,,2018,tourist_nights,Total nights spent in tourist accommodation
A,CR2001V,HU017C,2019,48171.0,,,HU017C,HU,,2019,tourist_nights,Total nights spent in tourist accommodation
A,CR2001V,HU017C,2020,25219.0,,,HU017C,HU,,2020,tourist_nights,Total nights spent in tourist accommodation
A,CR2001V,HU018C,2015,40756.0,,,HU018C,HU,,2015,tourist_nights,Total nights spent in tourist accommodation
A,CR2001V,HU018C,2016,36324.0,,,HU018C,HU,,2016,tourist_nights,Total nights spent in tourist accommodation
A,CR2001V,HU018C,2017,42576.0,,,HU018C,HU,,2017,tourist_nights,Total nights spent in tourist accommodation
A,CR2001V,HU018C,2018,44626.0,,,HU018C,HU,,2018,tourist_nights,Total nights spent in tourist accommodation
A,CR2001V,HU018C,2019,48800.0,,,HU018C,HU,,2019,tourist_nights,Total nights spent in tourist accommodation
A,CR2001V,HU018C,2020,31351.0,,,HU018C,HU,,2020,tourist_nights,Total nights spent in tourist accommodation
A,CR2001V,HU019C,2015,379361.0,,,HU019C,HU,,2015,tourist_nights,Total nights spent in tourist accommodation
A,CR2001V,HU019C,2016,364542.0,,,HU019C,HU,,2016,tourist_nights,Total nights spent in tourist accommodation
A,CR2001V,HU019C,2017,376038.0,,,HU019C,HU,,2017,tourist_nights,Total nights spent in tourist accommodation
A,CR2001V,HU019C,2018,379187.0,,,HU019C,HU,,2018,tourist_nights,Total nights spent in tourist accommodation
A,CR2001V,HU019C,2019,345125.0,,,HU019C,HU,,2019,tourist_nights,Total nights spent in tourist accommodation
A,CR2001V,HU019C,2020,166513.0,,,HU019C,HU,,2020,tourist_nights,Total nights spent in tourist accommodation
A,CR2001V,IT,2015,392874070.0,,,IT,IT,,2015,tourist_nights,Total nights spent in tourist accommodation
A,CR2001V,IT,2016,402962113.0,,,IT,IT,,2016,tourist_nights,Total nights spent in tourist accommodation
A,CR2001V,IT,2017,420629155.0,,,IT,IT,,2017,tourist_nights,Total nights spent in tourist accommodation
A,CR2001V,IT,2018,428844937.0,,,IT,IT,,2018,tourist_nights,Total nights spent in tourist accommodation
A,CR2001V,IT,2019,436739271.0,,,IT,IT,,2019,tourist_nights,Total nights spent in tourist accommodation
A,CR2001V,IT,2020,208447085.0,,,IT,IT,,2020,tourist_nights,Total nights spent in tourist accommodation
A,CR2001V,IT,2021,289178142.0,,,IT,IT,,2021,tourist_nights,Total nights spent in tourist accommodation
A,CR2001V,IT,2022,412008532.0,,,IT,IT,,2022,tourist_nights,Total nights spent in tourist accommodation
A,CR2001V,IT,2023,447170049.0,,,IT,IT,,2023,tourist_nights,Total nights spent in tourist accommodation
A,CR2001V,IT001C,2015,24809334.0,,,IT001C,IT,,2015,tourist_nights,Total nights spent in tourist accommodation
A,CR2001V,IT001C,2016,25191580.0,,,IT001C,IT,,2016,tourist_nights,Total nights spent in tourist accommodation
A,CR2001V,IT001C,2017,26944569.0,,,IT001C,IT,,2017,tourist_nights,Total nights spent in tourist accommodation
A,CR2001V,IT001C,2018,28992098.0,,,IT001C,IT,,2018,tourist_nights,Total nights spent in tourist accommodation
A,CR2001V,IT001C,2019,30980083.0,,,IT001C,IT,,2019,tourist_nights,Total nights spent in tourist accommodation
A,CR2001V,IT001C,2020,6508907.0,,,IT001C,IT,,2020,tourist_nights,Total nights spent in tourist accommodation
A,CR2001V,IT001C,2021,8957938.0,,,IT001C,IT,,2021,tourist_nights,Total nights spent in tourist accommodation
A,CR2001V,IT001C,2022,29246038.0,,,IT001C,IT,,2022,tourist_nights,Total nights spent in tourist accommodation
A,CR2001V,IT001C,2023,37254980.0,,,IT001C,IT,,2023,tourist_nights,Total nights spent in tourist accommodation
A,CR2001V,IT002C,2018,15679497.0,b,,IT002C,IT,,2018,tourist_nights,Total nights spent in tourist accommodation
A,CR2001V,IT002C,2019,16285687.0,d,,IT002C,IT,,2019,tourist_nights,Total nights spent in tourist accommodation
A,CR2001V,IT002C,2020,4689801.0,d,,IT002C,IT,,2020,tourist_nights,Total nights spent in tourist accommodation
A,CR2001V,IT002C,2021,6801302.0,,,IT002C,IT,,2021,tourist_nights,Total nights spent in tourist accommodation
A,CR2001V,IT002C,2022,13581853.0,,,IT002C,IT,,2022,tourist_nights,Total nights spent in tourist accommodation
A,CR2001V,IT002C,2023,16352069.0,,,IT002C,IT,,2023,tourist_nights,Total nights spent in tourist accommodation
A,CR2001V,IT003C,2018,4919364.0,b,,IT003C,IT,,2018,tourist_nights,Total nights spent in tourist accommodation
A,CR2001V,IT003C,2019,5018158.0,d,,IT003C,IT,,2019,tourist_nights,Total nights spent in tourist accommodation
A,CR2001V,IT003C,2020,1527113.0,d,,IT003C,IT,,2020,tourist_nights,Total nights spent in tourist accommodation
A,CR2001V,IT003C,2021,2008554.0,,,IT003C,IT,,2021,tourist_nights,Total nights spent in tourist accommodation
A,CR2001V,IT003C,2022,3867272.0,,,IT003C,IT,,2022,tourist_nights,Total nights spent in tourist accommodation
A,CR2001V,IT003C,2023,5191818.0,,,IT003C,IT,,2023,tourist_nights,Total nights spent in tourist accommodation
A,CR2001V,IT004C,2015,3454869.0,,,IT004C,IT,,2015,tourist_nights,Total nights spent in tourist accommodation
A,CR2001V,IT004C,2016,3662487.0,,,IT004C,IT,,2016,tourist_nights,Total nights spent in tourist accommodation
A,CR2001V,IT004C,2017,3717634.0,,,IT004C,IT,,2017,tourist_nights,Total nights spent in tourist accommodation
A,CR2001V,IT004C,2018,3800003.0,,,IT004C,IT,,2018,tourist_nights,Total nights spent in tourist accommodation
A,CR2001V,IT004C,2019,3626036.0,,,IT004C,IT,,2019,tourist_nights,Total nights spent in tourist accommodation
A,CR2001V,IT004C,2020,1334392.0,,,IT004C,IT,,2020,tourist_nights,Total nights spent in tourist accommodation
A,CR2001V,IT004C,2021,2207456.0,,,IT004C,IT,,2021,tourist_nights,Total nights spent in tourist accommodation
A,CR2001V,IT004C,2022,3480603.0,,,IT004C,IT,,2022,tourist_nights,Total nights spent in tourist accommodation
A,CR2001V,IT004C,2023,3536538.0,,,IT004C,IT,,2023,tourist_nights,Total nights spent in tourist accommodation
A,CR2001V,IT005C,2015,1427388.0,,,IT005C,IT,,2015,tourist_nights,Total nights spent in tourist accommodation
A,CR2001V,IT005C,2016,1190951.0,,,IT005C,IT,,2016,tourist_nights,Total nights spent in tourist accommodation
A,CR2001V,IT005C,2017,1349385.0,,,IT005C,IT,,2017,tourist_nights,Total nights spent in tourist accommodation
A,CR2001V,IT005C,2018,1454795.0,,,IT005C,IT,,2018,tourist_nights,Total nights spent in tourist accommodation
A,CR2001V,IT005C,2019,1594187.0,,,IT005C,IT,,2019,tourist_nights,Total nights spent in tourist accommodation
A,CR2001V,IT005C,2020,650195.0,,,IT005C,IT,,2020,tourist_nights,Total nights spent in tourist accommodation
A,CR2001V,IT005C,2021,987055.0,,,IT005C,IT,,2021,tourist_nights,Total nights spent in tourist accommodation
A,CR2001V,IT005C,2022,1649297.0,,,IT005C,IT,,2022,tourist_nights,Total nights spent in tourist accommodation
A,CR2001V,IT005C,2023,1885278.0,,,IT005C,IT,,2023,tourist_nights,Total nights spent in tourist accommodation
A,CR2001V,IT006C,2015,1652405.0,,,IT006C,IT,,2015,tourist_nights,Total nights spent in tourist accommodation
A,CR2001V,IT006C,2016,1767704.0,,,IT006C,IT,,2016,tourist_nights,Total nights spent in tourist accommodation
A,CR2001V,IT006C,2017,1861432.0,,,IT006C,IT,,2017,tourist_nights,Total nights spent in tourist accommodation
A,CR2001V,IT006C,2018,1907159.0,,,IT006C,IT,,2018,tourist_nights,Total nights spent in tourist accommodation
A,CR2001V,IT006C,2019,1905777.0,,,IT006C,IT,,2019,tourist_nights,Total nights spent in tourist accommodation
A,CR2001V,IT006C,2020,916433.0,,,IT006C,IT,,2020,tourist_nights,Total nights spent in tourist accommodation
A,CR2001V,IT006C,2021,1427520.0,,,IT006C,IT,,2021,tourist_nights,Total nights spent in tourist accommodation
A,CR2001V,IT006C,2022,2053325.0,,,IT006C,IT,,2022,tourist_nights,Total nights spent in tourist accommodation
A,CR2001V,IT006C,2023,2249509.0,,,IT006C,IT,,2023,tourist_nights,Total nights spent in tourist accommodation
A,CR2001V,IT007C,2015,9106500.0,,,IT007C,IT,,2015,tourist_nights,Total nights spent in tourist accommodation
A,CR2001V,IT007C,2016,9334085.0,,,IT007C,IT,,2016,tourist_nights,Total nights spent in tourist accommodation
A,CR2001V,IT007C,2017,10056157.0,,,IT007C,IT,,2017,tourist_nights,Total nights spent in tourist accommodation
A,CR2001V,IT007C,2018,10592202.0,,,IT007C,IT,,2018,tourist_nights,Total nights spent in tourist accommodation
A,CR2001V,IT007C,2019,10955345.0,,,IT007C,IT,,2019,tourist_nights,Total nights spent in tourist accommodation
A,CR2001V,IT007C,2020,1954369.0,,,IT007C,IT,,2020,tourist_nights,Total nights spent in tourist accommodation
A,CR2001V,IT007C,2021,3135440.0,,,IT007C,IT,,2021,tourist_nights,Total nights spent in tourist accommodation
A,CR2001V,IT007C,2022,7384354.0,,,IT007C,IT,,2022,tourist_nights,Total nights spent in tourist accommodation
A,CR2001V,IT007C,2023,8928336.0,,,IT007C,IT,,2023,tourist_nights,Total nights spent in tourist accommodation
A,CR2001V,IT008C,2015,629502.0,,,IT008C,IT,,2015,tourist_nights,Total nights spent in tourist accommodation
A,CR2001V,IT008C,2016,721182.0,,,IT008C,IT,,2016,tourist_nights,Total nights spent in tourist accommodation
A,CR2001V,IT008C,2017,779146.0,,,IT008C,IT,,2017,tourist_nights,Total nights spent in tourist accommodation
A,CR2001V,IT008C,2018,838627.0,,,IT008C,IT,,2018,tourist_nights,Total nights spent in tourist accommodation
A,CR2001V,IT008C,2019,916941.0,,,IT008C,IT,,2019,tourist_nights,Total nights spent in tourist accommodation
A,CR2001V,IT008C,2020,505493.0,,,IT008C,IT,,2020,tourist_nights,Total nights spent in tourist accommodation
A,CR2001V,IT008C,2021,624271.0,,,IT008C,IT,,2021,tourist_nights,Total nights spent in tourist accommodation
A,CR2001V,IT008C,2022,1014988.0,,,IT008C,IT,,2022,tourist_nights,Total nights spent in tourist accommodation
A,CR2001V,IT008C,2023,1107343.0,,,IT008C,IT,,2023,tourist_nights,Total nights spent in tourist accommodation
A,CR2001V,IT009C,2015,2177383.0,,,IT009C,IT,,2015,tourist_nights,Total nights spent in tourist accommodation
A,CR2001V,IT009C,2016,2587122.0,,,IT009C,IT,,2016,tourist_nights,Total nights spent in tourist accommodation
A,CR2001V,IT009C,2017,2986733.0,,,IT009C,IT,,2017,tourist_nights,Total nights spent in tourist accommodation
A,CR2001V,IT009C,2018,3059546.0,,,IT009C,IT,,2018,tourist_nights,Total nights spent in tourist accommodation
A,CR2001V,IT009C,2019,3188040.0,,,IT009C,IT,,2019,tourist_nights,Total nights spent in tourist accommodation
A,CR2001V,IT009C,2020,1243598.0,,,IT009C,IT,,2020,tourist_nights,Total nights spent in tourist accommodation
A,CR2001V,IT009C,2021,1883475.0,,,IT009C,IT,,2021,tourist_nights,Total nights spent in tourist accommodation
A,CR2001V,IT009C,2022,3157590.0,,,IT009C,IT,,2022,tourist_nights,Total nights spent in tourist accommodation
A,CR2001V,IT009C,2023,3617717.0,,,IT009C,IT,,2023,tourist_nights,Total nights spent in tourist accommodation
A,CR2001V,IT010C,2015,905834.0,,,IT010C,IT,,2015,tourist_nights,Total nights spent in tourist accommodation
A,CR2001V,IT010C,2016,794925.0,,,IT010C,IT,,2016,tourist_nights,Total nights spent in tourist accommodation
A,CR2001V,IT010C,2017,946029.0,,,IT010C,IT,,2017,tourist_nights,Total nights spent in tourist accommodation
A,CR2001V,IT010C,2018,975888.0,,,IT010C,IT,,2018,tourist_nights,Total nights spent in tourist accommodation
A,CR2001V,IT010C,2019,1007463.0,,,IT010C,IT,,2019,tourist_nights,Total nights spent in tourist accommodation
A,CR2001V,IT010C,2020,372561.0,,,IT010C,IT,,2020,tourist_nights,Total nights spent in tourist accommodation
A,CR2001V,IT010C,2021,562286.0,,,IT010C,IT,,2021,tourist_nights,Total nights spent in tourist accommodation
A,CR2001V,IT010C,2022,917764.0,,,IT010C,IT,,2022,tourist_nights,Total nights spent in tourist accommodation
A,CR2001V,IT010C,2023,1116372.0,,,IT010C,IT,,2023,tourist_nights,Total nights spent in tourist accommodation
A,CR2001V,IT011C,2015,10182829.0,,,IT011C,IT,,2015,tourist_nights,Total nights spent in tourist accommodation
A,CR2001V,IT011C,2016,10511788.0,,,IT011C,IT,,2016,tourist_nights,Total nights spent in tourist accommodation
A,CR2001V,IT011C,2017,11685819.0,,,IT011C,IT,,2017,tourist_nights,Total nights spent in tourist accommodation
A,CR2001V,IT011C,2018,12118298.0,,,IT011C,IT,,2018,tourist_nights,Total nights spent in tourist accommodation
A,CR2001V,IT011C,2019,12948519.0,,,IT011C,IT,,2019,tourist_nights,Total nights spent in tourist accommodation
A,CR2001V,IT011C,2020,3557036.0,,,IT011C,IT,,2020,tourist_nights,Total nights spent in tourist accommodation
A,CR2001V,IT011C,2021,5727887.0,,,IT011C,IT,,2021,tourist_nights,Total nights spent in tourist accommodation
A,CR2001V,IT011C,2022,10946464.0,,,IT011C,IT,,2022,tourist_nights,Total nights spent in tourist accommodation
A,CR2001V,IT011C,2023,12628079.0,,,IT011C,IT,,2023,tourist_nights,Total nights spent in tourist accommodation
A,CR2001V,IT012C,2015,1762637.0,,,IT012C,IT,,2015,tourist_nights,Total nights spent in tourist accommodation
A,CR2001V,IT012C,2016,2085845.0,,,IT012C,IT,,2016,tourist_nights,Total nights spent in tourist accommodation
A,CR2001V,IT012C,2017,2317359.0,,,IT012C,IT,,2017,tourist_nights,Total nights spent in tourist accommodation
A,CR2001V,IT012C,2018,2495943.0,,,IT012C,IT,,2018,tourist_nights,Total nights spent in tourist accommodation
A,CR2001V,IT012C,2019,2743943.0,,,IT012C,IT,,2019,tourist_nights,Total nights spent in tourist accommodation
A,CR2001V,IT012C,2020,865218.0,,,IT012C,IT,,2020,tourist_nights,Total nights spent in tourist accommodation
A,CR2001V,IT012C,2021,1424680.0,,,IT012C,IT,,2021,tourist_nights,Total nights spent in tourist accommodation
A,CR2001V,IT012C,2022,2419287.0,,,IT012C,IT,,2022,tourist_nights,Total nights spent in tourist accommodation
A,CR2001V,IT012C,2023,2832917.0,,,IT012C,IT,,2023,tourist_nights,Total nights spent in tourist accommodation
A,CR2001V,IT013C,2015,132837.0,,,IT013C,IT,,2015,tourist_nights,Total nights spent in tourist accommodation
A,CR2001V,IT013C,2016,130414.0,,,IT013C,IT,,2016,tourist_nights,Total nights spent in tourist accommodation
A,CR2001V,IT013C,2017,120393.0,,,IT013C,IT,,2017,tourist_nights,Total nights spent in tourist accommodation
A,CR2001V,IT013C,2018,136761.0,,,IT013C,IT,,2018,tourist_nights,Total nights spent in tourist accommodation
A,CR2001V,IT013C,2019,143392.0,,,IT013C,IT,,2019,tourist_nights,Total nights spent in tourist accommodation
A,CR2001V,IT013C,2020,72792.0,,,IT013C,IT,,2020,tourist_nights,Total nights spent in tourist accommodation
A,CR2001V,IT013C,2021,215984.0,,,IT013C,IT,,2021,tourist_nights,Total nights spent in tourist accommodation
A,CR2001V,IT013C,2022,152920.0,,,IT013C,IT,,2022,tourist_nights,Total nights spent in tourist accommodation
A,CR2001V,IT013C,2023,166408.0,,,IT013C,IT,,2023,tourist_nights,Total nights spent in tourist accommodation
A,CR2001V,IT014C,2015,839481.0,,,IT014C,IT,,2015,tourist_nights,Total nights spent in tourist accommodation
A,CR2001V,IT014C,2016,906901.0,,,IT014C,IT,,2016,tourist_nights,Total nights spent in tourist accommodation
A,CR2001V,IT014C,2017,946376.0,,,IT014C,IT,,2017,tourist_nights,Total nights spent in tourist accommodation
A,CR2001V,IT014C,2018,1016951.0,,,IT014C,IT,,2018,tourist_nights,Total nights spent in tourist accommodation
A,CR2001V,IT014C,2019,1089999.0,,,IT014C,IT,,2019,tourist_nights,Total nights spent in tourist accommodation
A,CR2001V,IT014C,2020,588228.0,,,IT014C,IT,,2020,tourist_nights,Total nights spent in tourist accommodation
A,CR2001V,IT014C,2021,697600.0,,,IT014C,IT,,2021,tourist_nights,Total nights spent in tourist accommodation
A,CR2001V,IT014C,2022,1037638.0,,,IT014C,IT,,2022,tourist_nights,Total nights spent in tourist accommodation
A,CR2001V,IT014C,2023,1178354.0,,,IT014C,IT,,2023,tourist_nights,Total nights spent in tourist accommodation
A,CR2001V,IT015C,2015,780275.0,,,IT015C,IT,,2015,tourist_nights,Total nights spent in tourist accommodation
A,CR2001V,IT015C,2016,845400.0,,,IT015C,IT,,2016,tourist_nights,Total nights spent in tourist accommodation
A,CR2001V,IT015C,2017,878192.0,,,IT015C,IT,,2017,tourist_nights,Total nights spent in tourist accommodation
A,CR2001V,IT015C,2018,929492.0,,,IT015C,IT,,2018,tourist_nights,Total nights spent in tourist accommodation
A,CR2001V,IT015C,2019,997537.0,,,IT015C,IT,,2019,tourist_nights,Total nights spent in tourist accommodation
A,CR2001V,IT015C,2020,428739.0,,,IT015C,IT,,2020,tourist_nights,Total nights spent in tourist accommodation
A,CR2001V,IT015C,2021,699172.0,,,IT015C,IT,,2021,tourist_nights,Total nights spent in tourist accommodation
A,CR2001V,IT015C,2022,1103671.0,,,IT015C,IT,,2022,tourist_nights,Total nights spent in tourist accommodation
A,CR2001V,IT015C,2023,1261847.0,,,IT015C,IT,,2023,tourist_nights,Total nights spent in tourist accommodation
A,CR2001V,IT016C,2015,937851.0,,,IT016C,IT,,2015,tourist_nights,Total nights spent in tourist accommodation
A,CR2001V,IT016C,2016,947602.0,,,IT016C,IT,,2016,tourist_nights,Total nights spent in tourist accommodation
A,CR2001V,IT016C,2017,878747.0,,,IT016C,IT,,2017,tourist_nights,Total nights spent in tourist accommodation
A,CR2001V,IT016C,2018,959070.0,,,IT016C,IT,,2018,tourist_nights,Total nights spent in tourist accommodation
A,CR2001V,IT016C,2019,980416.0,,,IT016C,IT,,2019,tourist_nights,Total nights spent in tourist accommodation
A,CR2001V,IT016C,2020,445879.0,,,IT016C,IT,,2020,tourist_nights,Total nights spent in tourist accommodation
A,CR2001V,IT016C,2021,695279.0,,,IT016C,IT,,2021,tourist_nights,Total nights spent in tourist accommodation
A,CR2001V,IT016C,2022,967634.0,,,IT016C,IT,,2022,tourist_nights,Total nights spent in tourist accommodation
A,CR2001V,IT016C,2023,1073985.0,,,IT016C,IT,,2023,tourist_nights,Total nights spent in tourist accommodation
A,CR2001V,IT017C,2015,476750.0,,,IT017C,IT,,2015,tourist_nights,Total nights spent in tourist accommodation
A,CR2001V,IT017C,2016,373421.0,,,IT017C,IT,,2016,tourist_nights,Total nights spent in tourist accommodation
A,CR2001V,IT017C,2017,437139.0,,,IT017C,IT,,2017,tourist_nights,Total nights spent in tourist accommodation
A,CR2001V,IT017C,2018,349187.0,,,IT017C,IT,,2018,tourist_nights,Total nights spent in tourist accommodation
A,CR2001V,IT017C,2019,332331.0,,,IT017C,IT,,2019,tourist_nights,Total nights spent in tourist accommodation
A,CR2001V,IT017C,2020,243973.0,,,IT017C,IT,,2020,tourist_nights,Total nights spent in tourist accommodation
A,CR2001V,IT017C,2021,327079.0,,,IT017C,IT,,2021,tourist_nights,Total nights spent in tourist accommodation
A,CR2001V,IT017C,2022,409701.0,,,IT017C,IT,,2022,tourist_nights,Total nights spent in tourist accommodation
A,CR2001V,IT017C,2023,426675.0,,,IT017C,IT,,2023,tourist_nights,Total nights spent in tourist accommodation
A,CR2001V,IT018C,2015,184920.0,,,IT018C,IT,,2015,tourist_nights,Total nights spent in tourist accommodation
A,CR2001V,IT018C,2016,220965.0,,,IT018C,IT,,2016,tourist_nights,Total nights spent in tourist accommodation
A,CR2001V,IT018C,2017,233920.0,,,IT018C,IT,,2017,tourist_nights,Total nights spent in tourist accommodation
A,CR2001V,IT018C,2018,256164.0,,,IT018C,IT,,2018,tourist_nights,Total nights spent in tourist accommodation
A,CR2001V,IT018C,2019,271493.0,,,IT018C,IT,,2019,tourist_nights,Total nights spent in tourist accommodation
A,CR2001V,IT018C,2020,138642.0,,,IT018C,IT,,2020,tourist_nights,Total nights spent in tourist accommodation
A,CR2001V,IT018C,2021,177175.0,,,IT018C,IT,,2021,tourist_nights,Total nights spent in tourist accommodation
A,CR2001V,IT018C,2022,293757.0,,,IT018C,IT,,2022,tourist_nights,Total nights spent in tourist accommodation
A,CR2001V,IT018C,2023,402027.0,,,IT018C,IT,,2023,tourist_nights,Total nights spent in tourist accommodation
A,CR2001V,IT019C,2015,37197.0,,,IT019C,IT,,2015,tourist_nights,Total nights spent in tourist accommodation
A,CR2001V,IT019C,2016,24928.0,,,IT019C,IT,,2016,tourist_nights,Total nights spent in tourist accommodation
A,CR2001V,IT019C,2017,21485.0,,,IT019C,IT,,2017,tourist_nights,Total nights spent in tourist accommodation
A,CR2001V,IT019C,2018,23237.0,,,IT019C,IT,,2018,tourist_nights,Total nights spent in tourist accommodation
A,CR2001V,IT019C,2019,32121.0,,,IT019C,IT,,2019,tourist_nights,Total nights spent in tourist accommodation
A,CR2001V,IT019C,2020,23591.0,,,IT019C,IT,,2020,tourist_nights,Total nights spent in tourist accommodation
A,CR2001V,IT019C,2021,43146.0,,,IT019C,IT,,2021,tourist_nights,Total nights spent in tourist accommodation
A,CR2001V,IT019C,2022,49151.0,,,IT019C,IT,,2022,tourist_nights,Total nights spent in tourist accommodation
A,CR2001V,IT019C,2023,49331.0,,,IT019C,IT,,2023,tourist_nights,Total nights spent in tourist accommodation
A,CR2001V,IT020C,2015,197595.0,,,IT020C,IT,,2015,tourist_nights,Total nights spent in tourist accommodation
A,CR2001V,IT020C,2016,228568.0,,,IT020C,IT,,2016,tourist_nights,Total nights spent in tourist accommodation
A,CR2001V,IT020C,2017,242510.0,,,IT020C,IT,,2017,tourist_nights,Total nights spent in tourist accommodation
A,CR2001V,IT020C,2018,275494.0,,,IT020C,IT,,2018,tourist_nights,Total nights spent in tourist accommodation
A,CR2001V,IT020C,2019,276031.0,,,IT020C,IT,,2019,tourist_nights,Total nights spent in tourist accommodation
A,CR2001V,IT020C,2020,98370.0,,,IT020C,IT,,2020,tourist_nights,Total nights spent in tourist accommodation
A,CR2001V,IT020C,2021,139651.0,,,IT020C,IT,,2021,tourist_nights,Total nights spent in tourist accommodation
A,CR2001V,IT020C,2022,193898.0,,,IT020C,IT,,2022,tourist_nights,Total nights spent in tourist accommodation
A,CR2001V,IT020C,2023,182405.0,,,IT020C,IT,,2023,tourist_nights,Total nights spent in tourist accommodation
A,CR2001V,IT021C,2015,178781.0,,,IT021C,IT,,2015,tourist_nights,Total nights spent in tourist accommodation
A,CR2001V,IT021C,2016,208470.0,,,IT021C,IT,,2016,tourist_nights,Total nights spent in tourist accommodation
A,CR2001V,IT021C,2017,231646.0,,,IT021C,IT,,2017,tourist_nights,Total nights spent in tourist accommodation
A,CR2001V,IT021C,2018,258619.0,,,IT021C,IT,,2018,tourist_nights,Total nights spent in tourist accommodation
A,CR2001V,IT021C,2019,264083.0,,,IT021C,IT,,2019,tourist_nights,Total nights spent in tourist accommodation
A,CR2001V,IT021C,2020,173901.0,,,IT021C,IT,,2020,tourist_nights,Total nights spent in tourist accommodation
A,CR2001V,IT021C,2021,260657.0,,,IT021C,IT,,2021,tourist_nights,Total nights spent in tourist accommodation
A,CR2001V,IT021C,2022,280666.0,,,IT021C,IT,,2022,tourist_nights,Total nights spent in tourist accommodation
A,CR2001V,IT021C,2023,274674.0,,,IT021C,IT,,2023,tourist_nights,Total nights spent in tourist accommodation
A,CR2001V,IT022C,2015,60857.0,,,IT022C,IT,,2015,tourist_nights,Total nights spent in tourist accommodation
A,CR2001V,IT022C,2016,63464.0,,,IT022C,IT,,2016,tourist_nights,Total nights spent in tourist accommodation
A,CR2001V,IT022C,2017,64729.0,,,IT022C,IT,,2017,tourist_nights,Total nights spent in tourist accommodation
A,CR2001V,IT022C,2018,66897.0,,,IT022C,IT,,2018,tourist_nights,Total nights spent in tourist accommodation
A,CR2001V,IT022C,2019,65816.0,,,IT022C,IT,,2019,tourist_nights,Total nights spent in tourist accommodation
A,CR2001V,IT022C,2020,42352.0,,,IT022C,IT,,2020,tourist_nights,Total nights spent in tourist accommodation
A,CR2001V,IT022C,2021,47896.0,,,IT022C,IT,,2021,tourist_nights,Total nights spent in tourist accommodation
A,CR2001V,IT022C,2022,47233.0,,,IT022C,IT,,2022,tourist_nights,Total nights spent in tourist accommodation
A,CR2001V,IT022C,2023,56348.0,,,IT022C,IT,,2023,tourist_nights,Total nights spent in tourist accommodation
A,CR2001V,IT023C,2015,225861.0,,,IT023C,IT,,2015,tourist_nights,Total nights spent in tourist accommodation
A,CR2001V,IT023C,2016,156375.0,,,IT023C,IT,,2016,tourist_nights,Total nights spent in tourist accommodation
A,CR2001V,IT023C,2017,139143.0,,,IT023C,IT,,2017,tourist_nights,Total nights spent in tourist accommodation
A,CR2001V,IT023C,2018,153539.0,,,IT023C,IT,,2018,tourist_nights,Total nights spent in tourist accommodation
A,CR2001V,IT023C,2019,144182.0,,,IT023C,IT,,2019,tourist_nights,Total nights spent in tourist accommodation
A,CR2001V,IT023C,2020,50670.0,,,IT023C,IT,,2020,tourist_nights,Total nights spent in tourist accommodation
A,CR2001V,IT023C,2021,76323.0,,,IT023C,IT,,2021,tourist_nights,Total nights spent in tourist accommodation
A,CR2001V,IT023C,2022,100326.0,,,IT023C,IT,,2022,tourist_nights,Total nights spent in tourist accommodation
A,CR2001V,IT023C,2023,97384.0,,,IT023C,IT,,2023,tourist_nights,Total nights spent in tourist accommodation
A,CR2001V,IT024C,2015,168647.0,,,IT024C,IT,,2015,tourist_nights,Total nights spent in tourist accommodation
A,CR2001V,IT024C,2016,189835.0,,,IT024C,IT,,2016,tourist_nights,Total nights spent in tourist accommodation
A,CR2001V,IT024C,2017,187880.0,,,IT024C,IT,,2017,tourist_nights,Total nights spent in tourist accommodation
A,CR2001V,IT024C,2018,186424.0,,,IT024C,IT,,2018,tourist_nights,Total nights spent in tourist accommodation
A,CR2001V,IT024C,2019,216171.0,,,IT024C,IT,,2019,tourist_nights,Total nights spent in tourist accommodation
A,CR2001V,IT024C,2020,74973.0,,,IT024C,IT,,2020,tourist_nights,Total nights spent in tourist accommodation
A,CR2001V,IT024C,2021,91909.0,,,IT024C,IT,,2021,tourist_nights,Total nights spent in tourist accommodation
A,CR2001V,IT024C,2022,129072.0,,,IT024C,IT,,2022,tourist_nights,Total nights spent in tourist accommodation
A,CR2001V,IT024C,2023,188146.0,,,IT024C,IT,,2023,tourist_nights,Total nights spent in tourist accommodation
A,CR2001V,IT025C,2015,126411.0,,,IT025C,IT,,2015,tourist_nights,Total nights spent in tourist accommodation
A,CR2001V,IT025C,2016,142884.0,,,IT025C,IT,,2016,tourist_nights,Total nights spent in tourist accommodation
A,CR2001V,IT025C,2017,156853.0,,,IT025C,IT,,2017,tourist_nights,Total nights spent in tourist accommodation
A,CR2001V,IT025C,2018,144404.0,,,IT025C,IT,,2018,tourist_nights,Total nights spent in tourist accommodation
A,CR2001V,IT025C,2019,149010.0,,,IT025C,IT,,2019,tourist_nights,Total nights spent in tourist accommodation
A,CR2001V,IT025C,2020,66617.0,,,IT025C,IT,,2020,tourist_nights,Total nights spent in tourist accommodation
A,CR2001V,IT025C,2021,106636.0,,,IT025C,IT,,2021,tourist_nights,Total nights spent in tourist accommodation
A,CR2001V,IT025C,2022,170516.0,,,IT025C,IT,,2022,tourist_nights,Total nights spent in tourist accommodation
A,CR2001V,IT025C,2023,192977.0,,,IT025C,IT,,2023,tourist_nights,Total nights spent in tourist accommodation
A,CR2001V,IT026C,2015,419277.0,,,IT026C,IT,,2015,tourist_nights,Total nights spent in tourist accommodation
A,CR2001V,IT026C,2016,510040.0,,,IT026C,IT,,2016,tourist_nights,Total nights spent in tourist accommodation
A,CR2001V,IT026C,2017,582137.0,,,IT026C,IT,,2017,tourist_nights,Total nights spent in tourist accommodation
A,CR2001V,IT026C,2018,573579.0,,,IT026C,IT,,2018,tourist_nights,Total nights spent in tourist accommodation
A,CR2001V,IT026C,2019,623375.0,,,IT026C,IT,,2019,tourist_nights,Total nights spent in tourist accommodation
A,CR2001V,IT026C,2020,269528.0,,,IT026C,IT,,2020,tourist_nights,Total nights spent in tourist accommodation
A,CR2001V,IT026C,2021,421293.0,,,IT026C,IT,,2021,tourist_nights,Total nights spent in tourist accommodation
A,CR2001V,IT026C,2022,593197.0,,,IT026C,IT,,2022,tourist_nights,Total nights spent in tourist accommodation
A,CR2001V,IT026C,2023,620078.0,,,IT026C,IT,,2023,tourist_nights,Total nights spent in tourist accommodation
A,CR2001V,IT027C,2015,1438825.0,,,IT027C,IT,,2015,tourist_nights,Total nights spent in tourist accommodation
A,CR2001V,IT027C,2016,1494981.0,,,IT027C,IT,,2016,tourist_nights,Total nights spent in tourist accommodation
A,CR2001V,IT027C,2017,1601192.0,,,IT027C,IT,,2017,tourist_nights,Total nights spent in tourist accommodation
A,CR2001V,IT027C,2018,1650362.0,,,IT027C,IT,,2018,tourist_nights,Total nights spent in tourist accommodation
A,CR2001V,IT027C,2019,1657672.0,,,IT027C,IT,,2019,tourist_nights,Total nights spent in tourist accommodation
A,CR2001V,IT027C,2020,713607.0,,,IT027C,IT,,2020,tourist_nights,Total nights spent in tourist accommodation
A,CR2001V,IT027C,2021,999579.0,,,IT027C,IT,,2021,tourist_nights,Total nights spent in tourist accommodation
A,CR2001V,IT027C,2022,1409036.0,,,IT027C,IT,,2022,tourist_nights,Total nights spent in tourist accommodation
A,CR2001V,IT027C,2023,1647184.0,,,IT027C,IT,,2023,tourist_nights,Total nights spent in tourist accommodation
A,CR2001V,IT028C,2015,607621.0,,,IT028C,IT,,2015,tourist_nights,Total nights spent in tourist accommodation
A,CR2001V,IT028C,2016,615310.0,,,IT028C,IT,,2016,tourist_nights,Total nights spent in tourist accommodation
A,CR2001V,IT028C,2017,673100.0,,,IT028C,IT,,2017,tourist_nights,Total nights spent in tourist accommodation
A,CR2001V,IT028C,2018,590988.0,,,IT028C,IT,,2018,tourist_nights,Total nights spent in tourist accommodation
A,CR2001V,IT028C,2019,641130.0,,,IT028C,IT,,2019,tourist_nights,Total nights spent in tourist accommodation
A,CR2001V,IT028C,2020,298711.0,,,IT028C,IT,,2020,tourist_nights,Total nights spent in tourist accommodation
A,CR2001V,IT028C,2021,558675.0,,,IT028C,IT,,2021,tourist_nights,Total nights spent in tourist accommodation
A,CR2001V,IT028C,2022,664340.0,,,IT028C,IT,,2022,tourist_nights,Total nights spent in tourist accommodation
A,CR2001V,IT028C,2023,773029.0,,,IT028C,IT,,2023,tourist_nights,Total nights spent in tourist accommodation
A,CR2001V,IT029C,2015,480070.0,,,IT029C,IT,,2015,tourist_nights,Total nights spent in tourist accommodation
A,CR2001V,IT029C,2016,542964.0,,,IT029C,IT,,2016,tourist_nights,Total nights spent in tourist accommodation
A,CR2001V,IT029C,2017,581873.0,,,IT029C,IT,,2017,tourist_nights,Total nights spent in tourist accommodation
A,CR2001V,IT029C,2018,571425.0,,,IT029C,IT,,2018,tourist_nights,Total nights spent in tourist accommodation
A,CR2001V,IT029C,2019,593504.0,,,IT029C,IT,,2019,tourist_nights,Total nights spent in tourist accommodation
A,CR2001V,IT029C,2020,265968.0,,,IT029C,IT,,2020,tourist_nights,Total nights spent in tourist accommodation
A,CR2001V,IT029C,2021,396622.0,,,IT029C,IT,,2021,tourist_nights,Total nights spent in tourist accommodation
A,CR2001V,IT029C,2022,589643.0,,,IT029C,IT,,2022,tourist_nights,Total nights spent in tourist accommodation
A,CR2001V,IT029C,2023,634563.0,,,IT029C,IT,,2023,tourist_nights,Total nights spent in tourist accommodation
A,CR2001V,IT030C,2015,101445.0,,,IT030C,IT,,2015,tourist_nights,Total nights spent in tourist accommodation
A,CR2001V,IT030C,2016,126376.0,,,IT030C,IT,,2016,tourist_nights,Total nights spent in tourist accommodation
A,CR2001V,IT030C,2017,125152.0,,,IT030C,IT,,2017,tourist_nights,Total nights spent in tourist accommodation
A,CR2001V,IT030C,2018,110233.0,,,IT030C,IT,,2018,tourist_nights,Total nights spent in tourist accommodation
A,CR2001V,IT030C,2019,133851.0,,,IT030C,IT,,2019,tourist_nights,Total nights spent in tourist accommodation
A,CR2001V,IT030C,2020,87427.0,,,IT030C,IT,,2020,tourist_nights,Total nights spent in tourist accommodation
A,CR2001V,IT030C,2021,92223.0,,,IT030C,IT,,2021,tourist_nights,Total nights spent in tourist accommodation
A,CR2001V,IT030C,2022,116786.0,,,IT030C,IT,,2022,tourist_nights,Total nights spent in tourist accommodation
A,CR2001V,IT030C,2023,164681.0,,,IT030C,IT,,2023,tourist_nights,Total nights spent in tourist accommodation
A,CR2001V,IT031C,2015,619914.0,,,IT031C,IT,,2015,tourist_nights,Total nights spent in tourist accommodation
A,CR2001V,IT031C,2016,537253.0,,,IT031C,IT,,2016,tourist_nights,Total nights spent in tourist accommodation
A,CR2001V,IT031C,2017,668229.0,,,IT031C,IT,,2017,tourist_nights,Total nights spent in tourist accommodation
A,CR2001V,IT031C,2018,621362.0,,,IT031C,IT,,2018,tourist_nights,Total nights spent in tourist accommodation
A,CR2001V,IT031C,2019,431348.0,,,IT031C,IT,,2019,tourist_nights,Total nights spent in tourist accommodation
A,CR2001V,IT031C,2020,154139.0,,,IT031C,IT,,2020,tourist_nights,Total nights spent in tourist accommodation
A,CR2001V,IT031C,2021,131729.0,,,IT031C,IT,,2021,tourist_nights,Total nights spent in tourist accommodation
A,CR2001V,IT031C,2022,265473.0,,,IT031C,IT,,2022,tourist_nights,Total nights spent in tourist accommodation
A,CR2001V,IT031C,2023,410880.0,,,IT031C,IT,,2023,tourist_nights,Total nights spent in tourist accommodation
A,CR2001V,IT032C,2015,221311.0,,,IT032C,IT,,2015,tourist_nights,Total nights spent in tourist accommodation
A,CR2001V,IT032C,2016,254950.0,,,IT032C,IT,,2016,tourist_nights,Total nights spent in tourist accommodation
A,CR2001V,IT032C,2017,263872.0,,,IT032C,IT,,2017,tourist_nights,Total nights spent in tourist accommodation
A,CR2001V,IT032C,2018,302724.0,,,IT032C,IT,,2018,tourist_nights,Total nights spent in tourist accommodation
A,CR2001V,IT032C,2019,277086.0,,,IT032C,IT,,2019,tourist_nights,Total nights spent in tourist accommodation
A,CR2001V,IT032C,2020,159187.0,,,IT032C,IT,,2020,tourist_nights,Total nights spent in tourist accommodation
A,CR2001V,IT032C,2021,237222.0,,,IT032C,IT,,2021,tourist_nights,Total nights spent in tourist accommodation
A,CR2001V,IT032C,2022,320354.0,,,IT032C,IT,,2022,tourist_nights,Total nights spent in tourist accommodation
A,CR2001V,IT032C,2023,329301.0,,,IT032C,IT,,2023,tourist_nights,Total nights spent in tourist accommodation
A,CR2001V,IT033C,2015,584638.0,,,IT033C,IT,,2015,tourist_nights,Total nights spent in tourist accommodation
A,CR2001V,IT033C,2016,638853.0,,,IT033C,IT,,2016,tourist_nights,Total nights spent in tourist accommodation
A,CR2001V,IT033C,2017,664881.0,,,IT033C,IT,,2017,tourist_nights,Total nights spent in tourist accommodation
A,CR2001V,IT033C,2018,692409.0,,,IT033C,IT,,2018,tourist_nights,Total nights spent in tourist accommodation
A,CR2001V,IT033C,2019,720463.0,,,IT033C,IT,,2019,tourist_nights,Total nights spent in tourist accommodation
A,CR2001V,IT033C,2020,355513.0,,,IT033C,IT,,2020,tourist_nights,Total nights spent in tourist accommodation
A,CR2001V,IT033C,2021,526531.0,,,IT033C,IT,,2021,tourist_nights,Total nights spent in tourist accommodation
A,CR2001V,IT033C,2022,800011.0,,,IT033C,IT,,2022,tourist_nights,Total nights spent in tourist accommodation
A,CR2001V,IT033C,2023,861698.0,,,IT033C,IT,,2023,tourist_nights,Total nights spent in tourist accommodation
A,CR2001V,IT034C,2015,351551.0,,,IT034C,IT,,2015,tourist_nights,Total nights spent in tourist accommodation
A,CR2001V,IT034C,2016,357187.0,,,IT034C,IT,,2016,tourist_nights,Total nights spent in tourist accommodation
A,CR2001V,IT034C,2017,380184.0,,,IT034C,IT,,2017,tourist_nights,Total nights spent in tourist accommodation
A,CR2001V,IT034C,2018,389112.0,,,IT034C,IT,,2018,tourist_nights,Total nights spent in tourist accommodation
A,CR2001V,IT034C,2019,392772.0,,,IT034C,IT,,2019,tourist_nights,Total nights spent in tourist accommodation
A,CR2001V,IT034C,2020,207343.0,,,IT034C,IT,,2020,tourist_nights,Total nights spent in tourist accommodation
A,CR2001V,IT034C,2021,292217.0,,,IT034C,IT,,2021,tourist_nights,Total nights spent in tourist accommodation
A,CR2001V,IT034C,2022,367075.0,,,IT034C,IT,,2022,tourist_nights,Total nights spent in tourist accommodation
A,CR2001V,IT034C,2023,402856.0,,,IT034C,IT,,2023,tourist_nights,Total nights spent in tourist accommodation
A,CR2001V,IT035C,2015,368538.0,,,IT035C,IT,,2015,tourist_nights,Total nights spent in tourist accommodation
A,CR2001V,IT035C,2016,428675.0,,,IT035C,IT,,2016,tourist_nights,Total nights spent in tourist accommodation
A,CR2001V,IT035C,2017,477943.0,,,IT035C,IT,,2017,tourist_nights,Total nights spent in tourist accommodation
A,CR2001V,IT035C,2018,506269.0,,,IT035C,IT,,2018,tourist_nights,Total nights spent in tourist accommodation
A,CR2001V,IT035C,2019,545406.0,,,IT035C,IT,,2019,tourist_nights,Total nights spent in tourist accommodation
A,CR2001V,IT035C,2020,281843.0,,,IT035C,IT,,2020,tourist_nights,Total nights spent in tourist accommodation
A,CR2001V,IT035C,2021,427385.0,,,IT035C,IT,,2021,tourist_nights,Total nights spent in tourist accommodation
A,CR2001V,IT035C,2022,622355.0,,,IT035C,IT,,2022,tourist_nights,Total nights spent in tourist accommodation
A,CR2001V,IT035C,2023,701977.0,,,IT035C,IT,,2023,tourist_nights,Total nights spent in tourist accommodation
A,CR2001V,IT036C,2015,566055.0,,,IT036C,IT,,2015,tourist_nights,Total nights spent in tourist accommodation
A,CR2001V,IT036C,2016,644522.0,,,IT036C,IT,,2016,tourist_nights,Total nights spent in tourist accommodation
A,CR2001V,IT036C,2017,746450.0,,,IT036C,IT,,2017,tourist_nights,Total nights spent in tourist accommodation
A,CR2001V,IT036C,2018,697291.0,,,IT036C,IT,,2018,tourist_nights,Total nights spent in tourist accommodation
A,CR2001V,IT036C,2019,710707.0,,,IT036C,IT,,2019,tourist_nights,Total nights spent in tourist accommodation
A,CR2001V,IT036C,2020,431611.0,,,IT036C,IT,,2020,tourist_nights,Total nights spent in tourist accommodation
A,CR2001V,IT036C,2021,544832.0,,,IT036C,IT,,2021,tourist_nights,Total nights spent in tourist accommodation
A,CR2001V,IT036C,2022,694026.0,,,IT036C,IT,,2022,tourist_nights,Total nights spent in tourist accommodation
A,CR2001V,IT036C,2023,782788.0,,,IT036C,IT,,2023,tourist_nights,Total nights spent in tourist accommodation
A,CR2001V,IT037C,2015,78034.0,,,IT037C,IT,,2015,tourist_nights,Total nights spent in tourist accommodation
A,CR2001V,IT037C,2016,85668.0,,,IT037C,IT,,2016,tourist_nights,Total nights spent in tourist accommodation
A,CR2001V,IT037C,2017,84049.0,,,IT037C,IT,,2017,tourist_nights,Total nights spent in tourist accommodation
A,CR2001V,IT037C,2018,96165.0,,,IT037C,IT,,2018,tourist_nights,Total nights spent in tourist accommodation
A,CR2001V,IT037C,2019,91716.0,,,IT037C,IT,,2019,tourist_nights,Total nights spent in tourist accommodation
A,CR2001V,IT037C,2020,67207.0,,,IT037C,IT,,2020,tourist_nights,Total nights spent in tourist accommodation
A,CR2001V,IT037C,2021,79724.0,,,IT037C,IT,,2021,tourist_nights,Total nights spent in tourist accommodation
A,CR2001V,IT037C,2022,80291.0,,,IT037C,IT,,2022,tourist_nights,Total nights spent in tourist accommodation
A,CR2001V,IT037C,2023,78520.0,,,IT037C,IT,,2023,tourist_nights,Total nights spent in tourist accommodation
A,CR2001V,IT038C,2015,850123.0,,,IT038C,IT,,2015,tourist_nights,Total nights spent in tourist accommodation
A,CR2001V,IT038C,2016,824272.0,,,IT038C,IT,,2016,tourist_nights,Total nights spent in tourist accommodation
A,CR2001V,IT038C,2017,889005.0,,,IT038C,IT,,2017,tourist_nights,Total nights spent in tourist accommodation
A,CR2001V,IT038C,2018,776171.0,,,IT038C,IT,,2018,tourist_nights,Total nights spent in tourist accommodation
A,CR2001V,IT038C,2019,809322.0,,,IT038C,IT,,2019,tourist_nights,Total nights spent in tourist accommodation
A,CR2001V,IT038C,2020,465430.0,,,IT038C,IT,,2020,tourist_nights,Total nights spent in tourist accommodation
A,CR2001V,IT038C,2021,707562.0,,,IT038C,IT,,2021,tourist_nights,Total nights spent in tourist accommodation
A,CR2001V,IT038C,2022,741340.0,,,IT038C,IT,,2022,tourist_nights,Total nights spent in tourist accommodation
A,CR2001V,IT038C,2023,812164.0,,,IT038C,IT,,2023,tourist_nights,Total nights spent in tourist accommodation
A,CR2001V,IT039C,2015,539989.0,,,IT039C,IT,,2015,tourist_nights,Total nights spent in tourist accommodation
A,CR2001V,IT039C,2016,587486.0,,,IT039C,IT,,2016,tourist_nights,Total nights spent in tourist accommodation
A,CR2001V,IT039C,2017,634147.0,,,IT039C,IT,,2017,tourist_nights,Total nights spent in tourist accommodation
A,CR2001V,IT039C,2018,708510.0,,,IT039C,IT,,2018,tourist_nights,Total nights spent in tourist accommodation
A,CR2001V,IT039C,2019,757901.0,,,IT039C,IT,,2019,tourist_nights,Total nights spent in tourist accommodation
A,CR2001V,IT039C,2020,247091.0,,,IT039C,IT,,2020,tourist_nights,Total nights spent in tourist accommodation
A,CR2001V,IT039C,2021,1148096.0,,,IT039C,IT,,2021,tourist_nights,Total nights spent in tourist accommodation
A,CR2001V,IT039C,2022,768894.0,,,IT039C,IT,,2022,tourist_nights,Total nights spent in tourist accommodation
A,CR2001V,IT039C,2023,844174.0,,,IT039C,IT,,2023,tourist_nights,Total nights spent in tourist accommodation
A,CR2001V,IT040C,2015,1723044.0,,,IT040C,IT,,2015,tourist_nights,Total nights spent in tourist accommodation
A,CR2001V,IT040C,2016,1673591.0,,,IT040C,IT,,2016,tourist_nights,Total nights spent in tourist accommodation
A,CR2001V,IT040C,2017,1616787.0,,,IT040C,IT,,2017,tourist_nights,Total nights spent in tourist accommodation
A,CR2001V,IT040C,2018,1882097.0,,,IT040C,IT,,2018,tourist_nights,Total nights spent in tourist accommodation
A,CR2001V,IT040C,2019,1859653.0,,,IT040C,IT,,2019,tourist_nights,Total nights spent in tourist accommodation
A,CR2001V,IT040C,2020,860273.0,,,IT040C,IT,,2020,tourist_nights,Total nights spent in tourist accommodation
A,CR2001V,IT040C,2021,1127155.0,,,IT040C,IT,,2021,tourist_nights,Total nights spent in tourist accommodation
A,CR2001V,IT040C,2022,1663736.0,,,IT040C,IT,,2022,tourist_nights,Total nights spent in tourist accommodation
A,CR2001V,IT040C,2023,1818671.0,,,IT040C,IT,,2023,tourist_nights,Total nights spent in tourist accommodation
A,CR2001V,IT041C,2015,228974.0,,,IT041C,IT,,2015,tourist_nights,Total nights spent in tourist accommodation
A,CR2001V,IT041C,2016,238982.0,,,IT041C,IT,,2016,tourist_nights,Total nights spent in tourist accommodation
A,CR2001V,IT041C,2017,276025.0,,,IT041C,IT,,2017,tourist_nights,Total nights spent in tourist accommodation
A,CR2001V,IT041C,2018,332341.0,,,IT041C,IT,,2018,tourist_nights,Total nights spent in tourist accommodation
A,CR2001V,IT041C,2019,359438.0,,,IT041C,IT,,2019,tourist_nights,Total nights spent in tourist accommodation
A,CR2001V,IT041C,2020,136431.0,,,IT041C,IT,,2020,tourist_nights,Total nights spent in tourist accommodation
A,CR2001V,IT041C,2021,214972.0,,,IT041C,IT,,2021,tourist_nights,Total nights spent in tourist accommodation
A,CR2001V,IT041C,2022,283783.0,,,IT041C,IT,,2022,tourist_nights,Total nights spent in tourist accommodation
A,CR2001V,IT041C,2023,387271.0,,,IT041C,IT,,2023,tourist_nights,Total nights spent in tourist accommodation
A,CR2001V,IT042C,2015,263546.0,,,IT042C,IT,,2015,tourist_nights,Total nights spent in tourist accommodation
A,CR2001V,IT042C,2016,277206.0,,,IT042C,IT,,2016,tourist_nights,Total nights spent in tourist accommodation
A,CR2001V,IT042C,2017,270724.0,,,IT042C,IT,,2017,tourist_nights,Total nights spent in tourist accommodation
A,CR2001V,IT042C,2018,239815.0,,,IT042C,IT,,2018,tourist_nights,Total nights spent in tourist accommodation
A,CR2001V,IT042C,2019,269423.0,,,IT042C,IT,,2019,tourist_nights,Total nights spent in tourist accommodation
A,CR2001V,IT042C,2020,104095.0,,,IT042C,IT,,2020,tourist_nights,Total nights spent in tourist accommodation
A,CR2001V,IT042C,2021,164221.0,,,IT042C,IT,,2021,tourist_nights,Total nights spent in tourist accommodation
A,CR2001V,IT042C,2022,227839.0,,,IT042C,IT,,2022,tourist_nights,Total nights spent in tourist accommodation
A,CR2001V,IT042C,2023,297036.0,,,IT042C,IT,,2023,tourist_nights,Total nights spent in tourist accommodation
A,CR2001V,IT043C,2015,104340.0,,,IT043C,IT,,2015,tourist_nights,Total nights spent in tourist accommodation
A,CR2001V,IT043C,2016,107901.0,,,IT043C,IT,,2016,tourist_nights,Total nights spent in tourist accommodation
A,CR2001V,IT043C,2017,107809.0,,,IT043C,IT,,2017,tourist_nights,Total nights spent in tourist accommodation
A,CR2001V,IT043C,2018,95349.0,,,IT043C,IT,,2018,tourist_nights,Total nights spent in tourist accommodation
A,CR2001V,IT043C,2019,92271.0,,,IT043C,IT,,2019,tourist_nights,Total nights spent in tourist accommodation
A,CR2001V,IT043C,2020,35948.0,,,IT043C,IT,,2020,tourist_nights,Total nights spent in tourist accommodation
A,CR2001V,IT043C,2021,71092.0,,,IT043C,IT,,2021,tourist_nights,Total nights spent in tourist accommodation
A,CR2001V,IT043C,2022,89574.0,,,IT043C,IT,,2022,tourist_nights,Total nights spent in tourist accommodation
A,CR2001V,IT043C,2023,96414.0,,,IT043C,IT,,2023,tourist_nights,Total nights spent in tourist accommodation
A,CR2001V,IT044C,2015,127940.0,,,IT044C,IT,,2015,tourist_nights,Total nights spent in tourist accommodation
A,CR2001V,IT044C,2016,125029.0,,,IT044C,IT,,2016,tourist_nights,Total nights spent in tourist accommodation
A,CR2001V,IT044C,2017,137586.0,,,IT044C,IT,,2017,tourist_nights,Total nights spent in tourist accommodation
A,CR2001V,IT044C,2018,110439.0,,,IT044C,IT,,2018,tourist_nights,Total nights spent in tourist accommodation
A,CR2001V,IT044C,2019,107831.0,,,IT044C,IT,,2019,tourist_nights,Total nights spent in tourist accommodation
A,CR2001V,IT044C,2020,45173.0,,,IT044C,IT,,2020,tourist_nights,Total nights spent in tourist accommodation
A,CR2001V,IT044C,2021,75899.0,,,IT044C,IT,,2021,tourist_nights,Total nights spent in tourist accommodation
A,CR2001V,IT044C,2022,108075.0,,,IT044C,IT,,2022,tourist_nights,Total nights spent in tourist accommodation
A,CR2001V,IT044C,2023,131238.0,,,IT044C,IT,,2023,tourist_nights,Total nights spent in tourist accommodation
A,CR2001V,IT045C,2015,861009.0,,,IT045C,IT,,2015,tourist_nights,Total nights spent in tourist accommodation
A,CR2001V,IT045C,2016,836324.0,,,IT045C,IT,,2016,tourist_nights,Total nights spent in tourist accommodation
A,CR2001V,IT045C,2017,892819.0,,,IT045C,IT,,2017,tourist_nights,Total nights spent in tourist accommodation
A,CR2001V,IT045C,2018,834724.0,,,IT045C,IT,,2018,tourist_nights,Total nights spent in tourist accommodation
A,CR2001V,IT045C,2019,808721.0,,,IT045C,IT,,2019,tourist_nights,Total nights spent in tourist accommodation
A,CR2001V,IT045C,2020,604215.0,,,IT045C,IT,,2020,tourist_nights,Total nights spent in tourist accommodation
A,CR2001V,IT045C,2021,783282.0,,,IT045C,IT,,2021,tourist_nights,Total nights spent in tourist accommodation
A,CR2001V,IT045C,2022,873715.0,,,IT045C,IT,,2022,tourist_nights,Total nights spent in tourist accommodation
A,CR2001V,IT045C,2023,856752.0,,,IT045C,IT,,2023,tourist_nights,Total nights spent in tourist accommodation
A,CR2001V,IT046C,2015,111591.0,,,IT046C,IT,,2015,tourist_nights,Total nights spent in tourist accommodation
A,CR2001V,IT046C,2016,114914.0,,,IT046C,IT,,2016,tourist_nights,Total nights spent in tourist accommodation
A,CR2001V,IT046C,2017,95547.0,,,IT046C,IT,,2017,tourist_nights,Total nights spent in tourist accommodation
A,CR2001V,IT046C,2018,105306.0,,,IT046C,IT,,2018,tourist_nights,Total nights spent in tourist accommodation
A,CR2001V,IT046C,2019,70485.0,,,IT046C,IT,,2019,tourist_nights,Total nights spent in tourist accommodation
A,CR2001V,IT046C,2020,24817.0,,,IT046C,IT,,2020,tourist_nights,Total nights spent in tourist accommodation
A,CR2001V,IT046C,2021,39434.0,,,IT046C,IT,,2021,tourist_nights,Total nights spent in tourist accommodation
A,CR2001V,IT046C,2022,45024.0,,,IT046C,IT,,2022,tourist_nights,Total nights spent in tourist accommodation
A,CR2001V,IT046C,2023,48559.0,,,IT046C,IT,,2023,tourist_nights,Total nights spent in tourist accommodation
A,CR2001V,IT047C,2015,174324.0,,,IT047C,IT,,2015,tourist_nights,Total nights spent in tourist accommodation
A,CR2001V,IT047C,2016,185454.0,,,IT047C,IT,,2016,tourist_nights,Total nights spent in tourist accommodation
A,CR2001V,IT047C,2017,212313.0,,,IT047C,IT,,2017,tourist_nights,Total nights spent in tourist accommodation
A,CR2001V,IT047C,2018,213191.0,,,IT047C,IT,,2018,tourist_nights,Total nights spent in tourist accommodation
A,CR2001V,IT047C,2019,224779.0,,,IT047C,IT,,2019,tourist_nights,Total nights spent in tourist accommodation
A,CR2001V,IT047C,2020,123494.0,,,IT047C,IT,,2020,tourist_nights,Total nights spent in tourist accommodation
A,CR2001V,IT047C,2021,179682.0,,,IT047C,IT,,2021,tourist_nights,Total nights spent in tourist accommodation
A,CR2001V,IT047C,2022,249707.0,,,IT047C,IT,,2022,tourist_nights,Total nights spent in tourist accommodation
A,CR2001V,IT047C,2023,230213.0,,,IT047C,IT,,2023,tourist_nights,Total nights spent in tourist accommodation
A,CR2001V,IT048C,2015,353645.0,,,IT048C,IT,,2015,tourist_nights,Total nights spent in tourist accommodation
A,CR2001V,IT048C,2016,409421.0,,,IT048C,IT,,2016,tourist_nights,Total nights spent in tourist accommodation
A,CR2001V,IT048C,2017,447721.0,,,IT048C,IT,,2017,tourist_nights,Total nights spent in tourist accommodation
A,CR2001V,IT048C,2018,547530.0,,,IT048C,IT,,2018,tourist_nights,Total nights spent in tourist accommodation
A,CR2001V,IT048C,2019,730434.0,,,IT048C,IT,,2019,tourist_nights,Total nights spent in tourist accommodation
A,CR2001V,IT048C,2020,253250.0,,,IT048C,IT,,2020,tourist_nights,Total nights spent in tourist accommodation
A,CR2001V,IT048C,2021,345187.0,,,IT048C,IT,,2021,tourist_nights,Total nights spent in tourist accommodation
A,CR2001V,IT048C,2022,537292.0,,,IT048C,IT,,2022,tourist_nights,Total nights spent in tourist accommodation
A,CR2001V,IT048C,2023,626313.0,,,IT048C,IT,,2023,tourist_nights,Total nights spent in tourist accommodation
A,CR2001V,IT049C,2015,202690.0,,,IT049C,IT,,2015,tourist_nights,Total nights spent in tourist accommodation
A,CR2001V,IT049C,2016,209194.0,,,IT049C,IT,,2016,tourist_nights,Total nights spent in tourist accommodation
A,CR2001V,IT049C,2017,215327.0,,,IT049C,IT,,2017,tourist_nights,Total nights spent in tourist accommodation
A,CR2001V,IT049C,2018,202844.0,,,IT049C,IT,,2018,tourist_nights,Total nights spent in tourist accommodation
A,CR2001V,IT049C,2019,199832.0,,,IT049C,IT,,2019,tourist_nights,Total nights spent in tourist accommodation
A,CR2001V,IT049C,2020,58178.0,,,IT049C,IT,,2020,tourist_nights,Total nights spent in tourist accommodation
A,CR2001V,IT049C,2021,76923.0,,,IT049C,IT,,2021,tourist_nights,Total nights spent in tourist accommodation
A,CR2001V,IT049C,2022,144124.0,,,IT049C,IT,,2022,tourist_nights,Total nights spent in tourist accommodation
A,CR2001V,IT049C,2023,173717.0,,,IT049C,IT,,2023,tourist_nights,Total nights spent in tourist accommodation
A,CR2001V,IT050C,2015,13658.0,,,IT050C,IT,,2015,tourist_nights,Total nights spent in tourist accommodation
A,CR2001V,IT050C,2016,25233.0,,,IT050C,IT,,2016,tourist_nights,Total nights spent in tourist accommodation
A,CR2001V,IT050C,2017,35013.0,,,IT050C,IT,,2017,tourist_nights,Total nights spent in tourist accommodation
A,CR2001V,IT050C,2018,36301.0,,,IT050C,IT,,2018,tourist_nights,Total nights spent in tourist accommodation
A,CR2001V,IT050C,2019,42841.0,,,IT050C,IT,,2019,tourist_nights,Total nights spent in tourist accommodation
A,CR2001V,IT050C,2020,12188.0,,,IT050C,IT,,2020,tourist_nights,Total nights spent in tourist accommodation
A,CR2001V,IT050C,2021,22198.0,,,IT050C,IT,,2021,tourist_nights,Total nights spent in tourist accommodation
A,CR2001V,IT050C,2022,39499.0,,,IT050C,IT,,2022,tourist_nights,Total nights spent in tourist accommodation
A,CR2001V,IT050C,2023,52494.0,,,IT050C,IT,,2023,tourist_nights,Total nights spent in tourist accommodation
A,CR2001V,IT051C,2015,113375.0,,,IT051C,IT,,2015,tourist_nights,Total nights spent in tourist accommodation
A,CR2001V,IT051C,2016,121197.0,,,IT051C,IT,,2016,tourist_nights,Total nights spent in tourist accommodation
A,CR2001V,IT051C,2017,137170.0,,,IT051C,IT,,2017,tourist_nights,Total nights spent in tourist accommodation
A,CR2001V,IT051C,2018,135653.0,,,IT051C,IT,,2018,tourist_nights,Total nights spent in tourist accommodation
A,CR2001V,IT051C,2019,137903.0,,,IT051C,IT,,2019,tourist_nights,Total nights spent in tourist accommodation
A,CR2001V,IT051C,2020,78076.0,,,IT051C,IT,,2020,tourist_nights,Total nights spent in tourist accommodation
A,CR2001V,IT051C,2021,97436.0,,,IT051C,IT,,2021,tourist_nights,Total nights spent in tourist accommodation
A,CR2001V,IT051C,2022,125018.0,,,IT051C,IT,,2022,tourist_nights,Total nights spent in tourist accommodation
A,CR2001V,IT051C,2023,129132.0,,,IT051C,IT,,2023,tourist_nights,Total nights spent in tourist accommodation
A,CR2001V,IT052C,2015,83686.0,,,IT052C,IT,,2015,tourist_nights,Total nights spent in tourist accommodation
A,CR2001V,IT052C,2016,88627.0,,,IT052C,IT,,2016,tourist_nights,Total nights spent in tourist accommodation
A,CR2001V,IT052C,2017,97119.0,,,IT052C,IT,,2017,tourist_nights,Total nights spent in tourist accommodation
A,CR2001V,IT052C,2018,101555.0,,,IT052C,IT,,2018,tourist_nights,Total nights spent in tourist accommodation
A,CR2001V,IT052C,2019,100675.0,,,IT052C,IT,,2019,tourist_nights,Total nights spent in tourist accommodation
A,CR2001V,IT052C,2020,40881.0,,,IT052C,IT,,2020,tourist_nights,Total nights spent in tourist accommodation
A,CR2001V,IT052C,2021,65632.0,,,IT052C,IT,,2021,tourist_nights,Total nights spent in tourist accommodation
A,CR2001V,IT052C,2022,106272.0,,,IT052C,IT,,2022,tourist_nights,Total nights spent in tourist accommodation
A,CR2001V,IT052C,2023,139707.0,,,IT052C,IT,,2023,tourist_nights,Total nights spent in tourist accommodation
A,CR2001V,IT053C,2015,19072.0,,,IT053C,IT,,2015,tourist_nights,Total nights spent in tourist accommodation
A,CR2001V,IT053C,2016,21339.0,,,IT053C,IT,,2016,tourist_nights,Total nights spent in tourist accommodation
A,CR2001V,IT053C,2017,34976.0,,,IT053C,IT,,2017,tourist_nights,Total nights spent in tourist accommodation
A,CR2001V,IT053C,2018,38841.0,,,IT053C,IT,,2018,tourist_nights,Total nights spent in tourist accommodation
A,CR2001V,IT053C,2019,48749.0,,,IT053C,IT,,2019,tourist_nights,Total nights spent in tourist accommodation
A,CR2001V,IT053C,2020,24002.0,,,IT053C,IT,,2020,tourist_nights,Total nights spent in tourist accommodation
A,CR2001V,IT053C,2021,29539.0,,,IT053C,IT,,2021,tourist_nights,Total nights spent in tourist accommodation
A,CR2001V,IT053C,2022,43634.0,,,IT053C,IT,,2022,tourist_nights,Total nights spent in tourist accommodation
A,CR2001V,IT053C,2023,38675.0,,,IT053C,IT,,2023,tourist_nights,Total nights spent in tourist accommodation
A,CR2001V,IT054C,2015,11809.0,,,IT054C,IT,,2015,tourist_nights,Total nights spent in tourist accommodation
A,CR2001V,IT054C,2016,16628.0,,,IT054C,IT,,2016,tourist_nights,Total nights spent in tourist accommodation
A,CR2001V,IT054C,2017,17415.0,,,IT054C,IT,,2017,tourist_nights,Total nights spent in tourist accommodation
A,CR2001V,IT054C,2018,17626.0,,,IT054C,IT,,2018,tourist_nights,Total nights spent in tourist accommodation
A,CR2001V,IT054C,2019,20210.0,,,IT054C,IT,,2019,tourist_nights,Total nights spent in tourist accommodation
A,CR2001V,IT054C,2020,7027.0,,,IT054C,IT,,2020,tourist_nights,Total nights spent in tourist accommodation
A,CR2001V,IT054C,2021,9106.0,,,IT054C,IT,,2021,tourist_nights,Total nights spent in tourist accommodation
A,CR2001V,IT054C,2022,16408.0,,,IT054C,IT,,2022,tourist_nights,Total nights spent in tourist accommodation
A,CR2001V,IT054C,2023,16650.0,,,IT054C,IT,,2023,tourist_nights,Total nights spent in tourist accommodation
A,CR2001V,IT055C,2015,17871.0,,,IT055C,IT,,2015,tourist_nights,Total nights spent in tourist accommodation
A,CR2001V,IT055C,2016,19235.0,,,IT055C,IT,,2016,tourist_nights,Total nights spent in tourist accommodation
A,CR2001V,IT055C,2017,18842.0,,,IT055C,IT,,2017,tourist_nights,Total nights spent in tourist accommodation
A,CR2001V,IT055C,2018,22666.0,,,IT055C,IT,,2018,tourist_nights,Total nights spent in tourist accommodation
A,CR2001V,IT055C,2019,27203.0,,,IT055C,IT,,2019,tourist_nights,Total nights spent in tourist accommodation
A,CR2001V,IT055C,2020,14711.0,,,IT055C,IT,,2020,tourist_nights,Total nights spent in tourist accommodation
A,CR2001V,IT055C,2021,16932.0,,,IT055C,IT,,2021,tourist_nights,Total nights spent in tourist accommodation
A,CR2001V,IT055C,2022,25416.0,,,IT055C,IT,,2022,tourist_nights,Total nights spent in tourist accommodation
A,CR2001V,IT055C,2023,28723.0,,,IT055C,IT,,2023,tourist_nights,Total nights spent in tourist accommodation
A,CR2001V,IT056C,2015,159656.0,,,IT056C,IT,,2015,tourist_nights,Total nights spent in tourist accommodation
A,CR2001V,IT056C,2016,139298.0,,,IT056C,IT,,2016,tourist_nights,Total nights spent in tourist accommodation
A,CR2001V,IT056C,2017,167729.0,,,IT056C,IT,,2017,tourist_nights,Total nights spent in tourist accommodation
A,CR2001V,IT056C,2018,207192.0,,,IT056C,IT,,2018,tourist_nights,Total nights spent in tourist accommodation
A,CR2001V,IT056C,2019,215721.0,,,IT056C,IT,,2019,tourist_nights,Total nights spent in tourist accommodation
A,CR2001V,IT056C,2020,61338.0,,,IT056C,IT,,2020,tourist_nights,Total nights spent in tourist accommodation
A,CR2001V,IT056C,2021,122833.0,,,IT056C,IT,,2021,tourist_nights,Total nights spent in tourist accommodation
A,CR2001V,IT056C,2022,144321.0,,,IT056C,IT,,2022,tourist_nights,Total nights spent in tourist accommodation
A,CR2001V,IT056C,2023,200764.0,,,IT056C,IT,,2023,tourist_nights,Total nights spent in tourist accommodation
A,CR2001V,IT057C,2015,66845.0,,,IT057C,IT,,2015,tourist_nights,Total nights spent in tourist accommodation
A,CR2001V,IT057C,2016,73674.0,,,IT057C,IT,,2016,tourist_nights,Total nights spent in tourist accommodation
A,CR2001V,IT057C,2017,80927.0,,,IT057C,IT,,2017,tourist_nights,Total nights spent in tourist accommodation
A,CR2001V,IT057C,2018,81777.0,,,IT057C,IT,,2018,tourist_nights,Total nights spent in tourist accommodation
A,CR2001V,IT057C,2019,80745.0,,,IT057C,IT,,2019,tourist_nights,Total nights spent in tourist accommodation
A,CR2001V,IT057C,2020,49808.0,,,IT057C,IT,,2020,tourist_nights,Total nights spent in tourist accommodation
A,CR2001V,IT057C,2021,73398.0,,,IT057C,IT,,2021,tourist_nights,Total nights spent in tourist accommodation
A,CR2001V,IT057C,2022,84974.0,,,IT057C,IT,,2022,tourist_nights,Total nights spent in tourist accommodation
A,CR2001V,IT057C,2023,81586.0,,,IT057C,IT,,2023,tourist_nights,Total nights spent in tourist accommodation
A,CR2001V,IT058C,2015,84201.0,,,IT058C,IT,,2015,tourist_nights,Total nights spent in tourist accommodation
A,CR2001V,IT058C,2016,91053.0,,,IT058C,IT,,2016,tourist_nights,Total nights spent in tourist accommodation
A,CR2001V,IT058C,2017,67130.0,,,IT058C,IT,,2017,tourist_nights,Total nights spent in tourist accommodation
A,CR2001V,IT058C,2018,71471.0,,,IT058C,IT,,2018,tourist_nights,Total nights spent in tourist accommodation
A,CR2001V,IT058C,2019,69498.0,,,IT058C,IT,,2019,tourist_nights,Total nights spent in tourist accommodation
A,CR2001V,IT058C,2020,36685.0,,,IT058C,IT,,2020,tourist_nights,Total nights spent in tourist accommodation
A,CR2001V,IT058C,2021,45805.0,,,IT058C,IT,,2021,tourist_nights,Total nights spent in tourist accommodation
A,CR2001V,IT058C,2022,67704.0,,,IT058C,IT,,2022,tourist_nights,Total nights spent in tourist accommodation
A,CR2001V,IT058C,2023,75218.0,,,IT058C,IT,,2023,tourist_nights,Total nights spent in tourist accommodation
A,CR2001V,IT059C,2015,8334.0,,,IT059C,IT,,2015,tourist_nights,Total nights spent in tourist accommodation
A,CR2001V,IT059C,2016,9756.0,,,IT059C,IT,,2016,tourist_nights,Total nights spent in tourist accommodation
A,CR2001V,IT059C,2017,10243.0,,,IT059C,IT,,2017,tourist_nights,Total nights spent in tourist accommodation
A,CR2001V,IT059C,2018,9360.0,,,IT059C,IT,,2018,tourist_nights,Total nights spent in tourist accommodation
A,CR2001V,IT059C,2019,20240.0,,,IT059C,IT,,2019,tourist_nights,Total nights spent in tourist accommodation
A,CR2001V,IT059C,2020,15365.0,,,IT059C,IT,,2020,tourist_nights,Total nights spent in tourist accommodation
A,CR2001V,IT059C,2021,17475.0,,,IT059C,IT,,2021,tourist_nights,Total nights spent in tourist accommodation
A,CR2001V,IT059C,2022,18940.0,,,IT059C,IT,,2022,tourist_nights,Total nights spent in tourist accommodation
A,CR2001V,IT059C,2023,22574.0,,,IT059C,IT,,2023,tourist_nights,Total nights spent in tourist accommodation
A,CR2001V,IT060C,2015,21576.0,,,IT060C,IT,,2015,tourist_nights,Total nights spent in tourist accommodation
A,CR2001V,IT060C,2016,18190.0,,,IT060C,IT,,2016,tourist_nights,Total nights spent in tourist accommodation
A,CR2001V,IT060C,2017,27866.0,,,IT060C,IT,,2017,tourist_nights,Total nights spent in tourist accommodation
A,CR2001V,IT060C,2018,37665.0,,,IT060C,IT,,2018,tourist_nights,Total nights spent in tourist accommodation
A,CR2001V,IT060C,2019,42267.0,,,IT060C,IT,,2019,tourist_nights,Total nights spent in tourist accommodation
A,CR2001V,IT060C,2020,26314.0,,,IT060C,IT,,2020,tourist_nights,Total nights spent in tourist accommodation
A,CR2001V,IT060C,2021,33322.0,,,IT060C,IT,,2021,tourist_nights,Total nights spent in tourist accommodation
A,CR2001V,IT060C,2022,30624.0,,,IT060C,IT,,2022,tourist_nights,Total nights spent in tourist accommodation
A,CR2001V,IT060C,2023,35427.0,,,IT060C,IT,,2023,tourist_nights,Total nights spent in tourist accommodation
A,CR2001V,IT061C,2015,30912.0,,,IT061C,IT,,2015,tourist_nights,Total nights spent in tourist accommodation
A,CR2001V,IT061C,2016,13876.0,,,IT061C,IT,,2016,tourist_nights,Total nights spent in tourist accommodation
A,CR2001V,IT061C,2017,13407.0,,,IT061C,IT,,2017,tourist_nights,Total nights spent in tourist accommodation
A,CR2001V,IT061C,2018,14741.0,,,IT061C,IT,,2018,tourist_nights,Total nights spent in tourist accommodation
A,CR2001V,IT061C,2019,15397.0,,,IT061C,IT,,2019,tourist_nights,Total nights spent in tourist accommodation
A,CR2001V,IT061C,2020,10942.0,,,IT061C,IT,,2020,tourist_nights,Total nights spent in tourist accommodation
A,CR2001V,IT061C,2021,15346.0,,,IT061C,IT,,2021,tourist_nights,Total nights spent in tourist accommodation
A,CR2001V,IT061C,2022,17587.0,,,IT061C,IT,,2022,tourist_nights,Total nights spent in tourist accommodation
A,CR2001V,IT061C,2023,19262.0,,,IT061C,IT,,2023,tourist_nights,Total nights spent in tourist accommodation
A,CR2001V,IT062C,2017,120267.0,,,IT062C,IT,,2017,tourist_nights,Total nights spent in tourist accommodation
A,CR2001V,IT062C,2018,183520.0,,,IT062C,IT,,2018,tourist_nights,Total nights spent in tourist accommodation
A,CR2001V,IT062C,2019,296969.0,,,IT062C,IT,,2019,tourist_nights,Total nights spent in tourist accommodation
A,CR2001V,IT062C,2020,25411.0,,,IT062C,IT,,2020,tourist_nights,Total nights spent in tourist accommodation
A,CR2001V,IT062C,2021,104945.0,,,IT062C,IT,,2021,tourist_nights,Total nights spent in tourist accommodation
A,CR2001V,IT062C,2022,160101.0,,,IT062C,IT,,2022,tourist_nights,Total nights spent in tourist accommodation
A,CR2001V,IT062C,2023,153807.0,,,IT062C,IT,,2023,tourist_nights,Total nights spent in tourist accommodation
A,CR2001V,IT063C,2015,35863.0,,,IT063C,IT,,2015,tourist_nights,Total nights spent in tourist accommodation
A,CR2001V,IT063C,2016,54600.0,,,IT063C,IT,,2016,tourist_nights,Total nights spent in tourist accommodation
A,CR2001V,IT063C,2017,62951.0,,,IT063C,IT,,2017,tourist_nights,Total nights spent in tourist accommodation
A,CR2001V,IT063C,2018,61283.0,,,IT063C,IT,,2018,tourist_nights,Total nights spent in tourist accommodation
A,CR2001V,IT063C,2019,62480.0,,,IT063C,IT,,2019,tourist_nights,Total nights spent in tourist accommodation
A,CR2001V,IT063C,2020,14169.0,,,IT063C,IT,,2020,tourist_nights,Total nights spent in tourist accommodation
A,CR2001V,IT063C,2021,23112.0,,,IT063C,IT,,2021,tourist_nights,Total nights spent in tourist accommodation
A,CR2001V,IT063C,2022,46674.0,,,IT063C,IT,,2022,tourist_nights,Total nights spent in tourist accommodation
A,CR2001V,IT063C,2023,64487.0,,,IT063C,IT,,2023,tourist_nights,Total nights spent in tourist accommodation
A,CR2001V,IT064C,2015,240134.0,,,IT064C,IT,,2015,tourist_nights,Total nights spent in tourist accommodation
A,CR2001V,IT064C,2016,119448.0,,,IT064C,IT,,2016,tourist_nights,Total nights spent in tourist accommodation
A,CR2001V,IT064C,2017,112180.0,,,IT064C,IT,,2017,tourist_nights,Total nights spent in tourist accommodation
A,CR2001V,IT064C,2018,83604.0,,,IT064C,IT,,2018,tourist_nights,Total nights spent in tourist accommodation
A,CR2001V,IT064C,2019,92570.0,,,IT064C,IT,,2019,tourist_nights,Total nights spent in tourist accommodation
A,CR2001V,IT064C,2020,60948.0,,,IT064C,IT,,2020,tourist_nights,Total nights spent in tourist accommodation
A,CR2001V,IT064C,2021,91277.0,,,IT064C,IT,,2021,tourist_nights,Total nights spent in tourist accommodation
A,CR2001V,IT064C,2022,129277.0,,,IT064C,IT,,2022,tourist_nights,Total nights spent in tourist accommodation
A,CR2001V,IT064C,2023,140758.0,,,IT064C,IT,,2023,tourist_nights,Total nights spent in tourist accommodation
A,CR2001V,IT065C,2015,431887.0,,,IT065C,IT,,2015,tourist_nights,Total nights spent in tourist accommodation
A,CR2001V,IT065C,2016,406296.0,,,IT065C,IT,,2016,tourist_nights,Total nights spent in tourist accommodation
A,CR2001V,IT065C,2017,407053.0,,,IT065C,IT,,2017,tourist_nights,Total nights spent in tourist accommodation
A,CR2001V,IT065C,2018,427121.0,,,IT065C,IT,,2018,tourist_nights,Total nights spent in tourist accommodation
A,CR2001V,IT065C,2019,436516.0,,,IT065C,IT,,2019,tourist_nights,Total nights spent in tourist accommodation
A,CR2001V,IT065C,2020,168966.0,,,IT065C,IT,,2020,tourist_nights,Total nights spent in tourist accommodation
A,CR2001V,IT065C,2021,232860.0,,,IT065C,IT,,2021,tourist_nights,Total nights spent in tourist accommodation
A,CR2001V,IT065C,2022,331489.0,,,IT065C,IT,,2022,tourist_nights,Total nights spent in tourist accommodation
A,CR2001V,IT065C,2023,382894.0,,,IT065C,IT,,2023,tourist_nights,Total nights spent in tourist accommodation
A,CR2001V,IT066C,2015,659703.0,,,IT066C,IT,,2015,tourist_nights,Total nights spent in tourist accommodation
A,CR2001V,IT066C,2016,700934.0,,,IT066C,IT,,2016,tourist_nights,Total nights spent in tourist accommodation
A,CR2001V,IT066C,2017,663316.0,,,IT066C,IT,,2017,tourist_nights,Total nights spent in tourist accommodation
A,CR2001V,IT066C,2018,735127.0,,,IT066C,IT,,2018,tourist_nights,Total nights spent in tourist accommodation
A,CR2001V,IT066C,2019,719997.0,,,IT066C,IT,,2019,tourist_nights,Total nights spent in tourist accommodation
A,CR2001V,IT066C,2020,305821.0,,,IT066C,IT,,2020,tourist_nights,Total nights spent in tourist accommodation
A,CR2001V,IT066C,2021,453761.0,,,IT066C,IT,,2021,tourist_nights,Total nights spent in tourist accommodation
A,CR2001V,IT066C,2022,701597.0,,,IT066C,IT,,2022,tourist_nights,Total nights spent in tourist accommodation
A,CR2001V,IT066C,2023,741704.0,,,IT066C,IT,,2023,tourist_nights,Total nights spent in tourist accommodation
A,CR2001V,IT067C,2015,320360.0,,,IT067C,IT,,2015,tourist_nights,Total nights spent in tourist accommodation
A,CR2001V,IT067C,2016,307351.0,,,IT067C,IT,,2016,tourist_nights,Total nights spent in tourist accommodation
A,CR2001V,IT067C,2017,319796.0,,,IT067C,IT,,2017,tourist_nights,Total nights spent in tourist accommodation
A,CR2001V,IT067C,2018,337434.0,,,IT067C,IT,,2018,tourist_nights,Total nights spent in tourist accommodation
A,CR2001V,IT067C,2019,365631.0,,,IT067C,IT,,2019,tourist_nights,Total nights spent in tourist accommodation
A,CR2001V,IT067C,2020,253732.0,,,IT067C,IT,,2020,tourist_nights,Total nights spent in tourist accommodation
A,CR2001V,IT067C,2021,348041.0,,,IT067C,IT,,2021,tourist_nights,Total nights spent in tourist accommodation
A,CR2001V,IT067C,2022,398481.0,,,IT067C,IT,,2022,tourist_nights,Total nights spent in tourist accommodation
A,CR2001V,IT067C,2023,444070.0,,,IT067C,IT,,2023,tourist_nights,Total nights spent in tourist accommodation
A,CR2001V,IT068C,2015,299223.0,,,IT068C,IT,,2015,tourist_nights,Total nights spent in tourist accommodation
A,CR2001V,IT068C,2016,336620.0,,,IT068C,IT,,2016,tourist_nights,Total nights spent in tourist accommodation
A,CR2001V,IT068C,2017,360540.0,,,IT068C,IT,,2017,tourist_nights,Total nights spent in tourist accommodation
A,CR2001V,IT068C,2018,367647.0,,,IT068C,IT,,2018,tourist_nights,Total nights spent in tourist accommodation
A,CR2001V,IT068C,2019,373686.0,,,IT068C,IT,,2019,tourist_nights,Total nights spent in tourist accommodation
A,CR2001V,IT068C,2020,154050.0,,,IT068C,IT,,2020,tourist_nights,Total nights spent in tourist accommodation
A,CR2001V,IT068C,2021,197150.0,,,IT068C,IT,,2021,tourist_nights,Total nights spent in tourist accommodation
A,CR2001V,IT068C,2022,305764.0,,,IT068C,IT,,2022,tourist_nights,Total nights spent in tourist accommodation
A,CR2001V,IT068C,2023,313468.0,,,IT068C,IT,,2023,tourist_nights,Total nights spent in tourist accommodation
A,CR2001V,IT069C,2015,2498541.0,,,IT069C,IT,,2015,tourist_nights,Total nights spent in tourist accommodation
A,CR2001V,IT069C,2016,2670111.0,,,IT069C,IT,,2016,tourist_nights,Total nights spent in tourist accommodation
A,CR2001V,IT069C,2017,2779203.0,,,IT069C,IT,,2017,tourist_nights,Total nights spent in tourist accommodation
A,CR2001V,IT069C,2018,2744504.0,,,IT069C,IT,,2018,tourist_nights,Total nights spent in tourist accommodation
A,CR2001V,IT069C,2019,2719090.0,,,IT069C,IT,,2019,tourist_nights,Total nights spent in tourist accommodation
A,CR2001V,IT069C,2020,1708005.0,,,IT069C,IT,,2020,tourist_nights,Total nights spent in tourist accommodation
A,CR2001V,IT069C,2021,2194639.0,,,IT069C,IT,,2021,tourist_nights,Total nights spent in tourist accommodation
A,CR2001V,IT069C,2022,2612011.0,,,IT069C,IT,,2022,tourist_nights,Total nights spent in tourist accommodation
A,CR2001V,IT069C,2023,2723329.0,,,IT069C,IT,,2023,tourist_nights,Total nights spent in tourist accommodation
A,CR2001V,IT070C,2015,385626.0,,,IT070C,IT,,2015,tourist_nights,Total nights spent in tourist accommodation
A,CR2001V,IT070C,2016,425546.0,,,IT070C,IT,,2016,tourist_nights,Total nights spent in tourist accommodation
A,CR2001V,IT070C,2017,455743.0,,,IT070C,IT,,2017,tourist_nights,Total nights spent in tourist accommodation
A,CR2001V,IT070C,2018,450436.0,,,IT070C,IT,,2018,tourist_nights,Total nights spent in tourist accommodation
A,CR2001V,IT070C,2019,479111.0,,,IT070C,IT,,2019,tourist_nights,Total nights spent in tourist accommodation
A,CR2001V,IT070C,2020,218875.0,,,IT070C,IT,,2020,tourist_nights,Total nights spent in tourist accommodation
A,CR2001V,IT070C,2021,319099.0,,,IT070C,IT,,2021,tourist_nights,Total nights spent in tourist accommodation
A,CR2001V,IT070C,2022,446189.0,,,IT070C,IT,,2022,tourist_nights,Total nights spent in tourist accommodation
A,CR2001V,IT070C,2023,460369.0,,,IT070C,IT,,2023,tourist_nights,Total nights spent in tourist accommodation
A,CR2001V,IT071C,2015,6916643.0,,,IT071C,IT,,2015,tourist_nights,Total nights spent in tourist accommodation
A,CR2001V,IT071C,2016,7093796.0,,,IT071C,IT,,2016,tourist_nights,Total nights spent in tourist accommodation
A,CR2001V,IT071C,2017,7376990.0,,,IT071C,IT,,2017,tourist_nights,Total nights spent in tourist accommodation
A,CR2001V,IT071C,2018,7460300.0,,,IT071C,IT,,2018,tourist_nights,Total nights spent in tourist accommodation
A,CR2001V,IT071C,2019,7548135.0,,,IT071C,IT,,2019,tourist_nights,Total nights spent in tourist accommodation
A,CR2001V,IT071C,2020,3914530.0,,,IT071C,IT,,2020,tourist_nights,Total nights spent in tourist accommodation
A,CR2001V,IT071C,2021,5222151.0,,,IT071C,IT,,2021,tourist_nights,Total nights spent in tourist accommodation
A,CR2001V,IT071C,2022,6491230.0,,,IT071C,IT,,2022,tourist_nights,Total nights spent in tourist accommodation
A,CR2001V,IT071C,2023,6749523.0,,,IT071C,IT,,2023,tourist_nights,Total nights spent in tourist accommodation
A,CR2001V,IT072C,2015,898789.0,,,IT072C,IT,,2015,tourist_nights,Total nights spent in tourist accommodation
A,CR2001V,IT072C,2016,746223.0,,,IT072C,IT,,2016,tourist_nights,Total nights spent in tourist accommodation
A,CR2001V,IT072C,2017,780755.0,,,IT072C,IT,,2017,tourist_nights,Total nights spent in tourist accommodation
A,CR2001V,IT072C,2018,749719.0,,,IT072C,IT,,2018,tourist_nights,Total nights spent in tourist accommodation
A,CR2001V,IT072C,2019,805381.0,,,IT072C,IT,,2019,tourist_nights,Total nights spent in tourist accommodation
A,CR2001V,IT072C,2020,309272.0,,,IT072C,IT,,2020,tourist_nights,Total nights spent in tourist accommodation
A,CR2001V,IT072C,2021,421648.0,,,IT072C,IT,,2021,tourist_nights,Total nights spent in tourist accommodation
A,CR2001V,IT072C,2022,744283.0,,,IT072C,IT,,2022,tourist_nights,Total nights spent in tourist accommodation
A,CR2001V,IT072C,2023,851058.0,,,IT072C,IT,,2023,tourist_nights,Total nights spent in tourist accommodation
A,CR2001V,IT073C,2015,535444.0,,,IT073C,IT,,2015,tourist_nights,Total nights spent in tourist accommodation
A,CR2001V,IT073C,2016,563884.0,,,IT073C,IT,,2016,tourist_nights,Total nights spent in tourist accommodation
A,CR2001V,IT073C,2017,677331.0,,,IT073C,IT,,2017,tourist_nights,Total nights spent in tourist accommodation
A,CR2001V,IT073C,2018,636535.0,,,IT073C,IT,,2018,tourist_nights,Total nights spent in tourist accommodation
A,CR2001V,IT073C,2019,692554.0,,,IT073C,IT,,2019,tourist_nights,Total nights spent in tourist accommodation
A,CR2001V,IT073C,2020,197533.0,,,IT073C,IT,,2020,tourist_nights,Total nights spent in tourist accommodation
A,CR2001V,IT073C,2021,358114.0,,,IT073C,IT,,2021,tourist_nights,Total nights spent in tourist accommodation
A,CR2001V,IT073C,2022,631033.0,,,IT073C,IT,,2022,tourist_nights,Total nights spent in tourist accommodation
A,CR2001V,IT073C,2023,848702.0,,,IT073C,IT,,2023,tourist_nights,Total nights spent in tourist accommodation
A,CR2001V,IT074C,2015,196021.0,,,IT074C,IT,,2015,tourist_nights,Total nights spent in tourist accommodation
A,CR2001V,IT074C,2016,200915.0,,,IT074C,IT,,2016,tourist_nights,Total nights spent in tourist accommodation
A,CR2001V,IT074C,2017,220093.0,,,IT074C,IT,,2017,tourist_nights,Total nights spent in tourist accommodation
A,CR2001V,IT074C,2018,224361.0,,,IT074C,IT,,2018,tourist_nights,Total nights spent in tourist accommodation
A,CR2001V,IT074C,2019,222516.0,,,IT074C,IT,,2019,tourist_nights,Total nights spent in tourist accommodation
A,CR2001V,IT074C,2020,126930.0,,,IT074C,IT,,2020,tourist_nights,Total nights spent in tourist accommodation
A,CR2001V,IT074C,2021,180235.0,,,IT074C,IT,,2021,tourist_nights,Total nights spent in tourist accommodation
A,CR2001V,IT074C,2022,233571.0,,,IT074C,IT,,2022,tourist_nights,Total nights spent in tourist accommodation
A,CR2001V,IT074C,2023,270298.0,,,IT074C,IT,,2023,tourist_nights,Total nights spent in tourist accommodation
A,CR2001V,IT075C,2015,173831.0,,,IT075C,IT,,2015,tourist_nights,Total nights spent in tourist accommodation
A,CR2001V,IT075C,2016,180123.0,,,IT075C,IT,,2016,tourist_nights,Total nights spent in tourist accommodation
A,CR2001V,IT075C,2017,158083.0,,,IT075C,IT,,2017,tourist_nights,Total nights spent in tourist accommodation
A,CR2001V,IT075C,2018,177546.0,,,IT075C,IT,,2018,tourist_nights,Total nights spent in tourist accommodation
A,CR2001V,IT075C,2019,184613.0,,,IT075C,IT,,2019,tourist_nights,Total nights spent in tourist accommodation
A,CR2001V,IT075C,2020,109134.0,,,IT075C,IT,,2020,tourist_nights,Total nights spent in tourist accommodation
A,CR2001V,IT075C,2021,130590.0,,,IT075C,IT,,2021,tourist_nights,Total nights spent in tourist accommodation
A,CR2001V,IT075C,2022,183843.0,,,IT075C,IT,,2022,tourist_nights,Total nights spent in tourist accommodation
A,CR2001V,IT075C,2023,266913.0,,,IT075C,IT,,2023,tourist_nights,Total nights spent in tourist accommodation
A,CR2001V,IT076C,2015,500734.0,,,IT076C,IT,,2015,tourist_nights,Total nights spent in tourist accommodation
A,CR2001V,IT076C,2016,564456.0,,,IT076C,IT,,2016,tourist_nights,Total nights spent in tourist accommodation
A,CR2001V,IT076C,2017,604240.0,,,IT076C,IT,,2017,tourist_nights,Total nights spent in tourist accommodation
A,CR2001V,IT076C,2018,619810.0,,,IT076C,IT,,2018,tourist_nights,Total nights spent in tourist accommodation
A,CR2001V,IT076C,2019,642700.0,,,IT076C,IT,,2019,tourist_nights,Total nights spent in tourist accommodation
A,CR2001V,IT076C,2020,274720.0,,,IT076C,IT,,2020,tourist_nights,Total nights spent in tourist accommodation
A,CR2001V,IT076C,2021,402452.0,,,IT076C,IT,,2021,tourist_nights,Total nights spent in tourist accommodation
A,CR2001V,IT076C,2022,489236.0,,,IT076C,IT,,2022,tourist_nights,Total nights spent in tourist accommodation
A,CR2001V,IT076C,2023,555295.0,,,IT076C,IT,,2023,tourist_nights,Total nights spent in tourist accommodation
A,CR2001V,IT077C,2015,220905.0,,,IT077C,IT,,2015,tourist_nights,Total nights spent in tourist accommodation
A,CR2001V,IT077C,2016,225988.0,,,IT077C,IT,,2016,tourist_nights,Total nights spent in tourist accommodation
A,CR2001V,IT077C,2017,231017.0,,,IT077C,IT,,2017,tourist_nights,Total nights spent in tourist accommodation
A,CR2001V,IT077C,2018,209827.0,,,IT077C,IT,,2018,tourist_nights,Total nights spent in tourist accommodation
A,CR2001V,IT077C,2019,214678.0,,,IT077C,IT,,2019,tourist_nights,Total nights spent in tourist accommodation
A,CR2001V,IT077C,2020,136462.0,,,IT077C,IT,,2020,tourist_nights,Total nights spent in tourist accommodation
A,CR2001V,IT077C,2021,175676.0,,,IT077C,IT,,2021,tourist_nights,Total nights spent in tourist accommodation
A,CR2001V,IT077C,2022,227303.0,,,IT077C,IT,,2022,tourist_nights,Total nights spent in tourist accommodation
A,CR2001V,IT077C,2023,287675.0,,,IT077C,IT,,2023,tourist_nights,Total nights spent in tourist accommodation
A,CR2001V,IT078C,2015,159243.0,,,IT078C,IT,,2015,tourist_nights,Total nights spent in tourist accommodation
A,CR2001V,IT078C,2016,137672.0,,,IT078C,IT,,2016,tourist_nights,Total nights spent in tourist accommodation
A,CR2001V,IT078C,2017,143553.0,,,IT078C,IT,,2017,tourist_nights,Total nights spent in tourist accommodation
A,CR2001V,IT078C,2018,144790.0,,,IT078C,IT,,2018,tourist_nights,Total nights spent in tourist accommodation
A,CR2001V,IT078C,2019,148917.0,,,IT078C,IT,,2019,tourist_nights,Total nights spent in tourist accommodation
A,CR2001V,IT078C,2020,78209.0,,,IT078C,IT,,2020,tourist_nights,Total nights spent in tourist accommodation
A,CR2001V,IT078C,2021,110589.0,,,IT078C,IT,,2021,tourist_nights,Total nights spent in tourist accommodation
A,CR2001V,IT078C,2022,141290.0,,,IT078C,IT,,2022,tourist_nights,Total nights spent in tourist accommodation
A,CR2001V,IT078C,2023,159954.0,,,IT078C,IT,,2023,tourist_nights,Total nights spent in tourist accommodation
A,CR2001V,IT079C,2015,123103.0,,,IT079C,IT,,2015,tourist_nights,Total nights spent in tourist accommodation
A,CR2001V,IT079C,2016,121333.0,,,IT079C,IT,,2016,tourist_nights,Total nights spent in tourist accommodation
A,CR2001V,IT079C,2017,137022.0,,,IT079C,IT,,2017,tourist_nights,Total nights spent in tourist accommodation
A,CR2001V,IT079C,2018,151947.0,,,IT079C,IT,,2018,tourist_nights,Total nights spent in tourist accommodation
A,CR2001V,IT079C,2019,143156.0,,,IT079C,IT,,2019,tourist_nights,Total nights spent in tourist accommodation
A,CR2001V,IT079C,2020,66737.0,,,IT079C,IT,,2020,tourist_nights,Total nights spent in tourist accommodation
A,CR2001V,IT079C,2021,109010.0,,,IT079C,IT,,2021,tourist_nights,Total nights spent in tourist accommodation
A,CR2001V,IT079C,2022,138813.0,,,IT079C,IT,,2022,tourist_nights,Total nights spent in tourist accommodation
A,CR2001V,IT079C,2023,152468.0,,,IT079C,IT,,2023,tourist_nights,Total nights spent in tourist accommodation
A,CR2001V,IT080C,2015,301136.0,,,IT080C,IT,,2015,tourist_nights,Total nights spent in tourist accommodation
A,CR2001V,IT080C,2016,316962.0,,,IT080C,IT,,2016,tourist_nights,Total nights spent in tourist accommodation
A,CR2001V,IT080C,2017,365860.0,,,IT080C,IT,,2017,tourist_nights,Total nights spent in tourist accommodation
A,CR2001V,IT080C,2018,434418.0,,,IT080C,IT,,2018,tourist_nights,Total nights spent in tourist accommodation
A,CR2001V,IT080C,2019,442226.0,,,IT080C,IT,,2019,tourist_nights,Total nights spent in tourist accommodation
A,CR2001V,IT080C,2020,203767.0,,,IT080C,IT,,2020,tourist_nights,Total nights spent in tourist accommodation
A,CR2001V,IT080C,2021,320043.0,,,IT080C,IT,,2021,tourist_nights,Total nights spent in tourist accommodation
A,CR2001V,IT080C,2022,425987.0,,,IT080C,IT,,2022,tourist_nights,Total nights spent in tourist accommodation
A,CR2001V,IT080C,2023,469903.0,,,IT080C,IT,,2023,tourist_nights,Total nights spent in tourist accommodation
A,CR2001V,IT081C,2015,1127238.0,,,IT081C,IT,,2015,tourist_nights,Total nights spent in tourist accommodation
A,CR2001V,IT081C,2016,1046152.0,,,IT081C,IT,,2016,tourist_nights,Total nights spent in tourist accommodation
A,CR2001V,IT081C,2017,1082521.0,,,IT081C,IT,,2017,tourist_nights,Total nights spent in tourist accommodation
A,CR2001V,IT081C,2018,1120975.0,,,IT081C,IT,,2018,tourist_nights,Total nights spent in tourist accommodation
A,CR2001V,IT081C,2019,1125514.0,,,IT081C,IT,,2019,tourist_nights,Total nights spent in tourist accommodation
A,CR2001V,IT081C,2020,925331.0,,,IT081C,IT,,2020,tourist_nights,Total nights spent in tourist accommodation
A,CR2001V,IT081C,2021,1115275.0,,,IT081C,IT,,2021,tourist_nights,Total nights spent in tourist accommodation
A,CR2001V,IT081C,2022,1135019.0,,,IT081C,IT,,2022,tourist_nights,Total nights spent in tourist accommodation
A,CR2001V,IT081C,2023,1124186.0,,,IT081C,IT,,2023,tourist_nights,Total nights spent in tourist accommodation
A,CR2001V,IT082C,2015,148592.0,,,IT082C,IT,,2015,tourist_nights,Total nights spent in tourist accommodation
A,CR2001V,IT082C,2016,149125.0,,,IT082C,IT,,2016,tourist_nights,Total nights spent in tourist accommodation
A,CR2001V,IT082C,2017,155419.0,,,IT082C,IT,,2017,tourist_nights,Total nights spent in tourist accommodation
A,CR2001V,IT082C,2018,159399.0,,,IT082C,IT,,2018,tourist_nights,Total nights spent in tourist accommodation
A,CR2001V,IT082C,2019,186872.0,,,IT082C,IT,,2019,tourist_nights,Total nights spent in tourist accommodation
A,CR2001V,IT082C,2020,117411.0,,,IT082C,IT,,2020,tourist_nights,Total nights spent in tourist accommodation
A,CR2001V,IT082C,2021,145751.0,,,IT082C,IT,,2021,tourist_nights,Total nights spent in tourist accommodation
A,CR2001V,IT082C,2022,182204.0,,,IT082C,IT,,2022,tourist_nights,Total nights spent in tourist accommodation
A,CR2001V,IT082C,2023,215754.0,,,IT082C,IT,,2023,tourist_nights,Total nights spent in tourist accommodation
A,CR2001V,IT083C,2015,222228.0,,,IT083C,IT,,2015,tourist_nights,Total nights spent in tourist accommodation
A,CR2001V,IT083C,2016,206319.0,,,IT083C,IT,,2016,tourist_nights,Total nights spent in tourist accommodation
A,CR2001V,IT083C,2017,215936.0,,,IT083C,IT,,2017,tourist_nights,Total nights spent in tourist accommodation
A,CR2001V,IT083C,2018,173769.0,,,IT083C,IT,,2018,tourist_nights,Total nights spent in tourist accommodation
A,CR2001V,IT083C,2019,187640.0,,,IT083C,IT,,2019,tourist_nights,Total nights spent in tourist accommodation
A,CR2001V,IT083C,2020,104570.0,,,IT083C,IT,,2020,tourist_nights,Total nights spent in tourist accommodation
A,CR2001V,IT083C,2021,147816.0,,,IT083C,IT,,2021,tourist_nights,Total nights spent in tourist accommodation
A,CR2001V,IT083C,2022,232023.0,,,IT083C,IT,,2022,tourist_nights,Total nights spent in tourist accommodation
A,CR2001V,IT083C,2023,234966.0,,,IT083C,IT,,2023,tourist_nights,Total nights spent in tourist accommodation
A,CR2001V,IT084C,2015,544136.0,,,IT084C,IT,,2015,tourist_nights,Total nights spent in tourist accommodation
A,CR2001V,IT084C,2016,855046.0,,,IT084C,IT,,2016,tourist_nights,Total nights spent in tourist accommodation
A,CR2001V,IT084C,2017,507549.0,,,IT084C,IT,,2017,tourist_nights,Total nights spent in tourist accommodation
A,CR2001V,IT084C,2018,514334.0,,,IT084C,IT,,2018,tourist_nights,Total nights spent in tourist accommodation
A,CR2001V,IT084C,2019,501246.0,,,IT084C,IT,,2019,tourist_nights,Total nights spent in tourist accommodation
A,CR2001V,IT084C,2020,195199.0,,,IT084C,IT,,2020,tourist_nights,Total nights spent in tourist accommodation
A,CR2001V,IT084C,2021,328400.0,,,IT084C,IT,,2021,tourist_nights,Total nights spent in tourist accommodation
A,CR2001V,IT084C,2022,454487.0,,,IT084C,IT,,2022,tourist_nights,Total nights spent in tourist accommodation
A,CR2001V,IT084C,2023,446499.0,,,IT084C,IT,,2023,tourist_nights,Total nights spent in tourist accommodation
A,CR2001V,IT085C,2015,25700.0,,,IT085C,IT,,2015,tourist_nights,Total nights spent in tourist accommodation
A,CR2001V,IT085C,2016,33682.0,,,IT085C,IT,,2016,tourist_nights,Total nights spent in tourist accommodation
A,CR2001V,IT085C,2017,28476.0,,,IT085C,IT,,2017,tourist_nights,Total nights spent in tourist accommodation
A,CR2001V,IT085C,2018,33947.0,,,IT085C,IT,,2018,tourist_nights,Total nights spent in tourist accommodation
A,CR2001V,IT085C,2019,38661.0,,,IT085C,IT,,2019,tourist_nights,Total nights spent in tourist accommodation
A,CR2001V,IT085C,2020,22681.0,,,IT085C,IT,,2020,tourist_nights,Total nights spent in tourist accommodation
A,CR2001V,IT085C,2021,37695.0,,,IT085C,IT,,2021,tourist_nights,Total nights spent in tourist accommodation
A,CR2001V,IT085C,2022,43278.0,,,IT085C,IT,,2022,tourist_nights,Total nights spent in tourist accommodation
A,CR2001V,IT085C,2023,46041.0,,,IT085C,IT,,2023,tourist_nights,Total nights spent in tourist accommodation
A,CR2001V,IT086C,2015,68286.0,,,IT086C,IT,,2015,tourist_nights,Total nights spent in tourist accommodation
A,CR2001V,IT086C,2016,75660.0,,,IT086C,IT,,2016,tourist_nights,Total nights spent in tourist accommodation
A,CR2001V,IT086C,2017,80409.0,,,IT086C,IT,,2017,tourist_nights,Total nights spent in tourist accommodation
A,CR2001V,IT086C,2018,94761.0,,,IT086C,IT,,2018,tourist_nights,Total nights spent in tourist accommodation
A,CR2001V,IT086C,2019,110938.0,,,IT086C,IT,,2019,tourist_nights,Total nights spent in tourist accommodation
A,CR2001V,IT086C,2020,59062.0,,,IT086C,IT,,2020,tourist_nights,Total nights spent in tourist accommodation
A,CR2001V,IT086C,2021,88172.0,,,IT086C,IT,,2021,tourist_nights,Total nights spent in tourist accommodation
A,CR2001V,IT086C,2022,116699.0,,,IT086C,IT,,2022,tourist_nights,Total nights spent in tourist accommodation
A,CR2001V,IT086C,2023,131838.0,,,IT086C,IT,,2023,tourist_nights,Total nights spent in tourist accommodation
A,CR2001V,IT087C,2015,134405.0,,,IT087C,IT,,2015,tourist_nights,Total nights spent in tourist accommodation
A,CR2001V,IT087C,2016,125698.0,,,IT087C,IT,,2016,tourist_nights,Total nights spent in tourist accommodation
A,CR2001V,IT087C,2017,120252.0,,,IT087C,IT,,2017,tourist_nights,Total nights spent in tourist accommodation
A,CR2001V,IT087C,2018,129211.0,,,IT087C,IT,,2018,tourist_nights,Total nights spent in tourist accommodation
A,CR2001V,IT087C,2019,150731.0,,,IT087C,IT,,2019,tourist_nights,Total nights spent in tourist accommodation
A,CR2001V,IT087C,2020,83876.0,,,IT087C,IT,,2020,tourist_nights,Total nights spent in tourist accommodation
A,CR2001V,IT087C,2021,106080.0,,,IT087C,IT,,2021,tourist_nights,Total nights spent in tourist accommodation
A,CR2001V,IT087C,2022,128423.0,,,IT087C,IT,,2022,tourist_nights,Total nights spent in tourist accommodation
A,CR2001V,IT087C,2023,224647.0,,,IT087C,IT,,2023,tourist_nights,Total nights spent in tourist accommodation
A,CR2001V,LT,2015,6581192.0,,,LT,LT,,2015,tourist_nights,Total nights spent in tourist accommodation
A,CR2001V,LT,2016,6992674.0,,,LT,LT,,2016,tourist_nights,Total nights spent in tourist accommodation
A,CR2001V,LT,2017,7364924.0,,,LT,LT,,2017,tourist_nights,Total nights spent in tourist accommodation
A,CR2001V,LT,2018,8091647.0,,,LT,LT,,2018,tourist_nights,Total nights spent in tourist accommodation
A,CR2001V,LT001C,2015,1833984.0,,,LT001C,LT,,2015,tourist_nights,Total nights spent in tourist accommodation
A,CR2001V,LT001C,2016,1939019.0,,,LT001C,LT,,2016,tourist_nights,Total nights spent in tourist accommodation
A,CR2001V,LT001C,2017,1989252.0,,,LT001C,LT,,2017,tourist_nights,Total nights spent in tourist accommodation
A,CR2001V,LT001C,2018,2212109.0,,,LT001C,LT,,2018,tourist_nights,Total nights spent in tourist accommodation
A,CR2001V,LT001C,2019,2485685.0,,,LT001C,LT,,2019,tourist_nights,Total nights spent in tourist accommodation
A,CR2001V,LT001C,2020,840324.0,,,LT001C,LT,,2020,tourist_nights,Total nights spent in tourist accommodation
A,CR2001V,LT002C,2015,414588.0,,,LT002C,LT,,2015,tourist_nights,Total nights spent in tourist accommodation
A,CR2001V,LT002C,2016,458487.0,,,LT002C,LT,,2016,tourist_nights,Total nights spent in tourist accommodation
A,CR2001V,LT002C,2017,508641.0,,,LT002C,LT,,2017,tourist_nights,Total nights spent in tourist accommodation
A,CR2001V,LT002C,2018,558472.0,,,LT002C,LT,,2018,tourist_nights,Total nights spent in tourist accommodation
A,CR2001V,LT002C,2019,650336.0,,,LT002C,LT,,2019,tourist_nights,Total nights spent in tourist accommodation
A,CR2001V,LT002C,2020,272210.0,,,LT002C,LT,,2020,tourist_nights,Total nights spent in tourist accommodation
A,CR2001V,LT003C,2015,29863.0,,,LT003C,LT,,2015,tourist_nights,Total nights spent in tourist accommodation
A,CR2001V,LT003C,2016,37328.0,,,LT003C,LT,,2016,tourist_nights,Total nights spent in tourist accommodation
A,CR2001V,LT003C,2017,37478.0,,,LT003C,LT,,2017,tourist_nights,Total nights spent in tourist accommodation
A,CR2001V,LT003C,2018,45317.0,,,LT003C,LT,,2018,tourist_nights,Total nights spent in tourist accommodation
A,CR2001V,LT003C,2019,38178.0,,,LT003C,LT,,2019,tourist_nights,Total nights spent in tourist accommodation
A,CR2001V,LT003C,2020,16069.0,,,LT003C,LT,,2020,tourist_nights,Total nights spent in tourist accommodation
A,CR2001V,LT004C,2015,26356.0,,,LT004C,LT,,2015,tourist_nights,Total nights spent in tourist accommodation
A,CR2001V,LT004C,2016,15715.0,,,LT004C,LT,,2016,tourist_nights,Total nights spent in tourist accommodation
A,CR2001V,LT004C,2017,21166.0,,,LT004C,LT,,2017,tourist_nights,Total nights spent in tourist accommodation
A,CR2001V,LT004C,2018,21571.0,,,LT004C,LT,,2018,tourist_nights,Total nights spent in tourist accommodation
A,CR2001V,LT004C,2019,31109.0,,,LT004C,LT,,2019,tourist_nights,Total nights spent in tourist accommodation
A,CR2001V,LT004C,2020,31756.0,,,LT004C,LT,,2020,tourist_nights,Total nights spent in tourist accommodation
A,CR2001V,LT005C,2015,366383.0,,,LT005C,LT,,2015,tourist_nights,Total nights spent in tourist accommodation
A,CR2001V,LT005C,2016,365517.0,,,LT005C,LT,,2016,tourist_nights,Total nights spent in tourist accommodation
A,CR2001V,LT005C,2017,405121.0,,,LT005C,LT,,2017,tourist_nights,Total nights spent in tourist accommodation
A,CR2001V,LT005C,2018,440110.0,,,LT005C,LT,,2018,tourist_nights,Total nights spent in tourist accommodation
A,CR2001V,LT005C,2019,447757.0,,,LT005C,LT,,2019,tourist_nights,Total nights spent in tourist accommodation
A,CR2001V,LT005C,2020,234496.0,,,LT005C,LT,,2020,tourist_nights,Total nights spent in tourist accommodation
A,CR2001V,LT006C,2015,137022.0,,,LT006C,LT,,2015,tourist_nights,Total nights spent in tourist accommodation
A,CR2001V,LT006C,2016,141008.0,,,LT006C,LT,,2016,tourist_nights,Total nights spent in tourist accommodation
A,CR2001V,LT006C,2017,126186.0,,,LT006C,LT,,2017,tourist_nights,Total nights spent in tourist accommodation
A,CR2001V,LT006C,2018,136811.0,,,LT006C,LT,,2018,tourist_nights,Total nights spent in tourist accommodation
A,CR2001V,LT006C,2019,160782.0,,,LT006C,LT,,2019,tourist_nights,Total nights spent in tourist accommodation
A,CR2001V,LT006C,2020,124105.0,,,LT006C,LT,,2020,tourist_nights,Total nights spent in tourist accommodation
A,CR2001V,LV,2015,4109910.0,,,LV,LV,,2015,tourist_nights,Total nights spent in tourist accommodation
A,CR2001V,LV,2016,4416597.0,,,LV,LV,,2016,tourist_nights,Total nights spent in tourist accommodation
A,CR2001V,LV,2017,4950929.0,,,LV,LV,,2017,tourist_nights,Total nights spent in tourist accommodation
A,CR2001V,LV,2018,5368739.0,,,LV,LV,,2018,tourist_nights,Total nights spent in tourist accommodation
A,CR2001V,LV001C,2015,2516474.0,,,LV001C,LV,,2015,tourist_nights,Total nights spent in tourist accommodation
A,CR2001V,LV001C,2016,2721156.0,,,LV001C,LV,,2016,tourist_nights,Total nights spent in tourist accommodation
A,CR2001V,LV001C,2018,3281884.0,,,LV001C,LV,,2018,tourist_nights,Total nights spent in tourist accommodation
A,CR2001V,LV001C,2019,3317681.0,,,LV001C,LV,,2019,tourist_nights,Total nights spent in tourist accommodation
A,CR2001V,LV001C,2020,1372167.0,,,LV001C,LV,,2020,tourist_nights,Total nights spent in tourist accommodation
A,CR2001V,LV002C,2015,121639.0,,,LV002C,LV,,2015,tourist_nights,Total nights spent in tourist accommodation
A,CR2001V,LV002C,2016,135082.0,,,LV002C,LV,,2016,tourist_nights,Total nights spent in tourist accommodation
A,CR2001V,LV002C,2018,156581.0,,,LV002C,LV,,2018,tourist_nights,Total nights spent in tourist accommodation
A,CR2001V,LV002C,2019,173033.0,,,LV002C,LV,,2019,tourist_nights,Total nights spent in tourist accommodation
A,CR2001V,LV002C,2020,143683.0,,,LV002C,LV,,2020,tourist_nights,Total nights spent in tourist accommodation
A,CR2001V,LV003C,2015,25317.0,,,LV003C,LV,,2015,tourist_nights,Total nights spent in tourist accommodation
A,CR2001V,LV003C,2016,21652.0,,,LV003C,LV,,2016,tourist_nights,Total nights spent in tourist accommodation
A,CR2001V,LV003C,2017,25867.0,,,LV003C,LV,,2017,tourist_nights,Total nights spent in tourist accommodation
A,CR2001V,LV003C,2018,23441.0,,,LV003C,LV,,2018,tourist_nights,Total nights spent in tourist accommodation
A,CR2001V,LV003C,2019,25199.0,,,LV003C,LV,,2019,tourist_nights,Total nights spent in tourist accommodation
A,CR2001V,LV003C,2020,10919.0,,,LV003C,LV,,2020,tourist_nights,Total nights spent in tourist accommodation
A,CR2001V,LV004C,2015,54702.0,,,LV004C,LV,,2015,tourist_nights,Total nights spent in tourist accommodation
A,CR2001V,LV004C,2016,61729.0,,,LV004C,LV,,2016,tourist_nights,Total nights spent in tourist accommodation
A,CR2001V,LV004C,2017,83350.0,,,LV004C,LV,,2017,tourist_nights,Total nights spent in tourist accommodation
A,CR2001V,LV004C,2018,99746.0,,,LV004C,LV,,2018,tourist_nights,Total nights spent in tourist accommodation
A,CR2001V,LV004C,2019,106499.0,,,LV004C,LV,,2019,tourist_nights,Total nights spent in tourist accommodation
A,CR2001V,LV004C,2020,55144.0,,,LV004C,LV,,2020,tourist_nights,Total nights spent in tourist accommodation
A,CR2001V,MT,2015,8915297.0,,,MT,MT,,2015,tourist_nights,Total nights spent in tourist accommodation
A,CR2001V,MT,2016,8971191.0,,,MT,MT,,2016,tourist_nights,Total nights spent in tourist accommodation
A,CR2001V,MT,2017,9580329.0,,,MT,MT,,2017,tourist_nights,Total nights spent in tourist accommodation
A,CR2001V,MT,2018,10114196.0,,,MT,MT,,2018,tourist_nights,Total nights spent in tourist accommodation
A,CR2001V,MT001C,2015,4280404.0,,,MT001C,MT,,2015,tourist_nights,Total nights spent in tourist accommodation
A,CR2001V,MT001C,2016,4155827.0,,,MT001C,MT,,2016,tourist_nights,Total nights spent in tourist accommodation
A,CR2001V,MT001C,2017,4398723.0,,,MT001C,MT,,2017,tourist_nights,Total nights spent in tourist accommodation
A,CR2001V,MT001C,2018,4559034.0,,,MT001C,MT,,2018,tourist_nights,Total nights spent in tourist accommodation
A,CR2001V,MT001C,2019,4505598.0,,,MT001C,MT,,2019,tourist_nights,Total nights spent in tourist accommodation
A,CR2001V,MT001C,2020,1364388.0,,,MT001C,MT,,2020,tourist_nights,Total nights spent in tourist accommodation
A,CR2001V,NL,2019,123442571.0,,,NL,NL,,2019,tourist_nights,Total nights spent in tourist accommodation
A,CR2001V,NL,2023,93640.0,,,NL,NL,,2023,tourist_nights,Total nights spent in tourist accommodation
A,CR2001V,NL004C,2019,391654.0,,,NL004C,NL,,2019,tourist_nights,Total nights spent in tourist accommodation
A,CR2001V,NL007C,2019,826888.0,,,NL007C,NL,,2019,tourist_nights,Total nights spent in tourist accommodation
A,CR2001V,NL008C,2019,344427.0,,,NL008C,NL,,2019,tourist_nights,Total nights spent in tourist accommodation
A,CR2001V,NL010C,2019,280234.0,,,NL010C,NL,,2019,tourist_nights,Total nights spent in tourist accommodation
A,CR2001V,NL015C,2019,315276.0,,,NL015C,NL,,2019,tourist_nights,Total nights spent in tourist accommodation
A,CR2001V,NL016C,2019,62223.0,,,NL016C,NL,,2019,tourist_nights,Total nights spent in tourist accommodation
A,CR2001V,NL017C,2019,17754788.0,,,NL017C,NL,,2019,tourist_nights,Total nights spent in tourist accommodation
A,CR2001V,NL018C,2019,1908657.0,,,NL018C,NL,,2019,tourist_nights,Total nights spent in tourist accommodation
A,CR2001V,NL026C,2019,501004.0,,,NL026C,NL,,2019,tourist_nights,Total nights spent in tourist accommodation
A,CR2001V,NL027C,2019,1074335.0,,,NL027C,NL,,2019,tourist_nights,Total nights spent in tourist accommodation
A,CR2001V,NL032C,2019,370230.0,,,NL032C,NL,,2019,tourist_nights,Total nights spent in tourist accommodation
A,CR2001V,NL033C,2019,1052948.0,,,NL033C,NL,,2019,tourist_nights,Total nights spent in tourist accommodation
A,CR2001V,NL038C,2019,2995808.0,,,NL038C,NL,,2019,tourist_nights,Total nights spent in tourist accommodation
A,CR2001V,NL042C,2019,267446.0,,,NL042C,NL,,2019,tourist_nights,Total nights spent in tourist accommodation
A,CR2001V,PL,2017,83880915.0,,,PL,PL,,2017,tourist_nights,Total nights spent in tourist accommodation
A,CR2001V,PL,2018,88860463.0,,,PL,PL,,2018,tourist_nights,Total nights spent in tourist accommodation
A,CR2001V,PL,2019,93342738.0,,,PL,PL,,2019,tourist_nights,Total nights spent in tourist accommodation
A,CR2001V,PL,2020,51377168.0,,,PL,PL,,2020,tourist_nights,Total nights spent in tourist accommodation
A,CR2001V,PL001C,2017,6160207.0,,,PL001C,PL,,2017,tourist_nights,Total nights spent in tourist accommodation
A,CR2001V,PL001C,2018,6383608.0,,,PL001C,PL,,2018,tourist_nights,Total nights spent in tourist accommodation
A,CR2001V,PL001C,2019,6548363.0,,,PL001C,PL,,2019,tourist_nights,Total nights spent in tourist accommodation
A,CR2001V,PL001C,2020,2336943.0,,,PL001C,PL,,2020,tourist_nights,Total nights spent in tourist accommodation
A,CR2001V,PL002C,2017,1002730.0,,,PL002C,PL,,2017,tourist_nights,Total nights spent in tourist accommodation
A,CR2001V,PL002C,2018,1166333.0,,,PL002C,PL,,2018,tourist_nights,Total nights spent in tourist accommodation
A,CR2001V,PL002C,2019,1223062.0,,,PL002C,PL,,2019,tourist_nights,Total nights spent in tourist accommodation
A,CR2001V,PL002C,2020,552829.0,,,PL002C,PL,,2020,tourist_nights,Total nights spent in tourist accommodation
A,CR2001V,PL003C,2017,5270648.0,,,PL003C,PL,,2017,tourist_nights,Total nights spent in tourist accommodation
A,CR2001V,PL003C,2018,5579275.0,,,PL003C,PL,,2018,tourist_nights,Total nights spent in tourist accommodation
A,CR2001V,PL003C,2019,6082877.0,,,PL003C,PL,,2019,tourist_nights,Total nights spent in tourist accommodation
A,CR2001V,PL003C,2020,1820788.0,,,PL003C,PL,,2020,tourist_nights,Total nights spent in tourist accommodation
A,CR2001V,PL004C,2017,1962928.0,,,PL004C,PL,,2017,tourist_nights,Total nights spent in tourist accommodation
A,CR2001V,PL004C,2018,2049338.0,,,PL004C,PL,,2018,tourist_nights,Total nights spent in tourist accommodation
A,CR2001V,PL004C,2019,2258982.0,,,PL004C,PL,,2019,tourist_nights,Total nights spent in tourist accommodation
A,CR2001V,PL004C,2020,998134.0,,,PL004C,PL,,2020,tourist_nights,Total nights spent in tourist accommodation
A,CR2001V,PL005C,2017,1437617.0,,,PL005C,PL,,2017,tourist_nights,Total nights spent in tourist accommodation
A,CR2001V,PL005C,2018,1484056.0,,,PL005C,PL,,2018,tourist_nights,Total nights spent in tourist accommodation
A,CR2001V,PL005C,2019,1515397.0,,,PL005C,PL,,2019,tourist_nights,Total nights spent in tourist accommodation
A,CR2001V,PL005C,2020,670831.0,,,PL005C,PL,,2020,tourist_nights,Total nights spent in tourist accommodation
A,CR2001V,PL006C,2017,2421458.0,,,PL006C,PL,,2017,tourist_nights,Total nights spent in tourist accommodation
A,CR2001V,PL006C,2018,2616347.0,,,PL006C,PL,,2018,tourist_nights,Total nights spent in tourist accommodation
A,CR2001V,PL006C,2019,2808935.0,,,PL006C,PL,,2019,tourist_nights,Total nights spent in tourist accommodation
A,CR2001V,PL006C,2020,1584052.0,,,PL006C,PL,,2020,tourist_nights,Total nights spent in tourist accommodation
A,CR2001V,PL007C,2017,939023.0,,,PL007C,PL,,2017,tourist_nights,Total nights spent in tourist accommodation
A,CR2001V,PL007C,2018,925383.0,,,PL007C,PL,,2018,tourist_nights,Total nights spent in tourist accommodation
A,CR2001V,PL007C,2019,987764.0,,,PL007C,PL,,2019,tourist_nights,Total nights spent in tourist accommodation
A,CR2001V,PL007C,2020,631223.0,,,PL007C,PL,,2020,tourist_nights,Total nights spent in tourist accommodation
A,CR2001V,PL008C,2017,452430.0,,,PL008C,PL,,2017,tourist_nights,Total nights spent in tourist accommodation
A,CR2001V,PL008C,2018,459804.0,,,PL008C,PL,,2018,tourist_nights,Total nights spent in tourist accommodation
A,CR2001V,PL008C,2019,478737.0,,,PL008C,PL,,2019,tourist_nights,Total nights spent in tourist accommodation
A,CR2001V,PL008C,2020,252279.0,,,PL008C,PL,,2020,tourist_nights,Total nights spent in tourist accommodation
A,CR2001V,PL009C,2017,499221.0,,,PL009C,PL,,2017,tourist_nights,Total nights spent in tourist accommodation
A,CR2001V,PL009C,2018,539465.0,,,PL009C,PL,,2018,tourist_nights,Total nights spent in tourist accommodation
A,CR2001V,PL009C,2019,573619.0,,,PL009C,PL,,2019,tourist_nights,Total nights spent in tourist accommodation
A,CR2001V,PL009C,2020,319902.0,,,PL009C,PL,,2020,tourist_nights,Total nights spent in tourist accommodation
A,CR2001V,PL010C,2017,676588.0,,,PL010C,PL,,2017,tourist_nights,Total nights spent in tourist accommodation
A,CR2001V,PL010C,2018,796728.0,,,PL010C,PL,,2018,tourist_nights,Total nights spent in tourist accommodation
A,CR2001V,PL010C,2019,822584.0,,,PL010C,PL,,2019,tourist_nights,Total nights spent in tourist accommodation
A,CR2001V,PL010C,2020,329032.0,,,PL010C,PL,,2020,tourist_nights,Total nights spent in tourist accommodation
A,CR2001V,PL011C,2017,332839.0,,,PL011C,PL,,2017,tourist_nights,Total nights spent in tourist accommodation
A,CR2001V,PL011C,2018,324441.0,,,PL011C,PL,,2018,tourist_nights,Total nights spent in tourist accommodation
A,CR2001V,PL011C,2019,359795.0,,,PL011C,PL,,2019,tourist_nights,Total nights spent in tourist accommodation
A,CR2001V,PL011C,2020,197227.0,,,PL011C,PL,,2020,tourist_nights,Total nights spent in tourist accommodation
A,CR2001V,PL012C,2017,278199.0,,,PL012C,PL,,2017,tourist_nights,Total nights spent in tourist accommodation
A,CR2001V,PL012C,2018,297276.0,,,PL012C,PL,,2018,tourist_nights,Total nights spent in tourist accommodation
A,CR2001V,PL012C,2019,338181.0,,,PL012C,PL,,2019,tourist_nights,Total nights spent in tourist accommodation
A,CR2001V,PL012C,2020,201272.0,,,PL012C,PL,,2020,tourist_nights,Total nights spent in tourist accommodation
A,CR2001V,PL013C,2017,542567.0,,,PL013C,PL,,2017,tourist_nights,Total nights spent in tourist accommodation
A,CR2001V,PL013C,2018,538386.0,,,PL013C,PL,,2018,tourist_nights,Total nights spent in tourist accommodation
A,CR2001V,PL013C,2019,531836.0,,,PL013C,PL,,2019,tourist_nights,Total nights spent in tourist accommodation
A,CR2001V,PL013C,2020,274306.0,,,PL013C,PL,,2020,tourist_nights,Total nights spent in tourist accommodation
A,CR2001V,PL014C,2017,371600.0,,,PL014C,PL,,2017,tourist_nights,Total nights spent in tourist accommodation
A,CR2001V,PL014C,2018,351269.0,,,PL014C,PL,,2018,tourist_nights,Total nights spent in tourist accommodation
A,CR2001V,PL014C,2019,360860.0,,,PL014C,PL,,2019,tourist_nights,Total nights spent in tourist accommodation
A,CR2001V,PL014C,2020,233341.0,,,PL014C,PL,,2020,tourist_nights,Total nights spent in tourist accommodation
A,CR2001V,PL015C,2017,396216.0,,,PL015C,PL,,2017,tourist_nights,Total nights spent in tourist accommodation
A,CR2001V,PL015C,2018,395240.0,,,PL015C,PL,,2018,tourist_nights,Total nights spent in tourist accommodation
A,CR2001V,PL015C,2019,435406.0,,,PL015C,PL,,2019,tourist_nights,Total nights spent in tourist accommodation
A,CR2001V,PL015C,2020,190254.0,,,PL015C,PL,,2020,tourist_nights,Total nights spent in tourist accommodation
A,CR2001V,PL016C,2017,200911.0,,,PL016C,PL,,2017,tourist_nights,Total nights spent in tourist accommodation
A,CR2001V,PL016C,2018,196301.0,,,PL016C,PL,,2018,tourist_nights,Total nights spent in tourist accommodation
A,CR2001V,PL016C,2019,210706.0,,,PL016C,PL,,2019,tourist_nights,Total nights spent in tourist accommodation
A,CR2001V,PL016C,2020,102501.0,,,PL016C,PL,,2020,tourist_nights,Total nights spent in tourist accommodation
A,CR2001V,PL017C,2017,134141.0,,,PL017C,PL,,2017,tourist_nights,Total nights spent in tourist accommodation
A,CR2001V,PL017C,2018,117386.0,,,PL017C,PL,,2018,tourist_nights,Total nights spent in tourist accommodation
A,CR2001V,PL017C,2019,121881.0,,,PL017C,PL,,2019,tourist_nights,Total nights spent in tourist accommodation
A,CR2001V,PL017C,2020,80558.0,,,PL017C,PL,,2020,tourist_nights,Total nights spent in tourist accommodation
A,CR2001V,PL018C,2017,110634.0,,,PL018C,PL,,2017,tourist_nights,Total nights spent in tourist accommodation
A,CR2001V,PL018C,2018,134979.0,,,PL018C,PL,,2018,tourist_nights,Total nights spent in tourist accommodation
A,CR2001V,PL018C,2019,158114.0,,,PL018C,PL,,2019,tourist_nights,Total nights spent in tourist accommodation
A,CR2001V,PL018C,2020,87733.0,,,PL018C,PL,,2020,tourist_nights,Total nights spent in tourist accommodation
A,CR2001V,PL019C,2017,408487.0,,,PL019C,PL,,2017,tourist_nights,Total nights spent in tourist accommodation
A,CR2001V,PL019C,2018,416813.0,,,PL019C,PL,,2018,tourist_nights,Total nights spent in tourist accommodation
A,CR2001V,PL019C,2019,435692.0,,,PL019C,PL,,2019,tourist_nights,Total nights spent in tourist accommodation
A,CR2001V,PL019C,2020,216718.0,,,PL019C,PL,,2020,tourist_nights,Total nights spent in tourist accommodation
A,CR2001V,PL020C,2017,60583.0,,,PL020C,PL,,2017,tourist_nights,Total nights spent in tourist accommodation
A,CR2001V,PL020C,2018,68258.0,,,PL020C,PL,,2018,tourist_nights,Total nights spent in tourist accommodation
A,CR2001V,PL020C,2019,62659.0,,,PL020C,PL,,2019,tourist_nights,Total nights spent in tourist accommodation
A,CR2001V,PL020C,2020,32593.0,,,PL020C,PL,,2020,tourist_nights,Total nights spent in tourist accommodation
A,CR2001V,PL021C,2017,113527.0,,,PL021C,PL,,2017,tourist_nights,Total nights spent in tourist accommodation
A,CR2001V,PL021C,2018,105116.0,,,PL021C,PL,,2018,tourist_nights,Total nights spent in tourist accommodation
A,CR2001V,PL021C,2019,113295.0,,,PL021C,PL,,2019,tourist_nights,Total nights spent in tourist accommodation
A,CR2001V,PL021C,2020,69963.0,,,PL021C,PL,,2020,tourist_nights,Total nights spent in tourist accommodation
A,CR2001V,PL022C,2017,16515.0,,,PL022C,PL,,2017,tourist_nights,Total nights spent in tourist accommodation
A,CR2001V,PL022C,2018,15434.0,,,PL022C,PL,,2018,tourist_nights,Total nights spent in tourist accommodation
A,CR2001V,PL022C,2019,16382.0,,,PL022C,PL,,2019,tourist_nights,Total nights spent in tourist accommodation
A,CR2001V,PL022C,2020,11635.0,,,PL022C,PL,,2020,tourist_nights,Total nights spent in tourist accommodation
A,CR2001V,PL023C,2017,35083.0,,,PL023C,PL,,2017,tourist_nights,Total nights spent in tourist accommodation
A,CR2001V,PL023C,2018,40272.0,,,PL023C,PL,,2018,tourist_nights,Total nights spent in tourist accommodation
A,CR2001V,PL023C,2019,32079.0,,,PL023C,PL,,2019,tourist_nights,Total nights spent in tourist accommodation
A,CR2001V,PL023C,2020,15354.0,,,PL023C,PL,,2020,tourist_nights,Total nights spent in tourist accommodation
A,CR2001V,PL024C,2017,326677.0,,,PL024C,PL,,2017,tourist_nights,Total nights spent in tourist accommodation
A,CR2001V,PL024C,2018,346325.0,,,PL024C,PL,,2018,tourist_nights,Total nights spent in tourist accommodation
A,CR2001V,PL024C,2019,397469.0,,,PL024C,PL,,2019,tourist_nights,Total nights spent in tourist accommodation
A,CR2001V,PL024C,2020,191675.0,,,PL024C,PL,,2020,tourist_nights,Total nights spent in tourist accommodation
A,CR2001V,PL025C,2017,134636.0,,,PL025C,PL,,2017,tourist_nights,Total nights spent in tourist accommodation
A,CR2001V,PL025C,2018,145199.0,,,PL025C,PL,,2018,tourist_nights,Total nights spent in tourist accommodation
A,CR2001V,PL025C,2019,131525.0,,,PL025C,PL,,2019,tourist_nights,Total nights spent in tourist accommodation
A,CR2001V,PL025C,2020,64273.0,,,PL025C,PL,,2020,tourist_nights,Total nights spent in tourist accommodation
A,CR2001V,PL026C,2017,88786.0,,,PL026C,PL,,2017,tourist_nights,Total nights spent in tourist accommodation
A,CR2001V,PL026C,2018,94733.0,,,PL026C,PL,,2018,tourist_nights,Total nights spent in tourist accommodation
A,CR2001V,PL026C,2019,88507.0,,,PL026C,PL,,2019,tourist_nights,Total nights spent in tourist accommodation
A,CR2001V,PL026C,2020,62639.0,,,PL026C,PL,,2020,tourist_nights,Total nights spent in tourist accommodation
A,CR2001V,PL027C,2017,46648.0,,,PL027C,PL,,2017,tourist_nights,Total nights spent in tourist accommodation
A,CR2001V,PL027C,2018,46737.0,,,PL027C,PL,,2018,tourist_nights,Total nights spent in tourist accommodation
A,CR2001V,PL027C,2019,42096.0,,,PL027C,PL,,2019,tourist_nights,Total nights spent in tourist accommodation
A,CR2001V,PL027C,2020,30626.0,,,PL027C,PL,,2020,tourist_nights,Total nights spent in tourist accommodation
A,CR2001V,PL028C,2017,75040.0,,,PL028C,PL,,2017,tourist_nights,Total nights spent in tourist accommodation
A,CR2001V,PL028C,2018,90942.0,,,PL028C,PL,,2018,tourist_nights,Total nights spent in tourist accommodation
A,CR2001V,PL028C,2019,92774.0,,,PL028C,PL,,2019,tourist_nights,Total nights spent in tourist accommodation
A,CR2001V,PL029C,2017,127136.0,,,PL029C,PL,,2017,tourist_nights,Total nights spent in tourist accommodation
A,CR2001V,PL029C,2018,114823.0,,,PL029C,PL,,2018,tourist_nights,Total nights spent in tourist accommodation
A,CR2001V,PL029C,2019,97010.0,,,PL029C,PL,,2019,tourist_nights,Total nights spent in tourist accommodation
A,CR2001V,PL029C,2020,54515.0,,,PL029C,PL,,2020,tourist_nights,Total nights spent in tourist accommodation
A,CR2001V,PL031C,2017,110991.0,,,PL031C,PL,,2017,tourist_nights,Total nights spent in tourist accommodation
A,CR2001V,PL031C,2018,122958.0,,,PL031C,PL,,2018,tourist_nights,Total nights spent in tourist accommodation
A,CR2001V,PL031C,2019,143983.0,,,PL031C,PL,,2019,tourist_nights,Total nights spent in tourist accommodation
A,CR2001V,PL031C,2020,101059.0,,,PL031C,PL,,2020,tourist_nights,Total nights spent in tourist accommodation
A,CR2001V,PL032C,2017,43344.0,,,PL032C,PL,,2017,tourist_nights,Total nights spent in tourist accommodation
A,CR2001V,PL032C,2018,51581.0,,,PL032C,PL,,2018,tourist_nights,Total nights spent in tourist accommodation
A,CR2001V,PL032C,2019,53554.0,,,PL032C,PL,,2019,tourist_nights,Total nights spent in tourist accommodation
A,CR2001V,PL032C,2020,23233.0,,,PL032C,PL,,2020,tourist_nights,Total nights spent in tourist accommodation
A,CR2001V,PL040C,2017,86589.0,,,PL040C,PL,,2017,tourist_nights,Total nights spent in tourist accommodation
A,CR2001V,PL040C,2018,79895.0,,,PL040C,PL,,2018,tourist_nights,Total nights spent in tourist accommodation
A,CR2001V,PL040C,2019,86623.0,,,PL040C,PL,,2019,tourist_nights,Total nights spent in tourist accommodation
A,CR2001V,PL040C,2020,59262.0,,,PL040C,PL,,2020,tourist_nights,Total nights spent in tourist accommodation
A,CR2001V,PL041C,2017,109451.0,,,PL041C,PL,,2017,tourist_nights,Total nights spent in tourist accommodation
A,CR2001V,PL041C,2018,113636.0,,,PL041C,PL,,2018,tourist_nights,Total nights spent in tourist accommodation
A,CR2001V,PL041C,2019,116806.0,,,PL041C,PL,,2019,tourist_nights,Total nights spent in tourist accommodation
A,CR2001V,PL041C,2020,85792.0,,,PL041C,PL,,2020,tourist_nights,Total nights spent in tourist accommodation
A,CR2001V,PL042C,2017,41182.0,,,PL042C,PL,,2017,tourist_nights,Total nights spent in tourist accommodation
A,CR2001V,PL042C,2018,40059.0,,,PL042C,PL,,2018,tourist_nights,Total nights spent in tourist accommodation
A,CR2001V,PL042C,2019,35069.0,,,PL042C,PL,,2019,tourist_nights,Total nights spent in tourist accommodation
A,CR2001V,PL042C,2020,24443.0,,,PL042C,PL,,2020,tourist_nights,Total nights spent in tourist accommodation
A,CR2001V,PL047C,2017,27743.0,,,PL047C,PL,,2017,tourist_nights,Total nights spent in tourist accommodation
A,CR2001V,PL047C,2018,32930.0,,,PL047C,PL,,2018,tourist_nights,Total nights spent in tourist accommodation
A,CR2001V,PL047C,2019,35173.0,,,PL047C,PL,,2019,tourist_nights,Total nights spent in tourist accommodation
A,CR2001V,PL047C,2020,23295.0,,,PL047C,PL,,2020,tourist_nights,Total nights spent in tourist accommodation
A,CR2001V,PL048C,2017,28345.0,,,PL048C,PL,,2017,tourist_nights,Total nights spent in tourist accommodation
A,CR2001V,PL048C,2018,17245.0,,,PL048C,PL,,2018,tourist_nights,Total nights spent in tourist accommodation
A,CR2001V,PL048C,2019,17711.0,,,PL048C,PL,,2019,tourist_nights,Total nights spent in tourist accommodation
A,CR2001V,PL048C,2020,14011.0,,,PL048C,PL,,2020,tourist_nights,Total nights spent in tourist accommodation
A,CR2001V,PL053C,2017,315679.0,,,PL053C,PL,,2017,tourist_nights,Total nights spent in tourist accommodation
A,CR2001V,PL053C,2018,330360.0,,,PL053C,PL,,2018,tourist_nights,Total nights spent in tourist accommodation
A,CR2001V,PL053C,2019,341618.0,,,PL053C,PL,,2019,tourist_nights,Total nights spent in tourist accommodation
A,CR2001V,PL053C,2020,212939.0,,,PL053C,PL,,2020,tourist_nights,Total nights spent in tourist accommodation
A,CR2001V,PL054C,2017,72803.0,,,PL054C,PL,,2017,tourist_nights,Total nights spent in tourist accommodation
A,CR2001V,PL054C,2018,83331.0,,,PL054C,PL,,2018,tourist_nights,Total nights spent in tourist accommodation
A,CR2001V,PL054C,2019,74364.0,,,PL054C,PL,,2019,tourist_nights,Total nights spent in tourist accommodation
A,CR2001V,PL054C,2020,44152.0,,,PL054C,PL,,2020,tourist_nights,Total nights spent in tourist accommodation
A,CR2001V,PL055C,2017,224374.0,,,PL055C,PL,,2017,tourist_nights,Total nights spent in tourist accommodation
A,CR2001V,PL055C,2018,241696.0,,,PL055C,PL,,2018,tourist_nights,Total nights spent in tourist accommodation
A,CR2001V,PL055C,2019,242947.0,,,PL055C,PL,,2019,tourist_nights,Total nights spent in tourist accommodation
A,CR2001V,PL055C,2020,119288.0,,,PL055C,PL,,2020,tourist_nights,Total nights spent in tourist accommodation
A,CR2001V,PL056C,2017,140002.0,,,PL056C,PL,,2017,tourist_nights,Total nights spent in tourist accommodation
A,CR2001V,PL056C,2018,156095.0,,,PL056C,PL,,2018,tourist_nights,Total nights spent in tourist accommodation
A,CR2001V,PL056C,2019,141770.0,,,PL056C,PL,,2019,tourist_nights,Total nights spent in tourist accommodation
A,CR2001V,PL056C,2020,62170.0,,,PL056C,PL,,2020,tourist_nights,Total nights spent in tourist accommodation
A,CR2001V,PL057C,2017,50817.0,,,PL057C,PL,,2017,tourist_nights,Total nights spent in tourist accommodation
A,CR2001V,PL057C,2018,53527.0,,,PL057C,PL,,2018,tourist_nights,Total nights spent in tourist accommodation
A,CR2001V,PL057C,2019,61041.0,,,PL057C,PL,,2019,tourist_nights,Total nights spent in tourist accommodation
A,CR2001V,PL057C,2020,48594.0,,,PL057C,PL,,2020,tourist_nights,Total nights spent in tourist accommodation
A,CR2001V,PL058C,2017,242157.0,,,PL058C,PL,,2017,tourist_nights,Total nights spent in tourist accommodation
A,CR2001V,PL058C,2018,241602.0,,,PL058C,PL,,2018,tourist_nights,Total nights spent in tourist accommodation
A,CR2001V,PL058C,2019,261139.0,,,PL058C,PL,,2019,tourist_nights,Total nights spent in tourist accommodation
A,CR2001V,PL058C,2020,141680.0,,,PL058C,PL,,2020,tourist_nights,Total nights spent in tourist accommodation
A,CR2001V,PL059C,2017,73541.0,,,PL059C,PL,,2017,tourist_nights,Total nights spent in tourist accommodation
A,CR2001V,PL059C,2018,65020.0,,,PL059C,PL,,2018,tourist_nights,Total nights spent in tourist accommodation
A,CR2001V,PL059C,2019,59169.0,,,PL059C,PL,,2019,tourist_nights,Total nights spent in tourist accommodation
A,CR2001V,PL060C,2017,43728.0,,,PL060C,PL,,2017,tourist_nights,Total nights spent in tourist accommodation
A,CR2001V,PL060C,2018,40131.0,,,PL060C,PL,,2018,tourist_nights,Total nights spent in tourist accommodation
A,CR2001V,PL060C,2019,34722.0,,,PL060C,PL,,2019,tourist_nights,Total nights spent in tourist accommodation
A,CR2001V,PL060C,2020,17848.0,,,PL060C,PL,,2020,tourist_nights,Total nights spent in tourist accommodation
A,CR2001V,PL061C,2017,107445.0,,,PL061C,PL,,2017,tourist_nights,Total nights spent in tourist accommodation
A,CR2001V,PL061C,2018,110413.0,,,PL061C,PL,,2018,tourist_nights,Total nights spent in tourist accommodation
A,CR2001V,PL061C,2019,110131.0,,,PL061C,PL,,2019,tourist_nights,Total nights spent in tourist accommodation
A,CR2001V,PL061C,2020,50507.0,,,PL061C,PL,,2020,tourist_nights,Total nights spent in tourist accommodation
A,CR2001V,PL062C,2017,119921.0,,,PL062C,PL,,2017,tourist_nights,Total nights spent in tourist accommodation
A,CR2001V,PL062C,2018,118918.0,,,PL062C,PL,,2018,tourist_nights,Total nights spent in tourist accommodation
A,CR2001V,PL062C,2019,134975.0,,,PL062C,PL,,2019,tourist_nights,Total nights spent in tourist accommodation
A,CR2001V,PL062C,2020,76642.0,,,PL062C,PL,,2020,tourist_nights,Total nights spent in tourist accommodation
A,CR2001V,PL063C,2017,151977.0,,,PL063C,PL,,2017,tourist_nights,Total nights spent in tourist accommodation
A,CR2001V,PL063C,2018,154021.0,,,PL063C,PL,,2018,tourist_nights,Total nights spent in tourist accommodation
A,CR2001V,PL063C,2019,142614.0,,,PL063C,PL,,2019,tourist_nights,Total nights spent in tourist accommodation
A,CR2001V,PL063C,2020,82646.0,,,PL063C,PL,,2020,tourist_nights,Total nights spent in tourist accommodation
A,CR2001V,PL064C,2017,71787.0,,,PL064C,PL,,2017,tourist_nights,Total nights spent in tourist accommodation
A,CR2001V,PL064C,2018,76699.0,,,PL064C,PL,,2018,tourist_nights,Total nights spent in tourist accommodation
A,CR2001V,PL064C,2019,72331.0,,,PL064C,PL,,2019,tourist_nights,Total nights spent in tourist accommodation
A,CR2001V,PL064C,2020,36932.0,,,PL064C,PL,,2020,tourist_nights,Total nights spent in tourist accommodation
A,CR2001V,PL065C,2017,89504.0,,,PL065C,PL,,2017,tourist_nights,Total nights spent in tourist accommodation
A,CR2001V,PL065C,2018,85993.0,,,PL065C,PL,,2018,tourist_nights,Total nights spent in tourist accommodation
A,CR2001V,PL065C,2019,82396.0,,,PL065C,PL,,2019,tourist_nights,Total nights spent in tourist accommodation
A,CR2001V,PL065C,2020,48729.0,,,PL065C,PL,,2020,tourist_nights,Total nights spent in tourist accommodation
A,CR2001V,PL066C,2017,102987.0,,,PL066C,PL,,2017,tourist_nights,Total nights spent in tourist accommodation
A,CR2001V,PL066C,2018,122292.0,,,PL066C,PL,,2018,tourist_nights,Total nights spent in tourist accommodation
A,CR2001V,PL066C,2019,124208.0,,,PL066C,PL,,2019,tourist_nights,Total nights spent in tourist accommodation
A,CR2001V,PL066C,2020,48271.0,,,PL066C,PL,,2020,tourist_nights,Total nights spent in tourist accommodation
A,CR2001V,PL067C,2017,148580.0,,,PL067C,PL,,2017,tourist_nights,Total nights spent in tourist accommodation
A,CR2001V,PL067C,2018,159283.0,,,PL067C,PL,,2018,tourist_nights,Total nights spent in tourist accommodation
A,CR2001V,PL067C,2019,153704.0,,,PL067C,PL,,2019,tourist_nights,Total nights spent in tourist accommodation
A,CR2001V,PL067C,2020,66653.0,,,PL067C,PL,,2020,tourist_nights,Total nights spent in tourist accommodation
A,CR2001V,PL068C,2017,86007.0,,,PL068C,PL,,2017,tourist_nights,Total nights spent in tourist accommodation
A,CR2001V,PL068C,2018,103550.0,,,PL068C,PL,,2018,tourist_nights,Total nights spent in tourist accommodation
A,CR2001V,PL068C,2019,112035.0,,,PL068C,PL,,2019,tourist_nights,Total nights spent in tourist accommodation
A,CR2001V,PL068C,2020,72682.0,,,PL068C,PL,,2020,tourist_nights,Total nights spent in tourist accommodation
A,CR2001V,PT,2015,53074176.0,,,PT,PT,,2015,tourist_nights,Total nights spent in tourist accommodation
A,CR2001V,PT,2016,59122640.0,,,PT,PT,,2016,tourist_nights,Total nights spent in tourist accommodation
A,CR2001V,PT,2017,65385210.0,,,PT,PT,,2017,tourist_nights,Total nights spent in tourist accommodation
A,CR2001V,PT,2018,67662103.0,,,PT,PT,,2018,tourist_nights,Total nights spent in tourist accommodation
A,CR2001V,PT,2019,70158964.0,,,PT,PT,,2019,tourist_nights,Total nights spent in tourist accommodation
A,CR2001V,PT,2020,25798299.0,,,PT,PT,,2020,tourist_nights,Total nights spent in tourist accommodation
A,CR2001V,PT001C,2015,12259033.0,,,PT001C,PT,,2015,tourist_nights,Total nights spent in tourist accommodation
A,CR2001V,PT001C,2016,13452473.0,,,PT001C,PT,,2016,tourist_nights,Total nights spent in tourist accommodation
A,CR2001V,PT001C,2017,15167589.0,,,PT001C,PT,,2017,tourist_nights,Total nights spent in tourist accommodation
A,CR2001V,PT001C,2018,15842859.0,,,PT001C,PT,,2018,tourist_nights,Total nights spent in tourist accommodation
A,CR2001V,PT001C,2019,16780035.0,,,PT001C,PT,,2019,tourist_nights,Total nights spent in tourist accommodation
A,CR2001V,PT001C,2020,4425742.0,,,PT001C,PT,,2020,tourist_nights,Total nights spent in tourist accommodation
A,CR2001V,PT002C,2015,3878252.0,,,PT002C,PT,,2015,tourist_nights,Total nights spent in tourist accommodation
A,CR2001V,PT002C,2016,,,C,PT002C,PT,,2016,tourist_nights,Total nights spent in tourist accommodation
A,CR2001V,PT002C,2017,4993048.0,,,PT002C,PT,,2017,tourist_nights,Total nights spent in tourist accommodation
A,CR2001V,PT002C,2018,5351207.0,,,PT002C,PT,,2018,tourist_nights,Total nights spent in tourist accommodation
A,CR2001V,PT002C,2019,5938869.0,,,PT002C,PT,,2019,tourist_nights,Total nights spent in tourist accommodation
A,CR2001V,PT002C,2020,1861226.0,,,PT002C,PT,,2020,tourist_nights,Total nights spent in tourist accommodation
A,CR2001V,PT003C,2015,412617.0,,,PT003C,PT,,2015,tourist_nights,Total nights spent in tourist accommodation
A,CR2001V,PT003C,2016,483956.0,,,PT003C,PT,,2016,tourist_nights,Total nights spent in tourist accommodation
A,CR2001V,PT003C,2017,525419.0,,,PT003C,PT,,2017,tourist_nights,Total nights spent in tourist accommodation
A,CR2001V,PT003C,2018,582414.0,,,PT003C,PT,,2018,tourist_nights,Total nights spent in tourist accommodation
A,CR2001V,PT003C,2019,639600.0,,,PT003C,PT,,2019,tourist_nights,Total nights spent in tourist accommodation
A,CR2001V,PT003C,2020,263609.0,,,PT003C,PT,,2020,tourist_nights,Total nights spent in tourist accommodation
A,CR2001V,PT004C,2015,4745311.0,,,PT004C,PT,,2015,tourist_nights,Total nights spent in tourist accommodation
A,CR2001V,PT004C,2016,5188974.0,,,PT004C,PT,,2016,tourist_nights,Total nights spent in tourist accommodation
A,CR2001V,PT004C,2017,5456332.0,,,PT004C,PT,,2017,tourist_nights,Total nights spent in tourist accommodation
A,CR2001V,PT004C,2018,5553308.0,,,PT004C,PT,,2018,tourist_nights,Total nights spent in tourist accommodation
A,CR2001V,PT004C,2019,5022176.0,,,PT004C,PT,,2019,tourist_nights,Total nights spent in tourist accommodation
A,CR2001V,PT004C,2020,1611736.0,,,PT004C,PT,,2020,tourist_nights,Total nights spent in tourist accommodation
A,CR2001V,PT005C,2015,526235.0,,,PT005C,PT,,2015,tourist_nights,Total nights spent in tourist accommodation
A,CR2001V,PT005C,2016,572651.0,,,PT005C,PT,,2016,tourist_nights,Total nights spent in tourist accommodation
A,CR2001V,PT005C,2017,637973.0,,,PT005C,PT,,2017,tourist_nights,Total nights spent in tourist accommodation
A,CR2001V,PT005C,2018,692883.0,,,PT005C,PT,,2018,tourist_nights,Total nights spent in tourist accommodation
A,CR2001V,PT005C,2019,709504.0,,,PT005C,PT,,2019,tourist_nights,Total nights spent in tourist accommodation
A,CR2001V,PT005C,2020,253373.0,,,PT005C,PT,,2020,tourist_nights,Total nights spent in tourist accommodation
A,CR2001V,PT006C,2015,264269.0,,,PT006C,PT,,2015,tourist_nights,Total nights spent in tourist accommodation
A,CR2001V,PT006C,2016,273637.0,,,PT006C,PT,,2016,tourist_nights,Total nights spent in tourist accommodation
A,CR2001V,PT006C,2017,313003.0,,,PT006C,PT,,2017,tourist_nights,Total nights spent in tourist accommodation
A,CR2001V,PT006C,2018,330158.0,,,PT006C,PT,,2018,tourist_nights,Total nights spent in tourist accommodation
A,CR2001V,PT006C,2019,357972.0,,,PT006C,PT,,2019,tourist_nights,Total nights spent in tourist accommodation
A,CR2001V,PT006C,2020,193232.0,,,PT006C,PT,,2020,tourist_nights,Total nights spent in tourist accommodation
A,CR2001V,PT007C,2015,757947.0,,,PT007C,PT,,2015,tourist_nights,Total nights spent in tourist accommodation
A,CR2001V,PT007C,2016,880013.0,,,PT007C,PT,,2016,tourist_nights,Total nights spent in tourist accommodation
A,CR2001V,PT007C,2017,1009578.0,,,PT007C,PT,,2017,tourist_nights,Total nights spent in tourist accommodation
A,CR2001V,PT007C,2018,1116712.0,,,PT007C,PT,,2018,tourist_nights,Total nights spent in tourist accommodation
A,CR2001V,PT007C,2019,1216082.0,,,PT007C,PT,,2019,tourist_nights,Total nights spent in tourist accommodation
A,CR2001V,PT007C,2020,289553.0,,,PT007C,PT,,2020,tourist_nights,Total nights spent in tourist accommodation
A,CR2001V,PT008C,2015,278438.0,,,PT008C,PT,,2015,tourist_nights,Total nights spent in tourist accommodation
A,CR2001V,PT008C,2016,284641.0,,,PT008C,PT,,2016,tourist_nights,Total nights spent in tourist accommodation
A,CR2001V,PT008C,2017,332683.0,,,PT008C,PT,,2017,tourist_nights,Total nights spent in tourist accommodation
A,CR2001V,PT008C,2018,352766.0,,,PT008C,PT,,2018,tourist_nights,Total nights spent in tourist accommodation
A,CR2001V,PT008C,2019,372570.0,,,PT008C,PT,,2019,tourist_nights,Total nights spent in tourist accommodation
A,CR2001V,PT008C,2020,179028.0,,,PT008C,PT,,2020,tourist_nights,Total nights spent in tourist accommodation
A,CR2001V,PT009C,2015,351287.0,,,PT009C,PT,,2015,tourist_nights,Total nights spent in tourist accommodation
A,CR2001V,PT009C,2016,428475.0,,,PT009C,PT,,2016,tourist_nights,Total nights spent in tourist accommodation
A,CR2001V,PT009C,2017,516150.0,,,PT009C,PT,,2017,tourist_nights,Total nights spent in tourist accommodation
A,CR2001V,PT009C,2018,544676.0,,,PT009C,PT,,2018,tourist_nights,Total nights spent in tourist accommodation
A,CR2001V,PT009C,2019,600692.0,,,PT009C,PT,,2019,tourist_nights,Total nights spent in tourist accommodation
A,CR2001V,PT009C,2020,233200.0,,,PT009C,PT,,2020,tourist_nights,Total nights spent in tourist accommodation
A,CR2001V,PT010C,2015,146943.0,,,PT010C,PT,,2015,tourist_nights,Total nights spent in tourist accommodation
A,CR2001V,PT010C,2016,164658.0,,,PT010C,PT,,2016,tourist_nights,Total nights spent in tourist accommodation
A,CR2001V,PT010C,2017,196773.0,,,PT010C,PT,,2017,tourist_nights,Total nights spent in tourist accommodation
A,CR2001V,PT010C,2018,234755.0,,,PT010C,PT,,2018,tourist_nights,Total nights spent in tourist accommodation
A,CR2001V,PT010C,2019,245061.0,,,PT010C,PT,,2019,tourist_nights,Total nights spent in tourist accommodation
A,CR2001V,PT010C,2020,119893.0,,,PT010C,PT,,2020,tourist_nights,Total nights spent in tourist accommodation
A,CR2001V,PT011C,2015,158831.0,,,PT011C,PT,,2015,tourist_nights,Total nights spent in tourist accommodation
A,CR2001V,PT011C,2016,175225.0,,,PT011C,PT,,2016,tourist_nights,Total nights spent in tourist accommodation
A,CR2001V,PT011C,2017,223866.0,,,PT011C,PT,,2017,tourist_nights,Total nights spent in tourist accommodation
A,CR2001V,PT011C,2018,253070.0,,,PT011C,PT,,2018,tourist_nights,Total nights spent in tourist accommodation
A,CR2001V,PT011C,2019,264358.0,,,PT011C,PT,,2019,tourist_nights,Total nights spent in tourist accommodation
A,CR2001V,PT011C,2020,147978.0,,,PT011C,PT,,2020,tourist_nights,Total nights spent in tourist accommodation
A,CR2001V,PT012C,2015,39588.0,,,PT012C,PT,,2015,tourist_nights,Total nights spent in tourist accommodation
A,CR2001V,PT012C,2016,50165.0,,,PT012C,PT,,2016,tourist_nights,Total nights spent in tourist accommodation
A,CR2001V,PT012C,2017,56239.0,,,PT012C,PT,,2017,tourist_nights,Total nights spent in tourist accommodation
A,CR2001V,PT012C,2018,63671.0,,,PT012C,PT,,2018,tourist_nights,Total nights spent in tourist accommodation
A,CR2001V,PT012C,2019,59057.0,,,PT012C,PT,,2019,tourist_nights,Total nights spent in tourist accommodation
A,CR2001V,PT012C,2020,25293.0,,,PT012C,PT,,2020,tourist_nights,Total nights spent in tourist accommodation
A,CR2001V,PT013C,2015,162919.0,,,PT013C,PT,,2015,tourist_nights,Total nights spent in tourist accommodation
A,CR2001V,PT013C,2016,172669.0,,,PT013C,PT,,2016,tourist_nights,Total nights spent in tourist accommodation
A,CR2001V,PT013C,2017,197525.0,,,PT013C,PT,,2017,tourist_nights,Total nights spent in tourist accommodation
A,CR2001V,PT013C,2018,201077.0,,,PT013C,PT,,2018,tourist_nights,Total nights spent in tourist accommodation
A,CR2001V,PT013C,2019,262648.0,,,PT013C,PT,,2019,tourist_nights,Total nights spent in tourist accommodation
A,CR2001V,PT013C,2020,114542.0,,,PT013C,PT,,2020,tourist_nights,Total nights spent in tourist accommodation
A,CR2001V,PT014C,2015,405710.0,,,PT014C,PT,,2015,tourist_nights,Total nights spent in tourist accommodation
A,CR2001V,PT014C,2016,446615.0,,,PT014C,PT,,2016,tourist_nights,Total nights spent in tourist accommodation
A,CR2001V,PT014C,2017,539444.0,,,PT014C,PT,,2017,tourist_nights,Total nights spent in tourist accommodation
A,CR2001V,PT014C,2018,635477.0,,,PT014C,PT,,2018,tourist_nights,Total nights spent in tourist accommodation
A,CR2001V,PT014C,2019,689885.0,,,PT014C,PT,,2019,tourist_nights,Total nights spent in tourist accommodation
A,CR2001V,PT014C,2020,247778.0,,,PT014C,PT,,2020,tourist_nights,Total nights spent in tourist accommodation
A,CR2001V,PT015C,2015,222534.0,,,PT015C,PT,,2015,tourist_nights,Total nights spent in tourist accommodation
A,CR2001V,PT015C,2016,256531.0,,,PT015C,PT,,2016,tourist_nights,Total nights spent in tourist accommodation
A,CR2001V,PT015C,2017,311737.0,,,PT015C,PT,,2017,tourist_nights,Total nights spent in tourist accommodation
A,CR2001V,PT015C,2018,342300.0,,,PT015C,PT,,2018,tourist_nights,Total nights spent in tourist accommodation
A,CR2001V,PT015C,2019,369455.0,,,PT015C,PT,,2019,tourist_nights,Total nights spent in tourist accommodation
A,CR2001V,PT015C,2020,143684.0,,,PT015C,PT,,2020,tourist_nights,Total nights spent in tourist accommodation
A,CR2001V,PT016C,2015,49624.0,,,PT016C,PT,,2015,tourist_nights,Total nights spent in tourist accommodation
A,CR2001V,PT016C,2016,54900.0,,,PT016C,PT,,2016,tourist_nights,Total nights spent in tourist accommodation
A,CR2001V,PT016C,2017,,,C,PT016C,PT,,2017,tourist_nights,Total nights spent in tourist accommodation
A,CR2001V,PT016C,2018,,,C,PT016C,PT,,2018,tourist_nights,Total nights spent in tourist accommodation
A,CR2001V,PT016C,2019,62696.0,,,PT016C,PT,,2019,tourist_nights,Total nights spent in tourist accommodation
A,CR2001V,PT016C,2020,29728.0,,,PT016C,PT,,2020,tourist_nights,Total nights spent in tourist accommodation
A,CR2001V,RO,2015,23519340.0,,,RO,RO,,2015,tourist_nights,Total nights spent in tourist accommodation
A,CR2001V,RO,2016,25440957.0,,,RO,RO,,2016,tourist_nights,Total nights spent in tourist accommodation
A,CR2001V,RO,2017,27092523.0,,,RO,RO,,2017,tourist_nights,Total nights spent in tourist accommodation
A,CR2001V,RO,2018,28644742.0,,,RO,RO,,2018,tourist_nights,Total nights spent in tourist accommodation
A,CR2001V,RO001C,2015,2868091.0,,,RO001C,RO,,2015,tourist_nights,Total nights spent in tourist accommodation
A,CR2001V,RO001C,2016,3149970.0,,,RO001C,RO,,2016,tourist_nights,Total nights spent in tourist accommodation
A,CR2001V,RO001C,2017,3360245.0,,,RO001C,RO,,2017,tourist_nights,Total nights spent in tourist accommodation
A,CR2001V,RO001C,2018,3398817.0,,,RO001C,RO,,2018,tourist_nights,Total nights spent in tourist accommodation
A,CR2001V,RO002C,2015,608620.0,,,RO002C,RO,,2015,tourist_nights,Total nights spent in tourist accommodation
A,CR2001V,RO002C,2016,704921.0,,,RO002C,RO,,2016,tourist_nights,Total nights spent in tourist accommodation
A,CR2001V,RO002C,2017,872015.0,,,RO002C,RO,,2017,tourist_nights,Total nights spent in tourist accommodation
A,CR2001V,RO002C,2018,887859.0,,,RO002C,RO,,2018,tourist_nights,Total nights spent in tourist accommodation
A,CR2001V,RO003C,2015,577717.0,,,RO003C,RO,,2015,tourist_nights,Total nights spent in tourist accommodation
A,CR2001V,RO003C,2016,665285.0,,,RO003C,RO,,2016,tourist_nights,Total nights spent in tourist accommodation
A,CR2001V,RO003C,2017,682063.0,,,RO003C,RO,,2017,tourist_nights,Total nights spent in tourist accommodation
A,CR2001V,RO003C,2018,702422.0,,,RO003C,RO,,2018,tourist_nights,Total nights spent in tourist accommodation
A,CR2001V,RO004C,2015,143900.0,,,RO004C,RO,,2015,tourist_nights,Total nights spent in tourist accommodation
A,CR2001V,RO004C,2016,134215.0,,,RO004C,RO,,2016,tourist_nights,Total nights spent in tourist accommodation
A,CR2001V,RO004C,2017,184921.0,,,RO004C,RO,,2017,tourist_nights,Total nights spent in tourist accommodation
A,CR2001V,RO004C,2018,178773.0,,,RO004C,RO,,2018,tourist_nights,Total nights spent in tourist accommodation
A,CR2001V,RO005C,2015,204972.0,,,RO005C,RO,,2015,tourist_nights,Total nights spent in tourist accommodation
A,CR2001V,RO005C,2016,213873.0,,,RO005C,RO,,2016,tourist_nights,Total nights spent in tourist accommodation
A,CR2001V,RO005C,2017,100179.0,,,RO005C,RO,,2017,tourist_nights,Total nights spent in tourist accommodation
A,CR2001V,RO005C,2018,99788.0,,,RO005C,RO,,2018,tourist_nights,Total nights spent in tourist accommodation
A,CR2001V,RO006C,2015,360432.0,,,RO006C,RO,,2015,tourist_nights,Total nights spent in tourist accommodation
A,CR2001V,RO006C,2016,421062.0,,,RO006C,RO,,2016,tourist_nights,Total nights spent in tourist accommodation
A,CR2001V,RO006C,2017,407225.0,,,RO006C,RO,,2017,tourist_nights,Total nights spent in tourist accommodation
A,CR2001V,RO006C,2018,459210.0,,,RO006C,RO,,2018,tourist_nights,Total nights spent in tourist accommodation
A,CR2001V,RO007C,2015,82332.0,,,RO007C,RO,,2015,tourist_nights,Total nights spent in tourist accommodation
A,CR2001V,RO007C,2016,122667.0,,,RO007C,RO,,2016,tourist_nights,Total nights spent in tourist accommodation
A,CR2001V,RO007C,2017,86680.0,,,RO007C,RO,,2017,tourist_nights,Total nights spent in tourist accommodation
A,CR2001V,RO007C,2018,150602.0,,,RO007C,RO,,2018,tourist_nights,Total nights spent in tourist accommodation
A,CR2001V,RO008C,2015,242462.0,,,RO008C,RO,,2015,tourist_nights,Total nights spent in tourist accommodation
A,CR2001V,RO008C,2016,243686.0,,,RO008C,RO,,2016,tourist_nights,Total nights spent in tourist accommodation
A,CR2001V,RO008C,2017,240215.0,,,RO008C,RO,,2017,tourist_nights,Total nights spent in tourist accommodation
A,CR2001V,RO008C,2018,241390.0,,,RO008C,RO,,2018,tourist_nights,Total nights spent in tourist accommodation
A,CR2001V,RO009C,2015,520222.0,,,RO009C,RO,,2015,tourist_nights,Total nights spent in tourist accommodation
A,CR2001V,RO009C,2016,600250.0,,,RO009C,RO,,2016,tourist_nights,Total nights spent in tourist accommodation
A,CR2001V,RO009C,2017,617895.0,,,RO009C,RO,,2017,tourist_nights,Total nights spent in tourist accommodation
A,CR2001V,RO009C,2018,625405.0,,,RO009C,RO,,2018,tourist_nights,Total nights spent in tourist accommodation
A,CR2001V,RO010C,2015,307456.0,,,RO010C,RO,,2015,tourist_nights,Total nights spent in tourist accommodation
A,CR2001V,RO010C,2016,308304.0,,,RO010C,RO,,2016,tourist_nights,Total nights spent in tourist accommodation
A,CR2001V,RO010C,2017,305946.0,,,RO010C,RO,,2017,tourist_nights,Total nights spent in tourist accommodation
A,CR2001V,RO010C,2018,285958.0,,,RO010C,RO,,2018,tourist_nights,Total nights spent in tourist accommodation
A,CR2001V,RO011C,2015,77745.0,,,RO011C,RO,,2015,tourist_nights,Total nights spent in tourist accommodation
A,CR2001V,RO011C,2016,96794.0,,,RO011C,RO,,2016,tourist_nights,Total nights spent in tourist accommodation
A,CR2001V,RO011C,2017,82944.0,,,RO011C,RO,,2017,tourist_nights,Total nights spent in tourist accommodation
A,CR2001V,RO011C,2018,96759.0,,,RO011C,RO,,2018,tourist_nights,Total nights spent in tourist accommodation
A,CR2001V,RO012C,2015,30767.0,,,RO012C,RO,,2015,tourist_nights,Total nights spent in tourist accommodation
A,CR2001V,RO012C,2016,31514.0,,,RO012C,RO,,2016,tourist_nights,Total nights spent in tourist accommodation
A,CR2001V,RO012C,2017,35218.0,,,RO012C,RO,,2017,tourist_nights,Total nights spent in tourist accommodation
A,CR2001V,RO012C,2018,49238.0,,,RO012C,RO,,2018,tourist_nights,Total nights spent in tourist accommodation
A,CR2001V,RO013C,2015,16148.0,,,RO013C,RO,,2015,tourist_nights,Total nights spent in tourist accommodation
A,CR2001V,RO013C,2016,15700.0,,,RO013C,RO,,2016,tourist_nights,Total nights spent in tourist accommodation
A,CR2001V,RO013C,2017,17808.0,,,RO013C,RO,,2017,tourist_nights,Total nights spent in tourist accommodation
A,CR2001V,RO013C,2018,22102.0,,,RO013C,RO,,2018,tourist_nights,Total nights spent in tourist accommodation
A,CR2001V,RO014C,2015,111446.0,,,RO014C,RO,,2015,tourist_nights,Total nights spent in tourist accommodation
A,CR2001V,RO014C,2016,116432.0,,,RO014C,RO,,2016,tourist_nights,Total nights spent in tourist accommodation
A,CR2001V,RO014C,2017,115263.0,,,RO014C,RO,,2017,tourist_nights,Total nights spent in tourist accommodation
A,CR2001V,RO014C,2018,121098.0,,,RO014C,RO,,2018,tourist_nights,Total nights spent in tourist accommodation
A,CR2001V,RO015C,2015,33561.0,,,RO015C,RO,,2015,tourist_nights,Total nights spent in tourist accommodation
A,CR2001V,RO015C,2016,27554.0,,,RO015C,RO,,2016,tourist_nights,Total nights spent in tourist accommodation
A,CR2001V,RO015C,2017,24017.0,,,RO015C,RO,,2017,tourist_nights,Total nights spent in tourist accommodation
A,CR2001V,RO015C,2018,32738.0,,,RO015C,RO,,2018,tourist_nights,Total nights spent in tourist accommodation
A,CR2001V,RO016C,2015,75828.0,,,RO016C,RO,,2015,tourist_nights,Total nights spent in tourist accommodation
A,CR2001V,RO016C,2016,70982.0,,,RO016C,RO,,2016,tourist_nights,Total nights spent in tourist accommodation
A,CR2001V,RO016C,2017,81221.0,,,RO016C,RO,,2017,tourist_nights,Total nights spent in tourist accommodation
A,CR2001V,RO016C,2018,85243.0,,,RO016C,RO,,2018,tourist_nights,Total nights spent in tourist accommodation
A,CR2001V,RO017C,2015,81580.0,,,RO017C,RO,,2015,tourist_nights,Total nights spent in tourist accommodation
A,CR2001V,RO017C,2016,79429.0,,,RO017C,RO,,2016,tourist_nights,Total nights spent in tourist accommodation
A,CR2001V,RO017C,2017,133988.0,,,RO017C,RO,,2017,tourist_nights,Total nights spent in tourist accommodation
A,CR2001V,RO017C,2018,160062.0,,,RO017C,RO,,2018,tourist_nights,Total nights spent in tourist accommodation
A,CR2001V,RO018C,2015,65548.0,,,RO018C,RO,,2015,tourist_nights,Total nights spent in tourist accommodation
A,CR2001V,RO018C,2016,63884.0,,,RO018C,RO,,2016,tourist_nights,Total nights spent in tourist accommodation
A,CR2001V,RO018C,2017,74441.0,,,RO018C,RO,,2017,tourist_nights,Total nights spent in tourist accommodation
A,CR2001V,RO018C,2018,86231.0,,,RO018C,RO,,2018,tourist_nights,Total nights spent in tourist accommodation
A,CR2001V,RO019C,2015,51880.0,,,RO019C,RO,,2015,tourist_nights,Total nights spent in tourist accommodation
A,CR2001V,RO019C,2016,53811.0,,,RO019C,RO,,2016,tourist_nights,Total nights spent in tourist accommodation
A,CR2001V,RO019C,2017,55715.0,,,RO019C,RO,,2017,tourist_nights,Total nights spent in tourist accommodation
A,CR2001V,RO019C,2018,58879.0,,,RO019C,RO,,2018,tourist_nights,Total nights spent in tourist accommodation
A,CR2001V,RO020C,2015,11140.0,,,RO020C,RO,,2015,tourist_nights,Total nights spent in tourist accommodation
A,CR2001V,RO020C,2016,10199.0,,,RO020C,RO,,2016,tourist_nights,Total nights spent in tourist accommodation
A,CR2001V,RO020C,2017,12035.0,,,RO020C,RO,,2017,tourist_nights,Total nights spent in tourist accommodation
A,CR2001V,RO020C,2018,12713.0,,,RO020C,RO,,2018,tourist_nights,Total nights spent in tourist accommodation
A,CR2001V,RO021C,2015,31942.0,,,RO021C,RO,,2015,tourist_nights,Total nights spent in tourist accommodation
A,CR2001V,RO021C,2016,35985.0,,,RO021C,RO,,2016,tourist_nights,Total nights spent in tourist accommodation
A,CR2001V,RO021C,2017,36613.0,,,RO021C,RO,,2017,tourist_nights,Total nights spent in tourist accommodation
A,CR2001V,RO021C,2018,33020.0,,,RO021C,RO,,2018,tourist_nights,Total nights spent in tourist accommodation
A,CR2001V,RO022C,2015,115054.0,,,RO022C,RO,,2015,tourist_nights,Total nights spent in tourist accommodation
A,CR2001V,RO022C,2016,107535.0,,,RO022C,RO,,2016,tourist_nights,Total nights spent in tourist accommodation
A,CR2001V,RO022C,2017,122951.0,,,RO022C,RO,,2017,tourist_nights,Total nights spent in tourist accommodation
A,CR2001V,RO022C,2018,115096.0,,,RO022C,RO,,2018,tourist_nights,Total nights spent in tourist accommodation
A,CR2001V,RO023C,2015,1699590.0,,,RO023C,RO,,2015,tourist_nights,Total nights spent in tourist accommodation
A,CR2001V,RO023C,2016,1666702.0,,,RO023C,RO,,2016,tourist_nights,Total nights spent in tourist accommodation
A,CR2001V,RO023C,2017,1677868.0,,,RO023C,RO,,2017,tourist_nights,Total nights spent in tourist accommodation
A,CR2001V,RO023C,2018,1767115.0,,,RO023C,RO,,2018,tourist_nights,Total nights spent in tourist accommodation
A,CR2001V,RO024C,2015,410089.0,,,RO024C,RO,,2015,tourist_nights,Total nights spent in tourist accommodation
A,CR2001V,RO024C,2016,496510.0,,,RO024C,RO,,2016,tourist_nights,Total nights spent in tourist accommodation
A,CR2001V,RO024C,2017,501435.0,,,RO024C,RO,,2017,tourist_nights,Total nights spent in tourist accommodation
A,CR2001V,RO024C,2018,513453.0,,,RO024C,RO,,2018,tourist_nights,Total nights spent in tourist accommodation
A,CR2001V,RO025C,2015,126759.0,,,RO025C,RO,,2015,tourist_nights,Total nights spent in tourist accommodation
A,CR2001V,RO025C,2016,129463.0,,,RO025C,RO,,2016,tourist_nights,Total nights spent in tourist accommodation
A,CR2001V,RO025C,2017,140798.0,,,RO025C,RO,,2017,tourist_nights,Total nights spent in tourist accommodation
A,CR2001V,RO025C,2018,139830.0,,,RO025C,RO,,2018,tourist_nights,Total nights spent in tourist accommodation
A,CR2001V,RO026C,2015,1025947.0,,,RO026C,RO,,2015,tourist_nights,Total nights spent in tourist accommodation
A,CR2001V,RO026C,2016,1091694.0,,,RO026C,RO,,2016,tourist_nights,Total nights spent in tourist accommodation
A,CR2001V,RO026C,2017,1194787.0,,,RO026C,RO,,2017,tourist_nights,Total nights spent in tourist accommodation
A,CR2001V,RO026C,2018,1279808.0,,,RO026C,RO,,2018,tourist_nights,Total nights spent in tourist accommodation
A,CR2001V,RO027C,2015,113212.0,,,RO027C,RO,,2015,tourist_nights,Total nights spent in tourist accommodation
A,CR2001V,RO027C,2016,109130.0,,,RO027C,RO,,2016,tourist_nights,Total nights spent in tourist accommodation
A,CR2001V,RO027C,2017,117118.0,,,RO027C,RO,,2017,tourist_nights,Total nights spent in tourist accommodation
A,CR2001V,RO027C,2018,167849.0,,,RO027C,RO,,2018,tourist_nights,Total nights spent in tourist accommodation
A,CR2001V,RO028C,2015,122247.0,,,RO028C,RO,,2015,tourist_nights,Total nights spent in tourist accommodation
A,CR2001V,RO028C,2016,128637.0,,,RO028C,RO,,2016,tourist_nights,Total nights spent in tourist accommodation
A,CR2001V,RO028C,2017,137146.0,,,RO028C,RO,,2017,tourist_nights,Total nights spent in tourist accommodation
A,CR2001V,RO028C,2018,138859.0,,,RO028C,RO,,2018,tourist_nights,Total nights spent in tourist accommodation
A,CR2001V,RO029C,2015,139003.0,,,RO029C,RO,,2015,tourist_nights,Total nights spent in tourist accommodation
A,CR2001V,RO029C,2016,141084.0,,,RO029C,RO,,2016,tourist_nights,Total nights spent in tourist accommodation
A,CR2001V,RO029C,2017,144585.0,,,RO029C,RO,,2017,tourist_nights,Total nights spent in tourist accommodation
A,CR2001V,RO029C,2018,186520.0,,,RO029C,RO,,2018,tourist_nights,Total nights spent in tourist accommodation
A,CR2001V,RO030C,2015,49870.0,,,RO030C,RO,,2015,tourist_nights,Total nights spent in tourist accommodation
A,CR2001V,RO030C,2016,51889.0,,,RO030C,RO,,2016,tourist_nights,Total nights spent in tourist accommodation
A,CR2001V,RO030C,2017,65387.0,,,RO030C,RO,,2017,tourist_nights,Total nights spent in tourist accommodation
A,CR2001V,RO030C,2018,71807.0,,,RO030C,RO,,2018,tourist_nights,Total nights spent in tourist accommodation
A,CR2001V,RO031C,2015,91307.0,,,RO031C,RO,,2015,tourist_nights,Total nights spent in tourist accommodation
A,CR2001V,RO031C,2016,77138.0,,,RO031C,RO,,2016,tourist_nights,Total nights spent in tourist accommodation
A,CR2001V,RO031C,2017,71091.0,,,RO031C,RO,,2017,tourist_nights,Total nights spent in tourist accommodation
A,CR2001V,RO031C,2018,63593.0,,,RO031C,RO,,2018,tourist_nights,Total nights spent in tourist accommodation
A,CR2001V,RO032C,2015,57775.0,,,RO032C,RO,,2015,tourist_nights,Total nights spent in tourist accommodation
A,CR2001V,RO032C,2016,64918.0,,,RO032C,RO,,2016,tourist_nights,Total nights spent in tourist accommodation
A,CR2001V,RO032C,2017,80087.0,,,RO032C,RO,,2017,tourist_nights,Total nights spent in tourist accommodation
A,CR2001V,RO032C,2018,62700.0,,,RO032C,RO,,2018,tourist_nights,Total nights spent in tourist accommodation
A,CR2001V,RO033C,2015,82800.0,,,RO033C,RO,,2015,tourist_nights,Total nights spent in tourist accommodation
A,CR2001V,RO033C,2016,98459.0,,,RO033C,RO,,2016,tourist_nights,Total nights spent in tourist accommodation
A,CR2001V,RO033C,2017,108499.0,,,RO033C,RO,,2017,tourist_nights,Total nights spent in tourist accommodation
A,CR2001V,RO033C,2018,109759.0,,,RO033C,RO,,2018,tourist_nights,Total nights spent in tourist accommodation
A,CR2001V,RO034C,2015,170217.0,,,RO034C,RO,,2015,tourist_nights,Total nights spent in tourist accommodation
A,CR2001V,RO034C,2016,140053.0,,,RO034C,RO,,2016,tourist_nights,Total nights spent in tourist accommodation
A,CR2001V,RO034C,2017,151081.0,,,RO034C,RO,,2017,tourist_nights,Total nights spent in tourist accommodation
A,CR2001V,RO034C,2018,149456.0,,,RO034C,RO,,2018,tourist_nights,Total nights spent in tourist accommodation
A,CR2001V,RO035C,2015,93685.0,,,RO035C,RO,,2015,tourist_nights,Total nights spent in tourist accommodation
A,CR2001V,RO035C,2016,112593.0,,,RO035C,RO,,2016,tourist_nights,Total nights spent in tourist accommodation
A,CR2001V,RO035C,2017,121403.0,,,RO035C,RO,,2017,tourist_nights,Total nights spent in tourist accommodation
A,CR2001V,RO035C,2018,98786.0,,,RO035C,RO,,2018,tourist_nights,Total nights spent in tourist accommodation
A,CR2001V,SE,2017,57234148.0,,,SE,SE,,2017,tourist_nights,Total nights spent in tourist accommodation
A,CR2001V,SE,2018,58683201.0,,,SE,SE,,2018,tourist_nights,Total nights spent in tourist accommodation
A,CR2001V,SE001C,2017,10914628.0,,,SE001C,SE,,2017,tourist_nights,Total nights spent in tourist accommodation
A,CR2001V,SE001C,2018,11442249.0,,,SE001C,SE,,2018,tourist_nights,Total nights spent in tourist accommodation
A,CR2001V,SE002C,2017,4184185.0,,,SE002C,SE,,2017,tourist_nights,Total nights spent in tourist accommodation
A,CR2001V,SE002C,2018,4194404.0,,,SE002C,SE,,2018,tourist_nights,Total nights spent in tourist accommodation
A,CR2001V,SE003C,2017,1906665.0,,,SE003C,SE,,2017,tourist_nights,Total nights spent in tourist accommodation
A,CR2001V,SE003C,2018,1878472.0,,,SE003C,SE,,2018,tourist_nights,Total nights spent in tourist accommodation
A,CR2001V,SE004C,2017,788473.0,,,SE004C,SE,,2017,tourist_nights,Total nights spent in tourist accommodation
A,CR2001V,SE004C,2018,821400.0,,,SE004C,SE,,2018,tourist_nights,Total nights spent in tourist accommodation
A,CR2001V,SE005C,2017,643780.0,,,SE005C,SE,,2017,tourist_nights,Total nights spent in tourist accommodation
A,CR2001V,SE005C,2018,675530.0,,,SE005C,SE,,2018,tourist_nights,Total nights spent in tourist accommodation
A,CR2001V,SE006C,2017,611578.0,,,SE006C,SE,,2017,tourist_nights,Total nights spent in tourist accommodation
A,CR2001V,SE006C,2018,629876.0,,,SE006C,SE,,2018,tourist_nights,Total nights spent in tourist accommodation
A,CR2001V,SE007C,2017,533920.0,,,SE007C,SE,,2017,tourist_nights,Total nights spent in tourist accommodation
A,CR2001V,SE007C,2018,539991.0,,,SE007C,SE,,2018,tourist_nights,Total nights spent in tourist accommodation
A,CR2001V,SE008C,2017,700931.0,,,SE008C,SE,,2017,tourist_nights,Total nights spent in tourist accommodation
A,CR2001V,SE008C,2018,710184.0,,,SE008C,SE,,2018,tourist_nights,Total nights spent in tourist accommodation
A,CR2001V,SE010C,2017,392915.0,,,SE010C,SE,,2017,tourist_nights,Total nights spent in tourist accommodation
A,CR2001V,SE010C,2018,489964.0,,,SE010C,SE,,2018,tourist_nights,Total nights spent in tourist accommodation
A,CR2001V,SE011C,2017,633950.0,,,SE011C,SE,,2017,tourist_nights,Total nights spent in tourist accommodation
A,CR2001V,SE011C,2018,602465.0,,,SE011C,SE,,2018,tourist_nights,Total nights spent in tourist accommodation
A,CR2001V,SE012C,2017,761314.0,,,SE012C,SE,,2017,tourist_nights,Total nights spent in tourist accommodation
A,CR2001V,SE012C,2018,770992.0,,,SE012C,SE,,2018,tourist_nights,Total nights spent in tourist accommodation
A,CR2001V,SE013C,2017,477171.0,,,SE013C,SE,,2017,tourist_nights,Total nights spent in tourist accommodation
A,CR2001V,SE013C,2018,486089.0,,,SE013C,SE,,2018,tourist_nights,Total nights spent in tourist accommodation
A,CR2001V,SE014C,2017,260483.0,,,SE014C,SE,,2017,tourist_nights,Total nights spent in tourist accommodation
A,CR2001V,SE014C,2018,280459.0,,,SE014C,SE,,2018,tourist_nights,Total nights spent in tourist accommodation
A,CR2001V,SI,2015,10341699.0,,,SI,SI,,2015,tourist_nights,Total nights spent in tourist accommodation
A,CR2001V,SI,2016,11179879.0,,,SI,SI,,2016,tourist_nights,Total nights spent in tourist accommodation
A,CR2001V,SI,2017,12591562.0,,,SI,SI,,2017,tourist_nights,Total nights spent in tourist accommodation
A,CR2001V,SI,2018,15694705.0,b,,SI,SI,,2018,tourist_nights,Total nights spent in tourist accommodation
A,CR2001V,SI001C,2015,1186191.0,,,SI001C,SI,,2015,tourist_nights,Total nights spent in tourist accommodation
A,CR2001V,SI001C,2016,1334603.0,,,SI001C,SI,,2016,tourist_nights,Total nights spent in tourist accommodation
A,CR2001V,SI001C,2017,1548487.0,,,SI001C,SI,,2017,tourist_nights,Total nights spent in tourist accommodation
A,CR2001V,SI001C,2018,2179916.0,b,,SI001C,SI,,2018,tourist_nights,Total nights spent in tourist accommodation
A,CR2001V,SI001C,2019,2227669.0,,,SI001C,SI,,2019,tourist_nights,Total nights spent in tourist accommodation
A,CR2001V,SI001C,2020,540195.0,,,SI001C,SI,,2020,tourist_nights,Total nights spent in tourist accommodation
A,CR2001V,SI002C,2015,285163.0,,,SI002C,SI,,2015,tourist_nights,Total nights spent in tourist accommodation
A,CR2001V,SI002C,2016,312404.0,,,SI002C,SI,,2016,tourist_nights,Total nights spent in tourist accommodation
A,CR2001V,SI002C,2017,337250.0,,,SI002C,SI,,2017,tourist_nights,Total nights spent in tourist accommodation
A,CR2001V,SI002C,2018,466620.0,b,,SI002C,SI,,2018,tourist_nights,Total nights spent in tourist accommodation
A,CR2001V,SI002C,2019,454004.0,,,SI002C,SI,,2019,tourist_nights,Total nights spent in tourist accommodation
A,CR2001V,SI002C,2020,196397.0,,,SI002C,SI,,2020,tourist_nights,Total nights spent in tourist accommodation
A,CR2001V,SK,2015,12350080.0,,,SK,SK,,2015,tourist_nights,Total nights spent in tourist accommodation
A,CR2001V,SK,2016,14138420.0,,,SK,SK,,2016,tourist_nights,Total nights spent in tourist accommodation
A,CR2001V,SK,2017,14936766.0,,,SK,SK,,2017,tourist_nights,Total nights spent in tourist accommodation
A,CR2001V,SK,2018,15515083.0,,,SK,SK,,2018,tourist_nights,Total nights spent in tourist accommodation
A,CR2001V,SK,2019,17703695.0,,,SK,SK,,2019,tourist_nights,Total nights spent in tourist accommodation
A,CR2001V,SK,2020,9790597.0,,,SK,SK,,2020,tourist_nights,Total nights spent in tourist accommodation
A,CR2001V,SK001C,2015,2257218.0,,,SK001C,SK,,2015,tourist_nights,Total nights spent in tourist accommodation
A,CR2001V,SK001C,2016,2603883.0,,,SK001C,SK,,2016,tourist_nights,Total nights spent in tourist accommodation
A,CR2001V,SK001C,2017,2719733.0,,,SK001C,SK,,2017,tourist_nights,Total nights spent in tourist accommodation
A,CR2001V,SK001C,2018,2691787.0,,,SK001C,SK,,2018,tourist_nights,Total nights spent in tourist accommodation
A,CR2001V,SK001C,2019,2850755.0,,,SK001C,SK,,2019,tourist_nights,Total nights spent in tourist accommodation
A,CR2001V,SK001C,2020,916148.0,,,SK001C,SK,,2020,tourist_nights,Total nights spent in tourist accommodation
A,CR2001V,SK002C,2015,305620.0,,,SK002C,SK,,2015,tourist_nights,Total nights spent in tourist accommodation
A,CR2001V,SK002C,2016,350145.0,,,SK002C,SK,,2016,tourist_nights,Total nights spent in tourist accommodation
A,CR2001V,SK002C,2017,367725.0,,,SK002C,SK,,2017,tourist_nights,Total nights spent in tourist accommodation
A,CR2001V,SK002C,2018,417209.0,,,SK002C,SK,,2018,tourist_nights,Total nights spent in tourist accommodation
A,CR2001V,SK002C,2019,560580.0,,,SK002C,SK,,2019,tourist_nights,Total nights spent in tourist accommodation
A,CR2001V,SK002C,2020,240651.0,,,SK002C,SK,,2020,tourist_nights,Total nights spent in tourist accommodation
A,CR2001V,SK003C,2015,73773.0,,,SK003C,SK,,2015,tourist_nights,Total nights spent in tourist accommodation
A,CR2001V,SK003C,2016,94273.0,,,SK003C,SK,,2016,tourist_nights,Total nights spent in tourist accommodation
A,CR2001V,SK003C,2017,98775.0,,,SK003C,SK,,2017,tourist_nights,Total nights spent in tourist accommodation
A,CR2001V,SK003C,2018,101907.0,,,SK003C,SK,,2018,tourist_nights,Total nights spent in tourist accommodation
A,CR2001V,SK003C,2019,145065.0,,,SK003C,SK,,2019,tourist_nights,Total nights spent in tourist accommodation
A,CR2001V,SK003C,2020,60649.0,,,SK003C,SK,,2020,tourist_nights,Total nights spent in tourist accommodation
A,CR2001V,SK004C,2015,166551.0,,,SK004C,SK,,2015,tourist_nights,Total nights spent in tourist accommodation
A,CR2001V,SK004C,2016,237087.0,,,SK004C,SK,,2016,tourist_nights,Total nights spent in tourist accommodation
A,CR2001V,SK004C,2017,294735.0,,,SK004C,SK,,2017,tourist_nights,Total nights spent in tourist accommodation
A,CR2001V,SK004C,2018,242244.0,,,SK004C,SK,,2018,tourist_nights,Total nights spent in tourist accommodation
A,CR2001V,SK004C,2019,179046.0,,,SK004C,SK,,2019,tourist_nights,Total nights spent in tourist accommodation
A,CR2001V,SK004C,2020,75409.0,,,SK004C,SK,,2020,tourist_nights,Total nights spent in tourist accommodation
A,CR2001V,SK005C,2015,65944.0,,,SK005C,SK,,2015,tourist_nights,Total nights spent in tourist accommodation
A,CR2001V,SK005C,2016,80665.0,,,SK005C,SK,,2016,tourist_nights,Total nights spent in tourist accommodation
A,CR2001V,SK005C,2017,90071.0,,,SK005C,SK,,2017,tourist_nights,Total nights spent in tourist accommodation
A,CR2001V,SK005C,2018,98181.0,,,SK005C,SK,,2018,tourist_nights,Total nights spent in tourist accommodation
A,CR2001V,SK005C,2019,103707.0,,,SK005C,SK,,2019,tourist_nights,Total nights spent in tourist accommodation
A,CR2001V,SK005C,2020,50241.0,,,SK005C,SK,,2020,tourist_nights,Total nights spent in tourist accommodation
A,CR2001V,SK006C,2015,204143.0,,,SK006C,SK,,2015,tourist_nights,Total nights spent in tourist accommodation
A,CR2001V,SK006C,2016,216720.0,,,SK006C,SK,,2016,tourist_nights,Total nights spent in tourist accommodation
A,CR2001V,SK006C,2017,202630.0,,,SK006C,SK,,2017,tourist_nights,Total nights spent in tourist accommodation
A,CR2001V,SK006C,2018,205763.0,,,SK006C,SK,,2018,tourist_nights,Total nights spent in tourist accommodation
A,CR2001V,SK006C,2019,214077.0,,,SK006C,SK,,2019,tourist_nights,Total nights spent in tourist accommodation
A,CR2001V,SK006C,2020,88073.0,,,SK006C,SK,,2020,tourist_nights,Total nights spent in tourist accommodation
A,CR2001V,SK007C,2015,161172.0,,,SK007C,SK,,2015,tourist_nights,Total nights spent in tourist accommodation
A,CR2001V,SK007C,2016,119102.0,,,SK007C,SK,,2016,tourist_nights,Total nights spent in tourist accommodation
A,CR2001V,SK007C,2017,107526.0,,,SK007C,SK,,2017,tourist_nights,Total nights spent in tourist accommodation
A,CR2001V,SK007C,2018,135023.0,,,SK007C,SK,,2018,tourist_nights,Total nights spent in tourist accommodation
A,CR2001V,SK007C,2019,137459.0,,,SK007C,SK,,2019,tourist_nights,Total nights spent in tourist accommodation
A,CR2001V,SK007C,2020,43825.0,,,SK007C,SK,,2020,tourist_nights,Total nights spent in tourist accommodation
A,CR2001V,SK008C,2015,88131.0,,,SK008C,SK,,2015,tourist_nights,Total nights spent in tourist accommodation
A,CR2001V,SK008C,2016,109528.0,,,SK008C,SK,,2016,tourist_nights,Total nights spent in tourist accommodation
A,CR2001V,SK008C,2017,135968.0,,,SK008C,SK,,2017,tourist_nights,Total nights spent in tourist accommodation
A,CR2001V,SK008C,2018,115710.0,,,SK008C,SK,,2018,tourist_nights,Total nights spent in tourist accommodation
A,CR2001V,SK008C,2019,107539.0,,,SK008C,SK,,2019,tourist_nights,Total nights spent in tourist accommodation
A,CR2001V,SK008C,2020,48063.0,,,SK008C,SK,,2020,tourist_nights,Total nights spent in tourist accommodation
A,CR2001V,UK012C,2015,4237733.0,b,,UK012C,UK,,2015,tourist_nights,Total nights spent in tourist accommodation
A,CR2001V,UK012C,2016,4433128.0,,,UK012C,UK,,2016,tourist_nights,Total nights spent in tourist accommodation
A,CR2001V,UK012C,2017,5030857.0,,,UK012C,UK,,2017,tourist_nights,Total nights spent in tourist accommodation
A,CR2001V,UK012C,2018,5244269.0,,,UK012C,UK,,2018,tourist_nights,Total nights spent in tourist accommodation
A,CR2001V,UK018C,2016,2111000.0,,,UK018C,UK,,2016,tourist_nights,Total nights spent in tourist accommodation
A,CR2001V,UK029C,2015,226687.0,,,UK029C,UK,,2015,tourist_nights,Total nights spent in tourist accommodation
A,CR2001V,UK029C,2016,223808.0,,,UK029C,UK,,2016,tourist_nights,Total nights spent in tourist accommodation
A,CR2001V,UK075C,2015,1610000.0,,,UK075C,UK,,2015,tourist_nights,Total nights spent in tourist accommodation
A,CR2001V,UK075C,2016,1650000.0,,,UK075C,UK,,2016,tourist_nights,Total nights spent in tourist accommodation
A,CR2001V,UK092C,2015,4038000.0,,,UK092C,UK,,2015,tourist_nights,Total nights spent in tourist accommodation
A,CR2001V,UK092C,2016,4222000.0,,,UK092C,UK,,2016,tourist_nights,Total nights spent in tourist accommodation
A,CR2001V,UK135C,2015,889416.0,b,,UK135C,UK,,2015,tourist_nights,Total nights spent in tourist accommodation
A,CR2001V,UK135C,2016,909898.0,,,UK135C,UK,,2016,tourist_nights,Total nights spent in tourist accommodation
A,CR2001V,UK135C,2017,822313.0,,,UK135C,UK,,2017,tourist_nights,Total nights spent in tourist accommodation
A,CR2001V,UK135C,2018,1025913.0,,,UK135C,UK,,2018,tourist_nights,Total nights spent in tourist accommodation
