freq,indic_ur,location_code,time_period,obs_value,obs_flag,conf_status,city_name,country_code,country_name,year,indicator,indicator_desc
A,DE1001V,BE,2015,11258434,,,BE,BE,,2015,population_total,"Population on 1 January, total"
A,DE1001V,BE,2016,11307192,,,BE,BE,,2016,population_total,"Population on 1 January, total"
A,DE1001V,BE,2017,11351727,,,BE,BE,,2017,population_total,"Population on 1 January, total"
A,DE1001V,BE,2018,11398589,,,BE,BE,,2018,population_total,"Population on 1 January, total"
A,DE1001V,BE,2019,11455519,,,BE,BE,,2019,population_total,"Population on 1 January, total"
A,DE1001V,BE,2020,11522440,,,BE,BE,,2020,population_total,"Population on 1 January, total"
A,DE1001V,BE,2021,11554767,,,BE,BE,,2021,population_total,"Population on 1 January, total"
A,DE1001V,BE,2022,11617623,,,BE,BE,,2022,population_total,"Population on 1 January, total"
A,DE1001V,BE,2023,11742796,,,BE,BE,,2023,population_total,"Population on 1 January, total"
A,DE1001V,BE001C,2015,1196831,,,BE001C,BE,,2015,population_total,"Population on 1 January, total"
A,DE1001V,BE001C,2016,1201129,,,BE001C,BE,,2016,population_total,"Population on 1 January, total"
A,DE1001V,BE001C,2017,1199095,,,BE001C,BE,,2017,population_total,"Population on 1 January, total"
A,DE1001V,BE001C,2018,1205492,,,BE001C,BE,,2018,population_total,"Population on 1 January, total"
A,DE1001V,BE001C,2019,1215289,,,BE001C,BE,,2019,population_total,"Population on 1 January, total"
A,DE1001V,BE001C,2020,1223364,,,BE001C,BE,,2020,population_total,"Population on 1 January, total"
A,DE1001V,BE001C,2021,1226329,,,BE001C,BE,,2021,population_total,"Population on 1 January, total"
A,DE1001V,BE001C,2022,1228655,,,BE001C,BE,,2022,population_total,"Population on 1 January, total"
A,DE1001V,BE001C,2023,1253178,,,BE001C,BE,,2023,population_total,"Population on 1 January, total"
A,DE1001V,BE002C,2015,515593,,,BE002C,BE,,2015,population_total,"Population on 1 January, total"
A,DE1001V,BE002C,2016,517731,,,BE002C,BE,,2016,population_total,"Population on 1 January, total"
A,DE1001V,BE002C,2017,520859,,,BE002C,BE,,2017,population_total,"Population on 1 January, total"
A,DE1001V,BE002C,2018,523591,,,BE002C,BE,,2018,population_total,"Population on 1 January, total"
A,DE1001V,BE002C,2019,526439,,,BE002C,BE,,2019,population_total,"Population on 1 January, total"
A,DE1001V,BE002C,2020,530014,,,BE002C,BE,,2020,population_total,"Population on 1 January, total"
A,DE1001V,BE002C,2021,530627,,,BE002C,BE,,2021,population_total,"Population on 1 January, total"
A,DE1001V,BE002C,2022,532255,,,BE002C,BE,,2022,population_total,"Population on 1 January, total"
A,DE1001V,BE002C,2023,541122,,,BE002C,BE,,2023,population_total,"Population on 1 January, total"
A,DE1001V,BE003C,2015,253914,,,BE003C,BE,,2015,population_total,"Population on 1 January, total"
A,DE1001V,BE003C,2016,257226,,,BE003C,BE,,2016,population_total,"Population on 1 January, total"
A,DE1001V,BE003C,2017,259462,,,BE003C,BE,,2017,population_total,"Population on 1 January, total"
A,DE1001V,BE003C,2018,260329,,,BE003C,BE,,2018,population_total,"Population on 1 January, total"
A,DE1001V,BE003C,2019,262205,,,BE003C,BE,,2019,population_total,"Population on 1 January, total"
A,DE1001V,BE003C,2020,263687,,,BE003C,BE,,2020,population_total,"Population on 1 January, total"
A,DE1001V,BE003C,2021,264019,,,BE003C,BE,,2021,population_total,"Population on 1 January, total"
A,DE1001V,BE003C,2022,265234,,,BE003C,BE,,2022,population_total,"Population on 1 January, total"
A,DE1001V,BE003C,2023,268335,,,BE003C,BE,,2023,population_total,"Population on 1 January, total"
A,DE1001V,BE004C,2015,203228,,,BE004C,BE,,2015,population_total,"Population on 1 January, total"
A,DE1001V,BE004C,2016,202602,,,BE004C,BE,,2016,population_total,"Population on 1 January, total"
A,DE1001V,BE004C,2017,201884,,,BE004C,BE,,2017,population_total,"Population on 1 January, total"
A,DE1001V,BE004C,2018,202341,,,BE004C,BE,,2018,population_total,"Population on 1 January, total"
A,DE1001V,BE004C,2019,202637,,,BE004C,BE,,2019,population_total,"Population on 1 January, total"
A,DE1001V,BE004C,2020,203314,,,BE004C,BE,,2020,population_total,"Population on 1 January, total"
A,DE1001V,BE004C,2021,238412,,,BE004C,BE,,2021,population_total,"Population on 1 January, total"
A,DE1001V,BE004C,2022,238840,,,BE004C,BE,,2022,population_total,"Population on 1 January, total"
A,DE1001V,BE004C,2023,240402,,,BE004C,BE,,2023,population_total,"Population on 1 January, total"
A,DE1001V,BE005C,2015,382852,,,BE005C,BE,,2015,population_total,"Population on 1 January, total"
A,DE1001V,BE005C,2016,382488,,,BE005C,BE,,2016,population_total,"Population on 1 January, total"
A,DE1001V,BE005C,2017,383725,,,BE005C,BE,,2017,population_total,"Population on 1 January, total"
A,DE1001V,BE005C,2018,383710,,,BE005C,BE,,2018,population_total,"Population on 1 January, total"
A,DE1001V,BE005C,2019,383482,,,BE005C,BE,,2019,population_total,"Population on 1 January, total"
A,DE1001V,BE005C,2020,383700,,,BE005C,BE,,2020,population_total,"Population on 1 January, total"
A,DE1001V,BE005C,2021,405980,,,BE005C,BE,,2021,population_total,"Population on 1 January, total"
A,DE1001V,BE005C,2022,406563,,,BE005C,BE,,2022,population_total,"Population on 1 January, total"
A,DE1001V,BE005C,2023,408069,,,BE005C,BE,,2023,population_total,"Population on 1 January, total"
A,DE1001V,BE006C,2015,118335,,,BE006C,BE,,2015,population_total,"Population on 1 January, total"
A,DE1001V,BE006C,2016,118219,,,BE006C,BE,,2016,population_total,"Population on 1 January, total"
A,DE1001V,BE006C,2017,118393,,,BE006C,BE,,2017,population_total,"Population on 1 January, total"
A,DE1001V,BE006C,2018,118526,,,BE006C,BE,,2018,population_total,"Population on 1 January, total"
A,DE1001V,BE006C,2019,118569,,,BE006C,BE,,2019,population_total,"Population on 1 January, total"
A,DE1001V,BE006C,2020,118916,,,BE006C,BE,,2020,population_total,"Population on 1 January, total"
A,DE1001V,BE006C,2021,118802,,,BE006C,BE,,2021,population_total,"Population on 1 January, total"
A,DE1001V,BE006C,2022,118731,,,BE006C,BE,,2022,population_total,"Population on 1 January, total"
A,DE1001V,BE006C,2023,119761,,,BE006C,BE,,2023,population_total,"Population on 1 January, total"
A,DE1001V,BE007C,2015,111312,,,BE007C,BE,,2015,population_total,"Population on 1 January, total"
A,DE1001V,BE007C,2016,110738,,,BE007C,BE,,2016,population_total,"Population on 1 January, total"
A,DE1001V,BE007C,2017,111111,,,BE007C,BE,,2017,population_total,"Population on 1 January, total"
A,DE1001V,BE007C,2018,111334,,,BE007C,BE,,2018,population_total,"Population on 1 January, total"
A,DE1001V,BE007C,2019,111239,,,BE007C,BE,,2019,population_total,"Population on 1 January, total"
A,DE1001V,BE007C,2020,112125,,,BE007C,BE,,2020,population_total,"Population on 1 January, total"
A,DE1001V,BE007C,2021,112373,,,BE007C,BE,,2021,population_total,"Population on 1 January, total"
A,DE1001V,BE007C,2022,113636,,,BE007C,BE,,2022,population_total,"Population on 1 January, total"
A,DE1001V,BE007C,2023,114733,,,BE007C,BE,,2023,population_total,"Population on 1 January, total"
A,DE1001V,BE008C,2015,98531,,,BE008C,BE,,2015,population_total,"Population on 1 January, total"
A,DE1001V,BE008C,2016,99365,,,BE008C,BE,,2016,population_total,"Population on 1 January, total"
A,DE1001V,BE008C,2017,99640,,,BE008C,BE,,2017,population_total,"Population on 1 January, total"
A,DE1001V,BE008C,2018,100524,,,BE008C,BE,,2018,population_total,"Population on 1 January, total"
A,DE1001V,BE008C,2019,101132,,,BE008C,BE,,2019,population_total,"Population on 1 January, total"
A,DE1001V,BE008C,2020,101625,,,BE008C,BE,,2020,population_total,"Population on 1 January, total"
A,DE1001V,BE008C,2021,100772,,,BE008C,BE,,2021,population_total,"Population on 1 January, total"
A,DE1001V,BE008C,2022,101612,,,BE008C,BE,,2022,population_total,"Population on 1 January, total"
A,DE1001V,BE008C,2023,102477,,,BE008C,BE,,2023,population_total,"Population on 1 January, total"
A,DE1001V,BE009C,2015,95469,,,BE009C,BE,,2015,population_total,"Population on 1 January, total"
A,DE1001V,BE009C,2016,95046,,,BE009C,BE,,2016,population_total,"Population on 1 January, total"
A,DE1001V,BE009C,2017,95332,,,BE009C,BE,,2017,population_total,"Population on 1 January, total"
A,DE1001V,BE009C,2018,95369,,,BE009C,BE,,2018,population_total,"Population on 1 January, total"
A,DE1001V,BE009C,2019,95679,,,BE009C,BE,,2019,population_total,"Population on 1 January, total"
A,DE1001V,BE009C,2020,95922,,,BE009C,BE,,2020,population_total,"Population on 1 January, total"
A,DE1001V,BE009C,2021,157333,,,BE009C,BE,,2021,population_total,"Population on 1 January, total"
A,DE1001V,BE009C,2022,157932,,,BE009C,BE,,2022,population_total,"Population on 1 January, total"
A,DE1001V,BE009C,2023,158099,,,BE009C,BE,,2023,population_total,"Population on 1 January, total"
A,DE1001V,BE010C,2015,75577,,,BE010C,BE,,2015,population_total,"Population on 1 January, total"
A,DE1001V,BE010C,2016,75639,,,BE010C,BE,,2016,population_total,"Population on 1 January, total"
A,DE1001V,BE010C,2017,75849,,,BE010C,BE,,2017,population_total,"Population on 1 January, total"
A,DE1001V,BE010C,2018,76342,,,BE010C,BE,,2018,population_total,"Population on 1 January, total"
A,DE1001V,BE010C,2019,76814,,,BE010C,BE,,2019,population_total,"Population on 1 January, total"
A,DE1001V,BE010C,2020,77136,,,BE010C,BE,,2020,population_total,"Population on 1 January, total"
A,DE1001V,BE010C,2021,77303,,,BE010C,BE,,2021,population_total,"Population on 1 January, total"
A,DE1001V,BE010C,2022,77807,,,BE010C,BE,,2022,population_total,"Population on 1 January, total"
A,DE1001V,BE010C,2023,79034,,,BE010C,BE,,2023,population_total,"Population on 1 January, total"
A,DE1001V,BE011C,2015,70813,,,BE011C,BE,,2015,population_total,"Population on 1 January, total"
A,DE1001V,BE011C,2016,70782,,,BE011C,BE,,2016,population_total,"Population on 1 January, total"
A,DE1001V,BE011C,2017,71204,,,BE011C,BE,,2017,population_total,"Population on 1 January, total"
A,DE1001V,BE011C,2018,71451,,,BE011C,BE,,2018,population_total,"Population on 1 January, total"
A,DE1001V,BE011C,2019,71551,,,BE011C,BE,,2019,population_total,"Population on 1 January, total"
A,DE1001V,BE011C,2020,71732,,,BE011C,BE,,2020,population_total,"Population on 1 January, total"
A,DE1001V,BE011C,2021,71861,,,BE011C,BE,,2021,population_total,"Population on 1 January, total"
A,DE1001V,BE011C,2022,71704,,,BE011C,BE,,2022,population_total,"Population on 1 January, total"
A,DE1001V,BE011C,2023,72370,,,BE011C,BE,,2023,population_total,"Population on 1 January, total"
A,DE1001V,BE012C,2021,87210,,,BE012C,BE,,2021,population_total,"Population on 1 January, total"
A,DE1001V,BE012C,2022,87291,,,BE012C,BE,,2022,population_total,"Population on 1 January, total"
A,DE1001V,BE012C,2023,88621,,,BE012C,BE,,2023,population_total,"Population on 1 January, total"
A,DE1001V,BE013C,2021,59681,,,BE013C,BE,,2021,population_total,"Population on 1 January, total"
A,DE1001V,BE013C,2022,60001,,,BE013C,BE,,2022,population_total,"Population on 1 January, total"
A,DE1001V,BE013C,2023,60512,,,BE013C,BE,,2023,population_total,"Population on 1 January, total"
A,DE1001V,BE014C,2021,104550,,,BE014C,BE,,2021,population_total,"Population on 1 January, total"
A,DE1001V,BE014C,2022,104891,,,BE014C,BE,,2022,population_total,"Population on 1 January, total"
A,DE1001V,BE014C,2023,105411,,,BE014C,BE,,2023,population_total,"Population on 1 January, total"
A,DE1001V,BE015C,2021,70490,,,BE015C,BE,,2021,population_total,"Population on 1 January, total"
A,DE1001V,BE015C,2022,70494,,,BE015C,BE,,2022,population_total,"Population on 1 January, total"
A,DE1001V,BE015C,2023,70827,,,BE015C,BE,,2023,population_total,"Population on 1 January, total"
A,DE1001V,BG,2015,7202198,,,BG,BG,,2015,population_total,"Population on 1 January, total"
A,DE1001V,BG,2016,7153784,,,BG,BG,,2016,population_total,"Population on 1 January, total"
A,DE1001V,BG,2017,7101859,,,BG,BG,,2017,population_total,"Population on 1 January, total"
A,DE1001V,BG,2018,7050034,,,BG,BG,,2018,population_total,"Population on 1 January, total"
A,DE1001V,BG,2019,7000039,,,BG,BG,,2019,population_total,"Population on 1 January, total"
A,DE1001V,BG,2020,6951482,,,BG,BG,,2020,population_total,"Population on 1 January, total"
A,DE1001V,BG001C,2015,1228282,,,BG001C,BG,,2015,population_total,"Population on 1 January, total"
A,DE1001V,BG001C,2016,1231981,,,BG001C,BG,,2016,population_total,"Population on 1 January, total"
A,DE1001V,BG001C,2017,1236047,,,BG001C,BG,,2017,population_total,"Population on 1 January, total"
A,DE1001V,BG001C,2018,1238438,,,BG001C,BG,,2018,population_total,"Population on 1 January, total"
A,DE1001V,BG001C,2019,1241675,,,BG001C,BG,,2019,population_total,"Population on 1 January, total"
A,DE1001V,BG001C,2020,1242568,,,BG001C,BG,,2020,population_total,"Population on 1 January, total"
A,DE1001V,BG001C,2021,1221785,,,BG001C,BG,,2021,population_total,"Population on 1 January, total"
A,DE1001V,BG001C,2022,1221172,,,BG001C,BG,,2022,population_total,"Population on 1 January, total"
A,DE1001V,BG002C,2015,341567,,,BG002C,BG,,2015,population_total,"Population on 1 January, total"
A,DE1001V,BG002C,2016,341625,,,BG002C,BG,,2016,population_total,"Population on 1 January, total"
A,DE1001V,BG002C,2017,343424,,,BG002C,BG,,2017,population_total,"Population on 1 January, total"
A,DE1001V,BG002C,2018,345213,,,BG002C,BG,,2018,population_total,"Population on 1 January, total"
A,DE1001V,BG002C,2019,346893,,,BG002C,BG,,2019,population_total,"Population on 1 January, total"
A,DE1001V,BG002C,2020,347851,,,BG002C,BG,,2020,population_total,"Population on 1 January, total"
A,DE1001V,BG002C,2021,342048,,,BG002C,BG,,2021,population_total,"Population on 1 January, total"
A,DE1001V,BG002C,2022,343070,,,BG002C,BG,,2022,population_total,"Population on 1 January, total"
A,DE1001V,BG003C,2015,335949,,,BG003C,BG,,2015,population_total,"Population on 1 January, total"
A,DE1001V,BG003C,2016,334466,,,BG003C,BG,,2016,population_total,"Population on 1 January, total"
A,DE1001V,BG003C,2017,335177,,,BG003C,BG,,2017,population_total,"Population on 1 January, total"
A,DE1001V,BG003C,2018,335854,,,BG003C,BG,,2018,population_total,"Population on 1 January, total"
A,DE1001V,BG003C,2019,336505,,,BG003C,BG,,2019,population_total,"Population on 1 January, total"
A,DE1001V,BG003C,2020,336216,,,BG003C,BG,,2020,population_total,"Population on 1 January, total"
A,DE1001V,BG003C,2021,332394,,,BG003C,BG,,2021,population_total,"Population on 1 January, total"
A,DE1001V,BG003C,2022,332686,,,BG003C,BG,,2022,population_total,"Population on 1 January, total"
A,DE1001V,BG004C,2015,198725,,,BG004C,BG,,2015,population_total,"Population on 1 January, total"
A,DE1001V,BG004C,2016,203017,,,BG004C,BG,,2016,population_total,"Population on 1 January, total"
A,DE1001V,BG004C,2017,202766,,,BG004C,BG,,2017,population_total,"Population on 1 January, total"
A,DE1001V,BG004C,2018,202694,,,BG004C,BG,,2018,population_total,"Population on 1 January, total"
A,DE1001V,BG004C,2019,202434,,,BG004C,BG,,2019,population_total,"Population on 1 January, total"
A,DE1001V,BG004C,2020,201779,,,BG004C,BG,,2020,population_total,"Population on 1 January, total"
A,DE1001V,BG004C,2021,198593,,,BG004C,BG,,2021,population_total,"Population on 1 January, total"
A,DE1001V,BG004C,2022,198035,,,BG004C,BG,,2022,population_total,"Population on 1 January, total"
A,DE1001V,BG005C,2015,101978,,,BG005C,BG,,2015,population_total,"Population on 1 January, total"
A,DE1001V,BG005C,2016,99628,,,BG005C,BG,,2016,population_total,"Population on 1 January, total"
A,DE1001V,BG005C,2017,98467,,,BG005C,BG,,2017,population_total,"Population on 1 January, total"
A,DE1001V,BG005C,2018,97557,,,BG005C,BG,,2018,population_total,"Population on 1 January, total"
A,DE1001V,BG005C,2019,96610,,,BG005C,BG,,2019,population_total,"Population on 1 January, total"
A,DE1001V,BG005C,2020,95086,,,BG005C,BG,,2020,population_total,"Population on 1 January, total"
A,DE1001V,BG005C,2021,91119,,,BG005C,BG,,2021,population_total,"Population on 1 January, total"
A,DE1001V,BG005C,2022,89823,,,BG005C,BG,,2022,population_total,"Population on 1 January, total"
A,DE1001V,BG006C,2015,147055,,,BG006C,BG,,2015,population_total,"Population on 1 January, total"
A,DE1001V,BG006C,2016,145765,,,BG006C,BG,,2016,population_total,"Population on 1 January, total"
A,DE1001V,BG006C,2017,144936,,,BG006C,BG,,2017,population_total,"Population on 1 January, total"
A,DE1001V,BG006C,2018,144125,,,BG006C,BG,,2018,population_total,"Population on 1 January, total"
A,DE1001V,BG006C,2019,142902,,,BG006C,BG,,2019,population_total,"Population on 1 January, total"
A,DE1001V,BG006C,2020,141231,,,BG006C,BG,,2020,population_total,"Population on 1 January, total"
A,DE1001V,BG006C,2021,135440,,,BG006C,BG,,2021,population_total,"Population on 1 January, total"
A,DE1001V,BG006C,2022,133813,,,BG006C,BG,,2022,population_total,"Population on 1 January, total"
A,DE1001V,BG007C,2015,45327,,,BG007C,BG,,2015,population_total,"Population on 1 January, total"
A,DE1001V,BG007C,2016,43595,,,BG007C,BG,,2016,population_total,"Population on 1 January, total"
A,DE1001V,BG007C,2017,42801,,,BG007C,BG,,2017,population_total,"Population on 1 January, total"
A,DE1001V,BG007C,2018,42195,,,BG007C,BG,,2018,population_total,"Population on 1 January, total"
A,DE1001V,BG007C,2019,41583,,,BG007C,BG,,2019,population_total,"Population on 1 January, total"
A,DE1001V,BG007C,2020,40620,,,BG007C,BG,,2020,population_total,"Population on 1 January, total"
A,DE1001V,BG007C,2021,39568,,,BG007C,BG,,2021,population_total,"Population on 1 January, total"
A,DE1001V,BG007C,2022,38669,,,BG007C,BG,,2022,population_total,"Population on 1 January, total"
A,DE1001V,BG008C,2015,137729,,,BG008C,BG,,2015,population_total,"Population on 1 January, total"
A,DE1001V,BG008C,2016,136807,,,BG008C,BG,,2016,population_total,"Population on 1 January, total"
A,DE1001V,BG008C,2017,136781,,,BG008C,BG,,2017,population_total,"Population on 1 January, total"
A,DE1001V,BG008C,2018,136307,,,BG008C,BG,,2018,population_total,"Population on 1 January, total"
A,DE1001V,BG008C,2019,135715,,,BG008C,BG,,2019,population_total,"Population on 1 January, total"
A,DE1001V,BG008C,2020,134726,,,BG008C,BG,,2020,population_total,"Population on 1 January, total"
A,DE1001V,BG008C,2021,125732,,,BG008C,BG,,2021,population_total,"Population on 1 January, total"
A,DE1001V,BG008C,2022,124599,,,BG008C,BG,,2022,population_total,"Population on 1 January, total"
A,DE1001V,BG009C,2015,89065,,,BG009C,BG,,2015,population_total,"Population on 1 January, total"
A,DE1001V,BG009C,2016,87895,,,BG009C,BG,,2016,population_total,"Population on 1 January, total"
A,DE1001V,BG009C,2017,87322,,,BG009C,BG,,2017,population_total,"Population on 1 January, total"
A,DE1001V,BG009C,2018,87063,,,BG009C,BG,,2018,population_total,"Population on 1 January, total"
A,DE1001V,BG009C,2019,86275,,,BG009C,BG,,2019,population_total,"Population on 1 January, total"
A,DE1001V,BG009C,2020,84985,,,BG009C,BG,,2020,population_total,"Population on 1 January, total"
A,DE1001V,BG009C,2021,83371,,,BG009C,BG,,2021,population_total,"Population on 1 January, total"
A,DE1001V,BG009C,2022,82251,,,BG009C,BG,,2022,population_total,"Population on 1 January, total"
A,DE1001V,BG010C,2015,87817,,,BG010C,BG,,2015,population_total,"Population on 1 January, total"
A,DE1001V,BG010C,2016,86292,,,BG010C,BG,,2016,population_total,"Population on 1 January, total"
A,DE1001V,BG010C,2017,85402,,,BG010C,BG,,2017,population_total,"Population on 1 January, total"
A,DE1001V,BG010C,2018,84502,,,BG010C,BG,,2018,population_total,"Population on 1 January, total"
A,DE1001V,BG010C,2019,83584,,,BG010C,BG,,2019,population_total,"Population on 1 January, total"
A,DE1001V,BG010C,2020,82240,,,BG010C,BG,,2020,population_total,"Population on 1 January, total"
A,DE1001V,BG010C,2021,80936,,,BG010C,BG,,2021,population_total,"Population on 1 January, total"
A,DE1001V,BG010C,2022,79269,,,BG010C,BG,,2022,population_total,"Population on 1 January, total"
A,DE1001V,BG011C,2015,78884,,,BG011C,BG,,2015,population_total,"Population on 1 January, total"
A,DE1001V,BG011C,2016,77709,,,BG011C,BG,,2016,population_total,"Population on 1 January, total"
A,DE1001V,BG011C,2017,76967,,,BG011C,BG,,2017,population_total,"Population on 1 January, total"
A,DE1001V,BG011C,2018,75837,,,BG011C,BG,,2018,population_total,"Population on 1 January, total"
A,DE1001V,BG011C,2019,75500,,,BG011C,BG,,2019,population_total,"Population on 1 January, total"
A,DE1001V,BG011C,2020,75442,,,BG011C,BG,,2020,population_total,"Population on 1 January, total"
A,DE1001V,BG011C,2021,72997,,,BG011C,BG,,2021,population_total,"Population on 1 January, total"
A,DE1001V,BG011C,2022,72342,,,BG011C,BG,,2022,population_total,"Population on 1 January, total"
A,DE1001V,BG012C,2015,76247,,,BG012C,BG,,2015,population_total,"Population on 1 January, total"
A,DE1001V,BG012C,2016,74824,,,BG012C,BG,,2016,population_total,"Population on 1 January, total"
A,DE1001V,BG012C,2017,74110,,,BG012C,BG,,2017,population_total,"Population on 1 January, total"
A,DE1001V,BG012C,2018,73638,,,BG012C,BG,,2018,population_total,"Population on 1 January, total"
A,DE1001V,BG012C,2019,73111,,,BG012C,BG,,2019,population_total,"Population on 1 January, total"
A,DE1001V,BG012C,2020,72241,,,BG012C,BG,,2020,population_total,"Population on 1 January, total"
A,DE1001V,BG012C,2021,71504,,,BG012C,BG,,2021,population_total,"Population on 1 January, total"
A,DE1001V,BG012C,2022,70285,,,BG012C,BG,,2022,population_total,"Population on 1 January, total"
A,DE1001V,BG013C,2015,71561,,,BG013C,BG,,2015,population_total,"Population on 1 January, total"
A,DE1001V,BG013C,2016,70224,,,BG013C,BG,,2016,population_total,"Population on 1 January, total"
A,DE1001V,BG013C,2017,69542,,,BG013C,BG,,2017,population_total,"Population on 1 January, total"
A,DE1001V,BG013C,2018,68846,,,BG013C,BG,,2018,population_total,"Population on 1 January, total"
A,DE1001V,BG013C,2019,68074,,,BG013C,BG,,2019,population_total,"Population on 1 January, total"
A,DE1001V,BG013C,2020,67222,,,BG013C,BG,,2020,population_total,"Population on 1 January, total"
A,DE1001V,BG013C,2021,64435,,,BG013C,BG,,2021,population_total,"Population on 1 January, total"
A,DE1001V,BG013C,2022,63656,,,BG013C,BG,,2022,population_total,"Population on 1 January, total"
A,DE1001V,BG014C,2015,73819,,,BG014C,BG,,2015,population_total,"Population on 1 January, total"
A,DE1001V,BG014C,2016,72336,,,BG014C,BG,,2016,population_total,"Population on 1 January, total"
A,DE1001V,BG014C,2017,71686,,,BG014C,BG,,2017,population_total,"Population on 1 January, total"
A,DE1001V,BG014C,2018,71214,,,BG014C,BG,,2018,population_total,"Population on 1 January, total"
A,DE1001V,BG014C,2019,70406,,,BG014C,BG,,2019,population_total,"Population on 1 January, total"
A,DE1001V,BG014C,2020,69219,,,BG014C,BG,,2020,population_total,"Population on 1 January, total"
A,DE1001V,BG014C,2021,68298,,,BG014C,BG,,2021,population_total,"Population on 1 January, total"
A,DE1001V,BG014C,2022,67086,,,BG014C,BG,,2022,population_total,"Population on 1 January, total"
A,DE1001V,BG015C,2015,70321,,,BG015C,BG,,2015,population_total,"Population on 1 January, total"
A,DE1001V,BG015C,2016,69384,,,BG015C,BG,,2016,population_total,"Population on 1 January, total"
A,DE1001V,BG015C,2017,68963,,,BG015C,BG,,2017,population_total,"Population on 1 January, total"
A,DE1001V,BG015C,2018,68572,,,BG015C,BG,,2018,population_total,"Population on 1 January, total"
A,DE1001V,BG015C,2019,68194,,,BG015C,BG,,2019,population_total,"Population on 1 January, total"
A,DE1001V,BG015C,2020,67650,,,BG015C,BG,,2020,population_total,"Population on 1 January, total"
A,DE1001V,BG015C,2021,66690,,,BG015C,BG,,2021,population_total,"Population on 1 January, total"
A,DE1001V,BG015C,2022,65671,,,BG015C,BG,,2022,population_total,"Population on 1 January, total"
A,DE1001V,BG016C,2015,70293,,,BG016C,BG,,2015,population_total,"Population on 1 January, total"
A,DE1001V,BG016C,2016,69610,,,BG016C,BG,,2016,population_total,"Population on 1 January, total"
A,DE1001V,BG016C,2017,69567,,,BG016C,BG,,2017,population_total,"Population on 1 January, total"
A,DE1001V,BG016C,2018,69417,,,BG016C,BG,,2018,population_total,"Population on 1 January, total"
A,DE1001V,BG016C,2019,69178,,,BG016C,BG,,2019,population_total,"Population on 1 January, total"
A,DE1001V,BG016C,2020,68679,,,BG016C,BG,,2020,population_total,"Population on 1 January, total"
A,DE1001V,BG016C,2021,68179,,,BG016C,BG,,2021,population_total,"Population on 1 January, total"
A,DE1001V,BG016C,2022,67810,,,BG016C,BG,,2022,population_total,"Population on 1 January, total"
A,DE1001V,BG017C,2015,68676,,,BG017C,BG,,2015,population_total,"Population on 1 January, total"
A,DE1001V,BG017C,2016,68320,,,BG017C,BG,,2016,population_total,"Population on 1 January, total"
A,DE1001V,BG017C,2017,68478,,,BG017C,BG,,2017,population_total,"Population on 1 January, total"
A,DE1001V,BG017C,2018,68780,,,BG017C,BG,,2018,population_total,"Population on 1 January, total"
A,DE1001V,BG017C,2019,68859,,,BG017C,BG,,2019,population_total,"Population on 1 January, total"
A,DE1001V,BG017C,2020,68828,,,BG017C,BG,,2020,population_total,"Population on 1 January, total"
A,DE1001V,BG017C,2021,66103,,,BG017C,BG,,2021,population_total,"Population on 1 January, total"
A,DE1001V,BG017C,2022,65793,,,BG017C,BG,,2022,population_total,"Population on 1 January, total"
A,DE1001V,BG018C,2015,56517,,,BG018C,BG,,2015,population_total,"Population on 1 January, total"
A,DE1001V,BG018C,2016,54150,,,BG018C,BG,,2016,population_total,"Population on 1 January, total"
A,DE1001V,BG018C,2017,53570,,,BG018C,BG,,2017,population_total,"Population on 1 January, total"
A,DE1001V,BG018C,2018,53120,,,BG018C,BG,,2018,population_total,"Population on 1 January, total"
A,DE1001V,BG018C,2019,52617,,,BG018C,BG,,2019,population_total,"Population on 1 January, total"
A,DE1001V,BG018C,2020,51674,,,BG018C,BG,,2020,population_total,"Population on 1 January, total"
A,DE1001V,BG018C,2021,51020,,,BG018C,BG,,2021,population_total,"Population on 1 January, total"
A,DE1001V,BG018C,2022,50012,,,BG018C,BG,,2022,population_total,"Population on 1 January, total"
A,DE1001V,CH,2015,8237666,,,CH,CH,,2015,population_total,"Population on 1 January, total"
A,DE1001V,CH,2016,8327126,,,CH,CH,,2016,population_total,"Population on 1 January, total"
A,DE1001V,CH001C,2015,221330,,,CH001C,CH,,2015,population_total,"Population on 1 January, total"
A,DE1001V,CH001C,2016,223453,,,CH001C,CH,,2016,population_total,"Population on 1 January, total"
A,DE1001V,CH001C,2017,226241,,,CH001C,CH,,2017,population_total,"Population on 1 January, total"
A,DE1001V,CH001C,2018,227924,,,CH001C,CH,,2018,population_total,"Population on 1 January, total"
A,DE1001V,CH001C,2019,228474,,,CH001C,CH,,2019,population_total,"Population on 1 January, total"
A,DE1001V,CH001C,2020,229391,,,CH001C,CH,,2020,population_total,"Population on 1 January, total"
A,DE1001V,CH001C,2021,230200,,,CH001C,CH,,2021,population_total,"Population on 1 January, total"
A,DE1001V,CH001C,2022,229648,,,CH001C,CH,,2022,population_total,"Population on 1 January, total"
A,DE1001V,CH002C,2015,647786,,,CH002C,CH,,2015,population_total,"Population on 1 January, total"
A,DE1001V,CH002C,2016,657918,,,CH002C,CH,,2016,population_total,"Population on 1 January, total"
A,DE1001V,CH002C,2017,668341,,,CH002C,CH,,2017,population_total,"Population on 1 January, total"
A,DE1001V,CH002C,2018,677118,,,CH002C,CH,,2018,population_total,"Population on 1 January, total"
A,DE1001V,CH002C,2019,686121,,,CH002C,CH,,2019,population_total,"Population on 1 January, total"
A,DE1001V,CH002C,2020,695019,,,CH002C,CH,,2020,population_total,"Population on 1 January, total"
A,DE1001V,CH002C,2021,700889,,,CH002C,CH,,2021,population_total,"Population on 1 January, total"
A,DE1001V,CH002C,2022,704537,,,CH002C,CH,,2022,population_total,"Population on 1 January, total"
A,DE1001V,CH003C,2015,393307,,,CH003C,CH,,2015,population_total,"Population on 1 January, total"
A,DE1001V,CH003C,2016,399103,,,CH003C,CH,,2016,population_total,"Population on 1 January, total"
A,DE1001V,CH003C,2017,402866,,,CH003C,CH,,2017,population_total,"Population on 1 January, total"
A,DE1001V,CH003C,2018,407605,,,CH003C,CH,,2018,population_total,"Population on 1 January, total"
A,DE1001V,CH003C,2019,411367,,,CH003C,CH,,2019,population_total,"Population on 1 January, total"
A,DE1001V,CH003C,2020,415360,,,CH003C,CH,,2020,population_total,"Population on 1 January, total"
A,DE1001V,CH003C,2021,416693,,,CH003C,CH,,2021,population_total,"Population on 1 January, total"
A,DE1001V,CH003C,2022,419185,,,CH003C,CH,,2022,population_total,"Population on 1 January, total"
A,DE1001V,CH004C,2015,336466,,,CH004C,CH,,2015,population_total,"Population on 1 January, total"
A,DE1001V,CH004C,2016,338453,,,CH004C,CH,,2016,population_total,"Population on 1 January, total"
A,DE1001V,CH004C,2017,341193,,,CH004C,CH,,2017,population_total,"Population on 1 January, total"
A,DE1001V,CH004C,2018,342698,,,CH004C,CH,,2018,population_total,"Population on 1 January, total"
A,DE1001V,CH004C,2019,343818,,,CH004C,CH,,2019,population_total,"Population on 1 January, total"
A,DE1001V,CH004C,2020,345476,,,CH004C,CH,,2020,population_total,"Population on 1 January, total"
A,DE1001V,CH004C,2021,346640,,,CH004C,CH,,2021,population_total,"Population on 1 January, total"
A,DE1001V,CH004C,2022,346276,,,CH004C,CH,,2022,population_total,"Population on 1 January, total"
A,DE1001V,CH005C,2015,241628,,,CH005C,CH,,2015,population_total,"Population on 1 January, total"
A,DE1001V,CH005C,2016,244668,,,CH005C,CH,,2016,population_total,"Population on 1 January, total"
A,DE1001V,CH005C,2017,248302,,,CH005C,CH,,2017,population_total,"Population on 1 January, total"
A,DE1001V,CH005C,2018,250937,,,CH005C,CH,,2018,population_total,"Population on 1 January, total"
A,DE1001V,CH005C,2019,252922,,,CH005C,CH,,2019,population_total,"Population on 1 January, total"
A,DE1001V,CH005C,2020,254398,,,CH005C,CH,,2020,population_total,"Population on 1 January, total"
A,DE1001V,CH005C,2021,257096,,,CH005C,CH,,2021,population_total,"Population on 1 January, total"
A,DE1001V,CH005C,2022,258799,,,CH005C,CH,,2022,population_total,"Population on 1 January, total"
A,DE1001V,CH006C,2015,158637,,,CH006C,CH,,2015,population_total,"Population on 1 January, total"
A,DE1001V,CH006C,2016,159189,,,CH006C,CH,,2016,population_total,"Population on 1 January, total"
A,DE1001V,CH006C,2017,160244,,,CH006C,CH,,2017,population_total,"Population on 1 January, total"
A,DE1001V,CH006C,2018,160566,,,CH006C,CH,,2018,population_total,"Population on 1 January, total"
A,DE1001V,CH006C,2019,161790,,,CH006C,CH,,2019,population_total,"Population on 1 January, total"
A,DE1001V,CH006C,2020,163068,,,CH006C,CH,,2020,population_total,"Population on 1 January, total"
A,DE1001V,CH006C,2021,163830,,,CH006C,CH,,2021,population_total,"Population on 1 January, total"
A,DE1001V,CH006C,2022,165306,,,CH006C,CH,,2022,population_total,"Population on 1 January, total"
A,DE1001V,CH007C,2015,106778,,,CH007C,CH,,2015,population_total,"Population on 1 January, total"
A,DE1001V,CH007C,2016,108268,,,CH007C,CH,,2016,population_total,"Population on 1 January, total"
A,DE1001V,CH007C,2017,109775,,,CH007C,CH,,2017,population_total,"Population on 1 January, total"
A,DE1001V,CH007C,2018,110912,,,CH007C,CH,,2018,population_total,"Population on 1 January, total"
A,DE1001V,CH007C,2019,111851,,,CH007C,CH,,2019,population_total,"Population on 1 January, total"
A,DE1001V,CH007C,2020,113173,,,CH007C,CH,,2020,population_total,"Population on 1 January, total"
A,DE1001V,CH007C,2021,114220,,,CH007C,CH,,2021,population_total,"Population on 1 January, total"
A,DE1001V,CH007C,2022,115129,,,CH007C,CH,,2022,population_total,"Population on 1 January, total"
A,DE1001V,CH008C,2015,88598,,,CH008C,CH,,2015,population_total,"Population on 1 January, total"
A,DE1001V,CH008C,2016,88747,,,CH008C,CH,,2016,population_total,"Population on 1 January, total"
A,DE1001V,CH008C,2017,88940,,,CH008C,CH,,2017,population_total,"Population on 1 January, total"
A,DE1001V,CH008C,2018,88484,,,CH008C,CH,,2018,population_total,"Population on 1 January, total"
A,DE1001V,CH008C,2019,88337,,,CH008C,CH,,2019,population_total,"Population on 1 January, total"
A,DE1001V,CH008C,2020,87829,,,CH008C,CH,,2020,population_total,"Population on 1 January, total"
A,DE1001V,CH008C,2021,87804,,,CH008C,CH,,2021,population_total,"Population on 1 January, total"
A,DE1001V,CH008C,2022,88138,,,CH008C,CH,,2022,population_total,"Population on 1 January, total"
A,DE1001V,CH009C,2015,75310,,,CH009C,CH,,2015,population_total,"Population on 1 January, total"
A,DE1001V,CH009C,2016,75538,,,CH009C,CH,,2016,population_total,"Population on 1 January, total"
A,DE1001V,CH009C,2017,75481,,,CH009C,CH,,2017,population_total,"Population on 1 January, total"
A,DE1001V,CH009C,2018,75522,,,CH009C,CH,,2018,population_total,"Population on 1 January, total"
A,DE1001V,CH009C,2019,75833,,,CH009C,CH,,2019,population_total,"Population on 1 January, total"
A,DE1001V,CH009C,2020,76090,,,CH009C,CH,,2020,population_total,"Population on 1 January, total"
A,DE1001V,CH009C,2021,76213,,,CH009C,CH,,2021,population_total,"Population on 1 January, total"
A,DE1001V,CH009C,2022,76328,,,CH009C,CH,,2022,population_total,"Population on 1 January, total"
A,DE1001V,CY,2015,847000,,,CY,CY,,2015,population_total,"Population on 1 January, total"
A,DE1001V,CY,2016,848300,,,CY,CY,,2016,population_total,"Population on 1 January, total"
A,DE1001V,CY001C,2015,241000,,,CY001C,CY,,2015,population_total,"Population on 1 January, total"
A,DE1001V,CY001C,2016,241400,,,CY001C,CY,,2016,population_total,"Population on 1 January, total"
A,DE1001V,CZ,2015,10553843,d,,CZ,CZ,,2015,population_total,"Population on 1 January, total"
A,DE1001V,CZ,2016,10578820,,,CZ,CZ,,2016,population_total,"Population on 1 January, total"
A,DE1001V,CZ,2017,10610055,,,CZ,CZ,,2017,population_total,"Population on 1 January, total"
A,DE1001V,CZ001C,2015,1267449,d,,CZ001C,CZ,,2015,population_total,"Population on 1 January, total"
A,DE1001V,CZ001C,2016,1280508,,,CZ001C,CZ,,2016,population_total,"Population on 1 January, total"
A,DE1001V,CZ001C,2017,1294513,,,CZ001C,CZ,,2017,population_total,"Population on 1 January, total"
A,DE1001V,CZ001C,2018,1294513,d,,CZ001C,CZ,,2018,population_total,"Population on 1 January, total"
A,DE1001V,CZ001C,2019,1308632,d,,CZ001C,CZ,,2019,population_total,"Population on 1 January, total"
A,DE1001V,CZ001C,2020,1324277,d,,CZ001C,CZ,,2020,population_total,"Population on 1 January, total"
A,DE1001V,CZ001C,2021,1259413,d,,CZ001C,CZ,,2021,population_total,"Population on 1 January, total"
A,DE1001V,CZ001C,2022,1275406,d,,CZ001C,CZ,,2022,population_total,"Population on 1 January, total"
A,DE1001V,CZ002C,2015,377028,d,,CZ002C,CZ,,2015,population_total,"Population on 1 January, total"
A,DE1001V,CZ002C,2016,377973,,,CZ002C,CZ,,2016,population_total,"Population on 1 January, total"
A,DE1001V,CZ002C,2017,379527,,,CZ002C,CZ,,2017,population_total,"Population on 1 January, total"
A,DE1001V,CZ002C,2018,379527,d,,CZ002C,CZ,,2018,population_total,"Population on 1 January, total"
A,DE1001V,CZ002C,2019,380681,d,,CZ002C,CZ,,2019,population_total,"Population on 1 January, total"
A,DE1001V,CZ002C,2020,381346,d,,CZ002C,CZ,,2020,population_total,"Population on 1 January, total"
A,DE1001V,CZ002C,2021,378244,d,,CZ002C,CZ,,2021,population_total,"Population on 1 January, total"
A,DE1001V,CZ002C,2022,379466,d,,CZ002C,CZ,,2022,population_total,"Population on 1 January, total"
A,DE1001V,CZ003C,2015,292681,d,,CZ003C,CZ,,2015,population_total,"Population on 1 January, total"
A,DE1001V,CZ003C,2016,291634,,,CZ003C,CZ,,2016,population_total,"Population on 1 January, total"
A,DE1001V,CZ003C,2017,290450,,,CZ003C,CZ,,2017,population_total,"Population on 1 January, total"
A,DE1001V,CZ003C,2018,290450,d,,CZ003C,CZ,,2018,population_total,"Population on 1 January, total"
A,DE1001V,CZ003C,2019,289128,d,,CZ003C,CZ,,2019,population_total,"Population on 1 January, total"
A,DE1001V,CZ003C,2020,287968,d,,CZ003C,CZ,,2020,population_total,"Population on 1 January, total"
A,DE1001V,CZ003C,2021,282265,d,,CZ003C,CZ,,2021,population_total,"Population on 1 January, total"
A,DE1001V,CZ003C,2022,279791,d,,CZ003C,CZ,,2022,population_total,"Population on 1 January, total"
A,DE1001V,CZ004C,2015,169858,d,,CZ004C,CZ,,2015,population_total,"Population on 1 January, total"
A,DE1001V,CZ004C,2016,170548,,,CZ004C,CZ,,2016,population_total,"Population on 1 January, total"
A,DE1001V,CZ004C,2017,170936,,,CZ004C,CZ,,2017,population_total,"Population on 1 January, total"
A,DE1001V,CZ004C,2018,170936,d,,CZ004C,CZ,,2018,population_total,"Population on 1 January, total"
A,DE1001V,CZ004C,2019,172441,d,,CZ004C,CZ,,2019,population_total,"Population on 1 January, total"
A,DE1001V,CZ004C,2020,174842,d,,CZ004C,CZ,,2020,population_total,"Population on 1 January, total"
A,DE1001V,CZ004C,2021,168265,d,,CZ004C,CZ,,2021,population_total,"Population on 1 January, total"
A,DE1001V,CZ004C,2022,168733,d,,CZ004C,CZ,,2022,population_total,"Population on 1 January, total"
A,DE1001V,CZ005C,2015,93248,d,,CZ005C,CZ,,2015,population_total,"Population on 1 January, total"
A,DE1001V,CZ005C,2016,92984,,,CZ005C,CZ,,2016,population_total,"Population on 1 January, total"
A,DE1001V,CZ005C,2017,93040,,,CZ005C,CZ,,2017,population_total,"Population on 1 January, total"
A,DE1001V,CZ005C,2018,93040,d,,CZ005C,CZ,,2018,population_total,"Population on 1 January, total"
A,DE1001V,CZ005C,2019,92952,d,,CZ005C,CZ,,2019,population_total,"Population on 1 January, total"
A,DE1001V,CZ005C,2020,92716,d,,CZ005C,CZ,,2020,population_total,"Population on 1 January, total"
A,DE1001V,CZ005C,2021,90951,d,,CZ005C,CZ,,2021,population_total,"Population on 1 January, total"
A,DE1001V,CZ005C,2022,90378,d,,CZ005C,CZ,,2022,population_total,"Population on 1 January, total"
A,DE1001V,CZ006C,2015,100154,d,,CZ006C,CZ,,2015,population_total,"Population on 1 January, total"
A,DE1001V,CZ006C,2016,100378,,,CZ006C,CZ,,2016,population_total,"Population on 1 January, total"
A,DE1001V,CZ006C,2017,100494,,,CZ006C,CZ,,2017,population_total,"Population on 1 January, total"
A,DE1001V,CZ006C,2018,100494,d,,CZ006C,CZ,,2018,population_total,"Population on 1 January, total"
A,DE1001V,CZ006C,2019,100523,d,,CZ006C,CZ,,2019,population_total,"Population on 1 January, total"
A,DE1001V,CZ006C,2020,100663,d,,CZ006C,CZ,,2020,population_total,"Population on 1 January, total"
A,DE1001V,CZ006C,2021,99885,d,,CZ006C,CZ,,2021,population_total,"Population on 1 January, total"
A,DE1001V,CZ006C,2022,99496,d,,CZ006C,CZ,,2022,population_total,"Population on 1 January, total"
A,DE1001V,CZ007C,2015,103288,d,,CZ007C,CZ,,2015,population_total,"Population on 1 January, total"
A,DE1001V,CZ007C,2016,103853,,,CZ007C,CZ,,2016,population_total,"Population on 1 January, total"
A,DE1001V,CZ007C,2017,103979,,,CZ007C,CZ,,2017,population_total,"Population on 1 January, total"
A,DE1001V,CZ007C,2018,103979,d,,CZ007C,CZ,,2018,population_total,"Population on 1 January, total"
A,DE1001V,CZ007C,2019,104445,d,,CZ007C,CZ,,2019,population_total,"Population on 1 January, total"
A,DE1001V,CZ007C,2020,104802,d,,CZ007C,CZ,,2020,population_total,"Population on 1 January, total"
A,DE1001V,CZ007C,2021,102438,d,,CZ007C,CZ,,2021,population_total,"Population on 1 January, total"
A,DE1001V,CZ007C,2022,102951,d,,CZ007C,CZ,,2022,population_total,"Population on 1 January, total"
A,DE1001V,CZ008C,2015,93513,d,,CZ008C,CZ,,2015,population_total,"Population on 1 January, total"
A,DE1001V,CZ008C,2016,93470,,,CZ008C,CZ,,2016,population_total,"Population on 1 January, total"
A,DE1001V,CZ008C,2017,93863,,,CZ008C,CZ,,2017,population_total,"Population on 1 January, total"
A,DE1001V,CZ008C,2018,93863,d,,CZ008C,CZ,,2018,population_total,"Population on 1 January, total"
A,DE1001V,CZ008C,2019,94014,d,,CZ008C,CZ,,2019,population_total,"Population on 1 January, total"
A,DE1001V,CZ008C,2020,94463,d,,CZ008C,CZ,,2020,population_total,"Population on 1 January, total"
A,DE1001V,CZ008C,2021,93370,d,,CZ008C,CZ,,2021,population_total,"Population on 1 January, total"
A,DE1001V,CZ008C,2022,93426,d,,CZ008C,CZ,,2022,population_total,"Population on 1 January, total"
A,DE1001V,CZ009C,2015,92891,d,,CZ009C,CZ,,2015,population_total,"Population on 1 January, total"
A,DE1001V,CZ009C,2016,92929,,,CZ009C,CZ,,2016,population_total,"Population on 1 January, total"
A,DE1001V,CZ009C,2017,92917,,,CZ009C,CZ,,2017,population_total,"Population on 1 January, total"
A,DE1001V,CZ009C,2018,92917,d,,CZ009C,CZ,,2018,population_total,"Population on 1 January, total"
A,DE1001V,CZ009C,2019,92742,d,,CZ009C,CZ,,2019,population_total,"Population on 1 January, total"
A,DE1001V,CZ009C,2020,92939,d,,CZ009C,CZ,,2020,population_total,"Population on 1 January, total"
A,DE1001V,CZ009C,2021,91048,d,,CZ009C,CZ,,2021,population_total,"Population on 1 January, total"
A,DE1001V,CZ009C,2022,90596,d,,CZ009C,CZ,,2022,population_total,"Population on 1 January, total"
A,DE1001V,CZ010C,2015,89638,d,,CZ010C,CZ,,2015,population_total,"Population on 1 January, total"
A,DE1001V,CZ010C,2016,90044,,,CZ010C,CZ,,2016,population_total,"Population on 1 January, total"
A,DE1001V,CZ010C,2017,90335,,,CZ010C,CZ,,2017,population_total,"Population on 1 January, total"
A,DE1001V,CZ010C,2018,90335,d,,CZ010C,CZ,,2018,population_total,"Population on 1 January, total"
A,DE1001V,CZ010C,2019,90688,d,,CZ010C,CZ,,2019,population_total,"Population on 1 January, total"
A,DE1001V,CZ010C,2020,91727,d,,CZ010C,CZ,,2020,population_total,"Population on 1 January, total"
A,DE1001V,CZ010C,2021,88527,d,,CZ010C,CZ,,2021,population_total,"Population on 1 January, total"
A,DE1001V,CZ010C,2022,88520,d,,CZ010C,CZ,,2022,population_total,"Population on 1 January, total"
A,DE1001V,CZ011C,2015,75171,d,,CZ011C,CZ,,2015,population_total,"Population on 1 January, total"
A,DE1001V,CZ011C,2016,75117,,,CZ011C,CZ,,2016,population_total,"Population on 1 January, total"
A,DE1001V,CZ011C,2017,74947,,,CZ011C,CZ,,2017,population_total,"Population on 1 January, total"
A,DE1001V,CZ011C,2018,74947,d,,CZ011C,CZ,,2018,population_total,"Population on 1 January, total"
A,DE1001V,CZ011C,2019,74997,d,,CZ011C,CZ,,2019,population_total,"Population on 1 January, total"
A,DE1001V,CZ011C,2020,74935,d,,CZ011C,CZ,,2020,population_total,"Population on 1 January, total"
A,DE1001V,CZ011C,2021,73389,d,,CZ011C,CZ,,2021,population_total,"Population on 1 January, total"
A,DE1001V,CZ011C,2022,72973,d,,CZ011C,CZ,,2022,population_total,"Population on 1 January, total"
A,DE1001V,CZ012C,2015,68466,d,,CZ012C,CZ,,2015,population_total,"Population on 1 January, total"
A,DE1001V,CZ012C,2016,68660,,,CZ012C,CZ,,2016,population_total,"Population on 1 January, total"
A,DE1001V,CZ012C,2017,68804,,,CZ012C,CZ,,2017,population_total,"Population on 1 January, total"
A,DE1001V,CZ012C,2018,68804,d,,CZ012C,CZ,,2018,population_total,"Population on 1 January, total"
A,DE1001V,CZ012C,2019,69054,d,,CZ012C,CZ,,2019,population_total,"Population on 1 January, total"
A,DE1001V,CZ012C,2020,69337,d,,CZ012C,CZ,,2020,population_total,"Population on 1 January, total"
A,DE1001V,CZ012C,2021,67515,d,,CZ012C,CZ,,2021,population_total,"Population on 1 January, total"
A,DE1001V,CZ012C,2022,66903,d,,CZ012C,CZ,,2022,population_total,"Population on 1 January, total"
A,DE1001V,CZ013C,2015,49326,d,,CZ013C,CZ,,2015,population_total,"Population on 1 January, total"
A,DE1001V,CZ013C,2016,49046,,,CZ013C,CZ,,2016,population_total,"Population on 1 January, total"
A,DE1001V,CZ013C,2017,48776,,,CZ013C,CZ,,2017,population_total,"Population on 1 January, total"
A,DE1001V,CZ013C,2018,48776,d,,CZ013C,CZ,,2018,population_total,"Population on 1 January, total"
A,DE1001V,CZ013C,2019,48501,d,,CZ013C,CZ,,2019,population_total,"Population on 1 January, total"
A,DE1001V,CZ013C,2020,48479,d,,CZ013C,CZ,,2020,population_total,"Population on 1 January, total"
A,DE1001V,CZ013C,2021,45834,d,,CZ013C,CZ,,2021,population_total,"Population on 1 January, total"
A,DE1001V,CZ013C,2022,45500,d,,CZ013C,CZ,,2022,population_total,"Population on 1 January, total"
A,DE1001V,CZ014C,2015,50714,d,,CZ014C,CZ,,2015,population_total,"Population on 1 January, total"
A,DE1001V,CZ014C,2016,50559,,,CZ014C,CZ,,2016,population_total,"Population on 1 January, total"
A,DE1001V,CZ014C,2017,50724,,,CZ014C,CZ,,2017,population_total,"Population on 1 January, total"
A,DE1001V,CZ014C,2018,50724,d,,CZ014C,CZ,,2018,population_total,"Population on 1 January, total"
A,DE1001V,CZ014C,2019,50845,d,,CZ014C,CZ,,2019,population_total,"Population on 1 January, total"
A,DE1001V,CZ014C,2020,51216,d,,CZ014C,CZ,,2020,population_total,"Population on 1 January, total"
A,DE1001V,CZ014C,2021,50115,d,,CZ014C,CZ,,2021,population_total,"Population on 1 January, total"
A,DE1001V,CZ014C,2022,50108,d,,CZ014C,CZ,,2022,population_total,"Population on 1 January, total"
A,DE1001V,CZ015C,2015,74101,d,,CZ015C,CZ,,2015,population_total,"Population on 1 January, total"
A,DE1001V,CZ015C,2016,73274,,,CZ015C,CZ,,2016,population_total,"Population on 1 January, total"
A,DE1001V,CZ015C,2017,72382,,,CZ015C,CZ,,2017,population_total,"Population on 1 January, total"
A,DE1001V,CZ015C,2018,72382,d,,CZ015C,CZ,,2018,population_total,"Population on 1 January, total"
A,DE1001V,CZ015C,2019,71903,d,,CZ015C,CZ,,2019,population_total,"Population on 1 January, total"
A,DE1001V,CZ015C,2020,71200,d,,CZ015C,CZ,,2020,population_total,"Population on 1 January, total"
A,DE1001V,CZ015C,2021,70089,d,,CZ015C,CZ,,2021,population_total,"Population on 1 January, total"
A,DE1001V,CZ015C,2022,69084,d,,CZ015C,CZ,,2022,population_total,"Population on 1 January, total"
A,DE1001V,CZ016C,2015,67002,d,,CZ016C,CZ,,2015,population_total,"Population on 1 January, total"
A,DE1001V,CZ016C,2016,66768,,,CZ016C,CZ,,2016,population_total,"Population on 1 January, total"
A,DE1001V,CZ016C,2017,66644,,,CZ016C,CZ,,2017,population_total,"Population on 1 January, total"
A,DE1001V,CZ016C,2018,66644,d,,CZ016C,CZ,,2018,population_total,"Population on 1 January, total"
A,DE1001V,CZ016C,2019,66186,d,,CZ016C,CZ,,2019,population_total,"Population on 1 January, total"
A,DE1001V,CZ016C,2020,66034,d,,CZ016C,CZ,,2020,population_total,"Population on 1 January, total"
A,DE1001V,CZ016C,2021,63418,d,,CZ016C,CZ,,2021,population_total,"Population on 1 January, total"
A,DE1001V,CZ016C,2022,62866,d,,CZ016C,CZ,,2022,population_total,"Population on 1 January, total"
A,DE1001V,CZ017C,2015,55163,d,,CZ017C,CZ,,2015,population_total,"Population on 1 January, total"
A,DE1001V,CZ017C,2016,54413,,,CZ017C,CZ,,2016,population_total,"Population on 1 January, total"
A,DE1001V,CZ017C,2017,53522,,,CZ017C,CZ,,2017,population_total,"Population on 1 January, total"
A,DE1001V,CZ017C,2018,53522,d,,CZ017C,CZ,,2018,population_total,"Population on 1 January, total"
A,DE1001V,CZ017C,2019,52824,d,,CZ017C,CZ,,2019,population_total,"Population on 1 January, total"
A,DE1001V,CZ017C,2020,52128,d,,CZ017C,CZ,,2020,population_total,"Population on 1 January, total"
A,DE1001V,CZ017C,2021,50756,d,,CZ017C,CZ,,2021,population_total,"Population on 1 January, total"
A,DE1001V,CZ017C,2022,49881,d,,CZ017C,CZ,,2022,population_total,"Population on 1 January, total"
A,DE1001V,CZ018C,2015,68545,d,,CZ018C,CZ,,2015,population_total,"Population on 1 January, total"
A,DE1001V,CZ018C,2016,68334,,,CZ018C,CZ,,2016,population_total,"Population on 1 January, total"
A,DE1001V,CZ018C,2017,68132,,,CZ018C,CZ,,2017,population_total,"Population on 1 January, total"
A,DE1001V,CZ018C,2018,68132,d,,CZ018C,CZ,,2018,population_total,"Population on 1 January, total"
A,DE1001V,CZ018C,2019,68019,d,,CZ018C,CZ,,2019,population_total,"Population on 1 January, total"
A,DE1001V,CZ018C,2020,67876,d,,CZ018C,CZ,,2020,population_total,"Population on 1 January, total"
A,DE1001V,CZ018C,2021,65728,d,,CZ018C,CZ,,2021,population_total,"Population on 1 January, total"
A,DE1001V,CZ018C,2022,65208,d,,CZ018C,CZ,,2022,population_total,"Population on 1 January, total"
A,DE1001V,DE,2015,81197537,,,DE,DE,,2015,population_total,"Population on 1 January, total"
A,DE1001V,DE,2016,82175684,,,DE,DE,,2016,population_total,"Population on 1 January, total"
A,DE1001V,DE,2017,82521653,,,DE,DE,,2017,population_total,"Population on 1 January, total"
A,DE1001V,DE,2018,82792351,,,DE,DE,,2018,population_total,"Population on 1 January, total"
A,DE1001V,DE,2021,83155031,,,DE,DE,,2021,population_total,"Population on 1 January, total"
A,DE1001V,DE001C,2015,3469849,,,DE001C,DE,,2015,population_total,"Population on 1 January, total"
A,DE1001V,DE001C,2016,3520031,,,DE001C,DE,,2016,population_total,"Population on 1 January, total"
A,DE1001V,DE001C,2017,3574830,,,DE001C,DE,,2017,population_total,"Population on 1 January, total"
A,DE1001V,DE001C,2018,3613495,,,DE001C,DE,,2018,population_total,"Population on 1 January, total"
A,DE1001V,DE001C,2019,3644826,,,DE001C,DE,,2019,population_total,"Population on 1 January, total"
A,DE1001V,DE001C,2020,3669491,,,DE001C,DE,,2020,population_total,"Population on 1 January, total"
A,DE1001V,DE001C,2021,3664088,,,DE001C,DE,,2021,population_total,"Population on 1 January, total"
A,DE1001V,DE001C,2022,3677472,,,DE001C,DE,,2022,population_total,"Population on 1 January, total"
A,DE1001V,DE001C,2023,3755251,,,DE001C,DE,,2023,population_total,"Population on 1 January, total"
A,DE1001V,DE002C,2015,1762791,,,DE002C,DE,,2015,population_total,"Population on 1 January, total"
A,DE1001V,DE002C,2016,1787408,,,DE002C,DE,,2016,population_total,"Population on 1 January, total"
A,DE1001V,DE002C,2017,1810438,,,DE002C,DE,,2017,population_total,"Population on 1 January, total"
A,DE1001V,DE002C,2018,1830584,,,DE002C,DE,,2018,population_total,"Population on 1 January, total"
A,DE1001V,DE002C,2019,1841179,,,DE002C,DE,,2019,population_total,"Population on 1 January, total"
A,DE1001V,DE002C,2020,1847253,,,DE002C,DE,,2020,population_total,"Population on 1 January, total"
A,DE1001V,DE002C,2021,1852478,,,DE002C,DE,,2021,population_total,"Population on 1 January, total"
A,DE1001V,DE002C,2022,1853935,,,DE002C,DE,,2022,population_total,"Population on 1 January, total"
A,DE1001V,DE002C,2023,1892122,,,DE002C,DE,,2023,population_total,"Population on 1 January, total"
A,DE1001V,DE003C,2015,1429584,,,DE003C,DE,,2015,population_total,"Population on 1 January, total"
A,DE1001V,DE003C,2016,1450381,,,DE003C,DE,,2016,population_total,"Population on 1 January, total"
A,DE1001V,DE003C,2017,1464301,,,DE003C,DE,,2017,population_total,"Population on 1 January, total"
A,DE1001V,DE003C,2018,1456039,,,DE003C,DE,,2018,population_total,"Population on 1 January, total"
A,DE1001V,DE003C,2019,1471508,,,DE003C,DE,,2019,population_total,"Population on 1 January, total"
A,DE1001V,DE003C,2020,1484226,,,DE003C,DE,,2020,population_total,"Population on 1 January, total"
A,DE1001V,DE003C,2021,1488202,,,DE003C,DE,,2021,population_total,"Population on 1 January, total"
A,DE1001V,DE003C,2022,1487708,,,DE003C,DE,,2022,population_total,"Population on 1 January, total"
A,DE1001V,DE003C,2023,1512491,,,DE003C,DE,,2023,population_total,"Population on 1 January, total"
A,DE1001V,DE004C,2015,1046680,,,DE004C,DE,,2015,population_total,"Population on 1 January, total"
A,DE1001V,DE004C,2016,1060582,,,DE004C,DE,,2016,population_total,"Population on 1 January, total"
A,DE1001V,DE004C,2017,1075935,,,DE004C,DE,,2017,population_total,"Population on 1 January, total"
A,DE1001V,DE004C,2018,1080394,,,DE004C,DE,,2018,population_total,"Population on 1 January, total"
A,DE1001V,DE004C,2019,1085664,,,DE004C,DE,,2019,population_total,"Population on 1 January, total"
A,DE1001V,DE004C,2020,1087863,,,DE004C,DE,,2020,population_total,"Population on 1 January, total"
A,DE1001V,DE004C,2021,1083498,,,DE004C,DE,,2021,population_total,"Population on 1 January, total"
A,DE1001V,DE004C,2022,1073096,,,DE004C,DE,,2022,population_total,"Population on 1 January, total"
A,DE1001V,DE004C,2023,1084831,,,DE004C,DE,,2023,population_total,"Population on 1 January, total"
A,DE1001V,DE005C,2015,717624,,,DE005C,DE,,2015,population_total,"Population on 1 January, total"
A,DE1001V,DE005C,2016,732688,,,DE005C,DE,,2016,population_total,"Population on 1 January, total"
A,DE1001V,DE005C,2017,736414,,,DE005C,DE,,2017,population_total,"Population on 1 January, total"
A,DE1001V,DE005C,2018,746878,,,DE005C,DE,,2018,population_total,"Population on 1 January, total"
A,DE1001V,DE005C,2019,753056,,,DE005C,DE,,2019,population_total,"Population on 1 January, total"
A,DE1001V,DE005C,2020,763380,,,DE005C,DE,,2020,population_total,"Population on 1 January, total"
A,DE1001V,DE005C,2021,764104,,,DE005C,DE,,2021,population_total,"Population on 1 January, total"
A,DE1001V,DE005C,2022,759224,,,DE005C,DE,,2022,population_total,"Population on 1 January, total"
A,DE1001V,DE005C,2023,773068,,,DE005C,DE,,2023,population_total,"Population on 1 January, total"
A,DE1001V,DE006C,2015,573784,,,DE006C,DE,,2015,population_total,"Population on 1 January, total"
A,DE1001V,DE006C,2016,582624,,,DE006C,DE,,2016,population_total,"Population on 1 January, total"
A,DE1001V,DE006C,2017,583084,,,DE006C,DE,,2017,population_total,"Population on 1 January, total"
A,DE1001V,DE006C,2018,583393,,,DE006C,DE,,2018,population_total,"Population on 1 January, total"
A,DE1001V,DE006C,2019,583109,,,DE006C,DE,,2019,population_total,"Population on 1 January, total"
A,DE1001V,DE006C,2020,582760,,,DE006C,DE,,2020,population_total,"Population on 1 January, total"
A,DE1001V,DE006C,2021,582415,,,DE006C,DE,,2021,population_total,"Population on 1 January, total"
A,DE1001V,DE006C,2022,579432,,,DE006C,DE,,2022,population_total,"Population on 1 January, total"
A,DE1001V,DE006C,2023,584580,,,DE006C,DE,,2023,population_total,"Population on 1 January, total"
A,DE1001V,DE007C,2015,612441,,,DE007C,DE,,2015,population_total,"Population on 1 January, total"
A,DE1001V,DE007C,2016,623738,,,DE007C,DE,,2016,population_total,"Population on 1 January, total"
A,DE1001V,DE007C,2017,628032,,,DE007C,DE,,2017,population_total,"Population on 1 January, total"
A,DE1001V,DE007C,2018,632743,,,DE007C,DE,,2018,population_total,"Population on 1 January, total"
A,DE1001V,DE007C,2019,634830,,,DE007C,DE,,2019,population_total,"Population on 1 January, total"
A,DE1001V,DE007C,2020,635911,,,DE007C,DE,,2020,population_total,"Population on 1 January, total"
A,DE1001V,DE007C,2021,630305,,,DE007C,DE,,2021,population_total,"Population on 1 January, total"
A,DE1001V,DE007C,2022,626275,,,DE007C,DE,,2022,population_total,"Population on 1 January, total"
A,DE1001V,DE007C,2023,632865,,,DE007C,DE,,2023,population_total,"Population on 1 January, total"
A,DE1001V,DE008C,2015,544479,,,DE008C,DE,,2015,population_total,"Population on 1 January, total"
A,DE1001V,DE008C,2016,560472,,,DE008C,DE,,2016,population_total,"Population on 1 January, total"
A,DE1001V,DE008C,2017,571088,,,DE008C,DE,,2017,population_total,"Population on 1 January, total"
A,DE1001V,DE008C,2018,581980,,,DE008C,DE,,2018,population_total,"Population on 1 January, total"
A,DE1001V,DE008C,2019,587857,,,DE008C,DE,,2019,population_total,"Population on 1 January, total"
A,DE1001V,DE008C,2020,593145,,,DE008C,DE,,2020,population_total,"Population on 1 January, total"
A,DE1001V,DE008C,2021,597493,,,DE008C,DE,,2021,population_total,"Population on 1 January, total"
A,DE1001V,DE008C,2022,601866,,,DE008C,DE,,2022,population_total,"Population on 1 January, total"
A,DE1001V,DE008C,2023,616093,,,DE008C,DE,,2023,population_total,"Population on 1 January, total"
A,DE1001V,DE009C,2015,536308,,,DE009C,DE,,2015,population_total,"Population on 1 January, total"
A,DE1001V,DE009C,2016,543825,,,DE009C,DE,,2016,population_total,"Population on 1 January, total"
A,DE1001V,DE009C,2017,547172,,,DE009C,DE,,2017,population_total,"Population on 1 January, total"
A,DE1001V,DE009C,2018,551072,,,DE009C,DE,,2018,population_total,"Population on 1 January, total"
A,DE1001V,DE009C,2019,554649,,,DE009C,DE,,2019,population_total,"Population on 1 January, total"
A,DE1001V,DE009C,2020,556780,,,DE009C,DE,,2020,population_total,"Population on 1 January, total"
A,DE1001V,DE009C,2021,556227,,,DE009C,DE,,2021,population_total,"Population on 1 January, total"
A,DE1001V,DE009C,2022,555351,,,DE009C,DE,,2022,population_total,"Population on 1 January, total"
A,DE1001V,DE009C,2023,563311,,,DE009C,DE,,2023,population_total,"Population on 1 January, total"
A,DE1001V,DE010C,2015,580511,,,DE010C,DE,,2015,population_total,"Population on 1 January, total"
A,DE1001V,DE010C,2016,586181,,,DE010C,DE,,2016,population_total,"Population on 1 January, total"
A,DE1001V,DE010C,2017,585813,,,DE010C,DE,,2017,population_total,"Population on 1 January, total"
A,DE1001V,DE010C,2018,586600,,,DE010C,DE,,2018,population_total,"Population on 1 January, total"
A,DE1001V,DE010C,2019,587010,,,DE010C,DE,,2019,population_total,"Population on 1 January, total"
A,DE1001V,DE010C,2020,588250,,,DE010C,DE,,2020,population_total,"Population on 1 January, total"
A,DE1001V,DE010C,2021,587696,,,DE010C,DE,,2021,population_total,"Population on 1 January, total"
A,DE1001V,DE010C,2022,586852,,,DE010C,DE,,2022,population_total,"Population on 1 January, total"
A,DE1001V,DE010C,2023,593317,,,DE010C,DE,,2023,population_total,"Population on 1 January, total"
A,DE1001V,DE011C,2015,604527,,,DE011C,DE,,2015,population_total,"Population on 1 January, total"
A,DE1001V,DE011C,2016,612178,,,DE011C,DE,,2016,population_total,"Population on 1 January, total"
A,DE1001V,DE011C,2017,613230,,,DE011C,DE,,2017,population_total,"Population on 1 January, total"
A,DE1001V,DE011C,2018,617280,,,DE011C,DE,,2018,population_total,"Population on 1 January, total"
A,DE1001V,DE011C,2019,619294,,,DE011C,DE,,2019,population_total,"Population on 1 January, total"
A,DE1001V,DE011C,2020,621877,,,DE011C,DE,,2020,population_total,"Population on 1 January, total"
A,DE1001V,DE011C,2021,620523,,,DE011C,DE,,2021,population_total,"Population on 1 January, total"
A,DE1001V,DE011C,2022,619477,,,DE011C,DE,,2022,population_total,"Population on 1 January, total"
A,DE1001V,DE011C,2023,629047,,,DE011C,DE,,2023,population_total,"Population on 1 January, total"
A,DE1001V,DE012C,2015,551767,,,DE012C,DE,,2015,population_total,"Population on 1 January, total"
A,DE1001V,DE012C,2016,557464,,,DE012C,DE,,2016,population_total,"Population on 1 January, total"
A,DE1001V,DE012C,2017,565719,,,DE012C,DE,,2017,population_total,"Population on 1 January, total"
A,DE1001V,DE012C,2018,568006,,,DE012C,DE,,2018,population_total,"Population on 1 January, total"
A,DE1001V,DE012C,2019,569352,,,DE012C,DE,,2019,population_total,"Population on 1 January, total"
A,DE1001V,DE012C,2020,567559,,,DE012C,DE,,2020,population_total,"Population on 1 January, total"
A,DE1001V,DE012C,2021,566573,,,DE012C,DE,,2021,population_total,"Population on 1 January, total"
A,DE1001V,DE012C,2022,563290,,,DE012C,DE,,2022,population_total,"Population on 1 January, total"
A,DE1001V,DE012C,2023,569396,,,DE012C,DE,,2023,population_total,"Population on 1 January, total"
A,DE1001V,DE013C,2015,523642,,,DE013C,DE,,2015,population_total,"Population on 1 January, total"
A,DE1001V,DE013C,2016,532163,,,DE013C,DE,,2016,population_total,"Population on 1 January, total"
A,DE1001V,DE013C,2017,532864,,,DE013C,DE,,2017,population_total,"Population on 1 January, total"
A,DE1001V,DE013C,2018,535061,,,DE013C,DE,,2018,population_total,"Population on 1 January, total"
A,DE1001V,DE013C,2019,538068,,,DE013C,DE,,2019,population_total,"Population on 1 January, total"
A,DE1001V,DE013C,2020,536925,,,DE013C,DE,,2020,population_total,"Population on 1 January, total"
A,DE1001V,DE013C,2021,534049,,,DE013C,DE,,2021,population_total,"Population on 1 January, total"
A,DE1001V,DE013C,2022,535932,,,DE013C,DE,,2022,population_total,"Population on 1 January, total"
A,DE1001V,DE013C,2023,545045,,,DE013C,DE,,2023,population_total,"Population on 1 January, total"
A,DE1001V,DE014C,2015,501072,,,DE014C,DE,,2015,population_total,"Population on 1 January, total"
A,DE1001V,DE014C,2016,509975,,,DE014C,DE,,2016,population_total,"Population on 1 January, total"
A,DE1001V,DE014C,2017,511628,,,DE014C,DE,,2017,population_total,"Population on 1 January, total"
A,DE1001V,DE014C,2018,515201,,,DE014C,DE,,2018,population_total,"Population on 1 January, total"
A,DE1001V,DE014C,2019,518365,,,DE014C,DE,,2019,population_total,"Population on 1 January, total"
A,DE1001V,DE014C,2020,518370,,,DE014C,DE,,2020,population_total,"Population on 1 January, total"
A,DE1001V,DE014C,2021,515543,,,DE014C,DE,,2021,population_total,"Population on 1 January, total"
A,DE1001V,DE014C,2022,510632,,,DE014C,DE,,2022,population_total,"Population on 1 January, total"
A,DE1001V,DE014C,2023,523026,,,DE014C,DE,,2023,population_total,"Population on 1 January, total"
A,DE1001V,DE015C,2015,361876,,,DE015C,DE,,2015,population_total,"Population on 1 January, total"
A,DE1001V,DE015C,2016,364742,,,DE015C,DE,,2016,population_total,"Population on 1 January, total"
A,DE1001V,DE015C,2017,364920,,,DE015C,DE,,2017,population_total,"Population on 1 January, total"
A,DE1001V,DE015C,2018,365529,,,DE015C,DE,,2018,population_total,"Population on 1 January, total"
A,DE1001V,DE015C,2019,364628,,,DE015C,DE,,2019,population_total,"Population on 1 January, total"
A,DE1001V,DE015C,2020,365587,,,DE015C,DE,,2020,population_total,"Population on 1 January, total"
A,DE1001V,DE015C,2021,364454,,,DE015C,DE,,2021,population_total,"Population on 1 January, total"
A,DE1001V,DE015C,2022,363441,,,DE015C,DE,,2022,population_total,"Population on 1 January, total"
A,DE1001V,DE015C,2023,365742,,,DE015C,DE,,2023,population_total,"Population on 1 January, total"
A,DE1001V,DE016C,2015,329782,,,DE016C,DE,,2015,population_total,"Population on 1 January, total"
A,DE1001V,DE016C,2016,333090,,,DE016C,DE,,2016,population_total,"Population on 1 January, total"
A,DE1001V,DE016C,2017,333451,,,DE016C,DE,,2017,population_total,"Population on 1 January, total"
A,DE1001V,DE016C,2018,332552,,,DE016C,DE,,2018,population_total,"Population on 1 January, total"
A,DE1001V,DE016C,2019,333786,,,DE016C,DE,,2019,population_total,"Population on 1 January, total"
A,DE1001V,DE016C,2020,334195,,,DE016C,DE,,2020,population_total,"Population on 1 January, total"
A,DE1001V,DE016C,2021,333509,,,DE016C,DE,,2021,population_total,"Population on 1 January, total"
A,DE1001V,DE016C,2022,334002,,,DE016C,DE,,2022,population_total,"Population on 1 January, total"
A,DE1001V,DE016C,2023,338332,,,DE016C,DE,,2023,population_total,"Population on 1 January, total"
A,DE1001V,DE017C,2015,232470,,,DE017C,DE,,2015,population_total,"Population on 1 January, total"
A,DE1001V,DE017C,2016,236991,,,DE017C,DE,,2016,population_total,"Population on 1 January, total"
A,DE1001V,DE017C,2017,238005,,,DE017C,DE,,2017,population_total,"Population on 1 January, total"
A,DE1001V,DE017C,2018,239173,,,DE017C,DE,,2018,population_total,"Population on 1 January, total"
A,DE1001V,DE017C,2019,239257,,,DE017C,DE,,2019,population_total,"Population on 1 January, total"
A,DE1001V,DE017C,2020,238762,,,DE017C,DE,,2020,population_total,"Population on 1 January, total"
A,DE1001V,DE017C,2021,237865,,,DE017C,DE,,2021,population_total,"Population on 1 January, total"
A,DE1001V,DE017C,2022,238061,,,DE017C,DE,,2022,population_total,"Population on 1 January, total"
A,DE1001V,DE017C,2023,242083,,,DE017C,DE,,2023,population_total,"Population on 1 January, total"
A,DE1001V,DE018C,2015,232306,,,DE018C,DE,,2015,population_total,"Population on 1 January, total"
A,DE1001V,DE018C,2016,235723,,,DE018C,DE,,2016,population_total,"Population on 1 January, total"
A,DE1001V,DE018C,2017,238136,,,DE018C,DE,,2017,population_total,"Population on 1 January, total"
A,DE1001V,DE018C,2018,238478,,,DE018C,DE,,2018,population_total,"Population on 1 January, total"
A,DE1001V,DE018C,2019,238697,,,DE018C,DE,,2019,population_total,"Population on 1 January, total"
A,DE1001V,DE018C,2020,237565,,,DE018C,DE,,2020,population_total,"Population on 1 January, total"
A,DE1001V,DE018C,2021,235775,,,DE018C,DE,,2021,population_total,"Population on 1 January, total"
A,DE1001V,DE018C,2022,236188,,,DE018C,DE,,2022,population_total,"Population on 1 January, total"
A,DE1001V,DE018C,2023,239364,,,DE018C,DE,,2023,population_total,"Population on 1 January, total"
A,DE1001V,DE019C,2015,275116,,,DE019C,DE,,2015,population_total,"Population on 1 January, total"
A,DE1001V,DE019C,2016,276218,,,DE019C,DE,,2016,population_total,"Population on 1 January, total"
A,DE1001V,DE019C,2017,277619,,,DE019C,DE,,2017,population_total,"Population on 1 January, total"
A,DE1001V,DE019C,2018,278654,,,DE019C,DE,,2018,population_total,"Population on 1 January, total"
A,DE1001V,DE019C,2019,278342,,,DE019C,DE,,2019,population_total,"Population on 1 January, total"
A,DE1001V,DE019C,2020,278474,,,DE019C,DE,,2020,population_total,"Population on 1 January, total"
A,DE1001V,DE019C,2021,278609,,,DE019C,DE,,2021,population_total,"Population on 1 January, total"
A,DE1001V,DE019C,2022,278950,,,DE019C,DE,,2022,population_total,"Population on 1 January, total"
A,DE1001V,DE019C,2023,283083,,,DE019C,DE,,2023,population_total,"Population on 1 January, total"
A,DE1001V,DE020C,2015,117665,,,DE020C,DE,,2015,population_total,"Population on 1 January, total"
A,DE1001V,DE020C,2016,118914,,,DE020C,DE,,2016,population_total,"Population on 1 January, total"
A,DE1001V,DE020C,2017,119177,,,DE020C,DE,,2017,population_total,"Population on 1 January, total"
A,DE1001V,DE020C,2018,119529,,,DE020C,DE,,2018,population_total,"Population on 1 January, total"
A,DE1001V,DE020C,2019,119801,,,DE020C,DE,,2019,population_total,"Population on 1 January, total"
A,DE1001V,DE020C,2020,118911,,,DE020C,DE,,2020,population_total,"Population on 1 January, total"
A,DE1001V,DE020C,2021,116845,,,DE020C,DE,,2021,population_total,"Population on 1 January, total"
A,DE1001V,DE020C,2022,116557,,,DE020C,DE,,2022,population_total,"Population on 1 January, total"
A,DE1001V,DE020C,2023,118946,,,DE020C,DE,,2023,population_total,"Population on 1 January, total"
A,DE1001V,DE021C,2015,167108,,,DE021C,DE,,2015,population_total,"Population on 1 January, total"
A,DE1001V,DE021C,2016,169278,,,DE021C,DE,,2016,population_total,"Population on 1 January, total"
A,DE1001V,DE021C,2017,170936,,,DE021C,DE,,2017,population_total,"Population on 1 January, total"
A,DE1001V,DE021C,2018,171265,,,DE021C,DE,,2018,population_total,"Population on 1 January, total"
A,DE1001V,DE021C,2019,170880,,,DE021C,DE,,2019,population_total,"Population on 1 January, total"
A,DE1001V,DE021C,2020,170632,,,DE021C,DE,,2020,population_total,"Population on 1 January, total"
A,DE1001V,DE021C,2021,170921,,,DE021C,DE,,2021,population_total,"Population on 1 January, total"
A,DE1001V,DE021C,2022,170739,,,DE021C,DE,,2022,population_total,"Population on 1 January, total"
A,DE1001V,DE021C,2023,172404,,,DE021C,DE,,2023,population_total,"Population on 1 January, total"
A,DE1001V,DE022C,2015,102923,,,DE022C,DE,,2015,population_total,"Population on 1 January, total"
A,DE1001V,DE022C,2016,104529,,,DE022C,DE,,2016,population_total,"Population on 1 January, total"
A,DE1001V,DE022C,2017,103881,,,DE022C,DE,,2017,population_total,"Population on 1 January, total"
A,DE1001V,DE022C,2018,103949,,,DE022C,DE,,2018,population_total,"Population on 1 January, total"
A,DE1001V,DE022C,2019,103725,,,DE022C,DE,,2019,population_total,"Population on 1 January, total"
A,DE1001V,DE022C,2020,103902,,,DE022C,DE,,2020,population_total,"Population on 1 January, total"
A,DE1001V,DE022C,2021,103487,,,DE022C,DE,,2021,population_total,"Population on 1 January, total"
A,DE1001V,DE022C,2022,103725,,,DE022C,DE,,2022,population_total,"Population on 1 January, total"
A,DE1001V,DE022C,2023,105287,,,DE022C,DE,,2023,population_total,"Population on 1 January, total"
A,DE1001V,DE023C,2015,151879,,,DE023C,DE,,2015,population_total,"Population on 1 January, total"
A,DE1001V,DE023C,2016,155353,,,DE023C,DE,,2016,population_total,"Population on 1 January, total"
A,DE1001V,DE023C,2017,157437,,,DE023C,DE,,2017,population_total,"Population on 1 January, total"
A,DE1001V,DE023C,2018,158254,,,DE023C,DE,,2018,population_total,"Population on 1 January, total"
A,DE1001V,DE023C,2019,159207,,,DE023C,DE,,2019,population_total,"Population on 1 January, total"
A,DE1001V,DE023C,2020,159878,,,DE023C,DE,,2020,population_total,"Population on 1 January, total"
A,DE1001V,DE023C,2021,159174,,,DE023C,DE,,2021,population_total,"Population on 1 January, total"
A,DE1001V,DE023C,2022,159631,,,DE023C,DE,,2022,population_total,"Population on 1 January, total"
A,DE1001V,DE023C,2023,162243,,,DE023C,DE,,2023,population_total,"Population on 1 January, total"
A,DE1001V,DE024C,2015,108472,,,DE024C,DE,,2015,population_total,"Population on 1 January, total"
A,DE1001V,DE024C,2016,114914,,,DE024C,DE,,2016,population_total,"Population on 1 January, total"
A,DE1001V,DE024C,2017,110111,,,DE024C,DE,,2017,population_total,"Population on 1 January, total"
A,DE1001V,DE024C,2018,110013,,,DE024C,DE,,2018,population_total,"Population on 1 January, total"
A,DE1001V,DE024C,2019,110636,,,DE024C,DE,,2019,population_total,"Population on 1 January, total"
A,DE1001V,DE024C,2020,111528,,,DE024C,DE,,2020,population_total,"Population on 1 January, total"
A,DE1001V,DE024C,2021,110674,,,DE024C,DE,,2021,population_total,"Population on 1 January, total"
A,DE1001V,DE024C,2022,110570,,,DE024C,DE,,2022,population_total,"Population on 1 January, total"
A,DE1001V,DE024C,2023,112195,,,DE024C,DE,,2023,population_total,"Population on 1 January, total"
A,DE1001V,DE025C,2015,222203,,,DE025C,DE,,2015,population_total,"Population on 1 January, total"
A,DE1001V,DE025C,2016,226393,,,DE025C,DE,,2016,population_total,"Population on 1 January, total"
A,DE1001V,DE025C,2017,227590,,,DE025C,DE,,2017,population_total,"Population on 1 January, total"
A,DE1001V,DE025C,2018,229636,,,DE025C,DE,,2018,population_total,"Population on 1 January, total"
A,DE1001V,DE025C,2019,230241,,,DE025C,DE,,2019,population_total,"Population on 1 January, total"
A,DE1001V,DE025C,2020,231195,,,DE025C,DE,,2020,population_total,"Population on 1 January, total"
A,DE1001V,DE025C,2021,230940,,,DE025C,DE,,2021,population_total,"Population on 1 January, total"
A,DE1001V,DE025C,2022,231848,,,DE025C,DE,,2022,population_total,"Population on 1 January, total"
A,DE1001V,DE025C,2023,236140,,,DE025C,DE,,2023,population_total,"Population on 1 January, total"
A,DE1001V,DE026C,2015,142292,,,DE026C,DE,,2015,population_total,"Population on 1 January, total"
A,DE1001V,DE026C,2016,145465,,,DE026C,DE,,2016,population_total,"Population on 1 January, total"
A,DE1001V,DE026C,2017,148638,,,DE026C,DE,,2017,population_total,"Population on 1 January, total"
A,DE1001V,DE026C,2018,150894,,,DE026C,DE,,2018,population_total,"Population on 1 January, total"
A,DE1001V,DE026C,2019,152610,,,DE026C,DE,,2019,population_total,"Population on 1 January, total"
A,DE1001V,DE026C,2020,153094,,,DE026C,DE,,2020,population_total,"Population on 1 January, total"
A,DE1001V,DE026C,2021,152270,,,DE026C,DE,,2021,population_total,"Population on 1 January, total"
A,DE1001V,DE026C,2022,153542,,,DE026C,DE,,2022,population_total,"Population on 1 January, total"
A,DE1001V,DE026C,2023,157443,,,DE026C,DE,,2023,population_total,"Population on 1 January, total"
A,DE1001V,DE027C,2015,57649,,,DE027C,DE,,2015,population_total,"Population on 1 January, total"
A,DE1001V,DE027C,2016,58092,,,DE027C,DE,,2016,population_total,"Population on 1 January, total"
A,DE1001V,DE027C,2017,58193,,,DE027C,DE,,2017,population_total,"Population on 1 January, total"
A,DE1001V,DE027C,2018,58237,,,DE027C,DE,,2018,population_total,"Population on 1 January, total"
A,DE1001V,DE027C,2019,57873,,,DE027C,DE,,2019,population_total,"Population on 1 January, total"
A,DE1001V,DE027C,2020,57751,,,DE027C,DE,,2020,population_total,"Population on 1 January, total"
A,DE1001V,DE027C,2021,57015,,,DE027C,DE,,2021,population_total,"Population on 1 January, total"
A,DE1001V,DE027C,2022,56679,,,DE027C,DE,,2022,population_total,"Population on 1 January, total"
A,DE1001V,DE027C,2023,58230,,,DE027C,DE,,2023,population_total,"Population on 1 January, total"
A,DE1001V,DE028C,2015,63477,,,DE028C,DE,,2015,population_total,"Population on 1 January, total"
A,DE1001V,DE028C,2016,64131,,,DE028C,DE,,2016,population_total,"Population on 1 January, total"
A,DE1001V,DE028C,2017,64355,,,DE028C,DE,,2017,population_total,"Population on 1 January, total"
A,DE1001V,DE028C,2018,64426,,,DE028C,DE,,2018,population_total,"Population on 1 January, total"
A,DE1001V,DE028C,2019,65090,,,DE028C,DE,,2019,population_total,"Population on 1 January, total"
A,DE1001V,DE028C,2020,65228,,,DE028C,DE,,2020,population_total,"Population on 1 January, total"
A,DE1001V,DE028C,2021,65098,,,DE028C,DE,,2021,population_total,"Population on 1 January, total"
A,DE1001V,DE028C,2022,65138,,,DE028C,DE,,2022,population_total,"Population on 1 January, total"
A,DE1001V,DE028C,2023,65620,,,DE028C,DE,,2023,population_total,"Population on 1 January, total"
A,DE1001V,DE029C,2015,92138,,,DE029C,DE,,2015,population_total,"Population on 1 January, total"
A,DE1001V,DE029C,2016,96800,,,DE029C,DE,,2016,population_total,"Population on 1 January, total"
A,DE1001V,DE029C,2017,95668,,,DE029C,DE,,2017,population_total,"Population on 1 January, total"
A,DE1001V,DE029C,2018,95797,,,DE029C,DE,,2018,population_total,"Population on 1 January, total"
A,DE1001V,DE029C,2019,95818,,,DE029C,DE,,2019,population_total,"Population on 1 January, total"
A,DE1001V,DE029C,2020,95653,,,DE029C,DE,,2020,population_total,"Population on 1 January, total"
A,DE1001V,DE029C,2021,95609,,,DE029C,DE,,2021,population_total,"Population on 1 January, total"
A,DE1001V,DE029C,2022,95740,,,DE029C,DE,,2022,population_total,"Population on 1 January, total"
A,DE1001V,DE029C,2023,98596,,,DE029C,DE,,2023,population_total,"Population on 1 January, total"
A,DE1001V,DE030C,2015,206219,,,DE030C,DE,,2015,population_total,"Population on 1 January, total"
A,DE1001V,DE030C,2016,210118,,,DE030C,DE,,2016,population_total,"Population on 1 January, total"
A,DE1001V,DE030C,2017,211113,,,DE030C,DE,,2017,population_total,"Population on 1 January, total"
A,DE1001V,DE030C,2018,212988,,,DE030C,DE,,2018,population_total,"Population on 1 January, total"
A,DE1001V,DE030C,2019,213699,,,DE030C,DE,,2019,population_total,"Population on 1 January, total"
A,DE1001V,DE030C,2020,213981,,,DE030C,DE,,2020,population_total,"Population on 1 January, total"
A,DE1001V,DE030C,2021,213692,,,DE030C,DE,,2021,population_total,"Population on 1 January, total"
A,DE1001V,DE030C,2022,213227,,,DE030C,DE,,2022,population_total,"Population on 1 January, total"
A,DE1001V,DE030C,2023,214969,,,DE030C,DE,,2023,population_total,"Population on 1 January, total"
A,DE1001V,DE031C,2015,281111,,,DE031C,DE,,2015,population_total,"Population on 1 January, total"
A,DE1001V,DE031C,2016,286374,,,DE031C,DE,,2016,population_total,"Population on 1 January, total"
A,DE1001V,DE031C,2017,289584,,,DE031C,DE,,2017,population_total,"Population on 1 January, total"
A,DE1001V,DE031C,2018,292851,,,DE031C,DE,,2018,population_total,"Population on 1 January, total"
A,DE1001V,DE031C,2019,295135,,,DE031C,DE,,2019,population_total,"Population on 1 January, total"
A,DE1001V,DE031C,2020,296582,,,DE031C,DE,,2020,population_total,"Population on 1 January, total"
A,DE1001V,DE031C,2021,295830,,,DE031C,DE,,2021,population_total,"Population on 1 January, total"
A,DE1001V,DE031C,2022,296478,,,DE031C,DE,,2022,population_total,"Population on 1 January, total"
A,DE1001V,DE031C,2023,301033,,,DE031C,DE,,2023,population_total,"Population on 1 January, total"
A,DE1001V,DE032C,2015,313958,,,DE032C,DE,,2015,population_total,"Population on 1 January, total"
A,DE1001V,DE032C,2016,318809,,,DE032C,DE,,2016,population_total,"Population on 1 January, total"
A,DE1001V,DE032C,2017,322125,,,DE032C,DE,,2017,population_total,"Population on 1 January, total"
A,DE1001V,DE032C,2018,325490,,,DE032C,DE,,2018,population_total,"Population on 1 January, total"
A,DE1001V,DE032C,2019,327258,,,DE032C,DE,,2019,population_total,"Population on 1 January, total"
A,DE1001V,DE032C,2020,329673,,,DE032C,DE,,2020,population_total,"Population on 1 January, total"
A,DE1001V,DE032C,2021,330579,,,DE032C,DE,,2021,population_total,"Population on 1 January, total"
A,DE1001V,DE032C,2022,331885,,,DE032C,DE,,2022,population_total,"Population on 1 January, total"
A,DE1001V,DE032C,2023,336465,,,DE032C,DE,,2023,population_total,"Population on 1 January, total"
A,DE1001V,DE033C,2015,300051,,,DE033C,DE,,2015,population_total,"Population on 1 January, total"
A,DE1001V,DE033C,2016,307755,,,DE033C,DE,,2016,population_total,"Population on 1 January, total"
A,DE1001V,DE033C,2017,309999,,,DE033C,DE,,2017,population_total,"Population on 1 January, total"
A,DE1001V,DE033C,2018,311919,,,DE033C,DE,,2018,population_total,"Population on 1 January, total"
A,DE1001V,DE033C,2019,313092,,,DE033C,DE,,2019,population_total,"Population on 1 January, total"
A,DE1001V,DE033C,2020,312060,,,DE033C,DE,,2020,population_total,"Population on 1 January, total"
A,DE1001V,DE033C,2021,308436,,,DE033C,DE,,2021,population_total,"Population on 1 January, total"
A,DE1001V,DE033C,2022,306502,,,DE033C,DE,,2022,population_total,"Population on 1 January, total"
A,DE1001V,DE033C,2023,308707,,,DE033C,DE,,2023,population_total,"Population on 1 January, total"
A,DE1001V,DE034C,2015,256853,,,DE034C,DE,,2015,population_total,"Population on 1 January, total"
A,DE1001V,DE034C,2016,259996,,,DE034C,DE,,2016,population_total,"Population on 1 January, total"
A,DE1001V,DE034C,2017,260925,,,DE034C,DE,,2017,population_total,"Population on 1 January, total"
A,DE1001V,DE034C,2018,262188,,,DE034C,DE,,2018,population_total,"Population on 1 January, total"
A,DE1001V,DE034C,2019,261454,,,DE034C,DE,,2019,population_total,"Population on 1 January, total"
A,DE1001V,DE034C,2020,261034,,,DE034C,DE,,2020,population_total,"Population on 1 January, total"
A,DE1001V,DE034C,2021,259665,,,DE034C,DE,,2021,population_total,"Population on 1 January, total"
A,DE1001V,DE034C,2022,261001,,,DE034C,DE,,2022,population_total,"Population on 1 January, total"
A,DE1001V,DE034C,2023,268465,,,DE034C,DE,,2023,population_total,"Population on 1 January, total"
A,DE1001V,DE035C,2015,206991,,,DE035C,DE,,2015,population_total,"Population on 1 January, total"
A,DE1001V,DE035C,2016,209779,,,DE035C,DE,,2016,population_total,"Population on 1 January, total"
A,DE1001V,DE035C,2017,213528,,,DE035C,DE,,2017,population_total,"Population on 1 January, total"
A,DE1001V,DE035C,2018,215110,,,DE035C,DE,,2018,population_total,"Population on 1 January, total"
A,DE1001V,DE035C,2019,217118,,,DE035C,DE,,2019,population_total,"Population on 1 January, total"
A,DE1001V,DE035C,2020,218578,,,DE035C,DE,,2020,population_total,"Population on 1 January, total"
A,DE1001V,DE035C,2021,217123,,,DE035C,DE,,2021,population_total,"Population on 1 January, total"
A,DE1001V,DE035C,2022,217556,,,DE035C,DE,,2022,population_total,"Population on 1 January, total"
A,DE1001V,DE035C,2023,220552,,,DE035C,DE,,2023,population_total,"Population on 1 January, total"
A,DE1001V,DE036C,2015,243148,,,DE036C,DE,,2015,population_total,"Population on 1 January, total"
A,DE1001V,DE036C,2016,246306,,,DE036C,DE,,2016,population_total,"Population on 1 January, total"
A,DE1001V,DE036C,2017,247441,,,DE036C,DE,,2017,population_total,"Population on 1 January, total"
A,DE1001V,DE036C,2018,247943,,,DE036C,DE,,2018,population_total,"Population on 1 January, total"
A,DE1001V,DE036C,2019,247548,,,DE036C,DE,,2019,population_total,"Population on 1 January, total"
A,DE1001V,DE036C,2020,246794,,,DE036C,DE,,2020,population_total,"Population on 1 January, total"
A,DE1001V,DE036C,2021,246601,,,DE036C,DE,,2021,population_total,"Population on 1 January, total"
A,DE1001V,DE036C,2022,246243,,,DE036C,DE,,2022,population_total,"Population on 1 January, total"
A,DE1001V,DE036C,2023,247717,,,DE036C,DE,,2023,population_total,"Population on 1 January, total"
A,DE1001V,DE037C,2015,176926,,,DE037C,DE,,2015,population_total,"Population on 1 January, total"
A,DE1001V,DE037C,2016,178151,,,DE037C,DE,,2016,population_total,"Population on 1 January, total"
A,DE1001V,DE037C,2017,179709,,,DE037C,DE,,2017,population_total,"Population on 1 January, total"
A,DE1001V,DE037C,2018,180966,,,DE037C,DE,,2018,population_total,"Population on 1 January, total"
A,DE1001V,DE037C,2019,180741,,,DE037C,DE,,2019,population_total,"Population on 1 January, total"
A,DE1001V,DE037C,2020,180374,,,DE037C,DE,,2020,population_total,"Population on 1 January, total"
A,DE1001V,DE037C,2021,179349,,,DE037C,DE,,2021,population_total,"Population on 1 January, total"
A,DE1001V,DE037C,2022,179634,,,DE037C,DE,,2022,population_total,"Population on 1 January, total"
A,DE1001V,DE037C,2023,181959,,,DE037C,DE,,2023,population_total,"Population on 1 January, total"
A,DE1001V,DE038C,2015,164042,,,DE038C,DE,,2015,population_total,"Population on 1 January, total"
A,DE1001V,DE038C,2016,167745,,,DE038C,DE,,2016,population_total,"Population on 1 January, total"
A,DE1001V,DE038C,2017,171810,,,DE038C,DE,,2017,population_total,"Population on 1 January, total"
A,DE1001V,DE038C,2018,175710,,,DE038C,DE,,2018,population_total,"Population on 1 January, total"
A,DE1001V,DE038C,2019,178089,,,DE038C,DE,,2019,population_total,"Population on 1 January, total"
A,DE1001V,DE038C,2020,180334,,,DE038C,DE,,2020,population_total,"Population on 1 January, total"
A,DE1001V,DE038C,2021,182112,,,DE038C,DE,,2021,population_total,"Population on 1 January, total"
A,DE1001V,DE038C,2022,183154,,,DE038C,DE,,2022,population_total,"Population on 1 January, total"
A,DE1001V,DE038C,2023,185750,,,DE038C,DE,,2023,population_total,"Population on 1 January, total"
A,DE1001V,DE039C,2015,111434,,,DE039C,DE,,2015,population_total,"Population on 1 January, total"
A,DE1001V,DE039C,2016,112586,,,DE039C,DE,,2016,population_total,"Population on 1 January, total"
A,DE1001V,DE039C,2017,113605,,,DE039C,DE,,2017,population_total,"Population on 1 January, total"
A,DE1001V,DE039C,2018,113844,,,DE039C,DE,,2018,population_total,"Population on 1 January, total"
A,DE1001V,DE039C,2019,114024,,,DE039C,DE,,2019,population_total,"Population on 1 January, total"
A,DE1001V,DE039C,2020,114052,,,DE039C,DE,,2020,population_total,"Population on 1 January, total"
A,DE1001V,DE039C,2021,113388,,,DE039C,DE,,2021,population_total,"Population on 1 January, total"
A,DE1001V,DE039C,2022,113638,,,DE039C,DE,,2022,population_total,"Population on 1 January, total"
A,DE1001V,DE039C,2023,115268,,,DE039C,DE,,2023,population_total,"Population on 1 January, total"
A,DE1001V,DE040C,2015,204167,,,DE040C,DE,,2015,population_total,"Population on 1 January, total"
A,DE1001V,DE040C,2016,206011,,,DE040C,DE,,2016,population_total,"Population on 1 January, total"
A,DE1001V,DE040C,2017,207513,,,DE040C,DE,,2017,population_total,"Population on 1 January, total"
A,DE1001V,DE040C,2018,208409,,,DE040C,DE,,2018,population_total,"Population on 1 January, total"
A,DE1001V,DE040C,2019,208886,,,DE040C,DE,,2019,population_total,"Population on 1 January, total"
A,DE1001V,DE040C,2020,209191,,,DE040C,DE,,2020,population_total,"Population on 1 January, total"
A,DE1001V,DE040C,2021,209061,,,DE040C,DE,,2021,population_total,"Population on 1 January, total"
A,DE1001V,DE040C,2022,208400,,,DE040C,DE,,2022,population_total,"Population on 1 January, total"
A,DE1001V,DE040C,2023,209920,,,DE040C,DE,,2023,population_total,"Population on 1 January, total"
A,DE1001V,DE041C,2015,97382,,,DE041C,DE,,2015,population_total,"Population on 1 January, total"
A,DE1001V,DE041C,2016,98520,,,DE041C,DE,,2016,population_total,"Population on 1 January, total"
A,DE1001V,DE041C,2017,99302,,,DE041C,DE,,2017,population_total,"Population on 1 January, total"
A,DE1001V,DE041C,2018,99684,,,DE041C,DE,,2018,population_total,"Population on 1 January, total"
A,DE1001V,DE041C,2019,99845,,,DE041C,DE,,2019,population_total,"Population on 1 January, total"
A,DE1001V,DE041C,2020,100030,,,DE041C,DE,,2020,population_total,"Population on 1 January, total"
A,DE1001V,DE041C,2021,99662,,,DE041C,DE,,2021,population_total,"Population on 1 January, total"
A,DE1001V,DE041C,2022,99292,,,DE041C,DE,,2022,population_total,"Population on 1 January, total"
A,DE1001V,DE041C,2023,101228,,,DE041C,DE,,2023,population_total,"Population on 1 January, total"
A,DE1001V,DE042C,2015,92899,,,DE042C,DE,,2015,population_total,"Population on 1 January, total"
A,DE1001V,DE042C,2016,93537,,,DE042C,DE,,2016,population_total,"Population on 1 January, total"
A,DE1001V,DE042C,2017,93197,,,DE042C,DE,,2017,population_total,"Population on 1 January, total"
A,DE1001V,DE042C,2018,92928,,,DE042C,DE,,2018,population_total,"Population on 1 January, total"
A,DE1001V,DE042C,2019,92666,,,DE042C,DE,,2019,population_total,"Population on 1 January, total"
A,DE1001V,DE042C,2020,92174,,,DE042C,DE,,2020,population_total,"Population on 1 January, total"
A,DE1001V,DE042C,2021,91815,,,DE042C,DE,,2021,population_total,"Population on 1 January, total"
A,DE1001V,DE042C,2022,91873,,,DE042C,DE,,2022,population_total,"Population on 1 January, total"
A,DE1001V,DE042C,2023,92540,,,DE042C,DE,,2023,population_total,"Population on 1 January, total"
A,DE1001V,DE043C,2015,90378,,,DE043C,DE,,2015,population_total,"Population on 1 January, total"
A,DE1001V,DE043C,2016,91271,,,DE043C,DE,,2016,population_total,"Population on 1 January, total"
A,DE1001V,DE043C,2017,92186,,,DE043C,DE,,2017,population_total,"Population on 1 January, total"
A,DE1001V,DE043C,2018,93004,,,DE043C,DE,,2018,population_total,"Population on 1 January, total"
A,DE1001V,DE043C,2019,93542,,,DE043C,DE,,2019,population_total,"Population on 1 January, total"
A,DE1001V,DE043C,2020,94145,,,DE043C,DE,,2020,population_total,"Population on 1 January, total"
A,DE1001V,DE043C,2021,92722,,,DE043C,DE,,2021,population_total,"Population on 1 January, total"
A,DE1001V,DE043C,2022,92640,,,DE043C,DE,,2022,population_total,"Population on 1 January, total"
A,DE1001V,DE043C,2023,94941,,,DE043C,DE,,2023,population_total,"Population on 1 January, total"
A,DE1001V,DE044C,2015,90934,,,DE044C,DE,,2015,population_total,"Population on 1 January, total"
A,DE1001V,DE044C,2016,92643,,,DE044C,DE,,2016,population_total,"Population on 1 January, total"
A,DE1001V,DE044C,2017,95370,,,DE044C,DE,,2017,population_total,"Population on 1 January, total"
A,DE1001V,DE044C,2018,96130,,,DE044C,DE,,2018,population_total,"Population on 1 January, total"
A,DE1001V,DE044C,2019,96023,,,DE044C,DE,,2019,population_total,"Population on 1 January, total"
A,DE1001V,DE044C,2020,96492,,,DE044C,DE,,2020,population_total,"Population on 1 January, total"
A,DE1001V,DE044C,2021,97137,,,DE044C,DE,,2021,population_total,"Population on 1 January, total"
A,DE1001V,DE044C,2022,98502,,,DE044C,DE,,2022,population_total,"Population on 1 January, total"
A,DE1001V,DE044C,2023,101364,,,DE044C,DE,,2023,population_total,"Population on 1 January, total"
A,DE1001V,DE045C,2015,75534,,,DE045C,DE,,2015,population_total,"Population on 1 January, total"
A,DE1001V,DE045C,2016,75995,,,DE045C,DE,,2016,population_total,"Population on 1 January, total"
A,DE1001V,DE045C,2017,76201,,,DE045C,DE,,2017,population_total,"Population on 1 January, total"
A,DE1001V,DE045C,2018,76316,,,DE045C,DE,,2018,population_total,"Population on 1 January, total"
A,DE1001V,DE045C,2019,76278,,,DE045C,DE,,2019,population_total,"Population on 1 January, total"
A,DE1001V,DE045C,2020,76089,,,DE045C,DE,,2020,population_total,"Population on 1 January, total"
A,DE1001V,DE045C,2021,75189,,,DE045C,DE,,2021,population_total,"Population on 1 January, total"
A,DE1001V,DE045C,2022,75027,,,DE045C,DE,,2022,population_total,"Population on 1 January, total"
A,DE1001V,DE045C,2023,76089,,,DE045C,DE,,2023,population_total,"Population on 1 January, total"
A,DE1001V,DE046C,2015,91116,,,DE046C,DE,,2015,population_total,"Population on 1 January, total"
A,DE1001V,DE046C,2016,92973,,,DE046C,DE,,2016,population_total,"Population on 1 January, total"
A,DE1001V,DE046C,2017,93035,,,DE046C,DE,,2017,population_total,"Population on 1 January, total"
A,DE1001V,DE046C,2018,93593,,,DE046C,DE,,2018,population_total,"Population on 1 January, total"
A,DE1001V,DE046C,2019,93499,,,DE046C,DE,,2019,population_total,"Population on 1 January, total"
A,DE1001V,DE046C,2020,93584,,,DE046C,DE,,2020,population_total,"Population on 1 January, total"
A,DE1001V,DE046C,2021,93358,,,DE046C,DE,,2021,population_total,"Population on 1 January, total"
A,DE1001V,DE046C,2022,93117,,,DE046C,DE,,2022,population_total,"Population on 1 January, total"
A,DE1001V,DE046C,2023,94157,,,DE046C,DE,,2023,population_total,"Population on 1 January, total"
A,DE1001V,DE047C,2015,85871,,,DE047C,DE,,2015,population_total,"Population on 1 January, total"
A,DE1001V,DE047C,2016,87464,,,DE047C,DE,,2016,population_total,"Population on 1 January, total"
A,DE1001V,DE047C,2017,88347,,,DE047C,DE,,2017,population_total,"Population on 1 January, total"
A,DE1001V,DE047C,2018,89447,,,DE047C,DE,,2018,population_total,"Population on 1 January, total"
A,DE1001V,DE047C,2019,90546,,,DE047C,DE,,2019,population_total,"Population on 1 January, total"
A,DE1001V,DE047C,2020,91506,,,DE047C,DE,,2020,population_total,"Population on 1 January, total"
A,DE1001V,DE047C,2021,91077,,,DE047C,DE,,2021,population_total,"Population on 1 January, total"
A,DE1001V,DE047C,2022,91877,,,DE047C,DE,,2022,population_total,"Population on 1 January, total"
A,DE1001V,DE047C,2023,92811,,,DE047C,DE,,2023,population_total,"Population on 1 January, total"
A,DE1001V,DE048C,2015,81916,,,DE048C,DE,,2015,population_total,"Population on 1 January, total"
A,DE1001V,DE048C,2016,84674,,,DE048C,DE,,2016,population_total,"Population on 1 January, total"
A,DE1001V,DE048C,2017,84070,,,DE048C,DE,,2017,population_total,"Population on 1 January, total"
A,DE1001V,DE048C,2018,84557,,,DE048C,DE,,2018,population_total,"Population on 1 January, total"
A,DE1001V,DE048C,2019,85181,,,DE048C,DE,,2019,population_total,"Population on 1 January, total"
A,DE1001V,DE048C,2020,85707,,,DE048C,DE,,2020,population_total,"Population on 1 January, total"
A,DE1001V,DE048C,2021,85686,,,DE048C,DE,,2021,population_total,"Population on 1 January, total"
A,DE1001V,DE048C,2022,86475,,,DE048C,DE,,2022,population_total,"Population on 1 January, total"
A,DE1001V,DE048C,2023,88213,,,DE048C,DE,,2023,population_total,"Population on 1 January, total"
A,DE1001V,DE049C,2015,84694,,,DE049C,DE,,2015,population_total,"Population on 1 January, total"
A,DE1001V,DE049C,2016,85942,,,DE049C,DE,,2016,population_total,"Population on 1 January, total"
A,DE1001V,DE049C,2017,87432,,,DE049C,DE,,2017,population_total,"Population on 1 January, total"
A,DE1001V,DE049C,2018,88519,,,DE049C,DE,,2018,population_total,"Population on 1 January, total"
A,DE1001V,DE049C,2019,89504,,,DE049C,DE,,2019,population_total,"Population on 1 January, total"
A,DE1001V,DE049C,2020,90164,,,DE049C,DE,,2020,population_total,"Population on 1 January, total"
A,DE1001V,DE049C,2021,89934,,,DE049C,DE,,2021,population_total,"Population on 1 January, total"
A,DE1001V,DE049C,2022,91113,,,DE049C,DE,,2022,population_total,"Population on 1 January, total"
A,DE1001V,DE049C,2023,92550,,,DE049C,DE,,2023,population_total,"Population on 1 January, total"
A,DE1001V,DE050C,2015,73147,,,DE050C,DE,,2015,population_total,"Population on 1 January, total"
A,DE1001V,DE050C,2016,73836,,,DE050C,DE,,2016,population_total,"Population on 1 January, total"
A,DE1001V,DE050C,2017,74675,,,DE050C,DE,,2017,population_total,"Population on 1 January, total"
A,DE1001V,DE050C,2018,76226,,,DE050C,DE,,2018,population_total,"Population on 1 January, total"
A,DE1001V,DE050C,2019,76851,,,DE050C,DE,,2019,population_total,"Population on 1 January, total"
A,DE1001V,DE050C,2020,77129,,,DE050C,DE,,2020,population_total,"Population on 1 January, total"
A,DE1001V,DE050C,2021,76401,,,DE050C,DE,,2021,population_total,"Population on 1 January, total"
A,DE1001V,DE050C,2022,76571,,,DE050C,DE,,2022,population_total,"Population on 1 January, total"
A,DE1001V,DE050C,2023,77845,,,DE050C,DE,,2023,population_total,"Population on 1 January, total"
A,DE1001V,DE051C,2015,81692,,,DE051C,DE,,2015,population_total,"Population on 1 January, total"
A,DE1001V,DE051C,2016,82859,,,DE051C,DE,,2016,population_total,"Population on 1 January, total"
A,DE1001V,DE051C,2017,83789,,,DE051C,DE,,2017,population_total,"Population on 1 January, total"
A,DE1001V,DE051C,2018,84441,,,DE051C,DE,,2018,population_total,"Population on 1 January, total"
A,DE1001V,DE051C,2019,84760,,,DE051C,DE,,2019,population_total,"Population on 1 January, total"
A,DE1001V,DE051C,2020,84911,,,DE051C,DE,,2020,population_total,"Population on 1 January, total"
A,DE1001V,DE051C,2021,84446,,,DE051C,DE,,2021,population_total,"Population on 1 January, total"
A,DE1001V,DE051C,2022,84736,,,DE051C,DE,,2022,population_total,"Population on 1 January, total"
A,DE1001V,DE051C,2023,85859,,,DE051C,DE,,2023,population_total,"Population on 1 January, total"
A,DE1001V,DE052C,2015,77588,,,DE052C,DE,,2015,population_total,"Population on 1 January, total"
A,DE1001V,DE052C,2016,79197,,,DE052C,DE,,2016,population_total,"Population on 1 January, total"
A,DE1001V,DE052C,2017,79680,,,DE052C,DE,,2017,population_total,"Population on 1 January, total"
A,DE1001V,DE052C,2018,79335,,,DE052C,DE,,2018,population_total,"Population on 1 January, total"
A,DE1001V,DE052C,2019,79487,,,DE052C,DE,,2019,population_total,"Population on 1 January, total"
A,DE1001V,DE052C,2020,80196,,,DE052C,DE,,2020,population_total,"Population on 1 January, total"
A,DE1001V,DE052C,2021,79905,,,DE052C,DE,,2021,population_total,"Population on 1 January, total"
A,DE1001V,DE052C,2022,79496,,,DE052C,DE,,2022,population_total,"Population on 1 January, total"
A,DE1001V,DE052C,2023,79502,,,DE052C,DE,,2023,population_total,"Population on 1 January, total"
A,DE1001V,DE053C,2015,71032,,,DE053C,DE,,2015,population_total,"Population on 1 January, total"
A,DE1001V,DE053C,2016,71574,,,DE053C,DE,,2016,population_total,"Population on 1 January, total"
A,DE1001V,DE053C,2017,71664,,,DE053C,DE,,2017,population_total,"Population on 1 January, total"
A,DE1001V,DE053C,2018,71886,,,DE053C,DE,,2018,population_total,"Population on 1 January, total"
A,DE1001V,DE053C,2019,72124,,,DE053C,DE,,2019,population_total,"Population on 1 January, total"
A,DE1001V,DE053C,2020,72184,,,DE053C,DE,,2020,population_total,"Population on 1 January, total"
A,DE1001V,DE053C,2021,72040,,,DE053C,DE,,2021,population_total,"Population on 1 January, total"
A,DE1001V,DE053C,2022,72461,,,DE053C,DE,,2022,population_total,"Population on 1 January, total"
A,DE1001V,DE053C,2023,73609,,,DE053C,DE,,2023,population_total,"Population on 1 January, total"
A,DE1001V,DE054C,2015,83280,,,DE054C,DE,,2015,population_total,"Population on 1 January, total"
A,DE1001V,DE054C,2016,84455,,,DE054C,DE,,2016,population_total,"Population on 1 January, total"
A,DE1001V,DE054C,2017,86543,,,DE054C,DE,,2017,population_total,"Population on 1 January, total"
A,DE1001V,DE054C,2018,87343,,,DE054C,DE,,2018,population_total,"Population on 1 January, total"
A,DE1001V,DE054C,2019,88546,,,DE054C,DE,,2019,population_total,"Population on 1 January, total"
A,DE1001V,DE054C,2020,89802,,,DE054C,DE,,2020,population_total,"Population on 1 January, total"
A,DE1001V,DE054C,2021,90131,,,DE054C,DE,,2021,population_total,"Population on 1 January, total"
A,DE1001V,DE054C,2022,91255,,,DE054C,DE,,2022,population_total,"Population on 1 January, total"
A,DE1001V,DE054C,2023,94146,,,DE054C,DE,,2023,population_total,"Population on 1 January, total"
A,DE1001V,DE055C,2015,72546,,,DE055C,DE,,2015,population_total,"Population on 1 January, total"
A,DE1001V,DE055C,2016,74072,,,DE055C,DE,,2016,population_total,"Population on 1 January, total"
A,DE1001V,DE055C,2017,74494,,,DE055C,DE,,2017,population_total,"Population on 1 January, total"
A,DE1001V,DE055C,2018,75192,,,DE055C,DE,,2018,population_total,"Population on 1 January, total"
A,DE1001V,DE055C,2019,75351,,,DE055C,DE,,2019,population_total,"Population on 1 January, total"
A,DE1001V,DE055C,2020,75711,,,DE055C,DE,,2020,population_total,"Population on 1 January, total"
A,DE1001V,DE055C,2021,75301,,,DE055C,DE,,2021,population_total,"Population on 1 January, total"
A,DE1001V,DE055C,2022,75599,,,DE055C,DE,,2022,population_total,"Population on 1 January, total"
A,DE1001V,DE055C,2023,76837,,,DE055C,DE,,2023,population_total,"Population on 1 January, total"
A,DE1001V,DE056C,2015,71601,,,DE056C,DE,,2015,population_total,"Population on 1 January, total"
A,DE1001V,DE056C,2016,72148,,,DE056C,DE,,2016,population_total,"Population on 1 January, total"
A,DE1001V,DE056C,2017,73065,,,DE056C,DE,,2017,population_total,"Population on 1 January, total"
A,DE1001V,DE056C,2018,73999,,,DE056C,DE,,2018,population_total,"Population on 1 January, total"
A,DE1001V,DE056C,2019,74657,,,DE056C,DE,,2019,population_total,"Population on 1 January, total"
A,DE1001V,DE056C,2020,74783,,,DE056C,DE,,2020,population_total,"Population on 1 January, total"
A,DE1001V,DE056C,2021,74048,,,DE056C,DE,,2021,population_total,"Population on 1 January, total"
A,DE1001V,DE056C,2022,73909,,,DE056C,DE,,2022,population_total,"Population on 1 January, total"
A,DE1001V,DE056C,2023,74506,,,DE056C,DE,,2023,population_total,"Population on 1 January, total"
A,DE1001V,DE057C,2015,68721,,,DE057C,DE,,2015,population_total,"Population on 1 January, total"
A,DE1001V,DE057C,2016,69748,,,DE057C,DE,,2016,population_total,"Population on 1 January, total"
A,DE1001V,DE057C,2017,69561,,,DE057C,DE,,2017,population_total,"Population on 1 January, total"
A,DE1001V,DE057C,2018,69706,,,DE057C,DE,,2018,population_total,"Population on 1 January, total"
A,DE1001V,DE057C,2019,69602,,,DE057C,DE,,2019,population_total,"Population on 1 January, total"
A,DE1001V,DE057C,2020,69540,,,DE057C,DE,,2020,population_total,"Population on 1 January, total"
A,DE1001V,DE057C,2021,69399,,,DE057C,DE,,2021,population_total,"Population on 1 January, total"
A,DE1001V,DE057C,2022,69279,,,DE057C,DE,,2022,population_total,"Population on 1 January, total"
A,DE1001V,DE057C,2023,70138,,,DE057C,DE,,2023,population_total,"Population on 1 January, total"
A,DE1001V,DE058C,2015,68167,,,DE058C,DE,,2015,population_total,"Population on 1 January, total"
A,DE1001V,DE058C,2016,68986,,,DE058C,DE,,2016,population_total,"Population on 1 January, total"
A,DE1001V,DE058C,2017,69187,,,DE058C,DE,,2017,population_total,"Population on 1 January, total"
A,DE1001V,DE058C,2018,69928,,,DE058C,DE,,2018,population_total,"Population on 1 January, total"
A,DE1001V,DE058C,2019,70527,,,DE058C,DE,,2019,population_total,"Population on 1 January, total"
A,DE1001V,DE058C,2020,71002,,,DE058C,DE,,2020,population_total,"Population on 1 January, total"
A,DE1001V,DE058C,2021,70858,,,DE058C,DE,,2021,population_total,"Population on 1 January, total"
A,DE1001V,DE058C,2022,71381,,,DE058C,DE,,2022,population_total,"Population on 1 January, total"
A,DE1001V,DE058C,2023,72444,,,DE058C,DE,,2023,population_total,"Population on 1 January, total"
A,DE1001V,DE059C,2015,71952,,,DE059C,DE,,2015,population_total,"Population on 1 January, total"
A,DE1001V,DE059C,2016,73331,,,DE059C,DE,,2016,population_total,"Population on 1 January, total"
A,DE1001V,DE059C,2017,75743,,,DE059C,DE,,2017,population_total,"Population on 1 January, total"
A,DE1001V,DE059C,2018,77179,,,DE059C,DE,,2018,population_total,"Population on 1 January, total"
A,DE1001V,DE059C,2019,77592,,,DE059C,DE,,2019,population_total,"Population on 1 January, total"
A,DE1001V,DE059C,2020,77373,,,DE059C,DE,,2020,population_total,"Population on 1 January, total"
A,DE1001V,DE059C,2021,76674,,,DE059C,DE,,2021,population_total,"Population on 1 January, total"
A,DE1001V,DE059C,2022,77749,,,DE059C,DE,,2022,population_total,"Population on 1 January, total"
A,DE1001V,DE059C,2023,79935,,,DE059C,DE,,2023,population_total,"Population on 1 January, total"
A,DE1001V,DE060C,2015,64077,,,DE060C,DE,,2015,population_total,"Population on 1 January, total"
A,DE1001V,DE060C,2016,65201,,,DE060C,DE,,2016,population_total,"Population on 1 January, total"
A,DE1001V,DE060C,2017,65049,,,DE060C,DE,,2017,population_total,"Population on 1 January, total"
A,DE1001V,DE060C,2018,65148,,,DE060C,DE,,2018,population_total,"Population on 1 January, total"
A,DE1001V,DE060C,2019,64931,,,DE060C,DE,,2019,population_total,"Population on 1 January, total"
A,DE1001V,DE060C,2020,64597,,,DE060C,DE,,2020,population_total,"Population on 1 January, total"
A,DE1001V,DE060C,2021,64014,,,DE060C,DE,,2021,population_total,"Population on 1 January, total"
A,DE1001V,DE060C,2022,63372,,,DE060C,DE,,2022,population_total,"Population on 1 January, total"
A,DE1001V,DE060C,2023,64763,,,DE060C,DE,,2023,population_total,"Population on 1 January, total"
A,DE1001V,DE061C,2015,63311,,,DE061C,DE,,2015,population_total,"Population on 1 January, total"
A,DE1001V,DE061C,2016,63602,,,DE061C,DE,,2016,population_total,"Population on 1 January, total"
A,DE1001V,DE061C,2017,63794,,,DE061C,DE,,2017,population_total,"Population on 1 January, total"
A,DE1001V,DE061C,2018,64259,,,DE061C,DE,,2018,population_total,"Population on 1 January, total"
A,DE1001V,DE061C,2019,64086,,,DE061C,DE,,2019,population_total,"Population on 1 January, total"
A,DE1001V,DE061C,2020,63761,,,DE061C,DE,,2020,population_total,"Population on 1 January, total"
A,DE1001V,DE061C,2021,63372,,,DE061C,DE,,2021,population_total,"Population on 1 January, total"
A,DE1001V,DE061C,2022,63043,,,DE061C,DE,,2022,population_total,"Population on 1 January, total"
A,DE1001V,DE061C,2023,63989,,,DE061C,DE,,2023,population_total,"Population on 1 January, total"
A,DE1001V,DE062C,2015,65540,,,DE062C,DE,,2015,population_total,"Population on 1 January, total"
A,DE1001V,DE062C,2016,67253,,,DE062C,DE,,2016,population_total,"Population on 1 January, total"
A,DE1001V,DE062C,2017,67466,,,DE062C,DE,,2017,population_total,"Population on 1 January, total"
A,DE1001V,DE062C,2018,67973,,,DE062C,DE,,2018,population_total,"Population on 1 January, total"
A,DE1001V,DE062C,2019,68586,,,DE062C,DE,,2019,population_total,"Population on 1 January, total"
A,DE1001V,DE062C,2020,68635,,,DE062C,DE,,2020,population_total,"Population on 1 January, total"
A,DE1001V,DE062C,2021,67980,,,DE062C,DE,,2021,population_total,"Population on 1 January, total"
A,DE1001V,DE062C,2022,68462,,,DE062C,DE,,2022,population_total,"Population on 1 January, total"
A,DE1001V,DE062C,2023,69968,,,DE062C,DE,,2023,population_total,"Population on 1 January, total"
A,DE1001V,DE063C,2015,65624,,,DE063C,DE,,2015,population_total,"Population on 1 January, total"
A,DE1001V,DE063C,2016,66947,,,DE063C,DE,,2016,population_total,"Population on 1 January, total"
A,DE1001V,DE063C,2017,67529,,,DE063C,DE,,2017,population_total,"Population on 1 January, total"
A,DE1001V,DE063C,2018,68330,,,DE063C,DE,,2018,population_total,"Population on 1 January, total"
A,DE1001V,DE063C,2019,68907,,,DE063C,DE,,2019,population_total,"Population on 1 January, total"
A,DE1001V,DE063C,2020,69151,,,DE063C,DE,,2020,population_total,"Population on 1 January, total"
A,DE1001V,DE063C,2021,68940,,,DE063C,DE,,2021,population_total,"Population on 1 January, total"
A,DE1001V,DE063C,2022,69053,,,DE063C,DE,,2022,population_total,"Population on 1 January, total"
A,DE1001V,DE063C,2023,70056,,,DE063C,DE,,2023,population_total,"Population on 1 January, total"
A,DE1001V,DE064C,2015,67509,,,DE064C,DE,,2015,population_total,"Population on 1 January, total"
A,DE1001V,DE064C,2016,69211,,,DE064C,DE,,2016,population_total,"Population on 1 January, total"
A,DE1001V,DE064C,2017,70025,,,DE064C,DE,,2017,population_total,"Population on 1 January, total"
A,DE1001V,DE064C,2018,71193,,,DE064C,DE,,2018,population_total,"Population on 1 January, total"
A,DE1001V,DE064C,2019,72404,,,DE064C,DE,,2019,population_total,"Population on 1 January, total"
A,DE1001V,DE064C,2020,73411,,,DE064C,DE,,2020,population_total,"Population on 1 January, total"
A,DE1001V,DE064C,2021,73065,,,DE064C,DE,,2021,population_total,"Population on 1 January, total"
A,DE1001V,DE064C,2022,73150,,,DE064C,DE,,2022,population_total,"Population on 1 January, total"
A,DE1001V,DE064C,2023,75457,,,DE064C,DE,,2023,population_total,"Population on 1 January, total"
A,DE1001V,DE065C,2015,62215,,,DE065C,DE,,2015,population_total,"Population on 1 January, total"
A,DE1001V,DE065C,2016,63971,,,DE065C,DE,,2016,population_total,"Population on 1 January, total"
A,DE1001V,DE065C,2017,64159,,,DE065C,DE,,2017,population_total,"Population on 1 January, total"
A,DE1001V,DE065C,2018,64599,,,DE065C,DE,,2018,population_total,"Population on 1 January, total"
A,DE1001V,DE065C,2019,64858,,,DE065C,DE,,2019,population_total,"Population on 1 January, total"
A,DE1001V,DE065C,2020,64905,,,DE065C,DE,,2020,population_total,"Population on 1 January, total"
A,DE1001V,DE065C,2021,64595,,,DE065C,DE,,2021,population_total,"Population on 1 January, total"
A,DE1001V,DE065C,2022,64151,,,DE065C,DE,,2022,population_total,"Population on 1 January, total"
A,DE1001V,DE065C,2023,64995,,,DE065C,DE,,2023,population_total,"Population on 1 January, total"
A,DE1001V,DE066C,2015,60889,,,DE066C,DE,,2015,population_total,"Population on 1 January, total"
A,DE1001V,DE066C,2016,61844,,,DE066C,DE,,2016,population_total,"Population on 1 January, total"
A,DE1001V,DE066C,2017,62672,,,DE066C,DE,,2017,population_total,"Population on 1 January, total"
A,DE1001V,DE066C,2018,63080,,,DE066C,DE,,2018,population_total,"Population on 1 January, total"
A,DE1001V,DE066C,2019,63324,,,DE066C,DE,,2019,population_total,"Population on 1 January, total"
A,DE1001V,DE066C,2020,63551,,,DE066C,DE,,2020,population_total,"Population on 1 January, total"
A,DE1001V,DE066C,2021,63591,,,DE066C,DE,,2021,population_total,"Population on 1 January, total"
A,DE1001V,DE066C,2022,63508,,,DE066C,DE,,2022,population_total,"Population on 1 January, total"
A,DE1001V,DE066C,2023,64403,,,DE066C,DE,,2023,population_total,"Population on 1 January, total"
A,DE1001V,DE067C,2015,47724,,,DE067C,DE,,2015,population_total,"Population on 1 January, total"
A,DE1001V,DE067C,2016,48363,,,DE067C,DE,,2016,population_total,"Population on 1 January, total"
A,DE1001V,DE067C,2017,48445,,,DE067C,DE,,2017,population_total,"Population on 1 January, total"
A,DE1001V,DE067C,2018,48417,,,DE067C,DE,,2018,population_total,"Population on 1 January, total"
A,DE1001V,DE067C,2019,48561,,,DE067C,DE,,2019,population_total,"Population on 1 January, total"
A,DE1001V,DE067C,2020,48762,,,DE067C,DE,,2020,population_total,"Population on 1 January, total"
A,DE1001V,DE067C,2021,48750,,,DE067C,DE,,2021,population_total,"Population on 1 January, total"
A,DE1001V,DE067C,2022,48773,,,DE067C,DE,,2022,population_total,"Population on 1 January, total"
A,DE1001V,DE067C,2023,49051,,,DE067C,DE,,2023,population_total,"Population on 1 January, total"
A,DE1001V,DE068C,2015,57525,,,DE068C,DE,,2015,population_total,"Population on 1 January, total"
A,DE1001V,DE068C,2016,58041,,,DE068C,DE,,2016,population_total,"Population on 1 January, total"
A,DE1001V,DE068C,2017,59101,,,DE068C,DE,,2017,population_total,"Population on 1 January, total"
A,DE1001V,DE068C,2018,59517,,,DE068C,DE,,2018,population_total,"Population on 1 January, total"
A,DE1001V,DE068C,2019,59421,,,DE068C,DE,,2019,population_total,"Population on 1 January, total"
A,DE1001V,DE068C,2020,59418,,,DE068C,DE,,2020,population_total,"Population on 1 January, total"
A,DE1001V,DE068C,2021,59205,,,DE068C,DE,,2021,population_total,"Population on 1 January, total"
A,DE1001V,DE068C,2022,59171,,,DE068C,DE,,2022,population_total,"Population on 1 January, total"
A,DE1001V,DE068C,2023,59363,,,DE068C,DE,,2023,population_total,"Population on 1 January, total"
A,DE1001V,DE069C,2015,58350,,,DE069C,DE,,2015,population_total,"Population on 1 January, total"
A,DE1001V,DE069C,2016,59108,,,DE069C,DE,,2016,population_total,"Population on 1 January, total"
A,DE1001V,DE069C,2017,59611,,,DE069C,DE,,2017,population_total,"Population on 1 January, total"
A,DE1001V,DE069C,2018,60088,,,DE069C,DE,,2018,population_total,"Population on 1 January, total"
A,DE1001V,DE069C,2019,60865,,,DE069C,DE,,2019,population_total,"Population on 1 January, total"
A,DE1001V,DE069C,2020,61283,,,DE069C,DE,,2020,population_total,"Population on 1 January, total"
A,DE1001V,DE069C,2021,61221,,,DE069C,DE,,2021,population_total,"Population on 1 January, total"
A,DE1001V,DE069C,2022,61561,,,DE069C,DE,,2022,population_total,"Population on 1 January, total"
A,DE1001V,DE069C,2023,62932,,,DE069C,DE,,2023,population_total,"Population on 1 January, total"
A,DE1001V,DE070C,2015,57687,,,DE070C,DE,,2015,population_total,"Population on 1 January, total"
A,DE1001V,DE070C,2016,58465,,,DE070C,DE,,2016,population_total,"Population on 1 January, total"
A,DE1001V,DE070C,2017,58736,,,DE070C,DE,,2017,population_total,"Population on 1 January, total"
A,DE1001V,DE070C,2018,59060,,,DE070C,DE,,2018,population_total,"Population on 1 January, total"
A,DE1001V,DE070C,2019,59646,,,DE070C,DE,,2019,population_total,"Population on 1 January, total"
A,DE1001V,DE070C,2020,59967,,,DE070C,DE,,2020,population_total,"Population on 1 January, total"
A,DE1001V,DE070C,2021,60388,,,DE070C,DE,,2021,population_total,"Population on 1 January, total"
A,DE1001V,DE070C,2022,60857,,,DE070C,DE,,2022,population_total,"Population on 1 January, total"
A,DE1001V,DE070C,2023,61670,,,DE070C,DE,,2023,population_total,"Population on 1 January, total"
A,DE1001V,DE071C,2015,54193,,,DE071C,DE,,2015,population_total,"Population on 1 January, total"
A,DE1001V,DE071C,2016,55255,,,DE071C,DE,,2016,population_total,"Population on 1 January, total"
A,DE1001V,DE071C,2017,55904,,,DE071C,DE,,2017,population_total,"Population on 1 January, total"
A,DE1001V,DE071C,2018,56391,,,DE071C,DE,,2018,population_total,"Population on 1 January, total"
A,DE1001V,DE071C,2019,56324,,,DE071C,DE,,2019,population_total,"Population on 1 January, total"
A,DE1001V,DE071C,2020,55980,,,DE071C,DE,,2020,population_total,"Population on 1 January, total"
A,DE1001V,DE071C,2021,55784,,,DE071C,DE,,2021,population_total,"Population on 1 January, total"
A,DE1001V,DE071C,2022,55519,,,DE071C,DE,,2022,population_total,"Population on 1 January, total"
A,DE1001V,DE071C,2023,56574,,,DE071C,DE,,2023,population_total,"Population on 1 January, total"
A,DE1001V,DE072C,2015,54631,,,DE072C,DE,,2015,population_total,"Population on 1 January, total"
A,DE1001V,DE072C,2016,55709,,,DE072C,DE,,2016,population_total,"Population on 1 January, total"
A,DE1001V,DE072C,2017,56115,,,DE072C,DE,,2017,population_total,"Population on 1 January, total"
A,DE1001V,DE072C,2018,55873,,,DE072C,DE,,2018,population_total,"Population on 1 January, total"
A,DE1001V,DE072C,2019,55767,,,DE072C,DE,,2019,population_total,"Population on 1 January, total"
A,DE1001V,DE072C,2020,55847,,,DE072C,DE,,2020,population_total,"Population on 1 January, total"
A,DE1001V,DE072C,2021,55590,,,DE072C,DE,,2021,population_total,"Population on 1 January, total"
A,DE1001V,DE072C,2022,55563,,,DE072C,DE,,2022,population_total,"Population on 1 January, total"
A,DE1001V,DE072C,2023,56369,,,DE072C,DE,,2023,population_total,"Population on 1 January, total"
A,DE1001V,DE073C,2015,55689,,,DE073C,DE,,2015,population_total,"Population on 1 January, total"
A,DE1001V,DE073C,2016,57237,,,DE073C,DE,,2016,population_total,"Population on 1 January, total"
A,DE1001V,DE073C,2017,56978,,,DE073C,DE,,2017,population_total,"Population on 1 January, total"
A,DE1001V,DE073C,2018,57727,,,DE073C,DE,,2018,population_total,"Population on 1 January, total"
A,DE1001V,DE073C,2019,58707,,,DE073C,DE,,2019,population_total,"Population on 1 January, total"
A,DE1001V,DE073C,2020,58978,,,DE073C,DE,,2020,population_total,"Population on 1 January, total"
A,DE1001V,DE073C,2021,58841,,,DE073C,DE,,2021,population_total,"Population on 1 January, total"
A,DE1001V,DE073C,2022,59814,,,DE073C,DE,,2022,population_total,"Population on 1 January, total"
A,DE1001V,DE073C,2023,61043,,,DE073C,DE,,2023,population_total,"Population on 1 January, total"
A,DE1001V,DE074C,2015,51610,,,DE074C,DE,,2015,population_total,"Population on 1 January, total"
A,DE1001V,DE074C,2016,51969,,,DE074C,DE,,2016,population_total,"Population on 1 January, total"
A,DE1001V,DE074C,2017,52724,,,DE074C,DE,,2017,population_total,"Population on 1 January, total"
A,DE1001V,DE074C,2018,53437,,,DE074C,DE,,2018,population_total,"Population on 1 January, total"
A,DE1001V,DE074C,2019,54032,,,DE074C,DE,,2019,population_total,"Population on 1 January, total"
A,DE1001V,DE074C,2020,53426,,,DE074C,DE,,2020,population_total,"Population on 1 January, total"
A,DE1001V,DE074C,2021,53319,,,DE074C,DE,,2021,population_total,"Population on 1 January, total"
A,DE1001V,DE074C,2022,53585,,,DE074C,DE,,2022,population_total,"Population on 1 January, total"
A,DE1001V,DE074C,2023,54675,,,DE074C,DE,,2023,population_total,"Population on 1 January, total"
A,DE1001V,DE075C,2015,56685,,,DE075C,DE,,2015,population_total,"Population on 1 January, total"
A,DE1001V,DE075C,2016,57286,,,DE075C,DE,,2016,population_total,"Population on 1 January, total"
A,DE1001V,DE075C,2017,57985,,,DE075C,DE,,2017,population_total,"Population on 1 January, total"
A,DE1001V,DE075C,2018,58886,,,DE075C,DE,,2018,population_total,"Population on 1 January, total"
A,DE1001V,DE075C,2019,59382,,,DE075C,DE,,2019,population_total,"Population on 1 January, total"
A,DE1001V,DE075C,2020,59232,,,DE075C,DE,,2020,population_total,"Population on 1 January, total"
A,DE1001V,DE075C,2021,59282,,,DE075C,DE,,2021,population_total,"Population on 1 January, total"
A,DE1001V,DE075C,2022,59332,,,DE075C,DE,,2022,population_total,"Population on 1 January, total"
A,DE1001V,DE075C,2023,59691,,,DE075C,DE,,2023,population_total,"Population on 1 January, total"
A,DE1001V,DE076C,2015,51262,,,DE076C,DE,,2015,population_total,"Population on 1 January, total"
A,DE1001V,DE076C,2016,51649,,,DE076C,DE,,2016,population_total,"Population on 1 January, total"
A,DE1001V,DE076C,2017,52446,,,DE076C,DE,,2017,population_total,"Population on 1 January, total"
A,DE1001V,DE076C,2018,52828,,,DE076C,DE,,2018,population_total,"Population on 1 January, total"
A,DE1001V,DE076C,2019,52954,,,DE076C,DE,,2019,population_total,"Population on 1 January, total"
A,DE1001V,DE076C,2020,52955,,,DE076C,DE,,2020,population_total,"Population on 1 January, total"
A,DE1001V,DE076C,2021,53188,,,DE076C,DE,,2021,population_total,"Population on 1 January, total"
A,DE1001V,DE076C,2022,52969,,,DE076C,DE,,2022,population_total,"Population on 1 January, total"
A,DE1001V,DE076C,2023,54187,,,DE076C,DE,,2023,population_total,"Population on 1 January, total"
A,DE1001V,DE077C,2015,49855,,,DE077C,DE,,2015,population_total,"Population on 1 January, total"
A,DE1001V,DE077C,2016,50284,,,DE077C,DE,,2016,population_total,"Population on 1 January, total"
A,DE1001V,DE077C,2017,50551,,,DE077C,DE,,2017,population_total,"Population on 1 January, total"
A,DE1001V,DE077C,2018,50931,,,DE077C,DE,,2018,population_total,"Population on 1 January, total"
A,DE1001V,DE077C,2019,50378,,,DE077C,DE,,2019,population_total,"Population on 1 January, total"
A,DE1001V,DE077C,2020,50561,,,DE077C,DE,,2020,population_total,"Population on 1 January, total"
A,DE1001V,DE077C,2021,50741,,,DE077C,DE,,2021,population_total,"Population on 1 January, total"
A,DE1001V,DE077C,2022,50565,,,DE077C,DE,,2022,population_total,"Population on 1 January, total"
A,DE1001V,DE077C,2023,51368,,,DE077C,DE,,2023,population_total,"Population on 1 January, total"
A,DE1001V,DE078C,2015,49952,,,DE078C,DE,,2015,population_total,"Population on 1 January, total"
A,DE1001V,DE078C,2016,50566,,,DE078C,DE,,2016,population_total,"Population on 1 January, total"
A,DE1001V,DE078C,2017,51074,,,DE078C,DE,,2017,population_total,"Population on 1 January, total"
A,DE1001V,DE078C,2018,51781,,,DE078C,DE,,2018,population_total,"Population on 1 January, total"
A,DE1001V,DE078C,2019,52469,,,DE078C,DE,,2019,population_total,"Population on 1 January, total"
A,DE1001V,DE078C,2020,52803,,,DE078C,DE,,2020,population_total,"Population on 1 January, total"
A,DE1001V,DE078C,2021,52415,,,DE078C,DE,,2021,population_total,"Population on 1 January, total"
A,DE1001V,DE078C,2022,53093,,,DE078C,DE,,2022,population_total,"Population on 1 January, total"
A,DE1001V,DE078C,2023,53907,,,DE078C,DE,,2023,population_total,"Population on 1 January, total"
A,DE1001V,DE079C,2015,83061,,,DE079C,DE,,2015,population_total,"Population on 1 January, total"
A,DE1001V,DE079C,2016,82919,,,DE079C,DE,,2016,population_total,"Population on 1 January, total"
A,DE1001V,DE079C,2017,82505,,,DE079C,DE,,2017,population_total,"Population on 1 January, total"
A,DE1001V,DE079C,2018,82111,,,DE079C,DE,,2018,population_total,"Population on 1 January, total"
A,DE1001V,DE079C,2019,81237,,,DE079C,DE,,2019,population_total,"Population on 1 January, total"
A,DE1001V,DE079C,2020,80103,,,DE079C,DE,,2020,population_total,"Population on 1 January, total"
A,DE1001V,DE079C,2021,79354,,,DE079C,DE,,2021,population_total,"Population on 1 January, total"
A,DE1001V,DE079C,2022,78731,,,DE079C,DE,,2022,population_total,"Population on 1 January, total"
A,DE1001V,DE079C,2023,79655,,,DE079C,DE,,2023,population_total,"Population on 1 January, total"
A,DE1001V,DE080C,2015,485465,,,DE080C,DE,,2015,population_total,"Population on 1 January, total"
A,DE1001V,DE080C,2016,491231,,,DE080C,DE,,2016,population_total,"Population on 1 January, total"
A,DE1001V,DE080C,2017,499845,,,DE080C,DE,,2017,population_total,"Population on 1 January, total"
A,DE1001V,DE080C,2018,498110,,,DE080C,DE,,2018,population_total,"Population on 1 January, total"
A,DE1001V,DE080C,2019,498590,,,DE080C,DE,,2019,population_total,"Population on 1 January, total"
A,DE1001V,DE080C,2020,498686,,,DE080C,DE,,2020,population_total,"Population on 1 January, total"
A,DE1001V,DE080C,2021,495885,,,DE080C,DE,,2021,population_total,"Population on 1 January, total"
A,DE1001V,DE080C,2022,495152,,,DE080C,DE,,2022,population_total,"Population on 1 January, total"
A,DE1001V,DE080C,2023,502211,,,DE080C,DE,,2023,population_total,"Population on 1 January, total"
A,DE1001V,DE081C,2015,299844,,,DE081C,DE,,2015,population_total,"Population on 1 January, total"
A,DE1001V,DE081C,2016,305780,,,DE081C,DE,,2016,population_total,"Population on 1 January, total"
A,DE1001V,DE081C,2017,304781,,,DE081C,DE,,2017,population_total,"Population on 1 January, total"
A,DE1001V,DE081C,2018,307997,,,DE081C,DE,,2018,population_total,"Population on 1 January, total"
A,DE1001V,DE081C,2019,309370,,,DE081C,DE,,2019,population_total,"Population on 1 January, total"
A,DE1001V,DE081C,2020,310658,,,DE081C,DE,,2020,population_total,"Population on 1 January, total"
A,DE1001V,DE081C,2021,309721,,,DE081C,DE,,2021,population_total,"Population on 1 January, total"
A,DE1001V,DE081C,2022,311831,,,DE081C,DE,,2022,population_total,"Population on 1 January, total"
A,DE1001V,DE081C,2023,315554,,,DE081C,DE,,2023,population_total,"Population on 1 January, total"
A,DE1001V,DE082C,2015,257651,,,DE082C,DE,,2015,population_total,"Population on 1 January, total"
A,DE1001V,DE082C,2016,260368,,,DE082C,DE,,2016,population_total,"Population on 1 January, total"
A,DE1001V,DE082C,2017,262528,,,DE082C,DE,,2017,population_total,"Population on 1 January, total"
A,DE1001V,DE082C,2018,260305,,,DE082C,DE,,2018,population_total,"Population on 1 January, total"
A,DE1001V,DE082C,2019,260654,,,DE082C,DE,,2019,population_total,"Population on 1 January, total"
A,DE1001V,DE082C,2020,259645,,,DE082C,DE,,2020,population_total,"Population on 1 January, total"
A,DE1001V,DE082C,2021,259105,,,DE082C,DE,,2021,population_total,"Population on 1 January, total"
A,DE1001V,DE082C,2022,260126,,,DE082C,DE,,2022,population_total,"Population on 1 January, total"
A,DE1001V,DE082C,2023,263000,,,DE082C,DE,,2023,population_total,"Population on 1 January, total"
A,DE1001V,DE083C,2015,302178,,,DE083C,DE,,2015,population_total,"Population on 1 January, total"
A,DE1001V,DE083C,2016,310039,,,DE083C,DE,,2016,population_total,"Population on 1 January, total"
A,DE1001V,DE083C,2017,311846,,,DE083C,DE,,2017,population_total,"Population on 1 January, total"
A,DE1001V,DE083C,2018,313559,,,DE083C,DE,,2018,population_total,"Population on 1 January, total"
A,DE1001V,DE083C,2019,314319,,,DE083C,DE,,2019,population_total,"Population on 1 January, total"
A,DE1001V,DE083C,2020,315293,,,DE083C,DE,,2020,population_total,"Population on 1 January, total"
A,DE1001V,DE083C,2021,316403,,,DE083C,DE,,2021,population_total,"Population on 1 January, total"
A,DE1001V,DE083C,2022,317713,,,DE083C,DE,,2022,population_total,"Population on 1 January, total"
A,DE1001V,DE083C,2023,320946,,,DE083C,DE,,2023,population_total,"Population on 1 January, total"
A,DE1001V,DE084C,2015,243521,,,DE084C,DE,,2015,population_total,"Population on 1 January, total"
A,DE1001V,DE084C,2016,248645,,,DE084C,DE,,2016,population_total,"Population on 1 January, total"
A,DE1001V,DE084C,2017,246353,,,DE084C,DE,,2017,population_total,"Population on 1 January, total"
A,DE1001V,DE084C,2018,246855,,,DE084C,DE,,2018,population_total,"Population on 1 January, total"
A,DE1001V,DE084C,2019,247237,,,DE084C,DE,,2019,population_total,"Population on 1 January, total"
A,DE1001V,DE084C,2020,246334,,,DE084C,DE,,2020,population_total,"Population on 1 January, total"
A,DE1001V,DE084C,2021,244401,,,DE084C,DE,,2021,population_total,"Population on 1 January, total"
A,DE1001V,DE084C,2022,243105,,,DE084C,DE,,2022,population_total,"Population on 1 January, total"
A,DE1001V,DE084C,2023,248563,,,DE084C,DE,,2023,population_total,"Population on 1 January, total"
A,DE1001V,DE085C,2015,248502,,,DE085C,DE,,2015,population_total,"Population on 1 January, total"
A,DE1001V,DE085C,2016,251364,,,DE085C,DE,,2016,population_total,"Population on 1 January, total"
A,DE1001V,DE085C,2017,248667,,,DE085C,DE,,2017,population_total,"Population on 1 January, total"
A,DE1001V,DE085C,2018,248023,,,DE085C,DE,,2018,population_total,"Population on 1 January, total"
A,DE1001V,DE085C,2019,248292,,,DE085C,DE,,2019,population_total,"Population on 1 January, total"
A,DE1001V,DE085C,2020,249406,,,DE085C,DE,,2020,population_total,"Population on 1 January, total"
A,DE1001V,DE085C,2021,248561,,,DE085C,DE,,2021,population_total,"Population on 1 January, total"
A,DE1001V,DE085C,2022,248823,,,DE085C,DE,,2022,population_total,"Population on 1 January, total"
A,DE1001V,DE085C,2023,251804,,,DE085C,DE,,2023,population_total,"Population on 1 January, total"
A,DE1001V,DE086C,2015,243336,,,DE086C,DE,,2015,population_total,"Population on 1 January, total"
A,DE1001V,DE086C,2016,245885,,,DE086C,DE,,2016,population_total,"Population on 1 January, total"
A,DE1001V,DE086C,2017,244951,,,DE086C,DE,,2017,population_total,"Population on 1 January, total"
A,DE1001V,DE086C,2018,246272,,,DE086C,DE,,2018,population_total,"Population on 1 January, total"
A,DE1001V,DE086C,2019,247380,,,DE086C,DE,,2019,population_total,"Population on 1 January, total"
A,DE1001V,DE086C,2020,248960,,,DE086C,DE,,2020,population_total,"Population on 1 January, total"
A,DE1001V,DE086C,2021,248878,,,DE086C,DE,,2021,population_total,"Population on 1 January, total"
A,DE1001V,DE086C,2022,249070,,,DE086C,DE,,2022,population_total,"Population on 1 January, total"
A,DE1001V,DE086C,2023,252136,,,DE086C,DE,,2023,population_total,"Population on 1 January, total"
A,DE1001V,DE087C,2015,222500,,,DE087C,DE,,2015,population_total,"Population on 1 January, total"
A,DE1001V,DE087C,2016,225144,,,DE087C,DE,,2016,population_total,"Population on 1 January, total"
A,DE1001V,DE087C,2017,226812,,,DE087C,DE,,2017,population_total,"Population on 1 January, total"
A,DE1001V,DE087C,2018,226699,,,DE087C,DE,,2018,population_total,"Population on 1 January, total"
A,DE1001V,DE087C,2019,227020,,,DE087C,DE,,2019,population_total,"Population on 1 January, total"
A,DE1001V,DE087C,2020,227417,,,DE087C,DE,,2020,population_total,"Population on 1 January, total"
A,DE1001V,DE087C,2021,226844,,,DE087C,DE,,2021,population_total,"Population on 1 January, total"
A,DE1001V,DE087C,2022,227050,,,DE087C,DE,,2022,population_total,"Population on 1 January, total"
A,DE1001V,DE087C,2023,228426,,,DE087C,DE,,2023,population_total,"Population on 1 January, total"
A,DE1001V,DE088C,2015,209292,,,DE088C,DE,,2015,population_total,"Population on 1 January, total"
A,DE1001V,DE088C,2016,210934,,,DE088C,DE,,2016,population_total,"Population on 1 January, total"
A,DE1001V,DE088C,2017,211382,,,DE088C,DE,,2017,population_total,"Population on 1 January, total"
A,DE1001V,DE088C,2018,211422,,,DE088C,DE,,2018,population_total,"Population on 1 January, total"
A,DE1001V,DE088C,2019,210829,,,DE088C,DE,,2019,population_total,"Population on 1 January, total"
A,DE1001V,DE088C,2020,210764,,,DE088C,DE,,2020,population_total,"Population on 1 January, total"
A,DE1001V,DE088C,2021,209566,,,DE088C,DE,,2021,population_total,"Population on 1 January, total"
A,DE1001V,DE088C,2022,208752,,,DE088C,DE,,2022,population_total,"Population on 1 January, total"
A,DE1001V,DE088C,2023,210824,,,DE088C,DE,,2023,population_total,"Population on 1 January, total"
A,DE1001V,DE089C,2015,214420,,,DE089C,DE,,2015,population_total,"Population on 1 January, total"
A,DE1001V,DE089C,2016,216253,,,DE089C,DE,,2016,population_total,"Population on 1 January, total"
A,DE1001V,DE089C,2017,216712,,,DE089C,DE,,2017,population_total,"Population on 1 January, total"
A,DE1001V,DE089C,2018,216318,,,DE089C,DE,,2018,population_total,"Population on 1 January, total"
A,DE1001V,DE089C,2019,217198,,,DE089C,DE,,2019,population_total,"Population on 1 January, total"
A,DE1001V,DE089C,2020,216530,,,DE089C,DE,,2020,population_total,"Population on 1 January, total"
A,DE1001V,DE089C,2021,215846,,,DE089C,DE,,2021,population_total,"Population on 1 January, total"
A,DE1001V,DE089C,2022,216277,,,DE089C,DE,,2022,population_total,"Population on 1 January, total"
A,DE1001V,DE089C,2023,218095,,,DE089C,DE,,2023,population_total,"Population on 1 January, total"
A,DE1001V,DE090C,2015,186716,,,DE090C,DE,,2015,population_total,"Population on 1 January, total"
A,DE1001V,DE090C,2016,189044,,,DE090C,DE,,2016,population_total,"Population on 1 January, total"
A,DE1001V,DE090C,2017,188266,,,DE090C,DE,,2017,population_total,"Population on 1 January, total"
A,DE1001V,DE090C,2018,187730,,,DE090C,DE,,2018,population_total,"Population on 1 January, total"
A,DE1001V,DE090C,2019,188814,,,DE090C,DE,,2019,population_total,"Population on 1 January, total"
A,DE1001V,DE090C,2020,188686,,,DE090C,DE,,2020,population_total,"Population on 1 January, total"
A,DE1001V,DE090C,2021,188687,,,DE090C,DE,,2021,population_total,"Population on 1 January, total"
A,DE1001V,DE090C,2022,188713,,,DE090C,DE,,2022,population_total,"Population on 1 January, total"
A,DE1001V,DE090C,2023,189783,,,DE090C,DE,,2023,population_total,"Population on 1 January, total"
A,DE1001V,DE091C,2015,194747,,,DE091C,DE,,2015,population_total,"Population on 1 January, total"
A,DE1001V,DE091C,2016,197984,,,DE091C,DE,,2016,population_total,"Population on 1 January, total"
A,DE1001V,DE091C,2017,199062,,,DE091C,DE,,2017,population_total,"Population on 1 January, total"
A,DE1001V,DE091C,2018,200736,,,DE091C,DE,,2018,population_total,"Population on 1 January, total"
A,DE1001V,DE091C,2019,201585,,,DE091C,DE,,2019,population_total,"Population on 1 January, total"
A,DE1001V,DE091C,2020,202137,,,DE091C,DE,,2020,population_total,"Population on 1 January, total"
A,DE1001V,DE091C,2021,201048,,,DE091C,DE,,2021,population_total,"Population on 1 January, total"
A,DE1001V,DE091C,2022,200406,,,DE091C,DE,,2022,population_total,"Population on 1 January, total"
A,DE1001V,DE091C,2023,204202,,,DE091C,DE,,2023,population_total,"Population on 1 January, total"
A,DE1001V,DE092C,2015,176580,,,DE092C,DE,,2015,population_total,"Population on 1 January, total"
A,DE1001V,DE092C,2016,179397,,,DE092C,DE,,2016,population_total,"Population on 1 January, total"
A,DE1001V,DE092C,2017,179571,,,DE092C,DE,,2017,population_total,"Population on 1 January, total"
A,DE1001V,DE092C,2018,179185,,,DE092C,DE,,2018,population_total,"Population on 1 January, total"
A,DE1001V,DE092C,2019,179111,,,DE092C,DE,,2019,population_total,"Population on 1 January, total"
A,DE1001V,DE092C,2020,179916,,,DE092C,DE,,2020,population_total,"Population on 1 January, total"
A,DE1001V,DE092C,2021,178967,,,DE092C,DE,,2021,population_total,"Population on 1 January, total"
A,DE1001V,DE092C,2022,179238,,,DE092C,DE,,2022,population_total,"Population on 1 January, total"
A,DE1001V,DE092C,2023,180849,,,DE092C,DE,,2023,population_total,"Population on 1 January, total"
A,DE1001V,DE093C,2015,154608,,,DE093C,DE,,2015,population_total,"Population on 1 January, total"
A,DE1001V,DE093C,2016,155851,,,DE093C,DE,,2016,population_total,"Population on 1 January, total"
A,DE1001V,DE093C,2017,156774,,,DE093C,DE,,2017,population_total,"Population on 1 January, total"
A,DE1001V,DE093C,2018,156490,,,DE093C,DE,,2018,population_total,"Population on 1 January, total"
A,DE1001V,DE093C,2019,156374,,,DE093C,DE,,2019,population_total,"Population on 1 January, total"
A,DE1001V,DE093C,2020,156449,,,DE093C,DE,,2020,population_total,"Population on 1 January, total"
A,DE1001V,DE093C,2021,156940,,,DE093C,DE,,2021,population_total,"Population on 1 January, total"
A,DE1001V,DE093C,2022,156621,,,DE093C,DE,,2022,population_total,"Population on 1 January, total"
A,DE1001V,DE093C,2023,157368,,,DE093C,DE,,2023,population_total,"Population on 1 January, total"
A,DE1001V,DE094C,2015,156771,,,DE094C,DE,,2015,population_total,"Population on 1 January, total"
A,DE1001V,DE094C,2016,158726,,,DE094C,DE,,2016,population_total,"Population on 1 January, total"
A,DE1001V,DE094C,2017,158908,,,DE094C,DE,,2017,population_total,"Population on 1 January, total"
A,DE1001V,DE094C,2018,158803,,,DE094C,DE,,2018,population_total,"Population on 1 January, total"
A,DE1001V,DE094C,2019,159360,,,DE094C,DE,,2019,population_total,"Population on 1 January, total"
A,DE1001V,DE094C,2020,159245,,,DE094C,DE,,2020,population_total,"Population on 1 January, total"
A,DE1001V,DE094C,2021,159193,,,DE094C,DE,,2021,population_total,"Population on 1 January, total"
A,DE1001V,DE094C,2022,158957,,,DE094C,DE,,2022,population_total,"Population on 1 January, total"
A,DE1001V,DE094C,2023,160643,,,DE094C,DE,,2023,population_total,"Population on 1 January, total"
A,DE1001V,DE095C,2015,156897,,,DE095C,DE,,2015,population_total,"Population on 1 January, total"
A,DE1001V,DE095C,2016,162403,,,DE095C,DE,,2016,population_total,"Population on 1 January, total"
A,DE1001V,DE095C,2017,164070,,,DE095C,DE,,2017,population_total,"Population on 1 January, total"
A,DE1001V,DE095C,2018,164374,,,DE095C,DE,,2018,population_total,"Population on 1 January, total"
A,DE1001V,DE095C,2019,164748,,,DE095C,DE,,2019,population_total,"Population on 1 January, total"
A,DE1001V,DE095C,2020,165251,,,DE095C,DE,,2020,population_total,"Population on 1 January, total"
A,DE1001V,DE095C,2021,164223,,,DE095C,DE,,2021,population_total,"Population on 1 January, total"
A,DE1001V,DE095C,2022,165034,,,DE095C,DE,,2022,population_total,"Population on 1 January, total"
A,DE1001V,DE095C,2023,167366,,,DE095C,DE,,2023,population_total,"Population on 1 January, total"
A,DE1001V,DE096C,2015,163832,,,DE096C,DE,,2015,population_total,"Population on 1 January, total"
A,DE1001V,DE096C,2016,164718,,,DE096C,DE,,2016,population_total,"Population on 1 January, total"
A,DE1001V,DE096C,2017,166621,,,DE096C,DE,,2017,population_total,"Population on 1 January, total"
A,DE1001V,DE096C,2018,168497,,,DE096C,DE,,2018,population_total,"Population on 1 January, total"
A,DE1001V,DE096C,2019,171061,,,DE096C,DE,,2019,population_total,"Population on 1 January, total"
A,DE1001V,DE096C,2020,172253,,,DE096C,DE,,2020,population_total,"Population on 1 January, total"
A,DE1001V,DE096C,2021,172557,,,DE096C,DE,,2021,population_total,"Population on 1 January, total"
A,DE1001V,DE096C,2022,172145,,,DE096C,DE,,2022,population_total,"Population on 1 January, total"
A,DE1001V,DE096C,2023,174265,,,DE096C,DE,,2023,population_total,"Population on 1 January, total"
A,DE1001V,DE097C,2015,161540,,,DE097C,DE,,2015,population_total,"Population on 1 January, total"
A,DE1001V,DE097C,2016,163487,,,DE097C,DE,,2016,population_total,"Population on 1 January, total"
A,DE1001V,DE097C,2017,163113,,,DE097C,DE,,2017,population_total,"Population on 1 January, total"
A,DE1001V,DE097C,2018,163577,,,DE097C,DE,,2018,population_total,"Population on 1 January, total"
A,DE1001V,DE097C,2019,163838,,,DE097C,DE,,2019,population_total,"Population on 1 January, total"
A,DE1001V,DE097C,2020,163729,,,DE097C,DE,,2020,population_total,"Population on 1 January, total"
A,DE1001V,DE097C,2021,163905,,,DE097C,DE,,2021,population_total,"Population on 1 January, total"
A,DE1001V,DE097C,2022,163851,,,DE097C,DE,,2022,population_total,"Population on 1 January, total"
A,DE1001V,DE097C,2023,165748,,,DE097C,DE,,2023,population_total,"Population on 1 January, total"
A,DE1001V,DE098C,2015,160907,,,DE098C,DE,,2015,population_total,"Population on 1 January, total"
A,DE1001V,DE098C,2016,163830,,,DE098C,DE,,2016,population_total,"Population on 1 January, total"
A,DE1001V,DE098C,2017,165711,,,DE098C,DE,,2017,population_total,"Population on 1 January, total"
A,DE1001V,DE098C,2018,167081,,,DE098C,DE,,2018,population_total,"Population on 1 January, total"
A,DE1001V,DE098C,2019,168210,,,DE098C,DE,,2019,population_total,"Population on 1 January, total"
A,DE1001V,DE098C,2020,169077,,,DE098C,DE,,2020,population_total,"Population on 1 January, total"
A,DE1001V,DE098C,2021,169605,,,DE098C,DE,,2021,population_total,"Population on 1 January, total"
A,DE1001V,DE098C,2022,170389,,,DE098C,DE,,2022,population_total,"Population on 1 January, total"
A,DE1001V,DE098C,2023,172830,,,DE098C,DE,,2023,population_total,"Population on 1 January, total"
A,DE1001V,DE099C,2015,152644,,,DE099C,DE,,2015,population_total,"Population on 1 January, total"
A,DE1001V,DE099C,2016,155414,,,DE099C,DE,,2016,population_total,"Population on 1 January, total"
A,DE1001V,DE099C,2017,152882,,,DE099C,DE,,2017,population_total,"Population on 1 January, total"
A,DE1001V,DE099C,2018,153810,,,DE099C,DE,,2018,population_total,"Population on 1 January, total"
A,DE1001V,DE099C,2019,153796,,,DE099C,DE,,2019,population_total,"Population on 1 January, total"
A,DE1001V,DE099C,2020,153896,,,DE099C,DE,,2020,population_total,"Population on 1 January, total"
A,DE1001V,DE099C,2021,153109,,,DE099C,DE,,2021,population_total,"Population on 1 January, total"
A,DE1001V,DE099C,2022,152731,,,DE099C,DE,,2022,population_total,"Population on 1 January, total"
A,DE1001V,DE099C,2023,154139,,,DE099C,DE,,2023,population_total,"Population on 1 January, total"
A,DE1001V,DE100C,2015,154715,,,DE100C,DE,,2015,population_total,"Population on 1 January, total"
A,DE1001V,DE100C,2016,156267,,,DE100C,DE,,2016,population_total,"Population on 1 January, total"
A,DE1001V,DE100C,2017,159914,,,DE100C,DE,,2017,population_total,"Population on 1 January, total"
A,DE1001V,DE100C,2018,160601,,,DE100C,DE,,2018,population_total,"Population on 1 January, total"
A,DE1001V,DE100C,2019,160355,,,DE100C,DE,,2019,population_total,"Population on 1 January, total"
A,DE1001V,DE100C,2020,161485,,,DE100C,DE,,2020,population_total,"Population on 1 January, total"
A,DE1001V,DE100C,2021,158741,,,DE100C,DE,,2021,population_total,"Population on 1 January, total"
A,DE1001V,DE100C,2022,159245,,,DE100C,DE,,2022,population_total,"Population on 1 January, total"
A,DE1001V,DE100C,2023,162273,,,DE100C,DE,,2023,population_total,"Population on 1 January, total"
A,DE1001V,DE101C,2015,145176,,,DE101C,DE,,2015,population_total,"Population on 1 January, total"
A,DE1001V,DE101C,2016,148126,,,DE101C,DE,,2016,population_total,"Population on 1 January, total"
A,DE1001V,DE101C,2017,148677,,,DE101C,DE,,2017,population_total,"Population on 1 January, total"
A,DE1001V,DE101C,2018,149075,,,DE101C,DE,,2018,population_total,"Population on 1 January, total"
A,DE1001V,DE101C,2019,150580,,,DE101C,DE,,2019,population_total,"Population on 1 January, total"
A,DE1001V,DE101C,2020,151633,,,DE101C,DE,,2020,population_total,"Population on 1 January, total"
A,DE1001V,DE101C,2021,151864,,,DE101C,DE,,2021,population_total,"Population on 1 January, total"
A,DE1001V,DE101C,2022,152531,,,DE101C,DE,,2022,population_total,"Population on 1 January, total"
A,DE1001V,DE101C,2023,154755,,,DE101C,DE,,2023,population_total,"Population on 1 January, total"
A,DE1001V,DE102C,2015,124219,,,DE102C,DE,,2015,population_total,"Population on 1 January, total"
A,DE1001V,DE102C,2016,124873,,,DE102C,DE,,2016,population_total,"Population on 1 January, total"
A,DE1001V,DE102C,2017,126010,,,DE102C,DE,,2017,population_total,"Population on 1 January, total"
A,DE1001V,DE102C,2018,126635,,,DE102C,DE,,2018,population_total,"Population on 1 January, total"
A,DE1001V,DE102C,2019,127880,,,DE102C,DE,,2019,population_total,"Population on 1 January, total"
A,DE1001V,DE102C,2020,127934,,,DE102C,DE,,2020,population_total,"Population on 1 January, total"
A,DE1001V,DE102C,2021,126954,,,DE102C,DE,,2021,population_total,"Population on 1 January, total"
A,DE1001V,DE102C,2022,126933,,,DE102C,DE,,2022,population_total,"Population on 1 January, total"
A,DE1001V,DE102C,2023,127810,,,DE102C,DE,,2023,population_total,"Population on 1 January, total"
A,DE1001V,DE103C,2015,114147,,,DE103C,DE,,2015,population_total,"Population on 1 January, total"
A,DE1001V,DE103C,2016,114330,,,DE103C,DE,,2016,population_total,"Population on 1 January, total"
A,DE1001V,DE103C,2017,114003,,,DE103C,DE,,2017,population_total,"Population on 1 January, total"
A,DE1001V,DE103C,2018,113360,,,DE103C,DE,,2018,population_total,"Population on 1 January, total"
A,DE1001V,DE103C,2019,112267,,,DE103C,DE,,2019,population_total,"Population on 1 January, total"
A,DE1001V,DE103C,2020,111397,,,DE103C,DE,,2020,population_total,"Population on 1 January, total"
A,DE1001V,DE103C,2021,110705,,,DE103C,DE,,2021,population_total,"Population on 1 January, total"
A,DE1001V,DE103C,2022,110714,,,DE103C,DE,,2022,population_total,"Population on 1 January, total"
A,DE1001V,DE103C,2023,111734,,,DE103C,DE,,2023,population_total,"Population on 1 January, total"
A,DE1001V,DE104C,2015,123027,,,DE104C,DE,,2015,population_total,"Population on 1 January, total"
A,DE1001V,DE104C,2016,124045,,,DE104C,DE,,2016,population_total,"Population on 1 January, total"
A,DE1001V,DE104C,2017,123909,,,DE104C,DE,,2017,population_total,"Population on 1 January, total"
A,DE1001V,DE104C,2018,123914,,,DE104C,DE,,2018,population_total,"Population on 1 January, total"
A,DE1001V,DE104C,2019,124151,,,DE104C,DE,,2019,population_total,"Population on 1 January, total"
A,DE1001V,DE104C,2020,124371,,,DE104C,DE,,2020,population_total,"Population on 1 January, total"
A,DE1001V,DE104C,2021,123840,,,DE104C,DE,,2021,population_total,"Population on 1 January, total"
A,DE1001V,DE104C,2022,123949,,,DE104C,DE,,2022,population_total,"Population on 1 January, total"
A,DE1001V,DE104C,2023,125961,,,DE104C,DE,,2023,population_total,"Population on 1 January, total"
A,DE1001V,DE105C,2015,110121,,,DE105C,DE,,2015,population_total,"Population on 1 January, total"
A,DE1001V,DE105C,2016,114025,,,DE105C,DE,,2016,population_total,"Population on 1 January, total"
A,DE1001V,DE105C,2017,113034,,,DE105C,DE,,2017,population_total,"Population on 1 January, total"
A,DE1001V,DE105C,2018,113026,,,DE105C,DE,,2018,population_total,"Population on 1 January, total"
A,DE1001V,DE105C,2019,113634,,,DE105C,DE,,2019,population_total,"Population on 1 January, total"
A,DE1001V,DE105C,2020,113643,,,DE105C,DE,,2020,population_total,"Population on 1 January, total"
A,DE1001V,DE105C,2021,113557,,,DE105C,DE,,2021,population_total,"Population on 1 January, total"
A,DE1001V,DE105C,2022,113173,,,DE105C,DE,,2022,population_total,"Population on 1 January, total"
A,DE1001V,DE105C,2023,115468,,,DE105C,DE,,2023,population_total,"Population on 1 January, total"
A,DE1001V,DE106C,2015,116017,,,DE106C,DE,,2015,population_total,"Population on 1 January, total"
A,DE1001V,DE106C,2016,117143,,,DE106C,DE,,2016,population_total,"Population on 1 January, total"
A,DE1001V,DE106C,2017,117409,,,DE106C,DE,,2017,population_total,"Population on 1 January, total"
A,DE1001V,DE106C,2018,117364,,,DE106C,DE,,2018,population_total,"Population on 1 January, total"
A,DE1001V,DE106C,2019,117383,,,DE106C,DE,,2019,population_total,"Population on 1 January, total"
A,DE1001V,DE106C,2020,117565,,,DE106C,DE,,2020,population_total,"Population on 1 January, total"
A,DE1001V,DE106C,2021,117388,,,DE106C,DE,,2021,population_total,"Population on 1 January, total"
A,DE1001V,DE106C,2022,117311,,,DE106C,DE,,2022,population_total,"Population on 1 January, total"
A,DE1001V,DE106C,2023,118113,,,DE106C,DE,,2023,population_total,"Population on 1 January, total"
A,DE1001V,DE107C,2015,119841,,,DE107C,DE,,2015,population_total,"Population on 1 January, total"
A,DE1001V,DE107C,2016,122567,,,DE107C,DE,,2016,population_total,"Population on 1 January, total"
A,DE1001V,DE107C,2017,123771,,,DE107C,DE,,2017,population_total,"Population on 1 January, total"
A,DE1001V,DE107C,2018,125113,,,DE107C,DE,,2018,population_total,"Population on 1 January, total"
A,DE1001V,DE107C,2019,125960,,,DE107C,DE,,2019,population_total,"Population on 1 January, total"
A,DE1001V,DE107C,2020,126592,,,DE107C,DE,,2020,population_total,"Population on 1 January, total"
A,DE1001V,DE107C,2021,126458,,,DE107C,DE,,2021,population_total,"Population on 1 January, total"
A,DE1001V,DE107C,2022,125613,,,DE107C,DE,,2022,population_total,"Population on 1 January, total"
A,DE1001V,DE107C,2023,128334,,,DE107C,DE,,2023,population_total,"Population on 1 January, total"
A,DE1001V,DE108C,2015,109009,,,DE108C,DE,,2015,population_total,"Population on 1 January, total"
A,DE1001V,DE108C,2016,109499,,,DE108C,DE,,2016,population_total,"Population on 1 January, total"
A,DE1001V,DE108C,2017,110611,,,DE108C,DE,,2017,population_total,"Population on 1 January, total"
A,DE1001V,DE108C,2018,110584,,,DE108C,DE,,2018,population_total,"Population on 1 January, total"
A,DE1001V,DE108C,2019,110994,,,DE108C,DE,,2019,population_total,"Population on 1 January, total"
A,DE1001V,DE108C,2020,111338,,,DE108C,DE,,2020,population_total,"Population on 1 January, total"
A,DE1001V,DE108C,2021,111516,,,DE108C,DE,,2021,population_total,"Population on 1 January, total"
A,DE1001V,DE108C,2022,111770,,,DE108C,DE,,2022,population_total,"Population on 1 January, total"
A,DE1001V,DE108C,2023,112613,,,DE108C,DE,,2023,population_total,"Population on 1 January, total"
A,DE1001V,DE109C,2015,120988,,,DE109C,DE,,2015,population_total,"Population on 1 January, total"
A,DE1001V,DE109C,2016,123734,,,DE109C,DE,,2016,population_total,"Population on 1 January, total"
A,DE1001V,DE109C,2017,124589,,,DE109C,DE,,2017,population_total,"Population on 1 January, total"
A,DE1001V,DE109C,2018,126658,,,DE109C,DE,,2018,population_total,"Population on 1 January, total"
A,DE1001V,DE109C,2019,128744,,,DE109C,DE,,2019,population_total,"Population on 1 January, total"
A,DE1001V,DE109C,2020,130280,,,DE109C,DE,,2020,population_total,"Population on 1 January, total"
A,DE1001V,DE109C,2021,130892,,,DE109C,DE,,2021,population_total,"Population on 1 January, total"
A,DE1001V,DE109C,2022,131295,,,DE109C,DE,,2022,population_total,"Population on 1 January, total"
A,DE1001V,DE109C,2023,134170,,,DE109C,DE,,2023,population_total,"Population on 1 January, total"
A,DE1001V,DE110C,2015,120714,,,DE110C,DE,,2015,population_total,"Population on 1 January, total"
A,DE1001V,DE110C,2016,122636,,,DE110C,DE,,2016,population_total,"Population on 1 January, total"
A,DE1001V,DE110C,2017,123953,,,DE110C,DE,,2017,population_total,"Population on 1 January, total"
A,DE1001V,DE110C,2018,125596,,,DE110C,DE,,2018,population_total,"Population on 1 January, total"
A,DE1001V,DE110C,2019,126329,,,DE110C,DE,,2019,population_total,"Population on 1 January, total"
A,DE1001V,DE110C,2020,126790,,,DE110C,DE,,2020,population_total,"Population on 1 January, total"
A,DE1001V,DE110C,2021,126405,,,DE110C,DE,,2021,population_total,"Population on 1 January, total"
A,DE1001V,DE110C,2022,126949,,,DE110C,DE,,2022,population_total,"Population on 1 January, total"
A,DE1001V,DE110C,2023,128928,,,DE110C,DE,,2023,population_total,"Population on 1 January, total"
A,DE1001V,DE111C,2015,119291,,,DE111C,DE,,2015,population_total,"Population on 1 January, total"
A,DE1001V,DE111C,2016,122247,,,DE111C,DE,,2016,population_total,"Population on 1 January, total"
A,DE1001V,DE111C,2017,123493,,,DE111C,DE,,2017,population_total,"Population on 1 January, total"
A,DE1001V,DE111C,2018,124289,,,DE111C,DE,,2018,population_total,"Population on 1 January, total"
A,DE1001V,DE111C,2019,125542,,,DE111C,DE,,2019,population_total,"Population on 1 January, total"
A,DE1001V,DE111C,2020,125957,,,DE111C,DE,,2020,population_total,"Population on 1 January, total"
A,DE1001V,DE111C,2021,126016,,,DE111C,DE,,2021,population_total,"Population on 1 January, total"
A,DE1001V,DE111C,2022,125529,,,DE111C,DE,,2022,population_total,"Population on 1 January, total"
A,DE1001V,DE111C,2023,127849,,,DE111C,DE,,2023,population_total,"Population on 1 January, total"
A,DE1001V,DE112C,2015,131002,,,DE112C,DE,,2015,population_total,"Population on 1 January, total"
A,DE1001V,DE112C,2016,132438,,,DE112C,DE,,2016,population_total,"Population on 1 January, total"
A,DE1001V,DE112C,2017,133639,,,DE112C,DE,,2017,population_total,"Population on 1 January, total"
A,DE1001V,DE112C,2018,135244,,,DE112C,DE,,2018,population_total,"Population on 1 January, total"
A,DE1001V,DE112C,2019,136981,,,DE112C,DE,,2019,population_total,"Population on 1 January, total"
A,DE1001V,DE112C,2020,137392,,,DE112C,DE,,2020,population_total,"Population on 1 January, total"
A,DE1001V,DE112C,2021,136952,,,DE112C,DE,,2021,population_total,"Population on 1 January, total"
A,DE1001V,DE112C,2022,138016,,,DE112C,DE,,2022,population_total,"Population on 1 January, total"
A,DE1001V,DE112C,2023,141029,,,DE112C,DE,,2023,population_total,"Population on 1 January, total"
A,DE1001V,DE113C,2015,94492,,,DE113C,DE,,2015,population_total,"Population on 1 January, total"
A,DE1001V,DE113C,2016,96011,,,DE113C,DE,,2016,population_total,"Population on 1 January, total"
A,DE1001V,DE113C,2017,94750,,,DE113C,DE,,2017,population_total,"Population on 1 January, total"
A,DE1001V,DE113C,2018,94859,,,DE113C,DE,,2018,population_total,"Population on 1 January, total"
A,DE1001V,DE113C,2019,94152,,,DE113C,DE,,2019,population_total,"Population on 1 January, total"
A,DE1001V,DE113C,2020,93125,,,DE113C,DE,,2020,population_total,"Population on 1 January, total"
A,DE1001V,DE113C,2021,92126,,,DE113C,DE,,2021,population_total,"Population on 1 January, total"
A,DE1001V,DE113C,2022,91368,,,DE113C,DE,,2022,population_total,"Population on 1 January, total"
A,DE1001V,DE113C,2023,93634,,,DE113C,DE,,2023,population_total,"Population on 1 January, total"
A,DE1001V,DE114C,2015,98966,,,DE114C,DE,,2015,population_total,"Population on 1 January, total"
A,DE1001V,DE114C,2016,101079,,,DE114C,DE,,2016,population_total,"Population on 1 January, total"
A,DE1001V,DE114C,2017,103668,,,DE114C,DE,,2017,population_total,"Population on 1 January, total"
A,DE1001V,DE114C,2018,104548,,,DE114C,DE,,2018,population_total,"Population on 1 January, total"
A,DE1001V,DE114C,2019,104948,,,DE114C,DE,,2019,population_total,"Population on 1 January, total"
A,DE1001V,DE114C,2020,104291,,,DE114C,DE,,2020,population_total,"Population on 1 January, total"
A,DE1001V,DE114C,2021,103866,,,DE114C,DE,,2021,population_total,"Population on 1 January, total"
A,DE1001V,DE114C,2022,103694,,,DE114C,DE,,2022,population_total,"Population on 1 January, total"
A,DE1001V,DE114C,2023,104548,,,DE114C,DE,,2023,population_total,"Population on 1 January, total"
A,DE1001V,DE115C,2015,112452,,,DE115C,DE,,2015,population_total,"Population on 1 January, total"
A,DE1001V,DE115C,2016,114310,,,DE115C,DE,,2016,population_total,"Population on 1 January, total"
A,DE1001V,DE115C,2017,115006,,,DE115C,DE,,2017,population_total,"Population on 1 January, total"
A,DE1001V,DE115C,2018,115762,,,DE115C,DE,,2018,population_total,"Population on 1 January, total"
A,DE1001V,DE115C,2019,115966,,,DE115C,DE,,2019,population_total,"Population on 1 January, total"
A,DE1001V,DE115C,2020,115865,,,DE115C,DE,,2020,population_total,"Population on 1 January, total"
A,DE1001V,DE115C,2021,116031,,,DE115C,DE,,2021,population_total,"Population on 1 January, total"
A,DE1001V,DE115C,2022,116456,,,DE115C,DE,,2022,population_total,"Population on 1 January, total"
A,DE1001V,DE115C,2023,117547,,,DE115C,DE,,2023,population_total,"Population on 1 January, total"
A,DE1001V,DE116C,2015,121519,,,DE116C,DE,,2015,population_total,"Population on 1 January, total"
A,DE1001V,DE116C,2016,124171,,,DE116C,DE,,2016,population_total,"Population on 1 January, total"
A,DE1001V,DE116C,2017,125403,,,DE116C,DE,,2017,population_total,"Population on 1 January, total"
A,DE1001V,DE116C,2018,126526,,,DE116C,DE,,2018,population_total,"Population on 1 January, total"
A,DE1001V,DE116C,2019,127748,,,DE116C,DE,,2019,population_total,"Population on 1 January, total"
A,DE1001V,DE116C,2020,128497,,,DE116C,DE,,2020,population_total,"Population on 1 January, total"
A,DE1001V,DE116C,2021,128223,,,DE116C,DE,,2021,population_total,"Population on 1 January, total"
A,DE1001V,DE116C,2022,129122,,,DE116C,DE,,2022,population_total,"Population on 1 January, total"
A,DE1001V,DE116C,2023,131433,,,DE116C,DE,,2023,population_total,"Population on 1 January, total"
A,DE1001V,DE117C,2015,99491,,,DE117C,DE,,2015,population_total,"Population on 1 January, total"
A,DE1001V,DE117C,2016,99687,,,DE117C,DE,,2016,population_total,"Population on 1 January, total"
A,DE1001V,DE117C,2017,100416,,,DE117C,DE,,2017,population_total,"Population on 1 January, total"
A,DE1001V,DE117C,2018,101036,,,DE117C,DE,,2018,population_total,"Population on 1 January, total"
A,DE1001V,DE117C,2019,100219,,,DE117C,DE,,2019,population_total,"Population on 1 January, total"
A,DE1001V,DE117C,2020,99678,,,DE117C,DE,,2020,population_total,"Population on 1 January, total"
A,DE1001V,DE117C,2021,98693,,,DE117C,DE,,2021,population_total,"Population on 1 January, total"
A,DE1001V,DE117C,2022,98359,,,DE117C,DE,,2022,population_total,"Population on 1 January, total"
A,DE1001V,DE117C,2023,99515,,,DE117C,DE,,2023,population_total,"Population on 1 January, total"
A,DE1001V,DE118C,2015,100325,,,DE118C,DE,,2015,population_total,"Population on 1 January, total"
A,DE1001V,DE118C,2016,102355,,,DE118C,DE,,2016,population_total,"Population on 1 January, total"
A,DE1001V,DE118C,2017,101863,,,DE118C,DE,,2017,population_total,"Population on 1 January, total"
A,DE1001V,DE118C,2018,102337,,,DE118C,DE,,2018,population_total,"Population on 1 January, total"
A,DE1001V,DE118C,2019,102836,,,DE118C,DE,,2019,population_total,"Population on 1 January, total"
A,DE1001V,DE118C,2020,102770,,,DE118C,DE,,2020,population_total,"Population on 1 January, total"
A,DE1001V,DE118C,2021,101943,,,DE118C,DE,,2021,population_total,"Population on 1 January, total"
A,DE1001V,DE118C,2022,101516,,,DE118C,DE,,2022,population_total,"Population on 1 January, total"
A,DE1001V,DE118C,2023,102560,,,DE118C,DE,,2023,population_total,"Population on 1 January, total"
A,DE1001V,DE119C,2015,109697,,,DE119C,DE,,2015,population_total,"Population on 1 January, total"
A,DE1001V,DE119C,2016,111366,,,DE119C,DE,,2016,population_total,"Population on 1 January, total"
A,DE1001V,DE119C,2017,111341,,,DE119C,DE,,2017,population_total,"Population on 1 January, total"
A,DE1001V,DE119C,2018,111627,,,DE119C,DE,,2018,population_total,"Population on 1 January, total"
A,DE1001V,DE119C,2019,111966,,,DE119C,DE,,2019,population_total,"Population on 1 January, total"
A,DE1001V,DE119C,2020,111846,,,DE119C,DE,,2020,population_total,"Population on 1 January, total"
A,DE1001V,DE119C,2021,111636,,,DE119C,DE,,2021,population_total,"Population on 1 January, total"
A,DE1001V,DE119C,2022,111645,,,DE119C,DE,,2022,population_total,"Population on 1 January, total"
A,DE1001V,DE119C,2023,112712,,,DE119C,DE,,2023,population_total,"Population on 1 January, total"
A,DE1001V,DE120C,2015,99979,,,DE120C,DE,,2015,population_total,"Population on 1 January, total"
A,DE1001V,DE120C,2016,101667,,,DE120C,DE,,2016,population_total,"Population on 1 January, total"
A,DE1001V,DE120C,2017,101687,,,DE120C,DE,,2017,population_total,"Population on 1 January, total"
A,DE1001V,DE120C,2018,101744,,,DE120C,DE,,2018,population_total,"Population on 1 January, total"
A,DE1001V,DE120C,2019,101990,,,DE120C,DE,,2019,population_total,"Population on 1 January, total"
A,DE1001V,DE120C,2020,101693,,,DE120C,DE,,2020,population_total,"Population on 1 January, total"
A,DE1001V,DE120C,2021,101055,,,DE120C,DE,,2021,population_total,"Population on 1 January, total"
A,DE1001V,DE120C,2022,100319,,,DE120C,DE,,2022,population_total,"Population on 1 January, total"
A,DE1001V,DE120C,2023,101858,,,DE120C,DE,,2023,population_total,"Population on 1 January, total"
A,DE1001V,DE121C,2015,95907,,,DE121C,DE,,2015,population_total,"Population on 1 January, total"
A,DE1001V,DE121C,2016,96700,,,DE121C,DE,,2016,population_total,"Population on 1 January, total"
A,DE1001V,DE121C,2017,96781,,,DE121C,DE,,2017,population_total,"Population on 1 January, total"
A,DE1001V,DE121C,2018,96565,,,DE121C,DE,,2018,population_total,"Population on 1 January, total"
A,DE1001V,DE121C,2019,96563,,,DE121C,DE,,2019,population_total,"Population on 1 January, total"
A,DE1001V,DE121C,2020,96459,,,DE121C,DE,,2020,population_total,"Population on 1 January, total"
A,DE1001V,DE121C,2021,95876,,,DE121C,DE,,2021,population_total,"Population on 1 January, total"
A,DE1001V,DE121C,2022,95107,,,DE121C,DE,,2022,population_total,"Population on 1 January, total"
A,DE1001V,DE121C,2023,95897,,,DE121C,DE,,2023,population_total,"Population on 1 January, total"
A,DE1001V,DE122C,2015,91066,,,DE122C,DE,,2015,population_total,"Population on 1 January, total"
A,DE1001V,DE122C,2016,91123,,,DE122C,DE,,2016,population_total,"Population on 1 January, total"
A,DE1001V,DE122C,2017,90515,,,DE122C,DE,,2017,population_total,"Population on 1 January, total"
A,DE1001V,DE122C,2018,90192,,,DE122C,DE,,2018,population_total,"Population on 1 January, total"
A,DE1001V,DE122C,2019,89540,,,DE122C,DE,,2019,population_total,"Population on 1 January, total"
A,DE1001V,DE122C,2020,88690,,,DE122C,DE,,2020,population_total,"Population on 1 January, total"
A,DE1001V,DE122C,2021,87516,,,DE122C,DE,,2021,population_total,"Population on 1 January, total"
A,DE1001V,DE122C,2022,86592,,,DE122C,DE,,2022,population_total,"Population on 1 January, total"
A,DE1001V,DE122C,2023,87172,,,DE122C,DE,,2023,population_total,"Population on 1 January, total"
A,DE1001V,DE123C,2015,106423,,,DE123C,DE,,2015,population_total,"Population on 1 January, total"
A,DE1001V,DE123C,2016,108336,,,DE123C,DE,,2016,population_total,"Population on 1 January, total"
A,DE1001V,DE123C,2017,110238,,,DE123C,DE,,2017,population_total,"Population on 1 January, total"
A,DE1001V,DE123C,2018,110998,,,DE123C,DE,,2018,population_total,"Population on 1 January, total"
A,DE1001V,DE123C,2019,111962,,,DE123C,DE,,2019,population_total,"Population on 1 January, total"
A,DE1001V,DE123C,2020,112528,,,DE123C,DE,,2020,population_total,"Population on 1 January, total"
A,DE1001V,DE123C,2021,112385,,,DE123C,DE,,2021,population_total,"Population on 1 January, total"
A,DE1001V,DE123C,2022,113292,,,DE123C,DE,,2022,population_total,"Population on 1 January, total"
A,DE1001V,DE123C,2023,116562,,,DE123C,DE,,2023,population_total,"Population on 1 January, total"
A,DE1001V,DE124C,2015,345425,,,DE124C,DE,,2015,population_total,"Population on 1 January, total"
A,DE1001V,DE124C,2016,350046,,,DE124C,DE,,2016,population_total,"Population on 1 January, total"
A,DE1001V,DE124C,2017,352390,,,DE124C,DE,,2017,population_total,"Population on 1 January, total"
A,DE1001V,DE124C,2018,353590,,,DE124C,DE,,2018,population_total,"Population on 1 January, total"
A,DE1001V,DE124C,2019,354382,,,DE124C,DE,,2019,population_total,"Population on 1 January, total"
A,DE1001V,DE124C,2020,355100,,,DE124C,DE,,2020,population_total,"Population on 1 January, total"
A,DE1001V,DE124C,2021,355004,,,DE124C,DE,,2021,population_total,"Population on 1 January, total"
A,DE1001V,DE124C,2022,354572,,,DE124C,DE,,2022,population_total,"Population on 1 January, total"
A,DE1001V,DE124C,2023,358876,,,DE124C,DE,,2023,population_total,"Population on 1 January, total"
A,DE1001V,DE125C,2015,108207,,,DE125C,DE,,2015,population_total,"Population on 1 January, total"
A,DE1001V,DE125C,2016,109527,,,DE125C,DE,,2016,population_total,"Population on 1 January, total"
A,DE1001V,DE125C,2017,110321,,,DE125C,DE,,2017,population_total,"Population on 1 January, total"
A,DE1001V,DE125C,2018,111099,,,DE125C,DE,,2018,population_total,"Population on 1 January, total"
A,DE1001V,DE125C,2019,111407,,,DE125C,DE,,2019,population_total,"Population on 1 January, total"
A,DE1001V,DE125C,2020,111343,,,DE125C,DE,,2020,population_total,"Population on 1 January, total"
A,DE1001V,DE125C,2021,110731,,,DE125C,DE,,2021,population_total,"Population on 1 January, total"
A,DE1001V,DE125C,2022,110502,,,DE125C,DE,,2022,population_total,"Population on 1 January, total"
A,DE1001V,DE125C,2023,111191,,,DE125C,DE,,2023,population_total,"Population on 1 January, total"
A,DE1001V,DE126C,2016,90244,,,DE126C,DE,,2016,population_total,"Population on 1 January, total"
A,DE1001V,DE126C,2017,90066,,,DE126C,DE,,2017,population_total,"Population on 1 January, total"
A,DE1001V,DE126C,2018,90502,,,DE126C,DE,,2018,population_total,"Population on 1 January, total"
A,DE1001V,DE126C,2019,90733,,,DE126C,DE,,2019,population_total,"Population on 1 January, total"
A,DE1001V,DE126C,2020,91216,,,DE126C,DE,,2020,population_total,"Population on 1 January, total"
A,DE1001V,DE126C,2021,91272,,,DE126C,DE,,2021,population_total,"Population on 1 January, total"
A,DE1001V,DE126C,2022,91814,,,DE126C,DE,,2022,population_total,"Population on 1 January, total"
A,DE1001V,DE126C,2023,93207,,,DE126C,DE,,2023,population_total,"Population on 1 January, total"
A,DE1001V,DE127C,2016,71443,,,DE127C,DE,,2016,population_total,"Population on 1 January, total"
A,DE1001V,DE127C,2017,71350,,,DE127C,DE,,2017,population_total,"Population on 1 January, total"
A,DE1001V,DE127C,2018,71036,,,DE127C,DE,,2018,population_total,"Population on 1 January, total"
A,DE1001V,DE127C,2019,71099,,,DE127C,DE,,2019,population_total,"Population on 1 January, total"
A,DE1001V,DE127C,2020,71113,,,DE127C,DE,,2020,population_total,"Population on 1 January, total"
A,DE1001V,DE127C,2021,71061,,,DE127C,DE,,2021,population_total,"Population on 1 January, total"
A,DE1001V,DE127C,2022,71074,,,DE127C,DE,,2022,population_total,"Population on 1 January, total"
A,DE1001V,DE127C,2023,71930,,,DE127C,DE,,2023,population_total,"Population on 1 January, total"
A,DE1001V,EE,2015,1313271,,,EE,EE,,2015,population_total,"Population on 1 January, total"
A,DE1001V,EE,2016,1315944,b,,EE,EE,,2016,population_total,"Population on 1 January, total"
A,DE1001V,EE,2017,1315635,,,EE,EE,,2017,population_total,"Population on 1 January, total"
A,DE1001V,EE,2018,1319133,,,EE,EE,,2018,population_total,"Population on 1 January, total"
A,DE1001V,EE001C,2015,413782,,,EE001C,EE,,2015,population_total,"Population on 1 January, total"
A,DE1001V,EE001C,2016,423420,b,,EE001C,EE,,2016,population_total,"Population on 1 January, total"
A,DE1001V,EE001C,2017,426538,,,EE001C,EE,,2017,population_total,"Population on 1 January, total"
A,DE1001V,EE001C,2018,430805,,,EE001C,EE,,2018,population_total,"Population on 1 January, total"
A,DE1001V,EE001C,2019,434562,,,EE001C,EE,,2019,population_total,"Population on 1 January, total"
A,DE1001V,EE001C,2020,438341,,,EE001C,EE,,2020,population_total,"Population on 1 January, total"
A,DE1001V,EE001C,2021,438341,,,EE001C,EE,,2021,population_total,"Population on 1 January, total"
A,DE1001V,EE001C,2022,437811,,,EE001C,EE,,2022,population_total,"Population on 1 January, total"
A,DE1001V,EE001C,2023,453864,,,EE001C,EE,,2023,population_total,"Population on 1 January, total"
A,DE1001V,EE002C,2015,97332,,,EE002C,EE,,2015,population_total,"Population on 1 January, total"
A,DE1001V,EE002C,2016,93687,b,,EE002C,EE,,2016,population_total,"Population on 1 January, total"
A,DE1001V,EE002C,2017,93124,,,EE002C,EE,,2017,population_total,"Population on 1 January, total"
A,DE1001V,EE002C,2018,96506,b,,EE002C,EE,,2018,population_total,"Population on 1 January, total"
A,DE1001V,EE002C,2019,96974,,,EE002C,EE,,2019,population_total,"Population on 1 January, total"
A,DE1001V,EE002C,2020,95430,,,EE002C,EE,,2020,population_total,"Population on 1 January, total"
A,DE1001V,EE002C,2021,95430,,,EE002C,EE,,2021,population_total,"Population on 1 January, total"
A,DE1001V,EE002C,2022,98312,,,EE002C,EE,,2022,population_total,"Population on 1 January, total"
A,DE1001V,EE002C,2023,100724,,,EE002C,EE,,2023,population_total,"Population on 1 January, total"
A,DE1001V,EE003C,2015,58375,,,EE003C,EE,,2015,population_total,"Population on 1 January, total"
A,DE1001V,EE003C,2016,58204,b,,EE003C,EE,,2016,population_total,"Population on 1 January, total"
A,DE1001V,EE003C,2017,57130,,,EE003C,EE,,2017,population_total,"Population on 1 January, total"
A,DE1001V,EE003C,2018,56103,,,EE003C,EE,,2018,population_total,"Population on 1 January, total"
A,DE1001V,EE003C,2019,55249,,,EE003C,EE,,2019,population_total,"Population on 1 January, total"
A,DE1001V,EE003C,2020,53424,,,EE003C,EE,,2020,population_total,"Population on 1 January, total"
A,DE1001V,EE003C,2021,53424,,,EE003C,EE,,2021,population_total,"Population on 1 January, total"
A,DE1001V,EE003C,2022,53953,,,EE003C,EE,,2022,population_total,"Population on 1 January, total"
A,DE1001V,EE003C,2023,53875,,,EE003C,EE,,2023,population_total,"Population on 1 January, total"
A,DE1001V,ES,2015,46449565,,,ES,ES,,2015,population_total,"Population on 1 January, total"
A,DE1001V,ES,2016,46445828,,,ES,ES,,2016,population_total,"Population on 1 January, total"
A,DE1001V,ES,2017,46527039,,,ES,ES,,2017,population_total,"Population on 1 January, total"
A,DE1001V,ES,2018,46658447,,,ES,ES,,2018,population_total,"Population on 1 January, total"
A,DE1001V,ES001C,2015,4852911,b,,ES001C,ES,,2015,population_total,"Population on 1 January, total"
A,DE1001V,ES001C,2016,4878277,,,ES001C,ES,,2016,population_total,"Population on 1 January, total"
A,DE1001V,ES001C,2017,4904291,,,ES001C,ES,,2017,population_total,"Population on 1 January, total"
A,DE1001V,ES001C,2018,4955432,,,ES001C,ES,,2018,population_total,"Population on 1 January, total"
A,DE1001V,ES001C,2019,5012504,,,ES001C,ES,,2019,population_total,"Population on 1 January, total"
A,DE1001V,ES001C,2020,5098717,,,ES001C,ES,,2020,population_total,"Population on 1 January, total"
A,DE1001V,ES001C,2021,5055735,,,ES001C,ES,,2021,population_total,"Population on 1 January, total"
A,DE1001V,ES001C,2022,5030132,,,ES001C,ES,,2022,population_total,"Population on 1 January, total"
A,DE1001V,ES001C,2023,5115272,,,ES001C,ES,,2023,population_total,"Population on 1 January, total"
A,DE1001V,ES002C,2015,3610906,b,,ES002C,ES,,2015,population_total,"Population on 1 January, total"
A,DE1001V,ES002C,2016,3624554,,,ES002C,ES,,2016,population_total,"Population on 1 January, total"
A,DE1001V,ES002C,2017,3648483,,,ES002C,ES,,2017,population_total,"Population on 1 January, total"
A,DE1001V,ES002C,2018,3665687,,,ES002C,ES,,2018,population_total,"Population on 1 January, total"
A,DE1001V,ES002C,2019,3701270,,,ES002C,ES,,2019,population_total,"Population on 1 January, total"
A,DE1001V,ES002C,2020,3755512,,,ES002C,ES,,2020,population_total,"Population on 1 January, total"
A,DE1001V,ES002C,2021,3719096,,,ES002C,ES,,2021,population_total,"Population on 1 January, total"
A,DE1001V,ES002C,2022,3720333,,,ES002C,ES,,2022,population_total,"Population on 1 January, total"
A,DE1001V,ES002C,2023,3767382,,,ES002C,ES,,2023,population_total,"Population on 1 January, total"
A,DE1001V,ES003C,2015,1383908,,,ES003C,ES,,2015,population_total,"Population on 1 January, total"
A,DE1001V,ES003C,2016,1388368,,,ES003C,ES,,2016,population_total,"Population on 1 January, total"
A,DE1001V,ES003C,2017,1386992,,,ES003C,ES,,2017,population_total,"Population on 1 January, total"
A,DE1001V,ES003C,2018,1393606,,,ES003C,ES,,2018,population_total,"Population on 1 January, total"
A,DE1001V,ES003C,2019,1403247,,,ES003C,ES,,2019,population_total,"Population on 1 January, total"
A,DE1001V,ES003C,2020,1417464,,,ES003C,ES,,2020,population_total,"Population on 1 January, total"
A,DE1001V,ES003C,2021,1408030,,,ES003C,ES,,2021,population_total,"Population on 1 January, total"
A,DE1001V,ES003C,2022,1414213,,,ES003C,ES,,2022,population_total,"Population on 1 January, total"
A,DE1001V,ES003C,2023,1439503,,,ES003C,ES,,2023,population_total,"Population on 1 January, total"
A,DE1001V,ES004C,2015,881439,,,ES004C,ES,,2015,population_total,"Population on 1 January, total"
A,DE1001V,ES004C,2016,879806,,,ES004C,ES,,2016,population_total,"Population on 1 January, total"
A,DE1001V,ES004C,2017,879624,,,ES004C,ES,,2017,population_total,"Population on 1 January, total"
A,DE1001V,ES004C,2018,879870,,,ES004C,ES,,2018,population_total,"Population on 1 January, total"
A,DE1001V,ES004C,2019,880726,,,ES004C,ES,,2019,population_total,"Population on 1 January, total"
A,DE1001V,ES004C,2020,884899,,,ES004C,ES,,2020,population_total,"Population on 1 January, total"
A,DE1001V,ES004C,2021,878677,,,ES004C,ES,,2021,population_total,"Population on 1 January, total"
A,DE1001V,ES004C,2022,876754,,,ES004C,ES,,2022,population_total,"Population on 1 January, total"
A,DE1001V,ES004C,2023,881124,,,ES004C,ES,,2023,population_total,"Population on 1 January, total"
A,DE1001V,ES005C,2015,664953,,,ES005C,ES,,2015,population_total,"Population on 1 January, total"
A,DE1001V,ES005C,2016,661108,,,ES005C,ES,,2016,population_total,"Population on 1 January, total"
A,DE1001V,ES005C,2017,664938,,,ES005C,ES,,2017,population_total,"Population on 1 January, total"
A,DE1001V,ES005C,2018,666880,,,ES005C,ES,,2018,population_total,"Population on 1 January, total"
A,DE1001V,ES005C,2019,674997,,,ES005C,ES,,2019,population_total,"Population on 1 January, total"
A,DE1001V,ES005C,2020,681877,,,ES005C,ES,,2020,population_total,"Population on 1 January, total"
A,DE1001V,ES005C,2021,675301,,,ES005C,ES,,2021,population_total,"Population on 1 January, total"
A,DE1001V,ES005C,2022,673010,,,ES005C,ES,,2022,population_total,"Population on 1 January, total"
A,DE1001V,ES005C,2023,683949,,,ES005C,ES,,2023,population_total,"Population on 1 January, total"
A,DE1001V,ES006C,2015,569130,,,ES006C,ES,,2015,population_total,"Population on 1 January, total"
A,DE1001V,ES006C,2016,569009,,,ES006C,ES,,2016,population_total,"Population on 1 January, total"
A,DE1001V,ES006C,2017,569002,,,ES006C,ES,,2017,population_total,"Population on 1 January, total"
A,DE1001V,ES006C,2018,571026,,,ES006C,ES,,2018,population_total,"Population on 1 January, total"
A,DE1001V,ES006C,2019,574654,,,ES006C,ES,,2019,population_total,"Population on 1 January, total"
A,DE1001V,ES006C,2020,578460,,,ES006C,ES,,2020,population_total,"Population on 1 January, total"
A,DE1001V,ES006C,2021,577405,,,ES006C,ES,,2021,population_total,"Population on 1 January, total"
A,DE1001V,ES006C,2022,579076,,,ES006C,ES,,2022,population_total,"Population on 1 January, total"
A,DE1001V,ES006C,2023,587068,,,ES006C,ES,,2023,population_total,"Population on 1 January, total"
A,DE1001V,ES007C,2015,439889,,,ES007C,ES,,2015,population_total,"Population on 1 January, total"
A,DE1001V,ES007C,2016,441003,,,ES007C,ES,,2016,population_total,"Population on 1 January, total"
A,DE1001V,ES007C,2017,443243,,,ES007C,ES,,2017,population_total,"Population on 1 January, total"
A,DE1001V,ES007C,2018,447182,,,ES007C,ES,,2018,population_total,"Population on 1 January, total"
A,DE1001V,ES007C,2019,453258,,,ES007C,ES,,2019,population_total,"Population on 1 January, total"
A,DE1001V,ES007C,2020,459403,,,ES007C,ES,,2020,population_total,"Population on 1 January, total"
A,DE1001V,ES007C,2021,460349,,,ES007C,ES,,2021,population_total,"Population on 1 January, total"
A,DE1001V,ES007C,2022,462979,,,ES007C,ES,,2022,population_total,"Population on 1 January, total"
A,DE1001V,ES007C,2023,467501,,,ES007C,ES,,2023,population_total,"Population on 1 January, total"
A,DE1001V,ES008C,2015,379766,,,ES008C,ES,,2015,population_total,"Population on 1 January, total"
A,DE1001V,ES008C,2016,378998,,,ES008C,ES,,2016,population_total,"Population on 1 January, total"
A,DE1001V,ES008C,2017,377650,,,ES008C,ES,,2017,population_total,"Population on 1 January, total"
A,DE1001V,ES008C,2018,378517,,,ES008C,ES,,2018,population_total,"Population on 1 January, total"
A,DE1001V,ES008C,2019,379925,,,ES008C,ES,,2019,population_total,"Population on 1 January, total"
A,DE1001V,ES008C,2020,381223,,,ES008C,ES,,2020,population_total,"Population on 1 January, total"
A,DE1001V,ES008C,2021,378675,,,ES008C,ES,,2021,population_total,"Population on 1 January, total"
A,DE1001V,ES008C,2022,378797,,,ES008C,ES,,2022,population_total,"Population on 1 January, total"
A,DE1001V,ES008C,2023,380863,,,ES008C,ES,,2023,population_total,"Population on 1 January, total"
A,DE1001V,ES009C,2015,303905,,,ES009C,ES,,2015,population_total,"Population on 1 January, total"
A,DE1001V,ES009C,2016,301876,,,ES009C,ES,,2016,population_total,"Population on 1 January, total"
A,DE1001V,ES009C,2017,299715,,,ES009C,ES,,2017,population_total,"Population on 1 January, total"
A,DE1001V,ES009C,2018,298866,,,ES009C,ES,,2018,population_total,"Population on 1 January, total"
A,DE1001V,ES009C,2019,298412,,,ES009C,ES,,2019,population_total,"Population on 1 January, total"
A,DE1001V,ES009C,2020,299265,,,ES009C,ES,,2020,population_total,"Population on 1 January, total"
A,DE1001V,ES009C,2021,297775,,,ES009C,ES,,2021,population_total,"Population on 1 January, total"
A,DE1001V,ES009C,2022,295639,,,ES009C,ES,,2022,population_total,"Population on 1 January, total"
A,DE1001V,ES009C,2023,297129,,,ES009C,ES,,2023,population_total,"Population on 1 January, total"
A,DE1001V,ES010C,2015,400578,,,ES010C,ES,,2015,population_total,"Population on 1 January, total"
A,DE1001V,ES010C,2016,402949,,,ES010C,ES,,2016,population_total,"Population on 1 January, total"
A,DE1001V,ES010C,2017,406492,,,ES010C,ES,,2017,population_total,"Population on 1 January, total"
A,DE1001V,ES010C,2018,409661,,,ES010C,ES,,2018,population_total,"Population on 1 January, total"
A,DE1001V,ES010C,2019,416065,,,ES010C,ES,,2019,population_total,"Population on 1 January, total"
A,DE1001V,ES010C,2020,422587,,,ES010C,ES,,2020,population_total,"Population on 1 January, total"
A,DE1001V,ES010C,2021,419366,,,ES010C,ES,,2021,population_total,"Population on 1 January, total"
A,DE1001V,ES010C,2022,415940,,,ES010C,ES,,2022,population_total,"Population on 1 January, total"
A,DE1001V,ES010C,2023,430640,,,ES010C,ES,,2023,population_total,"Population on 1 January, total"
A,DE1001V,ES011C,2015,95612,,,ES011C,ES,,2015,population_total,"Population on 1 January, total"
A,DE1001V,ES011C,2016,95966,,,ES011C,ES,,2016,population_total,"Population on 1 January, total"
A,DE1001V,ES011C,2017,96456,,,ES011C,ES,,2017,population_total,"Population on 1 January, total"
A,DE1001V,ES011C,2018,96405,,,ES011C,ES,,2018,population_total,"Population on 1 January, total"
A,DE1001V,ES011C,2019,97260,,,ES011C,ES,,2019,population_total,"Population on 1 January, total"
A,DE1001V,ES011C,2020,97848,,,ES011C,ES,,2020,population_total,"Population on 1 January, total"
A,DE1001V,ES011C,2021,97858,,,ES011C,ES,,2021,population_total,"Population on 1 January, total"
A,DE1001V,ES011C,2022,98179,,,ES011C,ES,,2022,population_total,"Population on 1 January, total"
A,DE1001V,ES011C,2023,98716,,,ES011C,ES,,2023,population_total,"Population on 1 January, total"
A,DE1001V,ES012C,2015,243918,,,ES012C,ES,,2015,population_total,"Population on 1 January, total"
A,DE1001V,ES012C,2016,244634,,,ES012C,ES,,2016,population_total,"Population on 1 January, total"
A,DE1001V,ES012C,2017,246976,,,ES012C,ES,,2017,population_total,"Population on 1 January, total"
A,DE1001V,ES012C,2018,249176,,,ES012C,ES,,2018,population_total,"Population on 1 January, total"
A,DE1001V,ES012C,2019,251774,,,ES012C,ES,,2019,population_total,"Population on 1 January, total"
A,DE1001V,ES012C,2020,253996,,,ES012C,ES,,2020,population_total,"Population on 1 January, total"
A,DE1001V,ES012C,2021,253093,,,ES012C,ES,,2021,population_total,"Population on 1 January, total"
A,DE1001V,ES012C,2022,253672,,,ES012C,ES,,2022,population_total,"Population on 1 January, total"
A,DE1001V,ES012C,2023,255423,,,ES012C,ES,,2023,population_total,"Population on 1 January, total"
A,DE1001V,ES013C,2015,221870,,,ES013C,ES,,2015,population_total,"Population on 1 January, total"
A,DE1001V,ES013C,2016,220567,,,ES013C,ES,,2016,population_total,"Population on 1 January, total"
A,DE1001V,ES013C,2017,220301,,,ES013C,ES,,2017,population_total,"Population on 1 January, total"
A,DE1001V,ES013C,2018,220020,,,ES013C,ES,,2018,population_total,"Population on 1 January, total"
A,DE1001V,ES013C,2019,219686,,,ES013C,ES,,2019,population_total,"Population on 1 January, total"
A,DE1001V,ES013C,2020,219910,,,ES013C,ES,,2020,population_total,"Population on 1 January, total"
A,DE1001V,ES013C,2021,217552,,,ES013C,ES,,2021,population_total,"Population on 1 January, total"
A,DE1001V,ES013C,2022,215167,,,ES013C,ES,,2022,population_total,"Population on 1 January, total"
A,DE1001V,ES013C,2023,217369,,,ES013C,ES,,2023,population_total,"Population on 1 January, total"
A,DE1001V,ES014C,2015,319405,,,ES014C,ES,,2015,population_total,"Population on 1 January, total"
A,DE1001V,ES014C,2016,320318,,,ES014C,ES,,2016,population_total,"Population on 1 January, total"
A,DE1001V,ES014C,2017,322739,,,ES014C,ES,,2017,population_total,"Population on 1 January, total"
A,DE1001V,ES014C,2018,326136,,,ES014C,ES,,2018,population_total,"Population on 1 January, total"
A,DE1001V,ES014C,2019,330281,,,ES014C,ES,,2019,population_total,"Population on 1 January, total"
A,DE1001V,ES014C,2020,334398,,,ES014C,ES,,2020,population_total,"Population on 1 January, total"
A,DE1001V,ES014C,2021,333899,,,ES014C,ES,,2021,population_total,"Population on 1 January, total"
A,DE1001V,ES014C,2022,335408,,,ES014C,ES,,2022,population_total,"Population on 1 January, total"
A,DE1001V,ES014C,2023,339972,,,ES014C,ES,,2023,population_total,"Population on 1 January, total"
A,DE1001V,ES015C,2015,173957,,,ES015C,ES,,2015,population_total,"Population on 1 January, total"
A,DE1001V,ES015C,2016,172656,,,ES015C,ES,,2016,population_total,"Population on 1 January, total"
A,DE1001V,ES015C,2017,171951,,,ES015C,ES,,2017,population_total,"Population on 1 January, total"
A,DE1001V,ES015C,2018,172044,,,ES015C,ES,,2018,population_total,"Population on 1 January, total"
A,DE1001V,ES015C,2019,172539,,,ES015C,ES,,2019,population_total,"Population on 1 January, total"
A,DE1001V,ES015C,2020,173375,,,ES015C,ES,,2020,population_total,"Population on 1 January, total"
A,DE1001V,ES015C,2021,172221,,,ES015C,ES,,2021,population_total,"Population on 1 January, total"
A,DE1001V,ES015C,2022,171693,,,ES015C,ES,,2022,population_total,"Population on 1 January, total"
A,DE1001V,ES015C,2023,172655,,,ES015C,ES,,2023,population_total,"Population on 1 January, total"
A,DE1001V,ES016C,2015,83226,,,ES016C,ES,,2015,population_total,"Population on 1 January, total"
A,DE1001V,ES016C,2016,83459,,,ES016C,ES,,2016,population_total,"Population on 1 January, total"
A,DE1001V,ES016C,2017,83741,,,ES016C,ES,,2017,population_total,"Population on 1 January, total"
A,DE1001V,ES016C,2018,84282,,,ES016C,ES,,2018,population_total,"Population on 1 January, total"
A,DE1001V,ES016C,2019,84873,,,ES016C,ES,,2019,population_total,"Population on 1 January, total"
A,DE1001V,ES016C,2020,85811,,,ES016C,ES,,2020,population_total,"Population on 1 January, total"
A,DE1001V,ES016C,2021,85449,,,ES016C,ES,,2021,population_total,"Population on 1 January, total"
A,DE1001V,ES016C,2022,85085,,,ES016C,ES,,2022,population_total,"Population on 1 January, total"
A,DE1001V,ES016C,2023,85818,,,ES016C,ES,,2023,population_total,"Population on 1 January, total"
A,DE1001V,ES017C,2015,149892,,,ES017C,ES,,2015,population_total,"Population on 1 January, total"
A,DE1001V,ES017C,2016,149946,,,ES017C,ES,,2016,population_total,"Population on 1 January, total"
A,DE1001V,ES017C,2017,150543,,,ES017C,ES,,2017,population_total,"Population on 1 January, total"
A,DE1001V,ES017C,2018,150530,,,ES017C,ES,,2018,population_total,"Population on 1 January, total"
A,DE1001V,ES017C,2019,150702,,,ES017C,ES,,2019,population_total,"Population on 1 January, total"
A,DE1001V,ES017C,2020,150984,,,ES017C,ES,,2020,population_total,"Population on 1 January, total"
A,DE1001V,ES017C,2021,150610,,,ES017C,ES,,2021,population_total,"Population on 1 January, total"
A,DE1001V,ES017C,2022,150146,,,ES017C,ES,,2022,population_total,"Population on 1 January, total"
A,DE1001V,ES017C,2023,150716,,,ES017C,ES,,2023,population_total,"Population on 1 January, total"
A,DE1001V,ES018C,2015,151344,,,ES018C,ES,,2015,population_total,"Population on 1 January, total"
A,DE1001V,ES018C,2016,150876,,,ES018C,ES,,2016,population_total,"Population on 1 January, total"
A,DE1001V,ES018C,2017,150979,,,ES018C,ES,,2017,population_total,"Population on 1 January, total"
A,DE1001V,ES018C,2018,151113,,,ES018C,ES,,2018,population_total,"Population on 1 January, total"
A,DE1001V,ES018C,2019,151136,,,ES018C,ES,,2019,population_total,"Population on 1 January, total"
A,DE1001V,ES018C,2020,152485,,,ES018C,ES,,2020,population_total,"Population on 1 January, total"
A,DE1001V,ES018C,2021,150808,,,ES018C,ES,,2021,population_total,"Population on 1 January, total"
A,DE1001V,ES018C,2022,150020,,,ES018C,ES,,2022,population_total,"Population on 1 January, total"
A,DE1001V,ES018C,2023,150206,,,ES018C,ES,,2023,population_total,"Population on 1 January, total"
A,DE1001V,ES019C,2017,790423,,,ES019C,ES,,2017,population_total,"Population on 1 January, total"
A,DE1001V,ES019C,2018,791054,,,ES019C,ES,,2018,population_total,"Population on 1 January, total"
A,DE1001V,ES019C,2019,792617,,,ES019C,ES,,2019,population_total,"Population on 1 January, total"
A,DE1001V,ES019C,2020,797590,,,ES019C,ES,,2020,population_total,"Population on 1 January, total"
A,DE1001V,ES019C,2021,791740,,,ES019C,ES,,2021,population_total,"Population on 1 January, total"
A,DE1001V,ES019C,2022,787516,,,ES019C,ES,,2022,population_total,"Population on 1 January, total"
A,DE1001V,ES019C,2023,790197,,,ES019C,ES,,2023,population_total,"Population on 1 January, total"
A,DE1001V,ES020C,2015,327362,,,ES020C,ES,,2015,population_total,"Population on 1 January, total"
A,DE1001V,ES020C,2016,326609,,,ES020C,ES,,2016,population_total,"Population on 1 January, total"
A,DE1001V,ES020C,2017,325916,,,ES020C,ES,,2017,population_total,"Population on 1 January, total"
A,DE1001V,ES020C,2018,325708,,,ES020C,ES,,2018,population_total,"Population on 1 January, total"
A,DE1001V,ES020C,2019,325701,,,ES020C,ES,,2019,population_total,"Population on 1 January, total"
A,DE1001V,ES020C,2020,326039,,,ES020C,ES,,2020,population_total,"Population on 1 January, total"
A,DE1001V,ES020C,2021,322071,,,ES020C,ES,,2021,population_total,"Population on 1 January, total"
A,DE1001V,ES020C,2022,319515,,,ES020C,ES,,2022,population_total,"Population on 1 January, total"
A,DE1001V,ES020C,2023,324418,,,ES020C,ES,,2023,population_total,"Population on 1 January, total"
A,DE1001V,ES021C,2015,328648,,,ES021C,ES,,2015,population_total,"Population on 1 January, total"
A,DE1001V,ES021C,2016,330525,,,ES021C,ES,,2016,population_total,"Population on 1 January, total"
A,DE1001V,ES021C,2017,329988,,,ES021C,ES,,2017,population_total,"Population on 1 January, total"
A,DE1001V,ES021C,2018,331577,,,ES021C,ES,,2018,population_total,"Population on 1 January, total"
A,DE1001V,ES021C,2019,334887,,,ES021C,ES,,2019,population_total,"Population on 1 January, total"
A,DE1001V,ES021C,2020,337482,,,ES021C,ES,,2020,population_total,"Population on 1 January, total"
A,DE1001V,ES021C,2021,337304,,,ES021C,ES,,2021,population_total,"Population on 1 January, total"
A,DE1001V,ES021C,2022,338577,,,ES021C,ES,,2022,population_total,"Population on 1 January, total"
A,DE1001V,ES021C,2023,350598,,,ES021C,ES,,2023,population_total,"Population on 1 January, total"
A,DE1001V,ES022C,2015,294098,,,ES022C,ES,,2015,population_total,"Population on 1 January, total"
A,DE1001V,ES022C,2016,292817,,,ES022C,ES,,2016,population_total,"Population on 1 January, total"
A,DE1001V,ES022C,2017,292986,,,ES022C,ES,,2017,population_total,"Population on 1 January, total"
A,DE1001V,ES022C,2018,293642,,,ES022C,ES,,2018,population_total,"Population on 1 January, total"
A,DE1001V,ES022C,2019,295364,,,ES022C,ES,,2019,population_total,"Population on 1 January, total"
A,DE1001V,ES022C,2020,296692,,,ES022C,ES,,2020,population_total,"Population on 1 January, total"
A,DE1001V,ES022C,2021,293837,,,ES022C,ES,,2021,population_total,"Population on 1 January, total"
A,DE1001V,ES022C,2022,292374,,,ES022C,ES,,2022,population_total,"Population on 1 January, total"
A,DE1001V,ES022C,2023,294910,,,ES022C,ES,,2023,population_total,"Population on 1 January, total"
A,DE1001V,ES023C,2015,274290,,,ES023C,ES,,2015,population_total,"Population on 1 January, total"
A,DE1001V,ES023C,2016,273422,,,ES023C,ES,,2016,population_total,"Population on 1 January, total"
A,DE1001V,ES023C,2017,272365,,,ES023C,ES,,2017,population_total,"Population on 1 January, total"
A,DE1001V,ES023C,2018,271843,,,ES023C,ES,,2018,population_total,"Population on 1 January, total"
A,DE1001V,ES023C,2019,271780,,,ES023C,ES,,2019,population_total,"Population on 1 January, total"
A,DE1001V,ES023C,2020,271717,,,ES023C,ES,,2020,population_total,"Population on 1 January, total"
A,DE1001V,ES023C,2021,268896,,,ES023C,ES,,2021,population_total,"Population on 1 January, total"
A,DE1001V,ES023C,2022,267706,,,ES023C,ES,,2022,population_total,"Population on 1 January, total"
A,DE1001V,ES023C,2023,268948,,,ES023C,ES,,2023,population_total,"Population on 1 January, total"
A,DE1001V,ES024C,2015,356654,,,ES024C,ES,,2015,population_total,"Population on 1 January, total"
A,DE1001V,ES024C,2016,356696,,,ES024C,ES,,2016,population_total,"Population on 1 January, total"
A,DE1001V,ES024C,2017,357347,,,ES024C,ES,,2017,population_total,"Population on 1 January, total"
A,DE1001V,ES024C,2018,360405,,,ES024C,ES,,2018,population_total,"Population on 1 January, total"
A,DE1001V,ES024C,2019,364815,,,ES024C,ES,,2019,population_total,"Population on 1 January, total"
A,DE1001V,ES024C,2020,368105,,,ES024C,ES,,2020,population_total,"Population on 1 January, total"
A,DE1001V,ES024C,2021,366573,,,ES024C,ES,,2021,population_total,"Population on 1 January, total"
A,DE1001V,ES024C,2022,366503,,,ES024C,ES,,2022,population_total,"Population on 1 January, total"
A,DE1001V,ES024C,2023,368482,,,ES024C,ES,,2023,population_total,"Population on 1 January, total"
A,DE1001V,ES025C,2015,243870,,,ES025C,ES,,2015,population_total,"Population on 1 January, total"
A,DE1001V,ES025C,2016,243978,,,ES025C,ES,,2016,population_total,"Population on 1 January, total"
A,DE1001V,ES025C,2017,244099,,,ES025C,ES,,2017,population_total,"Population on 1 January, total"
A,DE1001V,ES025C,2018,244850,,,ES025C,ES,,2018,population_total,"Population on 1 January, total"
A,DE1001V,ES025C,2019,245711,,,ES025C,ES,,2019,population_total,"Population on 1 January, total"
A,DE1001V,ES025C,2020,247604,,,ES025C,ES,,2020,population_total,"Population on 1 January, total"
A,DE1001V,ES025C,2021,245468,,,ES025C,ES,,2021,population_total,"Population on 1 January, total"
A,DE1001V,ES025C,2022,244700,,,ES025C,ES,,2022,population_total,"Population on 1 January, total"
A,DE1001V,ES025C,2023,247350,,,ES025C,ES,,2023,population_total,"Population on 1 January, total"
A,DE1001V,ES026C,2015,103194,,,ES026C,ES,,2015,population_total,"Population on 1 January, total"
A,DE1001V,ES026C,2016,103615,,,ES026C,ES,,2016,population_total,"Population on 1 January, total"
A,DE1001V,ES026C,2017,103123,,,ES026C,ES,,2017,population_total,"Population on 1 January, total"
A,DE1001V,ES026C,2018,103477,,,ES026C,ES,,2018,population_total,"Population on 1 January, total"
A,DE1001V,ES026C,2019,104373,,,ES026C,ES,,2019,population_total,"Population on 1 January, total"
A,DE1001V,ES026C,2020,106168,,,ES026C,ES,,2020,population_total,"Population on 1 January, total"
A,DE1001V,ES026C,2021,106084,,,ES026C,ES,,2021,population_total,"Population on 1 January, total"
A,DE1001V,ES026C,2022,106741,,,ES026C,ES,,2022,population_total,"Population on 1 January, total"
A,DE1001V,ES026C,2023,108535,,,ES026C,ES,,2023,population_total,"Population on 1 January, total"
A,DE1001V,ES027C,2015,102078,,,ES027C,ES,,2015,population_total,"Population on 1 January, total"
A,DE1001V,ES027C,2016,102164,,,ES027C,ES,,2016,population_total,"Population on 1 January, total"
A,DE1001V,ES027C,2017,102005,,,ES027C,ES,,2017,population_total,"Population on 1 January, total"
A,DE1001V,ES027C,2018,102424,,,ES027C,ES,,2018,population_total,"Population on 1 January, total"
A,DE1001V,ES027C,2019,102647,,,ES027C,ES,,2019,population_total,"Population on 1 January, total"
A,DE1001V,ES027C,2020,102791,,,ES027C,ES,,2020,population_total,"Population on 1 January, total"
A,DE1001V,ES027C,2021,102769,,,ES027C,ES,,2021,population_total,"Population on 1 January, total"
A,DE1001V,ES027C,2022,102472,,,ES027C,ES,,2022,population_total,"Population on 1 January, total"
A,DE1001V,ES027C,2023,103240,,,ES027C,ES,,2023,population_total,"Population on 1 January, total"
A,DE1001V,ES028C,2015,98134,,,ES028C,ES,,2015,population_total,"Population on 1 January, total"
A,DE1001V,ES028C,2016,98268,,,ES028C,ES,,2016,population_total,"Population on 1 January, total"
A,DE1001V,ES028C,2017,97995,,,ES028C,ES,,2017,population_total,"Population on 1 January, total"
A,DE1001V,ES028C,2018,98025,,,ES028C,ES,,2018,population_total,"Population on 1 January, total"
A,DE1001V,ES028C,2019,98276,,,ES028C,ES,,2019,population_total,"Population on 1 January, total"
A,DE1001V,ES028C,2020,98519,,,ES028C,ES,,2020,population_total,"Population on 1 January, total"
A,DE1001V,ES028C,2021,97613,,,ES028C,ES,,2021,population_total,"Population on 1 January, total"
A,DE1001V,ES028C,2022,97211,,,ES028C,ES,,2022,population_total,"Population on 1 January, total"
A,DE1001V,ES028C,2023,98189,,,ES028C,ES,,2023,population_total,"Population on 1 January, total"
A,DE1001V,ES029C,2015,96131,,,ES029C,ES,,2015,population_total,"Population on 1 January, total"
A,DE1001V,ES029C,2016,95949,,,ES029C,ES,,2016,population_total,"Population on 1 January, total"
A,DE1001V,ES029C,2017,95643,,,ES029C,ES,,2017,population_total,"Population on 1 January, total"
A,DE1001V,ES029C,2018,95174,,,ES029C,ES,,2018,population_total,"Population on 1 January, total"
A,DE1001V,ES029C,2019,94979,,,ES029C,ES,,2019,population_total,"Population on 1 January, total"
A,DE1001V,ES029C,2020,95001,,,ES029C,ES,,2020,population_total,"Population on 1 January, total"
A,DE1001V,ES029C,2021,94867,,,ES029C,ES,,2021,population_total,"Population on 1 January, total"
A,DE1001V,ES029C,2022,94120,,,ES029C,ES,,2022,population_total,"Population on 1 January, total"
A,DE1001V,ES029C,2023,94072,,,ES029C,ES,,2023,population_total,"Population on 1 January, total"
A,DE1001V,ES030C,2015,97586,,,ES030C,ES,,2015,population_total,"Population on 1 January, total"
A,DE1001V,ES030C,2016,98255,,,ES030C,ES,,2016,population_total,"Population on 1 January, total"
A,DE1001V,ES030C,2017,99013,,,ES030C,ES,,2017,population_total,"Population on 1 January, total"
A,DE1001V,ES030C,2018,100266,,,ES030C,ES,,2018,population_total,"Population on 1 January, total"
A,DE1001V,ES030C,2019,101852,,,ES030C,ES,,2019,population_total,"Population on 1 January, total"
A,DE1001V,ES030C,2020,103369,,,ES030C,ES,,2020,population_total,"Population on 1 January, total"
A,DE1001V,ES030C,2021,101932,,,ES030C,ES,,2021,population_total,"Population on 1 January, total"
A,DE1001V,ES030C,2022,102666,,,ES030C,ES,,2022,population_total,"Population on 1 January, total"
A,DE1001V,ES030C,2023,104038,,,ES030C,ES,,2023,population_total,"Population on 1 January, total"
A,DE1001V,ES031C,2015,95617,,,ES031C,ES,,2015,population_total,"Population on 1 January, total"
A,DE1001V,ES031C,2016,95814,,,ES031C,ES,,2016,population_total,"Population on 1 January, total"
A,DE1001V,ES031C,2017,95917,,,ES031C,ES,,2017,population_total,"Population on 1 January, total"
A,DE1001V,ES031C,2018,96068,,,ES031C,ES,,2018,population_total,"Population on 1 January, total"
A,DE1001V,ES031C,2019,96126,,,ES031C,ES,,2019,population_total,"Population on 1 January, total"
A,DE1001V,ES031C,2020,96255,,,ES031C,ES,,2020,population_total,"Population on 1 January, total"
A,DE1001V,ES031C,2021,95418,,,ES031C,ES,,2021,population_total,"Population on 1 January, total"
A,DE1001V,ES031C,2022,95456,,,ES031C,ES,,2022,population_total,"Population on 1 January, total"
A,DE1001V,ES031C,2023,96195,,,ES031C,ES,,2023,population_total,"Population on 1 January, total"
A,DE1001V,ES032C,2015,88447,,,ES032C,ES,,2015,population_total,"Population on 1 January, total"
A,DE1001V,ES032C,2016,84213,,,ES032C,ES,,2016,population_total,"Population on 1 January, total"
A,DE1001V,ES032C,2017,83252,,,ES032C,ES,,2017,population_total,"Population on 1 January, total"
A,DE1001V,ES032C,2018,82599,,,ES032C,ES,,2018,population_total,"Population on 1 January, total"
A,DE1001V,ES032C,2019,83337,,,ES032C,ES,,2019,population_total,"Population on 1 January, total"
A,DE1001V,ES032C,2020,84667,,,ES032C,ES,,2020,population_total,"Population on 1 January, total"
A,DE1001V,ES032C,2021,82842,,,ES032C,ES,,2021,population_total,"Population on 1 January, total"
A,DE1001V,ES032C,2022,83547,,,ES032C,ES,,2022,population_total,"Population on 1 January, total"
A,DE1001V,ES032C,2023,89729,,,ES032C,ES,,2023,population_total,"Population on 1 January, total"
A,DE1001V,ES033C,2015,88335,,,ES033C,ES,,2015,population_total,"Population on 1 January, total"
A,DE1001V,ES033C,2016,88184,,,ES033C,ES,,2016,population_total,"Population on 1 January, total"
A,DE1001V,ES033C,2017,88430,,,ES033C,ES,,2017,population_total,"Population on 1 January, total"
A,DE1001V,ES033C,2018,88364,,,ES033C,ES,,2018,population_total,"Population on 1 January, total"
A,DE1001V,ES033C,2019,88405,,,ES033C,ES,,2019,population_total,"Population on 1 January, total"
A,DE1001V,ES033C,2020,88703,,,ES033C,ES,,2020,population_total,"Population on 1 January, total"
A,DE1001V,ES033C,2021,89060,,,ES033C,ES,,2021,population_total,"Population on 1 January, total"
A,DE1001V,ES033C,2022,89435,,,ES033C,ES,,2022,population_total,"Population on 1 January, total"
A,DE1001V,ES033C,2023,90197,,,ES033C,ES,,2023,population_total,"Population on 1 January, total"
A,DE1001V,ES034C,2015,80880,,,ES034C,ES,,2015,population_total,"Population on 1 January, total"
A,DE1001V,ES034C,2016,80114,,,ES034C,ES,,2016,population_total,"Population on 1 January, total"
A,DE1001V,ES034C,2017,79514,,,ES034C,ES,,2017,population_total,"Population on 1 January, total"
A,DE1001V,ES034C,2018,78715,,,ES034C,ES,,2018,population_total,"Population on 1 January, total"
A,DE1001V,ES034C,2019,78182,,,ES034C,ES,,2019,population_total,"Population on 1 January, total"
A,DE1001V,ES034C,2020,77791,,,ES034C,ES,,2020,population_total,"Population on 1 January, total"
A,DE1001V,ES034C,2021,76874,,,ES034C,ES,,2021,population_total,"Population on 1 January, total"
A,DE1001V,ES034C,2022,75877,,,ES034C,ES,,2022,population_total,"Population on 1 January, total"
A,DE1001V,ES034C,2023,75643,,,ES034C,ES,,2023,population_total,"Population on 1 January, total"
A,DE1001V,ES035C,2015,85150,,,ES035C,ES,,2015,population_total,"Population on 1 January, total"
A,DE1001V,ES035C,2016,84119,,,ES035C,ES,,2016,population_total,"Population on 1 January, total"
A,DE1001V,ES035C,2017,83303,,,ES035C,ES,,2017,population_total,"Population on 1 January, total"
A,DE1001V,ES035C,2018,83009,,,ES035C,ES,,2018,population_total,"Population on 1 January, total"
A,DE1001V,ES035C,2019,83417,,,ES035C,ES,,2019,population_total,"Population on 1 January, total"
A,DE1001V,ES035C,2020,83663,,,ES035C,ES,,2020,population_total,"Population on 1 January, total"
A,DE1001V,ES035C,2021,83477,,,ES035C,ES,,2021,population_total,"Population on 1 January, total"
A,DE1001V,ES035C,2022,83247,,,ES035C,ES,,2022,population_total,"Population on 1 January, total"
A,DE1001V,ES035C,2023,84102,,,ES035C,ES,,2023,population_total,"Population on 1 January, total"
A,DE1001V,ES036C,2015,79595,,,ES036C,ES,,2015,population_total,"Population on 1 January, total"
A,DE1001V,ES036C,2016,79137,,,ES036C,ES,,2016,population_total,"Population on 1 January, total"
A,DE1001V,ES036C,2017,78892,,,ES036C,ES,,2017,population_total,"Population on 1 January, total"
A,DE1001V,ES036C,2018,78629,,,ES036C,ES,,2018,population_total,"Population on 1 January, total"
A,DE1001V,ES036C,2019,78412,,,ES036C,ES,,2019,population_total,"Population on 1 January, total"
A,DE1001V,ES036C,2020,78144,,,ES036C,ES,,2020,population_total,"Population on 1 January, total"
A,DE1001V,ES036C,2021,77090,,,ES036C,ES,,2021,population_total,"Population on 1 January, total"
A,DE1001V,ES036C,2022,76302,,,ES036C,ES,,2022,population_total,"Population on 1 January, total"
A,DE1001V,ES036C,2023,76266,,,ES036C,ES,,2023,population_total,"Population on 1 January, total"
A,DE1001V,ES037C,2015,69452,,,ES037C,ES,,2015,population_total,"Population on 1 January, total"
A,DE1001V,ES037C,2016,68308,,,ES037C,ES,,2016,population_total,"Population on 1 January, total"
A,DE1001V,ES037C,2017,67569,,,ES037C,ES,,2017,population_total,"Population on 1 January, total"
A,DE1001V,ES037C,2018,66799,,,ES037C,ES,,2018,population_total,"Population on 1 January, total"
A,DE1001V,ES037C,2019,66065,,,ES037C,ES,,2019,population_total,"Population on 1 January, total"
A,DE1001V,ES037C,2020,65560,,,ES037C,ES,,2020,population_total,"Population on 1 January, total"
A,DE1001V,ES037C,2021,64785,,,ES037C,ES,,2021,population_total,"Population on 1 January, total"
A,DE1001V,ES037C,2022,64158,,,ES037C,ES,,2022,population_total,"Population on 1 January, total"
A,DE1001V,ES037C,2023,64005,,,ES037C,ES,,2023,population_total,"Population on 1 January, total"
A,DE1001V,ES038C,2015,82539,,,ES038C,ES,,2015,population_total,"Population on 1 January, total"
A,DE1001V,ES038C,2016,82549,,,ES038C,ES,,2016,population_total,"Population on 1 January, total"
A,DE1001V,ES038C,2017,82671,,,ES038C,ES,,2017,population_total,"Population on 1 January, total"
A,DE1001V,ES038C,2018,82802,,,ES038C,ES,,2018,population_total,"Population on 1 January, total"
A,DE1001V,ES038C,2019,83029,,,ES038C,ES,,2019,population_total,"Population on 1 January, total"
A,DE1001V,ES038C,2020,83260,,,ES038C,ES,,2020,population_total,"Population on 1 January, total"
A,DE1001V,ES038C,2021,83114,,,ES038C,ES,,2021,population_total,"Population on 1 January, total"
A,DE1001V,ES038C,2022,82828,,,ES038C,ES,,2022,population_total,"Population on 1 January, total"
A,DE1001V,ES038C,2023,82592,,,ES038C,ES,,2023,population_total,"Population on 1 January, total"
A,DE1001V,ES039C,2015,84263,,,ES039C,ES,,2015,population_total,"Population on 1 January, total"
A,DE1001V,ES039C,2016,84519,,,ES039C,ES,,2016,population_total,"Population on 1 January, total"
A,DE1001V,ES039C,2017,84959,,,ES039C,ES,,2017,population_total,"Population on 1 January, total"
A,DE1001V,ES039C,2018,85144,,,ES039C,ES,,2018,population_total,"Population on 1 January, total"
A,DE1001V,ES039C,2019,84777,,,ES039C,ES,,2019,population_total,"Population on 1 January, total"
A,DE1001V,ES039C,2020,84202,,,ES039C,ES,,2020,population_total,"Population on 1 January, total"
A,DE1001V,ES039C,2021,83517,,,ES039C,ES,,2021,population_total,"Population on 1 January, total"
A,DE1001V,ES039C,2022,83117,,,ES039C,ES,,2022,population_total,"Population on 1 January, total"
A,DE1001V,ES039C,2023,83052,,,ES039C,ES,,2023,population_total,"Population on 1 January, total"
A,DE1001V,ES040C,2015,75514,,,ES040C,ES,,2015,population_total,"Population on 1 January, total"
A,DE1001V,ES040C,2016,74814,,,ES040C,ES,,2016,population_total,"Population on 1 January, total"
A,DE1001V,ES040C,2017,74121,,,ES040C,ES,,2017,population_total,"Population on 1 January, total"
A,DE1001V,ES040C,2018,73829,,,ES040C,ES,,2018,population_total,"Population on 1 January, total"
A,DE1001V,ES040C,2019,74562,,,ES040C,ES,,2019,population_total,"Population on 1 January, total"
A,DE1001V,ES040C,2020,75798,,,ES040C,ES,,2020,population_total,"Population on 1 January, total"
A,DE1001V,ES040C,2021,75970,,,ES040C,ES,,2021,population_total,"Population on 1 January, total"
A,DE1001V,ES040C,2022,75911,,,ES040C,ES,,2022,population_total,"Population on 1 January, total"
A,DE1001V,ES040C,2023,77916,,,ES040C,ES,,2023,population_total,"Population on 1 January, total"
A,DE1001V,ES041C,2015,83391,,,ES041C,ES,,2015,population_total,"Population on 1 January, total"
A,DE1001V,ES041C,2016,83633,,,ES041C,ES,,2016,population_total,"Population on 1 January, total"
A,DE1001V,ES041C,2017,84145,,,ES041C,ES,,2017,population_total,"Population on 1 January, total"
A,DE1001V,ES041C,2018,84910,,,ES041C,ES,,2018,population_total,"Population on 1 January, total"
A,DE1001V,ES041C,2019,85871,,,ES041C,ES,,2019,population_total,"Population on 1 January, total"
A,DE1001V,ES041C,2020,87484,,,ES041C,ES,,2020,population_total,"Population on 1 January, total"
A,DE1001V,ES041C,2021,87064,,,ES041C,ES,,2021,population_total,"Population on 1 January, total"
A,DE1001V,ES041C,2022,87452,,,ES041C,ES,,2022,population_total,"Population on 1 January, total"
A,DE1001V,ES041C,2023,88886,,,ES041C,ES,,2023,population_total,"Population on 1 January, total"
A,DE1001V,ES042C,2015,74655,,,ES042C,ES,,2015,population_total,"Population on 1 January, total"
A,DE1001V,ES042C,2016,74752,,,ES042C,ES,,2016,population_total,"Population on 1 January, total"
A,DE1001V,ES042C,2017,75152,,,ES042C,ES,,2017,population_total,"Population on 1 January, total"
A,DE1001V,ES042C,2018,76250,,,ES042C,ES,,2018,population_total,"Population on 1 January, total"
A,DE1001V,ES042C,2019,77714,,,ES042C,ES,,2019,population_total,"Population on 1 January, total"
A,DE1001V,ES042C,2020,78245,,,ES042C,ES,,2020,population_total,"Population on 1 January, total"
A,DE1001V,ES042C,2021,78192,,,ES042C,ES,,2021,population_total,"Population on 1 January, total"
A,DE1001V,ES042C,2022,77452,,,ES042C,ES,,2022,population_total,"Population on 1 January, total"
A,DE1001V,ES042C,2023,78570,,,ES042C,ES,,2023,population_total,"Population on 1 January, total"
A,DE1001V,ES043C,2015,74427,,,ES043C,ES,,2015,population_total,"Population on 1 January, total"
A,DE1001V,ES043C,2016,74054,,,ES043C,ES,,2016,population_total,"Population on 1 January, total"
A,DE1001V,ES043C,2017,74641,,,ES043C,ES,,2017,population_total,"Population on 1 January, total"
A,DE1001V,ES043C,2018,74743,,,ES043C,ES,,2018,population_total,"Population on 1 January, total"
A,DE1001V,ES043C,2019,74746,,,ES043C,ES,,2019,population_total,"Population on 1 January, total"
A,DE1001V,ES043C,2020,75504,,,ES043C,ES,,2020,population_total,"Population on 1 January, total"
A,DE1001V,ES043C,2021,75104,,,ES043C,ES,,2021,population_total,"Population on 1 January, total"
A,DE1001V,ES043C,2022,74850,,,ES043C,ES,,2022,population_total,"Population on 1 January, total"
A,DE1001V,ES043C,2023,75254,,,ES043C,ES,,2023,population_total,"Population on 1 January, total"
A,DE1001V,ES044C,2015,69045,,,ES044C,ES,,2015,population_total,"Population on 1 January, total"
A,DE1001V,ES044C,2016,66642,,,ES044C,ES,,2016,population_total,"Population on 1 January, total"
A,DE1001V,ES044C,2017,66831,,,ES044C,ES,,2017,population_total,"Population on 1 January, total"
A,DE1001V,ES044C,2018,67558,,,ES044C,ES,,2018,population_total,"Population on 1 January, total"
A,DE1001V,ES044C,2019,68721,,,ES044C,ES,,2019,population_total,"Population on 1 January, total"
A,DE1001V,ES044C,2020,70450,,,ES044C,ES,,2020,population_total,"Population on 1 January, total"
A,DE1001V,ES044C,2021,69118,,,ES044C,ES,,2021,population_total,"Population on 1 January, total"
A,DE1001V,ES044C,2022,69738,,,ES044C,ES,,2022,population_total,"Population on 1 January, total"
A,DE1001V,ES044C,2023,72184,,,ES044C,ES,,2023,population_total,"Population on 1 January, total"
A,DE1001V,ES045C,2015,85584,,,ES045C,ES,,2015,population_total,"Population on 1 January, total"
A,DE1001V,ES045C,2016,86026,,,ES045C,ES,,2016,population_total,"Population on 1 January, total"
A,DE1001V,ES045C,2017,86120,,,ES045C,ES,,2017,population_total,"Population on 1 January, total"
A,DE1001V,ES045C,2018,86384,,,ES045C,ES,,2018,population_total,"Population on 1 January, total"
A,DE1001V,ES045C,2019,86487,,,ES045C,ES,,2019,population_total,"Population on 1 January, total"
A,DE1001V,ES045C,2020,87076,,,ES045C,ES,,2020,population_total,"Population on 1 January, total"
A,DE1001V,ES045C,2021,86261,,,ES045C,ES,,2021,population_total,"Population on 1 January, total"
A,DE1001V,ES045C,2022,85170,,,ES045C,ES,,2022,population_total,"Population on 1 January, total"
A,DE1001V,ES045C,2023,85493,,,ES045C,ES,,2023,population_total,"Population on 1 January, total"
A,DE1001V,ES046C,2015,66884,,,ES046C,ES,,2015,population_total,"Population on 1 January, total"
A,DE1001V,ES046C,2016,66447,,,ES046C,ES,,2016,population_total,"Population on 1 January, total"
A,DE1001V,ES046C,2017,65788,,,ES046C,ES,,2017,population_total,"Population on 1 January, total"
A,DE1001V,ES046C,2018,65239,,,ES046C,ES,,2018,population_total,"Population on 1 January, total"
A,DE1001V,ES046C,2019,64674,,,ES046C,ES,,2019,population_total,"Population on 1 January, total"
A,DE1001V,ES046C,2020,64509,,,ES046C,ES,,2020,population_total,"Population on 1 January, total"
A,DE1001V,ES046C,2021,63747,,,ES046C,ES,,2021,population_total,"Population on 1 January, total"
A,DE1001V,ES046C,2022,63052,,,ES046C,ES,,2022,population_total,"Population on 1 January, total"
A,DE1001V,ES046C,2023,62941,,,ES046C,ES,,2023,population_total,"Population on 1 January, total"
A,DE1001V,ES047C,2015,63831,,,ES047C,ES,,2015,population_total,"Population on 1 January, total"
A,DE1001V,ES047C,2016,63217,,,ES047C,ES,,2016,population_total,"Population on 1 January, total"
A,DE1001V,ES047C,2017,62389,,,ES047C,ES,,2017,population_total,"Population on 1 January, total"
A,DE1001V,ES047C,2018,61827,,,ES047C,ES,,2018,population_total,"Population on 1 January, total"
A,DE1001V,ES047C,2019,61406,,,ES047C,ES,,2019,population_total,"Population on 1 January, total"
A,DE1001V,ES047C,2020,60988,,,ES047C,ES,,2020,population_total,"Population on 1 January, total"
A,DE1001V,ES047C,2021,60297,,,ES047C,ES,,2021,population_total,"Population on 1 January, total"
A,DE1001V,ES047C,2022,59475,,,ES047C,ES,,2022,population_total,"Population on 1 January, total"
A,DE1001V,ES047C,2023,59362,,,ES047C,ES,,2023,population_total,"Population on 1 January, total"
A,DE1001V,ES048C,2015,77525,,,ES048C,ES,,2015,population_total,"Population on 1 January, total"
A,DE1001V,ES048C,2016,77486,,,ES048C,ES,,2016,population_total,"Population on 1 January, total"
A,DE1001V,ES048C,2017,74929,,,ES048C,ES,,2017,population_total,"Population on 1 January, total"
A,DE1001V,ES048C,2018,75396,,,ES048C,ES,,2018,population_total,"Population on 1 January, total"
A,DE1001V,ES048C,2019,80309,,,ES048C,ES,,2019,population_total,"Population on 1 January, total"
A,DE1001V,ES048C,2020,82837,,,ES048C,ES,,2020,population_total,"Population on 1 January, total"
A,DE1001V,ES048C,2021,82585,,,ES048C,ES,,2021,population_total,"Population on 1 January, total"
A,DE1001V,ES048C,2022,83226,,,ES048C,ES,,2022,population_total,"Population on 1 January, total"
A,DE1001V,ES048C,2023,85136,,,ES048C,ES,,2023,population_total,"Population on 1 January, total"
A,DE1001V,ES049C,2015,67433,,,ES049C,ES,,2015,population_total,"Population on 1 January, total"
A,DE1001V,ES049C,2016,67620,,,ES049C,ES,,2016,population_total,"Population on 1 January, total"
A,DE1001V,ES049C,2017,67640,,,ES049C,ES,,2017,population_total,"Population on 1 January, total"
A,DE1001V,ES049C,2018,68037,,,ES049C,ES,,2018,population_total,"Population on 1 January, total"
A,DE1001V,ES049C,2019,68684,,,ES049C,ES,,2019,population_total,"Population on 1 January, total"
A,DE1001V,ES049C,2020,69205,,,ES049C,ES,,2020,population_total,"Population on 1 January, total"
A,DE1001V,ES049C,2021,69507,,,ES049C,ES,,2021,population_total,"Population on 1 January, total"
A,DE1001V,ES049C,2022,69727,,,ES049C,ES,,2022,population_total,"Population on 1 January, total"
A,DE1001V,ES049C,2023,69819,,,ES049C,ES,,2023,population_total,"Population on 1 January, total"
A,DE1001V,ES050C,2015,65684,,,ES050C,ES,,2015,population_total,"Population on 1 January, total"
A,DE1001V,ES050C,2016,65972,,,ES050C,ES,,2016,population_total,"Population on 1 January, total"
A,DE1001V,ES050C,2017,66077,,,ES050C,ES,,2017,population_total,"Population on 1 January, total"
A,DE1001V,ES050C,2018,66274,,,ES050C,ES,,2018,population_total,"Population on 1 January, total"
A,DE1001V,ES050C,2019,67086,,,ES050C,ES,,2019,population_total,"Population on 1 January, total"
A,DE1001V,ES050C,2020,67733,,,ES050C,ES,,2020,population_total,"Population on 1 January, total"
A,DE1001V,ES050C,2021,67458,,,ES050C,ES,,2021,population_total,"Population on 1 January, total"
A,DE1001V,ES050C,2022,68152,,,ES050C,ES,,2022,population_total,"Population on 1 January, total"
A,DE1001V,ES050C,2023,68768,,,ES050C,ES,,2023,population_total,"Population on 1 January, total"
A,DE1001V,ES051C,2015,63352,,,ES051C,ES,,2015,population_total,"Population on 1 January, total"
A,DE1001V,ES051C,2016,63278,,,ES051C,ES,,2016,population_total,"Population on 1 January, total"
A,DE1001V,ES051C,2017,63146,,,ES051C,ES,,2017,population_total,"Population on 1 January, total"
A,DE1001V,ES051C,2018,62940,,,ES051C,ES,,2018,population_total,"Population on 1 January, total"
A,DE1001V,ES051C,2019,63147,,,ES051C,ES,,2019,population_total,"Population on 1 January, total"
A,DE1001V,ES051C,2020,63630,,,ES051C,ES,,2020,population_total,"Population on 1 January, total"
A,DE1001V,ES051C,2021,63365,,,ES051C,ES,,2021,population_total,"Population on 1 January, total"
A,DE1001V,ES051C,2022,63271,,,ES051C,ES,,2022,population_total,"Population on 1 January, total"
A,DE1001V,ES051C,2023,64739,,,ES051C,ES,,2023,population_total,"Population on 1 January, total"
A,DE1001V,ES052C,2015,67492,,,ES052C,ES,,2015,population_total,"Population on 1 January, total"
A,DE1001V,ES052C,2016,67786,,,ES052C,ES,,2016,population_total,"Population on 1 January, total"
A,DE1001V,ES052C,2017,67701,,,ES052C,ES,,2017,population_total,"Population on 1 January, total"
A,DE1001V,ES052C,2018,68262,,,ES052C,ES,,2018,population_total,"Population on 1 January, total"
A,DE1001V,ES052C,2019,68661,,,ES052C,ES,,2019,population_total,"Population on 1 January, total"
A,DE1001V,ES052C,2020,69166,,,ES052C,ES,,2020,population_total,"Population on 1 January, total"
A,DE1001V,ES052C,2021,68056,,,ES052C,ES,,2021,population_total,"Population on 1 January, total"
A,DE1001V,ES052C,2022,68819,,,ES052C,ES,,2022,population_total,"Population on 1 January, total"
A,DE1001V,ES052C,2023,70345,,,ES052C,ES,,2023,population_total,"Population on 1 January, total"
A,DE1001V,ES053C,2015,61481,,,ES053C,ES,,2015,population_total,"Population on 1 January, total"
A,DE1001V,ES053C,2016,61608,,,ES053C,ES,,2016,population_total,"Population on 1 January, total"
A,DE1001V,ES053C,2017,61855,,,ES053C,ES,,2017,population_total,"Population on 1 January, total"
A,DE1001V,ES053C,2018,61983,,,ES053C,ES,,2018,population_total,"Population on 1 January, total"
A,DE1001V,ES053C,2019,62401,,,ES053C,ES,,2019,population_total,"Population on 1 January, total"
A,DE1001V,ES053C,2020,62910,,,ES053C,ES,,2020,population_total,"Population on 1 January, total"
A,DE1001V,ES053C,2021,62933,,,ES053C,ES,,2021,population_total,"Population on 1 January, total"
A,DE1001V,ES053C,2022,62635,,,ES053C,ES,,2022,population_total,"Population on 1 January, total"
A,DE1001V,ES053C,2023,62853,,,ES053C,ES,,2023,population_total,"Population on 1 January, total"
A,DE1001V,ES054C,2015,60101,,,ES054C,ES,,2015,population_total,"Population on 1 January, total"
A,DE1001V,ES054C,2016,60174,,,ES054C,ES,,2016,population_total,"Population on 1 January, total"
A,DE1001V,ES054C,2017,60695,,,ES054C,ES,,2017,population_total,"Population on 1 January, total"
A,DE1001V,ES054C,2018,60981,,,ES054C,ES,,2018,population_total,"Population on 1 January, total"
A,DE1001V,ES054C,2019,61275,,,ES054C,ES,,2019,population_total,"Population on 1 January, total"
A,DE1001V,ES054C,2020,62419,,,ES054C,ES,,2020,population_total,"Population on 1 January, total"
A,DE1001V,ES054C,2021,62475,,,ES054C,ES,,2021,population_total,"Population on 1 January, total"
A,DE1001V,ES054C,2022,61983,,,ES054C,ES,,2022,population_total,"Population on 1 January, total"
A,DE1001V,ES054C,2023,62950,,,ES054C,ES,,2023,population_total,"Population on 1 January, total"
A,DE1001V,ES055C,2015,56940,,,ES055C,ES,,2015,population_total,"Population on 1 January, total"
A,DE1001V,ES055C,2016,58537,,,ES055C,ES,,2016,population_total,"Population on 1 January, total"
A,DE1001V,ES055C,2017,59771,,,ES055C,ES,,2017,population_total,"Population on 1 January, total"
A,DE1001V,ES055C,2018,61351,,,ES055C,ES,,2018,population_total,"Population on 1 January, total"
A,DE1001V,ES055C,2019,62988,,,ES055C,ES,,2019,population_total,"Population on 1 January, total"
A,DE1001V,ES055C,2020,64645,,,ES055C,ES,,2020,population_total,"Population on 1 January, total"
A,DE1001V,ES055C,2021,64497,,,ES055C,ES,,2021,population_total,"Population on 1 January, total"
A,DE1001V,ES055C,2022,63750,,,ES055C,ES,,2022,population_total,"Population on 1 January, total"
A,DE1001V,ES055C,2023,64735,,,ES055C,ES,,2023,population_total,"Population on 1 January, total"
A,DE1001V,ES056C,2015,87834,,,ES056C,ES,,2015,population_total,"Population on 1 January, total"
A,DE1001V,ES056C,2016,87278,,,ES056C,ES,,2016,population_total,"Population on 1 January, total"
A,DE1001V,ES056C,2017,87153,,,ES056C,ES,,2017,population_total,"Population on 1 January, total"
A,DE1001V,ES056C,2018,86883,,,ES056C,ES,,2018,population_total,"Population on 1 January, total"
A,DE1001V,ES056C,2019,86894,,,ES056C,ES,,2019,population_total,"Population on 1 January, total"
A,DE1001V,ES056C,2020,87054,,,ES056C,ES,,2020,population_total,"Population on 1 January, total"
A,DE1001V,ES056C,2021,86560,,,ES056C,ES,,2021,population_total,"Population on 1 January, total"
A,DE1001V,ES056C,2022,86275,,,ES056C,ES,,2022,population_total,"Population on 1 January, total"
A,DE1001V,ES056C,2023,87051,,,ES056C,ES,,2023,population_total,"Population on 1 January, total"
A,DE1001V,ES057C,2015,69069,,,ES057C,ES,,2015,population_total,"Population on 1 January, total"
A,DE1001V,ES057C,2016,69178,,,ES057C,ES,,2016,population_total,"Population on 1 January, total"
A,DE1001V,ES057C,2017,70396,,,ES057C,ES,,2017,population_total,"Population on 1 January, total"
A,DE1001V,ES057C,2018,71863,,,ES057C,ES,,2018,population_total,"Population on 1 January, total"
A,DE1001V,ES057C,2019,73328,,,ES057C,ES,,2019,population_total,"Population on 1 January, total"
A,DE1001V,ES057C,2020,74602,,,ES057C,ES,,2020,population_total,"Population on 1 January, total"
A,DE1001V,ES057C,2021,73573,,,ES057C,ES,,2021,population_total,"Population on 1 January, total"
A,DE1001V,ES057C,2022,74560,,,ES057C,ES,,2022,population_total,"Population on 1 January, total"
A,DE1001V,ES057C,2023,76418,,,ES057C,ES,,2023,population_total,"Population on 1 January, total"
A,DE1001V,ES058C,2015,51650,,,ES058C,ES,,2015,population_total,"Population on 1 January, total"
A,DE1001V,ES058C,2016,51491,,,ES058C,ES,,2016,population_total,"Population on 1 January, total"
A,DE1001V,ES058C,2017,51128,,,ES058C,ES,,2017,population_total,"Population on 1 January, total"
A,DE1001V,ES058C,2018,51133,,,ES058C,ES,,2018,population_total,"Population on 1 January, total"
A,DE1001V,ES058C,2019,51318,,,ES058C,ES,,2019,population_total,"Population on 1 January, total"
A,DE1001V,ES058C,2020,51600,,,ES058C,ES,,2020,population_total,"Population on 1 January, total"
A,DE1001V,ES058C,2021,51151,,,ES058C,ES,,2021,population_total,"Population on 1 January, total"
A,DE1001V,ES058C,2022,51294,,,ES058C,ES,,2022,population_total,"Population on 1 January, total"
A,DE1001V,ES058C,2023,51692,,,ES058C,ES,,2023,population_total,"Population on 1 January, total"
A,DE1001V,ES059C,2015,398707,,,ES059C,ES,,2015,population_total,"Population on 1 January, total"
A,DE1001V,ES059C,2016,399562,,,ES059C,ES,,2016,population_total,"Population on 1 January, total"
A,DE1001V,ES059C,2017,398847,,,ES059C,ES,,2017,population_total,"Population on 1 January, total"
A,DE1001V,ES059C,2018,399456,,,ES059C,ES,,2018,population_total,"Population on 1 January, total"
A,DE1001V,ES059C,2019,401574,,,ES059C,ES,,2019,population_total,"Population on 1 January, total"
A,DE1001V,ES059C,2020,404809,,,ES059C,ES,,2020,population_total,"Population on 1 January, total"
A,DE1001V,ES059C,2021,404535,,,ES059C,ES,,2021,population_total,"Population on 1 January, total"
A,DE1001V,ES059C,2022,402613,,,ES059C,ES,,2022,population_total,"Population on 1 January, total"
A,DE1001V,ES059C,2023,408869,,,ES059C,ES,,2023,population_total,"Population on 1 January, total"
A,DE1001V,ES060C,2015,227312,,,ES060C,ES,,2015,population_total,"Population on 1 January, total"
A,DE1001V,ES060C,2016,227659,,,ES060C,ES,,2016,population_total,"Population on 1 January, total"
A,DE1001V,ES060C,2017,228675,,,ES060C,ES,,2017,population_total,"Population on 1 January, total"
A,DE1001V,ES060C,2018,230625,,,ES060C,ES,,2018,population_total,"Population on 1 January, total"
A,DE1001V,ES060C,2019,232517,,,ES060C,ES,,2019,population_total,"Population on 1 January, total"
A,DE1001V,ES060C,2020,234765,,,ES060C,ES,,2020,population_total,"Population on 1 January, total"
A,DE1001V,ES060C,2021,234205,,,ES060C,ES,,2021,population_total,"Population on 1 January, total"
A,DE1001V,ES060C,2022,235580,,,ES060C,ES,,2022,population_total,"Population on 1 January, total"
A,DE1001V,ES060C,2023,238285,,,ES060C,ES,,2023,population_total,"Population on 1 January, total"
A,DE1001V,ES061C,2015,216301,,,ES061C,ES,,2015,population_total,"Population on 1 January, total"
A,DE1001V,ES061C,2016,214759,,,ES061C,ES,,2016,population_total,"Population on 1 January, total"
A,DE1001V,ES061C,2017,214177,,,ES061C,ES,,2017,population_total,"Population on 1 January, total"
A,DE1001V,ES061C,2018,213943,,,ES061C,ES,,2018,population_total,"Population on 1 January, total"
A,DE1001V,ES061C,2019,214802,,,ES061C,ES,,2019,population_total,"Population on 1 January, total"
A,DE1001V,ES061C,2020,216108,,,ES061C,ES,,2020,population_total,"Population on 1 January, total"
A,DE1001V,ES061C,2021,216365,,,ES061C,ES,,2021,population_total,"Population on 1 January, total"
A,DE1001V,ES061C,2022,216961,,,ES061C,ES,,2022,population_total,"Population on 1 January, total"
A,DE1001V,ES061C,2023,218196,,,ES061C,ES,,2023,population_total,"Population on 1 January, total"
A,DE1001V,ES062C,2015,212876,,,ES062C,ES,,2015,population_total,"Population on 1 January, total"
A,DE1001V,ES062C,2016,212830,,,ES062C,ES,,2016,population_total,"Population on 1 January, total"
A,DE1001V,ES062C,2017,212915,,,ES062C,ES,,2017,population_total,"Population on 1 January, total"
A,DE1001V,ES062C,2018,212879,,,ES062C,ES,,2018,population_total,"Population on 1 January, total"
A,DE1001V,ES062C,2019,212749,,,ES062C,ES,,2019,population_total,"Population on 1 January, total"
A,DE1001V,ES062C,2020,213105,,,ES062C,ES,,2020,population_total,"Population on 1 January, total"
A,DE1001V,ES062C,2021,212801,,,ES062C,ES,,2021,population_total,"Population on 1 January, total"
A,DE1001V,ES062C,2022,212730,,,ES062C,ES,,2022,population_total,"Population on 1 January, total"
A,DE1001V,ES062C,2023,214294,,,ES062C,ES,,2023,population_total,"Population on 1 January, total"
A,DE1001V,ES063C,2015,186095,,,ES063C,ES,,2015,population_total,"Population on 1 January, total"
A,DE1001V,ES063C,2016,186064,,,ES063C,ES,,2016,population_total,"Population on 1 January, total"
A,DE1001V,ES063C,2017,186370,,,ES063C,ES,,2017,population_total,"Population on 1 January, total"
A,DE1001V,ES063C,2018,186665,,,ES063C,ES,,2018,population_total,"Population on 1 January, total"
A,DE1001V,ES063C,2019,187415,,,ES063C,ES,,2019,population_total,"Population on 1 January, total"
A,DE1001V,ES063C,2020,188240,,,ES063C,ES,,2020,population_total,"Population on 1 January, total"
A,DE1001V,ES063C,2021,188102,,,ES063C,ES,,2021,population_total,"Population on 1 January, total"
A,DE1001V,ES063C,2022,187849,,,ES063C,ES,,2022,population_total,"Population on 1 January, total"
A,DE1001V,ES063C,2023,188136,,,ES063C,ES,,2023,population_total,"Population on 1 January, total"
A,DE1001V,ES064C,2015,198750,,,ES064C,ES,,2015,population_total,"Population on 1 January, total"
A,DE1001V,ES064C,2016,195907,,,ES064C,ES,,2016,population_total,"Population on 1 January, total"
A,DE1001V,ES064C,2017,194310,,,ES064C,ES,,2017,population_total,"Population on 1 January, total"
A,DE1001V,ES064C,2018,193751,,,ES064C,ES,,2018,population_total,"Population on 1 January, total"
A,DE1001V,ES064C,2019,195649,,,ES064C,ES,,2019,population_total,"Population on 1 January, total"
A,DE1001V,ES064C,2020,197562,,,ES064C,ES,,2020,population_total,"Population on 1 January, total"
A,DE1001V,ES064C,2021,195982,,,ES064C,ES,,2021,population_total,"Population on 1 January, total"
A,DE1001V,ES064C,2022,196888,,,ES064C,ES,,2022,population_total,"Population on 1 January, total"
A,DE1001V,ES064C,2023,198348,,,ES064C,ES,,2023,population_total,"Population on 1 January, total"
A,DE1001V,ES065C,2015,194203,,,ES065C,ES,,2015,population_total,"Population on 1 January, total"
A,DE1001V,ES065C,2016,194515,,,ES065C,ES,,2016,population_total,"Population on 1 January, total"
A,DE1001V,ES065C,2017,195389,,,ES065C,ES,,2017,population_total,"Population on 1 January, total"
A,DE1001V,ES065C,2018,196851,,,ES065C,ES,,2018,population_total,"Population on 1 January, total"
A,DE1001V,ES065C,2019,198533,,,ES065C,ES,,2019,population_total,"Population on 1 January, total"
A,DE1001V,ES065C,2020,201322,,,ES065C,ES,,2020,population_total,"Population on 1 January, total"
A,DE1001V,ES065C,2021,200753,,,ES065C,ES,,2021,population_total,"Population on 1 January, total"
A,DE1001V,ES065C,2022,199237,,,ES065C,ES,,2022,population_total,"Population on 1 January, total"
A,DE1001V,ES065C,2023,200665,,,ES065C,ES,,2023,population_total,"Population on 1 January, total"
A,DE1001V,ES066C,2015,177100,,,ES066C,ES,,2015,population_total,"Population on 1 January, total"
A,DE1001V,ES066C,2016,176608,,,ES066C,ES,,2016,population_total,"Population on 1 January, total"
A,DE1001V,ES066C,2017,175623,,,ES066C,ES,,2017,population_total,"Population on 1 January, total"
A,DE1001V,ES066C,2018,175921,,,ES066C,ES,,2018,population_total,"Population on 1 January, total"
A,DE1001V,ES066C,2019,175821,,,ES066C,ES,,2019,population_total,"Population on 1 January, total"
A,DE1001V,ES066C,2020,176418,,,ES066C,ES,,2020,population_total,"Population on 1 January, total"
A,DE1001V,ES066C,2021,174051,,,ES066C,ES,,2021,population_total,"Population on 1 January, total"
A,DE1001V,ES066C,2022,173483,,,ES066C,ES,,2022,population_total,"Population on 1 January, total"
A,DE1001V,ES066C,2023,174585,,,ES066C,ES,,2023,population_total,"Population on 1 January, total"
A,DE1001V,ES067C,2015,146438,,,ES067C,ES,,2015,population_total,"Population on 1 January, total"
A,DE1001V,ES067C,2016,144949,,,ES067C,ES,,2016,population_total,"Population on 1 January, total"
A,DE1001V,ES067C,2017,144436,,,ES067C,ES,,2017,population_total,"Population on 1 January, total"
A,DE1001V,ES067C,2018,143978,,,ES067C,ES,,2018,population_total,"Population on 1 January, total"
A,DE1001V,ES067C,2019,144228,,,ES067C,ES,,2019,population_total,"Population on 1 January, total"
A,DE1001V,ES067C,2020,144825,,,ES067C,ES,,2020,population_total,"Population on 1 January, total"
A,DE1001V,ES067C,2021,143269,,,ES067C,ES,,2021,population_total,"Population on 1 January, total"
A,DE1001V,ES067C,2022,142412,,,ES067C,ES,,2022,population_total,"Population on 1 January, total"
A,DE1001V,ES067C,2023,143666,,,ES067C,ES,,2023,population_total,"Population on 1 January, total"
A,DE1001V,ES068C,2015,172121,,,ES068C,ES,,2015,population_total,"Population on 1 January, total"
A,DE1001V,ES068C,2016,172426,,,ES068C,ES,,2016,population_total,"Population on 1 January, total"
A,DE1001V,ES068C,2017,172816,,,ES068C,ES,,2017,population_total,"Population on 1 January, total"
A,DE1001V,ES068C,2018,173050,,,ES068C,ES,,2018,population_total,"Population on 1 January, total"
A,DE1001V,ES068C,2019,173329,,,ES068C,ES,,2019,population_total,"Population on 1 January, total"
A,DE1001V,ES068C,2020,174336,,,ES068C,ES,,2020,population_total,"Population on 1 January, total"
A,DE1001V,ES068C,2021,172722,,,ES068C,ES,,2021,population_total,"Population on 1 January, total"
A,DE1001V,ES068C,2022,172357,,,ES068C,ES,,2022,population_total,"Population on 1 January, total"
A,DE1001V,ES068C,2023,173202,,,ES068C,ES,,2023,population_total,"Population on 1 January, total"
A,DE1001V,ES069C,2015,171669,,,ES069C,ES,,2015,population_total,"Population on 1 January, total"
A,DE1001V,ES069C,2016,170990,,,ES069C,ES,,2016,population_total,"Population on 1 January, total"
A,DE1001V,ES069C,2017,169498,,,ES069C,ES,,2017,population_total,"Population on 1 January, total"
A,DE1001V,ES069C,2018,170888,,,ES069C,ES,,2018,population_total,"Population on 1 January, total"
A,DE1001V,ES069C,2019,171728,,,ES069C,ES,,2019,population_total,"Population on 1 January, total"
A,DE1001V,ES069C,2020,174264,,,ES069C,ES,,2020,population_total,"Population on 1 January, total"
A,DE1001V,ES069C,2021,172589,,,ES069C,ES,,2021,population_total,"Population on 1 January, total"
A,DE1001V,ES069C,2022,171857,,,ES069C,ES,,2022,population_total,"Population on 1 January, total"
A,DE1001V,ES069C,2023,175915,,,ES069C,ES,,2023,population_total,"Population on 1 January, total"
A,DE1001V,ES070C,2015,146318,,,ES070C,ES,,2015,population_total,"Population on 1 January, total"
A,DE1001V,ES070C,2016,145468,,,ES070C,ES,,2016,population_total,"Population on 1 January, total"
A,DE1001V,ES070C,2017,145115,,,ES070C,ES,,2017,population_total,"Population on 1 January, total"
A,DE1001V,ES070C,2018,144258,,,ES070C,ES,,2018,population_total,"Population on 1 January, total"
A,DE1001V,ES070C,2019,143663,,,ES070C,ES,,2019,population_total,"Population on 1 January, total"
A,DE1001V,ES070C,2020,143837,,,ES070C,ES,,2020,population_total,"Population on 1 January, total"
A,DE1001V,ES070C,2021,142538,,,ES070C,ES,,2021,population_total,"Population on 1 January, total"
A,DE1001V,ES070C,2022,141854,,,ES070C,ES,,2022,population_total,"Population on 1 January, total"
A,DE1001V,ES070C,2023,142968,,,ES070C,ES,,2023,population_total,"Population on 1 January, total"
A,DE1001V,ES071C,2015,120468,,,ES071C,ES,,2015,population_total,"Population on 1 January, total"
A,DE1001V,ES071C,2016,118919,,,ES071C,ES,,2016,population_total,"Population on 1 January, total"
A,DE1001V,ES071C,2017,118048,,,ES071C,ES,,2017,population_total,"Population on 1 January, total"
A,DE1001V,ES071C,2018,116979,,,ES071C,ES,,2018,population_total,"Population on 1 January, total"
A,DE1001V,ES071C,2019,116027,,,ES071C,ES,,2019,population_total,"Population on 1 January, total"
A,DE1001V,ES071C,2020,115439,,,ES071C,ES,,2020,population_total,"Population on 1 January, total"
A,DE1001V,ES071C,2021,114244,,,ES071C,ES,,2021,population_total,"Population on 1 January, total"
A,DE1001V,ES071C,2022,113066,,,ES071C,ES,,2022,population_total,"Population on 1 January, total"
A,DE1001V,ES071C,2023,112077,,,ES071C,ES,,2023,population_total,"Population on 1 January, total"
A,DE1001V,ES072C,2015,127817,,,ES072C,ES,,2015,population_total,"Population on 1 January, total"
A,DE1001V,ES072C,2016,126192,,,ES072C,ES,,2016,population_total,"Population on 1 January, total"
A,DE1001V,ES072C,2017,125317,,,ES072C,ES,,2017,population_total,"Population on 1 January, total"
A,DE1001V,ES072C,2018,124772,,,ES072C,ES,,2018,population_total,"Population on 1 January, total"
A,DE1001V,ES072C,2019,124303,,,ES072C,ES,,2019,population_total,"Population on 1 January, total"
A,DE1001V,ES072C,2020,124028,,,ES072C,ES,,2020,population_total,"Population on 1 January, total"
A,DE1001V,ES072C,2021,122051,,,ES072C,ES,,2021,population_total,"Population on 1 January, total"
A,DE1001V,ES072C,2022,120951,,,ES072C,ES,,2022,population_total,"Population on 1 January, total"
A,DE1001V,ES072C,2023,121763,,,ES072C,ES,,2023,population_total,"Population on 1 January, total"
A,DE1001V,ES073C,2015,131255,,,ES073C,ES,,2015,population_total,"Population on 1 January, total"
A,DE1001V,ES073C,2016,131094,,,ES073C,ES,,2016,population_total,"Population on 1 January, total"
A,DE1001V,ES073C,2017,131507,,,ES073C,ES,,2017,population_total,"Population on 1 January, total"
A,DE1001V,ES073C,2018,132299,,,ES073C,ES,,2018,population_total,"Population on 1 January, total"
A,DE1001V,ES073C,2019,134515,,,ES073C,ES,,2019,population_total,"Population on 1 January, total"
A,DE1001V,ES073C,2020,136496,,,ES073C,ES,,2020,population_total,"Population on 1 January, total"
A,DE1001V,ES073C,2021,135436,,,ES073C,ES,,2021,population_total,"Population on 1 January, total"
A,DE1001V,ES073C,2022,134883,,,ES073C,ES,,2022,population_total,"Population on 1 January, total"
A,DE1001V,ES073C,2023,138326,,,ES073C,ES,,2023,population_total,"Population on 1 January, total"
A,DE1001V,ES074C,2015,115395,,,ES074C,ES,,2015,population_total,"Population on 1 January, total"
A,DE1001V,ES074C,2016,114658,,,ES074C,ES,,2016,population_total,"Population on 1 January, total"
A,DE1001V,ES074C,2017,114238,,,ES074C,ES,,2017,population_total,"Population on 1 January, total"
A,DE1001V,ES074C,2018,113457,,,ES074C,ES,,2018,population_total,"Population on 1 January, total"
A,DE1001V,ES074C,2019,112999,,,ES074C,ES,,2019,population_total,"Population on 1 January, total"
A,DE1001V,ES074C,2020,112757,,,ES074C,ES,,2020,population_total,"Population on 1 January, total"
A,DE1001V,ES074C,2021,111932,,,ES074C,ES,,2021,population_total,"Population on 1 January, total"
A,DE1001V,ES074C,2022,111669,,,ES074C,ES,,2022,population_total,"Population on 1 January, total"
A,DE1001V,ES074C,2023,111767,,,ES074C,ES,,2023,population_total,"Population on 1 January, total"
A,DE1001V,ES075C,2015,138542,,,ES075C,ES,,2015,population_total,"Population on 1 January, total"
A,DE1001V,ES075C,2016,138144,,,ES075C,ES,,2016,population_total,"Population on 1 January, total"
A,DE1001V,ES075C,2017,137327,,,ES075C,ES,,2017,population_total,"Population on 1 January, total"
A,DE1001V,ES075C,2018,137856,,,ES075C,ES,,2018,population_total,"Population on 1 January, total"
A,DE1001V,ES075C,2019,138956,,,ES075C,ES,,2019,population_total,"Population on 1 January, total"
A,DE1001V,ES075C,2020,140403,,,ES075C,ES,,2020,population_total,"Population on 1 January, total"
A,DE1001V,ES075C,2021,140080,,,ES075C,ES,,2021,population_total,"Population on 1 January, total"
A,DE1001V,ES075C,2022,140797,,,ES075C,ES,,2022,population_total,"Population on 1 January, total"
A,DE1001V,ES075C,2023,142990,,,ES075C,ES,,2023,population_total,"Population on 1 January, total"
A,DE1001V,ES076C,2015,106231,,,ES076C,ES,,2015,population_total,"Population on 1 January, total"
A,DE1001V,ES076C,2016,105893,,,ES076C,ES,,2016,population_total,"Population on 1 January, total"
A,DE1001V,ES076C,2017,105636,,,ES076C,ES,,2017,population_total,"Population on 1 January, total"
A,DE1001V,ES076C,2018,105505,,,ES076C,ES,,2018,population_total,"Population on 1 January, total"
A,DE1001V,ES076C,2019,105233,,,ES076C,ES,,2019,population_total,"Population on 1 January, total"
A,DE1001V,ES076C,2020,105643,,,ES076C,ES,,2020,population_total,"Population on 1 January, total"
A,DE1001V,ES076C,2021,104596,,,ES076C,ES,,2021,population_total,"Population on 1 January, total"
A,DE1001V,ES076C,2022,103756,,,ES076C,ES,,2022,population_total,"Population on 1 January, total"
A,DE1001V,ES076C,2023,104187,,,ES076C,ES,,2023,population_total,"Population on 1 January, total"
A,DE1001V,ES077C,2015,124867,,,ES077C,ES,,2015,population_total,"Population on 1 January, total"
A,DE1001V,ES077C,2016,125517,,,ES077C,ES,,2016,population_total,"Population on 1 January, total"
A,DE1001V,ES077C,2017,126127,,,ES077C,ES,,2017,population_total,"Population on 1 January, total"
A,DE1001V,ES077C,2018,126988,,,ES077C,ES,,2018,population_total,"Population on 1 January, total"
A,DE1001V,ES077C,2019,128265,,,ES077C,ES,,2019,population_total,"Population on 1 January, total"
A,DE1001V,ES077C,2020,129661,,,ES077C,ES,,2020,population_total,"Population on 1 January, total"
A,DE1001V,ES077C,2021,129120,,,ES077C,ES,,2021,population_total,"Population on 1 January, total"
A,DE1001V,ES077C,2022,128956,,,ES077C,ES,,2022,population_total,"Population on 1 January, total"
A,DE1001V,ES077C,2023,129613,,,ES077C,ES,,2023,population_total,"Population on 1 January, total"
A,DE1001V,ES078C,2015,131317,,,ES078C,ES,,2015,population_total,"Population on 1 January, total"
A,DE1001V,ES078C,2016,131855,,,ES078C,ES,,2016,population_total,"Population on 1 January, total"
A,DE1001V,ES078C,2017,132551,,,ES078C,ES,,2017,population_total,"Population on 1 January, total"
A,DE1001V,ES078C,2018,133168,,,ES078C,ES,,2018,population_total,"Population on 1 January, total"
A,DE1001V,ES078C,2019,133968,,,ES078C,ES,,2019,population_total,"Population on 1 January, total"
A,DE1001V,ES078C,2020,135050,,,ES078C,ES,,2020,population_total,"Population on 1 January, total"
A,DE1001V,ES078C,2021,136250,,,ES078C,ES,,2021,population_total,"Population on 1 January, total"
A,DE1001V,ES078C,2022,137561,,,ES078C,ES,,2022,population_total,"Population on 1 January, total"
A,DE1001V,ES078C,2023,138991,,,ES078C,ES,,2023,population_total,"Population on 1 January, total"
A,DE1001V,ES079C,2015,118920,,,ES079C,ES,,2015,population_total,"Population on 1 January, total"
A,DE1001V,ES079C,2016,120601,,,ES079C,ES,,2016,population_total,"Population on 1 January, total"
A,DE1001V,ES079C,2017,121133,,,ES079C,ES,,2017,population_total,"Population on 1 January, total"
A,DE1001V,ES079C,2018,121414,,,ES079C,ES,,2018,population_total,"Population on 1 January, total"
A,DE1001V,ES079C,2019,121957,,,ES079C,ES,,2019,population_total,"Population on 1 January, total"
A,DE1001V,ES079C,2020,123078,,,ES079C,ES,,2020,population_total,"Population on 1 January, total"
A,DE1001V,ES079C,2021,122982,,,ES079C,ES,,2021,population_total,"Population on 1 January, total"
A,DE1001V,ES079C,2022,122368,,,ES079C,ES,,2022,population_total,"Population on 1 January, total"
A,DE1001V,ES079C,2023,123943,,,ES079C,ES,,2023,population_total,"Population on 1 January, total"
A,DE1001V,ES080C,2015,139537,,,ES080C,ES,,2015,population_total,"Population on 1 January, total"
A,DE1001V,ES080C,2016,140744,,,ES080C,ES,,2016,population_total,"Population on 1 January, total"
A,DE1001V,ES080C,2017,141172,,,ES080C,ES,,2017,population_total,"Population on 1 January, total"
A,DE1001V,ES080C,2018,141463,,,ES080C,ES,,2018,population_total,"Population on 1 January, total"
A,DE1001V,ES080C,2019,143386,,,ES080C,ES,,2019,population_total,"Population on 1 January, total"
A,DE1001V,ES080C,2020,147633,,,ES080C,ES,,2020,population_total,"Population on 1 January, total"
A,DE1001V,ES080C,2021,147958,,,ES080C,ES,,2021,population_total,"Population on 1 January, total"
A,DE1001V,ES080C,2022,150725,,,ES080C,ES,,2022,population_total,"Population on 1 January, total"
A,DE1001V,ES080C,2023,156153,,,ES080C,ES,,2023,population_total,"Population on 1 January, total"
A,DE1001V,ES081C,2015,126934,,,ES081C,ES,,2015,population_total,"Population on 1 January, total"
A,DE1001V,ES081C,2016,126981,,,ES081C,ES,,2016,population_total,"Population on 1 January, total"
A,DE1001V,ES081C,2017,128013,,,ES081C,ES,,2017,population_total,"Population on 1 January, total"
A,DE1001V,ES081C,2018,129729,,,ES081C,ES,,2018,population_total,"Population on 1 January, total"
A,DE1001V,ES081C,2019,131376,,,ES081C,ES,,2019,population_total,"Population on 1 January, total"
A,DE1001V,ES081C,2020,132853,,,ES081C,ES,,2020,population_total,"Population on 1 January, total"
A,DE1001V,ES081C,2021,132771,,,ES081C,ES,,2021,population_total,"Population on 1 January, total"
A,DE1001V,ES081C,2022,134733,,,ES081C,ES,,2022,population_total,"Population on 1 January, total"
A,DE1001V,ES081C,2023,138197,,,ES081C,ES,,2023,population_total,"Population on 1 January, total"
A,DE1001V,ES082C,2015,74845,,,ES082C,ES,,2015,population_total,"Population on 1 January, total"
A,DE1001V,ES082C,2016,75080,,,ES082C,ES,,2016,population_total,"Population on 1 January, total"
A,DE1001V,ES082C,2017,75106,,,ES082C,ES,,2017,population_total,"Population on 1 January, total"
A,DE1001V,ES082C,2018,75256,,,ES082C,ES,,2018,population_total,"Population on 1 January, total"
A,DE1001V,ES082C,2019,75279,,,ES082C,ES,,2019,population_total,"Population on 1 January, total"
A,DE1001V,ES082C,2020,75533,,,ES082C,ES,,2020,population_total,"Population on 1 January, total"
A,DE1001V,ES082C,2021,75546,,,ES082C,ES,,2021,population_total,"Population on 1 January, total"
A,DE1001V,ES082C,2022,75917,,,ES082C,ES,,2022,population_total,"Population on 1 January, total"
A,DE1001V,ES082C,2023,76829,,,ES082C,ES,,2023,population_total,"Population on 1 January, total"
A,DE1001V,ES083C,2015,59567,,,ES083C,ES,,2015,population_total,"Population on 1 January, total"
A,DE1001V,ES083C,2016,59198,,,ES083C,ES,,2016,population_total,"Population on 1 January, total"
A,DE1001V,ES083C,2017,59106,,,ES083C,ES,,2017,population_total,"Population on 1 January, total"
A,DE1001V,ES083C,2018,58977,,,ES083C,ES,,2018,population_total,"Population on 1 January, total"
A,DE1001V,ES083C,2019,58994,,,ES083C,ES,,2019,population_total,"Population on 1 January, total"
A,DE1001V,ES083C,2020,59354,,,ES083C,ES,,2020,population_total,"Population on 1 January, total"
A,DE1001V,ES083C,2021,59128,,,ES083C,ES,,2021,population_total,"Population on 1 January, total"
A,DE1001V,ES083C,2022,58960,,,ES083C,ES,,2022,population_total,"Population on 1 January, total"
A,DE1001V,ES083C,2023,59563,,,ES083C,ES,,2023,population_total,"Population on 1 January, total"
A,DE1001V,ES084C,2015,58358,,,ES084C,ES,,2015,population_total,"Population on 1 January, total"
A,DE1001V,ES084C,2016,58083,,,ES084C,ES,,2016,population_total,"Population on 1 January, total"
A,DE1001V,ES084C,2017,58149,,,ES084C,ES,,2017,population_total,"Population on 1 January, total"
A,DE1001V,ES084C,2018,57657,,,ES084C,ES,,2018,population_total,"Population on 1 January, total"
A,DE1001V,ES084C,2019,57744,,,ES084C,ES,,2019,population_total,"Population on 1 January, total"
A,DE1001V,ES084C,2020,58369,,,ES084C,ES,,2020,population_total,"Population on 1 January, total"
A,DE1001V,ES084C,2021,57949,,,ES084C,ES,,2021,population_total,"Population on 1 January, total"
A,DE1001V,ES084C,2022,57730,,,ES084C,ES,,2022,population_total,"Population on 1 January, total"
A,DE1001V,ES084C,2023,58548,,,ES084C,ES,,2023,population_total,"Population on 1 January, total"
A,DE1001V,ES085C,2015,66598,,,ES085C,ES,,2015,population_total,"Population on 1 January, total"
A,DE1001V,ES085C,2016,67245,,,ES085C,ES,,2016,population_total,"Population on 1 January, total"
A,DE1001V,ES085C,2017,68859,,,ES085C,ES,,2017,population_total,"Population on 1 January, total"
A,DE1001V,ES085C,2018,67746,,,ES085C,ES,,2018,population_total,"Population on 1 January, total"
A,DE1001V,ES085C,2019,68128,,,ES085C,ES,,2019,population_total,"Population on 1 January, total"
A,DE1001V,ES085C,2020,69144,,,ES085C,ES,,2020,population_total,"Population on 1 January, total"
A,DE1001V,ES085C,2021,70204,,,ES085C,ES,,2021,population_total,"Population on 1 January, total"
A,DE1001V,ES085C,2022,73160,,,ES085C,ES,,2022,population_total,"Population on 1 January, total"
A,DE1001V,ES085C,2023,76318,,,ES085C,ES,,2023,population_total,"Population on 1 January, total"
A,DE1001V,ES086C,2015,82777,,,ES086C,ES,,2015,population_total,"Population on 1 January, total"
A,DE1001V,ES086C,2016,82645,,,ES086C,ES,,2016,population_total,"Population on 1 January, total"
A,DE1001V,ES086C,2017,83148,,,ES086C,ES,,2017,population_total,"Population on 1 January, total"
A,DE1001V,ES086C,2018,83831,,,ES086C,ES,,2018,population_total,"Population on 1 January, total"
A,DE1001V,ES086C,2019,84489,,,ES086C,ES,,2019,population_total,"Population on 1 January, total"
A,DE1001V,ES086C,2020,85150,,,ES086C,ES,,2020,population_total,"Population on 1 January, total"
A,DE1001V,ES086C,2021,86306,,,ES086C,ES,,2021,population_total,"Population on 1 January, total"
A,DE1001V,ES086C,2022,87493,,,ES086C,ES,,2022,population_total,"Population on 1 January, total"
A,DE1001V,ES086C,2023,88770,,,ES086C,ES,,2023,population_total,"Population on 1 January, total"
A,DE1001V,ES087C,2015,62056,,,ES087C,ES,,2015,population_total,"Population on 1 January, total"
A,DE1001V,ES087C,2016,61597,,,ES087C,ES,,2016,population_total,"Population on 1 January, total"
A,DE1001V,ES087C,2017,62152,,,ES087C,ES,,2017,population_total,"Population on 1 January, total"
A,DE1001V,ES087C,2018,63074,,,ES087C,ES,,2018,population_total,"Population on 1 January, total"
A,DE1001V,ES087C,2019,63679,,,ES087C,ES,,2019,population_total,"Population on 1 January, total"
A,DE1001V,ES087C,2020,64378,,,ES087C,ES,,2020,population_total,"Population on 1 January, total"
A,DE1001V,ES087C,2021,63825,,,ES087C,ES,,2021,population_total,"Population on 1 January, total"
A,DE1001V,ES087C,2022,64263,,,ES087C,ES,,2022,population_total,"Population on 1 January, total"
A,DE1001V,ES087C,2023,66260,,,ES087C,ES,,2023,population_total,"Population on 1 January, total"
A,DE1001V,ES088C,2015,55428,,,ES088C,ES,,2015,population_total,"Population on 1 January, total"
A,DE1001V,ES088C,2016,55102,,,ES088C,ES,,2016,population_total,"Population on 1 January, total"
A,DE1001V,ES088C,2017,54876,,,ES088C,ES,,2017,population_total,"Population on 1 January, total"
A,DE1001V,ES088C,2018,54898,,,ES088C,ES,,2018,population_total,"Population on 1 January, total"
A,DE1001V,ES088C,2019,54690,,,ES088C,ES,,2019,population_total,"Population on 1 January, total"
A,DE1001V,ES088C,2020,54621,,,ES088C,ES,,2020,population_total,"Population on 1 January, total"
A,DE1001V,ES088C,2021,53988,,,ES088C,ES,,2021,population_total,"Population on 1 January, total"
A,DE1001V,ES088C,2022,53389,,,ES088C,ES,,2022,population_total,"Population on 1 January, total"
A,DE1001V,ES088C,2023,53630,,,ES088C,ES,,2023,population_total,"Population on 1 January, total"
A,DE1001V,ES089C,2015,49975,,,ES089C,ES,,2015,population_total,"Population on 1 January, total"
A,DE1001V,ES089C,2016,49549,,,ES089C,ES,,2016,population_total,"Population on 1 January, total"
A,DE1001V,ES089C,2017,49689,,,ES089C,ES,,2017,population_total,"Population on 1 January, total"
A,DE1001V,ES089C,2018,49727,,,ES089C,ES,,2018,population_total,"Population on 1 January, total"
A,DE1001V,ES089C,2019,49783,,,ES089C,ES,,2019,population_total,"Population on 1 January, total"
A,DE1001V,ES089C,2020,51128,,,ES089C,ES,,2020,population_total,"Population on 1 January, total"
A,DE1001V,ES089C,2021,50643,,,ES089C,ES,,2021,population_total,"Population on 1 January, total"
A,DE1001V,ES089C,2022,50715,,,ES089C,ES,,2022,population_total,"Population on 1 January, total"
A,DE1001V,ES089C,2023,51872,,,ES089C,ES,,2023,population_total,"Population on 1 January, total"
A,DE1001V,ES090C,2015,59737,,,ES090C,ES,,2015,population_total,"Population on 1 January, total"
A,DE1001V,ES090C,2016,58829,,,ES090C,ES,,2016,population_total,"Population on 1 January, total"
A,DE1001V,ES090C,2017,58449,,,ES090C,ES,,2017,population_total,"Population on 1 January, total"
A,DE1001V,ES090C,2018,57811,,,ES090C,ES,,2018,population_total,"Population on 1 January, total"
A,DE1001V,ES090C,2019,57414,,,ES090C,ES,,2019,population_total,"Population on 1 January, total"
A,DE1001V,ES090C,2020,57353,,,ES090C,ES,,2020,population_total,"Population on 1 January, total"
A,DE1001V,ES090C,2021,56525,,,ES090C,ES,,2021,population_total,"Population on 1 January, total"
A,DE1001V,ES090C,2022,55729,,,ES090C,ES,,2022,population_total,"Population on 1 January, total"
A,DE1001V,ES090C,2023,55130,,,ES090C,ES,,2023,population_total,"Population on 1 January, total"
A,DE1001V,ES091C,2015,91714,,,ES091C,ES,,2015,population_total,"Population on 1 January, total"
A,DE1001V,ES091C,2016,91730,,,ES091C,ES,,2016,population_total,"Population on 1 January, total"
A,DE1001V,ES091C,2017,92299,,,ES091C,ES,,2017,population_total,"Population on 1 January, total"
A,DE1001V,ES091C,2018,93079,,,ES091C,ES,,2018,population_total,"Population on 1 January, total"
A,DE1001V,ES091C,2019,94404,,,ES091C,ES,,2019,population_total,"Population on 1 January, total"
A,DE1001V,ES091C,2020,95515,,,ES091C,ES,,2020,population_total,"Population on 1 January, total"
A,DE1001V,ES091C,2021,96238,,,ES091C,ES,,2021,population_total,"Population on 1 January, total"
A,DE1001V,ES091C,2022,97151,,,ES091C,ES,,2022,population_total,"Population on 1 January, total"
A,DE1001V,ES091C,2023,97904,,,ES091C,ES,,2023,population_total,"Population on 1 January, total"
A,DE1001V,ES092C,2015,58971,,,ES092C,ES,,2015,population_total,"Population on 1 January, total"
A,DE1001V,ES092C,2016,59174,,,ES092C,ES,,2016,population_total,"Population on 1 January, total"
A,DE1001V,ES092C,2017,59187,,,ES092C,ES,,2017,population_total,"Population on 1 January, total"
A,DE1001V,ES092C,2018,59352,,,ES092C,ES,,2018,population_total,"Population on 1 January, total"
A,DE1001V,ES092C,2019,59335,,,ES092C,ES,,2019,population_total,"Population on 1 January, total"
A,DE1001V,ES092C,2020,59548,,,ES092C,ES,,2020,population_total,"Population on 1 January, total"
A,DE1001V,ES092C,2021,59424,,,ES092C,ES,,2021,population_total,"Population on 1 January, total"
A,DE1001V,ES092C,2022,59324,,,ES092C,ES,,2022,population_total,"Population on 1 January, total"
A,DE1001V,ES092C,2023,59563,,,ES092C,ES,,2023,population_total,"Population on 1 January, total"
A,DE1001V,ES093C,2015,64944,,,ES093C,ES,,2015,population_total,"Population on 1 January, total"
A,DE1001V,ES093C,2016,64439,,,ES093C,ES,,2016,population_total,"Population on 1 January, total"
A,DE1001V,ES093C,2017,65278,,,ES093C,ES,,2017,population_total,"Population on 1 January, total"
A,DE1001V,ES093C,2018,65669,,,ES093C,ES,,2018,population_total,"Population on 1 January, total"
A,DE1001V,ES093C,2019,66140,,,ES093C,ES,,2019,population_total,"Population on 1 January, total"
A,DE1001V,ES093C,2020,67173,,,ES093C,ES,,2020,population_total,"Population on 1 January, total"
A,DE1001V,ES093C,2021,67043,,,ES093C,ES,,2021,population_total,"Population on 1 January, total"
A,DE1001V,ES093C,2022,68066,,,ES093C,ES,,2022,population_total,"Population on 1 January, total"
A,DE1001V,ES093C,2023,70486,,,ES093C,ES,,2023,population_total,"Population on 1 January, total"
A,DE1001V,ES094C,2015,53496,,,ES094C,ES,,2015,population_total,"Population on 1 January, total"
A,DE1001V,ES094C,2016,52819,,,ES094C,ES,,2016,population_total,"Population on 1 January, total"
A,DE1001V,ES094C,2017,52034,,,ES094C,ES,,2017,population_total,"Population on 1 January, total"
A,DE1001V,ES094C,2018,51687,,,ES094C,ES,,2018,population_total,"Population on 1 January, total"
A,DE1001V,ES094C,2019,51494,,,ES094C,ES,,2019,population_total,"Population on 1 January, total"
A,DE1001V,ES094C,2020,51597,,,ES094C,ES,,2020,population_total,"Population on 1 January, total"
A,DE1001V,ES094C,2021,51237,,,ES094C,ES,,2021,population_total,"Population on 1 January, total"
A,DE1001V,ES094C,2022,51142,,,ES094C,ES,,2022,population_total,"Population on 1 January, total"
A,DE1001V,ES094C,2023,51232,,,ES094C,ES,,2023,population_total,"Population on 1 January, total"
A,DE1001V,ES095C,2015,72854,,,ES095C,ES,,2015,population_total,"Population on 1 January, total"
A,DE1001V,ES095C,2016,72988,,,ES095C,ES,,2016,population_total,"Population on 1 January, total"
A,DE1001V,ES095C,2017,73976,,,ES095C,ES,,2017,population_total,"Population on 1 January, total"
A,DE1001V,ES095C,2018,74745,,,ES095C,ES,,2018,population_total,"Population on 1 January, total"
A,DE1001V,ES095C,2019,75983,,,ES095C,ES,,2019,population_total,"Population on 1 January, total"
A,DE1001V,ES095C,2020,77270,,,ES095C,ES,,2020,population_total,"Population on 1 January, total"
A,DE1001V,ES095C,2021,77587,,,ES095C,ES,,2021,population_total,"Population on 1 January, total"
A,DE1001V,ES095C,2022,79100,,,ES095C,ES,,2022,population_total,"Population on 1 January, total"
A,DE1001V,ES095C,2023,81619,,,ES095C,ES,,2023,population_total,"Population on 1 January, total"
A,DE1001V,ES096C,2015,65688,,,ES096C,ES,,2015,population_total,"Population on 1 January, total"
A,DE1001V,ES096C,2016,65646,,,ES096C,ES,,2016,population_total,"Population on 1 January, total"
A,DE1001V,ES096C,2017,66254,,,ES096C,ES,,2017,population_total,"Population on 1 January, total"
A,DE1001V,ES096C,2018,66888,,,ES096C,ES,,2018,population_total,"Population on 1 January, total"
A,DE1001V,ES096C,2019,66870,,,ES096C,ES,,2019,population_total,"Population on 1 January, total"
A,DE1001V,ES096C,2020,67219,,,ES096C,ES,,2020,population_total,"Population on 1 January, total"
A,DE1001V,ES096C,2021,67003,,,ES096C,ES,,2021,population_total,"Population on 1 January, total"
A,DE1001V,ES096C,2022,67425,,,ES096C,ES,,2022,population_total,"Population on 1 January, total"
A,DE1001V,ES096C,2023,68939,,,ES096C,ES,,2023,population_total,"Population on 1 January, total"
A,DE1001V,ES097C,2015,60851,,,ES097C,ES,,2015,population_total,"Population on 1 January, total"
A,DE1001V,ES097C,2016,61007,,,ES097C,ES,,2016,population_total,"Population on 1 January, total"
A,DE1001V,ES097C,2017,61396,,,ES097C,ES,,2017,population_total,"Population on 1 January, total"
A,DE1001V,ES097C,2018,61775,,,ES097C,ES,,2018,population_total,"Population on 1 January, total"
A,DE1001V,ES097C,2019,62405,,,ES097C,ES,,2019,population_total,"Population on 1 January, total"
A,DE1001V,ES097C,2020,63563,,,ES097C,ES,,2020,population_total,"Population on 1 January, total"
A,DE1001V,ES097C,2021,63803,,,ES097C,ES,,2021,population_total,"Population on 1 January, total"
A,DE1001V,ES097C,2022,63760,,,ES097C,ES,,2022,population_total,"Population on 1 January, total"
A,DE1001V,ES097C,2023,64462,,,ES097C,ES,,2023,population_total,"Population on 1 January, total"
A,DE1001V,ES098C,2015,56302,,,ES098C,ES,,2015,population_total,"Population on 1 January, total"
A,DE1001V,ES098C,2016,56715,,,ES098C,ES,,2016,population_total,"Population on 1 January, total"
A,DE1001V,ES098C,2017,57175,,,ES098C,ES,,2017,population_total,"Population on 1 January, total"
A,DE1001V,ES098C,2018,57785,,,ES098C,ES,,2018,population_total,"Population on 1 January, total"
A,DE1001V,ES098C,2019,58385,,,ES098C,ES,,2019,population_total,"Population on 1 January, total"
A,DE1001V,ES098C,2020,58978,,,ES098C,ES,,2020,population_total,"Population on 1 January, total"
A,DE1001V,ES098C,2021,58912,,,ES098C,ES,,2021,population_total,"Population on 1 January, total"
A,DE1001V,ES098C,2022,59138,,,ES098C,ES,,2022,population_total,"Population on 1 January, total"
A,DE1001V,ES098C,2023,59964,,,ES098C,ES,,2023,population_total,"Population on 1 January, total"
A,DE1001V,FI,2015,5471753,,,FI,FI,,2015,population_total,"Population on 1 January, total"
A,DE1001V,FI,2016,5487308,,,FI,FI,,2016,population_total,"Population on 1 January, total"
A,DE1001V,FI,2017,5503297,,,FI,FI,,2017,population_total,"Population on 1 January, total"
A,DE1001V,FI,2018,5513130,,,FI,FI,,2018,population_total,"Population on 1 January, total"
A,DE1001V,FI001C,2015,620715,,,FI001C,FI,,2015,population_total,"Population on 1 January, total"
A,DE1001V,FI001C,2016,628208,,,FI001C,FI,,2016,population_total,"Population on 1 January, total"
A,DE1001V,FI001C,2017,635181,,,FI001C,FI,,2017,population_total,"Population on 1 January, total"
A,DE1001V,FI001C,2018,643272,,,FI001C,FI,,2018,population_total,"Population on 1 January, total"
A,DE1001V,FI001C,2019,648042,,,FI001C,FI,,2019,population_total,"Population on 1 January, total"
A,DE1001V,FI001C,2020,653835,,,FI001C,FI,,2020,population_total,"Population on 1 January, total"
A,DE1001V,FI001C,2021,656920,,,FI001C,FI,,2021,population_total,"Population on 1 January, total"
A,DE1001V,FI001C,2022,658457,,,FI001C,FI,,2022,population_total,"Population on 1 January, total"
A,DE1001V,FI001C,2023,664028,,,FI001C,FI,,2023,population_total,"Population on 1 January, total"
A,DE1001V,FI002C,2015,223004,,,FI002C,FI,,2015,population_total,"Population on 1 January, total"
A,DE1001V,FI002C,2016,225118,,,FI002C,FI,,2016,population_total,"Population on 1 January, total"
A,DE1001V,FI002C,2017,228274,,,FI002C,FI,,2017,population_total,"Population on 1 January, total"
A,DE1001V,FI002C,2018,231853,,,FI002C,FI,,2018,population_total,"Population on 1 January, total"
A,DE1001V,FI002C,2019,235239,,,FI002C,FI,,2019,population_total,"Population on 1 January, total"
A,DE1001V,FI002C,2020,238140,,,FI002C,FI,,2020,population_total,"Population on 1 January, total"
A,DE1001V,FI002C,2021,241009,,,FI002C,FI,,2021,population_total,"Population on 1 January, total"
A,DE1001V,FI002C,2022,244223,,,FI002C,FI,,2022,population_total,"Population on 1 January, total"
A,DE1001V,FI002C,2023,249009,,,FI002C,FI,,2023,population_total,"Population on 1 January, total"
A,DE1001V,FI003C,2015,183824,,,FI003C,FI,,2015,population_total,"Population on 1 January, total"
A,DE1001V,FI003C,2016,185908,,,FI003C,FI,,2016,population_total,"Population on 1 January, total"
A,DE1001V,FI003C,2017,187604,,,FI003C,FI,,2017,population_total,"Population on 1 January, total"
A,DE1001V,FI003C,2018,189669,,,FI003C,FI,,2018,population_total,"Population on 1 January, total"
A,DE1001V,FI003C,2019,191331,,,FI003C,FI,,2019,population_total,"Population on 1 January, total"
A,DE1001V,FI003C,2020,192962,,,FI003C,FI,,2020,population_total,"Population on 1 January, total"
A,DE1001V,FI003C,2021,194391,,,FI003C,FI,,2021,population_total,"Population on 1 January, total"
A,DE1001V,FI003C,2022,195137,,,FI003C,FI,,2022,population_total,"Population on 1 January, total"
A,DE1001V,FI003C,2023,197900,,,FI003C,FI,,2023,population_total,"Population on 1 January, total"
A,DE1001V,FI004C,2015,196291,,,FI004C,FI,,2015,population_total,"Population on 1 January, total"
A,DE1001V,FI004C,2016,198525,,,FI004C,FI,,2016,population_total,"Population on 1 January, total"
A,DE1001V,FI004C,2017,200526,,,FI004C,FI,,2017,population_total,"Population on 1 January, total"
A,DE1001V,FI004C,2018,201810,,,FI004C,FI,,2018,population_total,"Population on 1 January, total"
A,DE1001V,FI004C,2019,203567,,,FI004C,FI,,2019,population_total,"Population on 1 January, total"
A,DE1001V,FI004C,2020,205489,,,FI004C,FI,,2020,population_total,"Population on 1 January, total"
A,DE1001V,FI004C,2021,207327,,,FI004C,FI,,2021,population_total,"Population on 1 January, total"
A,DE1001V,FI004C,2022,209551,,,FI004C,FI,,2022,population_total,"Population on 1 January, total"
A,DE1001V,FI004C,2023,211848,,,FI004C,FI,,2023,population_total,"Population on 1 January, total"
A,DE1001V,FI005C,2015,265543,,,FI005C,FI,,2015,population_total,"Population on 1 January, total"
A,DE1001V,FI005C,2016,269802,,,FI005C,FI,,2016,population_total,"Population on 1 January, total"
A,DE1001V,FI005C,2017,274583,,,FI005C,FI,,2017,population_total,"Population on 1 January, total"
A,DE1001V,FI005C,2018,279044,,,FI005C,FI,,2018,population_total,"Population on 1 January, total"
A,DE1001V,FI005C,2019,283632,,,FI005C,FI,,2019,population_total,"Population on 1 January, total"
A,DE1001V,FI005C,2020,289731,,,FI005C,FI,,2020,population_total,"Population on 1 January, total"
A,DE1001V,FI005C,2021,292796,,,FI005C,FI,,2021,population_total,"Population on 1 January, total"
A,DE1001V,FI005C,2022,297132,,,FI005C,FI,,2022,population_total,"Population on 1 January, total"
A,DE1001V,FI005C,2023,305274,,,FI005C,FI,,2023,population_total,"Population on 1 January, total"
A,DE1001V,FI006C,2015,210803,,,FI006C,FI,,2015,population_total,"Population on 1 January, total"
A,DE1001V,FI006C,2016,214605,,,FI006C,FI,,2016,population_total,"Population on 1 January, total"
A,DE1001V,FI006C,2017,219341,,,FI006C,FI,,2017,population_total,"Population on 1 January, total"
A,DE1001V,FI006C,2018,223027,,,FI006C,FI,,2018,population_total,"Population on 1 January, total"
A,DE1001V,FI006C,2019,228166,,,FI006C,FI,,2019,population_total,"Population on 1 January, total"
A,DE1001V,FI006C,2020,233775,,,FI006C,FI,,2020,population_total,"Population on 1 January, total"
A,DE1001V,FI006C,2021,237231,,,FI006C,FI,,2021,population_total,"Population on 1 January, total"
A,DE1001V,FI006C,2022,239206,,,FI006C,FI,,2022,population_total,"Population on 1 January, total"
A,DE1001V,FI006C,2023,242819,,,FI006C,FI,,2023,population_total,"Population on 1 January, total"
A,DE1001V,FI007C,2015,103754,,,FI007C,FI,,2015,population_total,"Population on 1 January, total"
A,DE1001V,FI007C,2016,118743,,,FI007C,FI,,2016,population_total,"Population on 1 January, total"
A,DE1001V,FI007C,2017,119452,,,FI007C,FI,,2017,population_total,"Population on 1 January, total"
A,DE1001V,FI007C,2018,119573,,,FI007C,FI,,2018,population_total,"Population on 1 January, total"
A,DE1001V,FI007C,2019,119951,,,FI007C,FI,,2019,population_total,"Population on 1 January, total"
A,DE1001V,FI007C,2020,119823,,,FI007C,FI,,2020,population_total,"Population on 1 January, total"
A,DE1001V,FI007C,2021,119984,,,FI007C,FI,,2021,population_total,"Population on 1 January, total"
A,DE1001V,FI007C,2022,120027,,,FI007C,FI,,2022,population_total,"Population on 1 January, total"
A,DE1001V,FI007C,2023,120175,,,FI007C,FI,,2023,population_total,"Population on 1 January, total"
A,DE1001V,FI008C,2015,111289,,,FI008C,FI,,2015,population_total,"Population on 1 January, total"
A,DE1001V,FI008C,2016,112117,,,FI008C,FI,,2016,population_total,"Population on 1 January, total"
A,DE1001V,FI008C,2017,117740,,,FI008C,FI,,2017,population_total,"Population on 1 January, total"
A,DE1001V,FI008C,2018,118209,,,FI008C,FI,,2018,population_total,"Population on 1 January, total"
A,DE1001V,FI008C,2019,118664,,,FI008C,FI,,2019,population_total,"Population on 1 January, total"
A,DE1001V,FI008C,2020,119282,,,FI008C,FI,,2020,population_total,"Population on 1 January, total"
A,DE1001V,FI008C,2021,120210,,,FI008C,FI,,2021,population_total,"Population on 1 January, total"
A,DE1001V,FI008C,2022,121543,,,FI008C,FI,,2022,population_total,"Population on 1 January, total"
A,DE1001V,FI008C,2023,122594,,,FI008C,FI,,2023,population_total,"Population on 1 January, total"
A,DE1001V,FI009C,2015,135780,,,FI009C,FI,,2015,population_total,"Population on 1 January, total"
A,DE1001V,FI009C,2016,137368,,,FI009C,FI,,2016,population_total,"Population on 1 January, total"
A,DE1001V,FI009C,2017,138850,,,FI009C,FI,,2017,population_total,"Population on 1 January, total"
A,DE1001V,FI009C,2018,140188,,,FI009C,FI,,2018,population_total,"Population on 1 January, total"
A,DE1001V,FI009C,2019,141305,,,FI009C,FI,,2019,population_total,"Population on 1 January, total"
A,DE1001V,FI009C,2020,142400,,,FI009C,FI,,2020,population_total,"Population on 1 January, total"
A,DE1001V,FI009C,2021,143420,,,FI009C,FI,,2021,population_total,"Population on 1 January, total"
A,DE1001V,FI009C,2022,144473,,,FI009C,FI,,2022,population_total,"Population on 1 January, total"
A,DE1001V,FI009C,2023,145887,,,FI009C,FI,,2023,population_total,"Population on 1 January, total"
A,DE1001V,FR,2015,66190280,,,FR,FR,,2015,population_total,"Population on 1 January, total"
A,DE1001V,FR,2016,66361587,,,FR,FR,,2016,population_total,"Population on 1 January, total"
A,DE1001V,FR,2017,66780857,,,FR,FR,,2017,population_total,"Population on 1 January, total"
A,DE1001V,FR,2018,66732538,,,FR,FR,,2018,population_total,"Population on 1 January, total"
A,DE1001V,FR,2019,66988403,,,FR,FR,,2019,population_total,"Population on 1 January, total"
A,DE1001V,FR,2020,67162154,,,FR,FR,,2020,population_total,"Population on 1 January, total"
A,DE1001V,FR,2021,67408052,,,FR,FR,,2021,population_total,"Population on 1 January, total"
A,DE1001V,FR,2022,67760573,,,FR,FR,,2022,population_total,"Population on 1 January, total"
A,DE1001V,FR001C,2015,10138695,,,FR001C,FR,,2015,population_total,"Population on 1 January, total"
A,DE1001V,FR001C,2016,10163539,,,FR001C,FR,,2016,population_total,"Population on 1 January, total"
A,DE1001V,FR001C,2017,10211741,,,FR001C,FR,,2017,population_total,"Population on 1 January, total"
A,DE1001V,FR001C,2018,10240964,,,FR001C,FR,,2018,population_total,"Population on 1 January, total"
A,DE1001V,FR001C,2019,10277625,,,FR001C,FR,,2019,population_total,"Population on 1 January, total"
A,DE1001V,FR001C,2020,10274884,,,FR001C,FR,,2020,population_total,"Population on 1 January, total"
A,DE1001V,FR001C,2021,10306512,,,FR001C,FR,,2021,population_total,"Population on 1 January, total"
A,DE1001V,FR001C,2022,10353710,,,FR001C,FR,,2022,population_total,"Population on 1 January, total"
A,DE1001V,FR002C,2015,1240187,,,FR002C,FR,,2015,population_total,"Population on 1 January, total"
A,DE1001V,FR002C,2016,1250076,,,FR002C,FR,,2016,population_total,"Population on 1 January, total"
A,DE1001V,FR002C,2017,1253324,,,FR002C,FR,,2017,population_total,"Population on 1 January, total"
A,DE1001V,FR002C,2018,1265618,,,FR002C,FR,,2018,population_total,"Population on 1 January, total"
A,DE1001V,FR002C,2019,1277584,,,FR002C,FR,,2019,population_total,"Population on 1 January, total"
A,DE1001V,FR002C,2020,1281504,,,FR002C,FR,,2020,population_total,"Population on 1 January, total"
A,DE1001V,FR002C,2021,1288061,,,FR002C,FR,,2021,population_total,"Population on 1 January, total"
A,DE1001V,FR002C,2022,1296104,,,FR002C,FR,,2022,population_total,"Population on 1 January, total"
A,DE1001V,FR003C,2015,943913,,,FR003C,FR,,2015,population_total,"Population on 1 January, total"
A,DE1001V,FR003C,2016,946093,,,FR003C,FR,,2016,population_total,"Population on 1 January, total"
A,DE1001V,FR003C,2017,948173,,,FR003C,FR,,2017,population_total,"Population on 1 January, total"
A,DE1001V,FR003C,2018,951461,,,FR003C,FR,,2018,population_total,"Population on 1 January, total"
A,DE1001V,FR003C,2019,955906,,,FR003C,FR,,2019,population_total,"Population on 1 January, total"
A,DE1001V,FR003C,2020,957748,,,FR003C,FR,,2020,population_total,"Population on 1 January, total"
A,DE1001V,FR003C,2021,962193,,,FR003C,FR,,2021,population_total,"Population on 1 January, total"
A,DE1001V,FR003C,2022,966750,,,FR003C,FR,,2022,population_total,"Population on 1 January, total"
A,DE1001V,FR004C,2015,955947,,,FR004C,FR,,2015,population_total,"Population on 1 January, total"
A,DE1001V,FR004C,2016,956373,,,FR004C,FR,,2016,population_total,"Population on 1 January, total"
A,DE1001V,FR004C,2017,959095,,,FR004C,FR,,2017,population_total,"Population on 1 January, total"
A,DE1001V,FR004C,2018,965330,,,FR004C,FR,,2018,population_total,"Population on 1 January, total"
A,DE1001V,FR004C,2019,969002,,,FR004C,FR,,2019,population_total,"Population on 1 January, total"
A,DE1001V,FR004C,2020,968466,,,FR004C,FR,,2020,population_total,"Population on 1 January, total"
A,DE1001V,FR004C,2021,971607,,,FR004C,FR,,2021,population_total,"Population on 1 January, total"
A,DE1001V,FR004C,2022,976483,,,FR004C,FR,,2022,population_total,"Population on 1 January, total"
A,DE1001V,FR005C,2015,710844,,,FR005C,FR,,2015,population_total,"Population on 1 January, total"
A,DE1001V,FR005C,2016,718955,,,FR005C,FR,,2016,population_total,"Population on 1 January, total"
A,DE1001V,FR005C,2017,726869,,,FR005C,FR,,2017,population_total,"Population on 1 January, total"
A,DE1001V,FR005C,2018,735143,,,FR005C,FR,,2018,population_total,"Population on 1 January, total"
A,DE1001V,FR005C,2019,747512,,,FR005C,FR,,2019,population_total,"Population on 1 January, total"
A,DE1001V,FR005C,2020,752224,,,FR005C,FR,,2020,population_total,"Population on 1 January, total"
A,DE1001V,FR005C,2021,762898,,,FR005C,FR,,2021,population_total,"Population on 1 January, total"
A,DE1001V,FR005C,2022,773626,,,FR005C,FR,,2022,population_total,"Population on 1 January, total"
A,DE1001V,FR006C,2015,707770,,,FR006C,FR,,2015,population_total,"Population on 1 January, total"
A,DE1001V,FR006C,2016,714730,,,FR006C,FR,,2016,population_total,"Population on 1 January, total"
A,DE1001V,FR006C,2017,722044,,,FR006C,FR,,2017,population_total,"Population on 1 January, total"
A,DE1001V,FR006C,2018,732645,,,FR006C,FR,,2018,population_total,"Population on 1 January, total"
A,DE1001V,FR006C,2019,744104,,,FR006C,FR,,2019,population_total,"Population on 1 January, total"
A,DE1001V,FR006C,2020,752705,,,FR006C,FR,,2020,population_total,"Population on 1 January, total"
A,DE1001V,FR006C,2021,762751,,,FR006C,FR,,2021,population_total,"Population on 1 January, total"
A,DE1001V,FR006C,2022,774656,,,FR006C,FR,,2022,population_total,"Population on 1 January, total"
A,DE1001V,FR007C,2015,464057,,,FR007C,FR,,2015,population_total,"Population on 1 January, total"
A,DE1001V,FR007C,2016,469931,,,FR007C,FR,,2016,population_total,"Population on 1 January, total"
A,DE1001V,FR007C,2017,474119,,,FR007C,FR,,2017,population_total,"Population on 1 January, total"
A,DE1001V,FR007C,2018,481097,,,FR007C,FR,,2018,population_total,"Population on 1 January, total"
A,DE1001V,FR007C,2019,487928,,,FR007C,FR,,2019,population_total,"Population on 1 January, total"
A,DE1001V,FR007C,2020,492505,,,FR007C,FR,,2020,population_total,"Population on 1 January, total"
A,DE1001V,FR007C,2021,496452,,,FR007C,FR,,2021,population_total,"Population on 1 January, total"
A,DE1001V,FR007C,2022,501084,,,FR007C,FR,,2022,population_total,"Population on 1 January, total"
A,DE1001V,FR008C,2015,455783,,,FR008C,FR,,2015,population_total,"Population on 1 January, total"
A,DE1001V,FR008C,2016,456377,,,FR008C,FR,,2016,population_total,"Population on 1 January, total"
A,DE1001V,FR008C,2017,455205,,,FR008C,FR,,2017,population_total,"Population on 1 January, total"
A,DE1001V,FR008C,2018,457360,,,FR008C,FR,,2018,population_total,"Population on 1 January, total"
A,DE1001V,FR008C,2019,461144,,,FR008C,FR,,2019,population_total,"Population on 1 January, total"
A,DE1001V,FR008C,2020,462846,,,FR008C,FR,,2020,population_total,"Population on 1 January, total"
A,DE1001V,FR008C,2021,469432,,,FR008C,FR,,2021,population_total,"Population on 1 January, total"
A,DE1001V,FR008C,2022,476301,,,FR008C,FR,,2022,population_total,"Population on 1 January, total"
A,DE1001V,FR009C,2015,412549,,,FR009C,FR,,2015,population_total,"Population on 1 January, total"
A,DE1001V,FR009C,2016,415771,,,FR009C,FR,,2016,population_total,"Population on 1 January, total"
A,DE1001V,FR009C,2017,417255,,,FR009C,FR,,2017,population_total,"Population on 1 January, total"
A,DE1001V,FR009C,2018,422967,,,FR009C,FR,,2018,population_total,"Population on 1 January, total"
A,DE1001V,FR009C,2019,427197,,,FR009C,FR,,2019,population_total,"Population on 1 January, total"
A,DE1001V,FR009C,2020,432284,,,FR009C,FR,,2020,population_total,"Population on 1 January, total"
A,DE1001V,FR009C,2021,434558,,,FR009C,FR,,2021,population_total,"Population on 1 January, total"
A,DE1001V,FR009C,2022,436462,,,FR009C,FR,,2022,population_total,"Population on 1 January, total"
A,DE1001V,FR010C,2015,327012,,,FR010C,FR,,2015,population_total,"Population on 1 January, total"
A,DE1001V,FR010C,2016,326875,,,FR010C,FR,,2016,population_total,"Population on 1 January, total"
A,DE1001V,FR010C,2017,326493,,,FR010C,FR,,2017,population_total,"Population on 1 January, total"
A,DE1001V,FR010C,2018,328660,,,FR010C,FR,,2018,population_total,"Population on 1 January, total"
A,DE1001V,FR010C,2019,329517,,,FR010C,FR,,2019,population_total,"Population on 1 January, total"
A,DE1001V,FR010C,2020,331613,,,FR010C,FR,,2020,population_total,"Population on 1 January, total"
A,DE1001V,FR010C,2021,332001,,,FR010C,FR,,2021,population_total,"Population on 1 January, total"
A,DE1001V,FR010C,2022,335389,,,FR010C,FR,,2022,population_total,"Population on 1 January, total"
A,DE1001V,FR011C,2015,339669,,,FR011C,FR,,2015,population_total,"Population on 1 January, total"
A,DE1001V,FR011C,2016,344636,,,FR011C,FR,,2016,population_total,"Population on 1 January, total"
A,DE1001V,FR011C,2017,349924,,,FR011C,FR,,2017,population_total,"Population on 1 January, total"
A,DE1001V,FR011C,2018,356972,,,FR011C,FR,,2018,population_total,"Population on 1 January, total"
A,DE1001V,FR011C,2019,364723,,,FR011C,FR,,2019,population_total,"Population on 1 January, total"
A,DE1001V,FR011C,2020,370272,,,FR011C,FR,,2020,population_total,"Population on 1 January, total"
A,DE1001V,FR011C,2021,375724,,,FR011C,FR,,2021,population_total,"Population on 1 January, total"
A,DE1001V,FR011C,2022,381724,,,FR011C,FR,,2022,population_total,"Population on 1 January, total"
A,DE1001V,FR012C,2015,365947,,,FR012C,FR,,2015,population_total,"Population on 1 January, total"
A,DE1001V,FR012C,2016,363423,,,FR012C,FR,,2016,population_total,"Population on 1 January, total"
A,DE1001V,FR012C,2017,364672,,,FR012C,FR,,2017,population_total,"Population on 1 January, total"
A,DE1001V,FR012C,2018,364642,,,FR012C,FR,,2018,population_total,"Population on 1 January, total"
A,DE1001V,FR012C,2019,365556,,,FR012C,FR,,2019,population_total,"Population on 1 January, total"
A,DE1001V,FR012C,2020,366686,,,FR012C,FR,,2020,population_total,"Population on 1 January, total"
A,DE1001V,FR012C,2021,367326,,,FR012C,FR,,2021,population_total,"Population on 1 January, total"
A,DE1001V,FR012C,2022,366905,,,FR012C,FR,,2022,population_total,"Population on 1 January, total"
A,DE1001V,FR013C,2015,241944,,,FR013C,FR,,2015,population_total,"Population on 1 January, total"
A,DE1001V,FR013C,2016,242605,,,FR013C,FR,,2016,population_total,"Population on 1 January, total"
A,DE1001V,FR013C,2017,242529,,,FR013C,FR,,2017,population_total,"Population on 1 January, total"
A,DE1001V,FR013C,2018,243507,,,FR013C,FR,,2018,population_total,"Population on 1 January, total"
A,DE1001V,FR013C,2019,245109,,,FR013C,FR,,2019,population_total,"Population on 1 January, total"
A,DE1001V,FR013C,2020,246785,,,FR013C,FR,,2020,population_total,"Population on 1 January, total"
A,DE1001V,FR013C,2021,245668,,,FR013C,FR,,2021,population_total,"Population on 1 January, total"
A,DE1001V,FR013C,2022,246865,,,FR013C,FR,,2022,population_total,"Population on 1 January, total"
A,DE1001V,FR014C,2015,239057,,,FR014C,FR,,2015,population_total,"Population on 1 January, total"
A,DE1001V,FR014C,2016,238348,,,FR014C,FR,,2016,population_total,"Population on 1 January, total"
A,DE1001V,FR014C,2017,237462,,,FR014C,FR,,2017,population_total,"Population on 1 January, total"
A,DE1001V,FR014C,2018,237259,,,FR014C,FR,,2018,population_total,"Population on 1 January, total"
A,DE1001V,FR014C,2019,239232,,,FR014C,FR,,2019,population_total,"Population on 1 January, total"
A,DE1001V,FR014C,2020,239011,,,FR014C,FR,,2020,population_total,"Population on 1 January, total"
A,DE1001V,FR014C,2021,239568,,,FR014C,FR,,2021,population_total,"Population on 1 January, total"
A,DE1001V,FR014C,2022,240630,,,FR014C,FR,,2022,population_total,"Population on 1 January, total"
A,DE1001V,FR015C,2015,226090,,,FR015C,FR,,2015,population_total,"Population on 1 January, total"
A,DE1001V,FR015C,2016,228672,,,FR015C,FR,,2016,population_total,"Population on 1 January, total"
A,DE1001V,FR015C,2017,231212,,,FR015C,FR,,2017,population_total,"Population on 1 January, total"
A,DE1001V,FR015C,2018,235638,,,FR015C,FR,,2018,population_total,"Population on 1 January, total"
A,DE1001V,FR015C,2019,238614,,,FR015C,FR,,2019,population_total,"Population on 1 January, total"
A,DE1001V,FR015C,2020,239832,,,FR015C,FR,,2020,population_total,"Population on 1 January, total"
A,DE1001V,FR015C,2021,241047,,,FR015C,FR,,2021,population_total,"Population on 1 January, total"
A,DE1001V,FR015C,2022,241392,,,FR015C,FR,,2022,population_total,"Population on 1 January, total"
A,DE1001V,FR016C,2015,265188,,,FR016C,FR,,2015,population_total,"Population on 1 January, total"
A,DE1001V,FR016C,2016,266456,,,FR016C,FR,,2016,population_total,"Population on 1 January, total"
A,DE1001V,FR016C,2017,267502,,,FR016C,FR,,2017,population_total,"Population on 1 January, total"
A,DE1001V,FR016C,2018,268796,,,FR016C,FR,,2018,population_total,"Population on 1 January, total"
A,DE1001V,FR016C,2019,271686,,,FR016C,FR,,2019,population_total,"Population on 1 January, total"
A,DE1001V,FR016C,2020,273873,,,FR016C,FR,,2020,population_total,"Population on 1 January, total"
A,DE1001V,FR016C,2021,276522,,,FR016C,FR,,2021,population_total,"Population on 1 January, total"
A,DE1001V,FR016C,2022,279869,,,FR016C,FR,,2022,population_total,"Population on 1 January, total"
A,DE1001V,FR017C,2015,210614,,,FR017C,FR,,2015,population_total,"Population on 1 January, total"
A,DE1001V,FR017C,2016,210007,,,FR017C,FR,,2016,population_total,"Population on 1 January, total"
A,DE1001V,FR017C,2017,209507,,,FR017C,FR,,2017,population_total,"Population on 1 January, total"
A,DE1001V,FR017C,2018,209334,,,FR017C,FR,,2018,population_total,"Population on 1 January, total"
A,DE1001V,FR017C,2019,208432,,,FR017C,FR,,2019,population_total,"Population on 1 January, total"
A,DE1001V,FR017C,2020,207773,,,FR017C,FR,,2020,population_total,"Population on 1 January, total"
A,DE1001V,FR017C,2021,207000,,,FR017C,FR,,2021,population_total,"Population on 1 January, total"
A,DE1001V,FR017C,2022,206170,,,FR017C,FR,,2022,population_total,"Population on 1 January, total"
A,DE1001V,FR018C,2015,237408,,,FR018C,FR,,2015,population_total,"Population on 1 January, total"
A,DE1001V,FR018C,2016,238030,,,FR018C,FR,,2016,population_total,"Population on 1 January, total"
A,DE1001V,FR018C,2017,241324,,,FR018C,FR,,2017,population_total,"Population on 1 January, total"
A,DE1001V,FR018C,2018,241940,,,FR018C,FR,,2018,population_total,"Population on 1 January, total"
A,DE1001V,FR018C,2019,242985,,,FR018C,FR,,2019,population_total,"Population on 1 January, total"
A,DE1001V,FR018C,2020,244480,,,FR018C,FR,,2020,population_total,"Population on 1 January, total"
A,DE1001V,FR018C,2021,245606,,,FR018C,FR,,2021,population_total,"Population on 1 January, total"
A,DE1001V,FR018C,2022,246728,,,FR018C,FR,,2022,population_total,"Population on 1 January, total"
A,DE1001V,FR019C,2015,222756,,,FR019C,FR,,2015,population_total,"Population on 1 January, total"
A,DE1001V,FR019C,2016,222884,,,FR019C,FR,,2016,population_total,"Population on 1 January, total"
A,DE1001V,FR019C,2017,223171,,,FR019C,FR,,2017,population_total,"Population on 1 January, total"
A,DE1001V,FR019C,2018,223744,,,FR019C,FR,,2018,population_total,"Population on 1 January, total"
A,DE1001V,FR019C,2019,224207,,,FR019C,FR,,2019,population_total,"Population on 1 January, total"
A,DE1001V,FR019C,2020,223459,,,FR019C,FR,,2020,population_total,"Population on 1 January, total"
A,DE1001V,FR019C,2021,223511,,,FR019C,FR,,2021,population_total,"Population on 1 January, total"
A,DE1001V,FR019C,2022,224257,,,FR019C,FR,,2022,population_total,"Population on 1 January, total"
A,DE1001V,FR020C,2015,196698,,,FR020C,FR,,2015,population_total,"Population on 1 January, total"
A,DE1001V,FR020C,2016,196872,,,FR020C,FR,,2016,population_total,"Population on 1 January, total"
A,DE1001V,FR020C,2017,198870,,,FR020C,FR,,2017,population_total,"Population on 1 January, total"
A,DE1001V,FR020C,2018,199131,,,FR020C,FR,,2018,population_total,"Population on 1 January, total"
A,DE1001V,FR020C,2019,200086,,,FR020C,FR,,2019,population_total,"Population on 1 January, total"
A,DE1001V,FR020C,2020,201491,,,FR020C,FR,,2020,population_total,"Population on 1 January, total"
A,DE1001V,FR020C,2021,202022,,,FR020C,FR,,2021,population_total,"Population on 1 January, total"
A,DE1001V,FR020C,2022,202775,,,FR020C,FR,,2022,population_total,"Population on 1 January, total"
A,DE1001V,FR021C,2015,184903,,,FR021C,FR,,2015,population_total,"Population on 1 January, total"
A,DE1001V,FR021C,2016,185927,,,FR021C,FR,,2016,population_total,"Population on 1 January, total"
A,DE1001V,FR021C,2017,186558,,,FR021C,FR,,2017,population_total,"Population on 1 January, total"
A,DE1001V,FR021C,2018,189987,,,FR021C,FR,,2018,population_total,"Population on 1 January, total"
A,DE1001V,FR021C,2019,191068,,,FR021C,FR,,2019,population_total,"Population on 1 January, total"
A,DE1001V,FR021C,2020,190086,,,FR021C,FR,,2020,population_total,"Population on 1 January, total"
A,DE1001V,FR021C,2021,190045,,,FR021C,FR,,2021,population_total,"Population on 1 January, total"
A,DE1001V,FR021C,2022,190822,,,FR021C,FR,,2022,population_total,"Population on 1 January, total"
A,DE1001V,FR022C,2015,197314,,,FR022C,FR,,2015,population_total,"Population on 1 January, total"
A,DE1001V,FR022C,2016,195317,,,FR022C,FR,,2016,population_total,"Population on 1 January, total"
A,DE1001V,FR022C,2017,195042,,,FR022C,FR,,2017,population_total,"Population on 1 January, total"
A,DE1001V,FR022C,2018,194639,,,FR022C,FR,,2018,population_total,"Population on 1 January, total"
A,DE1001V,FR022C,2019,193080,,,FR022C,FR,,2019,population_total,"Population on 1 January, total"
A,DE1001V,FR022C,2020,190421,,,FR022C,FR,,2020,population_total,"Population on 1 January, total"
A,DE1001V,FR022C,2021,190450,,,FR022C,FR,,2021,population_total,"Population on 1 January, total"
A,DE1001V,FR022C,2022,190712,,,FR022C,FR,,2022,population_total,"Population on 1 January, total"
A,DE1001V,FR023C,2015,205576,,,FR023C,FR,,2015,population_total,"Population on 1 January, total"
A,DE1001V,FR023C,2016,206253,,,FR023C,FR,,2016,population_total,"Population on 1 January, total"
A,DE1001V,FR023C,2017,206789,,,FR023C,FR,,2017,population_total,"Population on 1 January, total"
A,DE1001V,FR023C,2018,207431,,,FR023C,FR,,2018,population_total,"Population on 1 January, total"
A,DE1001V,FR023C,2019,208268,,,FR023C,FR,,2019,population_total,"Population on 1 January, total"
A,DE1001V,FR023C,2020,208554,,,FR023C,FR,,2020,population_total,"Population on 1 January, total"
A,DE1001V,FR023C,2021,207352,,,FR023C,FR,,2021,population_total,"Population on 1 January, total"
A,DE1001V,FR023C,2022,207427,,,FR023C,FR,,2022,population_total,"Population on 1 January, total"
A,DE1001V,FR024C,2015,200974,,,FR024C,FR,,2015,population_total,"Population on 1 January, total"
A,DE1001V,FR024C,2016,201247,,,FR024C,FR,,2016,population_total,"Population on 1 January, total"
A,DE1001V,FR024C,2017,203184,,,FR024C,FR,,2017,population_total,"Population on 1 January, total"
A,DE1001V,FR024C,2018,205346,,,FR024C,FR,,2018,population_total,"Population on 1 January, total"
A,DE1001V,FR024C,2019,207283,,,FR024C,FR,,2019,population_total,"Population on 1 January, total"
A,DE1001V,FR024C,2020,207455,,,FR024C,FR,,2020,population_total,"Population on 1 January, total"
A,DE1001V,FR024C,2021,209656,,,FR024C,FR,,2021,population_total,"Population on 1 January, total"
A,DE1001V,FR024C,2022,210759,,,FR024C,FR,,2022,population_total,"Population on 1 January, total"
A,DE1001V,FR025C,2015,206002,,,FR025C,FR,,2015,population_total,"Population on 1 January, total"
A,DE1001V,FR025C,2016,205046,,,FR025C,FR,,2016,population_total,"Population on 1 January, total"
A,DE1001V,FR025C,2017,205643,,,FR025C,FR,,2017,population_total,"Population on 1 January, total"
A,DE1001V,FR025C,2018,205893,,,FR025C,FR,,2018,population_total,"Population on 1 January, total"
A,DE1001V,FR025C,2019,205684,,,FR025C,FR,,2019,population_total,"Population on 1 January, total"
A,DE1001V,FR025C,2020,205130,,,FR025C,FR,,2020,population_total,"Population on 1 January, total"
A,DE1001V,FR025C,2021,203942,,,FR025C,FR,,2021,population_total,"Population on 1 January, total"
A,DE1001V,FR025C,2022,204066,,,FR025C,FR,,2022,population_total,"Population on 1 January, total"
A,DE1001V,FR026C,2015,204330,,,FR026C,FR,,2015,population_total,"Population on 1 January, total"
A,DE1001V,FR026C,2016,202890,,,FR026C,FR,,2016,population_total,"Population on 1 January, total"
A,DE1001V,FR026C,2017,202653,,,FR026C,FR,,2017,population_total,"Population on 1 January, total"
A,DE1001V,FR026C,2018,202708,,,FR026C,FR,,2018,population_total,"Population on 1 January, total"
A,DE1001V,FR026C,2019,202114,,,FR026C,FR,,2019,population_total,"Population on 1 January, total"
A,DE1001V,FR026C,2020,202756,,,FR026C,FR,,2020,population_total,"Population on 1 January, total"
A,DE1001V,FR026C,2021,202673,,,FR026C,FR,,2021,population_total,"Population on 1 January, total"
A,DE1001V,FR026C,2022,201849,,,FR026C,FR,,2022,population_total,"Population on 1 January, total"
A,DE1001V,FR027C,2015,163977,,,FR027C,FR,,2015,population_total,"Population on 1 January, total"
A,DE1001V,FR027C,2016,165480,,,FR027C,FR,,2016,population_total,"Population on 1 January, total"
A,DE1001V,FR027C,2017,164254,,,FR027C,FR,,2017,population_total,"Population on 1 January, total"
A,DE1001V,FR027C,2018,164161,,,FR027C,FR,,2018,population_total,"Population on 1 January, total"
A,DE1001V,FR027C,2019,166227,,,FR027C,FR,,2019,population_total,"Population on 1 January, total"
A,DE1001V,FR027C,2020,168522,,,FR027C,FR,,2020,population_total,"Population on 1 January, total"
A,DE1001V,FR027C,2021,169121,,,FR027C,FR,,2021,population_total,"Population on 1 January, total"
A,DE1001V,FR027C,2022,170174,,,FR027C,FR,,2022,population_total,"Population on 1 January, total"
A,DE1001V,FR028C,2015,150672,,,FR028C,FR,,2015,population_total,"Population on 1 January, total"
A,DE1001V,FR028C,2016,151001,,,FR028C,FR,,2016,population_total,"Population on 1 January, total"
A,DE1001V,FR028C,2017,150610,,,FR028C,FR,,2017,population_total,"Population on 1 January, total"
A,DE1001V,FR028C,2018,149633,,,FR028C,FR,,2018,population_total,"Population on 1 January, total"
A,DE1001V,FR028C,2019,148561,,,FR028C,FR,,2019,population_total,"Population on 1 January, total"
A,DE1001V,FR028C,2020,147496,,,FR028C,FR,,2020,population_total,"Population on 1 January, total"
A,DE1001V,FR028C,2021,148104,,,FR028C,FR,,2021,population_total,"Population on 1 January, total"
A,DE1001V,FR028C,2022,150444,,,FR028C,FR,,2022,population_total,"Population on 1 January, total"
A,DE1001V,FR029C,2015,150789,,,FR029C,FR,,2015,population_total,"Population on 1 January, total"
A,DE1001V,FR029C,2016,150438,,,FR029C,FR,,2016,population_total,"Population on 1 January, total"
A,DE1001V,FR029C,2017,150369,,,FR029C,FR,,2017,population_total,"Population on 1 January, total"
A,DE1001V,FR029C,2018,150852,,,FR029C,FR,,2018,population_total,"Population on 1 January, total"
A,DE1001V,FR029C,2019,151626,,,FR029C,FR,,2019,population_total,"Population on 1 January, total"
A,DE1001V,FR029C,2020,153113,,,FR029C,FR,,2020,population_total,"Population on 1 January, total"
A,DE1001V,FR029C,2021,153007,,,FR029C,FR,,2021,population_total,"Population on 1 January, total"
A,DE1001V,FR029C,2022,153231,,,FR029C,FR,,2022,population_total,"Population on 1 January, total"
A,DE1001V,FR030C,2015,146985,,,FR030C,FR,,2015,population_total,"Population on 1 January, total"
A,DE1001V,FR030C,2016,147920,,,FR030C,FR,,2016,population_total,"Population on 1 January, total"
A,DE1001V,FR030C,2017,147931,,,FR030C,FR,,2017,population_total,"Population on 1 January, total"
A,DE1001V,FR030C,2018,150535,,,FR030C,FR,,2018,population_total,"Population on 1 January, total"
A,DE1001V,FR030C,2019,153810,,,FR030C,FR,,2019,population_total,"Population on 1 January, total"
A,DE1001V,FR030C,2020,153001,,,FR030C,FR,,2020,population_total,"Population on 1 January, total"
A,DE1001V,FR030C,2021,154765,,,FR030C,FR,,2021,population_total,"Population on 1 January, total"
A,DE1001V,FR030C,2022,156149,,,FR030C,FR,,2022,population_total,"Population on 1 January, total"
A,DE1001V,FR031C,2015,179157,,,FR031C,FR,,2015,population_total,"Population on 1 January, total"
A,DE1001V,FR031C,2016,179204,,,FR031C,FR,,2016,population_total,"Population on 1 January, total"
A,DE1001V,FR031C,2017,179701,,,FR031C,FR,,2017,population_total,"Population on 1 January, total"
A,DE1001V,FR031C,2018,179523,,,FR031C,FR,,2018,population_total,"Population on 1 January, total"
A,DE1001V,FR031C,2019,180300,,,FR031C,FR,,2019,population_total,"Population on 1 January, total"
A,DE1001V,FR031C,2020,181353,,,FR031C,FR,,2020,population_total,"Population on 1 January, total"
A,DE1001V,FR031C,2021,182754,,,FR031C,FR,,2021,population_total,"Population on 1 January, total"
A,DE1001V,FR031C,2022,183808,,,FR031C,FR,,2022,population_total,"Population on 1 January, total"
A,DE1001V,FR032C,2015,144558,,,FR032C,FR,,2015,population_total,"Population on 1 January, total"
A,DE1001V,FR032C,2016,143643,,,FR032C,FR,,2016,population_total,"Population on 1 January, total"
A,DE1001V,FR032C,2017,143147,,,FR032C,FR,,2017,population_total,"Population on 1 January, total"
A,DE1001V,FR032C,2018,142453,,,FR032C,FR,,2018,population_total,"Population on 1 January, total"
A,DE1001V,FR032C,2019,141776,,,FR032C,FR,,2019,population_total,"Population on 1 January, total"
A,DE1001V,FR032C,2020,141594,,,FR032C,FR,,2020,population_total,"Population on 1 January, total"
A,DE1001V,FR032C,2021,140824,,,FR032C,FR,,2021,population_total,"Population on 1 January, total"
A,DE1001V,FR032C,2022,140961,,,FR032C,FR,,2022,population_total,"Population on 1 January, total"
A,DE1001V,FR033C,2015,142668,,,FR033C,FR,,2015,population_total,"Population on 1 January, total"
A,DE1001V,FR033C,2016,143006,,,FR033C,FR,,2016,population_total,"Population on 1 January, total"
A,DE1001V,FR033C,2017,142482,,,FR033C,FR,,2017,population_total,"Population on 1 January, total"
A,DE1001V,FR033C,2018,143097,,,FR033C,FR,,2018,population_total,"Population on 1 January, total"
A,DE1001V,FR033C,2019,145133,,,FR033C,FR,,2019,population_total,"Population on 1 January, total"
A,DE1001V,FR033C,2020,147122,,,FR033C,FR,,2020,population_total,"Population on 1 January, total"
A,DE1001V,FR033C,2021,147478,,,FR033C,FR,,2021,population_total,"Population on 1 January, total"
A,DE1001V,FR033C,2022,147933,,,FR033C,FR,,2022,population_total,"Population on 1 January, total"
A,DE1001V,FR034C,2015,139163,,,FR034C,FR,,2015,population_total,"Population on 1 January, total"
A,DE1001V,FR034C,2016,139342,,,FR034C,FR,,2016,population_total,"Population on 1 January, total"
A,DE1001V,FR034C,2017,140064,,,FR034C,FR,,2017,population_total,"Population on 1 January, total"
A,DE1001V,FR034C,2018,139602,,,FR034C,FR,,2018,population_total,"Population on 1 January, total"
A,DE1001V,FR034C,2019,139926,,,FR034C,FR,,2019,population_total,"Population on 1 January, total"
A,DE1001V,FR034C,2020,139456,,,FR034C,FR,,2020,population_total,"Population on 1 January, total"
A,DE1001V,FR034C,2021,139619,,,FR034C,FR,,2021,population_total,"Population on 1 January, total"
A,DE1001V,FR034C,2022,140993,,,FR034C,FR,,2022,population_total,"Population on 1 January, total"
A,DE1001V,FR035C,2015,146182,,,FR035C,FR,,2015,population_total,"Population on 1 January, total"
A,DE1001V,FR035C,2016,147246,,,FR035C,FR,,2016,population_total,"Population on 1 January, total"
A,DE1001V,FR035C,2017,147662,,,FR035C,FR,,2017,population_total,"Population on 1 January, total"
A,DE1001V,FR035C,2018,147584,,,FR035C,FR,,2018,population_total,"Population on 1 January, total"
A,DE1001V,FR035C,2019,148506,,,FR035C,FR,,2019,population_total,"Population on 1 January, total"
A,DE1001V,FR035C,2020,148046,,,FR035C,FR,,2020,population_total,"Population on 1 January, total"
A,DE1001V,FR035C,2021,147426,,,FR035C,FR,,2021,population_total,"Population on 1 January, total"
A,DE1001V,FR035C,2022,148502,,,FR035C,FR,,2022,population_total,"Population on 1 January, total"
A,DE1001V,FR036C,2015,146066,,,FR036C,FR,,2015,population_total,"Population on 1 January, total"
A,DE1001V,FR036C,2016,144771,,,FR036C,FR,,2016,population_total,"Population on 1 January, total"
A,DE1001V,FR036C,2017,143614,,,FR036C,FR,,2017,population_total,"Population on 1 January, total"
A,DE1001V,FR036C,2018,142731,,,FR036C,FR,,2018,population_total,"Population on 1 January, total"
A,DE1001V,FR036C,2019,141779,,,FR036C,FR,,2019,population_total,"Population on 1 January, total"
A,DE1001V,FR036C,2020,139991,,,FR036C,FR,,2020,population_total,"Population on 1 January, total"
A,DE1001V,FR036C,2021,139907,,,FR036C,FR,,2021,population_total,"Population on 1 January, total"
A,DE1001V,FR036C,2022,140159,,,FR036C,FR,,2022,population_total,"Population on 1 January, total"
A,DE1001V,FR037C,2015,143422,,,FR037C,FR,,2015,population_total,"Population on 1 January, total"
A,DE1001V,FR037C,2016,143537,,,FR037C,FR,,2016,population_total,"Population on 1 January, total"
A,DE1001V,FR037C,2017,141922,,,FR037C,FR,,2017,population_total,"Population on 1 January, total"
A,DE1001V,FR037C,2018,141120,,,FR037C,FR,,2018,population_total,"Population on 1 January, total"
A,DE1001V,FR037C,2019,141364,,,FR037C,FR,,2019,population_total,"Population on 1 January, total"
A,DE1001V,FR037C,2020,140042,,,FR037C,FR,,2020,population_total,"Population on 1 January, total"
A,DE1001V,FR037C,2021,141544,,,FR037C,FR,,2021,population_total,"Population on 1 January, total"
A,DE1001V,FR037C,2022,143083,,,FR037C,FR,,2022,population_total,"Population on 1 January, total"
A,DE1001V,FR038C,2015,125694,,,FR038C,FR,,2015,population_total,"Population on 1 January, total"
A,DE1001V,FR038C,2016,126419,,,FR038C,FR,,2016,population_total,"Population on 1 January, total"
A,DE1001V,FR038C,2017,126924,,,FR038C,FR,,2017,population_total,"Population on 1 January, total"
A,DE1001V,FR038C,2018,128199,,,FR038C,FR,,2018,population_total,"Population on 1 January, total"
A,DE1001V,FR038C,2019,130721,,,FR038C,FR,,2019,population_total,"Population on 1 January, total"
A,DE1001V,FR038C,2020,131766,,,FR038C,FR,,2020,population_total,"Population on 1 January, total"
A,DE1001V,FR038C,2021,131715,,,FR038C,FR,,2021,population_total,"Population on 1 January, total"
A,DE1001V,FR038C,2022,131272,,,FR038C,FR,,2022,population_total,"Population on 1 January, total"
A,DE1001V,FR039C,2015,116676,,,FR039C,FR,,2015,population_total,"Population on 1 January, total"
A,DE1001V,FR039C,2016,116466,,,FR039C,FR,,2016,population_total,"Population on 1 January, total"
A,DE1001V,FR039C,2017,115934,,,FR039C,FR,,2017,population_total,"Population on 1 January, total"
A,DE1001V,FR039C,2018,116775,,,FR039C,FR,,2018,population_total,"Population on 1 January, total"
A,DE1001V,FR039C,2019,117912,,,FR039C,FR,,2019,population_total,"Population on 1 January, total"
A,DE1001V,FR039C,2020,118258,,,FR039C,FR,,2020,population_total,"Population on 1 January, total"
A,DE1001V,FR039C,2021,119198,,,FR039C,FR,,2021,population_total,"Population on 1 January, total"
A,DE1001V,FR039C,2022,120057,,,FR039C,FR,,2022,population_total,"Population on 1 January, total"
A,DE1001V,FR040C,2015,120338,,,FR040C,FR,,2015,population_total,"Population on 1 January, total"
A,DE1001V,FR040C,2016,122229,,,FR040C,FR,,2016,population_total,"Population on 1 January, total"
A,DE1001V,FR040C,2017,123911,,,FR040C,FR,,2017,population_total,"Population on 1 January, total"
A,DE1001V,FR040C,2018,125036,,,FR040C,FR,,2018,population_total,"Population on 1 January, total"
A,DE1001V,FR040C,2019,126027,,,FR040C,FR,,2019,population_total,"Population on 1 January, total"
A,DE1001V,FR040C,2020,126965,,,FR040C,FR,,2020,population_total,"Population on 1 January, total"
A,DE1001V,FR040C,2021,128475,,,FR040C,FR,,2021,population_total,"Population on 1 January, total"
A,DE1001V,FR040C,2022,130344,,,FR040C,FR,,2022,population_total,"Population on 1 January, total"
A,DE1001V,FR041C,2015,114410,,,FR041C,FR,,2015,population_total,"Population on 1 January, total"
A,DE1001V,FR041C,2016,114603,,,FR041C,FR,,2016,population_total,"Population on 1 January, total"
A,DE1001V,FR041C,2017,113370,,,FR041C,FR,,2017,population_total,"Population on 1 January, total"
A,DE1001V,FR041C,2018,113249,,,FR041C,FR,,2018,population_total,"Population on 1 January, total"
A,DE1001V,FR041C,2019,114468,,,FR041C,FR,,2019,population_total,"Population on 1 January, total"
A,DE1001V,FR041C,2020,114744,,,FR041C,FR,,2020,population_total,"Population on 1 January, total"
A,DE1001V,FR041C,2021,116234,,,FR041C,FR,,2021,population_total,"Population on 1 January, total"
A,DE1001V,FR041C,2022,117686,,,FR041C,FR,,2022,population_total,"Population on 1 January, total"
A,DE1001V,FR042C,2015,110180,,,FR042C,FR,,2015,population_total,"Population on 1 January, total"
A,DE1001V,FR042C,2016,110214,,,FR042C,FR,,2016,population_total,"Population on 1 January, total"
A,DE1001V,FR042C,2017,110402,,,FR042C,FR,,2017,population_total,"Population on 1 January, total"
A,DE1001V,FR042C,2018,109721,,,FR042C,FR,,2018,population_total,"Population on 1 January, total"
A,DE1001V,FR042C,2019,109229,,,FR042C,FR,,2019,population_total,"Population on 1 January, total"
A,DE1001V,FR042C,2020,109820,,,FR042C,FR,,2020,population_total,"Population on 1 January, total"
A,DE1001V,FR042C,2021,111911,,,FR042C,FR,,2021,population_total,"Population on 1 January, total"
A,DE1001V,FR042C,2022,113428,,,FR042C,FR,,2022,population_total,"Population on 1 January, total"
A,DE1001V,FR043C,2015,137847,,,FR043C,FR,,2015,population_total,"Population on 1 January, total"
A,DE1001V,FR043C,2016,138518,,,FR043C,FR,,2016,population_total,"Population on 1 January, total"
A,DE1001V,FR043C,2017,137815,,,FR043C,FR,,2017,population_total,"Population on 1 January, total"
A,DE1001V,FR043C,2018,137645,,,FR043C,FR,,2018,population_total,"Population on 1 January, total"
A,DE1001V,FR043C,2019,137662,,,FR043C,FR,,2019,population_total,"Population on 1 January, total"
A,DE1001V,FR043C,2020,137818,,,FR043C,FR,,2020,population_total,"Population on 1 January, total"
A,DE1001V,FR043C,2021,137900,,,FR043C,FR,,2021,population_total,"Population on 1 January, total"
A,DE1001V,FR043C,2022,140385,,,FR043C,FR,,2022,population_total,"Population on 1 January, total"
A,DE1001V,FR044C,2015,110959,,,FR044C,FR,,2015,population_total,"Population on 1 January, total"
A,DE1001V,FR044C,2016,111000,,,FR044C,FR,,2016,population_total,"Population on 1 January, total"
A,DE1001V,FR044C,2017,112114,,,FR044C,FR,,2017,population_total,"Population on 1 January, total"
A,DE1001V,FR044C,2018,112142,,,FR044C,FR,,2018,population_total,"Population on 1 January, total"
A,DE1001V,FR044C,2019,112189,,,FR044C,FR,,2019,population_total,"Population on 1 January, total"
A,DE1001V,FR044C,2020,113281,,,FR044C,FR,,2020,population_total,"Population on 1 January, total"
A,DE1001V,FR044C,2021,113526,,,FR044C,FR,,2021,population_total,"Population on 1 January, total"
A,DE1001V,FR044C,2022,113412,,,FR044C,FR,,2022,population_total,"Population on 1 January, total"
A,DE1001V,FR045C,2015,128295,,,FR045C,FR,,2015,population_total,"Population on 1 January, total"
A,DE1001V,FR045C,2016,127711,,,FR045C,FR,,2016,population_total,"Population on 1 January, total"
A,DE1001V,FR045C,2017,127512,,,FR045C,FR,,2017,population_total,"Population on 1 January, total"
A,DE1001V,FR045C,2018,127729,,,FR045C,FR,,2018,population_total,"Population on 1 January, total"
A,DE1001V,FR045C,2019,127241,,,FR045C,FR,,2019,population_total,"Population on 1 January, total"
A,DE1001V,FR045C,2020,126659,,,FR045C,FR,,2020,population_total,"Population on 1 January, total"
A,DE1001V,FR045C,2021,126812,,,FR045C,FR,,2021,population_total,"Population on 1 January, total"
A,DE1001V,FR045C,2022,127050,,,FR045C,FR,,2022,population_total,"Population on 1 January, total"
A,DE1001V,FR046C,2015,142450,,,FR046C,FR,,2015,population_total,"Population on 1 January, total"
A,DE1001V,FR046C,2016,141100,,,FR046C,FR,,2016,population_total,"Population on 1 January, total"
A,DE1001V,FR046C,2017,139847,,,FR046C,FR,,2017,population_total,"Population on 1 January, total"
A,DE1001V,FR046C,2018,138554,,,FR046C,FR,,2018,population_total,"Population on 1 January, total"
A,DE1001V,FR046C,2019,136219,,,FR046C,FR,,2019,population_total,"Population on 1 January, total"
A,DE1001V,FR046C,2020,134381,,,FR046C,FR,,2020,population_total,"Population on 1 January, total"
A,DE1001V,FR046C,2021,133903,,,FR046C,FR,,2021,population_total,"Population on 1 January, total"
A,DE1001V,FR046C,2022,133853,,,FR046C,FR,,2022,population_total,"Population on 1 January, total"
A,DE1001V,FR047C,2015,97914,,,FR047C,FR,,2015,population_total,"Population on 1 January, total"
A,DE1001V,FR047C,2016,97969,,,FR047C,FR,,2016,population_total,"Population on 1 January, total"
A,DE1001V,FR047C,2017,98314,,,FR047C,FR,,2017,population_total,"Population on 1 January, total"
A,DE1001V,FR047C,2018,98707,,,FR047C,FR,,2018,population_total,"Population on 1 January, total"
A,DE1001V,FR047C,2019,99272,,,FR047C,FR,,2019,population_total,"Population on 1 January, total"
A,DE1001V,FR047C,2020,100034,,,FR047C,FR,,2020,population_total,"Population on 1 January, total"
A,DE1001V,FR047C,2021,100345,,,FR047C,FR,,2021,population_total,"Population on 1 January, total"
A,DE1001V,FR047C,2022,99725,,,FR047C,FR,,2022,population_total,"Population on 1 January, total"
A,DE1001V,FR048C,2015,93415,,,FR048C,FR,,2015,population_total,"Population on 1 January, total"
A,DE1001V,FR048C,2016,93604,,,FR048C,FR,,2016,population_total,"Population on 1 January, total"
A,DE1001V,FR048C,2017,94650,,,FR048C,FR,,2017,population_total,"Population on 1 January, total"
A,DE1001V,FR048C,2018,95375,,,FR048C,FR,,2018,population_total,"Population on 1 January, total"
A,DE1001V,FR048C,2019,95297,,,FR048C,FR,,2019,population_total,"Population on 1 January, total"
A,DE1001V,FR048C,2020,95210,,,FR048C,FR,,2020,population_total,"Population on 1 January, total"
A,DE1001V,FR048C,2021,95267,,,FR048C,FR,,2021,population_total,"Population on 1 January, total"
A,DE1001V,FR048C,2022,95437,,,FR048C,FR,,2022,population_total,"Population on 1 January, total"
A,DE1001V,FR049C,2015,88193,,,FR049C,FR,,2015,population_total,"Population on 1 January, total"
A,DE1001V,FR049C,2016,88390,,,FR049C,FR,,2016,population_total,"Population on 1 January, total"
A,DE1001V,FR049C,2017,87714,,,FR049C,FR,,2017,population_total,"Population on 1 January, total"
A,DE1001V,FR049C,2018,89419,,,FR049C,FR,,2018,population_total,"Population on 1 January, total"
A,DE1001V,FR049C,2019,90485,,,FR049C,FR,,2019,population_total,"Population on 1 January, total"
A,DE1001V,FR049C,2020,91631,,,FR049C,FR,,2020,population_total,"Population on 1 January, total"
A,DE1001V,FR049C,2021,93032,,,FR049C,FR,,2021,population_total,"Population on 1 January, total"
A,DE1001V,FR049C,2022,95131,,,FR049C,FR,,2022,population_total,"Population on 1 January, total"
A,DE1001V,FR050C,2015,112603,,,FR050C,FR,,2015,population_total,"Population on 1 January, total"
A,DE1001V,FR050C,2016,113135,,,FR050C,FR,,2016,population_total,"Population on 1 January, total"
A,DE1001V,FR050C,2017,113584,,,FR050C,FR,,2017,population_total,"Population on 1 January, total"
A,DE1001V,FR050C,2018,114246,,,FR050C,FR,,2018,population_total,"Population on 1 January, total"
A,DE1001V,FR050C,2019,115103,,,FR050C,FR,,2019,population_total,"Population on 1 January, total"
A,DE1001V,FR050C,2020,116648,,,FR050C,FR,,2020,population_total,"Population on 1 January, total"
A,DE1001V,FR050C,2021,117893,,,FR050C,FR,,2021,population_total,"Population on 1 January, total"
A,DE1001V,FR050C,2022,118765,,,FR050C,FR,,2022,population_total,"Population on 1 January, total"
A,DE1001V,FR051C,2015,86887,,,FR051C,FR,,2015,population_total,"Population on 1 January, total"
A,DE1001V,FR051C,2016,86308,,,FR051C,FR,,2016,population_total,"Population on 1 January, total"
A,DE1001V,FR051C,2017,87601,,,FR051C,FR,,2017,population_total,"Population on 1 January, total"
A,DE1001V,FR051C,2018,87977,,,FR051C,FR,,2018,population_total,"Population on 1 January, total"
A,DE1001V,FR051C,2019,88052,,,FR051C,FR,,2019,population_total,"Population on 1 January, total"
A,DE1001V,FR051C,2020,88039,,,FR051C,FR,,2020,population_total,"Population on 1 January, total"
A,DE1001V,FR051C,2021,89696,,,FR051C,FR,,2021,population_total,"Population on 1 January, total"
A,DE1001V,FR051C,2022,90093,,,FR051C,FR,,2022,population_total,"Population on 1 January, total"
A,DE1001V,FR052C,2015,86391,,,FR052C,FR,,2015,population_total,"Population on 1 January, total"
A,DE1001V,FR052C,2016,85859,,,FR052C,FR,,2016,population_total,"Population on 1 January, total"
A,DE1001V,FR052C,2017,86074,,,FR052C,FR,,2017,population_total,"Population on 1 January, total"
A,DE1001V,FR052C,2018,85772,,,FR052C,FR,,2018,population_total,"Population on 1 January, total"
A,DE1001V,FR052C,2019,85520,,,FR052C,FR,,2019,population_total,"Population on 1 January, total"
A,DE1001V,FR052C,2020,85685,,,FR052C,FR,,2020,population_total,"Population on 1 January, total"
A,DE1001V,FR052C,2021,85592,,,FR052C,FR,,2021,population_total,"Population on 1 January, total"
A,DE1001V,FR052C,2022,86043,,,FR052C,FR,,2022,population_total,"Population on 1 January, total"
A,DE1001V,FR053C,2015,95542,,,FR053C,FR,,2015,population_total,"Population on 1 January, total"
A,DE1001V,FR053C,2016,96069,,,FR053C,FR,,2016,population_total,"Population on 1 January, total"
A,DE1001V,FR053C,2017,96100,,,FR053C,FR,,2017,population_total,"Population on 1 January, total"
A,DE1001V,FR053C,2018,96734,,,FR053C,FR,,2018,population_total,"Population on 1 January, total"
A,DE1001V,FR053C,2019,97821,,,FR053C,FR,,2019,population_total,"Population on 1 January, total"
A,DE1001V,FR053C,2020,98801,,,FR053C,FR,,2020,population_total,"Population on 1 January, total"
A,DE1001V,FR053C,2021,99866,,,FR053C,FR,,2021,population_total,"Population on 1 January, total"
A,DE1001V,FR053C,2022,101292,,,FR053C,FR,,2022,population_total,"Population on 1 January, total"
A,DE1001V,FR054C,2015,91320,,,FR054C,FR,,2015,population_total,"Population on 1 January, total"
A,DE1001V,FR054C,2016,91542,,,FR054C,FR,,2016,population_total,"Population on 1 January, total"
A,DE1001V,FR054C,2017,91508,,,FR054C,FR,,2017,population_total,"Population on 1 January, total"
A,DE1001V,FR054C,2018,92449,,,FR054C,FR,,2018,population_total,"Population on 1 January, total"
A,DE1001V,FR054C,2019,93550,,,FR054C,FR,,2019,population_total,"Population on 1 January, total"
A,DE1001V,FR054C,2020,93800,,,FR054C,FR,,2020,population_total,"Population on 1 January, total"
A,DE1001V,FR054C,2021,95500,,,FR054C,FR,,2021,population_total,"Population on 1 January, total"
A,DE1001V,FR054C,2022,97314,,,FR054C,FR,,2022,population_total,"Population on 1 January, total"
A,DE1001V,FR055C,2015,79662,,,FR055C,FR,,2015,population_total,"Population on 1 January, total"
A,DE1001V,FR055C,2016,79673,,,FR055C,FR,,2016,population_total,"Population on 1 January, total"
A,DE1001V,FR055C,2017,79877,,,FR055C,FR,,2017,population_total,"Population on 1 January, total"
A,DE1001V,FR055C,2018,80110,,,FR055C,FR,,2018,population_total,"Population on 1 January, total"
A,DE1001V,FR055C,2019,80370,,,FR055C,FR,,2019,population_total,"Population on 1 January, total"
A,DE1001V,FR055C,2020,80352,,,FR055C,FR,,2020,population_total,"Population on 1 January, total"
A,DE1001V,FR055C,2021,80872,,,FR055C,FR,,2021,population_total,"Population on 1 January, total"
A,DE1001V,FR055C,2022,81390,,,FR055C,FR,,2022,population_total,"Population on 1 January, total"
A,DE1001V,FR056C,2015,80616,,,FR056C,FR,,2015,population_total,"Population on 1 January, total"
A,DE1001V,FR056C,2016,80076,,,FR056C,FR,,2016,population_total,"Population on 1 January, total"
A,DE1001V,FR056C,2017,79200,,,FR056C,FR,,2017,population_total,"Population on 1 January, total"
A,DE1001V,FR056C,2018,79144,,,FR056C,FR,,2018,population_total,"Population on 1 January, total"
A,DE1001V,FR056C,2019,78549,,,FR056C,FR,,2019,population_total,"Population on 1 January, total"
A,DE1001V,FR056C,2020,77789,,,FR056C,FR,,2020,population_total,"Population on 1 January, total"
A,DE1001V,FR056C,2021,77808,,,FR056C,FR,,2021,population_total,"Population on 1 January, total"
A,DE1001V,FR056C,2022,78028,,,FR056C,FR,,2022,population_total,"Population on 1 January, total"
A,DE1001V,FR057C,2015,75999,,,FR057C,FR,,2015,population_total,"Population on 1 January, total"
A,DE1001V,FR057C,2016,76493,,,FR057C,FR,,2016,population_total,"Population on 1 January, total"
A,DE1001V,FR057C,2017,77177,,,FR057C,FR,,2017,population_total,"Population on 1 January, total"
A,DE1001V,FR057C,2018,77599,,,FR057C,FR,,2018,population_total,"Population on 1 January, total"
A,DE1001V,FR057C,2019,78308,,,FR057C,FR,,2019,population_total,"Population on 1 January, total"
A,DE1001V,FR057C,2020,78683,,,FR057C,FR,,2020,population_total,"Population on 1 January, total"
A,DE1001V,FR057C,2021,80341,,,FR057C,FR,,2021,population_total,"Population on 1 January, total"
A,DE1001V,FR057C,2022,80815,,,FR057C,FR,,2022,population_total,"Population on 1 January, total"
A,DE1001V,FR058C,2015,77071,,,FR058C,FR,,2015,population_total,"Population on 1 January, total"
A,DE1001V,FR058C,2016,76677,,,FR058C,FR,,2016,population_total,"Population on 1 January, total"
A,DE1001V,FR058C,2017,75990,,,FR058C,FR,,2017,population_total,"Population on 1 January, total"
A,DE1001V,FR058C,2018,75752,,,FR058C,FR,,2018,population_total,"Population on 1 January, total"
A,DE1001V,FR058C,2019,75831,,,FR058C,FR,,2019,population_total,"Population on 1 January, total"
A,DE1001V,FR058C,2020,75882,,,FR058C,FR,,2020,population_total,"Population on 1 January, total"
A,DE1001V,FR058C,2021,75877,,,FR058C,FR,,2021,population_total,"Population on 1 January, total"
A,DE1001V,FR058C,2022,75479,,,FR058C,FR,,2022,population_total,"Population on 1 January, total"
A,DE1001V,FR059C,2015,74782,,,FR059C,FR,,2015,population_total,"Population on 1 January, total"
A,DE1001V,FR059C,2016,75115,,,FR059C,FR,,2016,population_total,"Population on 1 January, total"
A,DE1001V,FR059C,2017,75375,,,FR059C,FR,,2017,population_total,"Population on 1 January, total"
A,DE1001V,FR059C,2018,75999,,,FR059C,FR,,2018,population_total,"Population on 1 January, total"
A,DE1001V,FR059C,2019,77028,,,FR059C,FR,,2019,population_total,"Population on 1 January, total"
A,DE1001V,FR059C,2020,77684,,,FR059C,FR,,2020,population_total,"Population on 1 January, total"
A,DE1001V,FR059C,2021,77710,,,FR059C,FR,,2021,population_total,"Population on 1 January, total"
A,DE1001V,FR059C,2022,78797,,,FR059C,FR,,2022,population_total,"Population on 1 January, total"
A,DE1001V,FR060C,2015,76806,,,FR060C,FR,,2015,population_total,"Population on 1 January, total"
A,DE1001V,FR060C,2016,75960,,,FR060C,FR,,2016,population_total,"Population on 1 January, total"
A,DE1001V,FR060C,2017,74740,,,FR060C,FR,,2017,population_total,"Population on 1 January, total"
A,DE1001V,FR060C,2018,74622,,,FR060C,FR,,2018,population_total,"Population on 1 January, total"
A,DE1001V,FR060C,2019,73836,,,FR060C,FR,,2019,population_total,"Population on 1 January, total"
A,DE1001V,FR060C,2020,73916,,,FR060C,FR,,2020,population_total,"Population on 1 January, total"
A,DE1001V,FR060C,2021,74076,,,FR060C,FR,,2021,population_total,"Population on 1 January, total"
A,DE1001V,FR060C,2022,74297,,,FR060C,FR,,2022,population_total,"Population on 1 January, total"
A,DE1001V,FR061C,2015,75961,,,FR061C,FR,,2015,population_total,"Population on 1 January, total"
A,DE1001V,FR061C,2016,74978,,,FR061C,FR,,2016,population_total,"Population on 1 January, total"
A,DE1001V,FR061C,2017,73911,,,FR061C,FR,,2017,population_total,"Population on 1 January, total"
A,DE1001V,FR061C,2018,72929,,,FR061C,FR,,2018,population_total,"Population on 1 January, total"
A,DE1001V,FR061C,2019,72509,,,FR061C,FR,,2019,population_total,"Population on 1 January, total"
A,DE1001V,FR061C,2020,67544,,,FR061C,FR,,2020,population_total,"Population on 1 January, total"
A,DE1001V,FR061C,2021,67380,,,FR061C,FR,,2021,population_total,"Population on 1 January, total"
A,DE1001V,FR061C,2022,67585,,,FR061C,FR,,2022,population_total,"Population on 1 January, total"
A,DE1001V,FR062C,2017,71437,,,FR062C,FR,,2017,population_total,"Population on 1 January, total"
A,DE1001V,FR063C,2015,71730,,,FR063C,FR,,2015,population_total,"Population on 1 January, total"
A,DE1001V,FR063C,2016,71510,,,FR063C,FR,,2016,population_total,"Population on 1 January, total"
A,DE1001V,FR063C,2017,71702,,,FR063C,FR,,2017,population_total,"Population on 1 January, total"
A,DE1001V,FR063C,2018,72165,,,FR063C,FR,,2018,population_total,"Population on 1 January, total"
A,DE1001V,FR063C,2019,72415,,,FR063C,FR,,2019,population_total,"Population on 1 January, total"
A,DE1001V,FR063C,2020,72167,,,FR063C,FR,,2020,population_total,"Population on 1 January, total"
A,DE1001V,FR063C,2021,72258,,,FR063C,FR,,2021,population_total,"Population on 1 January, total"
A,DE1001V,FR063C,2022,72067,,,FR063C,FR,,2022,population_total,"Population on 1 January, total"
A,DE1001V,FR064C,2015,65463,,,FR064C,FR,,2015,population_total,"Population on 1 January, total"
A,DE1001V,FR064C,2016,65723,,,FR064C,FR,,2016,population_total,"Population on 1 January, total"
A,DE1001V,FR064C,2017,65824,,,FR064C,FR,,2017,population_total,"Population on 1 January, total"
A,DE1001V,FR064C,2018,66328,,,FR064C,FR,,2018,population_total,"Population on 1 January, total"
A,DE1001V,FR064C,2019,66432,,,FR064C,FR,,2019,population_total,"Population on 1 January, total"
A,DE1001V,FR064C,2020,67008,,,FR064C,FR,,2020,population_total,"Population on 1 January, total"
A,DE1001V,FR064C,2021,67163,,,FR064C,FR,,2021,population_total,"Population on 1 January, total"
A,DE1001V,FR064C,2022,67090,,,FR064C,FR,,2022,population_total,"Population on 1 January, total"
A,DE1001V,FR065C,2015,70284,,,FR065C,FR,,2015,population_total,"Population on 1 January, total"
A,DE1001V,FR065C,2016,69899,,,FR065C,FR,,2016,population_total,"Population on 1 January, total"
A,DE1001V,FR065C,2017,69105,,,FR065C,FR,,2017,population_total,"Population on 1 January, total"
A,DE1001V,FR065C,2018,68703,,,FR065C,FR,,2018,population_total,"Population on 1 January, total"
A,DE1001V,FR065C,2019,68682,,,FR065C,FR,,2019,population_total,"Population on 1 January, total"
A,DE1001V,FR065C,2020,68294,,,FR065C,FR,,2020,population_total,"Population on 1 January, total"
A,DE1001V,FR065C,2021,67730,,,FR065C,FR,,2021,population_total,"Population on 1 January, total"
A,DE1001V,FR065C,2022,67360,,,FR065C,FR,,2022,population_total,"Population on 1 January, total"
A,DE1001V,FR066C,2015,66493,,,FR066C,FR,,2015,population_total,"Population on 1 January, total"
A,DE1001V,FR066C,2016,65465,,,FR066C,FR,,2016,population_total,"Population on 1 January, total"
A,DE1001V,FR066C,2017,64704,,,FR066C,FR,,2017,population_total,"Population on 1 January, total"
A,DE1001V,FR066C,2018,64989,,,FR066C,FR,,2018,population_total,"Population on 1 January, total"
A,DE1001V,FR066C,2019,65225,,,FR066C,FR,,2019,population_total,"Population on 1 January, total"
A,DE1001V,FR066C,2020,64796,,,FR066C,FR,,2020,population_total,"Population on 1 January, total"
A,DE1001V,FR066C,2021,64704,,,FR066C,FR,,2021,population_total,"Population on 1 January, total"
A,DE1001V,FR066C,2022,64956,,,FR066C,FR,,2022,population_total,"Population on 1 January, total"
A,DE1001V,FR067C,2015,62933,,,FR067C,FR,,2015,population_total,"Population on 1 January, total"
A,DE1001V,FR067C,2016,63754,,,FR067C,FR,,2016,population_total,"Population on 1 January, total"
A,DE1001V,FR067C,2017,64643,,,FR067C,FR,,2017,population_total,"Population on 1 January, total"
A,DE1001V,FR067C,2018,65502,,,FR067C,FR,,2018,population_total,"Population on 1 January, total"
A,DE1001V,FR067C,2019,65948,,,FR067C,FR,,2019,population_total,"Population on 1 January, total"
A,DE1001V,FR067C,2020,65979,,,FR067C,FR,,2020,population_total,"Population on 1 January, total"
A,DE1001V,FR067C,2021,65989,,,FR067C,FR,,2021,population_total,"Population on 1 January, total"
A,DE1001V,FR067C,2022,67151,,,FR067C,FR,,2022,population_total,"Population on 1 January, total"
A,DE1001V,FR068C,2015,66071,,,FR068C,FR,,2015,population_total,"Population on 1 January, total"
A,DE1001V,FR068C,2016,65555,,,FR068C,FR,,2016,population_total,"Population on 1 January, total"
A,DE1001V,FR068C,2017,64551,,,FR068C,FR,,2017,population_total,"Population on 1 January, total"
A,DE1001V,FR068C,2018,64668,,,FR068C,FR,,2018,population_total,"Population on 1 January, total"
A,DE1001V,FR068C,2019,64541,,,FR068C,FR,,2019,population_total,"Population on 1 January, total"
A,DE1001V,FR068C,2020,64362,,,FR068C,FR,,2020,population_total,"Population on 1 January, total"
A,DE1001V,FR068C,2021,63702,,,FR068C,FR,,2021,population_total,"Population on 1 January, total"
A,DE1001V,FR068C,2022,64238,,,FR068C,FR,,2022,population_total,"Population on 1 January, total"
A,DE1001V,FR069C,2015,72412,,,FR069C,FR,,2015,population_total,"Population on 1 January, total"
A,DE1001V,FR069C,2016,72489,,,FR069C,FR,,2016,population_total,"Population on 1 January, total"
A,DE1001V,FR069C,2017,72042,,,FR069C,FR,,2017,population_total,"Population on 1 January, total"
A,DE1001V,FR069C,2018,71882,,,FR069C,FR,,2018,population_total,"Population on 1 January, total"
A,DE1001V,FR069C,2019,71248,,,FR069C,FR,,2019,population_total,"Population on 1 January, total"
A,DE1001V,FR069C,2020,71947,,,FR069C,FR,,2020,population_total,"Population on 1 January, total"
A,DE1001V,FR069C,2021,71929,,,FR069C,FR,,2021,population_total,"Population on 1 January, total"
A,DE1001V,FR069C,2022,72363,,,FR069C,FR,,2022,population_total,"Population on 1 January, total"
A,DE1001V,FR070C,2015,63508,,,FR070C,FR,,2015,population_total,"Population on 1 January, total"
A,DE1001V,FR070C,2016,63405,,,FR070C,FR,,2016,population_total,"Population on 1 January, total"
A,DE1001V,FR070C,2017,62985,,,FR070C,FR,,2017,population_total,"Population on 1 January, total"
A,DE1001V,FR070C,2018,63166,,,FR070C,FR,,2018,population_total,"Population on 1 January, total"
A,DE1001V,FR070C,2019,63283,,,FR070C,FR,,2019,population_total,"Population on 1 January, total"
A,DE1001V,FR070C,2020,63473,,,FR070C,FR,,2020,population_total,"Population on 1 January, total"
A,DE1001V,FR070C,2021,63642,,,FR070C,FR,,2021,population_total,"Population on 1 January, total"
A,DE1001V,FR070C,2022,64530,,,FR070C,FR,,2022,population_total,"Population on 1 January, total"
A,DE1001V,FR071C,2015,64947,,,FR071C,FR,,2015,population_total,"Population on 1 January, total"
A,DE1001V,FR071C,2016,64326,,,FR071C,FR,,2016,population_total,"Population on 1 January, total"
A,DE1001V,FR071C,2017,62945,,,FR071C,FR,,2017,population_total,"Population on 1 January, total"
A,DE1001V,FR071C,2018,62178,,,FR071C,FR,,2018,population_total,"Population on 1 January, total"
A,DE1001V,FR071C,2019,61643,,,FR071C,FR,,2019,population_total,"Population on 1 January, total"
A,DE1001V,FR071C,2020,60590,,,FR071C,FR,,2020,population_total,"Population on 1 January, total"
A,DE1001V,FR071C,2021,60262,,,FR071C,FR,,2021,population_total,"Population on 1 January, total"
A,DE1001V,FR071C,2022,60797,,,FR071C,FR,,2022,population_total,"Population on 1 January, total"
A,DE1001V,FR072C,2015,57614,,,FR072C,FR,,2015,population_total,"Population on 1 January, total"
A,DE1001V,FR072C,2016,60580,,,FR072C,FR,,2016,population_total,"Population on 1 January, total"
A,DE1001V,FR072C,2017,61268,,,FR072C,FR,,2017,population_total,"Population on 1 January, total"
A,DE1001V,FR072C,2018,63652,,,FR072C,FR,,2018,population_total,"Population on 1 January, total"
A,DE1001V,FR072C,2019,65493,,,FR072C,FR,,2019,population_total,"Population on 1 January, total"
A,DE1001V,FR072C,2020,65956,,,FR072C,FR,,2020,population_total,"Population on 1 January, total"
A,DE1001V,FR072C,2021,63468,,,FR072C,FR,,2021,population_total,"Population on 1 January, total"
A,DE1001V,FR072C,2022,63956,,,FR072C,FR,,2022,population_total,"Population on 1 January, total"
A,DE1001V,FR073C,2015,66548,,,FR073C,FR,,2015,population_total,"Population on 1 January, total"
A,DE1001V,FR073C,2016,66903,,,FR073C,FR,,2016,population_total,"Population on 1 January, total"
A,DE1001V,FR073C,2017,66856,,,FR073C,FR,,2017,population_total,"Population on 1 January, total"
A,DE1001V,FR073C,2018,66983,,,FR073C,FR,,2018,population_total,"Population on 1 January, total"
A,DE1001V,FR073C,2019,67335,,,FR073C,FR,,2019,population_total,"Population on 1 January, total"
A,DE1001V,FR073C,2020,67608,,,FR073C,FR,,2020,population_total,"Population on 1 January, total"
A,DE1001V,FR073C,2021,67468,,,FR073C,FR,,2021,population_total,"Population on 1 January, total"
A,DE1001V,FR073C,2022,67361,,,FR073C,FR,,2022,population_total,"Population on 1 January, total"
A,DE1001V,FR074C,2015,53524,,,FR074C,FR,,2015,population_total,"Population on 1 January, total"
A,DE1001V,FR074C,2016,53220,,,FR074C,FR,,2016,population_total,"Population on 1 January, total"
A,DE1001V,FR074C,2017,53365,,,FR074C,FR,,2017,population_total,"Population on 1 January, total"
A,DE1001V,FR074C,2018,53589,,,FR074C,FR,,2018,population_total,"Population on 1 January, total"
A,DE1001V,FR074C,2019,53120,,,FR074C,FR,,2019,population_total,"Population on 1 January, total"
A,DE1001V,FR074C,2020,53744,,,FR074C,FR,,2020,population_total,"Population on 1 January, total"
A,DE1001V,FR074C,2021,53935,,,FR074C,FR,,2021,population_total,"Population on 1 January, total"
A,DE1001V,FR074C,2022,54478,,,FR074C,FR,,2022,population_total,"Population on 1 January, total"
A,DE1001V,FR075C,2015,53200,,,FR075C,FR,,2015,population_total,"Population on 1 January, total"
A,DE1001V,FR075C,2016,53218,,,FR075C,FR,,2016,population_total,"Population on 1 January, total"
A,DE1001V,FR075C,2017,53352,,,FR075C,FR,,2017,population_total,"Population on 1 January, total"
A,DE1001V,FR075C,2018,53438,,,FR075C,FR,,2018,population_total,"Population on 1 January, total"
A,DE1001V,FR075C,2019,53719,,,FR075C,FR,,2019,population_total,"Population on 1 January, total"
A,DE1001V,FR075C,2020,54017,,,FR075C,FR,,2020,population_total,"Population on 1 January, total"
A,DE1001V,FR075C,2021,54420,,,FR075C,FR,,2021,population_total,"Population on 1 January, total"
A,DE1001V,FR075C,2022,54955,,,FR075C,FR,,2022,population_total,"Population on 1 January, total"
A,DE1001V,FR076C,2015,61580,,,FR076C,FR,,2015,population_total,"Population on 1 January, total"
A,DE1001V,FR076C,2016,61104,,,FR076C,FR,,2016,population_total,"Population on 1 January, total"
A,DE1001V,FR076C,2017,61518,,,FR076C,FR,,2017,population_total,"Population on 1 January, total"
A,DE1001V,FR076C,2018,61856,,,FR076C,FR,,2018,population_total,"Population on 1 January, total"
A,DE1001V,FR076C,2019,61841,,,FR076C,FR,,2019,population_total,"Population on 1 January, total"
A,DE1001V,FR076C,2020,62880,,,FR076C,FR,,2020,population_total,"Population on 1 January, total"
A,DE1001V,FR076C,2021,63428,,,FR076C,FR,,2021,population_total,"Population on 1 January, total"
A,DE1001V,FR076C,2022,64114,,,FR076C,FR,,2022,population_total,"Population on 1 January, total"
A,DE1001V,FR077C,2015,35090,,,FR077C,FR,,2015,population_total,"Population on 1 January, total"
A,DE1001V,FR077C,2016,35544,,,FR077C,FR,,2016,population_total,"Population on 1 January, total"
A,DE1001V,FR077C,2017,36119,,,FR077C,FR,,2017,population_total,"Population on 1 January, total"
A,DE1001V,FR077C,2018,36637,,,FR077C,FR,,2018,population_total,"Population on 1 January, total"
A,DE1001V,FR077C,2019,37464,,,FR077C,FR,,2019,population_total,"Population on 1 January, total"
A,DE1001V,FR077C,2020,37966,,,FR077C,FR,,2020,population_total,"Population on 1 January, total"
A,DE1001V,FR077C,2021,37936,,,FR077C,FR,,2021,population_total,"Population on 1 January, total"
A,DE1001V,FR077C,2022,37960,,,FR077C,FR,,2022,population_total,"Population on 1 January, total"
A,DE1001V,HR001C,2015,799999,,,HR001C,HR,,2015,population_total,"Population on 1 January, total"
A,DE1001V,HR001C,2016,801349,,,HR001C,HR,,2016,population_total,"Population on 1 January, total"
A,DE1001V,HR001C,2017,802701,,,HR001C,HR,,2017,population_total,"Population on 1 January, total"
A,DE1001V,HR001C,2018,804049,,,HR001C,HR,,2018,population_total,"Population on 1 January, total"
A,DE1001V,HR001C,2019,805413,,,HR001C,HR,,2019,population_total,"Population on 1 January, total"
A,DE1001V,HR001C,2020,806772,,,HR001C,HR,,2020,population_total,"Population on 1 January, total"
A,DE1001V,HR001C,2021,808134,e,,HR001C,HR,,2021,population_total,"Population on 1 January, total"
A,DE1001V,HR001C,2022,764286,e,,HR001C,HR,,2022,population_total,"Population on 1 January, total"
A,DE1001V,HR002C,2015,123725,,,HR002C,HR,,2015,population_total,"Population on 1 January, total"
A,DE1001V,HR002C,2016,121975,,,HR002C,HR,,2016,population_total,"Population on 1 January, total"
A,DE1001V,HR002C,2017,120250,,,HR002C,HR,,2017,population_total,"Population on 1 January, total"
A,DE1001V,HR002C,2018,118549,,,HR002C,HR,,2018,population_total,"Population on 1 January, total"
A,DE1001V,HR002C,2019,116872,,,HR002C,HR,,2019,population_total,"Population on 1 January, total"
A,DE1001V,HR002C,2020,115219,,,HR002C,HR,,2020,population_total,"Population on 1 January, total"
A,DE1001V,HR002C,2021,113589,e,,HR002C,HR,,2021,population_total,"Population on 1 January, total"
A,DE1001V,HR002C,2022,105744,e,,HR002C,HR,,2022,population_total,"Population on 1 January, total"
A,DE1001V,HR003C,2015,57797,,,HR003C,HR,,2015,population_total,"Population on 1 January, total"
A,DE1001V,HR003C,2016,56769,,,HR003C,HR,,2016,population_total,"Population on 1 January, total"
A,DE1001V,HR003C,2017,55759,,,HR003C,HR,,2017,population_total,"Population on 1 January, total"
A,DE1001V,HR003C,2018,54767,,,HR003C,HR,,2018,population_total,"Population on 1 January, total"
A,DE1001V,HR003C,2019,53793,,,HR003C,HR,,2019,population_total,"Population on 1 January, total"
A,DE1001V,HR003C,2020,52836,,,HR003C,HR,,2020,population_total,"Population on 1 January, total"
A,DE1001V,HR003C,2021,51896,e,,HR003C,HR,,2021,population_total,"Population on 1 January, total"
A,DE1001V,HR003C,2022,48892,e,,HR003C,HR,,2022,population_total,"Population on 1 January, total"
A,DE1001V,HR004C,2015,106610,,,HR004C,HR,,2015,population_total,"Population on 1 January, total"
A,DE1001V,HR004C,2016,105921,,,HR004C,HR,,2016,population_total,"Population on 1 January, total"
A,DE1001V,HR004C,2017,105236,,,HR004C,HR,,2017,population_total,"Population on 1 January, total"
A,DE1001V,HR004C,2018,104556,,,HR004C,HR,,2018,population_total,"Population on 1 January, total"
A,DE1001V,HR004C,2019,103880,,,HR004C,HR,,2019,population_total,"Population on 1 January, total"
A,DE1001V,HR004C,2020,103209,,,HR004C,HR,,2020,population_total,"Population on 1 January, total"
A,DE1001V,HR004C,2021,102542,e,,HR004C,HR,,2021,population_total,"Population on 1 January, total"
A,DE1001V,HR004C,2022,94974,e,,HR004C,HR,,2022,population_total,"Population on 1 January, total"
A,DE1001V,HR005C,2015,174333,,,HR005C,HR,,2015,population_total,"Population on 1 January, total"
A,DE1001V,HR005C,2016,173109,,,HR005C,HR,,2016,population_total,"Population on 1 January, total"
A,DE1001V,HR005C,2017,171894,,,HR005C,HR,,2017,population_total,"Population on 1 January, total"
A,DE1001V,HR005C,2018,170687,,,HR005C,HR,,2018,population_total,"Population on 1 January, total"
A,DE1001V,HR005C,2019,169489,,,HR005C,HR,,2019,population_total,"Population on 1 January, total"
A,DE1001V,HR005C,2020,168299,,,HR005C,HR,,2020,population_total,"Population on 1 January, total"
A,DE1001V,HR005C,2021,167117,e,,HR005C,HR,,2021,population_total,"Population on 1 January, total"
A,DE1001V,HR005C,2022,158555,e,,HR005C,HR,,2022,population_total,"Population on 1 January, total"
A,DE1001V,HR006C,2015,56676,,,HR006C,HR,,2015,population_total,"Population on 1 January, total"
A,DE1001V,HR006C,2016,56540,,,HR006C,HR,,2016,population_total,"Population on 1 January, total"
A,DE1001V,HR006C,2017,56404,,,HR006C,HR,,2017,population_total,"Population on 1 January, total"
A,DE1001V,HR006C,2018,56269,,,HR006C,HR,,2018,population_total,"Population on 1 January, total"
A,DE1001V,HR006C,2019,56134,,,HR006C,HR,,2019,population_total,"Population on 1 January, total"
A,DE1001V,HR006C,2020,55999,,,HR006C,HR,,2020,population_total,"Population on 1 January, total"
A,DE1001V,HR006C,2021,55865,e,,HR006C,HR,,2021,population_total,"Population on 1 January, total"
A,DE1001V,HR006C,2022,51610,e,,HR006C,HR,,2022,population_total,"Population on 1 January, total"
A,DE1001V,HR007C,2015,75537,,,HR007C,HR,,2015,population_total,"Population on 1 January, total"
A,DE1001V,HR007C,2016,75346,,,HR007C,HR,,2016,population_total,"Population on 1 January, total"
A,DE1001V,HR007C,2017,75155,,,HR007C,HR,,2017,population_total,"Population on 1 January, total"
A,DE1001V,HR007C,2018,74965,,,HR007C,HR,,2018,population_total,"Population on 1 January, total"
A,DE1001V,HR007C,2019,74775,,,HR007C,HR,,2019,population_total,"Population on 1 January, total"
A,DE1001V,HR007C,2020,74586,,,HR007C,HR,,2020,population_total,"Population on 1 January, total"
A,DE1001V,HR007C,2021,74399,e,,HR007C,HR,,2021,population_total,"Population on 1 January, total"
A,DE1001V,HR007C,2022,70262,e,,HR007C,HR,,2022,population_total,"Population on 1 January, total"
A,DE1001V,HU,2015,9855571,,,HU,HU,,2015,population_total,"Population on 1 January, total"
A,DE1001V,HU,2016,9830485,,,HU,HU,,2016,population_total,"Population on 1 January, total"
A,DE1001V,HU,2017,9797561,,,HU,HU,,2017,population_total,"Population on 1 January, total"
A,DE1001V,HU,2018,9778371,,,HU,HU,,2018,population_total,"Population on 1 January, total"
A,DE1001V,HU001C,2015,1757618,,,HU001C,HU,,2015,population_total,"Population on 1 January, total"
A,DE1001V,HU001C,2016,1759407,,,HU001C,HU,,2016,population_total,"Population on 1 January, total"
A,DE1001V,HU001C,2017,1752704,,,HU001C,HU,,2017,population_total,"Population on 1 January, total"
A,DE1001V,HU001C,2018,1749734,,,HU001C,HU,,2018,population_total,"Population on 1 January, total"
A,DE1001V,HU001C,2019,1752286,,,HU001C,HU,,2019,population_total,"Population on 1 January, total"
A,DE1001V,HU001C,2020,1750216,,,HU001C,HU,,2020,population_total,"Population on 1 January, total"
A,DE1001V,HU001C,2021,1723836,,,HU001C,HU,,2021,population_total,"Population on 1 January, total"
A,DE1001V,HU001C,2022,1706851,,,HU001C,HU,,2022,population_total,"Population on 1 January, total"
A,DE1001V,HU001C,2023,1671004,,,HU001C,HU,,2023,population_total,"Population on 1 January, total"
A,DE1001V,HU002C,2015,159554,,,HU002C,HU,,2015,population_total,"Population on 1 January, total"
A,DE1001V,HU002C,2016,158101,,,HU002C,HU,,2016,population_total,"Population on 1 January, total"
A,DE1001V,HU002C,2017,157177,,,HU002C,HU,,2017,population_total,"Population on 1 January, total"
A,DE1001V,HU002C,2018,155650,,,HU002C,HU,,2018,population_total,"Population on 1 January, total"
A,DE1001V,HU002C,2019,154521,,,HU002C,HU,,2019,population_total,"Population on 1 January, total"
A,DE1001V,HU002C,2020,152901,,,HU002C,HU,,2020,population_total,"Population on 1 January, total"
A,DE1001V,HU002C,2021,150695,,,HU002C,HU,,2021,population_total,"Population on 1 January, total"
A,DE1001V,HU002C,2022,147480,,,HU002C,HU,,2022,population_total,"Population on 1 January, total"
A,DE1001V,HU002C,2023,145248,,,HU002C,HU,,2023,population_total,"Population on 1 January, total"
A,DE1001V,HU003C,2015,118125,,,HU003C,HU,,2015,population_total,"Population on 1 January, total"
A,DE1001V,HU003C,2016,118058,,,HU003C,HU,,2016,population_total,"Population on 1 January, total"
A,DE1001V,HU003C,2017,117689,,,HU003C,HU,,2017,population_total,"Population on 1 January, total"
A,DE1001V,HU003C,2018,117121,,,HU003C,HU,,2018,population_total,"Population on 1 January, total"
A,DE1001V,HU003C,2019,116799,,,HU003C,HU,,2019,population_total,"Population on 1 January, total"
A,DE1001V,HU003C,2020,116814,,,HU003C,HU,,2020,population_total,"Population on 1 January, total"
A,DE1001V,HU003C,2021,116554,,,HU003C,HU,,2021,population_total,"Population on 1 January, total"
A,DE1001V,HU003C,2022,115521,,,HU003C,HU,,2022,population_total,"Population on 1 January, total"
A,DE1001V,HU003C,2023,115711,,,HU003C,HU,,2023,population_total,"Population on 1 January, total"
A,DE1001V,HU004C,2015,145985,,,HU004C,HU,,2015,population_total,"Population on 1 January, total"
A,DE1001V,HU004C,2016,145347,,,HU004C,HU,,2016,population_total,"Population on 1 January, total"
A,DE1001V,HU004C,2017,144675,,,HU004C,HU,,2017,population_total,"Population on 1 January, total"
A,DE1001V,HU004C,2018,144188,,,HU004C,HU,,2018,population_total,"Population on 1 January, total"
A,DE1001V,HU004C,2019,142873,,,HU004C,HU,,2019,population_total,"Population on 1 January, total"
A,DE1001V,HU004C,2020,141843,,,HU004C,HU,,2020,population_total,"Population on 1 January, total"
A,DE1001V,HU004C,2021,140237,,,HU004C,HU,,2021,population_total,"Population on 1 January, total"
A,DE1001V,HU004C,2022,138420,,,HU004C,HU,,2022,population_total,"Population on 1 January, total"
A,DE1001V,HU004C,2023,141031,,,HU004C,HU,,2023,population_total,"Population on 1 January, total"
A,DE1001V,HU005C,2015,203506,,,HU005C,HU,,2015,population_total,"Population on 1 January, total"
A,DE1001V,HU005C,2016,203059,,,HU005C,HU,,2016,population_total,"Population on 1 January, total"
A,DE1001V,HU005C,2017,201981,,,HU005C,HU,,2017,population_total,"Population on 1 January, total"
A,DE1001V,HU005C,2018,202214,,,HU005C,HU,,2018,population_total,"Population on 1 January, total"
A,DE1001V,HU005C,2019,201432,,,HU005C,HU,,2019,population_total,"Population on 1 January, total"
A,DE1001V,HU005C,2020,201112,,,HU005C,HU,,2020,population_total,"Population on 1 January, total"
A,DE1001V,HU005C,2021,200974,,,HU005C,HU,,2021,population_total,"Population on 1 January, total"
A,DE1001V,HU005C,2022,199725,,,HU005C,HU,,2022,population_total,"Population on 1 January, total"
A,DE1001V,HU005C,2023,201582,,,HU005C,HU,,2023,population_total,"Population on 1 January, total"
A,DE1001V,HU006C,2015,162593,,,HU006C,HU,,2015,population_total,"Population on 1 January, total"
A,DE1001V,HU006C,2016,162621,,,HU006C,HU,,2016,population_total,"Population on 1 January, total"
A,DE1001V,HU006C,2017,161137,,,HU006C,HU,,2017,population_total,"Population on 1 January, total"
A,DE1001V,HU006C,2018,161122,,,HU006C,HU,,2018,population_total,"Population on 1 January, total"
A,DE1001V,HU006C,2019,160766,,,HU006C,HU,,2019,population_total,"Population on 1 January, total"
A,DE1001V,HU006C,2020,160258,,,HU006C,HU,,2020,population_total,"Population on 1 January, total"
A,DE1001V,HU006C,2021,159074,,,HU006C,HU,,2021,population_total,"Population on 1 January, total"
A,DE1001V,HU006C,2022,157372,,,HU006C,HU,,2022,population_total,"Population on 1 January, total"
A,DE1001V,HU006C,2023,158829,,,HU006C,HU,,2023,population_total,"Population on 1 January, total"
A,DE1001V,HU007C,2015,129372,,,HU007C,HU,,2015,population_total,"Population on 1 January, total"
A,DE1001V,HU007C,2016,129568,,,HU007C,HU,,2016,population_total,"Population on 1 January, total"
A,DE1001V,HU007C,2017,129301,,,HU007C,HU,,2017,population_total,"Population on 1 January, total"
A,DE1001V,HU007C,2018,130094,,,HU007C,HU,,2018,population_total,"Population on 1 January, total"
A,DE1001V,HU007C,2019,132038,,,HU007C,HU,,2019,population_total,"Population on 1 January, total"
A,DE1001V,HU007C,2020,133946,,,HU007C,HU,,2020,population_total,"Population on 1 January, total"
A,DE1001V,HU007C,2021,132735,,,HU007C,HU,,2021,population_total,"Population on 1 January, total"
A,DE1001V,HU007C,2022,132111,,,HU007C,HU,,2022,population_total,"Population on 1 January, total"
A,DE1001V,HU007C,2023,130020,,,HU007C,HU,,2023,population_total,"Population on 1 January, total"
A,DE1001V,HU008C,2015,111836,,,HU008C,HU,,2015,population_total,"Population on 1 January, total"
A,DE1001V,HU008C,2016,111724,,,HU008C,HU,,2016,population_total,"Population on 1 January, total"
A,DE1001V,HU008C,2017,110813,,,HU008C,HU,,2017,population_total,"Population on 1 January, total"
A,DE1001V,HU008C,2018,110638,,,HU008C,HU,,2018,population_total,"Population on 1 January, total"
A,DE1001V,HU008C,2019,110687,,,HU008C,HU,,2019,population_total,"Population on 1 January, total"
A,DE1001V,HU008C,2020,110373,,,HU008C,HU,,2020,population_total,"Population on 1 January, total"
A,DE1001V,HU008C,2021,109651,,,HU008C,HU,,2021,population_total,"Population on 1 January, total"
A,DE1001V,HU008C,2022,108817,,,HU008C,HU,,2022,population_total,"Population on 1 January, total"
A,DE1001V,HU008C,2023,109731,,,HU008C,HU,,2023,population_total,"Population on 1 January, total"
A,DE1001V,HU009C,2015,98673,,,HU009C,HU,,2015,population_total,"Population on 1 January, total"
A,DE1001V,HU009C,2016,98207,,,HU009C,HU,,2016,population_total,"Population on 1 January, total"
A,DE1001V,HU009C,2017,97617,,,HU009C,HU,,2017,population_total,"Population on 1 January, total"
A,DE1001V,HU009C,2018,97382,,,HU009C,HU,,2018,population_total,"Population on 1 January, total"
A,DE1001V,HU009C,2019,96940,,,HU009C,HU,,2019,population_total,"Population on 1 January, total"
A,DE1001V,HU009C,2020,96529,,,HU009C,HU,,2020,population_total,"Population on 1 January, total"
A,DE1001V,HU009C,2021,95545,,,HU009C,HU,,2021,population_total,"Population on 1 January, total"
A,DE1001V,HU009C,2022,94893,,,HU009C,HU,,2022,population_total,"Population on 1 January, total"
A,DE1001V,HU009C,2023,95915,,,HU009C,HU,,2023,population_total,"Population on 1 January, total"
A,DE1001V,HU010C,2015,77866,,,HU010C,HU,,2015,population_total,"Population on 1 January, total"
A,DE1001V,HU010C,2016,77973,,,HU010C,HU,,2016,population_total,"Population on 1 January, total"
A,DE1001V,HU010C,2017,78025,,,HU010C,HU,,2017,population_total,"Population on 1 January, total"
A,DE1001V,HU010C,2018,77984,,,HU010C,HU,,2018,population_total,"Population on 1 January, total"
A,DE1001V,HU010C,2019,78407,,,HU010C,HU,,2019,population_total,"Population on 1 January, total"
A,DE1001V,HU010C,2020,78591,,,HU010C,HU,,2020,population_total,"Population on 1 January, total"
A,DE1001V,HU010C,2021,78324,,,HU010C,HU,,2021,population_total,"Population on 1 January, total"
A,DE1001V,HU010C,2022,77970,,,HU010C,HU,,2022,population_total,"Population on 1 January, total"
A,DE1001V,HU010C,2023,78446,,,HU010C,HU,,2023,population_total,"Population on 1 January, total"
A,DE1001V,HU011C,2015,72786,,,HU011C,HU,,2015,population_total,"Population on 1 January, total"
A,DE1001V,HU011C,2016,72333,,,HU011C,HU,,2016,population_total,"Population on 1 January, total"
A,DE1001V,HU011C,2017,71765,,,HU011C,HU,,2017,population_total,"Population on 1 January, total"
A,DE1001V,HU011C,2018,71521,,,HU011C,HU,,2018,population_total,"Population on 1 January, total"
A,DE1001V,HU011C,2019,71285,,,HU011C,HU,,2019,population_total,"Population on 1 January, total"
A,DE1001V,HU011C,2020,70554,,,HU011C,HU,,2020,population_total,"Population on 1 January, total"
A,DE1001V,HU011C,2021,69725,,,HU011C,HU,,2021,population_total,"Population on 1 January, total"
A,DE1001V,HU011C,2022,68774,,,HU011C,HU,,2022,population_total,"Population on 1 January, total"
A,DE1001V,HU011C,2023,67126,,,HU011C,HU,,2023,population_total,"Population on 1 January, total"
A,DE1001V,HU012C,2015,66791,,,HU012C,HU,,2015,population_total,"Population on 1 January, total"
A,DE1001V,HU012C,2016,66362,,,HU012C,HU,,2016,population_total,"Population on 1 January, total"
A,DE1001V,HU012C,2017,65849,,,HU012C,HU,,2017,population_total,"Population on 1 January, total"
A,DE1001V,HU012C,2018,65633,,,HU012C,HU,,2018,population_total,"Population on 1 January, total"
A,DE1001V,HU012C,2019,65845,,,HU012C,HU,,2019,population_total,"Population on 1 January, total"
A,DE1001V,HU012C,2020,66141,,,HU012C,HU,,2020,population_total,"Population on 1 January, total"
A,DE1001V,HU012C,2021,65145,,,HU012C,HU,,2021,population_total,"Population on 1 January, total"
A,DE1001V,HU012C,2022,64305,,,HU012C,HU,,2022,population_total,"Population on 1 January, total"
A,DE1001V,HU012C,2023,65874,,,HU012C,HU,,2023,population_total,"Population on 1 January, total"
A,DE1001V,HU013C,2015,60761,,,HU013C,HU,,2015,population_total,"Population on 1 January, total"
A,DE1001V,HU013C,2016,60392,,,HU013C,HU,,2016,population_total,"Population on 1 January, total"
A,DE1001V,HU013C,2017,59919,,,HU013C,HU,,2017,population_total,"Population on 1 January, total"
A,DE1001V,HU013C,2018,59754,,,HU013C,HU,,2018,population_total,"Population on 1 January, total"
A,DE1001V,HU013C,2019,59738,,,HU013C,HU,,2019,population_total,"Population on 1 January, total"
A,DE1001V,HU013C,2020,59119,,,HU013C,HU,,2020,population_total,"Population on 1 January, total"
A,DE1001V,HU013C,2021,58153,,,HU013C,HU,,2021,population_total,"Population on 1 January, total"
A,DE1001V,HU013C,2022,57145,,,HU013C,HU,,2022,population_total,"Population on 1 January, total"
A,DE1001V,HU013C,2023,56777,,,HU013C,HU,,2023,population_total,"Population on 1 January, total"
A,DE1001V,HU014C,2015,60334,,,HU014C,HU,,2015,population_total,"Population on 1 January, total"
A,DE1001V,HU014C,2016,60126,,,HU014C,HU,,2016,population_total,"Population on 1 January, total"
A,DE1001V,HU014C,2017,59732,,,HU014C,HU,,2017,population_total,"Population on 1 January, total"
A,DE1001V,HU014C,2018,59357,,,HU014C,HU,,2018,population_total,"Population on 1 January, total"
A,DE1001V,HU014C,2019,58996,,,HU014C,HU,,2019,population_total,"Population on 1 January, total"
A,DE1001V,HU014C,2020,58654,,,HU014C,HU,,2020,population_total,"Population on 1 January, total"
A,DE1001V,HU014C,2021,58002,,,HU014C,HU,,2021,population_total,"Population on 1 January, total"
A,DE1001V,HU014C,2022,57299,,,HU014C,HU,,2022,population_total,"Population on 1 January, total"
A,DE1001V,HU014C,2023,55091,,,HU014C,HU,,2023,population_total,"Population on 1 January, total"
A,DE1001V,HU015C,2015,63742,,,HU015C,HU,,2015,population_total,"Population on 1 January, total"
A,DE1001V,HU015C,2016,63186,,,HU015C,HU,,2016,population_total,"Population on 1 January, total"
A,DE1001V,HU015C,2017,62446,,,HU015C,HU,,2017,population_total,"Population on 1 January, total"
A,DE1001V,HU015C,2018,61920,,,HU015C,HU,,2018,population_total,"Population on 1 January, total"
A,DE1001V,HU015C,2019,61441,,,HU015C,HU,,2019,population_total,"Population on 1 January, total"
A,DE1001V,HU015C,2020,60656,,,HU015C,HU,,2020,population_total,"Population on 1 January, total"
A,DE1001V,HU015C,2021,59777,,,HU015C,HU,,2021,population_total,"Population on 1 January, total"
A,DE1001V,HU015C,2022,58633,,,HU015C,HU,,2022,population_total,"Population on 1 January, total"
A,DE1001V,HU015C,2023,59270,,,HU015C,HU,,2023,population_total,"Population on 1 January, total"
A,DE1001V,HU016C,2015,54609,,,HU016C,HU,,2015,population_total,"Population on 1 January, total"
A,DE1001V,HU016C,2016,54480,,,HU016C,HU,,2016,population_total,"Population on 1 January, total"
A,DE1001V,HU016C,2017,53876,,,HU016C,HU,,2017,population_total,"Population on 1 January, total"
A,DE1001V,HU016C,2018,53436,,,HU016C,HU,,2018,population_total,"Population on 1 January, total"
A,DE1001V,HU016C,2019,52898,,,HU016C,HU,,2019,population_total,"Population on 1 January, total"
A,DE1001V,HU016C,2020,51894,,,HU016C,HU,,2020,population_total,"Population on 1 January, total"
A,DE1001V,HU016C,2021,51168,,,HU016C,HU,,2021,population_total,"Population on 1 January, total"
A,DE1001V,HU016C,2022,50032,,,HU016C,HU,,2022,population_total,"Population on 1 January, total"
A,DE1001V,HU016C,2023,50018,,,HU016C,HU,,2023,population_total,"Population on 1 January, total"
A,DE1001V,HU017C,2015,46052,,,HU017C,HU,,2015,population_total,"Population on 1 January, total"
A,DE1001V,HU017C,2016,45354,,,HU017C,HU,,2016,population_total,"Population on 1 January, total"
A,DE1001V,HU017C,2017,44640,,,HU017C,HU,,2017,population_total,"Population on 1 January, total"
A,DE1001V,HU017C,2018,44358,,,HU017C,HU,,2018,population_total,"Population on 1 January, total"
A,DE1001V,HU017C,2019,44200,,,HU017C,HU,,2019,population_total,"Population on 1 January, total"
A,DE1001V,HU017C,2020,43310,,,HU017C,HU,,2020,population_total,"Population on 1 January, total"
A,DE1001V,HU017C,2021,42136,,,HU017C,HU,,2021,population_total,"Population on 1 January, total"
A,DE1001V,HU017C,2022,41103,,,HU017C,HU,,2022,population_total,"Population on 1 January, total"
A,DE1001V,HU017C,2023,41873,,,HU017C,HU,,2023,population_total,"Population on 1 January, total"
A,DE1001V,HU018C,2015,58959,,,HU018C,HU,,2015,population_total,"Population on 1 January, total"
A,DE1001V,HU018C,2016,58829,,,HU018C,HU,,2016,population_total,"Population on 1 January, total"
A,DE1001V,HU018C,2017,58154,,,HU018C,HU,,2017,population_total,"Population on 1 January, total"
A,DE1001V,HU018C,2018,57780,,,HU018C,HU,,2018,population_total,"Population on 1 January, total"
A,DE1001V,HU018C,2019,57403,,,HU018C,HU,,2019,population_total,"Population on 1 January, total"
A,DE1001V,HU018C,2020,56722,,,HU018C,HU,,2020,population_total,"Population on 1 January, total"
A,DE1001V,HU018C,2021,55470,,,HU018C,HU,,2021,population_total,"Population on 1 January, total"
A,DE1001V,HU018C,2022,55037,,,HU018C,HU,,2022,population_total,"Population on 1 January, total"
A,DE1001V,HU018C,2023,55433,,,HU018C,HU,,2023,population_total,"Population on 1 January, total"
A,DE1001V,HU019C,2015,61780,,,HU019C,HU,,2015,population_total,"Population on 1 January, total"
A,DE1001V,HU019C,2016,61887,,,HU019C,HU,,2016,population_total,"Population on 1 January, total"
A,DE1001V,HU019C,2017,62246,,,HU019C,HU,,2017,population_total,"Population on 1 January, total"
A,DE1001V,HU019C,2018,62454,,,HU019C,HU,,2018,population_total,"Population on 1 January, total"
A,DE1001V,HU019C,2019,62671,,,HU019C,HU,,2019,population_total,"Population on 1 January, total"
A,DE1001V,HU019C,2020,63065,,,HU019C,HU,,2020,population_total,"Population on 1 January, total"
A,DE1001V,HU019C,2021,62900,,,HU019C,HU,,2021,population_total,"Population on 1 January, total"
A,DE1001V,HU019C,2022,62116,,,HU019C,HU,,2022,population_total,"Population on 1 January, total"
A,DE1001V,HU019C,2023,61784,,,HU019C,HU,,2023,population_total,"Population on 1 January, total"
A,DE1001V,IE001C,2015,1305300,,,IE001C,IE,,2015,population_total,"Population on 1 January, total"
A,DE1001V,IE001C,2016,1325700,,,IE001C,IE,,2016,population_total,"Population on 1 January, total"
A,DE1001V,IT,2015,60795612,,,IT,IT,,2015,population_total,"Population on 1 January, total"
A,DE1001V,IT,2016,60665551,,,IT,IT,,2016,population_total,"Population on 1 January, total"
A,DE1001V,IT,2017,60589445,,,IT,IT,,2017,population_total,"Population on 1 January, total"
A,DE1001V,IT,2018,60483973,,,IT,IT,,2018,population_total,"Population on 1 January, total"
A,DE1001V,IT,2019,59816673,b,,IT,IT,,2019,population_total,"Population on 1 January, total"
A,DE1001V,IT,2020,59641488,,,IT,IT,,2020,population_total,"Population on 1 January, total"
A,DE1001V,IT,2021,59236213,,,IT,IT,,2021,population_total,"Population on 1 January, total"
A,DE1001V,IT,2022,59030133,,,IT,IT,,2022,population_total,"Population on 1 January, total"
A,DE1001V,IT,2023,58997201,,,IT,IT,,2023,population_total,"Population on 1 January, total"
A,DE1001V,IT001C,2015,2872021,,,IT001C,IT,,2015,population_total,"Population on 1 January, total"
A,DE1001V,IT001C,2016,2864731,,,IT001C,IT,,2016,population_total,"Population on 1 January, total"
A,DE1001V,IT001C,2017,2873494,,,IT001C,IT,,2017,population_total,"Population on 1 January, total"
A,DE1001V,IT001C,2018,2872800,,,IT001C,IT,,2018,population_total,"Population on 1 January, total"
A,DE1001V,IT001C,2019,2820219,b,,IT001C,IT,,2019,population_total,"Population on 1 January, total"
A,DE1001V,IT001C,2020,2808293,,,IT001C,IT,,2020,population_total,"Population on 1 January, total"
A,DE1001V,IT001C,2021,2770226,,,IT001C,IT,,2021,population_total,"Population on 1 January, total"
A,DE1001V,IT001C,2022,2749031,,,IT001C,IT,,2022,population_total,"Population on 1 January, total"
A,DE1001V,IT001C,2023,2755309,,,IT001C,IT,,2023,population_total,"Population on 1 January, total"
A,DE1001V,IT002C,2015,4061382,,,IT002C,IT,,2015,population_total,"Population on 1 January, total"
A,DE1001V,IT002C,2016,4074585,,,IT002C,IT,,2016,population_total,"Population on 1 January, total"
A,DE1001V,IT002C,2017,4087060,,,IT002C,IT,,2017,population_total,"Population on 1 January, total"
A,DE1001V,IT002C,2018,4106356,,,IT002C,IT,,2018,population_total,"Population on 1 January, total"
A,DE1001V,IT002C,2019,3606653,b,,IT002C,IT,,2019,population_total,"Population on 1 January, total"
A,DE1001V,IT002C,2020,3622641,,,IT002C,IT,,2020,population_total,"Population on 1 January, total"
A,DE1001V,IT002C,2021,3594765,,,IT002C,IT,,2021,population_total,"Population on 1 January, total"
A,DE1001V,IT002C,2022,3565691,,,IT002C,IT,,2022,population_total,"Population on 1 January, total"
A,DE1001V,IT002C,2023,3580530,,,IT002C,IT,,2023,population_total,"Population on 1 January, total"
A,DE1001V,IT003C,2015,3118149,,,IT003C,IT,,2015,population_total,"Population on 1 January, total"
A,DE1001V,IT003C,2016,3113898,,,IT003C,IT,,2016,population_total,"Population on 1 January, total"
A,DE1001V,IT003C,2017,3107006,,,IT003C,IT,,2017,population_total,"Population on 1 January, total"
A,DE1001V,IT003C,2018,3101002,,,IT003C,IT,,2018,population_total,"Population on 1 January, total"
A,DE1001V,IT003C,2019,2867858,b,,IT003C,IT,,2019,population_total,"Population on 1 January, total"
A,DE1001V,IT003C,2020,2855958,,,IT003C,IT,,2020,population_total,"Population on 1 January, total"
A,DE1001V,IT003C,2021,2812310,,,IT003C,IT,,2021,population_total,"Population on 1 January, total"
A,DE1001V,IT003C,2022,2816448,,,IT003C,IT,,2022,population_total,"Population on 1 January, total"
A,DE1001V,IT003C,2023,2809357,,,IT003C,IT,,2023,population_total,"Population on 1 January, total"
A,DE1001V,IT004C,2015,896773,,,IT004C,IT,,2015,population_total,"Population on 1 January, total"
A,DE1001V,IT004C,2016,890529,,,IT004C,IT,,2016,population_total,"Population on 1 January, total"
A,DE1001V,IT004C,2017,886837,,,IT004C,IT,,2017,population_total,"Population on 1 January, total"
A,DE1001V,IT004C,2018,882523,,,IT004C,IT,,2018,population_total,"Population on 1 January, total"
A,DE1001V,IT004C,2019,860793,b,,IT004C,IT,,2019,population_total,"Population on 1 January, total"
A,DE1001V,IT004C,2020,857910,,,IT004C,IT,,2020,population_total,"Population on 1 January, total"
A,DE1001V,IT004C,2021,858205,,,IT004C,IT,,2021,population_total,"Population on 1 January, total"
A,DE1001V,IT004C,2022,848748,,,IT004C,IT,,2022,population_total,"Population on 1 January, total"
A,DE1001V,IT004C,2023,847398,,,IT004C,IT,,2023,population_total,"Population on 1 January, total"
A,DE1001V,IT005C,2015,678492,,,IT005C,IT,,2015,population_total,"Population on 1 January, total"
A,DE1001V,IT005C,2016,674435,,,IT005C,IT,,2016,population_total,"Population on 1 January, total"
A,DE1001V,IT005C,2017,673735,,,IT005C,IT,,2017,population_total,"Population on 1 January, total"
A,DE1001V,IT005C,2018,668405,,,IT005C,IT,,2018,population_total,"Population on 1 January, total"
A,DE1001V,IT005C,2019,652720,b,,IT005C,IT,,2019,population_total,"Population on 1 January, total"
A,DE1001V,IT005C,2020,647422,,,IT005C,IT,,2020,population_total,"Population on 1 January, total"
A,DE1001V,IT005C,2021,637885,,,IT005C,IT,,2021,population_total,"Population on 1 January, total"
A,DE1001V,IT005C,2022,635439,,,IT005C,IT,,2022,population_total,"Population on 1 January, total"
A,DE1001V,IT005C,2023,632499,,,IT005C,IT,,2023,population_total,"Population on 1 January, total"
A,DE1001V,IT006C,2015,592507,,,IT006C,IT,,2015,population_total,"Population on 1 January, total"
A,DE1001V,IT006C,2016,586655,,,IT006C,IT,,2016,population_total,"Population on 1 January, total"
A,DE1001V,IT006C,2017,583601,,,IT006C,IT,,2017,population_total,"Population on 1 January, total"
A,DE1001V,IT006C,2018,580097,,,IT006C,IT,,2018,population_total,"Population on 1 January, total"
A,DE1001V,IT006C,2019,569184,b,,IT006C,IT,,2019,population_total,"Population on 1 January, total"
A,DE1001V,IT006C,2020,565752,,,IT006C,IT,,2020,population_total,"Population on 1 January, total"
A,DE1001V,IT006C,2021,566410,,,IT006C,IT,,2021,population_total,"Population on 1 January, total"
A,DE1001V,IT006C,2022,561203,,,IT006C,IT,,2022,population_total,"Population on 1 January, total"
A,DE1001V,IT006C,2023,561191,,,IT006C,IT,,2023,population_total,"Population on 1 January, total"
A,DE1001V,IT007C,2015,381037,,,IT007C,IT,,2015,population_total,"Population on 1 January, total"
A,DE1001V,IT007C,2016,382808,,,IT007C,IT,,2016,population_total,"Population on 1 January, total"
A,DE1001V,IT007C,2017,382258,,,IT007C,IT,,2017,population_total,"Population on 1 January, total"
A,DE1001V,IT007C,2018,380948,,,IT007C,IT,,2018,population_total,"Population on 1 January, total"
A,DE1001V,IT007C,2019,369885,b,,IT007C,IT,,2019,population_total,"Population on 1 January, total"
A,DE1001V,IT007C,2020,366927,,,IT007C,IT,,2020,population_total,"Population on 1 January, total"
A,DE1001V,IT007C,2021,368419,,,IT007C,IT,,2021,population_total,"Population on 1 January, total"
A,DE1001V,IT007C,2022,361619,,,IT007C,IT,,2022,population_total,"Population on 1 January, total"
A,DE1001V,IT007C,2023,362742,,,IT007C,IT,,2023,population_total,"Population on 1 January, total"
A,DE1001V,IT008C,2015,327361,,,IT008C,IT,,2015,population_total,"Population on 1 January, total"
A,DE1001V,IT008C,2016,326344,,,IT008C,IT,,2016,population_total,"Population on 1 January, total"
A,DE1001V,IT008C,2017,324198,,,IT008C,IT,,2017,population_total,"Population on 1 January, total"
A,DE1001V,IT008C,2018,323370,,,IT008C,IT,,2018,population_total,"Population on 1 January, total"
A,DE1001V,IT008C,2019,316491,b,,IT008C,IT,,2019,population_total,"Population on 1 January, total"
A,DE1001V,IT008C,2020,315284,,,IT008C,IT,,2020,population_total,"Population on 1 January, total"
A,DE1001V,IT008C,2021,317205,,,IT008C,IT,,2021,population_total,"Population on 1 January, total"
A,DE1001V,IT008C,2022,315948,,,IT008C,IT,,2022,population_total,"Population on 1 January, total"
A,DE1001V,IT008C,2023,316736,,,IT008C,IT,,2023,population_total,"Population on 1 January, total"
A,DE1001V,IT009C,2015,386181,,,IT009C,IT,,2015,population_total,"Population on 1 January, total"
A,DE1001V,IT009C,2016,386663,,,IT009C,IT,,2016,population_total,"Population on 1 January, total"
A,DE1001V,IT009C,2017,388367,,,IT009C,IT,,2017,population_total,"Population on 1 January, total"
A,DE1001V,IT009C,2018,389261,,,IT009C,IT,,2018,population_total,"Population on 1 January, total"
A,DE1001V,IT009C,2019,393248,b,,IT009C,IT,,2019,population_total,"Population on 1 January, total"
A,DE1001V,IT009C,2020,395416,,,IT009C,IT,,2020,population_total,"Population on 1 January, total"
A,DE1001V,IT009C,2021,391686,,,IT009C,IT,,2021,population_total,"Population on 1 January, total"
A,DE1001V,IT009C,2022,387842,,,IT009C,IT,,2022,population_total,"Population on 1 January, total"
A,DE1001V,IT009C,2023,389200,,,IT009C,IT,,2023,population_total,"Population on 1 January, total"
A,DE1001V,IT010C,2015,315601,,,IT010C,IT,,2015,population_total,"Population on 1 January, total"
A,DE1001V,IT010C,2016,314555,,,IT010C,IT,,2016,population_total,"Population on 1 January, total"
A,DE1001V,IT010C,2017,313396,,,IT010C,IT,,2017,population_total,"Population on 1 January, total"
A,DE1001V,IT010C,2018,311620,,,IT010C,IT,,2018,population_total,"Population on 1 January, total"
A,DE1001V,IT010C,2019,297752,b,,IT010C,IT,,2019,population_total,"Population on 1 January, total"
A,DE1001V,IT010C,2020,296266,,,IT010C,IT,,2020,population_total,"Population on 1 January, total"
A,DE1001V,IT010C,2021,300356,,,IT010C,IT,,2021,population_total,"Population on 1 January, total"
A,DE1001V,IT010C,2022,301104,,,IT010C,IT,,2022,population_total,"Population on 1 January, total"
A,DE1001V,IT010C,2023,299730,,,IT010C,IT,,2023,population_total,"Population on 1 January, total"
A,DE1001V,IT011C,2015,264579,,,IT011C,IT,,2015,population_total,"Population on 1 January, total"
A,DE1001V,IT011C,2016,263352,,,IT011C,IT,,2016,population_total,"Population on 1 January, total"
A,DE1001V,IT011C,2017,261905,,,IT011C,IT,,2017,population_total,"Population on 1 January, total"
A,DE1001V,IT011C,2018,261321,,,IT011C,IT,,2018,population_total,"Population on 1 January, total"
A,DE1001V,IT011C,2019,259961,b,,IT011C,IT,,2019,population_total,"Population on 1 January, total"
A,DE1001V,IT011C,2020,258685,,,IT011C,IT,,2020,population_total,"Population on 1 January, total"
A,DE1001V,IT011C,2021,256083,,,IT011C,IT,,2021,population_total,"Population on 1 January, total"
A,DE1001V,IT011C,2022,251944,,,IT011C,IT,,2022,population_total,"Population on 1 January, total"
A,DE1001V,IT011C,2023,250913,,,IT011C,IT,,2023,population_total,"Population on 1 January, total"
A,DE1001V,IT012C,2015,260125,,,IT012C,IT,,2015,population_total,"Population on 1 January, total"
A,DE1001V,IT012C,2016,258765,,,IT012C,IT,,2016,population_total,"Population on 1 January, total"
A,DE1001V,IT012C,2017,257353,,,IT012C,IT,,2017,population_total,"Population on 1 January, total"
A,DE1001V,IT012C,2018,257275,,,IT012C,IT,,2018,population_total,"Population on 1 January, total"
A,DE1001V,IT012C,2019,258584,b,,IT012C,IT,,2019,population_total,"Population on 1 January, total"
A,DE1001V,IT012C,2020,259087,,,IT012C,IT,,2020,population_total,"Population on 1 January, total"
A,DE1001V,IT012C,2021,258031,,,IT012C,IT,,2021,population_total,"Population on 1 January, total"
A,DE1001V,IT012C,2022,255985,,,IT012C,IT,,2022,population_total,"Population on 1 January, total"
A,DE1001V,IT012C,2023,256049,,,IT012C,IT,,2023,population_total,"Population on 1 January, total"
A,DE1001V,IT013C,2015,71657,,,IT013C,IT,,2015,population_total,"Population on 1 January, total"
A,DE1001V,IT013C,2016,71901,,,IT013C,IT,,2016,population_total,"Population on 1 January, total"
A,DE1001V,IT013C,2017,71924,,,IT013C,IT,,2017,population_total,"Population on 1 January, total"
A,DE1001V,IT013C,2018,72077,,,IT013C,IT,,2018,population_total,"Population on 1 January, total"
A,DE1001V,IT013C,2019,72274,b,,IT013C,IT,,2019,population_total,"Population on 1 January, total"
A,DE1001V,IT013C,2020,72399,,,IT013C,IT,,2020,population_total,"Population on 1 January, total"
A,DE1001V,IT013C,2021,71223,,,IT013C,IT,,2021,population_total,"Population on 1 January, total"
A,DE1001V,IT013C,2022,70841,,,IT013C,IT,,2022,population_total,"Population on 1 January, total"
A,DE1001V,IT013C,2023,70845,,,IT013C,IT,,2023,population_total,"Population on 1 January, total"
A,DE1001V,IT014C,2015,117304,,,IT014C,IT,,2015,population_total,"Population on 1 January, total"
A,DE1001V,IT014C,2016,117317,,,IT014C,IT,,2016,population_total,"Population on 1 January, total"
A,DE1001V,IT014C,2017,117417,,,IT014C,IT,,2017,population_total,"Population on 1 January, total"
A,DE1001V,IT014C,2018,117997,,,IT014C,IT,,2018,population_total,"Population on 1 January, total"
A,DE1001V,IT014C,2019,119616,b,,IT014C,IT,,2019,population_total,"Population on 1 January, total"
A,DE1001V,IT014C,2020,120641,,,IT014C,IT,,2020,population_total,"Population on 1 January, total"
A,DE1001V,IT014C,2021,118879,,,IT014C,IT,,2021,population_total,"Population on 1 January, total"
A,DE1001V,IT014C,2022,117847,,,IT014C,IT,,2022,population_total,"Population on 1 January, total"
A,DE1001V,IT014C,2023,118277,,,IT014C,IT,,2023,population_total,"Population on 1 January, total"
A,DE1001V,IT015C,2015,205413,,,IT015C,IT,,2015,population_total,"Population on 1 January, total"
A,DE1001V,IT015C,2016,204420,,,IT015C,IT,,2016,population_total,"Population on 1 January, total"
A,DE1001V,IT015C,2017,204234,,,IT015C,IT,,2017,population_total,"Population on 1 January, total"
A,DE1001V,IT015C,2018,204338,,,IT015C,IT,,2018,population_total,"Population on 1 January, total"
A,DE1001V,IT015C,2019,202351,b,,IT015C,IT,,2019,population_total,"Population on 1 January, total"
A,DE1001V,IT015C,2020,201613,,,IT015C,IT,,2020,population_total,"Population on 1 January, total"
A,DE1001V,IT015C,2021,200609,,,IT015C,IT,,2021,population_total,"Population on 1 January, total"
A,DE1001V,IT015C,2022,199015,,,IT015C,IT,,2022,population_total,"Population on 1 January, total"
A,DE1001V,IT015C,2023,199032,,,IT015C,IT,,2023,population_total,"Population on 1 January, total"
A,DE1001V,IT016C,2015,165668,,,IT016C,IT,,2015,population_total,"Population on 1 January, total"
A,DE1001V,IT016C,2016,166134,,,IT016C,IT,,2016,population_total,"Population on 1 January, total"
A,DE1001V,IT016C,2017,166676,,,IT016C,IT,,2017,population_total,"Population on 1 January, total"
A,DE1001V,IT016C,2018,165683,,,IT016C,IT,,2018,population_total,"Population on 1 January, total"
A,DE1001V,IT016C,2019,164768,b,,IT016C,IT,,2019,population_total,"Population on 1 January, total"
A,DE1001V,IT016C,2020,164880,,,IT016C,IT,,2020,population_total,"Population on 1 January, total"
A,DE1001V,IT016C,2021,164721,,,IT016C,IT,,2021,population_total,"Population on 1 January, total"
A,DE1001V,IT016C,2022,162362,,,IT016C,IT,,2022,population_total,"Population on 1 January, total"
A,DE1001V,IT016C,2023,162367,,,IT016C,IT,,2023,population_total,"Population on 1 January, total"
A,DE1001V,IT017C,2015,101518,,,IT017C,IT,,2015,population_total,"Population on 1 January, total"
A,DE1001V,IT017C,2016,100861,,,IT017C,IT,,2016,population_total,"Population on 1 January, total"
A,DE1001V,IT017C,2017,100696,,,IT017C,IT,,2017,population_total,"Population on 1 January, total"
A,DE1001V,IT017C,2018,100924,,,IT017C,IT,,2018,population_total,"Population on 1 January, total"
A,DE1001V,IT017C,2019,99307,b,,IT017C,IT,,2019,population_total,"Population on 1 January, total"
A,DE1001V,IT017C,2020,99077,,,IT017C,IT,,2020,population_total,"Population on 1 January, total"
A,DE1001V,IT017C,2021,99273,,,IT017C,IT,,2021,population_total,"Population on 1 January, total"
A,DE1001V,IT017C,2022,98402,,,IT017C,IT,,2022,population_total,"Population on 1 January, total"
A,DE1001V,IT017C,2023,98950,,,IT017C,IT,,2023,population_total,"Population on 1 January, total"
A,DE1001V,IT018C,2015,121366,,,IT018C,IT,,2015,population_total,"Population on 1 January, total"
A,DE1001V,IT018C,2016,121014,,,IT018C,IT,,2016,population_total,"Population on 1 January, total"
A,DE1001V,IT018C,2017,120420,,,IT018C,IT,,2017,population_total,"Population on 1 January, total"
A,DE1001V,IT018C,2018,119217,,,IT018C,IT,,2018,population_total,"Population on 1 January, total"
A,DE1001V,IT018C,2019,120463,b,,IT018C,IT,,2019,population_total,"Population on 1 January, total"
A,DE1001V,IT018C,2020,119862,,,IT018C,IT,,2020,population_total,"Population on 1 January, total"
A,DE1001V,IT018C,2021,118766,,,IT018C,IT,,2021,population_total,"Population on 1 January, total"
A,DE1001V,IT018C,2022,118992,,,IT018C,IT,,2022,population_total,"Population on 1 January, total"
A,DE1001V,IT018C,2023,118829,,,IT018C,IT,,2023,population_total,"Population on 1 January, total"
A,DE1001V,IT019C,2015,49434,,,IT019C,IT,,2015,population_total,"Population on 1 January, total"
A,DE1001V,IT019C,2016,49431,,,IT019C,IT,,2016,population_total,"Population on 1 January, total"
A,DE1001V,IT019C,2017,49320,,,IT019C,IT,,2017,population_total,"Population on 1 January, total"
A,DE1001V,IT019C,2018,49262,,,IT019C,IT,,2018,population_total,"Population on 1 January, total"
A,DE1001V,IT019C,2019,48675,b,,IT019C,IT,,2019,population_total,"Population on 1 January, total"
A,DE1001V,IT019C,2020,48337,,,IT019C,IT,,2020,population_total,"Population on 1 January, total"
A,DE1001V,IT019C,2021,47535,,,IT019C,IT,,2021,population_total,"Population on 1 January, total"
A,DE1001V,IT019C,2022,47587,,,IT019C,IT,,2022,population_total,"Population on 1 January, total"
A,DE1001V,IT019C,2023,47313,,,IT019C,IT,,2023,population_total,"Population on 1 January, total"
A,DE1001V,IT020C,2015,76887,,,IT020C,IT,,2015,population_total,"Population on 1 January, total"
A,DE1001V,IT020C,2016,76326,,,IT020C,IT,,2016,population_total,"Population on 1 January, total"
A,DE1001V,IT020C,2017,76126,,,IT020C,IT,,2017,population_total,"Population on 1 January, total"
A,DE1001V,IT020C,2018,75561,,,IT020C,IT,,2018,population_total,"Population on 1 January, total"
A,DE1001V,IT020C,2019,74757,b,,IT020C,IT,,2019,population_total,"Population on 1 January, total"
A,DE1001V,IT020C,2020,73984,,,IT020C,IT,,2020,population_total,"Population on 1 January, total"
A,DE1001V,IT020C,2021,72813,,,IT020C,IT,,2021,population_total,"Population on 1 January, total"
A,DE1001V,IT020C,2022,73037,,,IT020C,IT,,2022,population_total,"Population on 1 January, total"
A,DE1001V,IT020C,2023,73001,,,IT020C,IT,,2023,population_total,"Population on 1 January, total"
A,DE1001V,IT021C,2015,202016,,,IT021C,IT,,2015,population_total,"Population on 1 January, total"
A,DE1001V,IT021C,2016,201100,,,IT021C,IT,,2016,population_total,"Population on 1 January, total"
A,DE1001V,IT021C,2017,199561,,,IT021C,IT,,2017,population_total,"Population on 1 January, total"
A,DE1001V,IT021C,2018,198283,,,IT021C,IT,,2018,population_total,"Population on 1 January, total"
A,DE1001V,IT021C,2019,192775,b,,IT021C,IT,,2019,population_total,"Population on 1 January, total"
A,DE1001V,IT021C,2020,191050,,,IT021C,IT,,2020,population_total,"Population on 1 January, total"
A,DE1001V,IT021C,2021,190717,,,IT021C,IT,,2021,population_total,"Population on 1 January, total"
A,DE1001V,IT021C,2022,189461,,,IT021C,IT,,2022,population_total,"Population on 1 January, total"
A,DE1001V,IT021C,2023,188310,,,IT021C,IT,,2023,population_total,"Population on 1 January, total"
A,DE1001V,IT022C,2015,67348,,,IT022C,IT,,2015,population_total,"Population on 1 January, total"
A,DE1001V,IT022C,2016,67122,,,IT022C,IT,,2016,population_total,"Population on 1 January, total"
A,DE1001V,IT022C,2017,67168,,,IT022C,IT,,2017,population_total,"Population on 1 January, total"
A,DE1001V,IT022C,2018,67211,,,IT022C,IT,,2018,population_total,"Population on 1 January, total"
A,DE1001V,IT022C,2019,66734,b,,IT022C,IT,,2019,population_total,"Population on 1 January, total"
A,DE1001V,IT022C,2020,66393,,,IT022C,IT,,2020,population_total,"Population on 1 January, total"
A,DE1001V,IT022C,2021,65420,,,IT022C,IT,,2021,population_total,"Population on 1 January, total"
A,DE1001V,IT022C,2022,64850,,,IT022C,IT,,2022,population_total,"Population on 1 January, total"
A,DE1001V,IT022C,2023,64470,,,IT022C,IT,,2023,population_total,"Population on 1 January, total"
A,DE1001V,IT023C,2015,90840,,,IT023C,IT,,2015,population_total,"Population on 1 January, total"
A,DE1001V,IT023C,2016,90612,,,IT023C,IT,,2016,population_total,"Population on 1 January, total"
A,DE1001V,IT023C,2017,90240,,,IT023C,IT,,2017,population_total,"Population on 1 January, total"
A,DE1001V,IT023C,2018,89718,,,IT023C,IT,,2018,population_total,"Population on 1 January, total"
A,DE1001V,IT023C,2019,88085,b,,IT023C,IT,,2019,population_total,"Population on 1 January, total"
A,DE1001V,IT023C,2020,87397,,,IT023C,IT,,2020,population_total,"Population on 1 January, total"
A,DE1001V,IT023C,2021,86183,,,IT023C,IT,,2021,population_total,"Population on 1 January, total"
A,DE1001V,IT023C,2022,85609,,,IT023C,IT,,2022,population_total,"Population on 1 January, total"
A,DE1001V,IT023C,2023,84849,,,IT023C,IT,,2023,population_total,"Population on 1 January, total"
A,DE1001V,IT024C,2015,183974,,,IT024C,IT,,2015,population_total,"Population on 1 January, total"
A,DE1001V,IT024C,2016,183035,,,IT024C,IT,,2016,population_total,"Population on 1 January, total"
A,DE1001V,IT024C,2017,182551,,,IT024C,IT,,2017,population_total,"Population on 1 January, total"
A,DE1001V,IT024C,2018,181447,,,IT024C,IT,,2018,population_total,"Population on 1 January, total"
A,DE1001V,IT024C,2019,176299,b,,IT024C,IT,,2019,population_total,"Population on 1 January, total"
A,DE1001V,IT024C,2020,174885,,,IT024C,IT,,2020,population_total,"Population on 1 January, total"
A,DE1001V,IT024C,2021,173026,,,IT024C,IT,,2021,population_total,"Population on 1 January, total"
A,DE1001V,IT024C,2022,172479,,,IT024C,IT,,2022,population_total,"Population on 1 January, total"
A,DE1001V,IT024C,2023,171181,,,IT024C,IT,,2023,population_total,"Population on 1 January, total"
A,DE1001V,IT025C,2015,127625,,,IT025C,IT,,2015,population_total,"Population on 1 January, total"
A,DE1001V,IT025C,2016,127525,,,IT025C,IT,,2016,population_total,"Population on 1 January, total"
A,DE1001V,IT025C,2017,127533,,,IT025C,IT,,2017,population_total,"Population on 1 January, total"
A,DE1001V,IT025C,2018,126769,,,IT025C,IT,,2018,population_total,"Population on 1 January, total"
A,DE1001V,IT025C,2019,125998,b,,IT025C,IT,,2019,population_total,"Population on 1 January, total"
A,DE1001V,IT025C,2020,125273,,,IT025C,IT,,2020,population_total,"Population on 1 January, total"
A,DE1001V,IT025C,2021,122506,,,IT025C,IT,,2021,population_total,"Population on 1 January, total"
A,DE1001V,IT025C,2022,122159,,,IT025C,IT,,2022,population_total,"Population on 1 January, total"
A,DE1001V,IT025C,2023,121409,,,IT025C,IT,,2023,population_total,"Population on 1 January, total"
A,DE1001V,IT026C,2015,154478,,,IT026C,IT,,2015,population_total,"Population on 1 January, total"
A,DE1001V,IT026C,2016,154460,,,IT026C,IT,,2016,population_total,"Population on 1 January, total"
A,DE1001V,IT026C,2017,154083,,,IT026C,IT,,2017,population_total,"Population on 1 January, total"
A,DE1001V,IT026C,2018,154106,,,IT026C,IT,,2018,population_total,"Population on 1 January, total"
A,DE1001V,IT026C,2019,151504,b,,IT026C,IT,,2019,population_total,"Population on 1 January, total"
A,DE1001V,IT026C,2020,151005,,,IT026C,IT,,2020,population_total,"Population on 1 January, total"
A,DE1001V,IT026C,2021,149572,,,IT026C,IT,,2021,population_total,"Population on 1 January, total"
A,DE1001V,IT026C,2022,149092,,,IT026C,IT,,2022,population_total,"Population on 1 January, total"
A,DE1001V,IT026C,2023,148296,,,IT026C,IT,,2023,population_total,"Population on 1 January, total"
A,DE1001V,IT027C,2015,211210,,,IT027C,IT,,2015,population_total,"Population on 1 January, total"
A,DE1001V,IT027C,2016,210401,,,IT027C,IT,,2016,population_total,"Population on 1 January, total"
A,DE1001V,IT027C,2017,209829,,,IT027C,IT,,2017,population_total,"Population on 1 January, total"
A,DE1001V,IT027C,2018,210440,,,IT027C,IT,,2018,population_total,"Population on 1 January, total"
A,DE1001V,IT027C,2019,209995,b,,IT027C,IT,,2019,population_total,"Population on 1 January, total"
A,DE1001V,IT027C,2020,210077,,,IT027C,IT,,2020,population_total,"Population on 1 January, total"
A,DE1001V,IT027C,2021,209730,,,IT027C,IT,,2021,population_total,"Population on 1 January, total"
A,DE1001V,IT027C,2022,206651,,,IT027C,IT,,2022,population_total,"Population on 1 January, total"
A,DE1001V,IT027C,2023,207112,,,IT027C,IT,,2023,population_total,"Population on 1 January, total"
A,DE1001V,IT028C,2015,196058,,,IT028C,IT,,2015,population_total,"Population on 1 January, total"
A,DE1001V,IT028C,2016,196480,,,IT028C,IT,,2016,population_total,"Population on 1 January, total"
A,DE1001V,IT028C,2017,196670,,,IT028C,IT,,2017,population_total,"Population on 1 January, total"
A,DE1001V,IT028C,2018,196745,,,IT028C,IT,,2018,population_total,"Population on 1 January, total"
A,DE1001V,IT028C,2019,196134,b,,IT028C,IT,,2019,population_total,"Population on 1 January, total"
A,DE1001V,IT028C,2020,196340,,,IT028C,IT,,2020,population_total,"Population on 1 January, total"
A,DE1001V,IT028C,2021,197304,,,IT028C,IT,,2021,population_total,"Population on 1 January, total"
A,DE1001V,IT028C,2022,195906,,,IT028C,IT,,2022,population_total,"Population on 1 January, total"
A,DE1001V,IT028C,2023,197236,,,IT028C,IT,,2023,population_total,"Population on 1 January, total"
A,DE1001V,IT029C,2015,185148,,,IT029C,IT,,2015,population_total,"Population on 1 January, total"
A,DE1001V,IT029C,2016,184973,,,IT029C,IT,,2016,population_total,"Population on 1 January, total"
A,DE1001V,IT029C,2017,184727,,,IT029C,IT,,2017,population_total,"Population on 1 January, total"
A,DE1001V,IT029C,2018,185273,,,IT029C,IT,,2018,population_total,"Population on 1 January, total"
A,DE1001V,IT029C,2019,189016,b,,IT029C,IT,,2019,population_total,"Population on 1 January, total"
A,DE1001V,IT029C,2020,189013,,,IT029C,IT,,2020,population_total,"Population on 1 January, total"
A,DE1001V,IT029C,2021,186414,,,IT029C,IT,,2021,population_total,"Population on 1 January, total"
A,DE1001V,IT029C,2022,184971,,,IT029C,IT,,2022,population_total,"Population on 1 January, total"
A,DE1001V,IT029C,2023,184836,,,IT029C,IT,,2023,population_total,"Population on 1 January, total"
A,DE1001V,IT030C,2015,152770,,,IT030C,IT,,2015,population_total,"Population on 1 January, total"
A,DE1001V,IT030C,2016,151991,,,IT030C,IT,,2016,population_total,"Population on 1 January, total"
A,DE1001V,IT030C,2017,151726,,,IT030C,IT,,2017,population_total,"Population on 1 January, total"
A,DE1001V,IT030C,2018,151372,,,IT030C,IT,,2018,population_total,"Population on 1 January, total"
A,DE1001V,IT030C,2019,150652,b,,IT030C,IT,,2019,population_total,"Population on 1 January, total"
A,DE1001V,IT030C,2020,149673,,,IT030C,IT,,2020,population_total,"Population on 1 January, total"
A,DE1001V,IT030C,2021,147467,,,IT030C,IT,,2021,population_total,"Population on 1 January, total"
A,DE1001V,IT030C,2022,146803,,,IT030C,IT,,2022,population_total,"Population on 1 January, total"
A,DE1001V,IT030C,2023,146017,,,IT030C,IT,,2023,population_total,"Population on 1 January, total"
A,DE1001V,IT031C,2015,135603,,,IT031C,IT,,2015,population_total,"Population on 1 January, total"
A,DE1001V,IT031C,2016,135261,,,IT031C,IT,,2016,population_total,"Population on 1 January, total"
A,DE1001V,IT031C,2017,134850,,,IT031C,IT,,2017,population_total,"Population on 1 January, total"
A,DE1001V,IT031C,2018,133970,,,IT031C,IT,,2018,population_total,"Population on 1 January, total"
A,DE1001V,IT031C,2019,132364,b,,IT031C,IT,,2019,population_total,"Population on 1 January, total"
A,DE1001V,IT031C,2020,131556,,,IT031C,IT,,2020,population_total,"Population on 1 January, total"
A,DE1001V,IT031C,2021,129206,,,IT031C,IT,,2021,population_total,"Population on 1 January, total"
A,DE1001V,IT031C,2022,128136,,,IT031C,IT,,2022,population_total,"Population on 1 January, total"
A,DE1001V,IT031C,2023,127485,,,IT031C,IT,,2023,population_total,"Population on 1 January, total"
A,DE1001V,IT032C,2015,102269,,,IT032C,IT,,2015,population_total,"Population on 1 January, total"
A,DE1001V,IT032C,2016,102191,,,IT032C,IT,,2016,population_total,"Population on 1 January, total"
A,DE1001V,IT032C,2017,102355,,,IT032C,IT,,2017,population_total,"Population on 1 January, total"
A,DE1001V,IT032C,2018,103082,,,IT032C,IT,,2018,population_total,"Population on 1 January, total"
A,DE1001V,IT032C,2019,103904,b,,IT032C,IT,,2019,population_total,"Population on 1 January, total"
A,DE1001V,IT032C,2020,104260,,,IT032C,IT,,2020,population_total,"Population on 1 January, total"
A,DE1001V,IT032C,2021,102731,,,IT032C,IT,,2021,population_total,"Population on 1 January, total"
A,DE1001V,IT032C,2022,102364,,,IT032C,IT,,2022,population_total,"Population on 1 January, total"
A,DE1001V,IT032C,2023,102728,,,IT032C,IT,,2023,population_total,"Population on 1 January, total"
A,DE1001V,IT033C,2015,106110,,,IT033C,IT,,2015,population_total,"Population on 1 January, total"
A,DE1001V,IT033C,2016,106441,,,IT033C,IT,,2016,population_total,"Population on 1 January, total"
A,DE1001V,IT033C,2017,106951,,,IT033C,IT,,2017,population_total,"Population on 1 January, total"
A,DE1001V,IT033C,2018,107317,,,IT033C,IT,,2018,population_total,"Population on 1 January, total"
A,DE1001V,IT033C,2019,107595,b,,IT033C,IT,,2019,population_total,"Population on 1 January, total"
A,DE1001V,IT033C,2020,107843,,,IT033C,IT,,2020,population_total,"Population on 1 January, total"
A,DE1001V,IT033C,2021,107467,,,IT033C,IT,,2021,population_total,"Population on 1 January, total"
A,DE1001V,IT033C,2022,106601,,,IT033C,IT,,2022,population_total,"Population on 1 January, total"
A,DE1001V,IT033C,2023,106410,,,IT033C,IT,,2023,population_total,"Population on 1 January, total"
A,DE1001V,IT034C,2015,99473,,,IT034C,IT,,2015,population_total,"Population on 1 January, total"
A,DE1001V,IT034C,2016,99169,,,IT034C,IT,,2016,population_total,"Population on 1 January, total"
A,DE1001V,IT034C,2017,99341,,,IT034C,IT,,2017,population_total,"Population on 1 January, total"
A,DE1001V,IT034C,2018,99518,,,IT034C,IT,,2018,population_total,"Population on 1 January, total"
A,DE1001V,IT034C,2019,100467,b,,IT034C,IT,,2019,population_total,"Population on 1 January, total"
A,DE1001V,IT034C,2020,100170,,,IT034C,IT,,2020,population_total,"Population on 1 January, total"
A,DE1001V,IT034C,2021,98156,,,IT034C,IT,,2021,population_total,"Population on 1 January, total"
A,DE1001V,IT034C,2022,97736,,,IT034C,IT,,2022,population_total,"Population on 1 January, total"
A,DE1001V,IT034C,2023,98040,,,IT034C,IT,,2023,population_total,"Population on 1 January, total"
A,DE1001V,IT035C,2015,93990,,,IT035C,IT,,2015,population_total,"Population on 1 January, total"
A,DE1001V,IT035C,2016,93959,,,IT035C,IT,,2016,population_total,"Population on 1 January, total"
A,DE1001V,IT035C,2017,93678,,,IT035C,IT,,2017,population_total,"Population on 1 January, total"
A,DE1001V,IT035C,2018,93311,,,IT035C,IT,,2018,population_total,"Population on 1 January, total"
A,DE1001V,IT035C,2019,92737,b,,IT035C,IT,,2019,population_total,"Population on 1 January, total"
A,DE1001V,IT035C,2020,92550,,,IT035C,IT,,2020,population_total,"Population on 1 January, total"
A,DE1001V,IT035C,2021,92441,,,IT035C,IT,,2021,population_total,"Population on 1 January, total"
A,DE1001V,IT035C,2022,92169,,,IT035C,IT,,2022,population_total,"Population on 1 January, total"
A,DE1001V,IT035C,2023,92486,,,IT035C,IT,,2023,population_total,"Population on 1 January, total"
A,DE1001V,IT036C,2015,94148,,,IT036C,IT,,2015,population_total,"Population on 1 January, total"
A,DE1001V,IT036C,2016,94773,,,IT036C,IT,,2016,population_total,"Population on 1 January, total"
A,DE1001V,IT036C,2017,94989,,,IT036C,IT,,2017,population_total,"Population on 1 January, total"
A,DE1001V,IT036C,2018,95441,,,IT036C,IT,,2018,population_total,"Population on 1 January, total"
A,DE1001V,IT036C,2019,93484,b,,IT036C,IT,,2019,population_total,"Population on 1 January, total"
A,DE1001V,IT036C,2020,93865,,,IT036C,IT,,2020,population_total,"Population on 1 January, total"
A,DE1001V,IT036C,2021,95037,,,IT036C,IT,,2021,population_total,"Population on 1 January, total"
A,DE1001V,IT036C,2022,94783,,,IT036C,IT,,2022,population_total,"Population on 1 January, total"
A,DE1001V,IT036C,2023,94596,,,IT036C,IT,,2023,population_total,"Population on 1 January, total"
A,DE1001V,IT037C,2015,94971,,,IT037C,IT,,2015,population_total,"Population on 1 January, total"
A,DE1001V,IT037C,2016,94814,,,IT037C,IT,,2016,population_total,"Population on 1 January, total"
A,DE1001V,IT037C,2017,94673,,,IT037C,IT,,2017,population_total,"Population on 1 January, total"
A,DE1001V,IT037C,2018,94477,,,IT037C,IT,,2018,population_total,"Population on 1 January, total"
A,DE1001V,IT037C,2019,93435,b,,IT037C,IT,,2019,population_total,"Population on 1 January, total"
A,DE1001V,IT037C,2020,93275,,,IT037C,IT,,2020,population_total,"Population on 1 January, total"
A,DE1001V,IT037C,2021,92787,,,IT037C,IT,,2021,population_total,"Population on 1 January, total"
A,DE1001V,IT037C,2022,92798,,,IT037C,IT,,2022,population_total,"Population on 1 January, total"
A,DE1001V,IT037C,2023,92627,,,IT037C,IT,,2023,population_total,"Population on 1 January, total"
A,DE1001V,IT038C,2015,94604,,,IT038C,IT,,2015,population_total,"Population on 1 January, total"
A,DE1001V,IT038C,2016,94582,,,IT038C,IT,,2016,population_total,"Population on 1 January, total"
A,DE1001V,IT038C,2017,94813,,,IT038C,IT,,2017,population_total,"Population on 1 January, total"
A,DE1001V,IT038C,2018,94958,,,IT038C,IT,,2018,population_total,"Population on 1 January, total"
A,DE1001V,IT038C,2019,94896,b,,IT038C,IT,,2019,population_total,"Population on 1 January, total"
A,DE1001V,IT038C,2020,95152,,,IT038C,IT,,2020,population_total,"Population on 1 January, total"
A,DE1001V,IT038C,2021,95950,,,IT038C,IT,,2021,population_total,"Population on 1 January, total"
A,DE1001V,IT038C,2022,95670,,,IT038C,IT,,2022,population_total,"Population on 1 January, total"
A,DE1001V,IT038C,2023,95620,,,IT038C,IT,,2023,population_total,"Population on 1 January, total"
A,DE1001V,IT039C,2015,84687,,,IT039C,IT,,2015,population_total,"Population on 1 January, total"
A,DE1001V,IT039C,2016,84495,,,IT039C,IT,,2016,population_total,"Population on 1 January, total"
A,DE1001V,IT039C,2017,84326,,,IT039C,IT,,2017,population_total,"Population on 1 January, total"
A,DE1001V,IT039C,2018,83320,,,IT039C,IT,,2018,population_total,"Population on 1 January, total"
A,DE1001V,IT039C,2019,85979,b,,IT039C,IT,,2019,population_total,"Population on 1 January, total"
A,DE1001V,IT039C,2020,85543,,,IT039C,IT,,2020,population_total,"Population on 1 January, total"
A,DE1001V,IT039C,2021,84250,,,IT039C,IT,,2021,population_total,"Population on 1 January, total"
A,DE1001V,IT039C,2022,83361,,,IT039C,IT,,2022,population_total,"Population on 1 January, total"
A,DE1001V,IT039C,2023,83691,,,IT039C,IT,,2023,population_total,"Population on 1 January, total"
A,DE1001V,IT040C,2015,89523,,,IT040C,IT,,2015,population_total,"Population on 1 January, total"
A,DE1001V,IT040C,2016,89158,,,IT040C,IT,,2016,population_total,"Population on 1 January, total"
A,DE1001V,IT040C,2017,90488,,,IT040C,IT,,2017,population_total,"Population on 1 January, total"
A,DE1001V,IT040C,2018,90118,,,IT040C,IT,,2018,population_total,"Population on 1 January, total"
A,DE1001V,IT040C,2019,90096,b,,IT040C,IT,,2019,population_total,"Population on 1 January, total"
A,DE1001V,IT040C,2020,90036,,,IT040C,IT,,2020,population_total,"Population on 1 January, total"
A,DE1001V,IT040C,2021,89969,,,IT040C,IT,,2021,population_total,"Population on 1 January, total"
A,DE1001V,IT040C,2022,89002,,,IT040C,IT,,2022,population_total,"Population on 1 January, total"
A,DE1001V,IT040C,2023,89059,,,IT040C,IT,,2023,population_total,"Population on 1 January, total"
A,DE1001V,IT041C,2015,83652,,,IT041C,IT,,2015,population_total,"Population on 1 January, total"
A,DE1001V,IT041C,2016,83731,,,IT041C,IT,,2016,population_total,"Population on 1 January, total"
A,DE1001V,IT041C,2017,83950,,,IT041C,IT,,2017,population_total,"Population on 1 January, total"
A,DE1001V,IT041C,2018,84954,,,IT041C,IT,,2018,population_total,"Population on 1 January, total"
A,DE1001V,IT041C,2019,85236,b,,IT041C,IT,,2019,population_total,"Population on 1 January, total"
A,DE1001V,IT041C,2020,85456,,,IT041C,IT,,2020,population_total,"Population on 1 January, total"
A,DE1001V,IT041C,2021,84837,,,IT041C,IT,,2021,population_total,"Population on 1 January, total"
A,DE1001V,IT041C,2022,84452,,,IT041C,IT,,2022,population_total,"Population on 1 January, total"
A,DE1001V,IT041C,2023,84897,,,IT041C,IT,,2023,population_total,"Population on 1 January, total"
A,DE1001V,IT042C,2015,80857,,,IT042C,IT,,2015,population_total,"Population on 1 January, total"
A,DE1001V,IT042C,2016,80799,,,IT042C,IT,,2016,population_total,"Population on 1 January, total"
A,DE1001V,IT042C,2017,80694,,,IT042C,IT,,2017,population_total,"Population on 1 January, total"
A,DE1001V,IT042C,2018,80544,,,IT042C,IT,,2018,population_total,"Population on 1 January, total"
A,DE1001V,IT042C,2019,80876,b,,IT042C,IT,,2019,population_total,"Population on 1 January, total"
A,DE1001V,IT042C,2020,80724,,,IT042C,IT,,2020,population_total,"Population on 1 January, total"
A,DE1001V,IT042C,2021,79350,,,IT042C,IT,,2021,population_total,"Population on 1 January, total"
A,DE1001V,IT042C,2022,78740,,,IT042C,IT,,2022,population_total,"Population on 1 January, total"
A,DE1001V,IT042C,2023,78807,,,IT042C,IT,,2023,population_total,"Population on 1 January, total"
A,DE1001V,IT043C,2015,76673,,,IT043C,IT,,2015,population_total,"Population on 1 January, total"
A,DE1001V,IT043C,2016,76202,,,IT043C,IT,,2016,population_total,"Population on 1 January, total"
A,DE1001V,IT043C,2017,76164,,,IT043C,IT,,2017,population_total,"Population on 1 January, total"
A,DE1001V,IT043C,2018,76211,,,IT043C,IT,,2018,population_total,"Population on 1 January, total"
A,DE1001V,IT043C,2019,75591,b,,IT043C,IT,,2019,population_total,"Population on 1 January, total"
A,DE1001V,IT043C,2020,75051,,,IT043C,IT,,2020,population_total,"Population on 1 January, total"
A,DE1001V,IT043C,2021,74065,,,IT043C,IT,,2021,population_total,"Population on 1 January, total"
A,DE1001V,IT043C,2022,73723,,,IT043C,IT,,2022,population_total,"Population on 1 January, total"
A,DE1001V,IT043C,2023,73691,,,IT043C,IT,,2023,population_total,"Population on 1 January, total"
A,DE1001V,IT044C,2015,72205,,,IT044C,IT,,2015,population_total,"Population on 1 January, total"
A,DE1001V,IT044C,2016,72576,,,IT044C,IT,,2016,population_total,"Population on 1 January, total"
A,DE1001V,IT044C,2017,72612,,,IT044C,IT,,2017,population_total,"Population on 1 January, total"
A,DE1001V,IT044C,2018,72773,,,IT044C,IT,,2018,population_total,"Population on 1 January, total"
A,DE1001V,IT044C,2019,71943,b,,IT044C,IT,,2019,population_total,"Population on 1 January, total"
A,DE1001V,IT044C,2020,71882,,,IT044C,IT,,2020,population_total,"Population on 1 January, total"
A,DE1001V,IT044C,2021,71122,,,IT044C,IT,,2021,population_total,"Population on 1 January, total"
A,DE1001V,IT044C,2022,70380,,,IT044C,IT,,2022,population_total,"Population on 1 January, total"
A,DE1001V,IT044C,2023,70904,,,IT044C,IT,,2023,population_total,"Population on 1 January, total"
A,DE1001V,IT045C,2015,69836,,,IT045C,IT,,2015,population_total,"Population on 1 January, total"
A,DE1001V,IT045C,2016,69479,,,IT045C,IT,,2016,population_total,"Population on 1 January, total"
A,DE1001V,IT045C,2017,69226,,,IT045C,IT,,2017,population_total,"Population on 1 January, total"
A,DE1001V,IT045C,2018,69037,,,IT045C,IT,,2018,population_total,"Population on 1 January, total"
A,DE1001V,IT045C,2019,67995,b,,IT045C,IT,,2019,population_total,"Population on 1 January, total"
A,DE1001V,IT045C,2020,67579,,,IT045C,IT,,2020,population_total,"Population on 1 January, total"
A,DE1001V,IT045C,2021,66977,,,IT045C,IT,,2021,population_total,"Population on 1 January, total"
A,DE1001V,IT045C,2022,66498,,,IT045C,IT,,2022,population_total,"Population on 1 January, total"
A,DE1001V,IT045C,2023,66288,,,IT045C,IT,,2023,population_total,"Population on 1 January, total"
A,DE1001V,IT046C,2015,67679,,,IT046C,IT,,2015,population_total,"Population on 1 January, total"
A,DE1001V,IT046C,2016,67546,,,IT046C,IT,,2016,population_total,"Population on 1 January, total"
A,DE1001V,IT046C,2017,67563,,,IT046C,IT,,2017,population_total,"Population on 1 January, total"
A,DE1001V,IT046C,2018,67239,,,IT046C,IT,,2018,population_total,"Population on 1 January, total"
A,DE1001V,IT046C,2019,66102,b,,IT046C,IT,,2019,population_total,"Population on 1 January, total"
A,DE1001V,IT046C,2020,65623,,,IT046C,IT,,2020,population_total,"Population on 1 January, total"
A,DE1001V,IT046C,2021,64070,,,IT046C,IT,,2021,population_total,"Population on 1 January, total"
A,DE1001V,IT046C,2022,64073,,,IT046C,IT,,2022,population_total,"Population on 1 January, total"
A,DE1001V,IT046C,2023,63909,,,IT046C,IT,,2023,population_total,"Population on 1 January, total"
A,DE1001V,IT047C,2015,61529,,,IT047C,IT,,2015,population_total,"Population on 1 January, total"
A,DE1001V,IT047C,2016,61345,,,IT047C,IT,,2016,population_total,"Population on 1 January, total"
A,DE1001V,IT047C,2017,61057,,,IT047C,IT,,2017,population_total,"Population on 1 January, total"
A,DE1001V,IT047C,2018,60632,,,IT047C,IT,,2018,population_total,"Population on 1 January, total"
A,DE1001V,IT047C,2019,59924,b,,IT047C,IT,,2019,population_total,"Population on 1 January, total"
A,DE1001V,IT047C,2020,59439,,,IT047C,IT,,2020,population_total,"Population on 1 January, total"
A,DE1001V,IT047C,2021,58949,,,IT047C,IT,,2021,population_total,"Population on 1 January, total"
A,DE1001V,IT047C,2022,58534,,,IT047C,IT,,2022,population_total,"Population on 1 January, total"
A,DE1001V,IT047C,2023,58403,,,IT047C,IT,,2023,population_total,"Population on 1 January, total"
A,DE1001V,IT048C,2015,60524,,,IT048C,IT,,2015,population_total,"Population on 1 January, total"
A,DE1001V,IT048C,2016,60436,,,IT048C,IT,,2016,population_total,"Population on 1 January, total"
A,DE1001V,IT048C,2017,60351,,,IT048C,IT,,2017,population_total,"Population on 1 January, total"
A,DE1001V,IT048C,2018,60403,,,IT048C,IT,,2018,population_total,"Population on 1 January, total"
A,DE1001V,IT048C,2019,60540,b,,IT048C,IT,,2019,population_total,"Population on 1 January, total"
A,DE1001V,IT048C,2020,60530,,,IT048C,IT,,2020,population_total,"Population on 1 January, total"
A,DE1001V,IT048C,2021,59794,,,IT048C,IT,,2021,population_total,"Population on 1 January, total"
A,DE1001V,IT048C,2022,59748,,,IT048C,IT,,2022,population_total,"Population on 1 January, total"
A,DE1001V,IT048C,2023,59745,,,IT048C,IT,,2023,population_total,"Population on 1 January, total"
A,DE1001V,IT049C,2015,52703,,,IT049C,IT,,2015,population_total,"Population on 1 January, total"
A,DE1001V,IT049C,2016,52622,,,IT049C,IT,,2016,population_total,"Population on 1 January, total"
A,DE1001V,IT049C,2017,52574,,,IT049C,IT,,2017,population_total,"Population on 1 January, total"
A,DE1001V,IT049C,2018,52269,,,IT049C,IT,,2018,population_total,"Population on 1 January, total"
A,DE1001V,IT049C,2019,51361,b,,IT049C,IT,,2019,population_total,"Population on 1 January, total"
A,DE1001V,IT049C,2020,51176,,,IT049C,IT,,2020,population_total,"Population on 1 January, total"
A,DE1001V,IT049C,2021,50627,,,IT049C,IT,,2021,population_total,"Population on 1 January, total"
A,DE1001V,IT049C,2022,50735,,,IT049C,IT,,2022,population_total,"Population on 1 January, total"
A,DE1001V,IT049C,2023,50608,,,IT049C,IT,,2023,population_total,"Population on 1 January, total"
A,DE1001V,IT050C,2015,55171,,,IT050C,IT,,2015,population_total,"Population on 1 January, total"
A,DE1001V,IT050C,2016,54857,,,IT050C,IT,,2016,population_total,"Population on 1 January, total"
A,DE1001V,IT050C,2017,54561,,,IT050C,IT,,2017,population_total,"Population on 1 January, total"
A,DE1001V,IT050C,2018,54353,,,IT050C,IT,,2018,population_total,"Population on 1 January, total"
A,DE1001V,IT050C,2019,53762,b,,IT050C,IT,,2019,population_total,"Population on 1 January, total"
A,DE1001V,IT050C,2020,53346,,,IT050C,IT,,2020,population_total,"Population on 1 January, total"
A,DE1001V,IT050C,2021,52819,,,IT050C,IT,,2021,population_total,"Population on 1 January, total"
A,DE1001V,IT050C,2022,52498,,,IT050C,IT,,2022,population_total,"Population on 1 January, total"
A,DE1001V,IT050C,2023,52250,,,IT050C,IT,,2023,population_total,"Population on 1 January, total"
A,DE1001V,IT051C,2015,51632,,,IT051C,IT,,2015,population_total,"Population on 1 January, total"
A,DE1001V,IT051C,2016,51229,,,IT051C,IT,,2016,population_total,"Population on 1 January, total"
A,DE1001V,IT051C,2017,51139,,,IT051C,IT,,2017,population_total,"Population on 1 January, total"
A,DE1001V,IT051C,2018,51127,,,IT051C,IT,,2018,population_total,"Population on 1 January, total"
A,DE1001V,IT051C,2019,51557,b,,IT051C,IT,,2019,population_total,"Population on 1 January, total"
A,DE1001V,IT051C,2020,51733,,,IT051C,IT,,2020,population_total,"Population on 1 January, total"
A,DE1001V,IT051C,2021,51403,,,IT051C,IT,,2021,population_total,"Population on 1 January, total"
A,DE1001V,IT051C,2022,51617,,,IT051C,IT,,2022,population_total,"Population on 1 January, total"
A,DE1001V,IT051C,2023,51842,,,IT051C,IT,,2023,population_total,"Population on 1 January, total"
A,DE1001V,IT052C,2015,48141,,,IT052C,IT,,2015,population_total,"Population on 1 January, total"
A,DE1001V,IT052C,2016,47999,,,IT052C,IT,,2016,population_total,"Population on 1 January, total"
A,DE1001V,IT052C,2017,48131,,,IT052C,IT,,2017,population_total,"Population on 1 January, total"
A,DE1001V,IT052C,2018,48177,,,IT052C,IT,,2018,population_total,"Population on 1 January, total"
A,DE1001V,IT052C,2019,48265,b,,IT052C,IT,,2019,population_total,"Population on 1 January, total"
A,DE1001V,IT052C,2020,48058,,,IT052C,IT,,2020,population_total,"Population on 1 January, total"
A,DE1001V,IT052C,2021,47454,,,IT052C,IT,,2021,population_total,"Population on 1 January, total"
A,DE1001V,IT052C,2022,46831,,,IT052C,IT,,2022,population_total,"Population on 1 January, total"
A,DE1001V,IT052C,2023,47008,,,IT052C,IT,,2023,population_total,"Population on 1 January, total"
A,DE1001V,IT053C,2015,70347,,,IT053C,IT,,2015,population_total,"Population on 1 January, total"
A,DE1001V,IT053C,2016,70396,,,IT053C,IT,,2016,population_total,"Population on 1 January, total"
A,DE1001V,IT053C,2017,70595,,,IT053C,IT,,2017,population_total,"Population on 1 January, total"
A,DE1001V,IT053C,2018,70514,,,IT053C,IT,,2018,population_total,"Population on 1 January, total"
A,DE1001V,IT053C,2019,70008,b,,IT053C,IT,,2019,population_total,"Population on 1 January, total"
A,DE1001V,IT053C,2020,69999,,,IT053C,IT,,2020,population_total,"Population on 1 January, total"
A,DE1001V,IT053C,2021,69911,,,IT053C,IT,,2021,population_total,"Population on 1 January, total"
A,DE1001V,IT053C,2022,69855,,,IT053C,IT,,2022,population_total,"Population on 1 January, total"
A,DE1001V,IT053C,2023,70038,,,IT053C,IT,,2023,population_total,"Population on 1 January, total"
A,DE1001V,IT054C,2015,55644,,,IT054C,IT,,2015,population_total,"Population on 1 January, total"
A,DE1001V,IT054C,2016,55540,,,IT054C,IT,,2016,population_total,"Population on 1 January, total"
A,DE1001V,IT054C,2017,55354,,,IT054C,IT,,2017,population_total,"Population on 1 January, total"
A,DE1001V,IT054C,2018,55127,,,IT054C,IT,,2018,population_total,"Population on 1 January, total"
A,DE1001V,IT054C,2019,52861,b,,IT054C,IT,,2019,population_total,"Population on 1 January, total"
A,DE1001V,IT054C,2020,52546,,,IT054C,IT,,2020,population_total,"Population on 1 January, total"
A,DE1001V,IT054C,2021,53457,,,IT054C,IT,,2021,population_total,"Population on 1 January, total"
A,DE1001V,IT054C,2022,53396,,,IT054C,IT,,2022,population_total,"Population on 1 January, total"
A,DE1001V,IT054C,2023,53282,,,IT054C,IT,,2023,population_total,"Population on 1 January, total"
A,DE1001V,IT055C,2015,60058,,,IT055C,IT,,2015,population_total,"Population on 1 January, total"
A,DE1001V,IT055C,2016,59874,,,IT055C,IT,,2016,population_total,"Population on 1 January, total"
A,DE1001V,IT055C,2017,59623,,,IT055C,IT,,2017,population_total,"Population on 1 January, total"
A,DE1001V,IT055C,2018,59470,,,IT055C,IT,,2018,population_total,"Population on 1 January, total"
A,DE1001V,IT055C,2019,58389,b,,IT055C,IT,,2019,population_total,"Population on 1 January, total"
A,DE1001V,IT055C,2020,58145,,,IT055C,IT,,2020,population_total,"Population on 1 January, total"
A,DE1001V,IT055C,2021,57891,,,IT055C,IT,,2021,population_total,"Population on 1 January, total"
A,DE1001V,IT055C,2022,57645,,,IT055C,IT,,2022,population_total,"Population on 1 January, total"
A,DE1001V,IT055C,2023,57458,,,IT055C,IT,,2023,population_total,"Population on 1 January, total"
A,DE1001V,IT056C,2015,50868,,,IT056C,IT,,2015,population_total,"Population on 1 January, total"
A,DE1001V,IT056C,2016,50786,,,IT056C,IT,,2016,population_total,"Population on 1 January, total"
A,DE1001V,IT056C,2017,50883,,,IT056C,IT,,2017,population_total,"Population on 1 January, total"
A,DE1001V,IT056C,2018,51005,,,IT056C,IT,,2018,population_total,"Population on 1 January, total"
A,DE1001V,IT056C,2019,50646,b,,IT056C,IT,,2019,population_total,"Population on 1 January, total"
A,DE1001V,IT056C,2020,50411,,,IT056C,IT,,2020,population_total,"Population on 1 January, total"
A,DE1001V,IT056C,2021,49805,,,IT056C,IT,,2021,population_total,"Population on 1 January, total"
A,DE1001V,IT056C,2022,49655,,,IT056C,IT,,2022,population_total,"Population on 1 January, total"
A,DE1001V,IT056C,2023,49545,,,IT056C,IT,,2023,population_total,"Population on 1 January, total"
A,DE1001V,IT057C,2015,55517,,,IT057C,IT,,2015,population_total,"Population on 1 January, total"
A,DE1001V,IT057C,2016,55422,,,IT057C,IT,,2016,population_total,"Population on 1 January, total"
A,DE1001V,IT057C,2017,55390,,,IT057C,IT,,2017,population_total,"Population on 1 January, total"
A,DE1001V,IT057C,2018,55385,,,IT057C,IT,,2018,population_total,"Population on 1 January, total"
A,DE1001V,IT057C,2019,54706,b,,IT057C,IT,,2019,population_total,"Population on 1 January, total"
A,DE1001V,IT057C,2020,54629,,,IT057C,IT,,2020,population_total,"Population on 1 January, total"
A,DE1001V,IT057C,2021,53934,,,IT057C,IT,,2021,population_total,"Population on 1 January, total"
A,DE1001V,IT057C,2022,53738,,,IT057C,IT,,2022,population_total,"Population on 1 January, total"
A,DE1001V,IT057C,2023,53664,,,IT057C,IT,,2023,population_total,"Population on 1 January, total"
A,DE1001V,IT058C,2015,70419,,,IT058C,IT,,2015,population_total,"Population on 1 January, total"
A,DE1001V,IT058C,2016,70699,,,IT058C,IT,,2016,population_total,"Population on 1 January, total"
A,DE1001V,IT058C,2017,71060,,,IT058C,IT,,2017,population_total,"Population on 1 January, total"
A,DE1001V,IT058C,2018,71148,,,IT058C,IT,,2018,population_total,"Population on 1 January, total"
A,DE1001V,IT058C,2019,72128,b,,IT058C,IT,,2019,population_total,"Population on 1 January, total"
A,DE1001V,IT058C,2020,72369,,,IT058C,IT,,2020,population_total,"Population on 1 January, total"
A,DE1001V,IT058C,2021,71730,,,IT058C,IT,,2021,population_total,"Population on 1 January, total"
A,DE1001V,IT058C,2022,71402,,,IT058C,IT,,2022,population_total,"Population on 1 January, total"
A,DE1001V,IT058C,2023,72013,,,IT058C,IT,,2023,population_total,"Population on 1 January, total"
A,DE1001V,IT059C,2015,58295,,,IT059C,IT,,2015,population_total,"Population on 1 January, total"
A,DE1001V,IT059C,2016,58396,,,IT059C,IT,,2016,population_total,"Population on 1 January, total"
A,DE1001V,IT059C,2017,58517,,,IT059C,IT,,2017,population_total,"Population on 1 January, total"
A,DE1001V,IT059C,2018,58540,,,IT059C,IT,,2018,population_total,"Population on 1 January, total"
A,DE1001V,IT059C,2019,55428,b,,IT059C,IT,,2019,population_total,"Population on 1 January, total"
A,DE1001V,IT059C,2020,55324,,,IT059C,IT,,2020,population_total,"Population on 1 January, total"
A,DE1001V,IT059C,2021,57223,,,IT059C,IT,,2021,population_total,"Population on 1 January, total"
A,DE1001V,IT059C,2022,57127,,,IT059C,IT,,2022,population_total,"Population on 1 January, total"
A,DE1001V,IT059C,2023,57152,,,IT059C,IT,,2023,population_total,"Population on 1 January, total"
A,DE1001V,IT060C,2015,76723,,,IT060C,IT,,2015,population_total,"Population on 1 January, total"
A,DE1001V,IT060C,2016,75827,,,IT060C,IT,,2016,population_total,"Population on 1 January, total"
A,DE1001V,IT060C,2017,75458,,,IT060C,IT,,2017,population_total,"Population on 1 January, total"
A,DE1001V,IT060C,2018,74858,,,IT060C,IT,,2018,population_total,"Population on 1 January, total"
A,DE1001V,IT060C,2019,72890,b,,IT060C,IT,,2019,population_total,"Population on 1 January, total"
A,DE1001V,IT060C,2020,72187,,,IT060C,IT,,2020,population_total,"Population on 1 January, total"
A,DE1001V,IT060C,2021,72491,,,IT060C,IT,,2021,population_total,"Population on 1 January, total"
A,DE1001V,IT060C,2022,71937,,,IT060C,IT,,2022,population_total,"Population on 1 January, total"
A,DE1001V,IT060C,2023,71377,,,IT060C,IT,,2023,population_total,"Population on 1 January, total"
A,DE1001V,IT061C,2015,55615,,,IT061C,IT,,2015,population_total,"Population on 1 January, total"
A,DE1001V,IT061C,2016,55387,,,IT061C,IT,,2016,population_total,"Population on 1 January, total"
A,DE1001V,IT061C,2017,55373,,,IT061C,IT,,2017,population_total,"Population on 1 January, total"
A,DE1001V,IT061C,2018,55047,,,IT061C,IT,,2018,population_total,"Population on 1 January, total"
A,DE1001V,IT061C,2019,53714,b,,IT061C,IT,,2019,population_total,"Population on 1 January, total"
A,DE1001V,IT061C,2020,53409,,,IT061C,IT,,2020,population_total,"Population on 1 January, total"
A,DE1001V,IT061C,2021,53025,,,IT061C,IT,,2021,population_total,"Population on 1 January, total"
A,DE1001V,IT061C,2022,53221,,,IT061C,IT,,2022,population_total,"Population on 1 January, total"
A,DE1001V,IT061C,2023,53107,,,IT061C,IT,,2023,population_total,"Population on 1 January, total"
A,DE1001V,IT062C,2015,53986,,,IT062C,IT,,2015,population_total,"Population on 1 January, total"
A,DE1001V,IT062C,2016,54211,,,IT062C,IT,,2016,population_total,"Population on 1 January, total"
A,DE1001V,IT062C,2017,54311,,,IT062C,IT,,2017,population_total,"Population on 1 January, total"
A,DE1001V,IT062C,2018,54710,,,IT062C,IT,,2018,population_total,"Population on 1 January, total"
A,DE1001V,IT062C,2019,51666,b,,IT062C,IT,,2019,population_total,"Population on 1 January, total"
A,DE1001V,IT062C,2020,52335,,,IT062C,IT,,2020,population_total,"Population on 1 January, total"
A,DE1001V,IT062C,2021,57838,,,IT062C,IT,,2021,population_total,"Population on 1 January, total"
A,DE1001V,IT062C,2022,58593,,,IT062C,IT,,2022,population_total,"Population on 1 January, total"
A,DE1001V,IT062C,2023,59250,,,IT062C,IT,,2023,population_total,"Population on 1 January, total"
A,DE1001V,IT063C,2015,41064,,,IT063C,IT,,2015,population_total,"Population on 1 January, total"
A,DE1001V,IT063C,2016,40853,,,IT063C,IT,,2016,population_total,"Population on 1 January, total"
A,DE1001V,IT063C,2017,40813,,,IT063C,IT,,2017,population_total,"Population on 1 January, total"
A,DE1001V,IT063C,2018,40826,,,IT063C,IT,,2018,population_total,"Population on 1 January, total"
A,DE1001V,IT063C,2019,40373,b,,IT063C,IT,,2019,population_total,"Population on 1 January, total"
A,DE1001V,IT063C,2020,40278,,,IT063C,IT,,2020,population_total,"Population on 1 January, total"
A,DE1001V,IT063C,2021,40722,,,IT063C,IT,,2021,population_total,"Population on 1 January, total"
A,DE1001V,IT063C,2022,40469,,,IT063C,IT,,2022,population_total,"Population on 1 January, total"
A,DE1001V,IT063C,2023,40830,,,IT063C,IT,,2023,population_total,"Population on 1 January, total"
A,DE1001V,IT064C,2015,240414,,,IT064C,IT,,2015,population_total,"Population on 1 January, total"
A,DE1001V,IT064C,2016,238439,,,IT064C,IT,,2016,population_total,"Population on 1 January, total"
A,DE1001V,IT064C,2017,236962,,,IT064C,IT,,2017,population_total,"Population on 1 January, total"
A,DE1001V,IT064C,2018,234293,,,IT064C,IT,,2018,population_total,"Population on 1 January, total"
A,DE1001V,IT064C,2019,229280,b,,IT064C,IT,,2019,population_total,"Population on 1 January, total"
A,DE1001V,IT064C,2020,227424,,,IT064C,IT,,2020,population_total,"Population on 1 January, total"
A,DE1001V,IT064C,2021,222329,,,IT064C,IT,,2021,population_total,"Population on 1 January, total"
A,DE1001V,IT064C,2022,221246,,,IT064C,IT,,2022,population_total,"Population on 1 January, total"
A,DE1001V,IT064C,2023,219387,,,IT064C,IT,,2023,population_total,"Population on 1 January, total"
A,DE1001V,IT065C,2015,191002,,,IT065C,IT,,2015,population_total,"Population on 1 January, total"
A,DE1001V,IT065C,2016,191150,,,IT065C,IT,,2016,population_total,"Population on 1 January, total"
A,DE1001V,IT065C,2017,192469,,,IT065C,IT,,2017,population_total,"Population on 1 January, total"
A,DE1001V,IT065C,2018,193325,,,IT065C,IT,,2018,population_total,"Population on 1 January, total"
A,DE1001V,IT065C,2019,193723,b,,IT065C,IT,,2019,population_total,"Population on 1 January, total"
A,DE1001V,IT065C,2020,194223,,,IT065C,IT,,2020,population_total,"Population on 1 January, total"
A,DE1001V,IT065C,2021,201410,,,IT065C,IT,,2021,population_total,"Population on 1 January, total"
A,DE1001V,IT065C,2022,195213,,,IT065C,IT,,2022,population_total,"Population on 1 January, total"
A,DE1001V,IT065C,2023,196317,,,IT065C,IT,,2023,population_total,"Population on 1 January, total"
A,DE1001V,IT066C,2015,190284,,,IT066C,IT,,2015,population_total,"Population on 1 January, total"
A,DE1001V,IT066C,2016,192836,,,IT066C,IT,,2016,population_total,"Population on 1 January, total"
A,DE1001V,IT066C,2017,194417,,,IT066C,IT,,2017,population_total,"Population on 1 January, total"
A,DE1001V,IT066C,2018,195687,,,IT066C,IT,,2018,population_total,"Population on 1 January, total"
A,DE1001V,IT066C,2019,198606,b,,IT066C,IT,,2019,population_total,"Population on 1 January, total"
A,DE1001V,IT066C,2020,200455,,,IT066C,IT,,2020,population_total,"Population on 1 January, total"
A,DE1001V,IT066C,2021,195998,,,IT066C,IT,,2021,population_total,"Population on 1 January, total"
A,DE1001V,IT066C,2022,195436,,,IT066C,IT,,2022,population_total,"Population on 1 January, total"
A,DE1001V,IT066C,2023,197018,,,IT066C,IT,,2023,population_total,"Population on 1 January, total"
A,DE1001V,IT067C,2015,159542,,,IT067C,IT,,2015,population_total,"Population on 1 January, total"
A,DE1001V,IT067C,2016,159219,,,IT067C,IT,,2016,population_total,"Population on 1 January, total"
A,DE1001V,IT067C,2017,158916,,,IT067C,IT,,2017,population_total,"Population on 1 January, total"
A,DE1001V,IT067C,2018,158371,,,IT067C,IT,,2018,population_total,"Population on 1 January, total"
A,DE1001V,IT067C,2019,157457,b,,IT067C,IT,,2019,population_total,"Population on 1 January, total"
A,DE1001V,IT067C,2020,157017,,,IT067C,IT,,2020,population_total,"Population on 1 January, total"
A,DE1001V,IT067C,2021,155370,,,IT067C,IT,,2021,population_total,"Population on 1 January, total"
A,DE1001V,IT067C,2022,154483,,,IT067C,IT,,2022,population_total,"Population on 1 January, total"
A,DE1001V,IT067C,2023,153859,,,IT067C,IT,,2023,population_total,"Population on 1 January, total"
A,DE1001V,IT068C,2015,171655,,,IT068C,IT,,2015,population_total,"Population on 1 January, total"
A,DE1001V,IT068C,2016,171345,,,IT068C,IT,,2016,population_total,"Population on 1 January, total"
A,DE1001V,IT068C,2017,171491,,,IT068C,IT,,2017,population_total,"Population on 1 January, total"
A,DE1001V,IT068C,2018,171944,,,IT068C,IT,,2018,population_total,"Population on 1 January, total"
A,DE1001V,IT068C,2019,170887,b,,IT068C,IT,,2019,population_total,"Population on 1 January, total"
A,DE1001V,IT068C,2020,171084,,,IT068C,IT,,2020,population_total,"Population on 1 January, total"
A,DE1001V,IT068C,2021,170601,,,IT068C,IT,,2021,population_total,"Population on 1 January, total"
A,DE1001V,IT068C,2022,169908,,,IT068C,IT,,2022,population_total,"Population on 1 January, total"
A,DE1001V,IT068C,2023,170451,,,IT068C,IT,,2023,population_total,"Population on 1 January, total"
A,DE1001V,IT069C,2015,158911,,,IT069C,IT,,2015,population_total,"Population on 1 January, total"
A,DE1001V,IT069C,2016,159116,,,IT069C,IT,,2016,population_total,"Population on 1 January, total"
A,DE1001V,IT069C,2017,159057,,,IT069C,IT,,2017,population_total,"Population on 1 January, total"
A,DE1001V,IT069C,2018,159115,,,IT069C,IT,,2018,population_total,"Population on 1 January, total"
A,DE1001V,IT069C,2019,158923,b,,IT069C,IT,,2019,population_total,"Population on 1 January, total"
A,DE1001V,IT069C,2020,158247,,,IT069C,IT,,2020,population_total,"Population on 1 January, total"
A,DE1001V,IT069C,2021,156463,,,IT069C,IT,,2021,population_total,"Population on 1 January, total"
A,DE1001V,IT069C,2022,155836,,,IT069C,IT,,2022,population_total,"Population on 1 January, total"
A,DE1001V,IT069C,2023,156050,,,IT069C,IT,,2023,population_total,"Population on 1 January, total"
A,DE1001V,IT070C,2015,133682,,,IT070C,IT,,2015,population_total,"Population on 1 January, total"
A,DE1001V,IT070C,2016,133155,,,IT070C,IT,,2016,population_total,"Population on 1 January, total"
A,DE1001V,IT070C,2017,132009,,,IT070C,IT,,2017,population_total,"Population on 1 January, total"
A,DE1001V,IT070C,2018,132278,,,IT070C,IT,,2018,population_total,"Population on 1 January, total"
A,DE1001V,IT070C,2019,132931,b,,IT070C,IT,,2019,population_total,"Population on 1 January, total"
A,DE1001V,IT070C,2020,132899,,,IT070C,IT,,2020,population_total,"Population on 1 January, total"
A,DE1001V,IT070C,2021,131669,,,IT070C,IT,,2021,population_total,"Population on 1 January, total"
A,DE1001V,IT070C,2022,129872,,,IT070C,IT,,2022,population_total,"Population on 1 January, total"
A,DE1001V,IT070C,2023,129724,,,IT070C,IT,,2023,population_total,"Population on 1 January, total"
A,DE1001V,IT071C,2015,147578,,,IT071C,IT,,2015,population_total,"Population on 1 January, total"
A,DE1001V,IT071C,2016,147750,,,IT071C,IT,,2016,population_total,"Population on 1 January, total"
A,DE1001V,IT071C,2017,148908,,,IT071C,IT,,2017,population_total,"Population on 1 January, total"
A,DE1001V,IT071C,2018,149403,,,IT071C,IT,,2018,population_total,"Population on 1 January, total"
A,DE1001V,IT071C,2019,148981,b,,IT071C,IT,,2019,population_total,"Population on 1 January, total"
A,DE1001V,IT071C,2020,149335,,,IT071C,IT,,2020,population_total,"Population on 1 January, total"
A,DE1001V,IT071C,2021,150240,,,IT071C,IT,,2021,population_total,"Population on 1 January, total"
A,DE1001V,IT071C,2022,149169,,,IT071C,IT,,2022,population_total,"Population on 1 January, total"
A,DE1001V,IT071C,2023,149681,,,IT071C,IT,,2023,population_total,"Population on 1 January, total"
A,DE1001V,IT072C,2015,122503,,,IT072C,IT,,2015,population_total,"Population on 1 January, total"
A,DE1001V,IT072C,2016,122291,,,IT072C,IT,,2016,population_total,"Population on 1 January, total"
A,DE1001V,IT072C,2017,122031,,,IT072C,IT,,2017,population_total,"Population on 1 January, total"
A,DE1001V,IT072C,2018,121605,,,IT072C,IT,,2018,population_total,"Population on 1 January, total"
A,DE1001V,IT072C,2019,119710,b,,IT072C,IT,,2019,population_total,"Population on 1 January, total"
A,DE1001V,IT072C,2020,119056,,,IT072C,IT,,2020,population_total,"Population on 1 January, total"
A,DE1001V,IT072C,2021,117053,,,IT072C,IT,,2021,population_total,"Population on 1 January, total"
A,DE1001V,IT072C,2022,117055,,,IT072C,IT,,2022,population_total,"Population on 1 January, total"
A,DE1001V,IT072C,2023,116635,,,IT072C,IT,,2023,population_total,"Population on 1 January, total"
A,DE1001V,IT073C,2015,119002,,,IT073C,IT,,2015,population_total,"Population on 1 January, total"
A,DE1001V,IT073C,2016,119381,,,IT073C,IT,,2016,population_total,"Population on 1 January, total"
A,DE1001V,IT073C,2017,120287,,,IT073C,IT,,2017,population_total,"Population on 1 January, total"
A,DE1001V,IT073C,2018,120923,,,IT073C,IT,,2018,population_total,"Population on 1 January, total"
A,DE1001V,IT073C,2019,120569,b,,IT073C,IT,,2019,population_total,"Population on 1 January, total"
A,DE1001V,IT073C,2020,120783,,,IT073C,IT,,2020,population_total,"Population on 1 January, total"
A,DE1001V,IT073C,2021,119993,,,IT073C,IT,,2021,population_total,"Population on 1 January, total"
A,DE1001V,IT073C,2022,119476,,,IT073C,IT,,2022,population_total,"Population on 1 January, total"
A,DE1001V,IT073C,2023,119809,,,IT073C,IT,,2023,population_total,"Population on 1 January, total"
A,DE1001V,IT074C,2015,118255,,,IT074C,IT,,2015,population_total,"Population on 1 January, total"
A,DE1001V,IT074C,2016,117913,,,IT074C,IT,,2016,population_total,"Population on 1 January, total"
A,DE1001V,IT074C,2017,117946,,,IT074C,IT,,2017,population_total,"Population on 1 January, total"
A,DE1001V,IT074C,2018,117863,,,IT074C,IT,,2018,population_total,"Population on 1 January, total"
A,DE1001V,IT074C,2019,118360,b,,IT074C,IT,,2019,population_total,"Population on 1 January, total"
A,DE1001V,IT074C,2020,118292,,,IT074C,IT,,2020,population_total,"Population on 1 January, total"
A,DE1001V,IT074C,2021,117407,,,IT074C,IT,,2021,population_total,"Population on 1 January, total"
A,DE1001V,IT074C,2022,116558,,,IT074C,IT,,2022,population_total,"Population on 1 January, total"
A,DE1001V,IT074C,2023,116726,,,IT074C,IT,,2023,population_total,"Population on 1 January, total"
A,DE1001V,IT075C,2015,125496,,,IT075C,IT,,2015,population_total,"Population on 1 January, total"
A,DE1001V,IT075C,2016,125985,,,IT075C,IT,,2016,population_total,"Population on 1 January, total"
A,DE1001V,IT075C,2017,126151,,,IT075C,IT,,2017,population_total,"Population on 1 January, total"
A,DE1001V,IT075C,2018,126470,,,IT075C,IT,,2018,population_total,"Population on 1 January, total"
A,DE1001V,IT075C,2019,126952,b,,IT075C,IT,,2019,population_total,"Population on 1 January, total"
A,DE1001V,IT075C,2020,127037,,,IT075C,IT,,2020,population_total,"Population on 1 January, total"
A,DE1001V,IT075C,2021,127560,,,IT075C,IT,,2021,population_total,"Population on 1 January, total"
A,DE1001V,IT075C,2022,127861,,,IT075C,IT,,2022,population_total,"Population on 1 January, total"
A,DE1001V,IT075C,2023,127719,,,IT075C,IT,,2023,population_total,"Population on 1 January, total"
A,DE1001V,IT076C,2015,113599,,,IT076C,IT,,2015,population_total,"Population on 1 January, total"
A,DE1001V,IT076C,2016,112953,,,IT076C,IT,,2016,population_total,"Population on 1 January, total"
A,DE1001V,IT076C,2017,112198,,,IT076C,IT,,2017,population_total,"Population on 1 January, total"
A,DE1001V,IT076C,2018,111620,,,IT076C,IT,,2018,population_total,"Population on 1 January, total"
A,DE1001V,IT076C,2019,109837,b,,IT076C,IT,,2019,population_total,"Population on 1 January, total"
A,DE1001V,IT076C,2020,109855,,,IT076C,IT,,2020,population_total,"Population on 1 January, total"
A,DE1001V,IT076C,2021,111113,,,IT076C,IT,,2021,population_total,"Population on 1 January, total"
A,DE1001V,IT076C,2022,110293,,,IT076C,IT,,2022,population_total,"Population on 1 January, total"
A,DE1001V,IT076C,2023,110283,,,IT076C,IT,,2023,population_total,"Population on 1 January, total"
A,DE1001V,IT077C,2015,112133,,,IT077C,IT,,2015,population_total,"Population on 1 January, total"
A,DE1001V,IT077C,2016,111501,,,IT077C,IT,,2016,population_total,"Population on 1 January, total"
A,DE1001V,IT077C,2017,111455,,,IT077C,IT,,2017,population_total,"Population on 1 January, total"
A,DE1001V,IT077C,2018,111189,,,IT077C,IT,,2018,population_total,"Population on 1 January, total"
A,DE1001V,IT077C,2019,110554,b,,IT077C,IT,,2019,population_total,"Population on 1 January, total"
A,DE1001V,IT077C,2020,110003,,,IT077C,IT,,2020,population_total,"Population on 1 January, total"
A,DE1001V,IT077C,2021,107982,,,IT077C,IT,,2021,population_total,"Population on 1 January, total"
A,DE1001V,IT077C,2022,107165,,,IT077C,IT,,2022,population_total,"Population on 1 January, total"
A,DE1001V,IT077C,2023,106793,,,IT077C,IT,,2023,population_total,"Population on 1 January, total"
A,DE1001V,IT078C,2015,104452,,,IT078C,IT,,2015,population_total,"Population on 1 January, total"
A,DE1001V,IT078C,2016,104380,,,IT078C,IT,,2016,population_total,"Population on 1 January, total"
A,DE1001V,IT078C,2017,104284,,,IT078C,IT,,2017,population_total,"Population on 1 January, total"
A,DE1001V,IT078C,2018,104183,,,IT078C,IT,,2018,population_total,"Population on 1 January, total"
A,DE1001V,IT078C,2019,103278,b,,IT078C,IT,,2019,population_total,"Population on 1 January, total"
A,DE1001V,IT078C,2020,103287,,,IT078C,IT,,2020,population_total,"Population on 1 January, total"
A,DE1001V,IT078C,2021,102225,,,IT078C,IT,,2021,population_total,"Population on 1 January, total"
A,DE1001V,IT078C,2022,101367,,,IT078C,IT,,2022,population_total,"Population on 1 January, total"
A,DE1001V,IT078C,2023,101797,,,IT078C,IT,,2023,population_total,"Population on 1 January, total"
A,DE1001V,IT079C,2015,93963,,,IT079C,IT,,2015,population_total,"Population on 1 January, total"
A,DE1001V,IT079C,2016,93943,,,IT079C,IT,,2016,population_total,"Population on 1 January, total"
A,DE1001V,IT079C,2017,93839,,,IT079C,IT,,2017,population_total,"Population on 1 January, total"
A,DE1001V,IT079C,2018,93980,,,IT079C,IT,,2018,population_total,"Population on 1 January, total"
A,DE1001V,IT079C,2019,93191,b,,IT079C,IT,,2019,population_total,"Population on 1 January, total"
A,DE1001V,IT079C,2020,92876,,,IT079C,IT,,2020,population_total,"Population on 1 January, total"
A,DE1001V,IT079C,2021,91089,,,IT079C,IT,,2021,population_total,"Population on 1 January, total"
A,DE1001V,IT079C,2022,90825,,,IT079C,IT,,2022,population_total,"Population on 1 January, total"
A,DE1001V,IT079C,2023,91323,,,IT079C,IT,,2023,population_total,"Population on 1 January, total"
A,DE1001V,IT080C,2015,99434,,,IT080C,IT,,2015,population_total,"Population on 1 January, total"
A,DE1001V,IT080C,2016,99543,,,IT080C,IT,,2016,population_total,"Population on 1 January, total"
A,DE1001V,IT080C,2017,99469,,,IT080C,IT,,2017,population_total,"Population on 1 January, total"
A,DE1001V,IT080C,2018,99419,,,IT080C,IT,,2018,population_total,"Population on 1 January, total"
A,DE1001V,IT080C,2019,98483,b,,IT080C,IT,,2019,population_total,"Population on 1 January, total"
A,DE1001V,IT080C,2020,98259,,,IT080C,IT,,2020,population_total,"Population on 1 January, total"
A,DE1001V,IT080C,2021,97373,,,IT080C,IT,,2021,population_total,"Population on 1 January, total"
A,DE1001V,IT080C,2022,96717,,,IT080C,IT,,2022,population_total,"Population on 1 January, total"
A,DE1001V,IT080C,2023,96535,,,IT080C,IT,,2023,population_total,"Population on 1 January, total"
A,DE1001V,IT081C,2015,81837,,,IT081C,IT,,2015,population_total,"Population on 1 January, total"
A,DE1001V,IT081C,2016,82087,,,IT081C,IT,,2016,population_total,"Population on 1 January, total"
A,DE1001V,IT081C,2017,82143,,,IT081C,IT,,2017,population_total,"Population on 1 January, total"
A,DE1001V,IT081C,2018,82036,,,IT081C,IT,,2018,population_total,"Population on 1 January, total"
A,DE1001V,IT081C,2019,81893,b,,IT081C,IT,,2019,population_total,"Population on 1 January, total"
A,DE1001V,IT081C,2020,81912,,,IT081C,IT,,2020,population_total,"Population on 1 January, total"
A,DE1001V,IT081C,2021,81643,,,IT081C,IT,,2021,population_total,"Population on 1 January, total"
A,DE1001V,IT081C,2022,81503,,,IT081C,IT,,2022,population_total,"Population on 1 January, total"
A,DE1001V,IT081C,2023,81608,,,IT081C,IT,,2023,population_total,"Population on 1 January, total"
A,DE1001V,IT082C,2015,88667,,,IT082C,IT,,2015,population_total,"Population on 1 January, total"
A,DE1001V,IT082C,2016,88302,,,IT082C,IT,,2016,population_total,"Population on 1 January, total"
A,DE1001V,IT082C,2017,87820,,,IT082C,IT,,2017,population_total,"Population on 1 January, total"
A,DE1001V,IT082C,2018,87141,,,IT082C,IT,,2018,population_total,"Population on 1 January, total"
A,DE1001V,IT082C,2019,85397,b,,IT082C,IT,,2019,population_total,"Population on 1 January, total"
A,DE1001V,IT082C,2020,84465,,,IT082C,IT,,2020,population_total,"Population on 1 January, total"
A,DE1001V,IT082C,2021,83690,,,IT082C,IT,,2021,population_total,"Population on 1 January, total"
A,DE1001V,IT082C,2022,83317,,,IT082C,IT,,2022,population_total,"Population on 1 January, total"
A,DE1001V,IT082C,2023,82883,,,IT082C,IT,,2023,population_total,"Population on 1 January, total"
A,DE1001V,IT083C,2015,69182,,,IT083C,IT,,2015,population_total,"Population on 1 January, total"
A,DE1001V,IT083C,2016,68759,,,IT083C,IT,,2016,population_total,"Population on 1 January, total"
A,DE1001V,IT083C,2017,68528,,,IT083C,IT,,2017,population_total,"Population on 1 January, total"
A,DE1001V,IT083C,2018,67923,,,IT083C,IT,,2018,population_total,"Population on 1 January, total"
A,DE1001V,IT083C,2019,66289,b,,IT083C,IT,,2019,population_total,"Population on 1 January, total"
A,DE1001V,IT083C,2020,65841,,,IT083C,IT,,2020,population_total,"Population on 1 January, total"
A,DE1001V,IT083C,2021,65378,,,IT083C,IT,,2021,population_total,"Population on 1 January, total"
A,DE1001V,IT083C,2022,56293,,,IT083C,IT,,2022,population_total,"Population on 1 January, total"
A,DE1001V,IT083C,2023,55816,,,IT083C,IT,,2023,population_total,"Population on 1 January, total"
A,DE1001V,IT084C,2015,73030,,,IT084C,IT,,2015,population_total,"Population on 1 January, total"
A,DE1001V,IT084C,2016,73313,,,IT084C,IT,,2016,population_total,"Population on 1 January, total"
A,DE1001V,IT084C,2017,73500,,,IT084C,IT,,2017,population_total,"Population on 1 January, total"
A,DE1001V,IT084C,2018,73638,,,IT084C,IT,,2018,population_total,"Population on 1 January, total"
A,DE1001V,IT084C,2019,71374,b,,IT084C,IT,,2019,population_total,"Population on 1 January, total"
A,DE1001V,IT084C,2020,71438,,,IT084C,IT,,2020,population_total,"Population on 1 January, total"
A,DE1001V,IT084C,2021,72579,,,IT084C,IT,,2021,population_total,"Population on 1 January, total"
A,DE1001V,IT084C,2022,72779,,,IT084C,IT,,2022,population_total,"Population on 1 January, total"
A,DE1001V,IT084C,2023,73476,,,IT084C,IT,,2023,population_total,"Population on 1 January, total"
A,DE1001V,IT085C,2015,100518,,,IT085C,IT,,2015,population_total,"Population on 1 January, total"
A,DE1001V,IT085C,2016,100440,,,IT085C,IT,,2016,population_total,"Population on 1 January, total"
A,DE1001V,IT085C,2017,100331,,,IT085C,IT,,2017,population_total,"Population on 1 January, total"
A,DE1001V,IT085C,2018,99857,,,IT085C,IT,,2018,population_total,"Population on 1 January, total"
A,DE1001V,IT085C,2019,98712,b,,IT085C,IT,,2019,population_total,"Population on 1 January, total"
A,DE1001V,IT085C,2020,98414,,,IT085C,IT,,2020,population_total,"Population on 1 January, total"
A,DE1001V,IT085C,2021,97489,,,IT085C,IT,,2021,population_total,"Population on 1 January, total"
A,DE1001V,IT085C,2022,97588,,,IT085C,IT,,2022,population_total,"Population on 1 January, total"
A,DE1001V,IT085C,2023,97346,,,IT085C,IT,,2023,population_total,"Population on 1 January, total"
A,DE1001V,IT086C,2015,56221,,,IT086C,IT,,2015,population_total,"Population on 1 January, total"
A,DE1001V,IT086C,2016,56217,,,IT086C,IT,,2016,population_total,"Population on 1 January, total"
A,DE1001V,IT086C,2017,56076,,,IT086C,IT,,2017,population_total,"Population on 1 January, total"
A,DE1001V,IT086C,2018,56031,,,IT086C,IT,,2018,population_total,"Population on 1 January, total"
A,DE1001V,IT086C,2019,55610,b,,IT086C,IT,,2019,population_total,"Population on 1 January, total"
A,DE1001V,IT086C,2020,55405,,,IT086C,IT,,2020,population_total,"Population on 1 January, total"
A,DE1001V,IT086C,2021,54848,,,IT086C,IT,,2021,population_total,"Population on 1 January, total"
A,DE1001V,IT086C,2022,55035,,,IT086C,IT,,2022,population_total,"Population on 1 January, total"
A,DE1001V,IT086C,2023,55063,,,IT086C,IT,,2023,population_total,"Population on 1 January, total"
A,DE1001V,IT087C,2015,70230,,,IT087C,IT,,2015,population_total,"Population on 1 January, total"
A,DE1001V,IT087C,2016,69753,,,IT087C,IT,,2016,population_total,"Population on 1 January, total"
A,DE1001V,IT087C,2017,69605,,,IT087C,IT,,2017,population_total,"Population on 1 January, total"
A,DE1001V,IT087C,2018,69439,,,IT087C,IT,,2018,population_total,"Population on 1 January, total"
A,DE1001V,IT087C,2019,69925,b,,IT087C,IT,,2019,population_total,"Population on 1 January, total"
A,DE1001V,IT087C,2020,70019,,,IT087C,IT,,2020,population_total,"Population on 1 January, total"
A,DE1001V,IT087C,2021,69349,,,IT087C,IT,,2021,population_total,"Population on 1 January, total"
A,DE1001V,IT087C,2022,69210,,,IT087C,IT,,2022,population_total,"Population on 1 January, total"
A,DE1001V,IT087C,2023,69659,,,IT087C,IT,,2023,population_total,"Population on 1 January, total"
A,DE1001V,LT,2015,2921262,,,LT,LT,,2015,population_total,"Population on 1 January, total"
A,DE1001V,LT,2016,2888558,,,LT,LT,,2016,population_total,"Population on 1 January, total"
A,DE1001V,LT,2017,2847904,,,LT,LT,,2017,population_total,"Population on 1 January, total"
A,DE1001V,LT,2018,2808901,e,,LT,LT,,2018,population_total,"Population on 1 January, total"
A,DE1001V,LT001C,2015,542626,,,LT001C,LT,,2015,population_total,"Population on 1 January, total"
A,DE1001V,LT001C,2016,543493,,,LT001C,LT,,2016,population_total,"Population on 1 January, total"
A,DE1001V,LT001C,2017,545280,,,LT001C,LT,,2017,population_total,"Population on 1 January, total"
A,DE1001V,LT001C,2018,547484,e,,LT001C,LT,,2018,population_total,"Population on 1 January, total"
A,DE1001V,LT001C,2019,552131,e,,LT001C,LT,,2019,population_total,"Population on 1 January, total"
A,DE1001V,LT001C,2020,561836,e,,LT001C,LT,,2020,population_total,"Population on 1 January, total"
A,DE1001V,LT001C,2021,556490,,,LT001C,LT,,2021,population_total,"Population on 1 January, total"
A,DE1001V,LT001C,2022,563012,,,LT001C,LT,,2022,population_total,"Population on 1 January, total"
A,DE1001V,LT001C,2023,586836,,,LT001C,LT,,2023,population_total,"Population on 1 January, total"
A,DE1001V,LT002C,2015,301357,,,LT002C,LT,,2015,population_total,"Population on 1 January, total"
A,DE1001V,LT002C,2016,297846,,,LT002C,LT,,2016,population_total,"Population on 1 January, total"
A,DE1001V,LT002C,2017,292691,,,LT002C,LT,,2017,population_total,"Population on 1 January, total"
A,DE1001V,LT002C,2018,288363,e,,LT002C,LT,,2018,population_total,"Population on 1 January, total"
A,DE1001V,LT002C,2019,286754,e,,LT002C,LT,,2019,population_total,"Population on 1 January, total"
A,DE1001V,LT002C,2020,289364,e,,LT002C,LT,,2020,population_total,"Population on 1 January, total"
A,DE1001V,LT002C,2021,298753,,,LT002C,LT,,2021,population_total,"Population on 1 January, total"
A,DE1001V,LT002C,2022,297906,,,LT002C,LT,,2022,population_total,"Population on 1 January, total"
A,DE1001V,LT002C,2023,302875,,,LT002C,LT,,2023,population_total,"Population on 1 January, total"
A,DE1001V,LT003C,2015,95202,,,LT003C,LT,,2015,population_total,"Population on 1 January, total"
A,DE1001V,LT003C,2016,93598,,,LT003C,LT,,2016,population_total,"Population on 1 January, total"
A,DE1001V,LT003C,2017,91054,,,LT003C,LT,,2017,population_total,"Population on 1 January, total"
A,DE1001V,LT003C,2018,88678,e,,LT003C,LT,,2018,population_total,"Population on 1 January, total"
A,DE1001V,LT003C,2019,87139,e,,LT003C,LT,,2019,population_total,"Population on 1 January, total"
A,DE1001V,LT003C,2020,85885,e,,LT003C,LT,,2020,population_total,"Population on 1 January, total"
A,DE1001V,LT003C,2021,89100,,,LT003C,LT,,2021,population_total,"Population on 1 January, total"
A,DE1001V,LT003C,2022,87590,,,LT003C,LT,,2022,population_total,"Population on 1 January, total"
A,DE1001V,LT003C,2023,87395,,,LT003C,LT,,2023,population_total,"Population on 1 January, total"
A,DE1001V,LT004C,2015,55614,,,LT004C,LT,,2015,population_total,"Population on 1 January, total"
A,DE1001V,LT004C,2016,54431,,,LT004C,LT,,2016,population_total,"Population on 1 January, total"
A,DE1001V,LT004C,2017,52792,,,LT004C,LT,,2017,population_total,"Population on 1 January, total"
A,DE1001V,LT004C,2018,51534,e,,LT004C,LT,,2018,population_total,"Population on 1 January, total"
A,DE1001V,LT004C,2019,50422,e,,LT004C,LT,,2019,population_total,"Population on 1 January, total"
A,DE1001V,LT004C,2020,49895,e,,LT004C,LT,,2020,population_total,"Population on 1 January, total"
A,DE1001V,LT004C,2021,52727,,,LT004C,LT,,2021,population_total,"Population on 1 January, total"
A,DE1001V,LT004C,2022,51793,,,LT004C,LT,,2022,population_total,"Population on 1 January, total"
A,DE1001V,LT004C,2023,51948,,,LT004C,LT,,2023,population_total,"Population on 1 January, total"
A,DE1001V,LT005C,2015,156141,,,LT005C,LT,,2015,population_total,"Population on 1 January, total"
A,DE1001V,LT005C,2016,154326,,,LT005C,LT,,2016,population_total,"Population on 1 January, total"
A,DE1001V,LT005C,2017,151309,,,LT005C,LT,,2017,population_total,"Population on 1 January, total"
A,DE1001V,LT005C,2018,148908,e,,LT005C,LT,,2018,population_total,"Population on 1 January, total"
A,DE1001V,LT005C,2019,147892,e,,LT005C,LT,,2019,population_total,"Population on 1 January, total"
A,DE1001V,LT005C,2020,149116,e,,LT005C,LT,,2020,population_total,"Population on 1 January, total"
A,DE1001V,LT005C,2021,152008,,,LT005C,LT,,2021,population_total,"Population on 1 January, total"
A,DE1001V,LT005C,2022,152237,,,LT005C,LT,,2022,population_total,"Population on 1 January, total"
A,DE1001V,LT005C,2023,156745,,,LT005C,LT,,2023,population_total,"Population on 1 January, total"
A,DE1001V,LT006C,2015,104569,,,LT006C,LT,,2015,population_total,"Population on 1 January, total"
A,DE1001V,LT006C,2016,102981,,,LT006C,LT,,2016,population_total,"Population on 1 January, total"
A,DE1001V,LT006C,2017,101214,,,LT006C,LT,,2017,population_total,"Population on 1 January, total"
A,DE1001V,LT006C,2018,100575,e,,LT006C,LT,,2018,population_total,"Population on 1 January, total"
A,DE1001V,LT006C,2019,100131,e,,LT006C,LT,,2019,population_total,"Population on 1 January, total"
A,DE1001V,LT006C,2020,101511,e,,LT006C,LT,,2020,population_total,"Population on 1 January, total"
A,DE1001V,LT006C,2021,100653,,,LT006C,LT,,2021,population_total,"Population on 1 January, total"
A,DE1001V,LT006C,2022,101756,,,LT006C,LT,,2022,population_total,"Population on 1 January, total"
A,DE1001V,LT006C,2023,106087,,,LT006C,LT,,2023,population_total,"Population on 1 January, total"
A,DE1001V,LU001C,2015,111287,,,LU001C,LU,,2015,population_total,"Population on 1 January, total"
A,DE1001V,LU001C,2016,115227,,,LU001C,LU,,2016,population_total,"Population on 1 January, total"
A,DE1001V,LV,2015,1986096,,,LV,LV,,2015,population_total,"Population on 1 January, total"
A,DE1001V,LV,2016,1968957,,,LV,LV,,2016,population_total,"Population on 1 January, total"
A,DE1001V,LV,2017,1950116,,,LV,LV,,2017,population_total,"Population on 1 January, total"
A,DE1001V,LV,2018,1934379,,,LV,LV,,2018,population_total,"Population on 1 January, total"
A,DE1001V,LV,2020,1907675,,,LV,LV,,2020,population_total,"Population on 1 January, total"
A,DE1001V,LV,2021,1893223,,,LV,LV,,2021,population_total,"Population on 1 January, total"
A,DE1001V,LV,2022,1875757,,,LV,LV,,2022,population_total,"Population on 1 January, total"
A,DE1001V,LV,2023,1883008,,,LV,LV,,2023,population_total,"Population on 1 January, total"
A,DE1001V,LV001C,2015,641007,,,LV001C,LV,,2015,population_total,"Population on 1 January, total"
A,DE1001V,LV001C,2016,639342,,,LV001C,LV,,2016,population_total,"Population on 1 January, total"
A,DE1001V,LV001C,2017,641201,,,LV001C,LV,,2017,population_total,"Population on 1 January, total"
A,DE1001V,LV001C,2018,632479,,,LV001C,LV,,2018,population_total,"Population on 1 January, total"
A,DE1001V,LV001C,2019,626147,,,LV001C,LV,,2019,population_total,"Population on 1 January, total"
A,DE1001V,LV001C,2020,621120,,,LV001C,LV,,2020,population_total,"Population on 1 January, total"
A,DE1001V,LV001C,2021,614618,,,LV001C,LV,,2021,population_total,"Population on 1 January, total"
A,DE1001V,LV001C,2022,605802,,,LV001C,LV,,2022,population_total,"Population on 1 January, total"
A,DE1001V,LV001C,2023,609489,,,LV001C,LV,,2023,population_total,"Population on 1 January, total"
A,DE1001V,LV002C,2015,71125,,,LV002C,LV,,2015,population_total,"Population on 1 January, total"
A,DE1001V,LV002C,2016,70610,,,LV002C,LV,,2016,population_total,"Population on 1 January, total"
A,DE1001V,LV002C,2017,69406,,,LV002C,LV,,2017,population_total,"Population on 1 January, total"
A,DE1001V,LV002C,2018,68912,,,LV002C,LV,,2018,population_total,"Population on 1 January, total"
A,DE1001V,LV002C,2019,68569,,,LV002C,LV,,2019,population_total,"Population on 1 January, total"
A,DE1001V,LV002C,2020,68313,,,LV002C,LV,,2020,population_total,"Population on 1 January, total"
A,DE1001V,LV002C,2021,67964,,,LV002C,LV,,2021,population_total,"Population on 1 January, total"
A,DE1001V,LV002C,2022,67360,,,LV002C,LV,,2022,population_total,"Population on 1 January, total"
A,DE1001V,LV002C,2023,67088,,,LV002C,LV,,2023,population_total,"Population on 1 January, total"
A,DE1001V,LV003C,2015,57180,,,LV003C,LV,,2015,population_total,"Population on 1 January, total"
A,DE1001V,LV003C,2016,57028,,,LV003C,LV,,2016,population_total,"Population on 1 January, total"
A,DE1001V,LV003C,2017,56702,,,LV003C,LV,,2017,population_total,"Population on 1 January, total"
A,DE1001V,LV003C,2018,55960,,,LV003C,LV,,2018,population_total,"Population on 1 January, total"
A,DE1001V,LV003C,2019,55415,,,LV003C,LV,,2019,population_total,"Population on 1 January, total"
A,DE1001V,LV003C,2020,55517,,,LV003C,LV,,2020,population_total,"Population on 1 January, total"
A,DE1001V,LV003C,2021,55336,,,LV003C,LV,,2021,population_total,"Population on 1 January, total"
A,DE1001V,LV003C,2022,54694,,,LV003C,LV,,2022,population_total,"Population on 1 January, total"
A,DE1001V,LV004C,2015,86435,,,LV004C,LV,,2015,population_total,"Population on 1 January, total"
A,DE1001V,LV004C,2016,85540,,,LV004C,LV,,2016,population_total,"Population on 1 January, total"
A,DE1001V,LV004C,2017,84288,,,LV004C,LV,,2017,population_total,"Population on 1 January, total"
A,DE1001V,LV004C,2018,82879,,,LV004C,LV,,2018,population_total,"Population on 1 January, total"
A,DE1001V,LV004C,2019,82029,,,LV004C,LV,,2019,population_total,"Population on 1 January, total"
A,DE1001V,LV004C,2020,81587,,,LV004C,LV,,2020,population_total,"Population on 1 January, total"
A,DE1001V,LV004C,2021,80627,,,LV004C,LV,,2021,population_total,"Population on 1 January, total"
A,DE1001V,LV004C,2022,79120,,,LV004C,LV,,2022,population_total,"Population on 1 January, total"
A,DE1001V,LV004C,2023,78850,,,LV004C,LV,,2023,population_total,"Population on 1 January, total"
A,DE1001V,MT,2015,439691,,,MT,MT,,2015,population_total,"Population on 1 January, total"
A,DE1001V,MT,2016,450415,,,MT,MT,,2016,population_total,"Population on 1 January, total"
A,DE1001V,MT,2017,460297,,,MT,MT,,2017,population_total,"Population on 1 January, total"
A,DE1001V,MT,2018,475701,,,MT,MT,,2018,population_total,"Population on 1 January, total"
A,DE1001V,MT001C,2015,212885,,,MT001C,MT,,2015,population_total,"Population on 1 January, total"
A,DE1001V,MT001C,2016,218960,,,MT001C,MT,,2016,population_total,"Population on 1 January, total"
A,DE1001V,MT001C,2017,224437,,,MT001C,MT,,2017,population_total,"Population on 1 January, total"
A,DE1001V,MT001C,2018,233246,,,MT001C,MT,,2018,population_total,"Population on 1 January, total"
A,DE1001V,MT001C,2019,243083,,,MT001C,MT,,2019,population_total,"Population on 1 January, total"
A,DE1001V,MT001C,2020,255266,,,MT001C,MT,,2020,population_total,"Population on 1 January, total"
A,DE1001V,MT001C,2021,256507,,,MT001C,MT,,2021,population_total,"Population on 1 January, total"
A,DE1001V,MT001C,2022,259351,,,MT001C,MT,,2022,population_total,"Population on 1 January, total"
A,DE1001V,NL,2015,16900726,b,,NL,NL,,2015,population_total,"Population on 1 January, total"
A,DE1001V,NL,2016,16979120,b,,NL,NL,,2016,population_total,"Population on 1 January, total"
A,DE1001V,NL,2019,17282163,,,NL,NL,,2019,population_total,"Population on 1 January, total"
A,DE1001V,NL,2020,17407585,,,NL,NL,,2020,population_total,"Population on 1 January, total"
A,DE1001V,NL,2021,17475415,,,NL,NL,,2021,population_total,"Population on 1 January, total"
A,DE1001V,NL,2022,17590672,,,NL,NL,,2022,population_total,"Population on 1 January, total"
A,DE1001V,NL,2023,17811291,,,NL,NL,,2023,population_total,"Population on 1 January, total"
A,DE1001V,NL001C,2016,960402,b,,NL001C,NL,,2016,population_total,"Population on 1 January, total"
A,DE1001V,NL001C,2019,996915,,,NL001C,NL,,2019,population_total,"Population on 1 January, total"
A,DE1001V,NL001C,2020,1009238,,,NL001C,NL,,2020,population_total,"Population on 1 January, total"
A,DE1001V,NL001C,2021,1009626,,,NL001C,NL,,2021,population_total,"Population on 1 January, total"
A,DE1001V,NL001C,2022,1020998,,,NL001C,NL,,2022,population_total,"Population on 1 January, total"
A,DE1001V,NL001C,2023,1059596,,,NL001C,NL,,2023,population_total,"Population on 1 January, total"
A,DE1001V,NL002C,2016,184235,b,,NL002C,NL,,2016,population_total,"Population on 1 January, total"
A,DE1001V,NL002C,2019,188764,,,NL002C,NL,,2019,population_total,"Population on 1 January, total"
A,DE1001V,NL002C,2020,190991,,,NL002C,NL,,2020,population_total,"Population on 1 January, total"
A,DE1001V,NL002C,2021,192427,,,NL002C,NL,,2021,population_total,"Population on 1 January, total"
A,DE1001V,NL002C,2022,222895,,,NL002C,NL,,2022,population_total,"Population on 1 January, total"
A,DE1001V,NL002C,2023,225138,,,NL002C,NL,,2023,population_total,"Population on 1 January, total"
A,DE1001V,NL003C,2016,72436,b,,NL003C,NL,,2016,population_total,"Population on 1 January, total"
A,DE1001V,NL003C,2019,72849,,,NL003C,NL,,2019,population_total,"Population on 1 January, total"
A,DE1001V,NL003C,2020,73107,,,NL003C,NL,,2020,population_total,"Population on 1 January, total"
A,DE1001V,NL003C,2021,73132,,,NL003C,NL,,2021,population_total,"Population on 1 January, total"
A,DE1001V,NL003C,2022,73155,,,NL003C,NL,,2022,population_total,"Population on 1 January, total"
A,DE1001V,NL003C,2023,73949,,,NL003C,NL,,2023,population_total,"Population on 1 January, total"
A,DE1001V,NL004C,2016,198077,b,,NL004C,NL,,2016,population_total,"Population on 1 January, total"
A,DE1001V,NL004C,2019,207904,,,NL004C,NL,,2019,population_total,"Population on 1 January, total"
A,DE1001V,NL004C,2020,211893,,,NL004C,NL,,2020,population_total,"Population on 1 January, total"
A,DE1001V,NL004C,2021,214715,,,NL004C,NL,,2021,population_total,"Population on 1 January, total"
A,DE1001V,NL004C,2022,217828,,,NL004C,NL,,2022,population_total,"Population on 1 January, total"
A,DE1001V,NL004C,2023,222825,,,NL004C,NL,,2023,population_total,"Population on 1 January, total"
A,DE1001V,NL005C,2016,107943,b,,NL005C,NL,,2016,population_total,"Population on 1 January, total"
A,DE1001V,NL005C,2019,110986,,,NL005C,NL,,2019,population_total,"Population on 1 January, total"
A,DE1001V,NL005C,2020,111897,,,NL005C,NL,,2020,population_total,"Population on 1 January, total"
A,DE1001V,NL005C,2021,112587,,,NL005C,NL,,2021,population_total,"Population on 1 January, total"
A,DE1001V,NL005C,2022,112926,,,NL005C,NL,,2022,population_total,"Population on 1 January, total"
A,DE1001V,NL005C,2023,114182,,,NL005C,NL,,2023,population_total,"Population on 1 January, total"
A,DE1001V,NL006C,2016,153586,b,,NL006C,NL,,2016,population_total,"Population on 1 January, total"
A,DE1001V,NL006C,2019,156286,,,NL006C,NL,,2019,population_total,"Population on 1 January, total"
A,DE1001V,NL006C,2020,157276,,,NL006C,NL,,2020,population_total,"Population on 1 January, total"
A,DE1001V,NL006C,2021,157462,,,NL006C,NL,,2021,population_total,"Population on 1 January, total"
A,DE1001V,NL006C,2022,158590,,,NL006C,NL,,2022,population_total,"Population on 1 January, total"
A,DE1001V,NL006C,2023,160759,,,NL006C,NL,,2023,population_total,"Population on 1 January, total"
A,DE1001V,NL007C,2016,159050,b,,NL007C,NL,,2016,population_total,"Population on 1 January, total"
A,DE1001V,NL007C,2019,162445,,,NL007C,NL,,2019,population_total,"Population on 1 January, total"
A,DE1001V,NL007C,2020,163818,,,NL007C,NL,,2020,population_total,"Population on 1 January, total"
A,DE1001V,NL007C,2021,164781,,,NL007C,NL,,2021,population_total,"Population on 1 January, total"
A,DE1001V,NL007C,2022,165611,,,NL007C,NL,,2022,population_total,"Population on 1 January, total"
A,DE1001V,NL007C,2023,167191,,,NL007C,NL,,2023,population_total,"Population on 1 January, total"
A,DE1001V,NL008C,2016,168815,b,,NL008C,NL,,2016,population_total,"Population on 1 January, total"
A,DE1001V,NL008C,2019,174209,,,NL008C,NL,,2019,population_total,"Population on 1 January, total"
A,DE1001V,NL008C,2020,176319,,,NL008C,NL,,2020,population_total,"Population on 1 January, total"
A,DE1001V,NL008C,2021,177438,,,NL008C,NL,,2021,population_total,"Population on 1 January, total"
A,DE1001V,NL008C,2022,178832,,,NL008C,NL,,2022,population_total,"Population on 1 January, total"
A,DE1001V,NL008C,2023,180884,,,NL008C,NL,,2023,population_total,"Population on 1 January, total"
A,DE1001V,NL009C,2016,67053,b,,NL009C,NL,,2016,population_total,"Population on 1 January, total"
A,DE1001V,NL009C,2019,67963,,,NL009C,NL,,2019,population_total,"Population on 1 January, total"
A,DE1001V,NL009C,2020,68599,,,NL009C,NL,,2020,population_total,"Population on 1 January, total"
A,DE1001V,NL009C,2021,68836,,,NL009C,NL,,2021,population_total,"Population on 1 January, total"
A,DE1001V,NL009C,2022,68979,,,NL009C,NL,,2022,population_total,"Population on 1 January, total"
A,DE1001V,NL009C,2023,69414,,,NL009C,NL,,2023,population_total,"Population on 1 January, total"
A,DE1001V,NL010C,2016,66230,b,,NL010C,NL,,2016,population_total,"Population on 1 January, total"
A,DE1001V,NL010C,2019,66811,,,NL010C,NL,,2019,population_total,"Population on 1 January, total"
A,DE1001V,NL010C,2020,67496,,,NL010C,NL,,2020,population_total,"Population on 1 January, total"
A,DE1001V,NL010C,2021,67514,,,NL010C,NL,,2021,population_total,"Population on 1 January, total"
A,DE1001V,NL010C,2022,67894,,,NL010C,NL,,2022,population_total,"Population on 1 January, total"
A,DE1001V,NL010C,2023,68864,,,NL010C,NL,,2023,population_total,"Population on 1 January, total"
A,DE1001V,NL011C,2016,181349,b,,NL011C,NL,,2016,population_total,"Population on 1 January, total"
A,DE1001V,NL011C,2019,183873,,,NL011C,NL,,2019,population_total,"Population on 1 January, total"
A,DE1001V,NL011C,2020,184069,,,NL011C,NL,,2020,population_total,"Population on 1 January, total"
A,DE1001V,NL011C,2021,184126,,,NL011C,NL,,2021,population_total,"Population on 1 January, total"
A,DE1001V,NL011C,2022,184702,,,NL011C,NL,,2022,population_total,"Population on 1 January, total"
A,DE1001V,NL011C,2023,186438,,,NL011C,NL,,2023,population_total,"Population on 1 January, total"
A,DE1001V,NL012C,2016,98871,b,,NL012C,NL,,2016,population_total,"Population on 1 January, total"
A,DE1001V,NL012C,2019,99957,,,NL012C,NL,,2019,population_total,"Population on 1 January, total"
A,DE1001V,NL012C,2020,100719,,,NL012C,NL,,2020,population_total,"Population on 1 January, total"
A,DE1001V,NL012C,2021,101236,,,NL012C,NL,,2021,population_total,"Population on 1 January, total"
A,DE1001V,NL012C,2022,101446,,,NL012C,NL,,2022,population_total,"Population on 1 January, total"
A,DE1001V,NL012C,2023,102781,,,NL012C,NL,,2023,population_total,"Population on 1 January, total"
A,DE1001V,NL013C,2016,150224,b,,NL013C,NL,,2016,population_total,"Population on 1 January, total"
A,DE1001V,NL013C,2019,154484,,,NL013C,NL,,2019,population_total,"Population on 1 January, total"
A,DE1001V,NL013C,2020,156829,,,NL013C,NL,,2020,population_total,"Population on 1 January, total"
A,DE1001V,NL013C,2021,158165,,,NL013C,NL,,2021,population_total,"Population on 1 January, total"
A,DE1001V,NL013C,2022,159925,,,NL013C,NL,,2022,population_total,"Population on 1 January, total"
A,DE1001V,NL013C,2023,162972,,,NL013C,NL,,2023,population_total,"Population on 1 January, total"
A,DE1001V,NL014C,2016,269061,b,,NL014C,NL,,2016,population_total,"Population on 1 January, total"
A,DE1001V,NL014C,2019,276979,,,NL014C,NL,,2019,population_total,"Population on 1 January, total"
A,DE1001V,NL014C,2020,279860,,,NL014C,NL,,2020,population_total,"Population on 1 January, total"
A,DE1001V,NL014C,2021,281191,,,NL014C,NL,,2021,population_total,"Population on 1 January, total"
A,DE1001V,NL014C,2022,284148,,,NL014C,NL,,2022,population_total,"Population on 1 January, total"
A,DE1001V,NL014C,2023,290147,,,NL014C,NL,,2023,population_total,"Population on 1 January, total"
A,DE1001V,NL015C,2016,158289,b,,NL015C,NL,,2016,population_total,"Population on 1 January, total"
A,DE1001V,NL015C,2019,158986,,,NL015C,NL,,2019,population_total,"Population on 1 January, total"
A,DE1001V,NL015C,2020,159640,,,NL015C,NL,,2020,population_total,"Population on 1 January, total"
A,DE1001V,NL015C,2021,159732,,,NL015C,NL,,2021,population_total,"Population on 1 January, total"
A,DE1001V,NL015C,2022,160640,,,NL015C,NL,,2022,population_total,"Population on 1 January, total"
A,DE1001V,NL015C,2023,161235,,,NL015C,NL,,2023,population_total,"Population on 1 January, total"
A,DE1001V,NL016C,2016,71196,b,,NL016C,NL,,2016,population_total,"Population on 1 January, total"
A,DE1001V,NL016C,2019,73181,,,NL016C,NL,,2019,population_total,"Population on 1 January, total"
A,DE1001V,NL016C,2020,73427,,,NL016C,NL,,2020,population_total,"Population on 1 January, total"
A,DE1001V,NL016C,2021,73681,,,NL016C,NL,,2021,population_total,"Population on 1 January, total"
A,DE1001V,NL016C,2022,74095,,,NL016C,NL,,2022,population_total,"Population on 1 January, total"
A,DE1001V,NL016C,2023,75316,,,NL016C,NL,,2023,population_total,"Population on 1 January, total"
A,DE1001V,NL017C,2016,744315,b,,NL017C,NL,,2016,population_total,"Population on 1 January, total"
A,DE1001V,NL017C,2019,769888,,,NL017C,NL,,2019,population_total,"Population on 1 January, total"
A,DE1001V,NL017C,2020,780417,,,NL017C,NL,,2020,population_total,"Population on 1 January, total"
A,DE1001V,NL017C,2021,783554,,,NL017C,NL,,2021,population_total,"Population on 1 January, total"
A,DE1001V,NL017C,2022,791589,,,NL017C,NL,,2022,population_total,"Population on 1 January, total"
A,DE1001V,NL017C,2023,804675,,,NL017C,NL,,2023,population_total,"Population on 1 January, total"
A,DE1001V,NL018C,2016,200908,b,,NL018C,NL,,2016,population_total,"Population on 1 January, total"
A,DE1001V,NL018C,2019,231299,,,NL018C,NL,,2019,population_total,"Population on 1 January, total"
A,DE1001V,NL018C,2020,232874,,,NL018C,NL,,2020,population_total,"Population on 1 January, total"
A,DE1001V,NL018C,2021,233273,,,NL018C,NL,,2021,population_total,"Population on 1 January, total"
A,DE1001V,NL018C,2022,234950,,,NL018C,NL,,2022,population_total,"Population on 1 January, total"
A,DE1001V,NL018C,2023,238147,,,NL018C,NL,,2023,population_total,"Population on 1 January, total"
A,DE1001V,NL019C,2016,274620,b,,NL019C,NL,,2016,population_total,"Population on 1 January, total"
A,DE1001V,NL019C,2019,280309,,,NL019C,NL,,2019,population_total,"Population on 1 January, total"
A,DE1001V,NL019C,2020,282355,,,NL019C,NL,,2020,population_total,"Population on 1 January, total"
A,DE1001V,NL019C,2021,282183,,,NL019C,NL,,2021,population_total,"Population on 1 January, total"
A,DE1001V,NL019C,2022,282669,,,NL019C,NL,,2022,population_total,"Population on 1 January, total"
A,DE1001V,NL019C,2023,285886,,,NL019C,NL,,2023,population_total,"Population on 1 January, total"
A,DE1001V,NL020C,2016,144505,b,,NL020C,NL,,2016,population_total,"Population on 1 January, total"
A,DE1001V,NL020C,2019,154235,,,NL020C,NL,,2019,population_total,"Population on 1 January, total"
A,DE1001V,NL020C,2020,156002,,,NL020C,NL,,2020,population_total,"Population on 1 January, total"
A,DE1001V,NL020C,2021,157789,,,NL020C,NL,,2021,population_total,"Population on 1 January, total"
A,DE1001V,NL020C,2022,159336,,,NL020C,NL,,2022,population_total,"Population on 1 January, total"
A,DE1001V,NL020C,2023,162300,,,NL020C,NL,,2023,population_total,"Population on 1 January, total"
A,DE1001V,NL021C,2016,92965,b,,NL021C,NL,,2016,population_total,"Population on 1 January, total"
A,DE1001V,NL021C,2019,93868,,,NL021C,NL,,2019,population_total,"Population on 1 January, total"
A,DE1001V,NL021C,2020,94474,,,NL021C,NL,,2020,population_total,"Population on 1 January, total"
A,DE1001V,NL021C,2021,94686,,,NL021C,NL,,2021,population_total,"Population on 1 January, total"
A,DE1001V,NL021C,2022,94836,,,NL021C,NL,,2022,population_total,"Population on 1 January, total"
A,DE1001V,NL021C,2023,95614,,,NL021C,NL,,2023,population_total,"Population on 1 January, total"
A,DE1001V,NL022C,2016,199324,b,,NL022C,NL,,2016,population_total,"Population on 1 January, total"
A,DE1001V,NL022C,2019,198168,,,NL022C,NL,,2019,population_total,"Population on 1 January, total"
A,DE1001V,NL022C,2020,198101,,,NL022C,NL,,2020,population_total,"Population on 1 January, total"
A,DE1001V,NL022C,2021,197310,,,NL022C,NL,,2021,population_total,"Population on 1 January, total"
A,DE1001V,NL022C,2022,196866,,,NL022C,NL,,2022,population_total,"Population on 1 January, total"
A,DE1001V,NL022C,2023,197599,,,NL022C,NL,,2023,population_total,"Population on 1 January, total"
A,DE1001V,NL023C,2016,90133,b,,NL023C,NL,,2016,population_total,"Population on 1 January, total"
A,DE1001V,NL023C,2019,91524,,,NL023C,NL,,2019,population_total,"Population on 1 January, total"
A,DE1001V,NL023C,2020,92423,,,NL023C,NL,,2020,population_total,"Population on 1 January, total"
A,DE1001V,NL023C,2021,92627,,,NL023C,NL,,2021,population_total,"Population on 1 January, total"
A,DE1001V,NL023C,2022,93476,,,NL023C,NL,,2022,population_total,"Population on 1 January, total"
A,DE1001V,NL023C,2023,94898,,,NL023C,NL,,2023,population_total,"Population on 1 January, total"
A,DE1001V,NL024C,2016,81051,b,,NL024C,NL,,2016,population_total,"Population on 1 January, total"
A,DE1001V,NL024C,2019,80683,,,NL024C,NL,,2019,population_total,"Population on 1 January, total"
A,DE1001V,NL024C,2020,81140,,,NL024C,NL,,2020,population_total,"Population on 1 January, total"
A,DE1001V,NL024C,2021,81049,,,NL024C,NL,,2021,population_total,"Population on 1 January, total"
A,DE1001V,NL024C,2022,81476,,,NL024C,NL,,2022,population_total,"Population on 1 January, total"
A,DE1001V,NL024C,2023,82311,,,NL024C,NL,,2023,population_total,"Population on 1 January, total"
A,DE1001V,NL025C,2016,151635,b,,NL025C,NL,,2016,population_total,"Population on 1 January, total"
A,DE1001V,NL025C,2019,154205,,,NL025C,NL,,2019,population_total,"Population on 1 January, total"
A,DE1001V,NL025C,2020,155111,,,NL025C,NL,,2020,population_total,"Population on 1 January, total"
A,DE1001V,NL025C,2021,155490,,,NL025C,NL,,2021,population_total,"Population on 1 January, total"
A,DE1001V,NL025C,2022,156538,,,NL025C,NL,,2022,population_total,"Population on 1 January, total"
A,DE1001V,NL025C,2023,158753,,,NL025C,NL,,2023,population_total,"Population on 1 January, total"
A,DE1001V,NL026C,2016,87822,b,,NL026C,NL,,2016,population_total,"Population on 1 January, total"
A,DE1001V,NL026C,2019,90238,,,NL026C,NL,,2019,population_total,"Population on 1 January, total"
A,DE1001V,NL026C,2020,90831,,,NL026C,NL,,2020,population_total,"Population on 1 January, total"
A,DE1001V,NL026C,2021,91235,,,NL026C,NL,,2021,population_total,"Population on 1 January, total"
A,DE1001V,NL026C,2022,91733,,,NL026C,NL,,2022,population_total,"Population on 1 January, total"
A,DE1001V,NL026C,2023,93345,,,NL026C,NL,,2023,population_total,"Population on 1 January, total"
A,DE1001V,NL027C,2016,72172,b,,NL027C,NL,,2016,population_total,"Population on 1 January, total"
A,DE1001V,NL027C,2019,73004,,,NL027C,NL,,2019,population_total,"Population on 1 January, total"
A,DE1001V,NL027C,2020,73261,,,NL027C,NL,,2020,population_total,"Population on 1 January, total"
A,DE1001V,NL027C,2021,73619,,,NL027C,NL,,2021,population_total,"Population on 1 January, total"
A,DE1001V,NL027C,2022,74298,,,NL027C,NL,,2022,population_total,"Population on 1 January, total"
A,DE1001V,NL027C,2023,75216,,,NL027C,NL,,2023,population_total,"Population on 1 January, total"
A,DE1001V,NL028C,2016,107868,b,,NL028C,NL,,2016,population_total,"Population on 1 January, total"
A,DE1001V,NL028C,2019,123107,,,NL028C,NL,,2019,population_total,"Population on 1 January, total"
A,DE1001V,NL028C,2020,124084,,,NL028C,NL,,2020,population_total,"Population on 1 January, total"
A,DE1001V,NL028C,2021,124481,,,NL028C,NL,,2021,population_total,"Population on 1 January, total"
A,DE1001V,NL028C,2022,125504,,,NL028C,NL,,2022,population_total,"Population on 1 January, total"
A,DE1001V,NL028C,2023,127073,,,NL028C,NL,,2023,population_total,"Population on 1 January, total"
A,DE1001V,NL029C,2016,262145,b,,NL029C,NL,,2016,population_total,"Population on 1 January, total"
A,DE1001V,NL029C,2019,267215,,,NL029C,NL,,2019,population_total,"Population on 1 January, total"
A,DE1001V,NL029C,2020,268344,,,NL029C,NL,,2020,population_total,"Population on 1 January, total"
A,DE1001V,NL029C,2021,268179,,,NL029C,NL,,2021,population_total,"Population on 1 January, total"
A,DE1001V,NL029C,2022,269696,,,NL029C,NL,,2022,population_total,"Population on 1 January, total"
A,DE1001V,NL029C,2023,272764,,,NL029C,NL,,2023,population_total,"Population on 1 January, total"
A,DE1001V,NL030C,2016,76777,b,,NL030C,NL,,2016,population_total,"Population on 1 January, total"
A,DE1001V,NL030C,2019,77893,,,NL030C,NL,,2019,population_total,"Population on 1 January, total"
A,DE1001V,NL030C,2020,78598,,,NL030C,NL,,2020,population_total,"Population on 1 January, total"
A,DE1001V,NL030C,2021,79811,,,NL030C,NL,,2021,population_total,"Population on 1 January, total"
A,DE1001V,NL030C,2022,81214,,,NL030C,NL,,2022,population_total,"Population on 1 January, total"
A,DE1001V,NL030C,2023,83033,,,NL030C,NL,,2023,population_total,"Population on 1 January, total"
A,DE1001V,NL031C,2016,122473,b,,NL031C,NL,,2016,population_total,"Population on 1 January, total"
A,DE1001V,NL031C,2019,121565,,,NL031C,NL,,2019,population_total,"Population on 1 January, total"
A,DE1001V,NL031C,2020,121575,,,NL031C,NL,,2020,population_total,"Population on 1 January, total"
A,DE1001V,NL031C,2021,120227,,,NL031C,NL,,2021,population_total,"Population on 1 January, total"
A,DE1001V,NL031C,2022,121151,,,NL031C,NL,,2022,population_total,"Population on 1 January, total"
A,DE1001V,NL031C,2023,122734,,,NL031C,NL,,2023,population_total,"Population on 1 January, total"
A,DE1001V,NL032C,2016,92314,b,,NL032C,NL,,2016,population_total,"Population on 1 January, total"
A,DE1001V,NL032C,2019,92915,,,NL032C,NL,,2019,population_total,"Population on 1 January, total"
A,DE1001V,NL032C,2020,93182,,,NL032C,NL,,2020,population_total,"Population on 1 January, total"
A,DE1001V,NL032C,2021,93322,,,NL032C,NL,,2021,population_total,"Population on 1 January, total"
A,DE1001V,NL032C,2022,93784,,,NL032C,NL,,2022,population_total,"Population on 1 January, total"
A,DE1001V,NL032C,2023,95106,,,NL032C,NL,,2023,population_total,"Population on 1 January, total"
A,DE1001V,NL033C,2016,172082,b,,NL033C,NL,,2016,population_total,"Population on 1 January, total"
A,DE1001V,NL033C,2019,176731,,,NL033C,NL,,2019,population_total,"Population on 1 January, total"
A,DE1001V,NL033C,2020,177659,,,NL033C,NL,,2020,population_total,"Population on 1 January, total"
A,DE1001V,NL033C,2021,177359,,,NL033C,NL,,2021,population_total,"Population on 1 January, total"
A,DE1001V,NL033C,2022,179100,,,NL033C,NL,,2022,population_total,"Population on 1 January, total"
A,DE1001V,NL033C,2023,182480,,,NL033C,NL,,2023,population_total,"Population on 1 January, total"
A,DE1001V,NL034C,2016,134093,b,,NL034C,NL,,2016,population_total,"Population on 1 January, total"
A,DE1001V,NL034C,2019,110068,,,NL034C,NL,,2019,population_total,"Population on 1 January, total"
A,DE1001V,NL034C,2020,110809,,,NL034C,NL,,2020,population_total,"Population on 1 January, total"
A,DE1001V,NL034C,2021,111254,,,NL034C,NL,,2021,population_total,"Population on 1 January, total"
A,DE1001V,NL034C,2022,112266,,,NL034C,NL,,2022,population_total,"Population on 1 January, total"
A,DE1001V,NL034C,2023,113190,,,NL034C,NL,,2023,population_total,"Population on 1 January, total"
A,DE1001V,NL035C,2016,90006,b,,NL035C,NL,,2016,population_total,"Population on 1 January, total"
A,DE1001V,NL035C,2019,91451,,,NL035C,NL,,2019,population_total,"Population on 1 January, total"
A,DE1001V,NL035C,2020,91915,,,NL035C,NL,,2020,population_total,"Population on 1 January, total"
A,DE1001V,NL035C,2021,92526,,,NL035C,NL,,2021,population_total,"Population on 1 January, total"
A,DE1001V,NL035C,2022,93307,,,NL035C,NL,,2022,population_total,"Population on 1 January, total"
A,DE1001V,NL035C,2023,94437,,,NL035C,NL,,2023,population_total,"Population on 1 January, total"
A,DE1001V,NL036C,2016,79885,b,,NL036C,NL,,2016,population_total,"Population on 1 January, total"
A,DE1001V,NL036C,2019,80117,,,NL036C,NL,,2019,population_total,"Population on 1 January, total"
A,DE1001V,NL036C,2020,81249,,,NL036C,NL,,2020,population_total,"Population on 1 January, total"
A,DE1001V,NL036C,2021,81683,,,NL036C,NL,,2021,population_total,"Population on 1 January, total"
A,DE1001V,NL036C,2022,92240,,,NL036C,NL,,2022,population_total,"Population on 1 January, total"
A,DE1001V,NL036C,2023,93992,,,NL036C,NL,,2023,population_total,"Population on 1 January, total"
A,DE1001V,NL037C,2016,1210065,b,,NL037C,NL,,2016,population_total,"Population on 1 January, total"
A,DE1001V,NL037C,2019,1232747,,,NL037C,NL,,2019,population_total,"Population on 1 January, total"
A,DE1001V,NL037C,2020,1242359,,,NL037C,NL,,2020,population_total,"Population on 1 January, total"
A,DE1001V,NL037C,2021,1244332,,,NL037C,NL,,2021,population_total,"Population on 1 January, total"
A,DE1001V,NL037C,2022,1249955,,,NL037C,NL,,2022,population_total,"Population on 1 January, total"
A,DE1001V,NL037C,2023,1264220,,,NL037C,NL,,2023,population_total,"Population on 1 January, total"
A,DE1001V,NL038C,2016,76948,b,,NL038C,NL,,2016,population_total,"Population on 1 January, total"
A,DE1001V,NL038C,2019,77032,,,NL038C,NL,,2019,population_total,"Population on 1 January, total"
A,DE1001V,NL038C,2020,77251,,,NL038C,NL,,2020,population_total,"Population on 1 January, total"
A,DE1001V,NL038C,2021,77200,,,NL038C,NL,,2021,population_total,"Population on 1 January, total"
A,DE1001V,NL038C,2022,77244,,,NL038C,NL,,2022,population_total,"Population on 1 January, total"
A,DE1001V,NL038C,2023,77613,,,NL038C,NL,,2023,population_total,"Population on 1 January, total"
A,DE1001V,NL039C,2016,118598,b,,NL039C,NL,,2016,population_total,"Population on 1 January, total"
A,DE1001V,NL039C,2019,117622,,,NL039C,NL,,2019,population_total,"Population on 1 January, total"
A,DE1001V,NL039C,2020,117436,,,NL039C,NL,,2020,population_total,"Population on 1 January, total"
A,DE1001V,NL039C,2021,116618,,,NL039C,NL,,2021,population_total,"Population on 1 January, total"
A,DE1001V,NL039C,2022,116522,,,NL039C,NL,,2022,population_total,"Population on 1 January, total"
A,DE1001V,NL039C,2023,117006,,,NL039C,NL,,2023,population_total,"Population on 1 January, total"
A,DE1001V,NL040C,2016,70013,b,,NL040C,NL,,2016,population_total,"Population on 1 January, total"
A,DE1001V,NL040C,2019,70961,,,NL040C,NL,,2019,population_total,"Population on 1 January, total"
A,DE1001V,NL040C,2020,71474,,,NL040C,NL,,2020,population_total,"Population on 1 January, total"
A,DE1001V,NL040C,2021,71698,,,NL040C,NL,,2021,population_total,"Population on 1 January, total"
A,DE1001V,NL040C,2022,71989,,,NL040C,NL,,2022,population_total,"Population on 1 January, total"
A,DE1001V,NL040C,2023,72447,,,NL040C,NL,,2023,population_total,"Population on 1 January, total"
A,DE1001V,NL041C,2016,212915,b,,NL041C,NL,,2016,population_total,"Population on 1 January, total"
A,DE1001V,NL041C,2019,217259,,,NL041C,NL,,2019,population_total,"Population on 1 January, total"
A,DE1001V,NL041C,2020,219789,,,NL041C,NL,,2020,population_total,"Population on 1 January, total"
A,DE1001V,NL041C,2021,221947,,,NL041C,NL,,2021,population_total,"Population on 1 January, total"
A,DE1001V,NL041C,2022,224459,,,NL041C,NL,,2022,population_total,"Population on 1 January, total"
A,DE1001V,NL041C,2023,227707,,,NL041C,NL,,2023,population_total,"Population on 1 January, total"
A,DE1001V,NL042C,2016,434777,b,,NL042C,NL,,2016,population_total,"Population on 1 January, total"
A,DE1001V,NL042C,2019,450062,,,NL042C,NL,,2019,population_total,"Population on 1 January, total"
A,DE1001V,NL042C,2020,455168,,,NL042C,NL,,2020,population_total,"Population on 1 January, total"
A,DE1001V,NL042C,2021,457055,,,NL042C,NL,,2021,population_total,"Population on 1 January, total"
A,DE1001V,NL042C,2022,459682,,,NL042C,NL,,2022,population_total,"Population on 1 January, total"
A,DE1001V,NL042C,2023,466865,,,NL042C,NL,,2023,population_total,"Population on 1 January, total"
A,DE1001V,NL043C,2016,63810,b,,NL043C,NL,,2016,population_total,"Population on 1 January, total"
A,DE1001V,NL043C,2019,65589,,,NL043C,NL,,2019,population_total,"Population on 1 January, total"
A,DE1001V,NL043C,2020,66493,,,NL043C,NL,,2020,population_total,"Population on 1 January, total"
A,DE1001V,NL043C,2021,66912,,,NL043C,NL,,2021,population_total,"Population on 1 January, total"
A,DE1001V,NL043C,2022,67671,,,NL043C,NL,,2022,population_total,"Population on 1 January, total"
A,DE1001V,NL043C,2023,68525,,,NL043C,NL,,2023,population_total,"Population on 1 January, total"
A,DE1001V,NL044C,2016,100352,b,,NL044C,NL,,2016,population_total,"Population on 1 January, total"
A,DE1001V,NL044C,2019,101603,,,NL044C,NL,,2019,population_total,"Population on 1 January, total"
A,DE1001V,NL044C,2020,101802,,,NL044C,NL,,2020,population_total,"Population on 1 January, total"
A,DE1001V,NL044C,2021,101988,,,NL044C,NL,,2021,population_total,"Population on 1 January, total"
A,DE1001V,NL044C,2022,102136,,,NL044C,NL,,2022,population_total,"Population on 1 January, total"
A,DE1001V,NL044C,2023,103328,,,NL044C,NL,,2023,population_total,"Population on 1 January, total"
A,DE1001V,NL045C,2016,152419,b,,NL045C,NL,,2016,population_total,"Population on 1 January, total"
A,DE1001V,NL045C,2019,155885,,,NL045C,NL,,2019,population_total,"Population on 1 January, total"
A,DE1001V,NL045C,2020,156794,,,NL045C,NL,,2020,population_total,"Population on 1 January, total"
A,DE1001V,NL045C,2021,156901,,,NL045C,NL,,2021,population_total,"Population on 1 January, total"
A,DE1001V,NL045C,2022,157166,,,NL045C,NL,,2022,population_total,"Population on 1 January, total"
A,DE1001V,NL045C,2023,159618,,,NL045C,NL,,2023,population_total,"Population on 1 January, total"
A,DE1001V,NL046C,2016,124088,b,,NL046C,NL,,2016,population_total,"Population on 1 January, total"
A,DE1001V,NL046C,2019,124944,,,NL046C,NL,,2019,population_total,"Population on 1 January, total"
A,DE1001V,NL046C,2020,125285,,,NL046C,NL,,2020,population_total,"Population on 1 January, total"
A,DE1001V,NL046C,2021,125267,,,NL046C,NL,,2021,population_total,"Population on 1 January, total"
A,DE1001V,NL046C,2022,125767,,,NL046C,NL,,2022,population_total,"Population on 1 January, total"
A,DE1001V,NL046C,2023,126998,,,NL046C,NL,,2023,population_total,"Population on 1 January, total"
A,DE1001V,NL047C,2016,124897,b,,NL047C,NL,,2016,population_total,"Population on 1 January, total"
A,DE1001V,NL047C,2019,127497,,,NL047C,NL,,2019,population_total,"Population on 1 January, total"
A,DE1001V,NL047C,2020,128840,,,NL047C,NL,,2020,population_total,"Population on 1 January, total"
A,DE1001V,NL047C,2021,129840,,,NL047C,NL,,2021,population_total,"Population on 1 January, total"
A,DE1001V,NL047C,2022,130668,,,NL047C,NL,,2022,population_total,"Population on 1 January, total"
A,DE1001V,NL047C,2023,132411,,,NL047C,NL,,2023,population_total,"Population on 1 January, total"
A,DE1001V,NO001C,2022,699827,,,NO001C,NO,,2022,population_total,"Population on 1 January, total"
A,DE1001V,NO001C,2023,699827,,,NO001C,NO,,2023,population_total,"Population on 1 January, total"
A,DE1001V,NO002C,2022,144699,,,NO002C,NO,,2022,population_total,"Population on 1 January, total"
A,DE1001V,NO002C,2023,144699,,,NO002C,NO,,2023,population_total,"Population on 1 January, total"
A,DE1001V,NO003C,2022,286930,,,NO003C,NO,,2022,population_total,"Population on 1 January, total"
A,DE1001V,NO003C,2023,286930,,,NO003C,NO,,2023,population_total,"Population on 1 January, total"
A,DE1001V,NO004C,2022,210496,,,NO004C,NO,,2022,population_total,"Population on 1 January, total"
A,DE1001V,PL,2017,38433558,d,,PL,PL,,2017,population_total,"Population on 1 January, total"
A,DE1001V,PL,2018,38411148,d,,PL,PL,,2018,population_total,"Population on 1 January, total"
A,DE1001V,PL,2019,38382576,e,,PL,PL,,2019,population_total,"Population on 1 January, total"
A,DE1001V,PL,2020,38088564,e,,PL,PL,,2020,population_total,"Population on 1 January, total"
A,DE1001V,PL,2021,37907704,e,,PL,PL,,2021,population_total,"Population on 1 January, total"
A,DE1001V,PL001C,2017,1764615,d,,PL001C,PL,,2017,population_total,"Population on 1 January, total"
A,DE1001V,PL001C,2018,1777972,d,,PL001C,PL,,2018,population_total,"Population on 1 January, total"
A,DE1001V,PL001C,2019,1790658,e,,PL001C,PL,,2019,population_total,"Population on 1 January, total"
A,DE1001V,PL001C,2020,1861774,e,,PL001C,PL,,2020,population_total,"Population on 1 January, total"
A,DE1001V,PL001C,2021,1863056,e,,PL001C,PL,,2021,population_total,"Population on 1 January, total"
A,DE1001V,PL002C,2017,690422,d,,PL002C,PL,,2017,population_total,"Population on 1 January, total"
A,DE1001V,PL002C,2018,685285,d,,PL002C,PL,,2018,population_total,"Population on 1 January, total"
A,DE1001V,PL002C,2019,679941,e,,PL002C,PL,,2019,population_total,"Population on 1 January, total"
A,DE1001V,PL002C,2020,673003,e,,PL002C,PL,,2020,population_total,"Population on 1 January, total"
A,DE1001V,PL002C,2021,664860,e,,PL002C,PL,,2021,population_total,"Population on 1 January, total"
A,DE1001V,PL003C,2017,767348,d,,PL003C,PL,,2017,population_total,"Population on 1 January, total"
A,DE1001V,PL003C,2018,771069,d,,PL003C,PL,,2018,population_total,"Population on 1 January, total"
A,DE1001V,PL003C,2019,779115,e,,PL003C,PL,,2019,population_total,"Population on 1 January, total"
A,DE1001V,PL003C,2020,800531,e,,PL003C,PL,,2020,population_total,"Population on 1 January, total"
A,DE1001V,PL003C,2021,802583,e,,PL003C,PL,,2021,population_total,"Population on 1 January, total"
A,DE1001V,PL004C,2017,638586,d,,PL004C,PL,,2017,population_total,"Population on 1 January, total"
A,DE1001V,PL004C,2018,640648,d,,PL004C,PL,,2018,population_total,"Population on 1 January, total"
A,DE1001V,PL004C,2019,642869,e,,PL004C,PL,,2019,population_total,"Population on 1 January, total"
A,DE1001V,PL004C,2020,673592,e,,PL004C,PL,,2020,population_total,"Population on 1 January, total"
A,DE1001V,PL004C,2021,674312,e,,PL004C,PL,,2021,population_total,"Population on 1 January, total"
A,DE1001V,PL005C,2017,538633,d,,PL005C,PL,,2017,population_total,"Population on 1 January, total"
A,DE1001V,PL005C,2018,536438,d,,PL005C,PL,,2018,population_total,"Population on 1 January, total"
A,DE1001V,PL005C,2019,534813,e,,PL005C,PL,,2019,population_total,"Population on 1 January, total"
A,DE1001V,PL005C,2020,547777,e,,PL005C,PL,,2020,population_total,"Population on 1 January, total"
A,DE1001V,PL005C,2021,545073,e,,PL005C,PL,,2021,population_total,"Population on 1 January, total"
A,DE1001V,PL006C,2017,464254,d,,PL006C,PL,,2017,population_total,"Population on 1 January, total"
A,DE1001V,PL006C,2018,466631,d,,PL006C,PL,,2018,population_total,"Population on 1 January, total"
A,DE1001V,PL006C,2019,470907,e,,PL006C,PL,,2019,population_total,"Population on 1 January, total"
A,DE1001V,PL006C,2020,486542,e,,PL006C,PL,,2020,population_total,"Population on 1 January, total"
A,DE1001V,PL006C,2021,486271,e,,PL006C,PL,,2021,population_total,"Population on 1 January, total"
A,DE1001V,PL007C,2017,403883,d,,PL007C,PL,,2017,population_total,"Population on 1 January, total"
A,DE1001V,PL007C,2018,402465,d,,PL007C,PL,,2018,population_total,"Population on 1 January, total"
A,DE1001V,PL007C,2019,401907,e,,PL007C,PL,,2019,population_total,"Population on 1 January, total"
A,DE1001V,PL007C,2020,397289,e,,PL007C,PL,,2020,population_total,"Population on 1 January, total"
A,DE1001V,PL007C,2021,394482,e,,PL007C,PL,,2021,population_total,"Population on 1 January, total"
A,DE1001V,PL008C,2017,352313,d,,PL008C,PL,,2017,population_total,"Population on 1 January, total"
A,DE1001V,PL008C,2018,350178,d,,PL008C,PL,,2018,population_total,"Population on 1 January, total"
A,DE1001V,PL008C,2019,348190,e,,PL008C,PL,,2019,population_total,"Population on 1 January, total"
A,DE1001V,PL008C,2020,339068,e,,PL008C,PL,,2020,population_total,"Population on 1 January, total"
A,DE1001V,PL008C,2021,334026,e,,PL008C,PL,,2021,population_total,"Population on 1 January, total"
A,DE1001V,PL009C,2017,339850,d,,PL009C,PL,,2017,population_total,"Population on 1 January, total"
A,DE1001V,PL009C,2018,339682,d,,PL009C,PL,,2018,population_total,"Population on 1 January, total"
A,DE1001V,PL009C,2019,339784,e,,PL009C,PL,,2019,population_total,"Population on 1 January, total"
A,DE1001V,PL009C,2020,335114,e,,PL009C,PL,,2020,population_total,"Population on 1 January, total"
A,DE1001V,PL009C,2021,332852,e,,PL009C,PL,,2021,population_total,"Population on 1 January, total"
A,DE1001V,PL010C,2017,296262,d,,PL010C,PL,,2017,population_total,"Population on 1 January, total"
A,DE1001V,PL010C,2018,294510,d,,PL010C,PL,,2018,population_total,"Population on 1 January, total"
A,DE1001V,PL010C,2019,292774,e,,PL010C,PL,,2019,population_total,"Population on 1 January, total"
A,DE1001V,PL010C,2020,286369,e,,PL010C,PL,,2020,population_total,"Population on 1 January, total"
A,DE1001V,PL010C,2021,282755,e,,PL010C,PL,,2021,population_total,"Population on 1 January, total"
A,DE1001V,PL011C,2017,297288,d,,PL011C,PL,,2017,population_total,"Population on 1 January, total"
A,DE1001V,PL011C,2018,297459,d,,PL011C,PL,,2018,population_total,"Population on 1 January, total"
A,DE1001V,PL011C,2019,297554,e,,PL011C,PL,,2019,population_total,"Population on 1 January, total"
A,DE1001V,PL011C,2020,294675,e,,PL011C,PL,,2020,population_total,"Population on 1 January, total"
A,DE1001V,PL011C,2021,293413,e,,PL011C,PL,,2021,population_total,"Population on 1 January, total"
A,DE1001V,PL012C,2017,196804,d,,PL012C,PL,,2017,population_total,"Population on 1 January, total"
A,DE1001V,PL012C,2018,195774,d,,PL012C,PL,,2018,population_total,"Population on 1 January, total"
A,DE1001V,PL012C,2019,194852,e,,PL012C,PL,,2019,population_total,"Population on 1 January, total"
A,DE1001V,PL012C,2020,187427,e,,PL012C,PL,,2020,population_total,"Population on 1 January, total"
A,DE1001V,PL012C,2021,185478,e,,PL012C,PL,,2021,population_total,"Population on 1 January, total"
A,DE1001V,PL013C,2017,202562,d,,PL013C,PL,,2017,population_total,"Population on 1 January, total"
A,DE1001V,PL013C,2018,202074,d,,PL013C,PL,,2018,population_total,"Population on 1 January, total"
A,DE1001V,PL013C,2019,201447,e,,PL013C,PL,,2019,population_total,"Population on 1 January, total"
A,DE1001V,PL013C,2020,198801,e,,PL013C,PL,,2020,population_total,"Population on 1 January, total"
A,DE1001V,PL013C,2021,197112,e,,PL013C,PL,,2021,population_total,"Population on 1 January, total"
A,DE1001V,PL014C,2017,173070,d,,PL014C,PL,,2017,population_total,"Population on 1 January, total"
A,DE1001V,PL014C,2018,172362,d,,PL014C,PL,,2018,population_total,"Population on 1 January, total"
A,DE1001V,PL014C,2019,171979,e,,PL014C,PL,,2019,population_total,"Population on 1 January, total"
A,DE1001V,PL014C,2020,170706,e,,PL014C,PL,,2020,population_total,"Population on 1 January, total"
A,DE1001V,PL014C,2021,169251,e,,PL014C,PL,,2021,population_total,"Population on 1 January, total"
A,DE1001V,PL015C,2017,189662,d,,PL015C,PL,,2017,population_total,"Population on 1 January, total"
A,DE1001V,PL015C,2018,191564,d,,PL015C,PL,,2018,population_total,"Population on 1 January, total"
A,DE1001V,PL015C,2019,196208,e,,PL015C,PL,,2019,population_total,"Population on 1 January, total"
A,DE1001V,PL015C,2020,194374,e,,PL015C,PL,,2020,population_total,"Population on 1 January, total"
A,DE1001V,PL015C,2021,196374,e,,PL015C,PL,,2021,population_total,"Population on 1 January, total"
A,DE1001V,PL016C,2017,128140,d,,PL016C,PL,,2017,population_total,"Population on 1 January, total"
A,DE1001V,PL016C,2018,128137,d,,PL016C,PL,,2018,population_total,"Population on 1 January, total"
A,DE1001V,PL016C,2019,128035,e,,PL016C,PL,,2019,population_total,"Population on 1 January, total"
A,DE1001V,PL016C,2020,127540,e,,PL016C,PL,,2020,population_total,"Population on 1 January, total"
A,DE1001V,PL016C,2021,126775,e,,PL016C,PL,,2021,population_total,"Population on 1 January, total"
A,DE1001V,PL017C,2017,124295,d,,PL017C,PL,,2017,population_total,"Population on 1 January, total"
A,DE1001V,PL017C,2018,123921,d,,PL017C,PL,,2018,population_total,"Population on 1 January, total"
A,DE1001V,PL017C,2019,123609,e,,PL017C,PL,,2019,population_total,"Population on 1 January, total"
A,DE1001V,PL017C,2020,120526,e,,PL017C,PL,,2020,population_total,"Population on 1 January, total"
A,DE1001V,PL017C,2021,118011,e,,PL017C,PL,,2021,population_total,"Population on 1 January, total"
A,DE1001V,PL018C,2017,139819,d,,PL018C,PL,,2017,population_total,"Population on 1 January, total"
A,DE1001V,PL018C,2018,140297,d,,PL018C,PL,,2018,population_total,"Population on 1 January, total"
A,DE1001V,PL018C,2019,141222,e,,PL018C,PL,,2019,population_total,"Population on 1 January, total"
A,DE1001V,PL018C,2020,140148,e,,PL018C,PL,,2020,population_total,"Population on 1 January, total"
A,DE1001V,PL018C,2021,139667,e,,PL018C,PL,,2021,population_total,"Population on 1 January, total"
A,DE1001V,PL019C,2017,80072,d,,PL019C,PL,,2017,population_total,"Population on 1 January, total"
A,DE1001V,PL019C,2018,79480,d,,PL019C,PL,,2018,population_total,"Population on 1 January, total"
A,DE1001V,PL019C,2019,79061,e,,PL019C,PL,,2019,population_total,"Population on 1 January, total"
A,DE1001V,PL019C,2020,77538,e,,PL019C,PL,,2020,population_total,"Population on 1 January, total"
A,DE1001V,PL019C,2021,76570,e,,PL019C,PL,,2021,population_total,"Population on 1 January, total"
A,DE1001V,PL020C,2017,84041,d,,PL020C,PL,,2017,population_total,"Population on 1 January, total"
A,DE1001V,PL020C,2018,83896,d,,PL020C,PL,,2018,population_total,"Population on 1 January, total"
A,DE1001V,PL020C,2019,83794,e,,PL020C,PL,,2019,population_total,"Population on 1 January, total"
A,DE1001V,PL020C,2020,81435,e,,PL020C,PL,,2020,population_total,"Population on 1 January, total"
A,DE1001V,PL020C,2021,80979,e,,PL020C,PL,,2021,population_total,"Population on 1 January, total"
A,DE1001V,PL021C,2017,69554,d,,PL021C,PL,,2017,population_total,"Population on 1 January, total"
A,DE1001V,PL021C,2018,69827,d,,PL021C,PL,,2018,population_total,"Population on 1 January, total"
A,DE1001V,PL021C,2019,69758,e,,PL021C,PL,,2019,population_total,"Population on 1 January, total"
A,DE1001V,PL021C,2020,69273,e,,PL021C,PL,,2020,population_total,"Population on 1 January, total"
A,DE1001V,PL021C,2021,68839,e,,PL021C,PL,,2021,population_total,"Population on 1 January, total"
A,DE1001V,PL022C,2017,74834,d,,PL022C,PL,,2017,population_total,"Population on 1 January, total"
A,DE1001V,PL022C,2018,74151,d,,PL022C,PL,,2018,population_total,"Population on 1 January, total"
A,DE1001V,PL022C,2019,73522,e,,PL022C,PL,,2019,population_total,"Population on 1 January, total"
A,DE1001V,PL022C,2020,70162,e,,PL022C,PL,,2020,population_total,"Population on 1 January, total"
A,DE1001V,PL022C,2021,69069,e,,PL022C,PL,,2021,population_total,"Population on 1 January, total"
A,DE1001V,PL023C,2017,62243,d,,PL023C,PL,,2017,population_total,"Population on 1 January, total"
A,DE1001V,PL023C,2018,62456,d,,PL023C,PL,,2018,population_total,"Population on 1 January, total"
A,DE1001V,PL023C,2019,62472,e,,PL023C,PL,,2019,population_total,"Population on 1 January, total"
A,DE1001V,PL023C,2020,61833,e,,PL023C,PL,,2020,population_total,"Population on 1 January, total"
A,DE1001V,PL023C,2021,61839,e,,PL023C,PL,,2021,population_total,"Population on 1 January, total"
A,DE1001V,PL024C,2017,224376,d,,PL024C,PL,,2017,population_total,"Population on 1 January, total"
A,DE1001V,PL024C,2018,222292,d,,PL024C,PL,,2018,population_total,"Population on 1 January, total"
A,DE1001V,PL024C,2019,220433,e,,PL024C,PL,,2019,population_total,"Population on 1 January, total"
A,DE1001V,PL024C,2020,213942,e,,PL024C,PL,,2020,population_total,"Population on 1 January, total"
A,DE1001V,PL024C,2021,210773,e,,PL024C,PL,,2021,population_total,"Population on 1 January, total"
A,DE1001V,PL025C,2017,214566,d,,PL025C,PL,,2017,population_total,"Population on 1 January, total"
A,DE1001V,PL025C,2018,213029,d,,PL025C,PL,,2018,population_total,"Population on 1 January, total"
A,DE1001V,PL025C,2019,211371,e,,PL025C,PL,,2019,population_total,"Population on 1 January, total"
A,DE1001V,PL025C,2020,202259,e,,PL025C,PL,,2020,population_total,"Population on 1 January, total"
A,DE1001V,PL025C,2021,199904,e,,PL025C,PL,,2021,population_total,"Population on 1 January, total"
A,DE1001V,PL026C,2017,120787,d,,PL026C,PL,,2017,population_total,"Population on 1 January, total"
A,DE1001V,PL026C,2018,120000,d,,PL026C,PL,,2018,population_total,"Population on 1 January, total"
A,DE1001V,PL026C,2019,119425,e,,PL026C,PL,,2019,population_total,"Population on 1 January, total"
A,DE1001V,PL026C,2020,114974,e,,PL026C,PL,,2020,population_total,"Population on 1 January, total"
A,DE1001V,PL026C,2021,113660,e,,PL026C,PL,,2021,population_total,"Population on 1 January, total"
A,DE1001V,PL027C,2017,101625,d,,PL027C,PL,,2017,population_total,"Population on 1 January, total"
A,DE1001V,PL027C,2018,100975,d,,PL027C,PL,,2018,population_total,"Population on 1 January, total"
A,DE1001V,PL027C,2019,100246,e,,PL027C,PL,,2019,population_total,"Population on 1 January, total"
A,DE1001V,PL027C,2020,96222,e,,PL027C,PL,,2020,population_total,"Population on 1 January, total"
A,DE1001V,PL027C,2021,95021,e,,PL027C,PL,,2021,population_total,"Population on 1 January, total"
A,DE1001V,PL028C,2017,107670,d,,PL028C,PL,,2017,population_total,"Population on 1 January, total"
A,DE1001V,PL028C,2018,107321,d,,PL028C,PL,,2018,population_total,"Population on 1 January, total"
A,DE1001V,PL028C,2019,107048,e,,PL028C,PL,,2019,population_total,"Population on 1 January, total"
A,DE1001V,PL028C,2020,106152,e,,PL028C,PL,,2020,population_total,"Population on 1 January, total"
A,DE1001V,PL028C,2021,104891,e,,PL028C,PL,,2021,population_total,"Population on 1 January, total"
A,DE1001V,PL029C,2017,91465,d,,PL029C,PL,,2017,population_total,"Population on 1 January, total"
A,DE1001V,PL029C,2018,91007,d,,PL029C,PL,,2018,population_total,"Population on 1 January, total"
A,DE1001V,PL029C,2019,90681,e,,PL029C,PL,,2019,population_total,"Population on 1 January, total"
A,DE1001V,PL029C,2020,88060,e,,PL029C,PL,,2020,population_total,"Population on 1 January, total"
A,DE1001V,PL029C,2021,87119,e,,PL029C,PL,,2021,population_total,"Population on 1 January, total"
A,DE1001V,PL030C,2017,89590,d,,PL030C,PL,,2017,population_total,"Population on 1 January, total"
A,DE1001V,PL030C,2018,89128,d,,PL030C,PL,,2018,population_total,"Population on 1 January, total"
A,DE1001V,PL030C,2019,88743,e,,PL030C,PL,,2019,population_total,"Population on 1 January, total"
A,DE1001V,PL030C,2020,85388,e,,PL030C,PL,,2020,population_total,"Population on 1 January, total"
A,DE1001V,PL030C,2021,83987,e,,PL030C,PL,,2021,population_total,"Population on 1 January, total"
A,DE1001V,PL031C,2017,77653,d,,PL031C,PL,,2017,population_total,"Population on 1 January, total"
A,DE1001V,PL031C,2018,77872,d,,PL031C,PL,,2018,population_total,"Population on 1 January, total"
A,DE1001V,PL031C,2019,78185,e,,PL031C,PL,,2019,population_total,"Population on 1 January, total"
A,DE1001V,PL031C,2020,76471,e,,PL031C,PL,,2020,population_total,"Population on 1 January, total"
A,DE1001V,PL031C,2021,76005,e,,PL031C,PL,,2021,population_total,"Population on 1 January, total"
A,DE1001V,PL032C,2017,74312,d,,PL032C,PL,,2017,population_total,"Population on 1 January, total"
A,DE1001V,PL032C,2018,73670,d,,PL032C,PL,,2018,population_total,"Population on 1 January, total"
A,DE1001V,PL032C,2019,73090,e,,PL032C,PL,,2019,population_total,"Population on 1 January, total"
A,DE1001V,PL032C,2020,69274,e,,PL032C,PL,,2020,population_total,"Population on 1 January, total"
A,DE1001V,PL032C,2021,68270,e,,PL032C,PL,,2021,population_total,"Population on 1 January, total"
A,DE1001V,PL033C,2017,72892,d,,PL033C,PL,,2017,population_total,"Population on 1 January, total"
A,DE1001V,PL033C,2018,72581,d,,PL033C,PL,,2018,population_total,"Population on 1 January, total"
A,DE1001V,PL033C,2019,72300,e,,PL033C,PL,,2019,population_total,"Population on 1 January, total"
A,DE1001V,PL033C,2020,70166,e,,PL033C,PL,,2020,population_total,"Population on 1 January, total"
A,DE1001V,PL033C,2021,69267,e,,PL033C,PL,,2021,population_total,"Population on 1 January, total"
A,DE1001V,PL034C,2017,73791,d,,PL034C,PL,,2017,population_total,"Population on 1 January, total"
A,DE1001V,PL034C,2018,73398,d,,PL034C,PL,,2018,population_total,"Population on 1 January, total"
A,DE1001V,PL034C,2019,73139,e,,PL034C,PL,,2019,population_total,"Population on 1 January, total"
A,DE1001V,PL034C,2020,71903,e,,PL034C,PL,,2020,population_total,"Population on 1 January, total"
A,DE1001V,PL034C,2021,71226,e,,PL034C,PL,,2021,population_total,"Population on 1 January, total"
A,DE1001V,PL035C,2017,73577,d,,PL035C,PL,,2017,population_total,"Population on 1 January, total"
A,DE1001V,PL035C,2018,73114,d,,PL035C,PL,,2018,population_total,"Population on 1 January, total"
A,DE1001V,PL035C,2019,72561,e,,PL035C,PL,,2019,population_total,"Population on 1 January, total"
A,DE1001V,PL035C,2020,69868,e,,PL035C,PL,,2020,population_total,"Population on 1 January, total"
A,DE1001V,PL035C,2021,68906,e,,PL035C,PL,,2021,population_total,"Population on 1 January, total"
A,DE1001V,PL036C,2017,69852,d,,PL036C,PL,,2017,population_total,"Population on 1 January, total"
A,DE1001V,PL036C,2018,69051,d,,PL036C,PL,,2018,population_total,"Population on 1 January, total"
A,DE1001V,PL036C,2019,68338,e,,PL036C,PL,,2019,population_total,"Population on 1 January, total"
A,DE1001V,PL036C,2020,65066,e,,PL036C,PL,,2020,population_total,"Population on 1 January, total"
A,DE1001V,PL036C,2021,63932,e,,PL036C,PL,,2021,population_total,"Population on 1 January, total"
A,DE1001V,PL037C,2017,68943,d,,PL037C,PL,,2017,population_total,"Population on 1 January, total"
A,DE1001V,PL037C,2018,68479,d,,PL037C,PL,,2018,population_total,"Population on 1 January, total"
A,DE1001V,PL037C,2019,68217,e,,PL037C,PL,,2019,population_total,"Population on 1 January, total"
A,DE1001V,PL037C,2020,65723,e,,PL037C,PL,,2020,population_total,"Population on 1 January, total"
A,DE1001V,PL037C,2021,64916,e,,PL037C,PL,,2021,population_total,"Population on 1 January, total"
A,DE1001V,PL038C,2017,68195,d,,PL038C,PL,,2017,population_total,"Population on 1 January, total"
A,DE1001V,PL038C,2018,67938,d,,PL038C,PL,,2018,population_total,"Population on 1 January, total"
A,DE1001V,PL038C,2019,67837,e,,PL038C,PL,,2019,population_total,"Population on 1 January, total"
A,DE1001V,PL038C,2020,67445,e,,PL038C,PL,,2020,population_total,"Population on 1 January, total"
A,DE1001V,PL038C,2021,67161,e,,PL038C,PL,,2021,population_total,"Population on 1 January, total"
A,DE1001V,PL039C,2017,72364,d,,PL039C,PL,,2017,population_total,"Population on 1 January, total"
A,DE1001V,PL039C,2018,72050,d,,PL039C,PL,,2018,population_total,"Population on 1 January, total"
A,DE1001V,PL039C,2019,71931,e,,PL039C,PL,,2019,population_total,"Population on 1 January, total"
A,DE1001V,PL039C,2020,70868,e,,PL039C,PL,,2020,population_total,"Population on 1 January, total"
A,DE1001V,PL039C,2021,70296,e,,PL039C,PL,,2021,population_total,"Population on 1 January, total"
A,DE1001V,PL040C,2017,61808,d,,PL040C,PL,,2017,population_total,"Population on 1 January, total"
A,DE1001V,PL040C,2018,61251,d,,PL040C,PL,,2018,population_total,"Population on 1 January, total"
A,DE1001V,PL040C,2019,60689,e,,PL040C,PL,,2019,population_total,"Population on 1 January, total"
A,DE1001V,PL040C,2020,58625,e,,PL040C,PL,,2020,population_total,"Population on 1 January, total"
A,DE1001V,PL040C,2021,57568,e,,PL040C,PL,,2021,population_total,"Population on 1 January, total"
A,DE1001V,PL041C,2017,64354,d,,PL041C,PL,,2017,population_total,"Population on 1 January, total"
A,DE1001V,PL041C,2018,63813,d,,PL041C,PL,,2018,population_total,"Population on 1 January, total"
A,DE1001V,PL041C,2019,63437,e,,PL041C,PL,,2019,population_total,"Population on 1 January, total"
A,DE1001V,PL041C,2020,60375,e,,PL041C,PL,,2020,population_total,"Population on 1 January, total"
A,DE1001V,PL041C,2021,59603,e,,PL041C,PL,,2021,population_total,"Population on 1 January, total"
A,DE1001V,PL042C,2017,63333,d,,PL042C,PL,,2017,population_total,"Population on 1 January, total"
A,DE1001V,PL042C,2018,62670,d,,PL042C,PL,,2018,population_total,"Population on 1 January, total"
A,DE1001V,PL042C,2019,61932,e,,PL042C,PL,,2019,population_total,"Population on 1 January, total"
A,DE1001V,PL042C,2020,59711,e,,PL042C,PL,,2020,population_total,"Population on 1 January, total"
A,DE1001V,PL042C,2021,58805,e,,PL042C,PL,,2021,population_total,"Population on 1 January, total"
A,DE1001V,PL043C,2017,65823,d,,PL043C,PL,,2017,population_total,"Population on 1 January, total"
A,DE1001V,PL043C,2018,65283,d,,PL043C,PL,,2018,population_total,"Population on 1 January, total"
A,DE1001V,PL043C,2019,64757,e,,PL043C,PL,,2019,population_total,"Population on 1 January, total"
A,DE1001V,PL043C,2020,63163,e,,PL043C,PL,,2020,population_total,"Population on 1 January, total"
A,DE1001V,PL043C,2021,62238,e,,PL043C,PL,,2021,population_total,"Population on 1 January, total"
A,DE1001V,PL044C,2017,68179,d,,PL044C,PL,,2017,population_total,"Population on 1 January, total"
A,DE1001V,PL044C,2018,67615,d,,PL044C,PL,,2018,population_total,"Population on 1 January, total"
A,DE1001V,PL044C,2019,66980,e,,PL044C,PL,,2019,population_total,"Population on 1 January, total"
A,DE1001V,PL044C,2020,64450,e,,PL044C,PL,,2020,population_total,"Population on 1 January, total"
A,DE1001V,PL044C,2021,63730,e,,PL044C,PL,,2021,population_total,"Population on 1 January, total"
A,DE1001V,PL045C,2017,61903,d,,PL045C,PL,,2017,population_total,"Population on 1 January, total"
A,DE1001V,PL045C,2018,61182,d,,PL045C,PL,,2018,population_total,"Population on 1 January, total"
A,DE1001V,PL045C,2019,60466,e,,PL045C,PL,,2019,population_total,"Population on 1 January, total"
A,DE1001V,PL045C,2020,57882,e,,PL045C,PL,,2020,population_total,"Population on 1 January, total"
A,DE1001V,PL045C,2021,56819,e,,PL045C,PL,,2021,population_total,"Population on 1 January, total"
A,DE1001V,PL046C,2017,63238,d,,PL046C,PL,,2017,population_total,"Population on 1 January, total"
A,DE1001V,PL046C,2018,62649,d,,PL046C,PL,,2018,population_total,"Population on 1 January, total"
A,DE1001V,PL046C,2019,61960,e,,PL046C,PL,,2019,population_total,"Population on 1 January, total"
A,DE1001V,PL046C,2020,59608,e,,PL046C,PL,,2020,population_total,"Population on 1 January, total"
A,DE1001V,PL046C,2021,58796,e,,PL046C,PL,,2021,population_total,"Population on 1 January, total"
A,DE1001V,PL047C,2017,63092,d,,PL047C,PL,,2017,population_total,"Population on 1 January, total"
A,DE1001V,PL047C,2018,63000,d,,PL047C,PL,,2018,population_total,"Population on 1 January, total"
A,DE1001V,PL047C,2019,62945,e,,PL047C,PL,,2019,population_total,"Population on 1 January, total"
A,DE1001V,PL047C,2020,61025,e,,PL047C,PL,,2020,population_total,"Population on 1 January, total"
A,DE1001V,PL047C,2021,60468,e,,PL047C,PL,,2021,population_total,"Population on 1 January, total"
A,DE1001V,PL048C,2017,64197,d,,PL048C,PL,,2017,population_total,"Population on 1 January, total"
A,DE1001V,PL048C,2018,63952,d,,PL048C,PL,,2018,population_total,"Population on 1 January, total"
A,DE1001V,PL048C,2019,63505,e,,PL048C,PL,,2019,population_total,"Population on 1 January, total"
A,DE1001V,PL048C,2020,62057,e,,PL048C,PL,,2020,population_total,"Population on 1 January, total"
A,DE1001V,PL048C,2021,61396,e,,PL048C,PL,,2021,population_total,"Population on 1 January, total"
A,DE1001V,PL049C,2017,57671,d,,PL049C,PL,,2017,population_total,"Population on 1 January, total"
A,DE1001V,PL049C,2018,57310,d,,PL049C,PL,,2018,population_total,"Population on 1 January, total"
A,DE1001V,PL049C,2019,56803,e,,PL049C,PL,,2019,population_total,"Population on 1 January, total"
A,DE1001V,PL049C,2020,55013,e,,PL049C,PL,,2020,population_total,"Population on 1 January, total"
A,DE1001V,PL049C,2021,54192,e,,PL049C,PL,,2021,population_total,"Population on 1 January, total"
A,DE1001V,PL050C,2017,56690,d,,PL050C,PL,,2017,population_total,"Population on 1 January, total"
A,DE1001V,PL050C,2018,56529,d,,PL050C,PL,,2018,population_total,"Population on 1 January, total"
A,DE1001V,PL050C,2019,56190,e,,PL050C,PL,,2019,population_total,"Population on 1 January, total"
A,DE1001V,PL050C,2020,55251,e,,PL050C,PL,,2020,population_total,"Population on 1 January, total"
A,DE1001V,PL050C,2021,54550,e,,PL050C,PL,,2021,population_total,"Population on 1 January, total"
A,DE1001V,PL051C,2017,60257,d,,PL051C,PL,,2017,population_total,"Population on 1 January, total"
A,DE1001V,PL051C,2018,60279,d,,PL051C,PL,,2018,population_total,"Population on 1 January, total"
A,DE1001V,PL051C,2019,59951,e,,PL051C,PL,,2019,population_total,"Population on 1 January, total"
A,DE1001V,PL051C,2020,58177,e,,PL051C,PL,,2020,population_total,"Population on 1 January, total"
A,DE1001V,PL051C,2021,57856,e,,PL051C,PL,,2021,population_total,"Population on 1 January, total"
A,DE1001V,PL052C,2017,61523,d,,PL052C,PL,,2017,population_total,"Population on 1 January, total"
A,DE1001V,PL052C,2018,61928,d,,PL052C,PL,,2018,population_total,"Population on 1 January, total"
A,DE1001V,PL052C,2019,62109,e,,PL052C,PL,,2019,population_total,"Population on 1 January, total"
A,DE1001V,PL052C,2020,60471,e,,PL052C,PL,,2020,population_total,"Population on 1 January, total"
A,DE1001V,PL052C,2021,60248,e,,PL052C,PL,,2021,population_total,"Population on 1 January, total"
A,DE1001V,PL053C,2017,246306,d,,PL053C,PL,,2017,population_total,"Population on 1 January, total"
A,DE1001V,PL053C,2018,246309,d,,PL053C,PL,,2018,population_total,"Population on 1 January, total"
A,DE1001V,PL053C,2019,246348,e,,PL053C,PL,,2019,population_total,"Population on 1 January, total"
A,DE1001V,PL053C,2020,245739,e,,PL053C,PL,,2020,population_total,"Population on 1 January, total"
A,DE1001V,PL053C,2021,244676,e,,PL053C,PL,,2021,population_total,"Population on 1 January, total"
A,DE1001V,PL054C,2017,204013,d,,PL054C,PL,,2017,population_total,"Population on 1 January, total"
A,DE1001V,PL054C,2018,202036,d,,PL054C,PL,,2018,population_total,"Population on 1 January, total"
A,DE1001V,PL054C,2019,199974,e,,PL054C,PL,,2019,population_total,"Population on 1 January, total"
A,DE1001V,PL054C,2020,194438,e,,PL054C,PL,,2020,population_total,"Population on 1 January, total"
A,DE1001V,PL054C,2021,191676,e,,PL054C,PL,,2021,population_total,"Population on 1 January, total"
A,DE1001V,PL055C,2017,181309,d,,PL055C,PL,,2017,population_total,"Population on 1 January, total"
A,DE1001V,PL055C,2018,179806,d,,PL055C,PL,,2018,population_total,"Population on 1 January, total"
A,DE1001V,PL055C,2019,178603,e,,PL055C,PL,,2019,population_total,"Population on 1 January, total"
A,DE1001V,PL055C,2020,174581,e,,PL055C,PL,,2020,population_total,"Population on 1 January, total"
A,DE1001V,PL055C,2021,172628,e,,PL055C,PL,,2021,population_total,"Population on 1 January, total"
A,DE1001V,PL056C,2017,174349,d,,PL056C,PL,,2017,population_total,"Population on 1 January, total"
A,DE1001V,PL056C,2018,173374,d,,PL056C,PL,,2018,population_total,"Population on 1 January, total"
A,DE1001V,PL056C,2019,172360,e,,PL056C,PL,,2019,population_total,"Population on 1 January, total"
A,DE1001V,PL056C,2020,158923,e,,PL056C,PL,,2020,population_total,"Population on 1 January, total"
A,DE1001V,PL056C,2021,156935,e,,PL056C,PL,,2021,population_total,"Population on 1 January, total"
A,DE1001V,PL057C,2017,168394,d,,PL057C,PL,,2017,population_total,"Population on 1 January, total"
A,DE1001V,PL057C,2018,166795,d,,PL057C,PL,,2018,population_total,"Population on 1 January, total"
A,DE1001V,PL057C,2019,165263,e,,PL057C,PL,,2019,population_total,"Population on 1 January, total"
A,DE1001V,PL057C,2020,153827,e,,PL057C,PL,,2020,population_total,"Population on 1 January, total"
A,DE1001V,PL057C,2021,151691,e,,PL057C,PL,,2021,population_total,"Population on 1 January, total"
A,DE1001V,PL058C,2017,171505,d,,PL058C,PL,,2017,population_total,"Population on 1 January, total"
A,DE1001V,PL058C,2018,171259,d,,PL058C,PL,,2018,population_total,"Population on 1 January, total"
A,DE1001V,PL058C,2019,170663,e,,PL058C,PL,,2019,population_total,"Population on 1 January, total"
A,DE1001V,PL058C,2020,169553,e,,PL058C,PL,,2020,population_total,"Population on 1 January, total"
A,DE1001V,PL058C,2021,168106,e,,PL058C,PL,,2021,population_total,"Population on 1 January, total"
A,DE1001V,PL059C,2017,138578,d,,PL059C,PL,,2017,population_total,"Population on 1 January, total"
A,DE1001V,PL059C,2018,138000,d,,PL059C,PL,,2018,population_total,"Population on 1 January, total"
A,DE1001V,PL059C,2019,137360,e,,PL059C,PL,,2019,population_total,"Population on 1 January, total"
A,DE1001V,PL059C,2020,134169,e,,PL059C,PL,,2020,population_total,"Population on 1 January, total"
A,DE1001V,PL059C,2021,132766,e,,PL059C,PL,,2021,population_total,"Population on 1 January, total"
A,DE1001V,PL060C,2017,139129,d,,PL060C,PL,,2017,population_total,"Population on 1 January, total"
A,DE1001V,PL060C,2018,138696,d,,PL060C,PL,,2018,population_total,"Population on 1 January, total"
A,DE1001V,PL060C,2019,138098,e,,PL060C,PL,,2019,population_total,"Population on 1 January, total"
A,DE1001V,PL060C,2020,134050,e,,PL060C,PL,,2020,population_total,"Population on 1 January, total"
A,DE1001V,PL060C,2021,132923,e,,PL060C,PL,,2021,population_total,"Population on 1 January, total"
A,DE1001V,PL061C,2017,128211,d,,PL061C,PL,,2017,population_total,"Population on 1 January, total"
A,DE1001V,PL061C,2018,127831,d,,PL061C,PL,,2018,population_total,"Population on 1 January, total"
A,DE1001V,PL061C,2019,127590,e,,PL061C,PL,,2019,population_total,"Population on 1 January, total"
A,DE1001V,PL061C,2020,125223,e,,PL061C,PL,,2020,population_total,"Population on 1 January, total"
A,DE1001V,PL061C,2021,124139,e,,PL061C,PL,,2021,population_total,"Population on 1 January, total"
A,DE1001V,PL062C,2017,113621,d,,PL062C,PL,,2017,population_total,"Population on 1 January, total"
A,DE1001V,PL062C,2018,112594,d,,PL062C,PL,,2018,population_total,"Population on 1 January, total"
A,DE1001V,PL062C,2019,111356,e,,PL062C,PL,,2019,population_total,"Population on 1 January, total"
A,DE1001V,PL062C,2020,105007,e,,PL062C,PL,,2020,population_total,"Population on 1 January, total"
A,DE1001V,PL062C,2021,103263,e,,PL062C,PL,,2021,population_total,"Population on 1 January, total"
A,DE1001V,PL063C,2017,120895,d,,PL063C,PL,,2017,population_total,"Population on 1 January, total"
A,DE1001V,PL063C,2018,120142,d,,PL063C,PL,,2018,population_total,"Population on 1 January, total"
A,DE1001V,PL063C,2019,119317,e,,PL063C,PL,,2019,population_total,"Population on 1 January, total"
A,DE1001V,PL063C,2020,115575,e,,PL063C,PL,,2020,population_total,"Population on 1 January, total"
A,DE1001V,PL063C,2021,114401,e,,PL063C,PL,,2021,population_total,"Population on 1 January, total"
A,DE1001V,PL064C,2017,111752,d,,PL064C,PL,,2017,population_total,"Population on 1 January, total"
A,DE1001V,PL064C,2018,110802,d,,PL064C,PL,,2018,population_total,"Population on 1 January, total"
A,DE1001V,PL064C,2019,109883,e,,PL064C,PL,,2019,population_total,"Population on 1 January, total"
A,DE1001V,PL064C,2020,105180,e,,PL064C,PL,,2020,population_total,"Population on 1 January, total"
A,DE1001V,PL064C,2021,103535,e,,PL064C,PL,,2021,population_total,"Population on 1 January, total"
A,DE1001V,PL065C,2017,109650,d,,PL065C,PL,,2017,population_total,"Population on 1 January, total"
A,DE1001V,PL065C,2018,109062,d,,PL065C,PL,,2018,population_total,"Population on 1 January, total"
A,DE1001V,PL065C,2019,108470,e,,PL065C,PL,,2019,population_total,"Population on 1 January, total"
A,DE1001V,PL065C,2020,106596,e,,PL065C,PL,,2020,population_total,"Population on 1 January, total"
A,DE1001V,PL065C,2021,105014,e,,PL065C,PL,,2021,population_total,"Population on 1 January, total"
A,DE1001V,PL066C,2017,109021,d,,PL066C,PL,,2017,population_total,"Population on 1 January, total"
A,DE1001V,PL066C,2018,108434,d,,PL066C,PL,,2018,population_total,"Population on 1 January, total"
A,DE1001V,PL066C,2019,107807,e,,PL066C,PL,,2019,population_total,"Population on 1 January, total"
A,DE1001V,PL066C,2020,104448,e,,PL066C,PL,,2020,population_total,"Population on 1 January, total"
A,DE1001V,PL066C,2021,103229,e,,PL066C,PL,,2021,population_total,"Population on 1 January, total"
A,DE1001V,PL067C,2017,100324,d,,PL067C,PL,,2017,population_total,"Population on 1 January, total"
A,DE1001V,PL067C,2018,99752,d,,PL067C,PL,,2018,population_total,"Population on 1 January, total"
A,DE1001V,PL067C,2019,99350,e,,PL067C,PL,,2019,population_total,"Population on 1 January, total"
A,DE1001V,PL067C,2020,95135,e,,PL067C,PL,,2020,population_total,"Population on 1 January, total"
A,DE1001V,PL067C,2021,93988,e,,PL067C,PL,,2021,population_total,"Population on 1 January, total"
A,DE1001V,PL068C,2017,95629,d,,PL068C,PL,,2017,population_total,"Population on 1 January, total"
A,DE1001V,PL068C,2018,95045,d,,PL068C,PL,,2018,population_total,"Population on 1 January, total"
A,DE1001V,PL068C,2019,94368,e,,PL068C,PL,,2019,population_total,"Population on 1 January, total"
A,DE1001V,PL068C,2020,91289,e,,PL068C,PL,,2020,population_total,"Population on 1 January, total"
A,DE1001V,PL068C,2021,90275,e,,PL068C,PL,,2021,population_total,"Population on 1 January, total"
A,DE1001V,PT,2015,10395121,,,PT,PT,,2015,population_total,"Population on 1 January, total"
A,DE1001V,PT,2016,10368554,,,PT,PT,,2016,population_total,"Population on 1 January, total"
A,DE1001V,PT,2017,10344478,,,PT,PT,,2017,population_total,"Population on 1 January, total"
A,DE1001V,PT,2018,10335770,,,PT,PT,,2018,population_total,"Population on 1 January, total"
A,DE1001V,PT,2019,10333496,,,PT,PT,,2019,population_total,"Population on 1 January, total"
A,DE1001V,PT,2020,10375395,,,PT,PT,,2020,population_total,"Population on 1 January, total"
A,DE1001V,PT,2021,10394297,,,PT,PT,,2021,population_total,"Population on 1 January, total"
A,DE1001V,PT,2022,10421117,,,PT,PT,,2022,population_total,"Population on 1 January, total"
A,DE1001V,PT,2023,10467366,,,PT,PT,,2023,population_total,"Population on 1 January, total"
A,DE1001V,PT001C,2015,1854485,,,PT001C,PT,,2015,population_total,"Population on 1 January, total"
A,DE1001V,PT001C,2016,1860247,,,PT001C,PT,,2016,population_total,"Population on 1 January, total"
A,DE1001V,PT001C,2017,1865335,,,PT001C,PT,,2017,population_total,"Population on 1 January, total"
A,DE1001V,PT001C,2018,1873434,,,PT001C,PT,,2018,population_total,"Population on 1 January, total"
A,DE1001V,PT001C,2019,1879692,,,PT001C,PT,,2019,population_total,"Population on 1 January, total"
A,DE1001V,PT001C,2020,1896018,,,PT001C,PT,,2020,population_total,"Population on 1 January, total"
A,DE1001V,PT001C,2021,1883529,,,PT001C,PT,,2021,population_total,"Population on 1 January, total"
A,DE1001V,PT001C,2022,1880613,,,PT001C,PT,,2022,population_total,"Population on 1 January, total"
A,DE1001V,PT001C,2023,1890880,,,PT001C,PT,,2023,population_total,"Population on 1 January, total"
A,DE1001V,PT002C,2015,967839,,,PT002C,PT,,2015,population_total,"Population on 1 January, total"
A,DE1001V,PT002C,2016,966751,,,PT002C,PT,,2016,population_total,"Population on 1 January, total"
A,DE1001V,PT002C,2017,966678,,,PT002C,PT,,2017,population_total,"Population on 1 January, total"
A,DE1001V,PT002C,2018,968222,,,PT002C,PT,,2018,population_total,"Population on 1 January, total"
A,DE1001V,PT002C,2019,970432,,,PT002C,PT,,2019,population_total,"Population on 1 January, total"
A,DE1001V,PT002C,2020,975166,,,PT002C,PT,,2020,population_total,"Population on 1 January, total"
A,DE1001V,PT002C,2021,971023,,,PT002C,PT,,2021,population_total,"Population on 1 January, total"
A,DE1001V,PT002C,2022,978877,,,PT002C,PT,,2022,population_total,"Population on 1 January, total"
A,DE1001V,PT002C,2023,989903,,,PT002C,PT,,2023,population_total,"Population on 1 January, total"
A,DE1001V,PT003C,2015,183584,,,PT003C,PT,,2015,population_total,"Population on 1 January, total"
A,DE1001V,PT003C,2016,184459,,,PT003C,PT,,2016,population_total,"Population on 1 January, total"
A,DE1001V,PT003C,2017,185616,,,PT003C,PT,,2017,population_total,"Population on 1 January, total"
A,DE1001V,PT003C,2018,187248,,,PT003C,PT,,2018,population_total,"Population on 1 January, total"
A,DE1001V,PT003C,2019,189450,,,PT003C,PT,,2019,population_total,"Population on 1 January, total"
A,DE1001V,PT003C,2020,192682,,,PT003C,PT,,2020,population_total,"Population on 1 January, total"
A,DE1001V,PT003C,2021,193902,,,PT003C,PT,,2021,population_total,"Population on 1 January, total"
A,DE1001V,PT003C,2022,195274,,,PT003C,PT,,2022,population_total,"Population on 1 January, total"
A,DE1001V,PT003C,2023,197594,,,PT003C,PT,,2023,population_total,"Population on 1 January, total"
A,DE1001V,PT004C,2015,108532,,,PT004C,PT,,2015,population_total,"Population on 1 January, total"
A,DE1001V,PT004C,2016,107339,,,PT004C,PT,,2016,population_total,"Population on 1 January, total"
A,DE1001V,PT004C,2017,106554,,,PT004C,PT,,2017,population_total,"Population on 1 January, total"
A,DE1001V,PT004C,2018,106189,,,PT004C,PT,,2018,population_total,"Population on 1 January, total"
A,DE1001V,PT004C,2019,105959,,,PT004C,PT,,2019,population_total,"Population on 1 January, total"
A,DE1001V,PT004C,2020,105971,,,PT004C,PT,,2020,population_total,"Population on 1 January, total"
A,DE1001V,PT004C,2021,106302,,,PT004C,PT,,2021,population_total,"Population on 1 January, total"
A,DE1001V,PT004C,2022,106401,,,PT004C,PT,,2022,population_total,"Population on 1 January, total"
A,DE1001V,PT004C,2023,106429,,,PT004C,PT,,2023,population_total,"Population on 1 January, total"
A,DE1001V,PT005C,2015,142272,,,PT005C,PT,,2015,population_total,"Population on 1 January, total"
A,DE1001V,PT005C,2016,142214,,,PT005C,PT,,2016,population_total,"Population on 1 January, total"
A,DE1001V,PT005C,2017,142046,,,PT005C,PT,,2017,population_total,"Population on 1 January, total"
A,DE1001V,PT005C,2018,142039,,,PT005C,PT,,2018,population_total,"Population on 1 January, total"
A,DE1001V,PT005C,2019,142114,,,PT005C,PT,,2019,population_total,"Population on 1 January, total"
A,DE1001V,PT005C,2020,142881,,,PT005C,PT,,2020,population_total,"Population on 1 January, total"
A,DE1001V,PT005C,2021,141564,,,PT005C,PT,,2021,population_total,"Population on 1 January, total"
A,DE1001V,PT005C,2022,141889,,,PT005C,PT,,2022,population_total,"Population on 1 January, total"
A,DE1001V,PT005C,2023,142252,,,PT005C,PT,,2023,population_total,"Population on 1 January, total"
A,DE1001V,PT006C,2015,121717,,,PT006C,PT,,2015,population_total,"Population on 1 January, total"
A,DE1001V,PT006C,2016,121863,,,PT006C,PT,,2016,population_total,"Population on 1 January, total"
A,DE1001V,PT006C,2017,121982,,,PT006C,PT,,2017,population_total,"Population on 1 January, total"
A,DE1001V,PT006C,2018,122235,,,PT006C,PT,,2018,population_total,"Population on 1 January, total"
A,DE1001V,PT006C,2019,122642,,,PT006C,PT,,2019,population_total,"Population on 1 January, total"
A,DE1001V,PT006C,2020,123599,,,PT006C,PT,,2020,population_total,"Population on 1 January, total"
A,DE1001V,PT006C,2021,124283,,,PT006C,PT,,2021,population_total,"Population on 1 January, total"
A,DE1001V,PT006C,2022,123128,,,PT006C,PT,,2022,population_total,"Population on 1 January, total"
A,DE1001V,PT006C,2023,122547,,,PT006C,PT,,2023,population_total,"Population on 1 January, total"
A,DE1001V,PT007C,2015,68509,,,PT007C,PT,,2015,population_total,"Population on 1 January, total"
A,DE1001V,PT007C,2016,68222,,,PT007C,PT,,2016,population_total,"Population on 1 January, total"
A,DE1001V,PT007C,2017,67937,,,PT007C,PT,,2017,population_total,"Population on 1 January, total"
A,DE1001V,PT007C,2018,67772,,,PT007C,PT,,2018,population_total,"Population on 1 January, total"
A,DE1001V,PT007C,2019,67591,,,PT007C,PT,,2019,population_total,"Population on 1 January, total"
A,DE1001V,PT007C,2020,67497,,,PT007C,PT,,2020,population_total,"Population on 1 January, total"
A,DE1001V,PT007C,2021,67521,,,PT007C,PT,,2021,population_total,"Population on 1 January, total"
A,DE1001V,PT007C,2022,67844,,,PT007C,PT,,2022,population_total,"Population on 1 January, total"
A,DE1001V,PT007C,2023,68314,,,PT007C,PT,,2023,population_total,"Population on 1 January, total"
A,DE1001V,PT008C,2015,79122,,,PT008C,PT,,2015,population_total,"Population on 1 January, total"
A,DE1001V,PT008C,2016,79269,,,PT008C,PT,,2016,population_total,"Population on 1 January, total"
A,DE1001V,PT008C,2017,79512,,,PT008C,PT,,2017,population_total,"Population on 1 January, total"
A,DE1001V,PT008C,2018,79927,,,PT008C,PT,,2018,population_total,"Population on 1 January, total"
A,DE1001V,PT008C,2019,80526,,,PT008C,PT,,2019,population_total,"Population on 1 January, total"
A,DE1001V,PT008C,2020,81570,,,PT008C,PT,,2020,population_total,"Population on 1 January, total"
A,DE1001V,PT008C,2021,81321,,,PT008C,PT,,2021,population_total,"Population on 1 January, total"
A,DE1001V,PT008C,2022,82590,,,PT008C,PT,,2022,population_total,"Population on 1 January, total"
A,DE1001V,PT008C,2023,83508,,,PT008C,PT,,2023,population_total,"Population on 1 January, total"
A,DE1001V,PT009C,2015,65751,,,PT009C,PT,,2015,population_total,"Population on 1 January, total"
A,DE1001V,PT009C,2016,66014,,,PT009C,PT,,2016,population_total,"Population on 1 January, total"
A,DE1001V,PT009C,2017,66291,,,PT009C,PT,,2017,population_total,"Population on 1 January, total"
A,DE1001V,PT009C,2018,66704,,,PT009C,PT,,2018,population_total,"Population on 1 January, total"
A,DE1001V,PT009C,2019,67232,,,PT009C,PT,,2019,population_total,"Population on 1 January, total"
A,DE1001V,PT009C,2020,68033,,,PT009C,PT,,2020,population_total,"Population on 1 January, total"
A,DE1001V,PT009C,2021,67988,,,PT009C,PT,,2021,population_total,"Population on 1 January, total"
A,DE1001V,PT009C,2022,67859,,,PT009C,PT,,2022,population_total,"Population on 1 January, total"
A,DE1001V,PT009C,2023,68192,,,PT009C,PT,,2023,population_total,"Population on 1 January, total"
A,DE1001V,PT010C,2015,99078,,,PT010C,PT,,2015,population_total,"Population on 1 January, total"
A,DE1001V,PT010C,2016,98948,,,PT010C,PT,,2016,population_total,"Population on 1 January, total"
A,DE1001V,PT010C,2017,98809,,,PT010C,PT,,2017,population_total,"Population on 1 January, total"
A,DE1001V,PT010C,2018,98790,,,PT010C,PT,,2018,population_total,"Population on 1 January, total"
A,DE1001V,PT010C,2019,98928,,,PT010C,PT,,2019,population_total,"Population on 1 January, total"
A,DE1001V,PT010C,2020,99650,,,PT010C,PT,,2020,population_total,"Population on 1 January, total"
A,DE1001V,PT010C,2021,99998,,,PT010C,PT,,2021,population_total,"Population on 1 January, total"
A,DE1001V,PT010C,2022,100237,,,PT010C,PT,,2022,population_total,"Population on 1 January, total"
A,DE1001V,PT010C,2023,100105,,,PT010C,PT,,2023,population_total,"Population on 1 January, total"
A,DE1001V,PT011C,2015,86669,,,PT011C,PT,,2015,population_total,"Population on 1 January, total"
A,DE1001V,PT011C,2016,86362,,,PT011C,PT,,2016,population_total,"Population on 1 January, total"
A,DE1001V,PT011C,2017,86064,,,PT011C,PT,,2017,population_total,"Population on 1 January, total"
A,DE1001V,PT011C,2018,85860,,,PT011C,PT,,2018,population_total,"Population on 1 January, total"
A,DE1001V,PT011C,2019,85693,,,PT011C,PT,,2019,population_total,"Population on 1 January, total"
A,DE1001V,PT011C,2020,85813,,,PT011C,PT,,2020,population_total,"Population on 1 January, total"
A,DE1001V,PT011C,2021,86176,,,PT011C,PT,,2021,population_total,"Population on 1 January, total"
A,DE1001V,PT011C,2022,86006,,,PT011C,PT,,2022,population_total,"Population on 1 January, total"
A,DE1001V,PT011C,2023,86099,,,PT011C,PT,,2023,population_total,"Population on 1 January, total"
A,DE1001V,PT012C,2015,85105,,,PT012C,PT,,2015,population_total,"Population on 1 January, total"
A,DE1001V,PT012C,2016,84801,,,PT012C,PT,,2016,population_total,"Population on 1 January, total"
A,DE1001V,PT012C,2017,84574,,,PT012C,PT,,2017,population_total,"Population on 1 January, total"
A,DE1001V,PT012C,2018,84420,,,PT012C,PT,,2018,population_total,"Population on 1 January, total"
A,DE1001V,PT012C,2019,84307,,,PT012C,PT,,2019,population_total,"Population on 1 January, total"
A,DE1001V,PT012C,2020,84335,,,PT012C,PT,,2020,population_total,"Population on 1 January, total"
A,DE1001V,PT012C,2021,84711,,,PT012C,PT,,2021,population_total,"Population on 1 January, total"
A,DE1001V,PT012C,2022,84972,,,PT012C,PT,,2022,population_total,"Population on 1 January, total"
A,DE1001V,PT012C,2023,85342,,,PT012C,PT,,2023,population_total,"Population on 1 January, total"
A,DE1001V,PT013C,2015,63119,,,PT013C,PT,,2015,population_total,"Population on 1 January, total"
A,DE1001V,PT013C,2016,63146,,,PT013C,PT,,2016,population_total,"Population on 1 January, total"
A,DE1001V,PT013C,2017,63238,,,PT013C,PT,,2017,population_total,"Population on 1 January, total"
A,DE1001V,PT013C,2018,63430,,,PT013C,PT,,2018,population_total,"Population on 1 January, total"
A,DE1001V,PT013C,2019,63739,,,PT013C,PT,,2019,population_total,"Population on 1 January, total"
A,DE1001V,PT013C,2020,64245,,,PT013C,PT,,2020,population_total,"Population on 1 January, total"
A,DE1001V,PT013C,2021,64522,,,PT013C,PT,,2021,population_total,"Population on 1 January, total"
A,DE1001V,PT013C,2022,65111,,,PT013C,PT,,2022,population_total,"Population on 1 January, total"
A,DE1001V,PT013C,2023,66036,,,PT013C,PT,,2023,population_total,"Population on 1 January, total"
A,DE1001V,PT014C,2015,377401,,,PT014C,PT,,2015,population_total,"Population on 1 January, total"
A,DE1001V,PT014C,2016,378336,,,PT014C,PT,,2016,population_total,"Population on 1 January, total"
A,DE1001V,PT014C,2017,378842,,,PT014C,PT,,2017,population_total,"Population on 1 January, total"
A,DE1001V,PT014C,2018,380125,,,PT014C,PT,,2018,population_total,"Population on 1 January, total"
A,DE1001V,PT014C,2019,381268,,,PT014C,PT,,2019,population_total,"Population on 1 January, total"
A,DE1001V,PT014C,2020,384247,,,PT014C,PT,,2020,population_total,"Population on 1 January, total"
A,DE1001V,PT014C,2021,387157,,,PT014C,PT,,2021,population_total,"Population on 1 January, total"
A,DE1001V,PT014C,2022,387235,,,PT014C,PT,,2022,population_total,"Population on 1 January, total"
A,DE1001V,PT014C,2023,388767,,,PT014C,PT,,2023,population_total,"Population on 1 January, total"
A,DE1001V,PT015C,2015,156355,,,PT015C,PT,,2015,population_total,"Population on 1 January, total"
A,DE1001V,PT015C,2016,156089,,,PT015C,PT,,2016,population_total,"Population on 1 January, total"
A,DE1001V,PT015C,2017,156162,,,PT015C,PT,,2017,population_total,"Population on 1 January, total"
A,DE1001V,PT015C,2018,156327,,,PT015C,PT,,2018,population_total,"Population on 1 January, total"
A,DE1001V,PT015C,2019,156597,,,PT015C,PT,,2019,population_total,"Population on 1 January, total"
A,DE1001V,PT015C,2020,157053,,,PT015C,PT,,2020,population_total,"Population on 1 January, total"
A,DE1001V,PT015C,2021,157326,,,PT015C,PT,,2021,population_total,"Population on 1 January, total"
A,DE1001V,PT015C,2022,156488,,,PT015C,PT,,2022,population_total,"Population on 1 January, total"
A,DE1001V,PT015C,2023,156277,,,PT015C,PT,,2023,population_total,"Population on 1 January, total"
A,DE1001V,PT016C,2015,136394,,,PT016C,PT,,2015,population_total,"Population on 1 January, total"
A,DE1001V,PT016C,2016,136445,,,PT016C,PT,,2016,population_total,"Population on 1 January, total"
A,DE1001V,PT016C,2017,136582,,,PT016C,PT,,2017,population_total,"Population on 1 January, total"
A,DE1001V,PT016C,2018,136815,,,PT016C,PT,,2018,population_total,"Population on 1 January, total"
A,DE1001V,PT016C,2019,137041,,,PT016C,PT,,2019,population_total,"Population on 1 January, total"
A,DE1001V,PT016C,2020,137816,,,PT016C,PT,,2020,population_total,"Population on 1 January, total"
A,DE1001V,PT016C,2021,138191,,,PT016C,PT,,2021,population_total,"Population on 1 January, total"
A,DE1001V,PT016C,2022,137681,,,PT016C,PT,,2022,population_total,"Population on 1 January, total"
A,DE1001V,PT016C,2023,137994,,,PT016C,PT,,2023,population_total,"Population on 1 January, total"
A,DE1001V,RO,2015,22260798,,,RO,RO,,2015,population_total,"Population on 1 January, total"
A,DE1001V,RO,2017,22193562,d,,RO,RO,,2017,population_total,"Population on 1 January, total"
A,DE1001V,RO,2018,22170586,d,,RO,RO,,2018,population_total,"Population on 1 January, total"
A,DE1001V,RO001C,2015,2107399,,,RO001C,RO,,2015,population_total,"Population on 1 January, total"
A,DE1001V,RO001C,2017,2112483,d,,RO001C,RO,,2017,population_total,"Population on 1 January, total"
A,DE1001V,RO001C,2018,2131034,d,,RO001C,RO,,2018,population_total,"Population on 1 January, total"
A,DE1001V,RO002C,2015,321916,,,RO002C,RO,,2015,population_total,"Population on 1 January, total"
A,DE1001V,RO002C,2017,323484,d,,RO002C,RO,,2017,population_total,"Population on 1 January, total"
A,DE1001V,RO002C,2018,324960,d,,RO002C,RO,,2018,population_total,"Population on 1 January, total"
A,DE1001V,RO003C,2015,333210,,,RO003C,RO,,2015,population_total,"Population on 1 January, total"
A,DE1001V,RO003C,2017,330014,d,,RO003C,RO,,2017,population_total,"Population on 1 January, total"
A,DE1001V,RO003C,2018,328186,d,,RO003C,RO,,2018,population_total,"Population on 1 January, total"
A,DE1001V,RO004C,2015,305946,,,RO004C,RO,,2015,population_total,"Population on 1 January, total"
A,DE1001V,RO004C,2017,302783,d,,RO004C,RO,,2017,population_total,"Population on 1 January, total"
A,DE1001V,RO004C,2018,301269,d,,RO004C,RO,,2018,population_total,"Population on 1 January, total"
A,DE1001V,RO005C,2015,210699,,,RO005C,RO,,2015,population_total,"Population on 1 January, total"
A,DE1001V,RO005C,2017,205172,d,,RO005C,RO,,2017,population_total,"Population on 1 January, total"
A,DE1001V,RO005C,2018,202740,d,,RO005C,RO,,2018,population_total,"Population on 1 January, total"
A,DE1001V,RO006C,2015,222850,,,RO006C,RO,,2015,population_total,"Population on 1 January, total"
A,DE1001V,RO006C,2017,221796,d,,RO006C,RO,,2017,population_total,"Population on 1 January, total"
A,DE1001V,RO006C,2018,221407,d,,RO006C,RO,,2018,population_total,"Population on 1 January, total"
A,DE1001V,RO007C,2015,197362,,,RO007C,RO,,2015,population_total,"Population on 1 January, total"
A,DE1001V,RO007C,2017,197285,d,,RO007C,RO,,2017,population_total,"Population on 1 January, total"
A,DE1001V,RO007C,2018,197155,d,,RO007C,RO,,2018,population_total,"Population on 1 January, total"
A,DE1001V,RO008C,2015,179155,,,RO008C,RO,,2015,population_total,"Population on 1 January, total"
A,DE1001V,RO008C,2017,177464,d,,RO008C,RO,,2017,population_total,"Population on 1 January, total"
A,DE1001V,RO008C,2018,176846,d,,RO008C,RO,,2018,population_total,"Population on 1 January, total"
A,DE1001V,RO009C,2015,169880,,,RO009C,RO,,2015,population_total,"Population on 1 January, total"
A,DE1001V,RO009C,2017,169177,d,,RO009C,RO,,2017,population_total,"Population on 1 January, total"
A,DE1001V,RO009C,2018,168697,d,,RO009C,RO,,2018,population_total,"Population on 1 January, total"
A,DE1001V,RO010C,2015,150286,,,RO010C,RO,,2015,population_total,"Population on 1 January, total"
A,DE1001V,RO010C,2017,148490,d,,RO010C,RO,,2017,population_total,"Population on 1 January, total"
A,DE1001V,RO010C,2018,147674,d,,RO010C,RO,,2018,population_total,"Population on 1 January, total"
A,DE1001V,RO011C,2015,115369,,,RO011C,RO,,2015,population_total,"Population on 1 January, total"
A,DE1001V,RO011C,2017,113396,d,,RO011C,RO,,2017,population_total,"Population on 1 January, total"
A,DE1001V,RO011C,2018,112786,d,,RO011C,RO,,2018,population_total,"Population on 1 January, total"
A,DE1001V,RO012C,2015,77735,,,RO012C,RO,,2015,population_total,"Population on 1 January, total"
A,DE1001V,RO012C,2017,76380,d,,RO012C,RO,,2017,population_total,"Population on 1 January, total"
A,DE1001V,RO012C,2018,75810,d,,RO012C,RO,,2018,population_total,"Population on 1 January, total"
A,DE1001V,RO013C,2015,69105,,,RO013C,RO,,2015,population_total,"Population on 1 January, total"
A,DE1001V,RO013C,2017,67721,d,,RO013C,RO,,2017,population_total,"Population on 1 January, total"
A,DE1001V,RO013C,2018,67121,d,,RO013C,RO,,2018,population_total,"Population on 1 January, total"
A,DE1001V,RO014C,2015,74283,,,RO014C,RO,,2015,population_total,"Population on 1 January, total"
A,DE1001V,RO014C,2017,74574,d,,RO014C,RO,,2017,population_total,"Population on 1 January, total"
A,DE1001V,RO014C,2018,74659,d,,RO014C,RO,,2018,population_total,"Population on 1 January, total"
A,DE1001V,RO015C,2015,94474,,,RO015C,RO,,2015,population_total,"Population on 1 January, total"
A,DE1001V,RO015C,2017,92936,d,,RO015C,RO,,2017,population_total,"Population on 1 January, total"
A,DE1001V,RO015C,2018,92205,d,,RO015C,RO,,2018,population_total,"Population on 1 January, total"
A,DE1001V,RO016C,2015,96887,,,RO016C,RO,,2015,population_total,"Population on 1 January, total"
A,DE1001V,RO016C,2017,95869,d,,RO016C,RO,,2017,population_total,"Population on 1 January, total"
A,DE1001V,RO016C,2018,95351,d,,RO016C,RO,,2018,population_total,"Population on 1 January, total"
A,DE1001V,RO017C,2015,89747,,,RO017C,RO,,2015,population_total,"Population on 1 January, total"
A,DE1001V,RO017C,2017,87698,d,,RO017C,RO,,2017,population_total,"Population on 1 January, total"
A,DE1001V,RO017C,2018,86520,d,,RO017C,RO,,2018,population_total,"Population on 1 January, total"
A,DE1001V,RO018C,2015,93626,,,RO018C,RO,,2015,population_total,"Population on 1 January, total"
A,DE1001V,RO018C,2017,92090,d,,RO018C,RO,,2017,population_total,"Population on 1 January, total"
A,DE1001V,RO018C,2018,91884,d,,RO018C,RO,,2018,population_total,"Population on 1 January, total"
A,DE1001V,RO019C,2015,84593,,,RO019C,RO,,2015,population_total,"Population on 1 January, total"
A,DE1001V,RO019C,2017,83389,d,,RO019C,RO,,2017,population_total,"Population on 1 January, total"
A,DE1001V,RO019C,2018,82931,d,,RO019C,RO,,2018,population_total,"Population on 1 January, total"
A,DE1001V,RO020C,2015,72926,,,RO020C,RO,,2015,population_total,"Population on 1 January, total"
A,DE1001V,RO020C,2017,71431,d,,RO020C,RO,,2017,population_total,"Population on 1 January, total"
A,DE1001V,RO020C,2018,70680,d,,RO020C,RO,,2018,population_total,"Population on 1 January, total"
A,DE1001V,RO021C,2015,70747,,,RO021C,RO,,2015,population_total,"Population on 1 January, total"
A,DE1001V,RO021C,2017,69479,d,,RO021C,RO,,2017,population_total,"Population on 1 January, total"
A,DE1001V,RO021C,2018,69229,d,,RO021C,RO,,2018,population_total,"Population on 1 January, total"
A,DE1001V,RO022C,2015,93415,,,RO022C,RO,,2015,population_total,"Population on 1 January, total"
A,DE1001V,RO022C,2017,93950,d,,RO022C,RO,,2017,population_total,"Population on 1 January, total"
A,DE1001V,RO022C,2018,94139,d,,RO022C,RO,,2018,population_total,"Population on 1 January, total"
A,DE1001V,RO023C,2015,317974,,,RO023C,RO,,2015,population_total,"Population on 1 January, total"
A,DE1001V,RO023C,2017,314816,d,,RO023C,RO,,2017,population_total,"Population on 1 January, total"
A,DE1001V,RO023C,2018,313021,d,,RO023C,RO,,2018,population_total,"Population on 1 January, total"
A,DE1001V,RO024C,2015,363312,,,RO024C,RO,,2015,population_total,"Population on 1 January, total"
A,DE1001V,RO024C,2017,373507,d,,RO024C,RO,,2017,population_total,"Population on 1 January, total"
A,DE1001V,RO024C,2018,378954,d,,RO024C,RO,,2018,population_total,"Population on 1 January, total"
A,DE1001V,RO025C,2015,304610,,,RO025C,RO,,2015,population_total,"Population on 1 January, total"
A,DE1001V,RO025C,2017,303069,d,,RO025C,RO,,2017,population_total,"Population on 1 January, total"
A,DE1001V,RO025C,2018,304050,d,,RO025C,RO,,2018,population_total,"Population on 1 January, total"
A,DE1001V,RO026C,2015,290955,,,RO026C,RO,,2015,population_total,"Population on 1 January, total"
A,DE1001V,RO026C,2017,289878,d,,RO026C,RO,,2017,population_total,"Population on 1 January, total"
A,DE1001V,RO026C,2018,289360,d,,RO026C,RO,,2018,population_total,"Population on 1 January, total"
A,DE1001V,RO027C,2015,233762,,,RO027C,RO,,2015,population_total,"Population on 1 January, total"
A,DE1001V,RO027C,2017,229641,d,,RO027C,RO,,2017,population_total,"Population on 1 January, total"
A,DE1001V,RO027C,2018,227445,d,,RO027C,RO,,2018,population_total,"Population on 1 January, total"
A,DE1001V,RO028C,2015,176803,,,RO028C,RO,,2015,population_total,"Population on 1 January, total"
A,DE1001V,RO028C,2017,175047,d,,RO028C,RO,,2017,population_total,"Population on 1 January, total"
A,DE1001V,RO028C,2018,173985,d,,RO028C,RO,,2018,population_total,"Population on 1 January, total"
A,DE1001V,RO029C,2015,147897,,,RO029C,RO,,2015,population_total,"Population on 1 January, total"
A,DE1001V,RO029C,2017,146241,d,,RO029C,RO,,2017,population_total,"Population on 1 January, total"
A,DE1001V,RO029C,2018,145444,d,,RO029C,RO,,2018,population_total,"Population on 1 January, total"
A,DE1001V,RO030C,2015,135662,,,RO030C,RO,,2015,population_total,"Population on 1 January, total"
A,DE1001V,RO030C,2017,133376,d,,RO030C,RO,,2017,population_total,"Population on 1 January, total"
A,DE1001V,RO030C,2018,132288,d,,RO030C,RO,,2018,population_total,"Population on 1 January, total"
A,DE1001V,RO031C,2015,122560,,,RO031C,RO,,2015,population_total,"Population on 1 January, total"
A,DE1001V,RO031C,2017,120736,d,,RO031C,RO,,2017,population_total,"Population on 1 January, total"
A,DE1001V,RO031C,2018,119788,d,,RO031C,RO,,2018,population_total,"Population on 1 January, total"
A,DE1001V,RO032C,2015,122433,,,RO032C,RO,,2015,population_total,"Population on 1 January, total"
A,DE1001V,RO032C,2017,120902,d,,RO032C,RO,,2017,population_total,"Population on 1 January, total"
A,DE1001V,RO032C,2018,120153,d,,RO032C,RO,,2018,population_total,"Population on 1 January, total"
A,DE1001V,RO033C,2015,118832,,,RO033C,RO,,2015,population_total,"Population on 1 January, total"
A,DE1001V,RO033C,2017,118111,d,,RO033C,RO,,2017,population_total,"Population on 1 January, total"
A,DE1001V,RO033C,2018,117776,d,,RO033C,RO,,2018,population_total,"Population on 1 January, total"
A,DE1001V,RO034C,2015,116666,,,RO034C,RO,,2015,population_total,"Population on 1 January, total"
A,DE1001V,RO034C,2017,122231,d,,RO034C,RO,,2017,population_total,"Population on 1 January, total"
A,DE1001V,RO034C,2018,124589,d,,RO034C,RO,,2018,population_total,"Population on 1 January, total"
A,DE1001V,RO035C,2015,109730,,,RO035C,RO,,2015,population_total,"Population on 1 January, total"
A,DE1001V,RO035C,2017,107614,d,,RO035C,RO,,2017,population_total,"Population on 1 January, total"
A,DE1001V,RO035C,2018,106707,d,,RO035C,RO,,2018,population_total,"Population on 1 January, total"
A,DE1001V,SE,2015,9747354,,,SE,SE,,2015,population_total,"Population on 1 January, total"
A,DE1001V,SE,2016,9851018,,,SE,SE,,2016,population_total,"Population on 1 January, total"
A,DE1001V,SE,2017,9995153,,,SE,SE,,2017,population_total,"Population on 1 January, total"
A,DE1001V,SE,2018,10120241,,,SE,SE,,2018,population_total,"Population on 1 January, total"
A,DE1001V,SE,2019,10230182,,,SE,SE,,2019,population_total,"Population on 1 January, total"
A,DE1001V,SE,2020,10327591,,,SE,SE,,2020,population_total,"Population on 1 January, total"
A,DE1001V,SE,2021,10379296,,,SE,SE,,2021,population_total,"Population on 1 January, total"
A,DE1001V,SE,2022,10452325,,,SE,SE,,2022,population_total,"Population on 1 January, total"
A,DE1001V,SE,2023,10521554,,,SE,SE,,2023,population_total,"Population on 1 January, total"
A,DE1001V,SE001C,2015,1464814,,,SE001C,SE,,2015,population_total,"Population on 1 January, total"
A,DE1001V,SE001C,2016,1486954,,,SE001C,SE,,2016,population_total,"Population on 1 January, total"
A,DE1001V,SE001C,2017,1510464,,,SE001C,SE,,2017,population_total,"Population on 1 January, total"
A,DE1001V,SE001C,2018,1534977,,,SE001C,SE,,2018,population_total,"Population on 1 January, total"
A,DE1001V,SE001C,2019,1556805,,,SE001C,SE,,2019,population_total,"Population on 1 January, total"
A,DE1001V,SE001C,2020,1576798,,,SE001C,SE,,2020,population_total,"Population on 1 January, total"
A,DE1001V,SE001C,2021,1582164,,,SE001C,SE,,2021,population_total,"Population on 1 January, total"
A,DE1001V,SE001C,2022,1592734,,,SE001C,SE,,2022,population_total,"Population on 1 January, total"
A,DE1001V,SE001C,2023,1605943,,,SE001C,SE,,2023,population_total,"Population on 1 January, total"
A,DE1001V,SE002C,2015,640597,,,SE002C,SE,,2015,population_total,"Population on 1 January, total"
A,DE1001V,SE002C,2016,648507,,,SE002C,SE,,2016,population_total,"Population on 1 January, total"
A,DE1001V,SE002C,2017,658421,,,SE002C,SE,,2017,population_total,"Population on 1 January, total"
A,DE1001V,SE002C,2018,668040,,,SE002C,SE,,2018,population_total,"Population on 1 January, total"
A,DE1001V,SE002C,2019,678461,,,SE002C,SE,,2019,population_total,"Population on 1 January, total"
A,DE1001V,SE002C,2020,687933,,,SE002C,SE,,2020,population_total,"Population on 1 January, total"
A,DE1001V,SE002C,2021,692467,,,SE002C,SE,,2021,population_total,"Population on 1 January, total"
A,DE1001V,SE002C,2022,697020,,,SE002C,SE,,2022,population_total,"Population on 1 January, total"
A,DE1001V,SE002C,2023,706801,,,SE002C,SE,,2023,population_total,"Population on 1 January, total"
A,DE1001V,SE003C,2015,318109,,,SE003C,SE,,2015,population_total,"Population on 1 January, total"
A,DE1001V,SE003C,2016,322576,,,SE003C,SE,,2016,population_total,"Population on 1 January, total"
A,DE1001V,SE003C,2017,328492,,,SE003C,SE,,2017,population_total,"Population on 1 January, total"
A,DE1001V,SE003C,2018,333633,,,SE003C,SE,,2018,population_total,"Population on 1 January, total"
A,DE1001V,SE003C,2019,339313,,,SE003C,SE,,2019,population_total,"Population on 1 January, total"
A,DE1001V,SE003C,2020,344165,,,SE003C,SE,,2020,population_total,"Population on 1 January, total"
A,DE1001V,SE003C,2021,347947,,,SE003C,SE,,2021,population_total,"Population on 1 January, total"
A,DE1001V,SE003C,2022,351751,,,SE003C,SE,,2022,population_total,"Population on 1 January, total"
A,DE1001V,SE003C,2023,357376,,,SE003C,SE,,2023,population_total,"Population on 1 January, total"
A,DE1001V,SE004C,2017,135297,,,SE004C,SE,,2017,population_total,"Population on 1 January, total"
A,DE1001V,SE004C,2018,137481,,,SE004C,SE,,2018,population_total,"Population on 1 January, total"
A,DE1001V,SE005C,2015,119612,,,SE005C,SE,,2015,population_total,"Population on 1 January, total"
A,DE1001V,SE005C,2016,120778,,,SE005C,SE,,2016,population_total,"Population on 1 January, total"
A,DE1001V,SE005C,2017,122894,,,SE005C,SE,,2017,population_total,"Population on 1 January, total"
A,DE1001V,SE005C,2018,125080,,,SE005C,SE,,2018,population_total,"Population on 1 January, total"
A,DE1001V,SE005C,2019,127119,,,SE005C,SE,,2019,population_total,"Population on 1 January, total"
A,DE1001V,SE005C,2020,128903,,,SE005C,SE,,2020,population_total,"Population on 1 January, total"
A,DE1001V,SE005C,2021,130226,,,SE005C,SE,,2021,population_total,"Population on 1 January, total"
A,DE1001V,SE005C,2022,130998,,,SE005C,SE,,2022,population_total,"Population on 1 January, total"
A,DE1001V,SE005C,2023,132234,,,SE005C,SE,,2023,population_total,"Population on 1 January, total"
A,DE1001V,SE006C,2015,207362,,,SE006C,SE,,2015,population_total,"Population on 1 January, total"
A,DE1001V,SE006C,2016,210128,,,SE006C,SE,,2016,population_total,"Population on 1 January, total"
A,DE1001V,SE006C,2017,214558,,,SE006C,SE,,2017,population_total,"Population on 1 January, total"
A,DE1001V,SE006C,2018,219916,,,SE006C,SE,,2018,population_total,"Population on 1 January, total"
A,DE1001V,SE006C,2019,225164,,,SE006C,SE,,2019,population_total,"Population on 1 January, total"
A,DE1001V,SE006C,2020,230766,,,SE006C,SE,,2020,population_total,"Population on 1 January, total"
A,DE1001V,SE006C,2021,233841,,,SE006C,SE,,2021,population_total,"Population on 1 January, total"
A,DE1001V,SE006C,2022,237596,,,SE006C,SE,,2022,population_total,"Population on 1 January, total"
A,DE1001V,SE006C,2023,242138,,,SE006C,SE,,2023,population_total,"Population on 1 January, total"
A,DE1001V,SE007C,2015,151884,,,SE007C,SE,,2015,population_total,"Population on 1 January, total"
A,DE1001V,SE007C,2016,152966,,,SE007C,SE,,2016,population_total,"Population on 1 January, total"
A,DE1001V,SE007C,2017,155819,,,SE007C,SE,,2017,population_total,"Population on 1 January, total"
A,DE1001V,SE007C,2018,158520,,,SE007C,SE,,2018,population_total,"Population on 1 January, total"
A,DE1001V,SE007C,2019,161035,,,SE007C,SE,,2019,population_total,"Population on 1 January, total"
A,DE1001V,SE007C,2020,163052,,,SE007C,SE,,2020,population_total,"Population on 1 January, total"
A,DE1001V,SE007C,2021,164616,,,SE007C,SE,,2021,population_total,"Population on 1 January, total"
A,DE1001V,SE007C,2022,165527,,,SE007C,SE,,2022,population_total,"Population on 1 January, total"
A,DE1001V,SE007C,2023,166672,,,SE007C,SE,,2023,population_total,"Population on 1 January, total"
A,DE1001V,SE008C,2015,142621,,,SE008C,SE,,2015,population_total,"Population on 1 January, total"
A,DE1001V,SE008C,2016,144197,,,SE008C,SE,,2016,population_total,"Population on 1 January, total"
A,DE1001V,SE008C,2017,146634,,,SE008C,SE,,2017,population_total,"Population on 1 January, total"
A,DE1001V,SE008C,2018,150290,,,SE008C,SE,,2018,population_total,"Population on 1 January, total"
A,DE1001V,SE008C,2019,153368,,,SE008C,SE,,2019,population_total,"Population on 1 January, total"
A,DE1001V,SE008C,2020,155698,,,SE008C,SE,,2020,population_total,"Population on 1 January, total"
A,DE1001V,SE008C,2021,156379,,,SE008C,SE,,2021,population_total,"Population on 1 January, total"
A,DE1001V,SE008C,2022,156988,,,SE008C,SE,,2022,population_total,"Population on 1 January, total"
A,DE1001V,SE008C,2023,158058,,,SE008C,SE,,2023,population_total,"Population on 1 January, total"
A,DE1001V,SE009C,2015,92235,,,SE009C,SE,,2015,population_total,"Population on 1 January, total"
A,DE1001V,SE009C,2016,93201,,,SE009C,SE,,2016,population_total,"Population on 1 January, total"
A,DE1001V,SE009C,2017,94630,,,SE009C,SE,,2017,population_total,"Population on 1 January, total"
A,DE1001V,SE009C,2018,96031,,,SE009C,SE,,2018,population_total,"Population on 1 January, total"
A,DE1001V,SE009C,2019,97384,,,SE009C,SE,,2019,population_total,"Population on 1 January, total"
A,DE1001V,SE009C,2020,98980,,,SE009C,SE,,2020,population_total,"Population on 1 January, total"
A,DE1001V,SE009C,2021,100112,,,SE009C,SE,,2021,population_total,"Population on 1 January, total"
A,DE1001V,SE009C,2022,101209,,,SE009C,SE,,2022,population_total,"Population on 1 January, total"
A,DE1001V,SE009C,2023,102425,,,SE009C,SE,,2023,population_total,"Population on 1 January, total"
A,DE1001V,SE010C,2015,143701,,,SE010C,SE,,2015,population_total,"Population on 1 January, total"
A,DE1001V,SE010C,2016,145218,,,SE010C,SE,,2016,population_total,"Population on 1 January, total"
A,DE1001V,SE010C,2017,147419,,,SE010C,SE,,2017,population_total,"Population on 1 January, total"
A,DE1001V,SE010C,2018,150133,,,SE010C,SE,,2018,population_total,"Population on 1 January, total"
A,DE1001V,SE010C,2019,152075,,,SE010C,SE,,2019,population_total,"Population on 1 January, total"
A,DE1001V,SE010C,2020,154049,,,SE010C,SE,,2020,population_total,"Population on 1 January, total"
A,DE1001V,SE010C,2021,155549,,,SE010C,SE,,2021,population_total,"Population on 1 January, total"
A,DE1001V,SE010C,2022,156839,,,SE010C,SE,,2022,population_total,"Population on 1 January, total"
A,DE1001V,SE010C,2023,158654,,,SE010C,SE,,2023,population_total,"Population on 1 January, total"
A,DE1001V,SE011C,2015,135285,,,SE011C,SE,,2015,population_total,"Population on 1 January, total"
A,DE1001V,SE011C,2016,137033,,,SE011C,SE,,2016,population_total,"Population on 1 January, total"
A,DE1001V,SE011C,2017,139365,,,SE011C,SE,,2017,population_total,"Population on 1 January, total"
A,DE1001V,SE011C,2018,140928,,,SE011C,SE,,2018,population_total,"Population on 1 January, total"
A,DE1001V,SE011C,2019,141675,,,SE011C,SE,,2019,population_total,"Population on 1 January, total"
A,DE1001V,SE011C,2020,143171,,,SE011C,SE,,2020,population_total,"Population on 1 January, total"
A,DE1001V,SE011C,2021,143479,,,SE011C,SE,,2021,population_total,"Population on 1 January, total"
A,DE1001V,SE011C,2022,144457,,,SE011C,SE,,2022,population_total,"Population on 1 January, total"
A,DE1001V,SE011C,2023,145121,,,SE011C,SE,,2023,population_total,"Population on 1 January, total"
A,DE1001V,SE012C,2015,135343,,,SE012C,SE,,2015,population_total,"Population on 1 January, total"
A,DE1001V,SE012C,2016,137908,,,SE012C,SE,,2016,population_total,"Population on 1 January, total"
A,DE1001V,SE012C,2017,140548,,,SE012C,SE,,2017,population_total,"Population on 1 January, total"
A,DE1001V,SE012C,2018,143303,,,SE012C,SE,,2018,population_total,"Population on 1 January, total"
A,DE1001V,SE012C,2019,145416,,,SE012C,SE,,2019,population_total,"Population on 1 January, total"
A,DE1001V,SE012C,2020,147734,,,SE012C,SE,,2020,population_total,"Population on 1 January, total"
A,DE1001V,SE012C,2021,149279,,,SE012C,SE,,2021,population_total,"Population on 1 January, total"
A,DE1001V,SE012C,2022,150111,,,SE012C,SE,,2022,population_total,"Population on 1 January, total"
A,DE1001V,SE012C,2023,150978,,,SE012C,SE,,2023,population_total,"Population on 1 January, total"
A,DE1001V,SE013C,2015,115967,,,SE013C,SE,,2015,population_total,"Population on 1 January, total"
A,DE1001V,SE013C,2016,116835,,,SE013C,SE,,2016,population_total,"Population on 1 January, total"
A,DE1001V,SE013C,2017,118542,,,SE013C,SE,,2017,population_total,"Population on 1 January, total"
A,DE1001V,SE013C,2018,121277,,,SE013C,SE,,2018,population_total,"Population on 1 January, total"
A,DE1001V,SE013C,2019,122950,,,SE013C,SE,,2019,population_total,"Population on 1 January, total"
A,DE1001V,SE013C,2020,124936,,,SE013C,SE,,2020,population_total,"Population on 1 January, total"
A,DE1001V,SE013C,2021,125941,,,SE013C,SE,,2021,population_total,"Population on 1 January, total"
A,DE1001V,SE013C,2022,127374,,,SE013C,SE,,2022,population_total,"Population on 1 January, total"
A,DE1001V,SE013C,2023,128384,,,SE013C,SE,,2023,population_total,"Population on 1 January, total"
A,DE1001V,SE014C,2015,107022,,,SE014C,SE,,2015,population_total,"Population on 1 January, total"
A,DE1001V,SE014C,2016,108490,,,SE014C,SE,,2016,population_total,"Population on 1 January, total"
A,DE1001V,SE014C,2017,109879,,,SE014C,SE,,2017,population_total,"Population on 1 January, total"
A,DE1001V,SE014C,2018,111027,,,SE014C,SE,,2018,population_total,"Population on 1 January, total"
A,DE1001V,SE014C,2019,112175,,,SE014C,SE,,2019,population_total,"Population on 1 January, total"
A,DE1001V,SE014C,2020,113180,,,SE014C,SE,,2020,population_total,"Population on 1 January, total"
A,DE1001V,SE014C,2021,113715,,,SE014C,SE,,2021,population_total,"Population on 1 January, total"
A,DE1001V,SE014C,2022,114093,,,SE014C,SE,,2022,population_total,"Population on 1 January, total"
A,DE1001V,SE014C,2023,114447,,,SE014C,SE,,2023,population_total,"Population on 1 January, total"
A,DE1001V,SE015C,2015,86969,,,SE015C,SE,,2015,population_total,"Population on 1 January, total"
A,DE1001V,SE015C,2016,88108,,,SE015C,SE,,2016,population_total,"Population on 1 January, total"
A,DE1001V,SE015C,2017,89498,,,SE015C,SE,,2017,population_total,"Population on 1 January, total"
A,DE1001V,SE015C,2018,91059,,,SE015C,SE,,2018,population_total,"Population on 1 January, total"
A,DE1001V,SE015C,2019,92567,,,SE015C,SE,,2019,population_total,"Population on 1 January, total"
A,DE1001V,SE015C,2020,94130,,,SE015C,SE,,2020,population_total,"Population on 1 January, total"
A,DE1001V,SE015C,2021,94859,,,SE015C,SE,,2021,population_total,"Population on 1 January, total"
A,DE1001V,SE015C,2022,95995,,,SE015C,SE,,2022,population_total,"Population on 1 January, total"
A,DE1001V,SE015C,2023,97136,,,SE015C,SE,,2023,population_total,"Population on 1 January, total"
A,DE1001V,SI,2015,2062874,,,SI,SI,,2015,population_total,"Population on 1 January, total"
A,DE1001V,SI,2016,2064188,,,SI,SI,,2016,population_total,"Population on 1 January, total"
A,DE1001V,SI,2017,2065895,,,SI,SI,,2017,population_total,"Population on 1 January, total"
A,DE1001V,SI,2018,2066880,,,SI,SI,,2018,population_total,"Population on 1 January, total"
A,DE1001V,SI,2021,2108977,,,SI,SI,,2021,population_total,"Population on 1 January, total"
A,DE1001V,SI,2022,2107180,,,SI,SI,,2022,population_total,"Population on 1 January, total"
A,DE1001V,SI,2023,2116972,,,SI,SI,,2023,population_total,"Population on 1 January, total"
A,DE1001V,SI001C,2015,287218,,,SI001C,SI,,2015,population_total,"Population on 1 January, total"
A,DE1001V,SI001C,2016,288307,,,SI001C,SI,,2016,population_total,"Population on 1 January, total"
A,DE1001V,SI001C,2017,288919,,,SI001C,SI,,2017,population_total,"Population on 1 January, total"
A,DE1001V,SI001C,2018,289518,,,SI001C,SI,,2018,population_total,"Population on 1 January, total"
A,DE1001V,SI001C,2019,292988,,,SI001C,SI,,2019,population_total,"Population on 1 January, total"
A,DE1001V,SI001C,2020,295504,,,SI001C,SI,,2020,population_total,"Population on 1 January, total"
A,DE1001V,SI001C,2021,294464,,,SI001C,SI,,2021,population_total,"Population on 1 January, total"
A,DE1001V,SI001C,2022,293218,,,SI001C,SI,,2022,population_total,"Population on 1 January, total"
A,DE1001V,SI001C,2023,296228,,,SI001C,SI,,2023,population_total,"Population on 1 January, total"
A,DE1001V,SI002C,2015,112325,,,SI002C,SI,,2015,population_total,"Population on 1 January, total"
A,DE1001V,SI002C,2016,111832,,,SI002C,SI,,2016,population_total,"Population on 1 January, total"
A,DE1001V,SI002C,2017,111079,,,SI002C,SI,,2017,population_total,"Population on 1 January, total"
A,DE1001V,SI002C,2018,110871,,,SI002C,SI,,2018,population_total,"Population on 1 January, total"
A,DE1001V,SI002C,2019,112065,,,SI002C,SI,,2019,population_total,"Population on 1 January, total"
A,DE1001V,SI002C,2020,112682,,,SI002C,SI,,2020,population_total,"Population on 1 January, total"
A,DE1001V,SI002C,2021,113778,,,SI002C,SI,,2021,population_total,"Population on 1 January, total"
A,DE1001V,SI002C,2022,113004,,,SI002C,SI,,2022,population_total,"Population on 1 January, total"
A,DE1001V,SI002C,2023,113000,,,SI002C,SI,,2023,population_total,"Population on 1 January, total"
A,DE1001V,SK,2015,5421349,,,SK,SK,,2015,population_total,"Population on 1 January, total"
A,DE1001V,SK,2016,5426252,,,SK,SK,,2016,population_total,"Population on 1 January, total"
A,DE1001V,SK,2017,5435343,,,SK,SK,,2017,population_total,"Population on 1 January, total"
A,DE1001V,SK,2018,5443120,,,SK,SK,,2018,population_total,"Population on 1 January, total"
A,DE1001V,SK,2019,5450421,,,SK,SK,,2019,population_total,"Population on 1 January, total"
A,DE1001V,SK,2020,5457873,,,SK,SK,,2020,population_total,"Population on 1 January, total"
A,DE1001V,SK,2021,5449270,,,SK,SK,,2021,population_total,"Population on 1 January, total"
A,DE1001V,SK,2022,5434712,,,SK,SK,,2022,population_total,"Population on 1 January, total"
A,DE1001V,SK001C,2015,419678,,,SK001C,SK,,2015,population_total,"Population on 1 January, total"
A,DE1001V,SK001C,2016,422932,,,SK001C,SK,,2016,population_total,"Population on 1 January, total"
A,DE1001V,SK001C,2017,425923,,,SK001C,SK,,2017,population_total,"Population on 1 January, total"
A,DE1001V,SK001C,2018,429564,,,SK001C,SK,,2018,population_total,"Population on 1 January, total"
A,DE1001V,SK001C,2019,432864,,,SK001C,SK,,2019,population_total,"Population on 1 January, total"
A,DE1001V,SK001C,2020,437726,,,SK001C,SK,,2020,population_total,"Population on 1 January, total"
A,DE1001V,SK001C,2021,475503,,,SK001C,SK,,2021,population_total,"Population on 1 January, total"
A,DE1001V,SK001C,2022,475577,,,SK001C,SK,,2022,population_total,"Population on 1 January, total"
A,DE1001V,SK002C,2015,239464,,,SK002C,SK,,2015,population_total,"Population on 1 January, total"
A,DE1001V,SK002C,2016,239200,,,SK002C,SK,,2016,population_total,"Population on 1 January, total"
A,DE1001V,SK002C,2017,239141,,,SK002C,SK,,2017,population_total,"Population on 1 January, total"
A,DE1001V,SK002C,2018,239095,,,SK002C,SK,,2018,population_total,"Population on 1 January, total"
A,DE1001V,SK002C,2019,238757,,,SK002C,SK,,2019,population_total,"Population on 1 January, total"
A,DE1001V,SK002C,2020,238593,,,SK002C,SK,,2020,population_total,"Population on 1 January, total"
A,DE1001V,SK002C,2021,229040,,,SK002C,SK,,2021,population_total,"Population on 1 January, total"
A,DE1001V,SK002C,2022,227458,,,SK002C,SK,,2022,population_total,"Population on 1 January, total"
A,DE1001V,SK003C,2015,79027,,,SK003C,SK,,2015,population_total,"Population on 1 January, total"
A,DE1001V,SK003C,2016,78758,,,SK003C,SK,,2016,population_total,"Population on 1 January, total"
A,DE1001V,SK003C,2017,78635,,,SK003C,SK,,2017,population_total,"Population on 1 January, total"
A,DE1001V,SK003C,2018,78484,,,SK003C,SK,,2018,population_total,"Population on 1 January, total"
A,DE1001V,SK003C,2019,78327,,,SK003C,SK,,2019,population_total,"Population on 1 January, total"
A,DE1001V,SK003C,2020,78084,,,SK003C,SK,,2020,population_total,"Population on 1 January, total"
A,DE1001V,SK003C,2021,76018,,,SK003C,SK,,2021,population_total,"Population on 1 January, total"
A,DE1001V,SK003C,2022,75317,,,SK003C,SK,,2022,population_total,"Population on 1 January, total"
A,DE1001V,SK004C,2015,78033,,,SK004C,SK,,2015,population_total,"Population on 1 January, total"
A,DE1001V,SK004C,2016,77670,,,SK004C,SK,,2016,population_total,"Population on 1 January, total"
A,DE1001V,SK004C,2017,77374,,,SK004C,SK,,2017,population_total,"Population on 1 January, total"
A,DE1001V,SK004C,2018,77048,,,SK004C,SK,,2018,population_total,"Population on 1 January, total"
A,DE1001V,SK004C,2019,76655,,,SK004C,SK,,2019,population_total,"Population on 1 January, total"
A,DE1001V,SK004C,2020,76533,,,SK004C,SK,,2020,population_total,"Population on 1 January, total"
A,DE1001V,SK004C,2021,78489,,,SK004C,SK,,2021,population_total,"Population on 1 January, total"
A,DE1001V,SK004C,2022,77610,,,SK004C,SK,,2022,population_total,"Population on 1 January, total"
A,DE1001V,SK005C,2015,90187,,,SK005C,SK,,2015,population_total,"Population on 1 January, total"
A,DE1001V,SK005C,2016,89959,,,SK005C,SK,,2016,population_total,"Population on 1 January, total"
A,DE1001V,SK005C,2017,89618,,,SK005C,SK,,2017,population_total,"Population on 1 January, total"
A,DE1001V,SK005C,2018,89138,,,SK005C,SK,,2018,population_total,"Population on 1 January, total"
A,DE1001V,SK005C,2019,88680,,,SK005C,SK,,2019,population_total,"Population on 1 January, total"
A,DE1001V,SK005C,2020,88464,,,SK005C,SK,,2020,population_total,"Population on 1 January, total"
A,DE1001V,SK005C,2021,84824,,,SK005C,SK,,2021,population_total,"Population on 1 January, total"
A,DE1001V,SK005C,2022,83897,,,SK005C,SK,,2022,population_total,"Population on 1 January, total"
A,DE1001V,SK006C,2015,81155,,,SK006C,SK,,2015,population_total,"Population on 1 January, total"
A,DE1001V,SK006C,2016,81114,,,SK006C,SK,,2016,population_total,"Population on 1 January, total"
A,DE1001V,SK006C,2017,81041,,,SK006C,SK,,2017,population_total,"Population on 1 January, total"
A,DE1001V,SK006C,2018,80978,,,SK006C,SK,,2018,population_total,"Population on 1 January, total"
A,DE1001V,SK006C,2019,80810,,,SK006C,SK,,2019,population_total,"Population on 1 January, total"
A,DE1001V,SK006C,2020,80727,,,SK006C,SK,,2020,population_total,"Population on 1 January, total"
A,DE1001V,SK006C,2021,82656,,,SK006C,SK,,2021,population_total,"Population on 1 January, total"
A,DE1001V,SK006C,2022,81940,,,SK006C,SK,,2022,population_total,"Population on 1 January, total"
A,DE1001V,SK007C,2015,65713,,,SK007C,SK,,2015,population_total,"Population on 1 January, total"
A,DE1001V,SK007C,2016,65596,,,SK007C,SK,,2016,population_total,"Population on 1 January, total"
A,DE1001V,SK007C,2017,65536,,,SK007C,SK,,2017,population_total,"Population on 1 January, total"
A,DE1001V,SK007C,2018,65382,,,SK007C,SK,,2018,population_total,"Population on 1 January, total"
A,DE1001V,SK007C,2019,65207,,,SK007C,SK,,2019,population_total,"Population on 1 January, total"
A,DE1001V,SK007C,2020,65033,,,SK007C,SK,,2020,population_total,"Population on 1 January, total"
A,DE1001V,SK007C,2021,63803,,,SK007C,SK,,2021,population_total,"Population on 1 January, total"
A,DE1001V,SK007C,2022,63194,,,SK007C,SK,,2022,population_total,"Population on 1 January, total"
A,DE1001V,SK008C,2015,55857,,,SK008C,SK,,2015,population_total,"Population on 1 January, total"
A,DE1001V,SK008C,2016,55698,,,SK008C,SK,,2016,population_total,"Population on 1 January, total"
A,DE1001V,SK008C,2017,55593,,,SK008C,SK,,2017,population_total,"Population on 1 January, total"
A,DE1001V,SK008C,2018,55537,,,SK008C,SK,,2018,population_total,"Population on 1 January, total"
A,DE1001V,SK008C,2019,55333,,,SK008C,SK,,2019,population_total,"Population on 1 January, total"
A,DE1001V,SK008C,2020,55383,,,SK008C,SK,,2020,population_total,"Population on 1 January, total"
A,DE1001V,SK008C,2021,54740,,,SK008C,SK,,2021,population_total,"Population on 1 January, total"
A,DE1001V,SK008C,2022,54458,,,SK008C,SK,,2022,population_total,"Population on 1 January, total"
A,DE1001V,UK,2015,64853393,,,UK,UK,,2015,population_total,"Population on 1 January, total"
A,DE1001V,UK,2016,65379044,,,UK,UK,,2016,population_total,"Population on 1 January, total"
A,DE1001V,UK,2017,65844142,b,,UK,UK,,2017,population_total,"Population on 1 January, total"
A,DE1001V,UK001C,2015,8606201,,,UK001C,UK,,2015,population_total,"Population on 1 January, total"
A,DE1001V,UK001C,2016,8730803,,,UK001C,UK,,2016,population_total,"Population on 1 January, total"
A,DE1001V,UK001C,2017,8797330,b,,UK001C,UK,,2017,population_total,"Population on 1 January, total"
A,DE1001V,UK001C,2018,8866541,,,UK001C,UK,,2018,population_total,"Population on 1 January, total"
A,DE1001V,UK002C,2015,1106334,,,UK002C,UK,,2015,population_total,"Population on 1 January, total"
A,DE1001V,UK002C,2016,1117938,,,UK002C,UK,,2016,population_total,"Population on 1 January, total"
A,DE1001V,UK002C,2017,1132600,b,,UK002C,UK,,2017,population_total,"Population on 1 January, total"
A,DE1001V,UK002C,2018,1139249,,,UK002C,UK,,2018,population_total,"Population on 1 January, total"
A,DE1001V,UK003C,2015,770230,,,UK003C,UK,,2015,population_total,"Population on 1 January, total"
A,DE1001V,UK003C,2016,777902,,,UK003C,UK,,2016,population_total,"Population on 1 January, total"
A,DE1001V,UK003C,2017,782967,b,,UK003C,UK,,2017,population_total,"Population on 1 January, total"
A,DE1001V,UK003C,2018,787020,,,UK003C,UK,,2018,population_total,"Population on 1 January, total"
A,DE1001V,UK004C,2015,602990,,,UK004C,UK,,2015,population_total,"Population on 1 January, total"
A,DE1001V,UK004C,2016,610705,,,UK004C,UK,,2016,population_total,"Population on 1 January, total"
A,DE1001V,UK004C,2017,618045,,,UK004C,UK,,2017,population_total,"Population on 1 January, total"
A,DE1001V,UK004C,2018,623715,,,UK004C,UK,,2018,population_total,"Population on 1 January, total"
A,DE1001V,UK005C,2015,529666,,,UK005C,UK,,2015,population_total,"Population on 1 January, total"
A,DE1001V,UK005C,2016,532728,,,UK005C,UK,,2016,population_total,"Population on 1 January, total"
A,DE1001V,UK005C,2017,533670,b,,UK005C,UK,,2017,population_total,"Population on 1 January, total"
A,DE1001V,UK005C,2018,535987,,,UK005C,UK,,2018,population_total,"Population on 1 January, total"
A,DE1001V,UK006C,2015,475827,,,UK006C,UK,,2015,population_total,"Population on 1 January, total"
A,DE1001V,UK006C,2016,481579,,,UK006C,UK,,2016,population_total,"Population on 1 January, total"
A,DE1001V,UK006C,2017,489577,b,,UK006C,UK,,2017,population_total,"Population on 1 January, total"
A,DE1001V,UK006C,2018,493182,,,UK006C,UK,,2018,population_total,"Population on 1 January, total"
A,DE1001V,UK007C,2015,495710,,,UK007C,UK,,2015,population_total,"Population on 1 January, total"
A,DE1001V,UK007C,2016,502990,,,UK007C,UK,,2016,population_total,"Population on 1 January, total"
A,DE1001V,UK007C,2017,510190,,,UK007C,UK,,2017,population_total,"Population on 1 January, total"
A,DE1001V,UK007C,2018,515855,,,UK007C,UK,,2018,population_total,"Population on 1 January, total"
A,DE1001V,UK008C,2015,525254,,,UK008C,UK,,2015,population_total,"Population on 1 January, total"
A,DE1001V,UK008C,2016,535778,,,UK008C,UK,,2016,population_total,"Population on 1 January, total"
A,DE1001V,UK008C,2017,543410,b,,UK008C,UK,,2017,population_total,"Population on 1 January, total"
A,DE1001V,UK008C,2018,546564,,,UK008C,UK,,2018,population_total,"Population on 1 January, total"
A,DE1001V,UK009C,2015,355727,,,UK009C,UK,,2015,population_total,"Population on 1 January, total"
A,DE1001V,UK009C,2016,359314,,,UK009C,UK,,2016,population_total,"Population on 1 January, total"
A,DE1001V,UK009C,2017,361962,b,,UK009C,UK,,2017,population_total,"Population on 1 January, total"
A,DE1001V,UK009C,2018,363502,,,UK009C,UK,,2018,population_total,"Population on 1 January, total"
A,DE1001V,UK010C,2015,566743,,,UK010C,UK,,2015,population_total,"Population on 1 January, total"
A,DE1001V,UK010C,2016,572581,,,UK010C,UK,,2016,population_total,"Population on 1 January, total"
A,DE1001V,UK010C,2017,575920,b,,UK010C,UK,,2017,population_total,"Population on 1 January, total"
A,DE1001V,UK010C,2018,580148,,,UK010C,UK,,2018,population_total,"Population on 1 January, total"
A,DE1001V,UK011C,2015,445901,,,UK011C,UK,,2015,population_total,"Population on 1 January, total"
A,DE1001V,UK011C,2016,451771,,,UK011C,UK,,2016,population_total,"Population on 1 January, total"
A,DE1001V,UK011C,2017,457609,b,,UK011C,UK,,2017,population_total,"Population on 1 January, total"
A,DE1001V,UK011C,2018,461329,,,UK011C,UK,,2018,population_total,"Population on 1 January, total"
A,DE1001V,UK012C,2015,337869,b,,UK012C,UK,,2015,population_total,"Population on 1 January, total"
A,DE1001V,UK012C,2016,339243,,,UK012C,UK,,2016,population_total,"Population on 1 January, total"
A,DE1001V,UK012C,2017,339900,,,UK012C,UK,,2017,population_total,"Population on 1 January, total"
A,DE1001V,UK012C,2018,341049,,,UK012C,UK,,2018,population_total,"Population on 1 January, total"
A,DE1001V,UK013C,2015,291359,,,UK013C,UK,,2015,population_total,"Population on 1 January, total"
A,DE1001V,UK013C,2016,294681,,,UK013C,UK,,2016,population_total,"Population on 1 January, total"
A,DE1001V,UK013C,2017,294778,b,,UK013C,UK,,2017,population_total,"Population on 1 January, total"
A,DE1001V,UK013C,2018,298019,,,UK013C,UK,,2018,population_total,"Population on 1 January, total"
A,DE1001V,UK014C,2015,340140,,,UK014C,UK,,2015,population_total,"Population on 1 January, total"
A,DE1001V,UK014C,2016,345485,,,UK014C,UK,,2016,population_total,"Population on 1 January, total"
A,DE1001V,UK014C,2017,351527,b,,UK014C,UK,,2017,population_total,"Population on 1 January, total"
A,DE1001V,UK014C,2018,354379,,,UK014C,UK,,2018,population_total,"Population on 1 January, total"
A,DE1001V,UK015C,2015,229635,,,UK015C,UK,,2015,population_total,"Population on 1 January, total"
A,DE1001V,UK015C,2016,230095,,,UK015C,UK,,2016,population_total,"Population on 1 January, total"
A,DE1001V,UK015C,2017,229320,,,UK015C,UK,,2017,population_total,"Population on 1 January, total"
A,DE1001V,UK015C,2018,228180,,,UK015C,UK,,2018,population_total,"Population on 1 January, total"
A,DE1001V,UK016C,2015,129711,,,UK016C,UK,,2015,population_total,"Population on 1 January, total"
A,DE1001V,UK016C,2016,131353,,,UK016C,UK,,2016,population_total,"Population on 1 January, total"
A,DE1001V,UK016C,2017,124777,b,,UK016C,UK,,2017,population_total,"Population on 1 January, total"
A,DE1001V,UK016C,2018,125339,,,UK016C,UK,,2018,population_total,"Population on 1 January, total"
A,DE1001V,UK017C,2015,125818,,,UK017C,UK,,2015,population_total,"Population on 1 January, total"
A,DE1001V,UK017C,2016,128555,,,UK017C,UK,,2016,population_total,"Population on 1 January, total"
A,DE1001V,UK017C,2017,128219,b,,UK017C,UK,,2017,population_total,"Population on 1 January, total"
A,DE1001V,UK017C,2018,129672,,,UK017C,UK,,2018,population_total,"Population on 1 January, total"
A,DE1001V,UK018C,2015,96634,,,UK018C,UK,,2015,population_total,"Population on 1 January, total"
A,DE1001V,UK018C,2016,97430,,,UK018C,UK,,2016,population_total,"Population on 1 January, total"
A,DE1001V,UK018C,2017,97912,b,,UK018C,UK,,2017,population_total,"Population on 1 January, total"
A,DE1001V,UK018C,2018,98739,,,UK018C,UK,,2018,population_total,"Population on 1 January, total"
A,DE1001V,UK019C,2015,105780,,,UK019C,UK,,2015,population_total,"Population on 1 January, total"
A,DE1001V,UK019C,2016,106554,,,UK019C,UK,,2016,population_total,"Population on 1 January, total"
A,DE1001V,UK019C,2017,106168,b,,UK019C,UK,,2017,population_total,"Population on 1 January, total"
A,DE1001V,UK019C,2018,106253,,,UK019C,UK,,2018,population_total,"Population on 1 January, total"
A,DE1001V,UK020C,2015,86233,,,UK020C,UK,,2015,population_total,"Population on 1 January, total"
A,DE1001V,UK020C,2016,86775,,,UK020C,UK,,2016,population_total,"Population on 1 January, total"
A,DE1001V,UK020C,2017,87512,b,,UK020C,UK,,2017,population_total,"Population on 1 January, total"
A,DE1001V,UK020C,2018,87747,,,UK020C,UK,,2018,population_total,"Population on 1 January, total"
A,DE1001V,UK021C,2015,136681,,,UK021C,UK,,2015,population_total,"Population on 1 January, total"
A,DE1001V,UK021C,2016,136679,,,UK021C,UK,,2016,population_total,"Population on 1 January, total"
A,DE1001V,UK021C,2017,135490,b,,UK021C,UK,,2017,population_total,"Population on 1 January, total"
A,DE1001V,UK021C,2018,135849,,,UK021C,UK,,2018,population_total,"Population on 1 January, total"
A,DE1001V,UK022C,2015,210422,,,UK022C,UK,,2015,population_total,"Population on 1 January, total"
A,DE1001V,UK022C,2016,213295,,,UK022C,UK,,2016,population_total,"Population on 1 January, total"
A,DE1001V,UK022C,2017,214027,b,,UK022C,UK,,2017,population_total,"Population on 1 January, total"
A,DE1001V,UK022C,2018,214926,,,UK022C,UK,,2018,population_total,"Population on 1 January, total"
A,DE1001V,UK023C,2015,101085,,,UK023C,UK,,2015,population_total,"Population on 1 January, total"
A,DE1001V,UK023C,2016,101833,,,UK023C,UK,,2016,population_total,"Population on 1 January, total"
A,DE1001V,UK023C,2017,102121,b,,UK023C,UK,,2017,population_total,"Population on 1 January, total"
A,DE1001V,UK023C,2018,102103,,,UK023C,UK,,2018,population_total,"Population on 1 January, total"
A,DE1001V,UK024C,2015,341407,,,UK024C,UK,,2015,population_total,"Population on 1 January, total"
A,DE1001V,UK024C,2016,349148,,,UK024C,UK,,2016,population_total,"Population on 1 January, total"
A,DE1001V,UK024C,2017,356682,b,,UK024C,UK,,2017,population_total,"Population on 1 January, total"
A,DE1001V,UK024C,2018,363467,,,UK024C,UK,,2018,population_total,"Population on 1 January, total"
A,DE1001V,UK025C,2015,258353,,,UK025C,UK,,2015,population_total,"Population on 1 January, total"
A,DE1001V,UK025C,2016,259618,,,UK025C,UK,,2016,population_total,"Population on 1 January, total"
A,DE1001V,UK025C,2017,260354,b,,UK025C,UK,,2017,population_total,"Population on 1 January, total"
A,DE1001V,UK025C,2018,260659,,,UK025C,UK,,2018,population_total,"Population on 1 January, total"
A,DE1001V,UK026C,2015,251338,,,UK026C,UK,,2015,population_total,"Population on 1 January, total"
A,DE1001V,UK026C,2016,252437,,,UK026C,UK,,2016,population_total,"Population on 1 January, total"
A,DE1001V,UK026C,2017,254519,b,,UK026C,UK,,2017,population_total,"Population on 1 January, total"
A,DE1001V,UK026C,2018,255606,,,UK026C,UK,,2018,population_total,"Population on 1 January, total"
A,DE1001V,UK027C,2015,253697,,,UK027C,UK,,2015,population_total,"Population on 1 January, total"
A,DE1001V,UK027C,2016,255514,,,UK027C,UK,,2016,population_total,"Population on 1 January, total"
A,DE1001V,UK027C,2017,258972,b,,UK027C,UK,,2017,population_total,"Population on 1 January, total"
A,DE1001V,UK027C,2018,260967,,,UK027C,UK,,2018,population_total,"Population on 1 January, total"
A,DE1001V,UK028C,2015,316585,,,UK028C,UK,,2015,population_total,"Population on 1 January, total"
A,DE1001V,UK028C,2016,322092,,,UK028C,UK,,2016,population_total,"Population on 1 January, total"
A,DE1001V,UK028C,2017,326994,b,,UK028C,UK,,2017,population_total,"Population on 1 January, total"
A,DE1001V,UK028C,2018,330139,,,UK028C,UK,,2018,population_total,"Population on 1 January, total"
A,DE1001V,UK029C,2015,320907,,,UK029C,UK,,2015,population_total,"Population on 1 January, total"
A,DE1001V,UK029C,2016,321069,,,UK029C,UK,,2016,population_total,"Population on 1 January, total"
A,DE1001V,UK029C,2017,322506,b,,UK029C,UK,,2017,population_total,"Population on 1 January, total"
A,DE1001V,UK029C,2018,323016,,,UK029C,UK,,2018,population_total,"Population on 1 January, total"
A,DE1001V,UK030C,2015,183448,,,UK030C,UK,,2015,population_total,"Population on 1 January, total"
A,DE1001V,UK030C,2016,186313,,,UK030C,UK,,2016,population_total,"Population on 1 January, total"
A,DE1001V,UK030C,2017,187812,b,,UK030C,UK,,2017,population_total,"Population on 1 January, total"
A,DE1001V,UK030C,2018,190392,,,UK030C,UK,,2018,population_total,"Population on 1 January, total"
A,DE1001V,UK031C,2015,164227,,,UK031C,UK,,2015,population_total,"Population on 1 January, total"
A,DE1001V,UK031C,2016,166105,,,UK031C,UK,,2016,population_total,"Population on 1 January, total"
A,DE1001V,UK031C,2017,169411,b,,UK031C,UK,,2017,population_total,"Population on 1 January, total"
A,DE1001V,UK031C,2018,171460,,,UK031C,UK,,2018,population_total,"Population on 1 January, total"
A,DE1001V,UK032C,2015,144519,,,UK032C,UK,,2015,population_total,"Population on 1 January, total"
A,DE1001V,UK032C,2016,147050,,,UK032C,UK,,2016,population_total,"Population on 1 January, total"
A,DE1001V,UK032C,2017,147311,b,,UK032C,UK,,2017,population_total,"Population on 1 January, total"
A,DE1001V,UK032C,2018,147833,,,UK032C,UK,,2018,population_total,"Population on 1 January, total"
A,DE1001V,UK033C,2015,139091,,,UK033C,UK,,2015,population_total,"Population on 1 January, total"
A,DE1001V,UK033C,2016,140212,,,UK033C,UK,,2016,population_total,"Population on 1 January, total"
A,DE1001V,UK033C,2017,141083,b,,UK033C,UK,,2017,population_total,"Population on 1 January, total"
A,DE1001V,UK033C,2018,141578,,,UK033C,UK,,2018,population_total,"Population on 1 January, total"
A,DE1001V,UK034C,2015,126247,,,UK034C,UK,,2015,population_total,"Population on 1 January, total"
A,DE1001V,UK034C,2016,126669,,,UK034C,UK,,2016,population_total,"Population on 1 January, total"
A,DE1001V,UK034C,2017,128167,b,,UK034C,UK,,2017,population_total,"Population on 1 January, total"
A,DE1001V,UK034C,2018,128781,,,UK034C,UK,,2018,population_total,"Population on 1 January, total"
A,DE1001V,UK035C,2015,116173,,,UK035C,UK,,2015,population_total,"Population on 1 January, total"
A,DE1001V,UK035C,2016,116655,,,UK035C,UK,,2016,population_total,"Population on 1 January, total"
A,DE1001V,UK035C,2017,117709,b,,UK035C,UK,,2017,population_total,"Population on 1 January, total"
A,DE1001V,UK035C,2018,118058,,,UK035C,UK,,2018,population_total,"Population on 1 January, total"
A,DE1001V,UK036C,2015,123768,,,UK036C,UK,,2015,population_total,"Population on 1 January, total"
A,DE1001V,UK036C,2016,125201,,,UK036C,UK,,2016,population_total,"Population on 1 January, total"
A,DE1001V,UK036C,2017,126699,b,,UK036C,UK,,2017,population_total,"Population on 1 January, total"
A,DE1001V,UK036C,2018,128404,,,UK036C,UK,,2018,population_total,"Population on 1 January, total"
A,DE1001V,UK037C,2015,115852,,,UK037C,UK,,2015,population_total,"Population on 1 January, total"
A,DE1001V,UK037C,2016,116371,,,UK037C,UK,,2016,population_total,"Population on 1 January, total"
A,DE1001V,UK037C,2017,117245,b,,UK037C,UK,,2017,population_total,"Population on 1 January, total"
A,DE1001V,UK037C,2018,118063,,,UK037C,UK,,2018,population_total,"Population on 1 January, total"
A,DE1001V,UK038C,2015,105378,,,UK038C,UK,,2015,population_total,"Population on 1 January, total"
A,DE1001V,UK038C,2016,105518,,,UK038C,UK,,2016,population_total,"Population on 1 January, total"
A,DE1001V,UK038C,2017,106337,b,,UK038C,UK,,2017,population_total,"Population on 1 January, total"
A,DE1001V,UK038C,2018,106457,,,UK038C,UK,,2018,population_total,"Population on 1 January, total"
A,DE1001V,UK039C,2015,107300,,,UK039C,UK,,2015,population_total,"Population on 1 January, total"
A,DE1001V,UK039C,2016,108171,,,UK039C,UK,,2016,population_total,"Population on 1 January, total"
A,DE1001V,UK039C,2017,109439,b,,UK039C,UK,,2017,population_total,"Population on 1 January, total"
A,DE1001V,UK039C,2018,109829,,,UK039C,UK,,2018,population_total,"Population on 1 January, total"
A,DE1001V,UK040C,2015,106225,,,UK040C,UK,,2015,population_total,"Population on 1 January, total"
A,DE1001V,UK040C,2016,106996,,,UK040C,UK,,2016,population_total,"Population on 1 January, total"
A,DE1001V,UK040C,2017,108228,b,,UK040C,UK,,2017,population_total,"Population on 1 January, total"
A,DE1001V,UK040C,2018,108709,,,UK040C,UK,,2018,population_total,"Population on 1 January, total"
A,DE1001V,UK041C,2015,104348,,,UK041C,UK,,2015,population_total,"Population on 1 January, total"
A,DE1001V,UK041C,2016,104424,,,UK041C,UK,,2016,population_total,"Population on 1 January, total"
A,DE1001V,UK041C,2017,104553,b,,UK041C,UK,,2017,population_total,"Population on 1 January, total"
A,DE1001V,UK041C,2018,104604,,,UK041C,UK,,2018,population_total,"Population on 1 January, total"
A,DE1001V,UK042C,2015,87331,,,UK042C,UK,,2015,population_total,"Population on 1 January, total"
A,DE1001V,UK042C,2016,87447,,,UK042C,UK,,2016,population_total,"Population on 1 January, total"
A,DE1001V,UK042C,2017,87601,b,,UK042C,UK,,2017,population_total,"Population on 1 January, total"
A,DE1001V,UK042C,2018,88116,,,UK042C,UK,,2018,population_total,"Population on 1 January, total"
A,DE1001V,UK043C,2015,98420,,,UK043C,UK,,2015,population_total,"Population on 1 January, total"
A,DE1001V,UK043C,2016,98916,,,UK043C,UK,,2016,population_total,"Population on 1 January, total"
A,DE1001V,UK043C,2017,99205,b,,UK043C,UK,,2017,population_total,"Population on 1 January, total"
A,DE1001V,UK043C,2018,99394,,,UK043C,UK,,2018,population_total,"Population on 1 January, total"
A,DE1001V,UK044C,2015,99431,,,UK044C,UK,,2015,population_total,"Population on 1 January, total"
A,DE1001V,UK044C,2016,99565,,,UK044C,UK,,2016,population_total,"Population on 1 January, total"
A,DE1001V,UK044C,2017,101275,b,,UK044C,UK,,2017,population_total,"Population on 1 January, total"
A,DE1001V,UK044C,2018,101148,,,UK044C,UK,,2018,population_total,"Population on 1 January, total"
A,DE1001V,UK045C,2015,92542,,,UK045C,UK,,2015,population_total,"Population on 1 January, total"
A,DE1001V,UK045C,2016,92655,,,UK045C,UK,,2016,population_total,"Population on 1 January, total"
A,DE1001V,UK045C,2017,92932,b,,UK045C,UK,,2017,population_total,"Population on 1 January, total"
A,DE1001V,UK045C,2018,93131,,,UK045C,UK,,2018,population_total,"Population on 1 January, total"
A,DE1001V,UK046C,2015,98542,,,UK046C,UK,,2015,population_total,"Population on 1 January, total"
A,DE1001V,UK046C,2016,98535,,,UK046C,UK,,2016,population_total,"Population on 1 January, total"
A,DE1001V,UK046C,2017,98820,b,,UK046C,UK,,2017,population_total,"Population on 1 January, total"
A,DE1001V,UK046C,2018,99618,,,UK046C,UK,,2018,population_total,"Population on 1 January, total"
A,DE1001V,UK047C,2015,102006,,,UK047C,UK,,2015,population_total,"Population on 1 January, total"
A,DE1001V,UK047C,2016,102760,,,UK047C,UK,,2016,population_total,"Population on 1 January, total"
A,DE1001V,UK047C,2017,103127,b,,UK047C,UK,,2017,population_total,"Population on 1 January, total"
A,DE1001V,UK047C,2018,103206,,,UK047C,UK,,2018,population_total,"Population on 1 January, total"
A,DE1001V,UK048C,2015,91295,,,UK048C,UK,,2015,population_total,"Population on 1 January, total"
A,DE1001V,UK048C,2016,91867,,,UK048C,UK,,2016,population_total,"Population on 1 January, total"
A,DE1001V,UK048C,2017,92858,b,,UK048C,UK,,2017,population_total,"Population on 1 January, total"
A,DE1001V,UK048C,2018,92834,,,UK048C,UK,,2018,population_total,"Population on 1 January, total"
A,DE1001V,UK049C,2015,80218,,,UK049C,UK,,2015,population_total,"Population on 1 January, total"
A,DE1001V,UK049C,2016,80383,,,UK049C,UK,,2016,population_total,"Population on 1 January, total"
A,DE1001V,UK049C,2017,80401,b,,UK049C,UK,,2017,population_total,"Population on 1 January, total"
A,DE1001V,UK049C,2018,80613,,,UK049C,UK,,2018,population_total,"Population on 1 January, total"
A,DE1001V,UK050C,2015,84607,,,UK050C,UK,,2015,population_total,"Population on 1 January, total"
A,DE1001V,UK050C,2016,84857,,,UK050C,UK,,2016,population_total,"Population on 1 January, total"
A,DE1001V,UK050C,2017,85146,b,,UK050C,UK,,2017,population_total,"Population on 1 January, total"
A,DE1001V,UK050C,2018,85097,,,UK050C,UK,,2018,population_total,"Population on 1 January, total"
A,DE1001V,UK051C,2015,77127,,,UK051C,UK,,2015,population_total,"Population on 1 January, total"
A,DE1001V,UK051C,2016,77048,,,UK051C,UK,,2016,population_total,"Population on 1 January, total"
A,DE1001V,UK051C,2017,76769,b,,UK051C,UK,,2017,population_total,"Population on 1 January, total"
A,DE1001V,UK051C,2018,76603,,,UK051C,UK,,2018,population_total,"Population on 1 January, total"
A,DE1001V,UK052C,2015,84981,,,UK052C,UK,,2015,population_total,"Population on 1 January, total"
A,DE1001V,UK052C,2016,85696,,,UK052C,UK,,2016,population_total,"Population on 1 January, total"
A,DE1001V,UK052C,2017,86029,b,,UK052C,UK,,2017,population_total,"Population on 1 January, total"
A,DE1001V,UK052C,2018,86393,,,UK052C,UK,,2018,population_total,"Population on 1 January, total"
A,DE1001V,UK053C,2015,126441,,,UK053C,UK,,2015,population_total,"Population on 1 January, total"
A,DE1001V,UK053C,2016,126716,,,UK053C,UK,,2016,population_total,"Population on 1 January, total"
A,DE1001V,UK053C,2017,127451,b,,UK053C,UK,,2017,population_total,"Population on 1 January, total"
A,DE1001V,UK053C,2018,128014,,,UK053C,UK,,2018,population_total,"Population on 1 January, total"
A,DE1001V,UK054C,2015,432671,,,UK054C,UK,,2015,population_total,"Population on 1 January, total"
A,DE1001V,UK054C,2016,435684,,,UK054C,UK,,2016,population_total,"Population on 1 January, total"
A,DE1001V,UK054C,2017,436191,b,,UK054C,UK,,2017,population_total,"Population on 1 January, total"
A,DE1001V,UK054C,2018,437936,,,UK054C,UK,,2018,population_total,"Population on 1 January, total"
A,DE1001V,UK055C,2015,338130,,,UK055C,UK,,2015,population_total,"Population on 1 January, total"
A,DE1001V,UK055C,2016,338825,,,UK055C,UK,,2016,population_total,"Population on 1 January, total"
A,DE1001V,UK055C,2017,339675,,,UK055C,UK,,2017,population_total,"Population on 1 January, total"
A,DE1001V,UK055C,2018,340070,,,UK055C,UK,,2018,population_total,"Population on 1 January, total"
A,DE1001V,UK056C,2015,332569,,,UK056C,UK,,2015,population_total,"Population on 1 January, total"
A,DE1001V,UK056C,2016,335297,,,UK056C,UK,,2016,population_total,"Population on 1 January, total"
A,DE1001V,UK056C,2017,338942,b,,UK056C,UK,,2017,population_total,"Population on 1 January, total"
A,DE1001V,UK056C,2018,342914,,,UK056C,UK,,2018,population_total,"Population on 1 January, total"
A,DE1001V,UK057C,2015,316132,,,UK057C,UK,,2015,population_total,"Population on 1 January, total"
A,DE1001V,UK057C,2016,317049,,,UK057C,UK,,2016,population_total,"Population on 1 January, total"
A,DE1001V,UK057C,2017,318489,b,,UK057C,UK,,2017,population_total,"Population on 1 January, total"
A,DE1001V,UK057C,2018,320023,,,UK057C,UK,,2018,population_total,"Population on 1 January, total"
A,DE1001V,UK058C,2015,321499,,,UK058C,UK,,2015,population_total,"Population on 1 January, total"
A,DE1001V,UK058C,2016,322541,,,UK058C,UK,,2016,population_total,"Population on 1 January, total"
A,DE1001V,UK058C,2017,324088,b,,UK058C,UK,,2017,population_total,"Population on 1 January, total"
A,DE1001V,UK058C,2018,325369,,,UK058C,UK,,2018,population_total,"Population on 1 January, total"
A,DE1001V,UK059C,2015,304499,,,UK059C,UK,,2015,population_total,"Population on 1 January, total"
A,DE1001V,UK059C,2016,305605,,,UK059C,UK,,2016,population_total,"Population on 1 January, total"
A,DE1001V,UK059C,2017,308157,b,,UK059C,UK,,2017,population_total,"Population on 1 January, total"
A,DE1001V,UK059C,2018,309741,,,UK059C,UK,,2018,population_total,"Population on 1 January, total"
A,DE1001V,UK060C,2015,287744,,,UK060C,UK,,2015,population_total,"Population on 1 January, total"
A,DE1001V,UK060C,2016,289645,,,UK060C,UK,,2016,population_total,"Population on 1 January, total"
A,DE1001V,UK060C,2017,290433,b,,UK060C,UK,,2017,population_total,"Population on 1 January, total"
A,DE1001V,UK060C,2018,291410,,,UK060C,UK,,2018,population_total,"Population on 1 January, total"
A,DE1001V,UK061C,2015,273619,,,UK061C,UK,,2015,population_total,"Population on 1 January, total"
A,DE1001V,UK061C,2016,273984,,,UK061C,UK,,2016,population_total,"Population on 1 January, total"
A,DE1001V,UK061C,2017,274721,b,,UK061C,UK,,2017,population_total,"Population on 1 January, total"
A,DE1001V,UK061C,2018,274993,,,UK061C,UK,,2018,population_total,"Population on 1 January, total"
A,DE1001V,UK062C,2015,318087,,,UK062C,UK,,2015,population_total,"Population on 1 January, total"
A,DE1001V,UK062C,2016,321084,,,UK062C,UK,,2016,population_total,"Population on 1 January, total"
A,DE1001V,UK062C,2017,324046,b,,UK062C,UK,,2017,population_total,"Population on 1 January, total"
A,DE1001V,UK062C,2018,326419,,,UK062C,UK,,2018,population_total,"Population on 1 January, total"
A,DE1001V,UK063C,2015,277020,,,UK063C,UK,,2015,population_total,"Population on 1 January, total"
A,DE1001V,UK063C,2016,277556,,,UK063C,UK,,2016,population_total,"Population on 1 January, total"
A,DE1001V,UK063C,2017,277278,b,,UK063C,UK,,2017,population_total,"Population on 1 January, total"
A,DE1001V,UK063C,2018,277333,,,UK063C,UK,,2018,population_total,"Population on 1 January, total"
A,DE1001V,UK064C,2015,281029,,,UK064C,UK,,2015,population_total,"Population on 1 January, total"
A,DE1001V,UK064C,2016,282367,,,UK064C,UK,,2016,population_total,"Population on 1 January, total"
A,DE1001V,UK064C,2017,284175,b,,UK064C,UK,,2017,population_total,"Population on 1 January, total"
A,DE1001V,UK064C,2018,285093,,,UK064C,UK,,2018,population_total,"Population on 1 January, total"
A,DE1001V,UK065C,2015,275134,,,UK065C,UK,,2015,population_total,"Population on 1 January, total"
A,DE1001V,UK065C,2016,277405,,,UK065C,UK,,2016,population_total,"Population on 1 January, total"
A,DE1001V,UK065C,2017,280090,b,,UK065C,UK,,2017,population_total,"Population on 1 January, total"
A,DE1001V,UK065C,2018,282336,,,UK065C,UK,,2018,population_total,"Population on 1 January, total"
A,DE1001V,UK066C,2015,275254,,,UK066C,UK,,2015,population_total,"Population on 1 January, total"
A,DE1001V,UK066C,2016,277517,,,UK066C,UK,,2016,population_total,"Population on 1 January, total"
A,DE1001V,UK066C,2017,277287,b,,UK066C,UK,,2017,population_total,"Population on 1 January, total"
A,DE1001V,UK066C,2018,277736,,,UK066C,UK,,2018,population_total,"Population on 1 January, total"
A,DE1001V,UK067C,2015,260428,,,UK067C,UK,,2015,population_total,"Population on 1 January, total"
A,DE1001V,UK067C,2016,261358,,,UK067C,UK,,2016,population_total,"Population on 1 January, total"
A,DE1001V,UK067C,2017,262759,b,,UK067C,UK,,2017,population_total,"Population on 1 January, total"
A,DE1001V,UK067C,2018,264023,,,UK067C,UK,,2018,population_total,"Population on 1 January, total"
A,DE1001V,UK068C,2015,283176,,,UK068C,UK,,2015,population_total,"Population on 1 January, total"
A,DE1001V,UK068C,2016,287253,,,UK068C,UK,,2016,population_total,"Population on 1 January, total"
A,DE1001V,UK068C,2017,287664,b,,UK068C,UK,,2017,population_total,"Population on 1 January, total"
A,DE1001V,UK068C,2018,289275,,,UK068C,UK,,2018,population_total,"Population on 1 January, total"
A,DE1001V,UK069C,2015,262129,,,UK069C,UK,,2015,population_total,"Population on 1 January, total"
A,DE1001V,UK069C,2016,263456,,,UK069C,UK,,2016,population_total,"Population on 1 January, total"
A,DE1001V,UK069C,2017,262713,b,,UK069C,UK,,2017,population_total,"Population on 1 January, total"
A,DE1001V,UK069C,2018,263085,,,UK069C,UK,,2018,population_total,"Population on 1 January, total"
A,DE1001V,UK070C,2015,241840,,,UK070C,UK,,2015,population_total,"Population on 1 January, total"
A,DE1001V,UK070C,2016,243448,,,UK070C,UK,,2016,population_total,"Population on 1 January, total"
A,DE1001V,UK070C,2017,244971,b,,UK070C,UK,,2017,population_total,"Population on 1 January, total"
A,DE1001V,UK070C,2018,245973,,,UK070C,UK,,2018,population_total,"Population on 1 January, total"
A,DE1001V,UK071C,2015,253357,,,UK071C,UK,,2015,population_total,"Population on 1 January, total"
A,DE1001V,UK071C,2016,255242,,,UK071C,UK,,2016,population_total,"Population on 1 January, total"
A,DE1001V,UK071C,2017,256619,b,,UK071C,UK,,2017,population_total,"Population on 1 January, total"
A,DE1001V,UK071C,2018,257104,,,UK071C,UK,,2018,population_total,"Population on 1 January, total"
A,DE1001V,UK072C,2015,238581,,,UK072C,UK,,2015,population_total,"Population on 1 January, total"
A,DE1001V,UK072C,2016,240269,,,UK072C,UK,,2016,population_total,"Population on 1 January, total"
A,DE1001V,UK072C,2017,242594,b,,UK072C,UK,,2017,population_total,"Population on 1 January, total"
A,DE1001V,UK072C,2018,244270,,,UK072C,UK,,2018,population_total,"Population on 1 January, total"
A,DE1001V,UK073C,2015,247414,,,UK073C,UK,,2015,population_total,"Population on 1 January, total"
A,DE1001V,UK073C,2016,251906,,,UK073C,UK,,2016,population_total,"Population on 1 January, total"
A,DE1001V,UK073C,2017,251368,b,,UK073C,UK,,2017,population_total,"Population on 1 January, total"
A,DE1001V,UK073C,2018,252578,,,UK073C,UK,,2018,population_total,"Population on 1 January, total"
A,DE1001V,UK074C,2015,229794,,,UK074C,UK,,2015,population_total,"Population on 1 January, total"
A,DE1001V,UK074C,2016,231774,,,UK074C,UK,,2016,population_total,"Population on 1 January, total"
A,DE1001V,UK074C,2017,233054,b,,UK074C,UK,,2017,population_total,"Population on 1 January, total"
A,DE1001V,UK074C,2018,234691,,,UK074C,UK,,2018,population_total,"Population on 1 January, total"
A,DE1001V,UK075C,2015,243827,,,UK075C,UK,,2015,population_total,"Population on 1 January, total"
A,DE1001V,UK075C,2016,247170,,,UK075C,UK,,2016,population_total,"Population on 1 January, total"
A,DE1001V,UK075C,2017,249727,b,,UK075C,UK,,2017,population_total,"Population on 1 January, total"
A,DE1001V,UK075C,2018,252870,,,UK075C,UK,,2018,population_total,"Population on 1 January, total"
A,DE1001V,UK076C,2015,221232,,,UK076C,UK,,2015,population_total,"Population on 1 January, total"
A,DE1001V,UK076C,2016,222441,,,UK076C,UK,,2016,population_total,"Population on 1 January, total"
A,DE1001V,UK076C,2017,223614,b,,UK076C,UK,,2017,population_total,"Population on 1 January, total"
A,DE1001V,UK076C,2018,224658,,,UK076C,UK,,2018,population_total,"Population on 1 January, total"
A,DE1001V,UK077C,2015,232873,,,UK077C,UK,,2015,population_total,"Population on 1 January, total"
A,DE1001V,UK077C,2016,233981,,,UK077C,UK,,2016,population_total,"Population on 1 January, total"
A,DE1001V,UK077C,2017,234852,b,,UK077C,UK,,2017,population_total,"Population on 1 January, total"
A,DE1001V,UK077C,2018,235932,,,UK077C,UK,,2018,population_total,"Population on 1 January, total"
A,DE1001V,UK078C,2015,260504,,,UK078C,UK,,2015,population_total,"Population on 1 January, total"
A,DE1001V,UK078C,2016,263121,,,UK078C,UK,,2016,population_total,"Population on 1 January, total"
A,DE1001V,UK078C,2017,266881,b,,UK078C,UK,,2017,population_total,"Population on 1 January, total"
A,DE1001V,UK078C,2018,268064,,,UK078C,UK,,2018,population_total,"Population on 1 January, total"
A,DE1001V,UK079C,2015,213579,,,UK079C,UK,,2015,population_total,"Population on 1 January, total"
A,DE1001V,UK079C,2016,215180,,,UK079C,UK,,2016,population_total,"Population on 1 January, total"
A,DE1001V,UK079C,2017,217405,b,,UK079C,UK,,2017,population_total,"Population on 1 January, total"
A,DE1001V,UK079C,2018,219230,,,UK079C,UK,,2018,population_total,"Population on 1 January, total"
A,DE1001V,UK080C,2015,210168,,,UK080C,UK,,2015,population_total,"Population on 1 January, total"
A,DE1001V,UK080C,2016,211104,,,UK080C,UK,,2016,population_total,"Population on 1 January, total"
A,DE1001V,UK080C,2017,213050,b,,UK080C,UK,,2017,population_total,"Population on 1 January, total"
A,DE1001V,UK080C,2018,214421,,,UK080C,UK,,2018,population_total,"Population on 1 January, total"
A,DE1001V,UK081C,2015,220979,,,UK081C,UK,,2015,population_total,"Population on 1 January, total"
A,DE1001V,UK081C,2016,223968,,,UK081C,UK,,2016,population_total,"Population on 1 January, total"
A,DE1001V,UK081C,2017,225078,b,,UK081C,UK,,2017,population_total,"Population on 1 January, total"
A,DE1001V,UK081C,2018,225401,,,UK081C,UK,,2018,population_total,"Population on 1 January, total"
A,DE1001V,UK082C,2015,202619,,,UK082C,UK,,2015,population_total,"Population on 1 January, total"
A,DE1001V,UK082C,2016,202901,,,UK082C,UK,,2016,population_total,"Population on 1 January, total"
A,DE1001V,UK082C,2017,204024,b,,UK082C,UK,,2017,population_total,"Population on 1 January, total"
A,DE1001V,UK082C,2018,205229,,,UK082C,UK,,2018,population_total,"Population on 1 January, total"
A,DE1001V,UK083C,2015,200751,,,UK083C,UK,,2015,population_total,"Population on 1 January, total"
A,DE1001V,UK083C,2016,201294,,,UK083C,UK,,2016,population_total,"Population on 1 January, total"
A,DE1001V,UK083C,2017,202524,b,,UK083C,UK,,2017,population_total,"Population on 1 January, total"
A,DE1001V,UK083C,2018,202464,,,UK083C,UK,,2018,population_total,"Population on 1 January, total"
A,DE1001V,UK084C,2015,207062,,,UK084C,UK,,2015,population_total,"Population on 1 January, total"
A,DE1001V,UK084C,2016,208252,,,UK084C,UK,,2016,population_total,"Population on 1 January, total"
A,DE1001V,UK084C,2017,209339,b,,UK084C,UK,,2017,population_total,"Population on 1 January, total"
A,DE1001V,UK084C,2018,209626,,,UK084C,UK,,2018,population_total,"Population on 1 January, total"
A,DE1001V,UK085C,2015,212836,,,UK085C,UK,,2015,population_total,"Population on 1 January, total"
A,DE1001V,UK085C,2016,215751,,,UK085C,UK,,2016,population_total,"Population on 1 January, total"
A,DE1001V,UK085C,2017,215286,b,,UK085C,UK,,2017,population_total,"Population on 1 January, total"
A,DE1001V,UK085C,2018,214384,,,UK085C,UK,,2018,population_total,"Population on 1 January, total"
A,DE1001V,UK086C,2015,205648,,,UK086C,UK,,2015,population_total,"Population on 1 January, total"
A,DE1001V,UK086C,2016,207612,,,UK086C,UK,,2016,population_total,"Population on 1 January, total"
A,DE1001V,UK086C,2017,207542,b,,UK086C,UK,,2017,population_total,"Population on 1 January, total"
A,DE1001V,UK086C,2018,209028,,,UK086C,UK,,2018,population_total,"Population on 1 January, total"
A,DE1001V,UK087C,2015,187679,,,UK087C,UK,,2015,population_total,"Population on 1 January, total"
A,DE1001V,UK087C,2016,188277,,,UK087C,UK,,2016,population_total,"Population on 1 January, total"
A,DE1001V,UK087C,2017,189066,b,,UK087C,UK,,2017,population_total,"Population on 1 January, total"
A,DE1001V,UK087C,2018,189868,,,UK087C,UK,,2018,population_total,"Population on 1 January, total"
A,DE1001V,UK088C,2015,216480,,,UK088C,UK,,2015,population_total,"Population on 1 January, total"
A,DE1001V,UK088C,2016,217533,,,UK088C,UK,,2016,population_total,"Population on 1 January, total"
A,DE1001V,UK088C,2017,219472,b,,UK088C,UK,,2017,population_total,"Population on 1 January, total"
A,DE1001V,UK088C,2018,221180,,,UK088C,UK,,2018,population_total,"Population on 1 January, total"
A,DE1001V,UK089C,2015,194461,,,UK089C,UK,,2015,population_total,"Population on 1 January, total"
A,DE1001V,UK089C,2016,195242,,,UK089C,UK,,2016,population_total,"Population on 1 January, total"
A,DE1001V,UK089C,2017,196223,b,,UK089C,UK,,2017,population_total,"Population on 1 January, total"
A,DE1001V,UK089C,2018,196850,,,UK089C,UK,,2018,population_total,"Population on 1 January, total"
A,DE1001V,UK090C,2015,177400,,,UK090C,UK,,2015,population_total,"Population on 1 January, total"
A,DE1001V,UK090C,2016,178034,,,UK090C,UK,,2016,population_total,"Population on 1 January, total"
A,DE1001V,UK090C,2017,178906,b,,UK090C,UK,,2017,population_total,"Population on 1 January, total"
A,DE1001V,UK090C,2018,179690,,,UK090C,UK,,2018,population_total,"Population on 1 January, total"
A,DE1001V,UK091C,2015,181121,,,UK091C,UK,,2015,population_total,"Population on 1 January, total"
A,DE1001V,UK091C,2016,182550,,,UK091C,UK,,2016,population_total,"Population on 1 January, total"
A,DE1001V,UK091C,2017,184124,b,,UK091C,UK,,2017,population_total,"Population on 1 January, total"
A,DE1001V,UK091C,2018,185171,,,UK091C,UK,,2018,population_total,"Population on 1 January, total"
A,DE1001V,UK092C,2015,192953,,,UK092C,UK,,2015,population_total,"Population on 1 January, total"
A,DE1001V,UK092C,2016,196087,,,UK092C,UK,,2016,population_total,"Population on 1 January, total"
A,DE1001V,UK092C,2017,194203,b,,UK092C,UK,,2017,population_total,"Population on 1 January, total"
A,DE1001V,UK092C,2018,194554,,,UK092C,UK,,2018,population_total,"Population on 1 January, total"
A,DE1001V,UK093C,2015,178317,,,UK093C,UK,,2015,population_total,"Population on 1 January, total"
A,DE1001V,UK093C,2016,179251,,,UK093C,UK,,2016,population_total,"Population on 1 January, total"
A,DE1001V,UK093C,2017,181207,b,,UK093C,UK,,2017,population_total,"Population on 1 January, total"
A,DE1001V,UK093C,2018,182136,,,UK093C,UK,,2018,population_total,"Population on 1 January, total"
A,DE1001V,UK094C,2015,170300,,,UK094C,UK,,2015,population_total,"Population on 1 January, total"
A,DE1001V,UK094C,2016,172068,,,UK094C,UK,,2016,population_total,"Population on 1 January, total"
A,DE1001V,UK094C,2017,174748,b,,UK094C,UK,,2017,population_total,"Population on 1 January, total"
A,DE1001V,UK094C,2018,176784,,,UK094C,UK,,2018,population_total,"Population on 1 January, total"
A,DE1001V,UK095C,2015,159687,,,UK095C,UK,,2015,population_total,"Population on 1 January, total"
A,DE1001V,UK095C,2016,159357,,,UK095C,UK,,2016,population_total,"Population on 1 January, total"
A,DE1001V,UK095C,2017,159827,b,,UK095C,UK,,2017,population_total,"Population on 1 January, total"
A,DE1001V,UK095C,2018,159824,,,UK095C,UK,,2018,population_total,"Population on 1 January, total"
A,DE1001V,UK096C,2015,172136,,,UK096C,UK,,2015,population_total,"Population on 1 January, total"
A,DE1001V,UK096C,2016,173364,,,UK096C,UK,,2016,population_total,"Population on 1 January, total"
A,DE1001V,UK096C,2017,175196,b,,UK096C,UK,,2017,population_total,"Population on 1 January, total"
A,DE1001V,UK096C,2018,176637,,,UK096C,UK,,2018,population_total,"Population on 1 January, total"
A,DE1001V,UK097C,2015,192221,,,UK097C,UK,,2015,population_total,"Population on 1 January, total"
A,DE1001V,UK097C,2016,195538,,,UK097C,UK,,2016,population_total,"Population on 1 January, total"
A,DE1001V,UK097C,2017,197825,b,,UK097C,UK,,2017,population_total,"Population on 1 January, total"
A,DE1001V,UK097C,2018,199978,,,UK097C,UK,,2018,population_total,"Population on 1 January, total"
A,DE1001V,UK098C,2015,182180,,,UK098C,UK,,2015,population_total,"Population on 1 January, total"
A,DE1001V,UK098C,2016,185287,,,UK098C,UK,,2016,population_total,"Population on 1 January, total"
A,DE1001V,UK098C,2017,188866,b,,UK098C,UK,,2017,population_total,"Population on 1 January, total"
A,DE1001V,UK098C,2018,191311,,,UK098C,UK,,2018,population_total,"Population on 1 January, total"
A,DE1001V,UK099C,2015,148706,,,UK099C,UK,,2015,population_total,"Population on 1 January, total"
A,DE1001V,UK099C,2016,149045,,,UK099C,UK,,2016,population_total,"Population on 1 January, total"
A,DE1001V,UK099C,2017,149375,b,,UK099C,UK,,2017,population_total,"Population on 1 January, total"
A,DE1001V,UK099C,2018,149910,,,UK099C,UK,,2018,population_total,"Population on 1 January, total"
A,DE1001V,UK100C,2015,173363,,,UK100C,UK,,2015,population_total,"Population on 1 January, total"
A,DE1001V,UK100C,2016,174222,,,UK100C,UK,,2016,population_total,"Population on 1 January, total"
A,DE1001V,UK100C,2017,175282,b,,UK100C,UK,,2017,population_total,"Population on 1 January, total"
A,DE1001V,UK100C,2018,175533,,,UK100C,UK,,2018,population_total,"Population on 1 January, total"
A,DE1001V,UK101C,2015,165088,,,UK101C,UK,,2015,population_total,"Population on 1 January, total"
A,DE1001V,UK101C,2016,167502,,,UK101C,UK,,2016,population_total,"Population on 1 January, total"
A,DE1001V,UK101C,2017,169363,b,,UK101C,UK,,2017,population_total,"Population on 1 January, total"
A,DE1001V,UK101C,2018,170768,,,UK101C,UK,,2018,population_total,"Population on 1 January, total"
A,DE1001V,UK102C,2015,148170,,,UK102C,UK,,2015,population_total,"Population on 1 January, total"
A,DE1001V,UK102C,2016,148240,,,UK102C,UK,,2016,population_total,"Population on 1 January, total"
A,DE1001V,UK102C,2017,148490,,,UK102C,UK,,2017,population_total,"Population on 1 January, total"
A,DE1001V,UK102C,2018,148730,,,UK102C,UK,,2018,population_total,"Population on 1 January, total"
A,DE1001V,UK103C,2015,158075,,,UK103C,UK,,2015,population_total,"Population on 1 January, total"
A,DE1001V,UK103C,2016,158920,,,UK103C,UK,,2016,population_total,"Population on 1 January, total"
A,DE1001V,UK103C,2017,159755,,,UK103C,UK,,2017,population_total,"Population on 1 January, total"
A,DE1001V,UK103C,2018,160235,,,UK103C,UK,,2018,population_total,"Population on 1 January, total"
A,DE1001V,UK104C,2015,161282,,,UK104C,UK,,2015,population_total,"Population on 1 January, total"
A,DE1001V,UK104C,2016,162203,,,UK104C,UK,,2016,population_total,"Population on 1 January, total"
A,DE1001V,UK104C,2017,162888,b,,UK104C,UK,,2017,population_total,"Population on 1 January, total"
A,DE1001V,UK104C,2018,163139,,,UK104C,UK,,2018,population_total,"Population on 1 January, total"
A,DE1001V,UK105C,2015,140040,,,UK105C,UK,,2015,population_total,"Population on 1 January, total"
A,DE1001V,UK105C,2016,139387,,,UK105C,UK,,2016,population_total,"Population on 1 January, total"
A,DE1001V,UK105C,2017,139927,b,,UK105C,UK,,2017,population_total,"Population on 1 January, total"
A,DE1001V,UK105C,2018,139588,,,UK105C,UK,,2018,population_total,"Population on 1 January, total"
A,DE1001V,UK106C,2015,163159,,,UK106C,UK,,2015,population_total,"Population on 1 January, total"
A,DE1001V,UK106C,2016,165430,,,UK106C,UK,,2016,population_total,"Population on 1 January, total"
A,DE1001V,UK106C,2017,166725,b,,UK106C,UK,,2017,population_total,"Population on 1 January, total"
A,DE1001V,UK106C,2018,168843,,,UK106C,UK,,2018,population_total,"Population on 1 January, total"
A,DE1001V,UK107C,2015,150546,,,UK107C,UK,,2015,population_total,"Population on 1 January, total"
A,DE1001V,UK107C,2016,152021,,,UK107C,UK,,2016,population_total,"Population on 1 January, total"
A,DE1001V,UK107C,2017,152881,b,,UK107C,UK,,2017,population_total,"Population on 1 January, total"
A,DE1001V,UK107C,2018,153798,,,UK107C,UK,,2018,population_total,"Population on 1 January, total"
A,DE1001V,UK108C,2015,146795,,,UK108C,UK,,2015,population_total,"Population on 1 January, total"
A,DE1001V,UK108C,2016,146948,,,UK108C,UK,,2016,population_total,"Population on 1 January, total"
A,DE1001V,UK108C,2017,148617,b,,UK108C,UK,,2017,population_total,"Population on 1 January, total"
A,DE1001V,UK108C,2018,148857,,,UK108C,UK,,2018,population_total,"Population on 1 January, total"
A,DE1001V,UK109C,2015,147305,,,UK109C,UK,,2015,population_total,"Population on 1 January, total"
A,DE1001V,UK109C,2016,148459,,,UK109C,UK,,2016,population_total,"Population on 1 January, total"
A,DE1001V,UK109C,2017,150482,b,,UK109C,UK,,2017,population_total,"Population on 1 January, total"
A,DE1001V,UK109C,2018,152394,,,UK109C,UK,,2018,population_total,"Population on 1 January, total"
A,DE1001V,UK110C,2015,139314,,,UK110C,UK,,2015,population_total,"Population on 1 January, total"
A,DE1001V,UK110C,2016,139954,,,UK110C,UK,,2016,population_total,"Population on 1 January, total"
A,DE1001V,UK110C,2017,140483,b,,UK110C,UK,,2017,population_total,"Population on 1 January, total"
A,DE1001V,UK110C,2018,140592,,,UK110C,UK,,2018,population_total,"Population on 1 January, total"
A,DE1001V,UK111C,2015,158786,,,UK111C,UK,,2015,population_total,"Population on 1 January, total"
A,DE1001V,UK111C,2016,160433,,,UK111C,UK,,2016,population_total,"Population on 1 January, total"
A,DE1001V,UK111C,2017,154937,b,,UK111C,UK,,2017,population_total,"Population on 1 January, total"
A,DE1001V,UK111C,2018,154455,,,UK111C,UK,,2018,population_total,"Population on 1 January, total"
A,DE1001V,UK112C,2015,133179,,,UK112C,UK,,2015,population_total,"Population on 1 January, total"
A,DE1001V,UK112C,2016,133628,,,UK112C,UK,,2016,population_total,"Population on 1 January, total"
A,DE1001V,UK112C,2017,134827,b,,UK112C,UK,,2017,population_total,"Population on 1 January, total"
A,DE1001V,UK112C,2018,135514,,,UK112C,UK,,2018,population_total,"Population on 1 January, total"
A,DE1001V,UK113C,2015,140877,,,UK113C,UK,,2015,population_total,"Population on 1 January, total"
A,DE1001V,UK113C,2016,141552,,,UK113C,UK,,2016,population_total,"Population on 1 January, total"
A,DE1001V,UK113C,2017,141185,b,,UK113C,UK,,2017,population_total,"Population on 1 January, total"
A,DE1001V,UK113C,2018,141582,,,UK113C,UK,,2018,population_total,"Population on 1 January, total"
A,DE1001V,UK114C,2015,145316,,,UK114C,UK,,2015,population_total,"Population on 1 January, total"
A,DE1001V,UK114C,2016,146040,,,UK114C,UK,,2016,population_total,"Population on 1 January, total"
A,DE1001V,UK114C,2017,147060,b,,UK114C,UK,,2017,population_total,"Population on 1 January, total"
A,DE1001V,UK114C,2018,147234,,,UK114C,UK,,2018,population_total,"Population on 1 January, total"
A,DE1001V,UK115C,2015,139664,,,UK115C,UK,,2015,population_total,"Population on 1 January, total"
A,DE1001V,UK115C,2016,140171,,,UK115C,UK,,2016,population_total,"Population on 1 January, total"
A,DE1001V,UK115C,2017,139885,b,,UK115C,UK,,2017,population_total,"Population on 1 January, total"
A,DE1001V,UK115C,2018,141383,,,UK115C,UK,,2018,population_total,"Population on 1 January, total"
A,DE1001V,UK116C,2015,126549,,,UK116C,UK,,2015,population_total,"Population on 1 January, total"
A,DE1001V,UK116C,2016,127756,,,UK116C,UK,,2016,population_total,"Population on 1 January, total"
A,DE1001V,UK116C,2017,128545,b,,UK116C,UK,,2017,population_total,"Population on 1 January, total"
A,DE1001V,UK116C,2018,129227,,,UK116C,UK,,2018,population_total,"Population on 1 January, total"
A,DE1001V,UK117C,2015,138172,,,UK117C,UK,,2015,population_total,"Population on 1 January, total"
A,DE1001V,UK117C,2016,139957,,,UK117C,UK,,2016,population_total,"Population on 1 January, total"
A,DE1001V,UK117C,2017,140109,b,,UK117C,UK,,2017,population_total,"Population on 1 January, total"
A,DE1001V,UK117C,2018,140745,,,UK117C,UK,,2018,population_total,"Population on 1 January, total"
A,DE1001V,UK118C,2015,145155,,,UK118C,UK,,2015,population_total,"Population on 1 January, total"
A,DE1001V,UK118C,2016,146458,,,UK118C,UK,,2016,population_total,"Population on 1 January, total"
A,DE1001V,UK118C,2017,148252,b,,UK118C,UK,,2017,population_total,"Population on 1 January, total"
A,DE1001V,UK118C,2018,148940,,,UK118C,UK,,2018,population_total,"Population on 1 January, total"
A,DE1001V,UK119C,2015,333064,,,UK119C,UK,,2015,population_total,"Population on 1 January, total"
A,DE1001V,UK119C,2016,334799,,,UK119C,UK,,2016,population_total,"Population on 1 January, total"
A,DE1001V,UK119C,2017,336855,b,,UK119C,UK,,2017,population_total,"Population on 1 January, total"
A,DE1001V,UK119C,2018,339244,,,UK119C,UK,,2018,population_total,"Population on 1 January, total"
A,DE1001V,UK120C,2015,135283,,,UK120C,UK,,2015,population_total,"Population on 1 January, total"
A,DE1001V,UK120C,2016,135754,,,UK120C,UK,,2016,population_total,"Population on 1 January, total"
A,DE1001V,UK120C,2017,138498,b,,UK120C,UK,,2017,population_total,"Population on 1 January, total"
A,DE1001V,UK120C,2018,138006,,,UK120C,UK,,2018,population_total,"Population on 1 January, total"
A,DE1001V,UK121C,2015,116638,,,UK121C,UK,,2015,population_total,"Population on 1 January, total"
A,DE1001V,UK121C,2016,117156,,,UK121C,UK,,2016,population_total,"Population on 1 January, total"
A,DE1001V,UK121C,2017,117173,b,,UK121C,UK,,2017,population_total,"Population on 1 January, total"
A,DE1001V,UK121C,2018,117109,,,UK121C,UK,,2018,population_total,"Population on 1 January, total"
A,DE1001V,UK122C,2015,126404,,,UK122C,UK,,2015,population_total,"Population on 1 January, total"
A,DE1001V,UK122C,2016,127823,,,UK122C,UK,,2016,population_total,"Population on 1 January, total"
A,DE1001V,UK122C,2017,128719,b,,UK122C,UK,,2017,population_total,"Population on 1 January, total"
A,DE1001V,UK122C,2018,129184,,,UK122C,UK,,2018,population_total,"Population on 1 January, total"
A,DE1001V,UK123C,2015,118504,,,UK123C,UK,,2015,population_total,"Population on 1 January, total"
A,DE1001V,UK123C,2016,119215,,,UK123C,UK,,2016,population_total,"Population on 1 January, total"
A,DE1001V,UK123C,2017,120054,b,,UK123C,UK,,2017,population_total,"Population on 1 January, total"
A,DE1001V,UK123C,2018,121027,,,UK123C,UK,,2018,population_total,"Population on 1 January, total"
A,DE1001V,UK124C,2015,108089,,,UK124C,UK,,2015,population_total,"Population on 1 January, total"
A,DE1001V,UK124C,2016,108282,,,UK124C,UK,,2016,population_total,"Population on 1 January, total"
A,DE1001V,UK124C,2017,108331,b,,UK124C,UK,,2017,population_total,"Population on 1 January, total"
A,DE1001V,UK124C,2018,108331,,,UK124C,UK,,2018,population_total,"Population on 1 January, total"
A,DE1001V,UK125C,2015,110374,,,UK125C,UK,,2015,population_total,"Population on 1 January, total"
A,DE1001V,UK125C,2016,111120,,,UK125C,UK,,2016,population_total,"Population on 1 January, total"
A,DE1001V,UK125C,2017,111605,b,,UK125C,UK,,2017,population_total,"Population on 1 January, total"
A,DE1001V,UK125C,2018,112056,,,UK125C,UK,,2018,population_total,"Population on 1 January, total"
A,DE1001V,UK126C,2015,95954,,,UK126C,UK,,2015,population_total,"Population on 1 January, total"
A,DE1001V,UK126C,2016,96588,,,UK126C,UK,,2016,population_total,"Population on 1 January, total"
A,DE1001V,UK126C,2017,96626,b,,UK126C,UK,,2017,population_total,"Population on 1 January, total"
A,DE1001V,UK126C,2018,96721,,,UK126C,UK,,2018,population_total,"Population on 1 January, total"
A,DE1001V,UK127C,2015,84480,,,UK127C,UK,,2015,population_total,"Population on 1 January, total"
A,DE1001V,UK127C,2016,85018,,,UK127C,UK,,2016,population_total,"Population on 1 January, total"
A,DE1001V,UK127C,2017,85501,b,,UK127C,UK,,2017,population_total,"Population on 1 January, total"
A,DE1001V,UK127C,2018,85396,,,UK127C,UK,,2018,population_total,"Population on 1 January, total"
A,DE1001V,UK128C,2015,128952,,,UK128C,UK,,2015,population_total,"Population on 1 January, total"
A,DE1001V,UK128C,2016,129331,,,UK128C,UK,,2016,population_total,"Population on 1 January, total"
A,DE1001V,UK128C,2017,130022,b,,UK128C,UK,,2017,population_total,"Population on 1 January, total"
A,DE1001V,UK128C,2018,131159,,,UK128C,UK,,2018,population_total,"Population on 1 January, total"
A,DE1001V,UK129C,2015,95319,,,UK129C,UK,,2015,population_total,"Population on 1 January, total"
A,DE1001V,UK129C,2016,95835,,,UK129C,UK,,2016,population_total,"Population on 1 January, total"
A,DE1001V,UK129C,2017,95954,b,,UK129C,UK,,2017,population_total,"Population on 1 January, total"
A,DE1001V,UK129C,2018,95480,,,UK129C,UK,,2018,population_total,"Population on 1 January, total"
A,DE1001V,UK130C,2015,102972,,,UK130C,UK,,2015,population_total,"Population on 1 January, total"
A,DE1001V,UK130C,2016,103629,,,UK130C,UK,,2016,population_total,"Population on 1 January, total"
A,DE1001V,UK130C,2017,105821,b,,UK130C,UK,,2017,population_total,"Population on 1 January, total"
A,DE1001V,UK130C,2018,106772,,,UK130C,UK,,2018,population_total,"Population on 1 January, total"
A,DE1001V,UK131C,2015,66144,,,UK131C,UK,,2015,population_total,"Population on 1 January, total"
A,DE1001V,UK131C,2016,67521,,,UK131C,UK,,2016,population_total,"Population on 1 January, total"
A,DE1001V,UK131C,2017,68918,b,,UK131C,UK,,2017,population_total,"Population on 1 January, total"
A,DE1001V,UK131C,2018,70184,,,UK131C,UK,,2018,population_total,"Population on 1 January, total"
A,DE1001V,UK132C,2015,97298,,,UK132C,UK,,2015,population_total,"Population on 1 January, total"
A,DE1001V,UK132C,2016,98326,,,UK132C,UK,,2016,population_total,"Population on 1 January, total"
A,DE1001V,UK132C,2017,99600,b,,UK132C,UK,,2017,population_total,"Population on 1 January, total"
A,DE1001V,UK132C,2018,100759,,,UK132C,UK,,2018,population_total,"Population on 1 January, total"
A,DE1001V,UK133C,2016,79330,,,UK133C,UK,,2016,population_total,"Population on 1 January, total"
A,DE1001V,UK133C,2017,78960,,,UK133C,UK,,2017,population_total,"Population on 1 January, total"
A,DE1001V,UK133C,2018,78455,,,UK133C,UK,,2018,population_total,"Population on 1 January, total"
A,DE1001V,UK134C,2016,175245,,,UK134C,UK,,2016,population_total,"Population on 1 January, total"
A,DE1001V,UK134C,2017,176380,,,UK134C,UK,,2017,population_total,"Population on 1 January, total"
A,DE1001V,UK134C,2018,177310,,,UK134C,UK,,2018,population_total,"Population on 1 January, total"
A,DE1001V,UK135C,2015,149336,b,,UK135C,UK,,2015,population_total,"Population on 1 January, total"
A,DE1001V,UK135C,2016,149808,,,UK135C,UK,,2016,population_total,"Population on 1 January, total"
A,DE1001V,UK135C,2017,150320,,,UK135C,UK,,2017,population_total,"Population on 1 January, total"
A,DE1001V,UK135C,2018,150588,,,UK135C,UK,,2018,population_total,"Population on 1 January, total"
