freq,indic_ur,location_code,time_period,obs_value,obs_flag,conf_status,city_name,country_code,country_name,year,indicator,indicator_desc
A,EC1010V,BE,2015,422044.0,,,BE,BE,,2015,unemployed_total,"Persons unemployed, total"
A,EC1010V,BE,2016,389629.0,,,BE,BE,,2016,unemployed_total,"Persons unemployed, total"
A,EC1010V,BE,2017,353706.0,e,,BE,BE,,2017,unemployed_total,"Persons unemployed, total"
A,EC1010V,BE,2018,301048.0,e,,BE,BE,,2018,unemployed_total,"Persons unemployed, total"
A,EC1010V,BE,2019,273651.0,,,BE,BE,,2019,unemployed_total,"Persons unemployed, total"
A,EC1010V,BE,2020,282437.0,e,,BE,BE,,2020,unemployed_total,"Persons unemployed, total"
A,EC1010V,BE,2021,324376.0,,,BE,BE,,2021,unemployed_total,"Persons unemployed, total"
A,EC1010V,BE,2022,293705.0,e,,BE,BE,,2022,unemployed_total,"Persons unemployed, total"
A,EC1010V,BE,2023,294226.0,e,,BE,BE,,2023,unemployed_total,"Persons unemployed, total"
A,EC1010V,BE001C,2015,91103.0,,,BE001C,BE,,2015,unemployed_total,"Persons unemployed, total"
A,EC1010V,BE001C,2016,89560.0,,,BE001C,BE,,2016,unemployed_total,"Persons unemployed, total"
A,EC1010V,BE001C,2017,78974.0,e,,BE001C,BE,,2017,unemployed_total,"Persons unemployed, total"
A,EC1010V,BE001C,2018,70400.0,e,,BE001C,BE,,2018,unemployed_total,"Persons unemployed, total"
A,EC1010V,BE001C,2019,67466.0,,,BE001C,BE,,2019,unemployed_total,"Persons unemployed, total"
A,EC1010V,BE001C,2020,65932.0,e,,BE001C,BE,,2020,unemployed_total,"Persons unemployed, total"
A,EC1010V,BE001C,2021,67506.0,,,BE001C,BE,,2021,unemployed_total,"Persons unemployed, total"
A,EC1010V,BE001C,2022,65481.0,e,,BE001C,BE,,2022,unemployed_total,"Persons unemployed, total"
A,EC1010V,BE001C,2023,62471.0,e,,BE001C,BE,,2023,unemployed_total,"Persons unemployed, total"
A,EC1010V,BE002C,2015,24178.0,,,BE002C,BE,,2015,unemployed_total,"Persons unemployed, total"
A,EC1010V,BE002C,2016,22596.0,,,BE002C,BE,,2016,unemployed_total,"Persons unemployed, total"
A,EC1010V,BE002C,2017,20844.0,e,,BE002C,BE,,2017,unemployed_total,"Persons unemployed, total"
A,EC1010V,BE002C,2018,16974.0,e,,BE002C,BE,,2018,unemployed_total,"Persons unemployed, total"
A,EC1010V,BE002C,2019,16301.0,,,BE002C,BE,,2019,unemployed_total,"Persons unemployed, total"
A,EC1010V,BE002C,2020,17312.0,e,,BE002C,BE,,2020,unemployed_total,"Persons unemployed, total"
A,EC1010V,BE002C,2021,20043.0,,,BE002C,BE,,2021,unemployed_total,"Persons unemployed, total"
A,EC1010V,BE002C,2022,16747.0,e,,BE002C,BE,,2022,unemployed_total,"Persons unemployed, total"
A,EC1010V,BE002C,2023,18037.0,e,,BE002C,BE,,2023,unemployed_total,"Persons unemployed, total"
A,EC1010V,BE003C,2015,10236.0,,,BE003C,BE,,2015,unemployed_total,"Persons unemployed, total"
A,EC1010V,BE003C,2016,9722.0,,,BE003C,BE,,2016,unemployed_total,"Persons unemployed, total"
A,EC1010V,BE003C,2017,8811.0,e,,BE003C,BE,,2017,unemployed_total,"Persons unemployed, total"
A,EC1010V,BE003C,2018,7106.0,e,,BE003C,BE,,2018,unemployed_total,"Persons unemployed, total"
A,EC1010V,BE003C,2019,6722.0,,,BE003C,BE,,2019,unemployed_total,"Persons unemployed, total"
A,EC1010V,BE003C,2020,6922.0,e,,BE003C,BE,,2020,unemployed_total,"Persons unemployed, total"
A,EC1010V,BE003C,2021,7911.0,,,BE003C,BE,,2021,unemployed_total,"Persons unemployed, total"
A,EC1010V,BE003C,2022,6549.0,e,,BE003C,BE,,2022,unemployed_total,"Persons unemployed, total"
A,EC1010V,BE003C,2023,7117.0,e,,BE003C,BE,,2023,unemployed_total,"Persons unemployed, total"
A,EC1010V,BE004C,2015,14942.0,,,BE004C,BE,,2015,unemployed_total,"Persons unemployed, total"
A,EC1010V,BE004C,2016,13523.0,,,BE004C,BE,,2016,unemployed_total,"Persons unemployed, total"
A,EC1010V,BE004C,2017,12336.0,e,,BE004C,BE,,2017,unemployed_total,"Persons unemployed, total"
A,EC1010V,BE004C,2018,10810.0,e,,BE004C,BE,,2018,unemployed_total,"Persons unemployed, total"
A,EC1010V,BE004C,2019,9153.0,,,BE004C,BE,,2019,unemployed_total,"Persons unemployed, total"
A,EC1010V,BE004C,2020,9394.0,e,,BE004C,BE,,2020,unemployed_total,"Persons unemployed, total"
A,EC1010V,BE004C,2021,13660.0,,,BE004C,BE,,2021,unemployed_total,"Persons unemployed, total"
A,EC1010V,BE004C,2022,13005.0,e,,BE004C,BE,,2022,unemployed_total,"Persons unemployed, total"
A,EC1010V,BE004C,2023,12893.0,e,,BE004C,BE,,2023,unemployed_total,"Persons unemployed, total"
A,EC1010V,BE005C,2015,27648.0,,,BE005C,BE,,2015,unemployed_total,"Persons unemployed, total"
A,EC1010V,BE005C,2016,24761.0,,,BE005C,BE,,2016,unemployed_total,"Persons unemployed, total"
A,EC1010V,BE005C,2017,22932.0,e,,BE005C,BE,,2017,unemployed_total,"Persons unemployed, total"
A,EC1010V,BE005C,2018,20430.0,e,,BE005C,BE,,2018,unemployed_total,"Persons unemployed, total"
A,EC1010V,BE005C,2019,17107.0,,,BE005C,BE,,2019,unemployed_total,"Persons unemployed, total"
A,EC1010V,BE005C,2020,17308.0,e,,BE005C,BE,,2020,unemployed_total,"Persons unemployed, total"
A,EC1010V,BE005C,2021,22326.0,,,BE005C,BE,,2021,unemployed_total,"Persons unemployed, total"
A,EC1010V,BE005C,2022,21291.0,e,,BE005C,BE,,2022,unemployed_total,"Persons unemployed, total"
A,EC1010V,BE005C,2023,21145.0,e,,BE005C,BE,,2023,unemployed_total,"Persons unemployed, total"
A,EC1010V,BE006C,2015,2423.0,,,BE006C,BE,,2015,unemployed_total,"Persons unemployed, total"
A,EC1010V,BE006C,2016,2265.0,,,BE006C,BE,,2016,unemployed_total,"Persons unemployed, total"
A,EC1010V,BE006C,2017,2028.0,e,,BE006C,BE,,2017,unemployed_total,"Persons unemployed, total"
A,EC1010V,BE006C,2018,1658.0,e,,BE006C,BE,,2018,unemployed_total,"Persons unemployed, total"
A,EC1010V,BE006C,2019,1598.0,,,BE006C,BE,,2019,unemployed_total,"Persons unemployed, total"
A,EC1010V,BE006C,2020,1805.0,e,,BE006C,BE,,2020,unemployed_total,"Persons unemployed, total"
A,EC1010V,BE006C,2021,2008.0,,,BE006C,BE,,2021,unemployed_total,"Persons unemployed, total"
A,EC1010V,BE006C,2022,1665.0,e,,BE006C,BE,,2022,unemployed_total,"Persons unemployed, total"
A,EC1010V,BE006C,2023,1853.0,e,,BE006C,BE,,2023,unemployed_total,"Persons unemployed, total"
A,EC1010V,BE007C,2015,5772.0,,,BE007C,BE,,2015,unemployed_total,"Persons unemployed, total"
A,EC1010V,BE007C,2016,5108.0,,,BE007C,BE,,2016,unemployed_total,"Persons unemployed, total"
A,EC1010V,BE007C,2017,4730.0,e,,BE007C,BE,,2017,unemployed_total,"Persons unemployed, total"
A,EC1010V,BE007C,2018,4401.0,e,,BE007C,BE,,2018,unemployed_total,"Persons unemployed, total"
A,EC1010V,BE007C,2019,3909.0,,,BE007C,BE,,2019,unemployed_total,"Persons unemployed, total"
A,EC1010V,BE007C,2020,3992.0,e,,BE007C,BE,,2020,unemployed_total,"Persons unemployed, total"
A,EC1010V,BE007C,2021,4958.0,,,BE007C,BE,,2021,unemployed_total,"Persons unemployed, total"
A,EC1010V,BE007C,2022,4644.0,e,,BE007C,BE,,2022,unemployed_total,"Persons unemployed, total"
A,EC1010V,BE007C,2023,4485.0,e,,BE007C,BE,,2023,unemployed_total,"Persons unemployed, total"
A,EC1010V,BE008C,2015,2327.0,,,BE008C,BE,,2015,unemployed_total,"Persons unemployed, total"
A,EC1010V,BE008C,2016,2365.0,,,BE008C,BE,,2016,unemployed_total,"Persons unemployed, total"
A,EC1010V,BE008C,2017,2321.0,e,,BE008C,BE,,2017,unemployed_total,"Persons unemployed, total"
A,EC1010V,BE008C,2018,1932.0,e,,BE008C,BE,,2018,unemployed_total,"Persons unemployed, total"
A,EC1010V,BE008C,2019,1759.0,,,BE008C,BE,,2019,unemployed_total,"Persons unemployed, total"
A,EC1010V,BE008C,2020,1896.0,e,,BE008C,BE,,2020,unemployed_total,"Persons unemployed, total"
A,EC1010V,BE008C,2021,2173.0,,,BE008C,BE,,2021,unemployed_total,"Persons unemployed, total"
A,EC1010V,BE008C,2022,1779.0,e,,BE008C,BE,,2022,unemployed_total,"Persons unemployed, total"
A,EC1010V,BE008C,2023,1992.0,e,,BE008C,BE,,2023,unemployed_total,"Persons unemployed, total"
A,EC1010V,BE009C,2015,5789.0,,,BE009C,BE,,2015,unemployed_total,"Persons unemployed, total"
A,EC1010V,BE009C,2016,5050.0,,,BE009C,BE,,2016,unemployed_total,"Persons unemployed, total"
A,EC1010V,BE009C,2017,4719.0,e,,BE009C,BE,,2017,unemployed_total,"Persons unemployed, total"
A,EC1010V,BE009C,2018,4211.0,e,,BE009C,BE,,2018,unemployed_total,"Persons unemployed, total"
A,EC1010V,BE009C,2019,3551.0,,,BE009C,BE,,2019,unemployed_total,"Persons unemployed, total"
A,EC1010V,BE009C,2020,3771.0,e,,BE009C,BE,,2020,unemployed_total,"Persons unemployed, total"
A,EC1010V,BE009C,2021,7377.0,,,BE009C,BE,,2021,unemployed_total,"Persons unemployed, total"
A,EC1010V,BE009C,2022,6892.0,e,,BE009C,BE,,2022,unemployed_total,"Persons unemployed, total"
A,EC1010V,BE009C,2023,6505.0,e,,BE009C,BE,,2023,unemployed_total,"Persons unemployed, total"
A,EC1010V,BE010C,2015,1727.0,,,BE010C,BE,,2015,unemployed_total,"Persons unemployed, total"
A,EC1010V,BE010C,2016,1611.0,,,BE010C,BE,,2016,unemployed_total,"Persons unemployed, total"
A,EC1010V,BE010C,2017,1502.0,e,,BE010C,BE,,2017,unemployed_total,"Persons unemployed, total"
A,EC1010V,BE010C,2018,1222.0,e,,BE010C,BE,,2018,unemployed_total,"Persons unemployed, total"
A,EC1010V,BE010C,2019,1188.0,,,BE010C,BE,,2019,unemployed_total,"Persons unemployed, total"
A,EC1010V,BE010C,2020,1284.0,e,,BE010C,BE,,2020,unemployed_total,"Persons unemployed, total"
A,EC1010V,BE010C,2021,1426.0,,,BE010C,BE,,2021,unemployed_total,"Persons unemployed, total"
A,EC1010V,BE010C,2022,1262.0,e,,BE010C,BE,,2022,unemployed_total,"Persons unemployed, total"
A,EC1010V,BE010C,2023,1506.0,e,,BE010C,BE,,2023,unemployed_total,"Persons unemployed, total"
A,EC1010V,BE011C,2015,2502.0,,,BE011C,BE,,2015,unemployed_total,"Persons unemployed, total"
A,EC1010V,BE011C,2016,2308.0,,,BE011C,BE,,2016,unemployed_total,"Persons unemployed, total"
A,EC1010V,BE011C,2017,2167.0,e,,BE011C,BE,,2017,unemployed_total,"Persons unemployed, total"
A,EC1010V,BE011C,2018,1702.0,e,,BE011C,BE,,2018,unemployed_total,"Persons unemployed, total"
A,EC1010V,BE011C,2019,1685.0,,,BE011C,BE,,2019,unemployed_total,"Persons unemployed, total"
A,EC1010V,BE011C,2020,1788.0,e,,BE011C,BE,,2020,unemployed_total,"Persons unemployed, total"
A,EC1010V,BE011C,2021,2000.0,,,BE011C,BE,,2021,unemployed_total,"Persons unemployed, total"
A,EC1010V,BE011C,2022,1622.0,e,,BE011C,BE,,2022,unemployed_total,"Persons unemployed, total"
A,EC1010V,BE011C,2023,1866.0,e,,BE011C,BE,,2023,unemployed_total,"Persons unemployed, total"
A,EC1010V,BE012C,2021,1996.0,,,BE012C,BE,,2021,unemployed_total,"Persons unemployed, total"
A,EC1010V,BE012C,2022,1688.0,e,,BE012C,BE,,2022,unemployed_total,"Persons unemployed, total"
A,EC1010V,BE012C,2023,1907.0,e,,BE012C,BE,,2023,unemployed_total,"Persons unemployed, total"
A,EC1010V,BE013C,2021,1946.0,,,BE013C,BE,,2021,unemployed_total,"Persons unemployed, total"
A,EC1010V,BE013C,2022,1969.0,e,,BE013C,BE,,2022,unemployed_total,"Persons unemployed, total"
A,EC1010V,BE013C,2023,1960.0,e,,BE013C,BE,,2023,unemployed_total,"Persons unemployed, total"
A,EC1010V,BE014C,2021,5491.0,,,BE014C,BE,,2021,unemployed_total,"Persons unemployed, total"
A,EC1010V,BE014C,2022,5103.0,e,,BE014C,BE,,2022,unemployed_total,"Persons unemployed, total"
A,EC1010V,BE014C,2023,5000.0,e,,BE014C,BE,,2023,unemployed_total,"Persons unemployed, total"
A,EC1010V,BE015C,2021,4050.0,,,BE015C,BE,,2021,unemployed_total,"Persons unemployed, total"
A,EC1010V,BE015C,2022,3908.0,e,,BE015C,BE,,2022,unemployed_total,"Persons unemployed, total"
A,EC1010V,BE015C,2023,3744.0,e,,BE015C,BE,,2023,unemployed_total,"Persons unemployed, total"
A,EC1010V,BG,2015,285605.0,,,BG,BG,,2015,unemployed_total,"Persons unemployed, total"
A,EC1010V,BG,2016,230355.0,,,BG,BG,,2016,unemployed_total,"Persons unemployed, total"
A,EC1010V,BG,2017,183700.0,,,BG,BG,,2017,unemployed_total,"Persons unemployed, total"
A,EC1010V,BG,2018,153774.0,,,BG,BG,,2018,unemployed_total,"Persons unemployed, total"
A,EC1010V,BG001C,2015,32477.0,,,BG001C,BG,,2015,unemployed_total,"Persons unemployed, total"
A,EC1010V,BG001C,2016,27250.0,,,BG001C,BG,,2016,unemployed_total,"Persons unemployed, total"
A,EC1010V,BG001C,2017,20481.0,,,BG001C,BG,,2017,unemployed_total,"Persons unemployed, total"
A,EC1010V,BG001C,2018,13849.0,,,BG001C,BG,,2018,unemployed_total,"Persons unemployed, total"
A,EC1010V,BG001C,2019,9390.0,e,,BG001C,BG,,2019,unemployed_total,"Persons unemployed, total"
A,EC1010V,BG001C,2020,13057.0,e,,BG001C,BG,,2020,unemployed_total,"Persons unemployed, total"
A,EC1010V,BG001C,2021,29028.0,,,BG001C,BG,,2021,unemployed_total,"Persons unemployed, total"
A,EC1010V,BG001C,2022,13019.0,e,,BG001C,BG,,2022,unemployed_total,"Persons unemployed, total"
A,EC1010V,BG002C,2015,8874.0,,,BG002C,BG,,2015,unemployed_total,"Persons unemployed, total"
A,EC1010V,BG002C,2016,7411.0,,,BG002C,BG,,2016,unemployed_total,"Persons unemployed, total"
A,EC1010V,BG002C,2017,5616.0,,,BG002C,BG,,2017,unemployed_total,"Persons unemployed, total"
A,EC1010V,BG002C,2018,3810.0,,,BG002C,BG,,2018,unemployed_total,"Persons unemployed, total"
A,EC1010V,BG002C,2019,2591.0,e,,BG002C,BG,,2019,unemployed_total,"Persons unemployed, total"
A,EC1010V,BG002C,2020,3609.0,e,,BG002C,BG,,2020,unemployed_total,"Persons unemployed, total"
A,EC1010V,BG002C,2021,9906.0,,,BG002C,BG,,2021,unemployed_total,"Persons unemployed, total"
A,EC1010V,BG002C,2022,3520.0,e,,BG002C,BG,,2022,unemployed_total,"Persons unemployed, total"
A,EC1010V,BG003C,2015,8863.0,,,BG003C,BG,,2015,unemployed_total,"Persons unemployed, total"
A,EC1010V,BG003C,2016,7370.0,,,BG003C,BG,,2016,unemployed_total,"Persons unemployed, total"
A,EC1010V,BG003C,2017,5517.0,,,BG003C,BG,,2017,unemployed_total,"Persons unemployed, total"
A,EC1010V,BG003C,2018,3736.0,,,BG003C,BG,,2018,unemployed_total,"Persons unemployed, total"
A,EC1010V,BG003C,2019,2530.0,e,,BG003C,BG,,2019,unemployed_total,"Persons unemployed, total"
A,EC1010V,BG003C,2020,3516.0,e,,BG003C,BG,,2020,unemployed_total,"Persons unemployed, total"
A,EC1010V,BG003C,2021,10039.0,,,BG003C,BG,,2021,unemployed_total,"Persons unemployed, total"
A,EC1010V,BG003C,2022,3403.0,e,,BG003C,BG,,2022,unemployed_total,"Persons unemployed, total"
A,EC1010V,BG004C,2015,5192.0,,,BG004C,BG,,2015,unemployed_total,"Persons unemployed, total"
A,EC1010V,BG004C,2016,4424.0,,,BG004C,BG,,2016,unemployed_total,"Persons unemployed, total"
A,EC1010V,BG004C,2017,3309.0,,,BG004C,BG,,2017,unemployed_total,"Persons unemployed, total"
A,EC1010V,BG004C,2018,2228.0,,,BG004C,BG,,2018,unemployed_total,"Persons unemployed, total"
A,EC1010V,BG004C,2019,1505.0,e,,BG004C,BG,,2019,unemployed_total,"Persons unemployed, total"
A,EC1010V,BG004C,2020,2082.0,e,,BG004C,BG,,2020,unemployed_total,"Persons unemployed, total"
A,EC1010V,BG004C,2021,6418.0,,,BG004C,BG,,2021,unemployed_total,"Persons unemployed, total"
A,EC1010V,BG004C,2022,2059.0,e,,BG004C,BG,,2022,unemployed_total,"Persons unemployed, total"
A,EC1010V,BG005C,2015,4126.0,,,BG005C,BG,,2015,unemployed_total,"Persons unemployed, total"
A,EC1010V,BG005C,2016,3077.0,,,BG005C,BG,,2016,unemployed_total,"Persons unemployed, total"
A,EC1010V,BG005C,2017,2426.0,,,BG005C,BG,,2017,unemployed_total,"Persons unemployed, total"
A,EC1010V,BG005C,2018,2363.0,,,BG005C,BG,,2018,unemployed_total,"Persons unemployed, total"
A,EC1010V,BG005C,2019,1902.0,e,,BG005C,BG,,2019,unemployed_total,"Persons unemployed, total"
A,EC1010V,BG005C,2020,2042.0,e,,BG005C,BG,,2020,unemployed_total,"Persons unemployed, total"
A,EC1010V,BG005C,2021,2778.0,,,BG005C,BG,,2021,unemployed_total,"Persons unemployed, total"
A,EC1010V,BG005C,2022,2218.0,e,,BG005C,BG,,2022,unemployed_total,"Persons unemployed, total"
A,EC1010V,BG006C,2015,3926.0,,,BG006C,BG,,2015,unemployed_total,"Persons unemployed, total"
A,EC1010V,BG006C,2016,3255.0,,,BG006C,BG,,2016,unemployed_total,"Persons unemployed, total"
A,EC1010V,BG006C,2017,2436.0,,,BG006C,BG,,2017,unemployed_total,"Persons unemployed, total"
A,EC1010V,BG006C,2018,1641.0,,,BG006C,BG,,2018,unemployed_total,"Persons unemployed, total"
A,EC1010V,BG006C,2019,1099.0,e,,BG006C,BG,,2019,unemployed_total,"Persons unemployed, total"
A,EC1010V,BG006C,2020,1513.0,e,,BG006C,BG,,2020,unemployed_total,"Persons unemployed, total"
A,EC1010V,BG006C,2021,4252.0,,,BG006C,BG,,2021,unemployed_total,"Persons unemployed, total"
A,EC1010V,BG006C,2022,1347.0,e,,BG006C,BG,,2022,unemployed_total,"Persons unemployed, total"
A,EC1010V,BG007C,2015,2494.0,,,BG007C,BG,,2015,unemployed_total,"Persons unemployed, total"
A,EC1010V,BG007C,2016,2025.0,,,BG007C,BG,,2016,unemployed_total,"Persons unemployed, total"
A,EC1010V,BG007C,2017,1352.0,,,BG007C,BG,,2017,unemployed_total,"Persons unemployed, total"
A,EC1010V,BG007C,2018,1168.0,,,BG007C,BG,,2018,unemployed_total,"Persons unemployed, total"
A,EC1010V,BG007C,2019,968.0,e,,BG007C,BG,,2019,unemployed_total,"Persons unemployed, total"
A,EC1010V,BG007C,2020,1016.0,e,,BG007C,BG,,2020,unemployed_total,"Persons unemployed, total"
A,EC1010V,BG007C,2021,1772.0,,,BG007C,BG,,2021,unemployed_total,"Persons unemployed, total"
A,EC1010V,BG007C,2022,706.0,e,,BG007C,BG,,2022,unemployed_total,"Persons unemployed, total"
A,EC1010V,BG008C,2015,3617.0,,,BG008C,BG,,2015,unemployed_total,"Persons unemployed, total"
A,EC1010V,BG008C,2016,3000.0,,,BG008C,BG,,2016,unemployed_total,"Persons unemployed, total"
A,EC1010V,BG008C,2017,2245.0,,,BG008C,BG,,2017,unemployed_total,"Persons unemployed, total"
A,EC1010V,BG008C,2018,1510.0,,,BG008C,BG,,2018,unemployed_total,"Persons unemployed, total"
A,EC1010V,BG008C,2019,1017.0,e,,BG008C,BG,,2019,unemployed_total,"Persons unemployed, total"
A,EC1010V,BG008C,2020,1402.0,e,,BG008C,BG,,2020,unemployed_total,"Persons unemployed, total"
A,EC1010V,BG008C,2021,3990.0,,,BG008C,BG,,2021,unemployed_total,"Persons unemployed, total"
A,EC1010V,BG008C,2022,1330.0,e,,BG008C,BG,,2022,unemployed_total,"Persons unemployed, total"
A,EC1010V,BG009C,2015,3482.0,,,BG009C,BG,,2015,unemployed_total,"Persons unemployed, total"
A,EC1010V,BG009C,2016,2623.0,,,BG009C,BG,,2016,unemployed_total,"Persons unemployed, total"
A,EC1010V,BG009C,2017,2079.0,,,BG009C,BG,,2017,unemployed_total,"Persons unemployed, total"
A,EC1010V,BG009C,2018,2036.0,,,BG009C,BG,,2018,unemployed_total,"Persons unemployed, total"
A,EC1010V,BG009C,2019,1639.0,e,,BG009C,BG,,2019,unemployed_total,"Persons unemployed, total"
A,EC1010V,BG009C,2020,1764.0,e,,BG009C,BG,,2020,unemployed_total,"Persons unemployed, total"
A,EC1010V,BG009C,2021,3026.0,,,BG009C,BG,,2021,unemployed_total,"Persons unemployed, total"
A,EC1010V,BG009C,2022,1951.0,e,,BG009C,BG,,2022,unemployed_total,"Persons unemployed, total"
A,EC1010V,BG010C,2015,3589.0,,,BG010C,BG,,2015,unemployed_total,"Persons unemployed, total"
A,EC1010V,BG010C,2016,2697.0,,,BG010C,BG,,2016,unemployed_total,"Persons unemployed, total"
A,EC1010V,BG010C,2017,2111.0,,,BG010C,BG,,2017,unemployed_total,"Persons unemployed, total"
A,EC1010V,BG010C,2018,2054.0,,,BG010C,BG,,2018,unemployed_total,"Persons unemployed, total"
A,EC1010V,BG010C,2019,1651.0,e,,BG010C,BG,,2019,unemployed_total,"Persons unemployed, total"
A,EC1010V,BG010C,2020,1774.0,e,,BG010C,BG,,2020,unemployed_total,"Persons unemployed, total"
A,EC1010V,BG010C,2021,3059.0,,,BG010C,BG,,2021,unemployed_total,"Persons unemployed, total"
A,EC1010V,BG010C,2022,1769.0,e,,BG010C,BG,,2022,unemployed_total,"Persons unemployed, total"
A,EC1010V,BG011C,2015,3199.0,,,BG011C,BG,,2015,unemployed_total,"Persons unemployed, total"
A,EC1010V,BG011C,2016,2409.0,,,BG011C,BG,,2016,unemployed_total,"Persons unemployed, total"
A,EC1010V,BG011C,2017,1899.0,,,BG011C,BG,,2017,unemployed_total,"Persons unemployed, total"
A,EC1010V,BG011C,2018,1847.0,,,BG011C,BG,,2018,unemployed_total,"Persons unemployed, total"
A,EC1010V,BG011C,2019,1493.0,e,,BG011C,BG,,2019,unemployed_total,"Persons unemployed, total"
A,EC1010V,BG011C,2020,1623.0,e,,BG011C,BG,,2020,unemployed_total,"Persons unemployed, total"
A,EC1010V,BG011C,2021,2244.0,,,BG011C,BG,,2021,unemployed_total,"Persons unemployed, total"
A,EC1010V,BG011C,2022,1655.0,e,,BG011C,BG,,2022,unemployed_total,"Persons unemployed, total"
A,EC1010V,BG012C,2015,3068.0,,,BG012C,BG,,2015,unemployed_total,"Persons unemployed, total"
A,EC1010V,BG012C,2016,2304.0,,,BG012C,BG,,2016,unemployed_total,"Persons unemployed, total"
A,EC1010V,BG012C,2017,1846.0,,,BG012C,BG,,2017,unemployed_total,"Persons unemployed, total"
A,EC1010V,BG012C,2018,1802.0,,,BG012C,BG,,2018,unemployed_total,"Persons unemployed, total"
A,EC1010V,BG012C,2019,1451.0,e,,BG012C,BG,,2019,unemployed_total,"Persons unemployed, total"
A,EC1010V,BG012C,2020,1567.0,e,,BG012C,BG,,2020,unemployed_total,"Persons unemployed, total"
A,EC1010V,BG012C,2021,2884.0,,,BG012C,BG,,2021,unemployed_total,"Persons unemployed, total"
A,EC1010V,BG012C,2022,1647.0,e,,BG012C,BG,,2022,unemployed_total,"Persons unemployed, total"
A,EC1010V,BG013C,2015,2851.0,,,BG013C,BG,,2015,unemployed_total,"Persons unemployed, total"
A,EC1010V,BG013C,2016,2135.0,,,BG013C,BG,,2016,unemployed_total,"Persons unemployed, total"
A,EC1010V,BG013C,2017,1690.0,,,BG013C,BG,,2017,unemployed_total,"Persons unemployed, total"
A,EC1010V,BG013C,2018,1647.0,,,BG013C,BG,,2018,unemployed_total,"Persons unemployed, total"
A,EC1010V,BG013C,2019,1318.0,e,,BG013C,BG,,2019,unemployed_total,"Persons unemployed, total"
A,EC1010V,BG013C,2020,1422.0,e,,BG013C,BG,,2020,unemployed_total,"Persons unemployed, total"
A,EC1010V,BG013C,2021,2274.0,,,BG013C,BG,,2021,unemployed_total,"Persons unemployed, total"
A,EC1010V,BG013C,2022,1491.0,e,,BG013C,BG,,2022,unemployed_total,"Persons unemployed, total"
A,EC1010V,BG014C,2015,2941.0,,,BG014C,BG,,2015,unemployed_total,"Persons unemployed, total"
A,EC1010V,BG014C,2016,2205.0,,,BG014C,BG,,2016,unemployed_total,"Persons unemployed, total"
A,EC1010V,BG014C,2017,1743.0,,,BG014C,BG,,2017,unemployed_total,"Persons unemployed, total"
A,EC1010V,BG014C,2018,1703.0,,,BG014C,BG,,2018,unemployed_total,"Persons unemployed, total"
A,EC1010V,BG014C,2019,1370.0,e,,BG014C,BG,,2019,unemployed_total,"Persons unemployed, total"
A,EC1010V,BG014C,2020,1472.0,e,,BG014C,BG,,2020,unemployed_total,"Persons unemployed, total"
A,EC1010V,BG014C,2021,2287.0,,,BG014C,BG,,2021,unemployed_total,"Persons unemployed, total"
A,EC1010V,BG014C,2022,1587.0,e,,BG014C,BG,,2022,unemployed_total,"Persons unemployed, total"
A,EC1010V,BG015C,2015,2769.0,,,BG015C,BG,,2015,unemployed_total,"Persons unemployed, total"
A,EC1010V,BG015C,2016,2086.0,,,BG015C,BG,,2016,unemployed_total,"Persons unemployed, total"
A,EC1010V,BG015C,2017,1647.0,,,BG015C,BG,,2017,unemployed_total,"Persons unemployed, total"
A,EC1010V,BG015C,2018,1611.0,,,BG015C,BG,,2018,unemployed_total,"Persons unemployed, total"
A,EC1010V,BG015C,2019,1301.0,e,,BG015C,BG,,2019,unemployed_total,"Persons unemployed, total"
A,EC1010V,BG015C,2020,1409.0,e,,BG015C,BG,,2020,unemployed_total,"Persons unemployed, total"
A,EC1010V,BG015C,2021,2140.0,,,BG015C,BG,,2021,unemployed_total,"Persons unemployed, total"
A,EC1010V,BG015C,2022,1358.0,e,,BG015C,BG,,2022,unemployed_total,"Persons unemployed, total"
A,EC1010V,BG016C,2015,2969.0,,,BG016C,BG,,2015,unemployed_total,"Persons unemployed, total"
A,EC1010V,BG016C,2016,2566.0,,,BG016C,BG,,2016,unemployed_total,"Persons unemployed, total"
A,EC1010V,BG016C,2017,2212.0,,,BG016C,BG,,2017,unemployed_total,"Persons unemployed, total"
A,EC1010V,BG016C,2018,1599.0,,,BG016C,BG,,2018,unemployed_total,"Persons unemployed, total"
A,EC1010V,BG016C,2019,1477.0,e,,BG016C,BG,,2019,unemployed_total,"Persons unemployed, total"
A,EC1010V,BG016C,2020,1647.0,e,,BG016C,BG,,2020,unemployed_total,"Persons unemployed, total"
A,EC1010V,BG016C,2021,2958.0,,,BG016C,BG,,2021,unemployed_total,"Persons unemployed, total"
A,EC1010V,BG016C,2022,1289.0,e,,BG016C,BG,,2022,unemployed_total,"Persons unemployed, total"
A,EC1010V,BG017C,2015,3829.0,,,BG017C,BG,,2015,unemployed_total,"Persons unemployed, total"
A,EC1010V,BG017C,2016,3207.0,,,BG017C,BG,,2016,unemployed_total,"Persons unemployed, total"
A,EC1010V,BG017C,2017,2159.0,,,BG017C,BG,,2017,unemployed_total,"Persons unemployed, total"
A,EC1010V,BG017C,2018,1886.0,,,BG017C,BG,,2018,unemployed_total,"Persons unemployed, total"
A,EC1010V,BG017C,2019,1583.0,e,,BG017C,BG,,2019,unemployed_total,"Persons unemployed, total"
A,EC1010V,BG017C,2020,1700.0,e,,BG017C,BG,,2020,unemployed_total,"Persons unemployed, total"
A,EC1010V,BG017C,2021,1842.0,,,BG017C,BG,,2021,unemployed_total,"Persons unemployed, total"
A,EC1010V,BG017C,2022,1199.0,e,,BG017C,BG,,2022,unemployed_total,"Persons unemployed, total"
A,EC1010V,BG018C,2015,2351.0,,,BG018C,BG,,2015,unemployed_total,"Persons unemployed, total"
A,EC1010V,BG018C,2016,1960.0,,,BG018C,BG,,2016,unemployed_total,"Persons unemployed, total"
A,EC1010V,BG018C,2017,1698.0,,,BG018C,BG,,2017,unemployed_total,"Persons unemployed, total"
A,EC1010V,BG018C,2018,1221.0,,,BG018C,BG,,2018,unemployed_total,"Persons unemployed, total"
A,EC1010V,BG018C,2019,1122.0,e,,BG018C,BG,,2019,unemployed_total,"Persons unemployed, total"
A,EC1010V,BG018C,2020,1239.0,e,,BG018C,BG,,2020,unemployed_total,"Persons unemployed, total"
A,EC1010V,BG018C,2021,1813.0,,,BG018C,BG,,2021,unemployed_total,"Persons unemployed, total"
A,EC1010V,BG018C,2022,1022.0,e,,BG018C,BG,,2022,unemployed_total,"Persons unemployed, total"
A,EC1010V,CH001C,2015,6044.57,e,,CH001C,CH,,2015,unemployed_total,"Persons unemployed, total"
A,EC1010V,CH001C,2016,6483.93,e,,CH001C,CH,,2016,unemployed_total,"Persons unemployed, total"
A,EC1010V,CH001C,2017,6039.73,e,,CH001C,CH,,2017,unemployed_total,"Persons unemployed, total"
A,EC1010V,CH001C,2018,5913.13,e,,CH001C,CH,,2018,unemployed_total,"Persons unemployed, total"
A,EC1010V,CH001C,2019,5054.88,e,,CH001C,CH,,2019,unemployed_total,"Persons unemployed, total"
A,EC1010V,CH001C,2020,5176.07,e,,CH001C,CH,,2020,unemployed_total,"Persons unemployed, total"
A,EC1010V,CH001C,2021,6111.68,e,,CH001C,CH,,2021,unemployed_total,"Persons unemployed, total"
A,EC1010V,CH002C,2015,16792.7,e,,CH002C,CH,,2015,unemployed_total,"Persons unemployed, total"
A,EC1010V,CH002C,2016,20584.3,e,,CH002C,CH,,2016,unemployed_total,"Persons unemployed, total"
A,EC1010V,CH002C,2017,21799.89,e,,CH002C,CH,,2017,unemployed_total,"Persons unemployed, total"
A,EC1010V,CH002C,2018,18579.91,e,,CH002C,CH,,2018,unemployed_total,"Persons unemployed, total"
A,EC1010V,CH002C,2019,20751.42,e,,CH002C,CH,,2019,unemployed_total,"Persons unemployed, total"
A,EC1010V,CH002C,2020,20134.28,e,,CH002C,CH,,2020,unemployed_total,"Persons unemployed, total"
A,EC1010V,CH002C,2021,24938.65,e,,CH002C,CH,,2021,unemployed_total,"Persons unemployed, total"
A,EC1010V,CH003C,2015,18249.68,e,,CH003C,CH,,2015,unemployed_total,"Persons unemployed, total"
A,EC1010V,CH003C,2016,21305.37,e,,CH003C,CH,,2016,unemployed_total,"Persons unemployed, total"
A,EC1010V,CH003C,2017,22007.12,e,,CH003C,CH,,2017,unemployed_total,"Persons unemployed, total"
A,EC1010V,CH003C,2018,21770.86,e,,CH003C,CH,,2018,unemployed_total,"Persons unemployed, total"
A,EC1010V,CH003C,2019,23412.41,e,,CH003C,CH,,2019,unemployed_total,"Persons unemployed, total"
A,EC1010V,CH003C,2020,20509.79,e,,CH003C,CH,,2020,unemployed_total,"Persons unemployed, total"
A,EC1010V,CH003C,2021,25658.43,e,,CH003C,CH,,2021,unemployed_total,"Persons unemployed, total"
A,EC1010V,CH004C,2015,9131.88,e,,CH004C,CH,,2015,unemployed_total,"Persons unemployed, total"
A,EC1010V,CH004C,2016,11512.39,e,,CH004C,CH,,2016,unemployed_total,"Persons unemployed, total"
A,EC1010V,CH004C,2017,10298.83,e,,CH004C,CH,,2017,unemployed_total,"Persons unemployed, total"
A,EC1010V,CH004C,2018,8935.28,e,,CH004C,CH,,2018,unemployed_total,"Persons unemployed, total"
A,EC1010V,CH004C,2019,10395.29,e,,CH004C,CH,,2019,unemployed_total,"Persons unemployed, total"
A,EC1010V,CH004C,2020,9547.68,e,,CH004C,CH,,2020,unemployed_total,"Persons unemployed, total"
A,EC1010V,CH004C,2021,10807.08,e,,CH004C,CH,,2021,unemployed_total,"Persons unemployed, total"
A,EC1010V,CH005C,2015,10642.08,e,,CH005C,CH,,2015,unemployed_total,"Persons unemployed, total"
A,EC1010V,CH005C,2016,11384.36,e,,CH005C,CH,,2016,unemployed_total,"Persons unemployed, total"
A,EC1010V,CH005C,2017,12319.84,e,,CH005C,CH,,2017,unemployed_total,"Persons unemployed, total"
A,EC1010V,CH005C,2018,11345.31,e,,CH005C,CH,,2018,unemployed_total,"Persons unemployed, total"
A,EC1010V,CH005C,2019,12113.12,e,,CH005C,CH,,2019,unemployed_total,"Persons unemployed, total"
A,EC1010V,CH005C,2020,11927.95,e,,CH005C,CH,,2020,unemployed_total,"Persons unemployed, total"
A,EC1010V,CH005C,2021,13069.9,e,,CH005C,CH,,2021,unemployed_total,"Persons unemployed, total"
A,EC1010V,CH006C,2015,3849.31,e,,CH006C,CH,,2015,unemployed_total,"Persons unemployed, total"
A,EC1010V,CH006C,2016,4054.88,e,,CH006C,CH,,2016,unemployed_total,"Persons unemployed, total"
A,EC1010V,CH006C,2017,3712.94,e,,CH006C,CH,,2017,unemployed_total,"Persons unemployed, total"
A,EC1010V,CH006C,2018,3751.39,e,,CH006C,CH,,2018,unemployed_total,"Persons unemployed, total"
A,EC1010V,CH006C,2019,3632.12,e,,CH006C,CH,,2019,unemployed_total,"Persons unemployed, total"
A,EC1010V,CH006C,2020,3784.27,e,,CH006C,CH,,2020,unemployed_total,"Persons unemployed, total"
A,EC1010V,CH006C,2021,4970.72,e,,CH006C,CH,,2021,unemployed_total,"Persons unemployed, total"
A,EC1010V,CH007C,2016,3446.32,e,,CH007C,CH,,2016,unemployed_total,"Persons unemployed, total"
A,EC1010V,CH007C,2017,3263.36,e,,CH007C,CH,,2017,unemployed_total,"Persons unemployed, total"
A,EC1010V,CH007C,2018,2744.0,e,,CH007C,CH,,2018,unemployed_total,"Persons unemployed, total"
A,EC1010V,CH007C,2019,3323.29,e,,CH007C,CH,,2019,unemployed_total,"Persons unemployed, total"
A,EC1010V,CH007C,2020,3161.14,e,,CH007C,CH,,2020,unemployed_total,"Persons unemployed, total"
A,EC1010V,CH007C,2021,3807.39,e,,CH007C,CH,,2021,unemployed_total,"Persons unemployed, total"
A,EC1010V,CH008C,2015,3691.91,e,,CH008C,CH,,2015,unemployed_total,"Persons unemployed, total"
A,EC1010V,CH008C,2016,3634.12,e,,CH008C,CH,,2016,unemployed_total,"Persons unemployed, total"
A,EC1010V,CH008C,2017,3548.86,e,,CH008C,CH,,2017,unemployed_total,"Persons unemployed, total"
A,EC1010V,CH008C,2018,3464.07,e,,CH008C,CH,,2018,unemployed_total,"Persons unemployed, total"
A,EC1010V,CH008C,2019,3669.89,e,,CH008C,CH,,2019,unemployed_total,"Persons unemployed, total"
A,EC1010V,CH008C,2020,3475.7,e,,CH008C,CH,,2020,unemployed_total,"Persons unemployed, total"
A,EC1010V,CH008C,2021,3489.28,e,,CH008C,CH,,2021,unemployed_total,"Persons unemployed, total"
A,EC1010V,CH009C,2016,2841.39,e,,CH009C,CH,,2016,unemployed_total,"Persons unemployed, total"
A,EC1010V,CH009C,2017,2781.84,e,,CH009C,CH,,2017,unemployed_total,"Persons unemployed, total"
A,EC1010V,CH009C,2018,2475.57,e,,CH009C,CH,,2018,unemployed_total,"Persons unemployed, total"
A,EC1010V,CH009C,2019,1577.16,e,,CH009C,CH,,2019,unemployed_total,"Persons unemployed, total"
A,EC1010V,CH009C,2020,2029.54,e,,CH009C,CH,,2020,unemployed_total,"Persons unemployed, total"
A,EC1010V,CH009C,2021,2820.52,e,,CH009C,CH,,2021,unemployed_total,"Persons unemployed, total"
A,EC1010V,CZ,2019,109074.0,d,,CZ,CZ,,2019,unemployed_total,"Persons unemployed, total"
A,EC1010V,CZ001C,2019,9435.0,d,,CZ001C,CZ,,2019,unemployed_total,"Persons unemployed, total"
A,EC1010V,DE,2015,1940400.0,,,DE,DE,,2015,unemployed_total,"Persons unemployed, total"
A,EC1010V,DE,2016,1767340.0,,,DE,DE,,2016,unemployed_total,"Persons unemployed, total"
A,EC1010V,DE,2017,1609710.0,e,,DE,DE,,2017,unemployed_total,"Persons unemployed, total"
A,EC1010V,DE,2018,1455050.0,e,,DE,DE,,2018,unemployed_total,"Persons unemployed, total"
A,EC1010V,DE001C,2015,172000.0,,,DE001C,DE,,2015,unemployed_total,"Persons unemployed, total"
A,EC1010V,DE001C,2016,145750.0,,,DE001C,DE,,2016,unemployed_total,"Persons unemployed, total"
A,EC1010V,DE001C,2017,133220.0,e,,DE001C,DE,,2017,unemployed_total,"Persons unemployed, total"
A,EC1010V,DE001C,2018,118260.0,e,,DE001C,DE,,2018,unemployed_total,"Persons unemployed, total"
A,EC1010V,DE001C,2019,103730.0,e,,DE001C,DE,,2019,unemployed_total,"Persons unemployed, total"
A,EC1010V,DE001C,2020,117260.0,e,,DE001C,DE,,2020,unemployed_total,"Persons unemployed, total"
A,EC1010V,DE001C,2021,142000.0,e,,DE001C,DE,,2021,unemployed_total,"Persons unemployed, total"
A,EC1010V,DE001C,2022,122000.0,e,,DE001C,DE,,2022,unemployed_total,"Persons unemployed, total"
A,EC1010V,DE001C,2023,129000.0,e,,DE001C,DE,,2023,unemployed_total,"Persons unemployed, total"
A,EC1010V,DE002C,2015,40700.0,,,DE002C,DE,,2015,unemployed_total,"Persons unemployed, total"
A,EC1010V,DE002C,2016,39970.0,,,DE002C,DE,,2016,unemployed_total,"Persons unemployed, total"
A,EC1010V,DE002C,2017,41860.0,e,,DE002C,DE,,2017,unemployed_total,"Persons unemployed, total"
A,EC1010V,DE002C,2018,40960.0,e,,DE002C,DE,,2018,unemployed_total,"Persons unemployed, total"
A,EC1010V,DE002C,2019,36490.0,e,,DE002C,DE,,2019,unemployed_total,"Persons unemployed, total"
A,EC1010V,DE002C,2020,47650.0,e,,DE002C,DE,,2020,unemployed_total,"Persons unemployed, total"
A,EC1010V,DE002C,2021,56000.0,e,,DE002C,DE,,2021,unemployed_total,"Persons unemployed, total"
A,EC1010V,DE002C,2022,52000.0,e,,DE002C,DE,,2022,unemployed_total,"Persons unemployed, total"
A,EC1010V,DE002C,2023,51000.0,e,,DE002C,DE,,2023,unemployed_total,"Persons unemployed, total"
A,EC1010V,DE003C,2015,32092.0,,,DE003C,DE,,2015,unemployed_total,"Persons unemployed, total"
A,EC1010V,DE003C,2016,28000.0,,,DE003C,DE,,2016,unemployed_total,"Persons unemployed, total"
A,EC1010V,DE003C,2017,26234.0,e,,DE003C,DE,,2017,unemployed_total,"Persons unemployed, total"
A,EC1010V,DE003C,2018,24489.0,e,,DE003C,DE,,2018,unemployed_total,"Persons unemployed, total"
A,EC1010V,DE003C,2019,21990.0,e,,DE003C,DE,,2019,unemployed_total,"Persons unemployed, total"
A,EC1010V,DE003C,2020,29097.0,e,,DE003C,DE,,2020,unemployed_total,"Persons unemployed, total"
A,EC1010V,DE003C,2021,37000.0,e,,DE003C,DE,,2021,unemployed_total,"Persons unemployed, total"
A,EC1010V,DE003C,2022,32000.0,e,,DE003C,DE,,2022,unemployed_total,"Persons unemployed, total"
A,EC1010V,DE003C,2023,33000.0,e,,DE003C,DE,,2023,unemployed_total,"Persons unemployed, total"
A,EC1010V,DE004C,2015,32377.0,,,DE004C,DE,,2015,unemployed_total,"Persons unemployed, total"
A,EC1010V,DE004C,2016,27092.0,,,DE004C,DE,,2016,unemployed_total,"Persons unemployed, total"
A,EC1010V,DE004C,2017,25656.0,e,,DE004C,DE,,2017,unemployed_total,"Persons unemployed, total"
A,EC1010V,DE004C,2018,24478.0,e,,DE004C,DE,,2018,unemployed_total,"Persons unemployed, total"
A,EC1010V,DE004C,2019,24059.0,e,,DE004C,DE,,2019,unemployed_total,"Persons unemployed, total"
A,EC1010V,DE004C,2020,30488.0,e,,DE004C,DE,,2020,unemployed_total,"Persons unemployed, total"
A,EC1010V,DE004C,2021,32000.0,e,,DE004C,DE,,2021,unemployed_total,"Persons unemployed, total"
A,EC1010V,DE004C,2022,30000.0,e,,DE004C,DE,,2022,unemployed_total,"Persons unemployed, total"
A,EC1010V,DE004C,2023,28000.0,e,,DE004C,DE,,2023,unemployed_total,"Persons unemployed, total"
A,EC1010V,DE005C,2015,18188.0,,,DE005C,DE,,2015,unemployed_total,"Persons unemployed, total"
A,EC1010V,DE005C,2016,17823.0,,,DE005C,DE,,2016,unemployed_total,"Persons unemployed, total"
A,EC1010V,DE005C,2017,14743.0,e,,DE005C,DE,,2017,unemployed_total,"Persons unemployed, total"
A,EC1010V,DE005C,2018,14469.0,e,,DE005C,DE,,2018,unemployed_total,"Persons unemployed, total"
A,EC1010V,DE005C,2019,13747.0,e,,DE005C,DE,,2019,unemployed_total,"Persons unemployed, total"
A,EC1010V,DE005C,2020,20067.0,e,,DE005C,DE,,2020,unemployed_total,"Persons unemployed, total"
A,EC1010V,DE005C,2021,27000.0,e,,DE005C,DE,,2021,unemployed_total,"Persons unemployed, total"
A,EC1010V,DE005C,2022,24000.0,e,,DE005C,DE,,2022,unemployed_total,"Persons unemployed, total"
A,EC1010V,DE005C,2023,20000.0,e,,DE005C,DE,,2023,unemployed_total,"Persons unemployed, total"
A,EC1010V,DE006C,2015,21501.0,,,DE006C,DE,,2015,unemployed_total,"Persons unemployed, total"
A,EC1010V,DE006C,2016,19198.0,,,DE006C,DE,,2016,unemployed_total,"Persons unemployed, total"
A,EC1010V,DE006C,2017,17790.0,e,,DE006C,DE,,2017,unemployed_total,"Persons unemployed, total"
A,EC1010V,DE006C,2018,16962.0,e,,DE006C,DE,,2018,unemployed_total,"Persons unemployed, total"
A,EC1010V,DE006C,2019,15577.0,e,,DE006C,DE,,2019,unemployed_total,"Persons unemployed, total"
A,EC1010V,DE006C,2020,18205.0,e,,DE006C,DE,,2020,unemployed_total,"Persons unemployed, total"
A,EC1010V,DE006C,2021,19000.0,e,,DE006C,DE,,2021,unemployed_total,"Persons unemployed, total"
A,EC1010V,DE006C,2022,22000.0,e,,DE006C,DE,,2022,unemployed_total,"Persons unemployed, total"
A,EC1010V,DE006C,2023,19000.0,e,,DE006C,DE,,2023,unemployed_total,"Persons unemployed, total"
A,EC1010V,DE007C,2015,14147.0,,,DE007C,DE,,2015,unemployed_total,"Persons unemployed, total"
A,EC1010V,DE007C,2016,14283.0,,,DE007C,DE,,2016,unemployed_total,"Persons unemployed, total"
A,EC1010V,DE007C,2017,12552.0,e,,DE007C,DE,,2017,unemployed_total,"Persons unemployed, total"
A,EC1010V,DE007C,2018,11022.0,e,,DE007C,DE,,2018,unemployed_total,"Persons unemployed, total"
A,EC1010V,DE007C,2019,10129.0,e,,DE007C,DE,,2019,unemployed_total,"Persons unemployed, total"
A,EC1010V,DE007C,2020,14279.0,e,,DE007C,DE,,2020,unemployed_total,"Persons unemployed, total"
A,EC1010V,DE007C,2021,18000.0,e,,DE007C,DE,,2021,unemployed_total,"Persons unemployed, total"
A,EC1010V,DE007C,2022,15000.0,e,,DE007C,DE,,2022,unemployed_total,"Persons unemployed, total"
A,EC1010V,DE007C,2023,18000.0,e,,DE007C,DE,,2023,unemployed_total,"Persons unemployed, total"
A,EC1010V,DE008C,2015,21131.0,,,DE008C,DE,,2015,unemployed_total,"Persons unemployed, total"
A,EC1010V,DE008C,2016,17433.0,,,DE008C,DE,,2016,unemployed_total,"Persons unemployed, total"
A,EC1010V,DE008C,2017,15336.0,e,,DE008C,DE,,2017,unemployed_total,"Persons unemployed, total"
A,EC1010V,DE008C,2018,13311.0,e,,DE008C,DE,,2018,unemployed_total,"Persons unemployed, total"
A,EC1010V,DE008C,2019,13702.0,e,,DE008C,DE,,2019,unemployed_total,"Persons unemployed, total"
A,EC1010V,DE008C,2020,14709.0,e,,DE008C,DE,,2020,unemployed_total,"Persons unemployed, total"
A,EC1010V,DE008C,2021,19000.0,e,,DE008C,DE,,2021,unemployed_total,"Persons unemployed, total"
A,EC1010V,DE008C,2022,15000.0,e,,DE008C,DE,,2022,unemployed_total,"Persons unemployed, total"
A,EC1010V,DE008C,2023,18000.0,e,,DE008C,DE,,2023,unemployed_total,"Persons unemployed, total"
A,EC1010V,DE009C,2015,16924.0,,,DE009C,DE,,2015,unemployed_total,"Persons unemployed, total"
A,EC1010V,DE009C,2016,14254.0,,,DE009C,DE,,2016,unemployed_total,"Persons unemployed, total"
A,EC1010V,DE009C,2017,12598.0,e,,DE009C,DE,,2017,unemployed_total,"Persons unemployed, total"
A,EC1010V,DE009C,2018,11502.0,e,,DE009C,DE,,2018,unemployed_total,"Persons unemployed, total"
A,EC1010V,DE009C,2019,11741.0,e,,DE009C,DE,,2019,unemployed_total,"Persons unemployed, total"
A,EC1010V,DE009C,2020,11287.0,e,,DE009C,DE,,2020,unemployed_total,"Persons unemployed, total"
A,EC1010V,DE009C,2021,11000.0,e,,DE009C,DE,,2021,unemployed_total,"Persons unemployed, total"
A,EC1010V,DE009C,2022,10000.0,e,,DE009C,DE,,2022,unemployed_total,"Persons unemployed, total"
A,EC1010V,DE009C,2023,13000.0,e,,DE009C,DE,,2023,unemployed_total,"Persons unemployed, total"
A,EC1010V,DE010C,2015,23252.0,,,DE010C,DE,,2015,unemployed_total,"Persons unemployed, total"
A,EC1010V,DE010C,2016,20157.0,,,DE010C,DE,,2016,unemployed_total,"Persons unemployed, total"
A,EC1010V,DE010C,2017,17958.0,e,,DE010C,DE,,2017,unemployed_total,"Persons unemployed, total"
A,EC1010V,DE010C,2018,16992.0,e,,DE010C,DE,,2018,unemployed_total,"Persons unemployed, total"
A,EC1010V,DE010C,2019,16281.0,e,,DE010C,DE,,2019,unemployed_total,"Persons unemployed, total"
A,EC1010V,DE010C,2020,19759.0,e,,DE010C,DE,,2020,unemployed_total,"Persons unemployed, total"
A,EC1010V,DE010C,2021,19000.0,e,,DE010C,DE,,2021,unemployed_total,"Persons unemployed, total"
A,EC1010V,DE010C,2022,18000.0,e,,DE010C,DE,,2022,unemployed_total,"Persons unemployed, total"
A,EC1010V,DE010C,2023,19000.0,e,,DE010C,DE,,2023,unemployed_total,"Persons unemployed, total"
A,EC1010V,DE011C,2015,16821.0,,,DE011C,DE,,2015,unemployed_total,"Persons unemployed, total"
A,EC1010V,DE011C,2016,14064.0,,,DE011C,DE,,2016,unemployed_total,"Persons unemployed, total"
A,EC1010V,DE011C,2017,12651.0,e,,DE011C,DE,,2017,unemployed_total,"Persons unemployed, total"
A,EC1010V,DE011C,2018,11928.0,e,,DE011C,DE,,2018,unemployed_total,"Persons unemployed, total"
A,EC1010V,DE011C,2019,11492.0,e,,DE011C,DE,,2019,unemployed_total,"Persons unemployed, total"
A,EC1010V,DE011C,2020,14786.0,e,,DE011C,DE,,2020,unemployed_total,"Persons unemployed, total"
A,EC1010V,DE011C,2021,18000.0,e,,DE011C,DE,,2021,unemployed_total,"Persons unemployed, total"
A,EC1010V,DE011C,2022,17000.0,e,,DE011C,DE,,2022,unemployed_total,"Persons unemployed, total"
A,EC1010V,DE011C,2023,20000.0,e,,DE011C,DE,,2023,unemployed_total,"Persons unemployed, total"
A,EC1010V,DE012C,2015,13809.0,,,DE012C,DE,,2015,unemployed_total,"Persons unemployed, total"
A,EC1010V,DE012C,2016,13965.0,,,DE012C,DE,,2016,unemployed_total,"Persons unemployed, total"
A,EC1010V,DE012C,2017,11190.0,e,,DE012C,DE,,2017,unemployed_total,"Persons unemployed, total"
A,EC1010V,DE012C,2018,11487.0,e,,DE012C,DE,,2018,unemployed_total,"Persons unemployed, total"
A,EC1010V,DE012C,2019,13987.0,e,,DE012C,DE,,2019,unemployed_total,"Persons unemployed, total"
A,EC1010V,DE012C,2020,15908.0,e,,DE012C,DE,,2020,unemployed_total,"Persons unemployed, total"
A,EC1010V,DE012C,2021,20000.0,e,,DE012C,DE,,2021,unemployed_total,"Persons unemployed, total"
A,EC1010V,DE012C,2022,20000.0,e,,DE012C,DE,,2022,unemployed_total,"Persons unemployed, total"
A,EC1010V,DE012C,2023,18000.0,e,,DE012C,DE,,2023,unemployed_total,"Persons unemployed, total"
A,EC1010V,DE013C,2015,17278.0,,,DE013C,DE,,2015,unemployed_total,"Persons unemployed, total"
A,EC1010V,DE013C,2016,16848.0,,,DE013C,DE,,2016,unemployed_total,"Persons unemployed, total"
A,EC1010V,DE013C,2017,14668.0,e,,DE013C,DE,,2017,unemployed_total,"Persons unemployed, total"
A,EC1010V,DE013C,2018,12917.0,e,,DE013C,DE,,2018,unemployed_total,"Persons unemployed, total"
A,EC1010V,DE013C,2019,12777.0,e,,DE013C,DE,,2019,unemployed_total,"Persons unemployed, total"
A,EC1010V,DE013C,2020,14972.0,e,,DE013C,DE,,2020,unemployed_total,"Persons unemployed, total"
A,EC1010V,DE013C,2021,16000.0,e,,DE013C,DE,,2021,unemployed_total,"Persons unemployed, total"
A,EC1010V,DE013C,2022,14000.0,e,,DE013C,DE,,2022,unemployed_total,"Persons unemployed, total"
A,EC1010V,DE013C,2023,14000.0,e,,DE013C,DE,,2023,unemployed_total,"Persons unemployed, total"
A,EC1010V,DE014C,2015,16320.0,,,DE014C,DE,,2015,unemployed_total,"Persons unemployed, total"
A,EC1010V,DE014C,2016,14132.0,,,DE014C,DE,,2016,unemployed_total,"Persons unemployed, total"
A,EC1010V,DE014C,2017,12475.0,e,,DE014C,DE,,2017,unemployed_total,"Persons unemployed, total"
A,EC1010V,DE014C,2018,11808.0,e,,DE014C,DE,,2018,unemployed_total,"Persons unemployed, total"
A,EC1010V,DE014C,2019,11361.0,e,,DE014C,DE,,2019,unemployed_total,"Persons unemployed, total"
A,EC1010V,DE014C,2020,12627.0,e,,DE014C,DE,,2020,unemployed_total,"Persons unemployed, total"
A,EC1010V,DE014C,2021,15000.0,e,,DE014C,DE,,2021,unemployed_total,"Persons unemployed, total"
A,EC1010V,DE014C,2022,16000.0,e,,DE014C,DE,,2022,unemployed_total,"Persons unemployed, total"
A,EC1010V,DE014C,2023,15000.0,e,,DE014C,DE,,2023,unemployed_total,"Persons unemployed, total"
A,EC1010V,DE015C,2015,11565.0,,,DE015C,DE,,2015,unemployed_total,"Persons unemployed, total"
A,EC1010V,DE015C,2016,10540.0,,,DE015C,DE,,2016,unemployed_total,"Persons unemployed, total"
A,EC1010V,DE015C,2017,9735.0,e,,DE015C,DE,,2017,unemployed_total,"Persons unemployed, total"
A,EC1010V,DE015C,2018,9139.0,e,,DE015C,DE,,2018,unemployed_total,"Persons unemployed, total"
A,EC1010V,DE015C,2019,8426.0,e,,DE015C,DE,,2019,unemployed_total,"Persons unemployed, total"
A,EC1010V,DE015C,2020,10228.0,e,,DE015C,DE,,2020,unemployed_total,"Persons unemployed, total"
A,EC1010V,DE015C,2021,12000.0,e,,DE015C,DE,,2021,unemployed_total,"Persons unemployed, total"
A,EC1010V,DE015C,2022,8000.0,e,,DE015C,DE,,2022,unemployed_total,"Persons unemployed, total"
A,EC1010V,DE015C,2023,9000.0,e,,DE015C,DE,,2023,unemployed_total,"Persons unemployed, total"
A,EC1010V,DE016C,2015,9585.0,,,DE016C,DE,,2015,unemployed_total,"Persons unemployed, total"
A,EC1010V,DE016C,2016,8302.0,,,DE016C,DE,,2016,unemployed_total,"Persons unemployed, total"
A,EC1010V,DE016C,2017,7649.0,e,,DE016C,DE,,2017,unemployed_total,"Persons unemployed, total"
A,EC1010V,DE016C,2018,6571.0,e,,DE016C,DE,,2018,unemployed_total,"Persons unemployed, total"
A,EC1010V,DE016C,2019,6660.0,e,,DE016C,DE,,2019,unemployed_total,"Persons unemployed, total"
A,EC1010V,DE016C,2020,8404.0,e,,DE016C,DE,,2020,unemployed_total,"Persons unemployed, total"
A,EC1010V,DE016C,2021,10000.0,e,,DE016C,DE,,2021,unemployed_total,"Persons unemployed, total"
A,EC1010V,DE016C,2022,11000.0,e,,DE016C,DE,,2022,unemployed_total,"Persons unemployed, total"
A,EC1010V,DE016C,2023,7000.0,e,,DE016C,DE,,2023,unemployed_total,"Persons unemployed, total"
A,EC1010V,DE017C,2015,10409.0,,,DE017C,DE,,2015,unemployed_total,"Persons unemployed, total"
A,EC1010V,DE017C,2016,9881.0,,,DE017C,DE,,2016,unemployed_total,"Persons unemployed, total"
A,EC1010V,DE017C,2017,9314.0,e,,DE017C,DE,,2017,unemployed_total,"Persons unemployed, total"
A,EC1010V,DE017C,2018,6879.0,e,,DE017C,DE,,2018,unemployed_total,"Persons unemployed, total"
A,EC1010V,DE017C,2019,6058.0,e,,DE017C,DE,,2019,unemployed_total,"Persons unemployed, total"
A,EC1010V,DE017C,2020,6666.0,e,,DE017C,DE,,2020,unemployed_total,"Persons unemployed, total"
A,EC1010V,DE017C,2021,9000.0,e,,DE017C,DE,,2021,unemployed_total,"Persons unemployed, total"
A,EC1010V,DE017C,2022,11000.0,e,,DE017C,DE,,2022,unemployed_total,"Persons unemployed, total"
A,EC1010V,DE017C,2023,8000.0,e,,DE017C,DE,,2023,unemployed_total,"Persons unemployed, total"
A,EC1010V,DE018C,2015,10375.0,,,DE018C,DE,,2015,unemployed_total,"Persons unemployed, total"
A,EC1010V,DE018C,2016,9835.0,,,DE018C,DE,,2016,unemployed_total,"Persons unemployed, total"
A,EC1010V,DE018C,2017,9168.0,e,,DE018C,DE,,2017,unemployed_total,"Persons unemployed, total"
A,EC1010V,DE018C,2018,7123.0,e,,DE018C,DE,,2018,unemployed_total,"Persons unemployed, total"
A,EC1010V,DE018C,2019,6254.0,e,,DE018C,DE,,2019,unemployed_total,"Persons unemployed, total"
A,EC1010V,DE018C,2020,6934.0,e,,DE018C,DE,,2020,unemployed_total,"Persons unemployed, total"
A,EC1010V,DE018C,2022,9000.0,e,,DE018C,DE,,2022,unemployed_total,"Persons unemployed, total"
A,EC1010V,DE018C,2023,7000.0,e,,DE018C,DE,,2023,unemployed_total,"Persons unemployed, total"
A,EC1010V,DE019C,2015,7709.0,,,DE019C,DE,,2015,unemployed_total,"Persons unemployed, total"
A,EC1010V,DE019C,2016,8095.0,,,DE019C,DE,,2016,unemployed_total,"Persons unemployed, total"
A,EC1010V,DE019C,2017,7173.0,e,,DE019C,DE,,2017,unemployed_total,"Persons unemployed, total"
A,EC1010V,DE019C,2018,7056.0,e,,DE019C,DE,,2018,unemployed_total,"Persons unemployed, total"
A,EC1010V,DE019C,2019,6491.0,e,,DE019C,DE,,2019,unemployed_total,"Persons unemployed, total"
A,EC1010V,DE019C,2020,7799.0,e,,DE019C,DE,,2020,unemployed_total,"Persons unemployed, total"
A,EC1010V,DE019C,2021,7000.0,e,,DE019C,DE,,2021,unemployed_total,"Persons unemployed, total"
A,EC1010V,DE019C,2022,10000.0,e,,DE019C,DE,,2022,unemployed_total,"Persons unemployed, total"
A,EC1010V,DE019C,2023,8000.0,e,,DE019C,DE,,2023,unemployed_total,"Persons unemployed, total"
A,EC1010V,DE020C,2015,2788.0,,,DE020C,DE,,2015,unemployed_total,"Persons unemployed, total"
A,EC1010V,DE020C,2016,2857.0,,,DE020C,DE,,2016,unemployed_total,"Persons unemployed, total"
A,EC1010V,DE020C,2017,2613.0,e,,DE020C,DE,,2017,unemployed_total,"Persons unemployed, total"
A,EC1010V,DE020C,2018,2494.0,e,,DE020C,DE,,2018,unemployed_total,"Persons unemployed, total"
A,EC1010V,DE020C,2019,2276.0,e,,DE020C,DE,,2019,unemployed_total,"Persons unemployed, total"
A,EC1010V,DE020C,2020,2661.0,e,,DE020C,DE,,2020,unemployed_total,"Persons unemployed, total"
A,EC1010V,DE021C,2015,4225.0,,,DE021C,DE,,2015,unemployed_total,"Persons unemployed, total"
A,EC1010V,DE021C,2016,3839.0,,,DE021C,DE,,2016,unemployed_total,"Persons unemployed, total"
A,EC1010V,DE021C,2017,3466.0,e,,DE021C,DE,,2017,unemployed_total,"Persons unemployed, total"
A,EC1010V,DE021C,2018,3319.0,e,,DE021C,DE,,2018,unemployed_total,"Persons unemployed, total"
A,EC1010V,DE021C,2019,3048.0,e,,DE021C,DE,,2019,unemployed_total,"Persons unemployed, total"
A,EC1010V,DE021C,2020,3884.0,e,,DE021C,DE,,2020,unemployed_total,"Persons unemployed, total"
A,EC1010V,DE022C,2015,2976.0,,,DE022C,DE,,2015,unemployed_total,"Persons unemployed, total"
A,EC1010V,DE022C,2016,2610.0,,,DE022C,DE,,2016,unemployed_total,"Persons unemployed, total"
A,EC1010V,DE022C,2017,2459.0,e,,DE022C,DE,,2017,unemployed_total,"Persons unemployed, total"
A,EC1010V,DE022C,2018,2314.0,e,,DE022C,DE,,2018,unemployed_total,"Persons unemployed, total"
A,EC1010V,DE022C,2019,2091.0,e,,DE022C,DE,,2019,unemployed_total,"Persons unemployed, total"
A,EC1010V,DE022C,2020,2405.0,e,,DE022C,DE,,2020,unemployed_total,"Persons unemployed, total"
A,EC1010V,DE023C,2015,3653.0,,,DE023C,DE,,2015,unemployed_total,"Persons unemployed, total"
A,EC1010V,DE023C,2016,3774.0,,,DE023C,DE,,2016,unemployed_total,"Persons unemployed, total"
A,EC1010V,DE023C,2017,3272.0,e,,DE023C,DE,,2017,unemployed_total,"Persons unemployed, total"
A,EC1010V,DE023C,2018,2936.0,e,,DE023C,DE,,2018,unemployed_total,"Persons unemployed, total"
A,EC1010V,DE023C,2019,3033.0,e,,DE023C,DE,,2019,unemployed_total,"Persons unemployed, total"
A,EC1010V,DE023C,2020,3835.0,e,,DE023C,DE,,2020,unemployed_total,"Persons unemployed, total"
A,EC1010V,DE024C,2015,2012.0,,,DE024C,DE,,2015,unemployed_total,"Persons unemployed, total"
A,EC1010V,DE024C,2016,2156.0,,,DE024C,DE,,2016,unemployed_total,"Persons unemployed, total"
A,EC1010V,DE024C,2017,1982.0,e,,DE024C,DE,,2017,unemployed_total,"Persons unemployed, total"
A,EC1010V,DE024C,2018,1719.0,e,,DE024C,DE,,2018,unemployed_total,"Persons unemployed, total"
A,EC1010V,DE024C,2019,1787.0,e,,DE024C,DE,,2019,unemployed_total,"Persons unemployed, total"
A,EC1010V,DE024C,2020,2704.0,e,,DE024C,DE,,2020,unemployed_total,"Persons unemployed, total"
A,EC1010V,DE025C,2015,5555.0,,,DE025C,DE,,2015,unemployed_total,"Persons unemployed, total"
A,EC1010V,DE025C,2016,5654.0,,,DE025C,DE,,2016,unemployed_total,"Persons unemployed, total"
A,EC1010V,DE025C,2017,5124.0,e,,DE025C,DE,,2017,unemployed_total,"Persons unemployed, total"
A,EC1010V,DE025C,2018,4581.0,e,,DE025C,DE,,2018,unemployed_total,"Persons unemployed, total"
A,EC1010V,DE025C,2019,4531.0,e,,DE025C,DE,,2019,unemployed_total,"Persons unemployed, total"
A,EC1010V,DE025C,2020,5471.0,e,,DE025C,DE,,2020,unemployed_total,"Persons unemployed, total"
A,EC1010V,DE025C,2021,8000.0,e,,DE025C,DE,,2021,unemployed_total,"Persons unemployed, total"
A,EC1010V,DE026C,2015,2552.0,,,DE026C,DE,,2015,unemployed_total,"Persons unemployed, total"
A,EC1010V,DE026C,2016,2169.0,,,DE026C,DE,,2016,unemployed_total,"Persons unemployed, total"
A,EC1010V,DE026C,2017,2074.0,e,,DE026C,DE,,2017,unemployed_total,"Persons unemployed, total"
A,EC1010V,DE026C,2018,2004.0,e,,DE026C,DE,,2018,unemployed_total,"Persons unemployed, total"
A,EC1010V,DE026C,2019,2150.0,e,,DE026C,DE,,2019,unemployed_total,"Persons unemployed, total"
A,EC1010V,DE026C,2020,2526.0,e,,DE026C,DE,,2020,unemployed_total,"Persons unemployed, total"
A,EC1010V,DE027C,2015,2281.0,,,DE027C,DE,,2015,unemployed_total,"Persons unemployed, total"
A,EC1010V,DE027C,2016,1731.0,,,DE027C,DE,,2016,unemployed_total,"Persons unemployed, total"
A,EC1010V,DE027C,2017,1697.0,e,,DE027C,DE,,2017,unemployed_total,"Persons unemployed, total"
A,EC1010V,DE027C,2018,1605.0,e,,DE027C,DE,,2018,unemployed_total,"Persons unemployed, total"
A,EC1010V,DE027C,2019,1335.0,e,,DE027C,DE,,2019,unemployed_total,"Persons unemployed, total"
A,EC1010V,DE027C,2020,1510.0,e,,DE027C,DE,,2020,unemployed_total,"Persons unemployed, total"
A,EC1010V,DE028C,2015,1961.0,,,DE028C,DE,,2015,unemployed_total,"Persons unemployed, total"
A,EC1010V,DE028C,2016,1636.0,,,DE028C,DE,,2016,unemployed_total,"Persons unemployed, total"
A,EC1010V,DE028C,2017,1461.0,e,,DE028C,DE,,2017,unemployed_total,"Persons unemployed, total"
A,EC1010V,DE028C,2018,1391.0,e,,DE028C,DE,,2018,unemployed_total,"Persons unemployed, total"
A,EC1010V,DE028C,2019,1271.0,e,,DE028C,DE,,2019,unemployed_total,"Persons unemployed, total"
A,EC1010V,DE028C,2020,1462.0,e,,DE028C,DE,,2020,unemployed_total,"Persons unemployed, total"
A,EC1010V,DE029C,2015,3851.0,,,DE029C,DE,,2015,unemployed_total,"Persons unemployed, total"
A,EC1010V,DE029C,2016,3071.0,,,DE029C,DE,,2016,unemployed_total,"Persons unemployed, total"
A,EC1010V,DE029C,2017,2681.0,e,,DE029C,DE,,2017,unemployed_total,"Persons unemployed, total"
A,EC1010V,DE029C,2018,2596.0,e,,DE029C,DE,,2018,unemployed_total,"Persons unemployed, total"
A,EC1010V,DE029C,2019,2317.0,e,,DE029C,DE,,2019,unemployed_total,"Persons unemployed, total"
A,EC1010V,DE029C,2020,2720.0,e,,DE029C,DE,,2020,unemployed_total,"Persons unemployed, total"
A,EC1010V,DE030C,2015,6540.0,,,DE030C,DE,,2015,unemployed_total,"Persons unemployed, total"
A,EC1010V,DE030C,2016,6200.0,,,DE030C,DE,,2016,unemployed_total,"Persons unemployed, total"
A,EC1010V,DE030C,2017,5258.0,e,,DE030C,DE,,2017,unemployed_total,"Persons unemployed, total"
A,EC1010V,DE030C,2018,4747.0,e,,DE030C,DE,,2018,unemployed_total,"Persons unemployed, total"
A,EC1010V,DE030C,2019,4329.0,e,,DE030C,DE,,2019,unemployed_total,"Persons unemployed, total"
A,EC1010V,DE030C,2020,5329.0,e,,DE030C,DE,,2020,unemployed_total,"Persons unemployed, total"
A,EC1010V,DE030C,2021,7000.0,e,,DE030C,DE,,2021,unemployed_total,"Persons unemployed, total"
A,EC1010V,DE031C,2015,7996.0,,,DE031C,DE,,2015,unemployed_total,"Persons unemployed, total"
A,EC1010V,DE031C,2016,7001.0,,,DE031C,DE,,2016,unemployed_total,"Persons unemployed, total"
A,EC1010V,DE031C,2017,6383.0,e,,DE031C,DE,,2017,unemployed_total,"Persons unemployed, total"
A,EC1010V,DE031C,2018,6047.0,e,,DE031C,DE,,2018,unemployed_total,"Persons unemployed, total"
A,EC1010V,DE031C,2019,5868.0,e,,DE031C,DE,,2019,unemployed_total,"Persons unemployed, total"
A,EC1010V,DE031C,2020,6879.0,e,,DE031C,DE,,2020,unemployed_total,"Persons unemployed, total"
A,EC1010V,DE031C,2021,12000.0,e,,DE031C,DE,,2021,unemployed_total,"Persons unemployed, total"
A,EC1010V,DE031C,2022,9000.0,e,,DE031C,DE,,2022,unemployed_total,"Persons unemployed, total"
A,EC1010V,DE032C,2015,7324.0,,,DE032C,DE,,2015,unemployed_total,"Persons unemployed, total"
A,EC1010V,DE032C,2016,6499.0,,,DE032C,DE,,2016,unemployed_total,"Persons unemployed, total"
A,EC1010V,DE032C,2017,5689.0,e,,DE032C,DE,,2017,unemployed_total,"Persons unemployed, total"
A,EC1010V,DE032C,2018,5675.0,e,,DE032C,DE,,2018,unemployed_total,"Persons unemployed, total"
A,EC1010V,DE032C,2019,5558.0,e,,DE032C,DE,,2019,unemployed_total,"Persons unemployed, total"
A,EC1010V,DE032C,2020,7180.0,e,,DE032C,DE,,2020,unemployed_total,"Persons unemployed, total"
A,EC1010V,DE032C,2021,11000.0,e,,DE032C,DE,,2021,unemployed_total,"Persons unemployed, total"
A,EC1010V,DE032C,2023,9000.0,e,,DE032C,DE,,2023,unemployed_total,"Persons unemployed, total"
A,EC1010V,DE033C,2015,6960.0,,,DE033C,DE,,2015,unemployed_total,"Persons unemployed, total"
A,EC1010V,DE033C,2016,6440.0,,,DE033C,DE,,2016,unemployed_total,"Persons unemployed, total"
A,EC1010V,DE033C,2017,5969.0,e,,DE033C,DE,,2017,unemployed_total,"Persons unemployed, total"
A,EC1010V,DE033C,2018,5185.0,e,,DE033C,DE,,2018,unemployed_total,"Persons unemployed, total"
A,EC1010V,DE033C,2019,4740.0,e,,DE033C,DE,,2019,unemployed_total,"Persons unemployed, total"
A,EC1010V,DE033C,2020,6395.0,e,,DE033C,DE,,2020,unemployed_total,"Persons unemployed, total"
A,EC1010V,DE033C,2021,8000.0,e,,DE033C,DE,,2021,unemployed_total,"Persons unemployed, total"
A,EC1010V,DE034C,2015,8855.0,,,DE034C,DE,,2015,unemployed_total,"Persons unemployed, total"
A,EC1010V,DE034C,2016,7857.0,,,DE034C,DE,,2016,unemployed_total,"Persons unemployed, total"
A,EC1010V,DE034C,2017,7400.0,e,,DE034C,DE,,2017,unemployed_total,"Persons unemployed, total"
A,EC1010V,DE034C,2018,7219.0,e,,DE034C,DE,,2018,unemployed_total,"Persons unemployed, total"
A,EC1010V,DE034C,2019,6544.0,e,,DE034C,DE,,2019,unemployed_total,"Persons unemployed, total"
A,EC1010V,DE034C,2020,7742.0,e,,DE034C,DE,,2020,unemployed_total,"Persons unemployed, total"
A,EC1010V,DE034C,2021,9000.0,e,,DE034C,DE,,2021,unemployed_total,"Persons unemployed, total"
A,EC1010V,DE035C,2015,4952.0,,,DE035C,DE,,2015,unemployed_total,"Persons unemployed, total"
A,EC1010V,DE035C,2016,5213.0,,,DE035C,DE,,2016,unemployed_total,"Persons unemployed, total"
A,EC1010V,DE035C,2017,4684.0,e,,DE035C,DE,,2017,unemployed_total,"Persons unemployed, total"
A,EC1010V,DE035C,2018,4257.0,e,,DE035C,DE,,2018,unemployed_total,"Persons unemployed, total"
A,EC1010V,DE035C,2019,3775.0,e,,DE035C,DE,,2019,unemployed_total,"Persons unemployed, total"
A,EC1010V,DE035C,2020,5025.0,e,,DE035C,DE,,2020,unemployed_total,"Persons unemployed, total"
A,EC1010V,DE035C,2021,9000.0,e,,DE035C,DE,,2021,unemployed_total,"Persons unemployed, total"
A,EC1010V,DE035C,2022,7000.0,e,,DE035C,DE,,2022,unemployed_total,"Persons unemployed, total"
A,EC1010V,DE035C,2023,8000.0,e,,DE035C,DE,,2023,unemployed_total,"Persons unemployed, total"
A,EC1010V,DE036C,2015,7907.0,,,DE036C,DE,,2015,unemployed_total,"Persons unemployed, total"
A,EC1010V,DE036C,2016,7882.0,,,DE036C,DE,,2016,unemployed_total,"Persons unemployed, total"
A,EC1010V,DE036C,2017,7154.0,e,,DE036C,DE,,2017,unemployed_total,"Persons unemployed, total"
A,EC1010V,DE036C,2018,6186.0,e,,DE036C,DE,,2018,unemployed_total,"Persons unemployed, total"
A,EC1010V,DE036C,2019,5754.0,e,,DE036C,DE,,2019,unemployed_total,"Persons unemployed, total"
A,EC1010V,DE036C,2020,6449.0,e,,DE036C,DE,,2020,unemployed_total,"Persons unemployed, total"
A,EC1010V,DE036C,2022,10000.0,e,,DE036C,DE,,2022,unemployed_total,"Persons unemployed, total"
A,EC1010V,DE036C,2023,9000.0,e,,DE036C,DE,,2023,unemployed_total,"Persons unemployed, total"
A,EC1010V,DE037C,2015,7994.0,,,DE037C,DE,,2015,unemployed_total,"Persons unemployed, total"
A,EC1010V,DE037C,2016,7031.0,,,DE037C,DE,,2016,unemployed_total,"Persons unemployed, total"
A,EC1010V,DE037C,2017,6517.0,e,,DE037C,DE,,2017,unemployed_total,"Persons unemployed, total"
A,EC1010V,DE037C,2018,5507.0,e,,DE037C,DE,,2018,unemployed_total,"Persons unemployed, total"
A,EC1010V,DE037C,2019,5525.0,e,,DE037C,DE,,2019,unemployed_total,"Persons unemployed, total"
A,EC1010V,DE037C,2020,4915.0,e,,DE037C,DE,,2020,unemployed_total,"Persons unemployed, total"
A,EC1010V,DE038C,2015,3934.0,,,DE038C,DE,,2015,unemployed_total,"Persons unemployed, total"
A,EC1010V,DE038C,2016,3381.0,,,DE038C,DE,,2016,unemployed_total,"Persons unemployed, total"
A,EC1010V,DE038C,2017,3385.0,e,,DE038C,DE,,2017,unemployed_total,"Persons unemployed, total"
A,EC1010V,DE038C,2018,3273.0,e,,DE038C,DE,,2018,unemployed_total,"Persons unemployed, total"
A,EC1010V,DE038C,2019,2928.0,e,,DE038C,DE,,2019,unemployed_total,"Persons unemployed, total"
A,EC1010V,DE038C,2020,3552.0,e,,DE038C,DE,,2020,unemployed_total,"Persons unemployed, total"
A,EC1010V,DE039C,2015,2627.0,,,DE039C,DE,,2015,unemployed_total,"Persons unemployed, total"
A,EC1010V,DE039C,2016,2572.0,,,DE039C,DE,,2016,unemployed_total,"Persons unemployed, total"
A,EC1010V,DE039C,2017,2370.0,e,,DE039C,DE,,2017,unemployed_total,"Persons unemployed, total"
A,EC1010V,DE039C,2018,2285.0,e,,DE039C,DE,,2018,unemployed_total,"Persons unemployed, total"
A,EC1010V,DE039C,2019,1992.0,e,,DE039C,DE,,2019,unemployed_total,"Persons unemployed, total"
A,EC1010V,DE039C,2020,2809.0,e,,DE039C,DE,,2020,unemployed_total,"Persons unemployed, total"
A,EC1010V,DE040C,2015,7976.0,,,DE040C,DE,,2015,unemployed_total,"Persons unemployed, total"
A,EC1010V,DE040C,2016,6764.0,,,DE040C,DE,,2016,unemployed_total,"Persons unemployed, total"
A,EC1010V,DE040C,2017,5552.0,e,,DE040C,DE,,2017,unemployed_total,"Persons unemployed, total"
A,EC1010V,DE040C,2018,4859.0,e,,DE040C,DE,,2018,unemployed_total,"Persons unemployed, total"
A,EC1010V,DE040C,2019,4020.0,e,,DE040C,DE,,2019,unemployed_total,"Persons unemployed, total"
A,EC1010V,DE040C,2020,4798.0,e,,DE040C,DE,,2020,unemployed_total,"Persons unemployed, total"
A,EC1010V,DE041C,2015,3316.0,,,DE041C,DE,,2015,unemployed_total,"Persons unemployed, total"
A,EC1010V,DE041C,2016,3552.0,,,DE041C,DE,,2016,unemployed_total,"Persons unemployed, total"
A,EC1010V,DE041C,2017,3284.0,e,,DE041C,DE,,2017,unemployed_total,"Persons unemployed, total"
A,EC1010V,DE041C,2018,3289.0,e,,DE041C,DE,,2018,unemployed_total,"Persons unemployed, total"
A,EC1010V,DE041C,2019,2873.0,e,,DE041C,DE,,2019,unemployed_total,"Persons unemployed, total"
A,EC1010V,DE041C,2020,3510.0,e,,DE041C,DE,,2020,unemployed_total,"Persons unemployed, total"
A,EC1010V,DE042C,2015,2354.0,,,DE042C,DE,,2015,unemployed_total,"Persons unemployed, total"
A,EC1010V,DE042C,2016,2060.0,,,DE042C,DE,,2016,unemployed_total,"Persons unemployed, total"
A,EC1010V,DE042C,2017,1904.0,e,,DE042C,DE,,2017,unemployed_total,"Persons unemployed, total"
A,EC1010V,DE042C,2018,1766.0,e,,DE042C,DE,,2018,unemployed_total,"Persons unemployed, total"
A,EC1010V,DE042C,2019,1773.0,e,,DE042C,DE,,2019,unemployed_total,"Persons unemployed, total"
A,EC1010V,DE042C,2020,2337.0,e,,DE042C,DE,,2020,unemployed_total,"Persons unemployed, total"
A,EC1010V,DE043C,2015,1905.0,,,DE043C,DE,,2015,unemployed_total,"Persons unemployed, total"
A,EC1010V,DE043C,2016,1989.0,,,DE043C,DE,,2016,unemployed_total,"Persons unemployed, total"
A,EC1010V,DE043C,2017,2024.0,e,,DE043C,DE,,2017,unemployed_total,"Persons unemployed, total"
A,EC1010V,DE043C,2018,1701.0,e,,DE043C,DE,,2018,unemployed_total,"Persons unemployed, total"
A,EC1010V,DE043C,2019,1750.0,e,,DE043C,DE,,2019,unemployed_total,"Persons unemployed, total"
A,EC1010V,DE043C,2020,2202.0,e,,DE043C,DE,,2020,unemployed_total,"Persons unemployed, total"
A,EC1010V,DE044C,2015,3000.0,,,DE044C,DE,,2015,unemployed_total,"Persons unemployed, total"
A,EC1010V,DE044C,2016,2971.0,,,DE044C,DE,,2016,unemployed_total,"Persons unemployed, total"
A,EC1010V,DE044C,2017,2556.0,e,,DE044C,DE,,2017,unemployed_total,"Persons unemployed, total"
A,EC1010V,DE044C,2018,2525.0,e,,DE044C,DE,,2018,unemployed_total,"Persons unemployed, total"
A,EC1010V,DE044C,2019,2453.0,e,,DE044C,DE,,2019,unemployed_total,"Persons unemployed, total"
A,EC1010V,DE044C,2020,3210.0,e,,DE044C,DE,,2020,unemployed_total,"Persons unemployed, total"
A,EC1010V,DE045C,2015,3163.0,,,DE045C,DE,,2015,unemployed_total,"Persons unemployed, total"
A,EC1010V,DE045C,2016,2955.0,,,DE045C,DE,,2016,unemployed_total,"Persons unemployed, total"
A,EC1010V,DE045C,2017,2755.0,e,,DE045C,DE,,2017,unemployed_total,"Persons unemployed, total"
A,EC1010V,DE045C,2018,2430.0,e,,DE045C,DE,,2018,unemployed_total,"Persons unemployed, total"
A,EC1010V,DE045C,2019,2378.0,e,,DE045C,DE,,2019,unemployed_total,"Persons unemployed, total"
A,EC1010V,DE045C,2020,2780.0,e,,DE045C,DE,,2020,unemployed_total,"Persons unemployed, total"
A,EC1010V,DE046C,2015,1824.0,,,DE046C,DE,,2015,unemployed_total,"Persons unemployed, total"
A,EC1010V,DE046C,2016,1860.0,,,DE046C,DE,,2016,unemployed_total,"Persons unemployed, total"
A,EC1010V,DE046C,2017,1860.0,e,,DE046C,DE,,2017,unemployed_total,"Persons unemployed, total"
A,EC1010V,DE046C,2018,1576.0,e,,DE046C,DE,,2018,unemployed_total,"Persons unemployed, total"
A,EC1010V,DE046C,2019,1382.0,e,,DE046C,DE,,2019,unemployed_total,"Persons unemployed, total"
A,EC1010V,DE046C,2020,1904.0,e,,DE046C,DE,,2020,unemployed_total,"Persons unemployed, total"
A,EC1010V,DE047C,2015,1237.0,,,DE047C,DE,,2015,unemployed_total,"Persons unemployed, total"
A,EC1010V,DE047C,2016,1236.0,,,DE047C,DE,,2016,unemployed_total,"Persons unemployed, total"
A,EC1010V,DE047C,2017,1134.0,e,,DE047C,DE,,2017,unemployed_total,"Persons unemployed, total"
A,EC1010V,DE047C,2018,1016.0,e,,DE047C,DE,,2018,unemployed_total,"Persons unemployed, total"
A,EC1010V,DE047C,2019,983.0,e,,DE047C,DE,,2019,unemployed_total,"Persons unemployed, total"
A,EC1010V,DE047C,2020,1273.0,e,,DE047C,DE,,2020,unemployed_total,"Persons unemployed, total"
A,EC1010V,DE048C,2015,1570.0,,,DE048C,DE,,2015,unemployed_total,"Persons unemployed, total"
A,EC1010V,DE048C,2016,1691.0,,,DE048C,DE,,2016,unemployed_total,"Persons unemployed, total"
A,EC1010V,DE048C,2017,1515.0,e,,DE048C,DE,,2017,unemployed_total,"Persons unemployed, total"
A,EC1010V,DE048C,2018,1273.0,e,,DE048C,DE,,2018,unemployed_total,"Persons unemployed, total"
A,EC1010V,DE048C,2019,1305.0,e,,DE048C,DE,,2019,unemployed_total,"Persons unemployed, total"
A,EC1010V,DE048C,2020,2029.0,e,,DE048C,DE,,2020,unemployed_total,"Persons unemployed, total"
A,EC1010V,DE049C,2015,3051.0,,,DE049C,DE,,2015,unemployed_total,"Persons unemployed, total"
A,EC1010V,DE049C,2016,2724.0,,,DE049C,DE,,2016,unemployed_total,"Persons unemployed, total"
A,EC1010V,DE049C,2017,2612.0,e,,DE049C,DE,,2017,unemployed_total,"Persons unemployed, total"
A,EC1010V,DE049C,2018,2393.0,e,,DE049C,DE,,2018,unemployed_total,"Persons unemployed, total"
A,EC1010V,DE049C,2019,2197.0,e,,DE049C,DE,,2019,unemployed_total,"Persons unemployed, total"
A,EC1010V,DE049C,2020,2633.0,e,,DE049C,DE,,2020,unemployed_total,"Persons unemployed, total"
A,EC1010V,DE050C,2015,1173.0,,,DE050C,DE,,2015,unemployed_total,"Persons unemployed, total"
A,EC1010V,DE050C,2016,1255.0,,,DE050C,DE,,2016,unemployed_total,"Persons unemployed, total"
A,EC1010V,DE050C,2017,1199.0,e,,DE050C,DE,,2017,unemployed_total,"Persons unemployed, total"
A,EC1010V,DE050C,2018,1234.0,e,,DE050C,DE,,2018,unemployed_total,"Persons unemployed, total"
A,EC1010V,DE050C,2019,1283.0,e,,DE050C,DE,,2019,unemployed_total,"Persons unemployed, total"
A,EC1010V,DE050C,2020,1569.0,e,,DE050C,DE,,2020,unemployed_total,"Persons unemployed, total"
A,EC1010V,DE051C,2015,1362.0,,,DE051C,DE,,2015,unemployed_total,"Persons unemployed, total"
A,EC1010V,DE051C,2016,1377.0,,,DE051C,DE,,2016,unemployed_total,"Persons unemployed, total"
A,EC1010V,DE051C,2017,1282.0,e,,DE051C,DE,,2017,unemployed_total,"Persons unemployed, total"
A,EC1010V,DE051C,2018,1145.0,e,,DE051C,DE,,2018,unemployed_total,"Persons unemployed, total"
A,EC1010V,DE051C,2019,1114.0,e,,DE051C,DE,,2019,unemployed_total,"Persons unemployed, total"
A,EC1010V,DE051C,2020,1633.0,e,,DE051C,DE,,2020,unemployed_total,"Persons unemployed, total"
A,EC1010V,DE052C,2015,2612.0,,,DE052C,DE,,2015,unemployed_total,"Persons unemployed, total"
A,EC1010V,DE052C,2016,2378.0,,,DE052C,DE,,2016,unemployed_total,"Persons unemployed, total"
A,EC1010V,DE052C,2017,2232.0,e,,DE052C,DE,,2017,unemployed_total,"Persons unemployed, total"
A,EC1010V,DE052C,2018,1969.0,e,,DE052C,DE,,2018,unemployed_total,"Persons unemployed, total"
A,EC1010V,DE052C,2019,1850.0,e,,DE052C,DE,,2019,unemployed_total,"Persons unemployed, total"
A,EC1010V,DE052C,2020,2080.0,e,,DE052C,DE,,2020,unemployed_total,"Persons unemployed, total"
A,EC1010V,DE053C,2015,2902.0,,,DE053C,DE,,2015,unemployed_total,"Persons unemployed, total"
A,EC1010V,DE053C,2016,2357.0,,,DE053C,DE,,2016,unemployed_total,"Persons unemployed, total"
A,EC1010V,DE053C,2017,2129.0,e,,DE053C,DE,,2017,unemployed_total,"Persons unemployed, total"
A,EC1010V,DE053C,2018,2070.0,e,,DE053C,DE,,2018,unemployed_total,"Persons unemployed, total"
A,EC1010V,DE053C,2019,1759.0,e,,DE053C,DE,,2019,unemployed_total,"Persons unemployed, total"
A,EC1010V,DE053C,2020,1848.0,e,,DE053C,DE,,2020,unemployed_total,"Persons unemployed, total"
A,EC1010V,DE054C,2015,3034.0,,,DE054C,DE,,2015,unemployed_total,"Persons unemployed, total"
A,EC1010V,DE054C,2016,3108.0,,,DE054C,DE,,2016,unemployed_total,"Persons unemployed, total"
A,EC1010V,DE054C,2017,2421.0,e,,DE054C,DE,,2017,unemployed_total,"Persons unemployed, total"
A,EC1010V,DE054C,2018,2271.0,e,,DE054C,DE,,2018,unemployed_total,"Persons unemployed, total"
A,EC1010V,DE054C,2019,2441.0,e,,DE054C,DE,,2019,unemployed_total,"Persons unemployed, total"
A,EC1010V,DE054C,2020,2800.0,e,,DE054C,DE,,2020,unemployed_total,"Persons unemployed, total"
A,EC1010V,DE055C,2015,1948.0,,,DE055C,DE,,2015,unemployed_total,"Persons unemployed, total"
A,EC1010V,DE055C,2016,1887.0,,,DE055C,DE,,2016,unemployed_total,"Persons unemployed, total"
A,EC1010V,DE055C,2017,1709.0,e,,DE055C,DE,,2017,unemployed_total,"Persons unemployed, total"
A,EC1010V,DE055C,2018,1611.0,e,,DE055C,DE,,2018,unemployed_total,"Persons unemployed, total"
A,EC1010V,DE055C,2019,1611.0,e,,DE055C,DE,,2019,unemployed_total,"Persons unemployed, total"
A,EC1010V,DE055C,2020,1894.0,e,,DE055C,DE,,2020,unemployed_total,"Persons unemployed, total"
A,EC1010V,DE056C,2015,1707.0,,,DE056C,DE,,2015,unemployed_total,"Persons unemployed, total"
A,EC1010V,DE056C,2016,1501.0,,,DE056C,DE,,2016,unemployed_total,"Persons unemployed, total"
A,EC1010V,DE056C,2017,1404.0,e,,DE056C,DE,,2017,unemployed_total,"Persons unemployed, total"
A,EC1010V,DE056C,2018,1280.0,e,,DE056C,DE,,2018,unemployed_total,"Persons unemployed, total"
A,EC1010V,DE056C,2019,1184.0,e,,DE056C,DE,,2019,unemployed_total,"Persons unemployed, total"
A,EC1010V,DE056C,2020,1410.0,e,,DE056C,DE,,2020,unemployed_total,"Persons unemployed, total"
A,EC1010V,DE057C,2015,1984.0,,,DE057C,DE,,2015,unemployed_total,"Persons unemployed, total"
A,EC1010V,DE057C,2016,1954.0,,,DE057C,DE,,2016,unemployed_total,"Persons unemployed, total"
A,EC1010V,DE057C,2017,1916.0,e,,DE057C,DE,,2017,unemployed_total,"Persons unemployed, total"
A,EC1010V,DE057C,2018,1538.0,e,,DE057C,DE,,2018,unemployed_total,"Persons unemployed, total"
A,EC1010V,DE057C,2019,1447.0,e,,DE057C,DE,,2019,unemployed_total,"Persons unemployed, total"
A,EC1010V,DE057C,2020,1626.0,e,,DE057C,DE,,2020,unemployed_total,"Persons unemployed, total"
A,EC1010V,DE058C,2015,1762.0,,,DE058C,DE,,2015,unemployed_total,"Persons unemployed, total"
A,EC1010V,DE058C,2016,1662.0,,,DE058C,DE,,2016,unemployed_total,"Persons unemployed, total"
A,EC1010V,DE058C,2017,1456.0,e,,DE058C,DE,,2017,unemployed_total,"Persons unemployed, total"
A,EC1010V,DE058C,2018,1453.0,e,,DE058C,DE,,2018,unemployed_total,"Persons unemployed, total"
A,EC1010V,DE058C,2019,1422.0,e,,DE058C,DE,,2019,unemployed_total,"Persons unemployed, total"
A,EC1010V,DE058C,2020,1590.0,e,,DE058C,DE,,2020,unemployed_total,"Persons unemployed, total"
A,EC1010V,DE059C,2015,1511.0,,,DE059C,DE,,2015,unemployed_total,"Persons unemployed, total"
A,EC1010V,DE059C,2016,1357.0,,,DE059C,DE,,2016,unemployed_total,"Persons unemployed, total"
A,EC1010V,DE059C,2017,1212.0,e,,DE059C,DE,,2017,unemployed_total,"Persons unemployed, total"
A,EC1010V,DE059C,2018,1217.0,e,,DE059C,DE,,2018,unemployed_total,"Persons unemployed, total"
A,EC1010V,DE059C,2019,1106.0,e,,DE059C,DE,,2019,unemployed_total,"Persons unemployed, total"
A,EC1010V,DE059C,2020,1243.0,e,,DE059C,DE,,2020,unemployed_total,"Persons unemployed, total"
A,EC1010V,DE060C,2015,2472.0,,,DE060C,DE,,2015,unemployed_total,"Persons unemployed, total"
A,EC1010V,DE060C,2016,2012.0,,,DE060C,DE,,2016,unemployed_total,"Persons unemployed, total"
A,EC1010V,DE060C,2017,1769.0,e,,DE060C,DE,,2017,unemployed_total,"Persons unemployed, total"
A,EC1010V,DE060C,2018,1685.0,e,,DE060C,DE,,2018,unemployed_total,"Persons unemployed, total"
A,EC1010V,DE060C,2019,1629.0,e,,DE060C,DE,,2019,unemployed_total,"Persons unemployed, total"
A,EC1010V,DE060C,2020,1600.0,e,,DE060C,DE,,2020,unemployed_total,"Persons unemployed, total"
A,EC1010V,DE061C,2015,3479.0,,,DE061C,DE,,2015,unemployed_total,"Persons unemployed, total"
A,EC1010V,DE061C,2016,2870.0,,,DE061C,DE,,2016,unemployed_total,"Persons unemployed, total"
A,EC1010V,DE061C,2017,2523.0,e,,DE061C,DE,,2017,unemployed_total,"Persons unemployed, total"
A,EC1010V,DE061C,2018,2290.0,e,,DE061C,DE,,2018,unemployed_total,"Persons unemployed, total"
A,EC1010V,DE061C,2019,1907.0,e,,DE061C,DE,,2019,unemployed_total,"Persons unemployed, total"
A,EC1010V,DE061C,2020,2076.0,e,,DE061C,DE,,2020,unemployed_total,"Persons unemployed, total"
A,EC1010V,DE062C,2015,1130.0,,,DE062C,DE,,2015,unemployed_total,"Persons unemployed, total"
A,EC1010V,DE062C,2016,1228.0,,,DE062C,DE,,2016,unemployed_total,"Persons unemployed, total"
A,EC1010V,DE062C,2017,968.0,e,,DE062C,DE,,2017,unemployed_total,"Persons unemployed, total"
A,EC1010V,DE062C,2018,1031.0,e,,DE062C,DE,,2018,unemployed_total,"Persons unemployed, total"
A,EC1010V,DE062C,2019,1044.0,e,,DE062C,DE,,2019,unemployed_total,"Persons unemployed, total"
A,EC1010V,DE062C,2020,1383.0,e,,DE062C,DE,,2020,unemployed_total,"Persons unemployed, total"
A,EC1010V,DE063C,2015,1271.0,,,DE063C,DE,,2015,unemployed_total,"Persons unemployed, total"
A,EC1010V,DE063C,2016,1171.0,,,DE063C,DE,,2016,unemployed_total,"Persons unemployed, total"
A,EC1010V,DE063C,2017,1001.0,e,,DE063C,DE,,2017,unemployed_total,"Persons unemployed, total"
A,EC1010V,DE063C,2018,922.0,e,,DE063C,DE,,2018,unemployed_total,"Persons unemployed, total"
A,EC1010V,DE063C,2019,871.0,e,,DE063C,DE,,2019,unemployed_total,"Persons unemployed, total"
A,EC1010V,DE063C,2020,1111.0,e,,DE063C,DE,,2020,unemployed_total,"Persons unemployed, total"
A,EC1010V,DE064C,2015,1450.0,,,DE064C,DE,,2015,unemployed_total,"Persons unemployed, total"
A,EC1010V,DE064C,2016,1237.0,,,DE064C,DE,,2016,unemployed_total,"Persons unemployed, total"
A,EC1010V,DE064C,2017,1144.0,e,,DE064C,DE,,2017,unemployed_total,"Persons unemployed, total"
A,EC1010V,DE064C,2018,1235.0,e,,DE064C,DE,,2018,unemployed_total,"Persons unemployed, total"
A,EC1010V,DE064C,2019,1234.0,e,,DE064C,DE,,2019,unemployed_total,"Persons unemployed, total"
A,EC1010V,DE064C,2020,1351.0,e,,DE064C,DE,,2020,unemployed_total,"Persons unemployed, total"
A,EC1010V,DE065C,2015,1126.0,,,DE065C,DE,,2015,unemployed_total,"Persons unemployed, total"
A,EC1010V,DE065C,2016,1014.0,,,DE065C,DE,,2016,unemployed_total,"Persons unemployed, total"
A,EC1010V,DE065C,2017,987.0,e,,DE065C,DE,,2017,unemployed_total,"Persons unemployed, total"
A,EC1010V,DE065C,2018,884.0,e,,DE065C,DE,,2018,unemployed_total,"Persons unemployed, total"
A,EC1010V,DE065C,2019,865.0,e,,DE065C,DE,,2019,unemployed_total,"Persons unemployed, total"
A,EC1010V,DE065C,2020,1183.0,e,,DE065C,DE,,2020,unemployed_total,"Persons unemployed, total"
A,EC1010V,DE066C,2015,1339.0,,,DE066C,DE,,2015,unemployed_total,"Persons unemployed, total"
A,EC1010V,DE066C,2016,1141.0,,,DE066C,DE,,2016,unemployed_total,"Persons unemployed, total"
A,EC1010V,DE066C,2017,1133.0,e,,DE066C,DE,,2017,unemployed_total,"Persons unemployed, total"
A,EC1010V,DE066C,2018,1019.0,e,,DE066C,DE,,2018,unemployed_total,"Persons unemployed, total"
A,EC1010V,DE066C,2019,950.0,e,,DE066C,DE,,2019,unemployed_total,"Persons unemployed, total"
A,EC1010V,DE066C,2020,1272.0,e,,DE066C,DE,,2020,unemployed_total,"Persons unemployed, total"
A,EC1010V,DE067C,2015,1187.0,,,DE067C,DE,,2015,unemployed_total,"Persons unemployed, total"
A,EC1010V,DE067C,2016,1197.0,,,DE067C,DE,,2016,unemployed_total,"Persons unemployed, total"
A,EC1010V,DE067C,2017,1061.0,e,,DE067C,DE,,2017,unemployed_total,"Persons unemployed, total"
A,EC1010V,DE067C,2018,1014.0,e,,DE067C,DE,,2018,unemployed_total,"Persons unemployed, total"
A,EC1010V,DE067C,2019,967.0,e,,DE067C,DE,,2019,unemployed_total,"Persons unemployed, total"
A,EC1010V,DE067C,2020,1226.0,e,,DE067C,DE,,2020,unemployed_total,"Persons unemployed, total"
A,EC1010V,DE068C,2015,3174.0,,,DE068C,DE,,2015,unemployed_total,"Persons unemployed, total"
A,EC1010V,DE068C,2016,2550.0,,,DE068C,DE,,2016,unemployed_total,"Persons unemployed, total"
A,EC1010V,DE068C,2017,2153.0,e,,DE068C,DE,,2017,unemployed_total,"Persons unemployed, total"
A,EC1010V,DE068C,2018,2083.0,e,,DE068C,DE,,2018,unemployed_total,"Persons unemployed, total"
A,EC1010V,DE068C,2019,1624.0,e,,DE068C,DE,,2019,unemployed_total,"Persons unemployed, total"
A,EC1010V,DE068C,2020,1897.0,e,,DE068C,DE,,2020,unemployed_total,"Persons unemployed, total"
A,EC1010V,DE069C,2015,879.0,,,DE069C,DE,,2015,unemployed_total,"Persons unemployed, total"
A,EC1010V,DE069C,2016,903.0,,,DE069C,DE,,2016,unemployed_total,"Persons unemployed, total"
A,EC1010V,DE069C,2017,959.0,e,,DE069C,DE,,2017,unemployed_total,"Persons unemployed, total"
A,EC1010V,DE069C,2018,764.0,e,,DE069C,DE,,2018,unemployed_total,"Persons unemployed, total"
A,EC1010V,DE069C,2019,723.0,e,,DE069C,DE,,2019,unemployed_total,"Persons unemployed, total"
A,EC1010V,DE069C,2020,1003.0,e,,DE069C,DE,,2020,unemployed_total,"Persons unemployed, total"
A,EC1010V,DE070C,2015,1219.0,,,DE070C,DE,,2015,unemployed_total,"Persons unemployed, total"
A,EC1010V,DE070C,2016,1301.0,,,DE070C,DE,,2016,unemployed_total,"Persons unemployed, total"
A,EC1010V,DE070C,2017,1316.0,e,,DE070C,DE,,2017,unemployed_total,"Persons unemployed, total"
A,EC1010V,DE070C,2018,1127.0,e,,DE070C,DE,,2018,unemployed_total,"Persons unemployed, total"
A,EC1010V,DE070C,2019,1104.0,e,,DE070C,DE,,2019,unemployed_total,"Persons unemployed, total"
A,EC1010V,DE070C,2020,1286.0,e,,DE070C,DE,,2020,unemployed_total,"Persons unemployed, total"
A,EC1010V,DE071C,2015,3146.0,,,DE071C,DE,,2015,unemployed_total,"Persons unemployed, total"
A,EC1010V,DE071C,2016,2551.0,,,DE071C,DE,,2016,unemployed_total,"Persons unemployed, total"
A,EC1010V,DE071C,2017,2442.0,e,,DE071C,DE,,2017,unemployed_total,"Persons unemployed, total"
A,EC1010V,DE071C,2018,2302.0,e,,DE071C,DE,,2018,unemployed_total,"Persons unemployed, total"
A,EC1010V,DE071C,2019,2293.0,e,,DE071C,DE,,2019,unemployed_total,"Persons unemployed, total"
A,EC1010V,DE071C,2020,2005.0,e,,DE071C,DE,,2020,unemployed_total,"Persons unemployed, total"
A,EC1010V,DE072C,2015,1064.0,,,DE072C,DE,,2015,unemployed_total,"Persons unemployed, total"
A,EC1010V,DE072C,2016,988.0,,,DE072C,DE,,2016,unemployed_total,"Persons unemployed, total"
A,EC1010V,DE072C,2017,853.0,e,,DE072C,DE,,2017,unemployed_total,"Persons unemployed, total"
A,EC1010V,DE072C,2018,822.0,e,,DE072C,DE,,2018,unemployed_total,"Persons unemployed, total"
A,EC1010V,DE072C,2019,849.0,e,,DE072C,DE,,2019,unemployed_total,"Persons unemployed, total"
A,EC1010V,DE072C,2020,1133.0,e,,DE072C,DE,,2020,unemployed_total,"Persons unemployed, total"
A,EC1010V,DE073C,2015,838.0,,,DE073C,DE,,2015,unemployed_total,"Persons unemployed, total"
A,EC1010V,DE073C,2016,707.0,,,DE073C,DE,,2016,unemployed_total,"Persons unemployed, total"
A,EC1010V,DE073C,2017,649.0,e,,DE073C,DE,,2017,unemployed_total,"Persons unemployed, total"
A,EC1010V,DE073C,2018,620.0,e,,DE073C,DE,,2018,unemployed_total,"Persons unemployed, total"
A,EC1010V,DE073C,2019,653.0,e,,DE073C,DE,,2019,unemployed_total,"Persons unemployed, total"
A,EC1010V,DE073C,2020,941.0,e,,DE073C,DE,,2020,unemployed_total,"Persons unemployed, total"
A,EC1010V,DE074C,2015,1403.0,,,DE074C,DE,,2015,unemployed_total,"Persons unemployed, total"
A,EC1010V,DE074C,2016,1298.0,,,DE074C,DE,,2016,unemployed_total,"Persons unemployed, total"
A,EC1010V,DE074C,2017,1286.0,e,,DE074C,DE,,2017,unemployed_total,"Persons unemployed, total"
A,EC1010V,DE074C,2018,1132.0,e,,DE074C,DE,,2018,unemployed_total,"Persons unemployed, total"
A,EC1010V,DE074C,2019,1268.0,e,,DE074C,DE,,2019,unemployed_total,"Persons unemployed, total"
A,EC1010V,DE074C,2020,1319.0,e,,DE074C,DE,,2020,unemployed_total,"Persons unemployed, total"
A,EC1010V,DE075C,2015,2486.0,,,DE075C,DE,,2015,unemployed_total,"Persons unemployed, total"
A,EC1010V,DE075C,2016,1948.0,,,DE075C,DE,,2016,unemployed_total,"Persons unemployed, total"
A,EC1010V,DE075C,2017,1588.0,e,,DE075C,DE,,2017,unemployed_total,"Persons unemployed, total"
A,EC1010V,DE075C,2018,1495.0,e,,DE075C,DE,,2018,unemployed_total,"Persons unemployed, total"
A,EC1010V,DE075C,2019,1282.0,e,,DE075C,DE,,2019,unemployed_total,"Persons unemployed, total"
A,EC1010V,DE075C,2020,1351.0,e,,DE075C,DE,,2020,unemployed_total,"Persons unemployed, total"
A,EC1010V,DE076C,2015,1840.0,,,DE076C,DE,,2015,unemployed_total,"Persons unemployed, total"
A,EC1010V,DE076C,2016,1878.0,,,DE076C,DE,,2016,unemployed_total,"Persons unemployed, total"
A,EC1010V,DE076C,2017,1610.0,e,,DE076C,DE,,2017,unemployed_total,"Persons unemployed, total"
A,EC1010V,DE076C,2018,1707.0,e,,DE076C,DE,,2018,unemployed_total,"Persons unemployed, total"
A,EC1010V,DE076C,2019,1590.0,e,,DE076C,DE,,2019,unemployed_total,"Persons unemployed, total"
A,EC1010V,DE076C,2020,1810.0,e,,DE076C,DE,,2020,unemployed_total,"Persons unemployed, total"
A,EC1010V,DE077C,2015,1108.0,,,DE077C,DE,,2015,unemployed_total,"Persons unemployed, total"
A,EC1010V,DE077C,2016,1080.0,,,DE077C,DE,,2016,unemployed_total,"Persons unemployed, total"
A,EC1010V,DE077C,2017,1018.0,e,,DE077C,DE,,2017,unemployed_total,"Persons unemployed, total"
A,EC1010V,DE077C,2018,1009.0,e,,DE077C,DE,,2018,unemployed_total,"Persons unemployed, total"
A,EC1010V,DE077C,2019,970.0,e,,DE077C,DE,,2019,unemployed_total,"Persons unemployed, total"
A,EC1010V,DE077C,2020,1209.0,e,,DE077C,DE,,2020,unemployed_total,"Persons unemployed, total"
A,EC1010V,DE078C,2015,1112.0,,,DE078C,DE,,2015,unemployed_total,"Persons unemployed, total"
A,EC1010V,DE078C,2016,944.0,,,DE078C,DE,,2016,unemployed_total,"Persons unemployed, total"
A,EC1010V,DE078C,2017,881.0,e,,DE078C,DE,,2017,unemployed_total,"Persons unemployed, total"
A,EC1010V,DE078C,2018,802.0,e,,DE078C,DE,,2018,unemployed_total,"Persons unemployed, total"
A,EC1010V,DE078C,2019,789.0,e,,DE078C,DE,,2019,unemployed_total,"Persons unemployed, total"
A,EC1010V,DE078C,2020,1108.0,e,,DE078C,DE,,2020,unemployed_total,"Persons unemployed, total"
A,EC1010V,DE079C,2015,3564.0,,,DE079C,DE,,2015,unemployed_total,"Persons unemployed, total"
A,EC1010V,DE079C,2016,3237.0,,,DE079C,DE,,2016,unemployed_total,"Persons unemployed, total"
A,EC1010V,DE079C,2017,2933.0,e,,DE079C,DE,,2017,unemployed_total,"Persons unemployed, total"
A,EC1010V,DE079C,2018,2048.0,e,,DE079C,DE,,2018,unemployed_total,"Persons unemployed, total"
A,EC1010V,DE079C,2019,1909.0,e,,DE079C,DE,,2019,unemployed_total,"Persons unemployed, total"
A,EC1010V,DE079C,2020,1990.0,e,,DE079C,DE,,2020,unemployed_total,"Persons unemployed, total"
A,EC1010V,DE080C,2015,20128.0,,,DE080C,DE,,2015,unemployed_total,"Persons unemployed, total"
A,EC1010V,DE080C,2016,17826.0,,,DE080C,DE,,2016,unemployed_total,"Persons unemployed, total"
A,EC1010V,DE080C,2017,16531.0,e,,DE080C,DE,,2017,unemployed_total,"Persons unemployed, total"
A,EC1010V,DE080C,2018,15670.0,e,,DE080C,DE,,2018,unemployed_total,"Persons unemployed, total"
A,EC1010V,DE080C,2019,14277.0,e,,DE080C,DE,,2019,unemployed_total,"Persons unemployed, total"
A,EC1010V,DE080C,2020,16851.0,e,,DE080C,DE,,2020,unemployed_total,"Persons unemployed, total"
A,EC1010V,DE080C,2021,19000.0,e,,DE080C,DE,,2021,unemployed_total,"Persons unemployed, total"
A,EC1010V,DE080C,2022,18000.0,e,,DE080C,DE,,2022,unemployed_total,"Persons unemployed, total"
A,EC1010V,DE080C,2023,16000.0,e,,DE080C,DE,,2023,unemployed_total,"Persons unemployed, total"
A,EC1010V,DE081C,2015,7714.0,,,DE081C,DE,,2015,unemployed_total,"Persons unemployed, total"
A,EC1010V,DE081C,2016,7577.0,,,DE081C,DE,,2016,unemployed_total,"Persons unemployed, total"
A,EC1010V,DE081C,2017,7317.0,e,,DE081C,DE,,2017,unemployed_total,"Persons unemployed, total"
A,EC1010V,DE081C,2018,6309.0,e,,DE081C,DE,,2018,unemployed_total,"Persons unemployed, total"
A,EC1010V,DE081C,2019,6768.0,e,,DE081C,DE,,2019,unemployed_total,"Persons unemployed, total"
A,EC1010V,DE081C,2020,9312.0,e,,DE081C,DE,,2020,unemployed_total,"Persons unemployed, total"
A,EC1010V,DE081C,2021,10000.0,e,,DE081C,DE,,2021,unemployed_total,"Persons unemployed, total"
A,EC1010V,DE081C,2022,8000.0,e,,DE081C,DE,,2022,unemployed_total,"Persons unemployed, total"
A,EC1010V,DE081C,2023,11000.0,e,,DE081C,DE,,2023,unemployed_total,"Persons unemployed, total"
A,EC1010V,DE082C,2015,11418.0,,,DE082C,DE,,2015,unemployed_total,"Persons unemployed, total"
A,EC1010V,DE082C,2016,10349.0,,,DE082C,DE,,2016,unemployed_total,"Persons unemployed, total"
A,EC1010V,DE082C,2017,9411.0,e,,DE082C,DE,,2017,unemployed_total,"Persons unemployed, total"
A,EC1010V,DE082C,2018,9127.0,e,,DE082C,DE,,2018,unemployed_total,"Persons unemployed, total"
A,EC1010V,DE082C,2019,8601.0,e,,DE082C,DE,,2019,unemployed_total,"Persons unemployed, total"
A,EC1010V,DE082C,2020,10496.0,e,,DE082C,DE,,2020,unemployed_total,"Persons unemployed, total"
A,EC1010V,DE082C,2021,11000.0,e,,DE082C,DE,,2021,unemployed_total,"Persons unemployed, total"
A,EC1010V,DE082C,2022,11000.0,e,,DE082C,DE,,2022,unemployed_total,"Persons unemployed, total"
A,EC1010V,DE082C,2023,10000.0,e,,DE082C,DE,,2023,unemployed_total,"Persons unemployed, total"
A,EC1010V,DE083C,2015,5679.0,,,DE083C,DE,,2015,unemployed_total,"Persons unemployed, total"
A,EC1010V,DE083C,2016,5058.0,,,DE083C,DE,,2016,unemployed_total,"Persons unemployed, total"
A,EC1010V,DE083C,2017,4574.0,e,,DE083C,DE,,2017,unemployed_total,"Persons unemployed, total"
A,EC1010V,DE083C,2018,4483.0,e,,DE083C,DE,,2018,unemployed_total,"Persons unemployed, total"
A,EC1010V,DE083C,2019,3931.0,e,,DE083C,DE,,2019,unemployed_total,"Persons unemployed, total"
A,EC1010V,DE083C,2020,4988.0,e,,DE083C,DE,,2020,unemployed_total,"Persons unemployed, total"
A,EC1010V,DE083C,2021,8000.0,e,,DE083C,DE,,2021,unemployed_total,"Persons unemployed, total"
A,EC1010V,DE084C,2015,8511.0,,,DE084C,DE,,2015,unemployed_total,"Persons unemployed, total"
A,EC1010V,DE084C,2016,6959.0,,,DE084C,DE,,2016,unemployed_total,"Persons unemployed, total"
A,EC1010V,DE084C,2017,6073.0,e,,DE084C,DE,,2017,unemployed_total,"Persons unemployed, total"
A,EC1010V,DE084C,2018,5822.0,e,,DE084C,DE,,2018,unemployed_total,"Persons unemployed, total"
A,EC1010V,DE084C,2019,5570.0,e,,DE084C,DE,,2019,unemployed_total,"Persons unemployed, total"
A,EC1010V,DE084C,2020,5631.0,e,,DE084C,DE,,2020,unemployed_total,"Persons unemployed, total"
A,EC1010V,DE085C,2015,5964.0,,,DE085C,DE,,2015,unemployed_total,"Persons unemployed, total"
A,EC1010V,DE085C,2016,5371.0,,,DE085C,DE,,2016,unemployed_total,"Persons unemployed, total"
A,EC1010V,DE085C,2017,5119.0,e,,DE085C,DE,,2017,unemployed_total,"Persons unemployed, total"
A,EC1010V,DE085C,2018,4446.0,e,,DE085C,DE,,2018,unemployed_total,"Persons unemployed, total"
A,EC1010V,DE085C,2019,3987.0,e,,DE085C,DE,,2019,unemployed_total,"Persons unemployed, total"
A,EC1010V,DE085C,2020,4552.0,e,,DE085C,DE,,2020,unemployed_total,"Persons unemployed, total"
A,EC1010V,DE085C,2021,7000.0,e,,DE085C,DE,,2021,unemployed_total,"Persons unemployed, total"
A,EC1010V,DE086C,2015,7365.0,,,DE086C,DE,,2015,unemployed_total,"Persons unemployed, total"
A,EC1010V,DE086C,2016,6386.0,,,DE086C,DE,,2016,unemployed_total,"Persons unemployed, total"
A,EC1010V,DE086C,2017,5786.0,e,,DE086C,DE,,2017,unemployed_total,"Persons unemployed, total"
A,EC1010V,DE086C,2018,5332.0,e,,DE086C,DE,,2018,unemployed_total,"Persons unemployed, total"
A,EC1010V,DE086C,2019,5202.0,e,,DE086C,DE,,2019,unemployed_total,"Persons unemployed, total"
A,EC1010V,DE086C,2020,6240.0,e,,DE086C,DE,,2020,unemployed_total,"Persons unemployed, total"
A,EC1010V,DE086C,2021,8000.0,e,,DE086C,DE,,2021,unemployed_total,"Persons unemployed, total"
A,EC1010V,DE086C,2023,8000.0,e,,DE086C,DE,,2023,unemployed_total,"Persons unemployed, total"
A,EC1010V,DE087C,2015,7857.0,,,DE087C,DE,,2015,unemployed_total,"Persons unemployed, total"
A,EC1010V,DE087C,2016,6971.0,,,DE087C,DE,,2016,unemployed_total,"Persons unemployed, total"
A,EC1010V,DE087C,2017,6515.0,e,,DE087C,DE,,2017,unemployed_total,"Persons unemployed, total"
A,EC1010V,DE087C,2018,6583.0,e,,DE087C,DE,,2018,unemployed_total,"Persons unemployed, total"
A,EC1010V,DE087C,2019,6272.0,e,,DE087C,DE,,2019,unemployed_total,"Persons unemployed, total"
A,EC1010V,DE087C,2020,7482.0,e,,DE087C,DE,,2020,unemployed_total,"Persons unemployed, total"
A,EC1010V,DE088C,2015,7862.0,,,DE088C,DE,,2015,unemployed_total,"Persons unemployed, total"
A,EC1010V,DE088C,2016,6898.0,,,DE088C,DE,,2016,unemployed_total,"Persons unemployed, total"
A,EC1010V,DE088C,2017,6266.0,e,,DE088C,DE,,2017,unemployed_total,"Persons unemployed, total"
A,EC1010V,DE088C,2018,6080.0,e,,DE088C,DE,,2018,unemployed_total,"Persons unemployed, total"
A,EC1010V,DE088C,2019,5547.0,e,,DE088C,DE,,2019,unemployed_total,"Persons unemployed, total"
A,EC1010V,DE088C,2020,6574.0,e,,DE088C,DE,,2020,unemployed_total,"Persons unemployed, total"
A,EC1010V,DE089C,2015,6705.0,,,DE089C,DE,,2015,unemployed_total,"Persons unemployed, total"
A,EC1010V,DE089C,2016,6139.0,,,DE089C,DE,,2016,unemployed_total,"Persons unemployed, total"
A,EC1010V,DE089C,2017,5539.0,e,,DE089C,DE,,2017,unemployed_total,"Persons unemployed, total"
A,EC1010V,DE089C,2018,4776.0,e,,DE089C,DE,,2018,unemployed_total,"Persons unemployed, total"
A,EC1010V,DE089C,2019,4501.0,e,,DE089C,DE,,2019,unemployed_total,"Persons unemployed, total"
A,EC1010V,DE089C,2020,5167.0,e,,DE089C,DE,,2020,unemployed_total,"Persons unemployed, total"
A,EC1010V,DE090C,2015,6169.0,,,DE090C,DE,,2015,unemployed_total,"Persons unemployed, total"
A,EC1010V,DE090C,2016,6067.0,,,DE090C,DE,,2016,unemployed_total,"Persons unemployed, total"
A,EC1010V,DE090C,2017,5379.0,e,,DE090C,DE,,2017,unemployed_total,"Persons unemployed, total"
A,EC1010V,DE090C,2018,4930.0,e,,DE090C,DE,,2018,unemployed_total,"Persons unemployed, total"
A,EC1010V,DE090C,2019,5233.0,e,,DE090C,DE,,2019,unemployed_total,"Persons unemployed, total"
A,EC1010V,DE090C,2020,6498.0,e,,DE090C,DE,,2020,unemployed_total,"Persons unemployed, total"
A,EC1010V,DE091C,2015,6835.0,,,DE091C,DE,,2015,unemployed_total,"Persons unemployed, total"
A,EC1010V,DE091C,2016,7141.0,,,DE091C,DE,,2016,unemployed_total,"Persons unemployed, total"
A,EC1010V,DE091C,2017,5491.0,e,,DE091C,DE,,2017,unemployed_total,"Persons unemployed, total"
A,EC1010V,DE091C,2018,5205.0,e,,DE091C,DE,,2018,unemployed_total,"Persons unemployed, total"
A,EC1010V,DE091C,2019,5345.0,e,,DE091C,DE,,2019,unemployed_total,"Persons unemployed, total"
A,EC1010V,DE091C,2020,6375.0,e,,DE091C,DE,,2020,unemployed_total,"Persons unemployed, total"
A,EC1010V,DE092C,2015,5147.0,,,DE092C,DE,,2015,unemployed_total,"Persons unemployed, total"
A,EC1010V,DE092C,2016,4661.0,,,DE092C,DE,,2016,unemployed_total,"Persons unemployed, total"
A,EC1010V,DE092C,2017,4304.0,e,,DE092C,DE,,2017,unemployed_total,"Persons unemployed, total"
A,EC1010V,DE092C,2018,4240.0,e,,DE092C,DE,,2018,unemployed_total,"Persons unemployed, total"
A,EC1010V,DE092C,2019,3821.0,e,,DE092C,DE,,2019,unemployed_total,"Persons unemployed, total"
A,EC1010V,DE092C,2020,4698.0,e,,DE092C,DE,,2020,unemployed_total,"Persons unemployed, total"
A,EC1010V,DE093C,2015,6418.0,,,DE093C,DE,,2015,unemployed_total,"Persons unemployed, total"
A,EC1010V,DE093C,2016,5443.0,,,DE093C,DE,,2016,unemployed_total,"Persons unemployed, total"
A,EC1010V,DE093C,2017,4936.0,e,,DE093C,DE,,2017,unemployed_total,"Persons unemployed, total"
A,EC1010V,DE093C,2018,4632.0,e,,DE093C,DE,,2018,unemployed_total,"Persons unemployed, total"
A,EC1010V,DE093C,2019,4262.0,e,,DE093C,DE,,2019,unemployed_total,"Persons unemployed, total"
A,EC1010V,DE093C,2020,5111.0,e,,DE093C,DE,,2020,unemployed_total,"Persons unemployed, total"
A,EC1010V,DE094C,2015,4756.0,,,DE094C,DE,,2015,unemployed_total,"Persons unemployed, total"
A,EC1010V,DE094C,2016,4200.0,,,DE094C,DE,,2016,unemployed_total,"Persons unemployed, total"
A,EC1010V,DE094C,2017,3665.0,e,,DE094C,DE,,2017,unemployed_total,"Persons unemployed, total"
A,EC1010V,DE094C,2018,3507.0,e,,DE094C,DE,,2018,unemployed_total,"Persons unemployed, total"
A,EC1010V,DE094C,2019,3123.0,e,,DE094C,DE,,2019,unemployed_total,"Persons unemployed, total"
A,EC1010V,DE094C,2020,3915.0,e,,DE094C,DE,,2020,unemployed_total,"Persons unemployed, total"
A,EC1010V,DE095C,2015,4708.0,,,DE095C,DE,,2015,unemployed_total,"Persons unemployed, total"
A,EC1010V,DE095C,2016,4580.0,,,DE095C,DE,,2016,unemployed_total,"Persons unemployed, total"
A,EC1010V,DE095C,2017,4333.0,e,,DE095C,DE,,2017,unemployed_total,"Persons unemployed, total"
A,EC1010V,DE095C,2018,3847.0,e,,DE095C,DE,,2018,unemployed_total,"Persons unemployed, total"
A,EC1010V,DE095C,2019,3705.0,e,,DE095C,DE,,2019,unemployed_total,"Persons unemployed, total"
A,EC1010V,DE095C,2020,4381.0,e,,DE095C,DE,,2020,unemployed_total,"Persons unemployed, total"
A,EC1010V,DE096C,2015,5150.0,,,DE096C,DE,,2015,unemployed_total,"Persons unemployed, total"
A,EC1010V,DE096C,2016,5338.0,,,DE096C,DE,,2016,unemployed_total,"Persons unemployed, total"
A,EC1010V,DE096C,2017,4931.0,e,,DE096C,DE,,2017,unemployed_total,"Persons unemployed, total"
A,EC1010V,DE096C,2018,4812.0,e,,DE096C,DE,,2018,unemployed_total,"Persons unemployed, total"
A,EC1010V,DE096C,2019,4678.0,e,,DE096C,DE,,2019,unemployed_total,"Persons unemployed, total"
A,EC1010V,DE096C,2020,6088.0,e,,DE096C,DE,,2020,unemployed_total,"Persons unemployed, total"
A,EC1010V,DE097C,2015,4569.0,,,DE097C,DE,,2015,unemployed_total,"Persons unemployed, total"
A,EC1010V,DE097C,2016,4141.0,,,DE097C,DE,,2016,unemployed_total,"Persons unemployed, total"
A,EC1010V,DE097C,2017,3740.0,e,,DE097C,DE,,2017,unemployed_total,"Persons unemployed, total"
A,EC1010V,DE097C,2018,3389.0,e,,DE097C,DE,,2018,unemployed_total,"Persons unemployed, total"
A,EC1010V,DE097C,2019,3195.0,e,,DE097C,DE,,2019,unemployed_total,"Persons unemployed, total"
A,EC1010V,DE097C,2020,4018.0,e,,DE097C,DE,,2020,unemployed_total,"Persons unemployed, total"
A,EC1010V,DE098C,2015,4755.0,,,DE098C,DE,,2015,unemployed_total,"Persons unemployed, total"
A,EC1010V,DE098C,2016,4431.0,,,DE098C,DE,,2016,unemployed_total,"Persons unemployed, total"
A,EC1010V,DE098C,2017,4223.0,e,,DE098C,DE,,2017,unemployed_total,"Persons unemployed, total"
A,EC1010V,DE098C,2018,3653.0,e,,DE098C,DE,,2018,unemployed_total,"Persons unemployed, total"
A,EC1010V,DE098C,2019,3379.0,e,,DE098C,DE,,2019,unemployed_total,"Persons unemployed, total"
A,EC1010V,DE098C,2020,4110.0,e,,DE098C,DE,,2020,unemployed_total,"Persons unemployed, total"
A,EC1010V,DE099C,2015,4149.0,,,DE099C,DE,,2015,unemployed_total,"Persons unemployed, total"
A,EC1010V,DE099C,2016,3380.0,,,DE099C,DE,,2016,unemployed_total,"Persons unemployed, total"
A,EC1010V,DE099C,2017,3243.0,e,,DE099C,DE,,2017,unemployed_total,"Persons unemployed, total"
A,EC1010V,DE099C,2018,3108.0,e,,DE099C,DE,,2018,unemployed_total,"Persons unemployed, total"
A,EC1010V,DE099C,2019,2815.0,e,,DE099C,DE,,2019,unemployed_total,"Persons unemployed, total"
A,EC1010V,DE099C,2020,3609.0,e,,DE099C,DE,,2020,unemployed_total,"Persons unemployed, total"
A,EC1010V,DE100C,2015,2906.0,,,DE100C,DE,,2015,unemployed_total,"Persons unemployed, total"
A,EC1010V,DE100C,2016,2683.0,,,DE100C,DE,,2016,unemployed_total,"Persons unemployed, total"
A,EC1010V,DE100C,2017,2528.0,e,,DE100C,DE,,2017,unemployed_total,"Persons unemployed, total"
A,EC1010V,DE100C,2018,2220.0,e,,DE100C,DE,,2018,unemployed_total,"Persons unemployed, total"
A,EC1010V,DE100C,2019,2248.0,e,,DE100C,DE,,2019,unemployed_total,"Persons unemployed, total"
A,EC1010V,DE100C,2020,2853.0,e,,DE100C,DE,,2020,unemployed_total,"Persons unemployed, total"
A,EC1010V,DE101C,2015,3660.0,,,DE101C,DE,,2015,unemployed_total,"Persons unemployed, total"
A,EC1010V,DE101C,2016,3143.0,,,DE101C,DE,,2016,unemployed_total,"Persons unemployed, total"
A,EC1010V,DE101C,2017,2929.0,e,,DE101C,DE,,2017,unemployed_total,"Persons unemployed, total"
A,EC1010V,DE101C,2018,2759.0,e,,DE101C,DE,,2018,unemployed_total,"Persons unemployed, total"
A,EC1010V,DE101C,2019,2576.0,e,,DE101C,DE,,2019,unemployed_total,"Persons unemployed, total"
A,EC1010V,DE101C,2020,3518.0,e,,DE101C,DE,,2020,unemployed_total,"Persons unemployed, total"
A,EC1010V,DE102C,2015,2388.0,,,DE102C,DE,,2015,unemployed_total,"Persons unemployed, total"
A,EC1010V,DE102C,2016,2293.0,,,DE102C,DE,,2016,unemployed_total,"Persons unemployed, total"
A,EC1010V,DE102C,2017,1999.0,e,,DE102C,DE,,2017,unemployed_total,"Persons unemployed, total"
A,EC1010V,DE102C,2018,1963.0,e,,DE102C,DE,,2018,unemployed_total,"Persons unemployed, total"
A,EC1010V,DE102C,2019,1889.0,e,,DE102C,DE,,2019,unemployed_total,"Persons unemployed, total"
A,EC1010V,DE102C,2020,2070.0,e,,DE102C,DE,,2020,unemployed_total,"Persons unemployed, total"
A,EC1010V,DE103C,2015,4616.0,,,DE103C,DE,,2015,unemployed_total,"Persons unemployed, total"
A,EC1010V,DE103C,2016,4199.0,,,DE103C,DE,,2016,unemployed_total,"Persons unemployed, total"
A,EC1010V,DE103C,2017,3836.0,e,,DE103C,DE,,2017,unemployed_total,"Persons unemployed, total"
A,EC1010V,DE103C,2018,3566.0,e,,DE103C,DE,,2018,unemployed_total,"Persons unemployed, total"
A,EC1010V,DE103C,2019,3006.0,e,,DE103C,DE,,2019,unemployed_total,"Persons unemployed, total"
A,EC1010V,DE103C,2020,3470.0,e,,DE103C,DE,,2020,unemployed_total,"Persons unemployed, total"
A,EC1010V,DE104C,2015,2128.0,,,DE104C,DE,,2015,unemployed_total,"Persons unemployed, total"
A,EC1010V,DE104C,2016,2078.0,,,DE104C,DE,,2016,unemployed_total,"Persons unemployed, total"
A,EC1010V,DE104C,2017,2114.0,e,,DE104C,DE,,2017,unemployed_total,"Persons unemployed, total"
A,EC1010V,DE104C,2018,1927.0,e,,DE104C,DE,,2018,unemployed_total,"Persons unemployed, total"
A,EC1010V,DE104C,2019,1822.0,e,,DE104C,DE,,2019,unemployed_total,"Persons unemployed, total"
A,EC1010V,DE104C,2020,2146.0,e,,DE104C,DE,,2020,unemployed_total,"Persons unemployed, total"
A,EC1010V,DE105C,2015,4091.0,,,DE105C,DE,,2015,unemployed_total,"Persons unemployed, total"
A,EC1010V,DE105C,2016,4155.0,,,DE105C,DE,,2016,unemployed_total,"Persons unemployed, total"
A,EC1010V,DE105C,2017,3060.0,e,,DE105C,DE,,2017,unemployed_total,"Persons unemployed, total"
A,EC1010V,DE105C,2018,3143.0,e,,DE105C,DE,,2018,unemployed_total,"Persons unemployed, total"
A,EC1010V,DE105C,2019,3493.0,e,,DE105C,DE,,2019,unemployed_total,"Persons unemployed, total"
A,EC1010V,DE105C,2020,4182.0,e,,DE105C,DE,,2020,unemployed_total,"Persons unemployed, total"
A,EC1010V,DE105C,2021,6000.0,e,,DE105C,DE,,2021,unemployed_total,"Persons unemployed, total"
A,EC1010V,DE105C,2022,5000.0,e,,DE105C,DE,,2022,unemployed_total,"Persons unemployed, total"
A,EC1010V,DE106C,2015,2967.0,,,DE106C,DE,,2015,unemployed_total,"Persons unemployed, total"
A,EC1010V,DE106C,2016,2554.0,,,DE106C,DE,,2016,unemployed_total,"Persons unemployed, total"
A,EC1010V,DE106C,2017,2504.0,e,,DE106C,DE,,2017,unemployed_total,"Persons unemployed, total"
A,EC1010V,DE106C,2018,2181.0,e,,DE106C,DE,,2018,unemployed_total,"Persons unemployed, total"
A,EC1010V,DE106C,2019,2234.0,e,,DE106C,DE,,2019,unemployed_total,"Persons unemployed, total"
A,EC1010V,DE106C,2020,2709.0,e,,DE106C,DE,,2020,unemployed_total,"Persons unemployed, total"
A,EC1010V,DE107C,2015,3145.0,,,DE107C,DE,,2015,unemployed_total,"Persons unemployed, total"
A,EC1010V,DE107C,2016,3149.0,,,DE107C,DE,,2016,unemployed_total,"Persons unemployed, total"
A,EC1010V,DE107C,2017,2896.0,e,,DE107C,DE,,2017,unemployed_total,"Persons unemployed, total"
A,EC1010V,DE107C,2018,2705.0,e,,DE107C,DE,,2018,unemployed_total,"Persons unemployed, total"
A,EC1010V,DE107C,2019,2443.0,e,,DE107C,DE,,2019,unemployed_total,"Persons unemployed, total"
A,EC1010V,DE107C,2020,3370.0,e,,DE107C,DE,,2020,unemployed_total,"Persons unemployed, total"
A,EC1010V,DE108C,2015,3067.0,,,DE108C,DE,,2015,unemployed_total,"Persons unemployed, total"
A,EC1010V,DE108C,2016,2738.0,,,DE108C,DE,,2016,unemployed_total,"Persons unemployed, total"
A,EC1010V,DE108C,2017,2610.0,e,,DE108C,DE,,2017,unemployed_total,"Persons unemployed, total"
A,EC1010V,DE108C,2018,2342.0,e,,DE108C,DE,,2018,unemployed_total,"Persons unemployed, total"
A,EC1010V,DE108C,2019,2112.0,e,,DE108C,DE,,2019,unemployed_total,"Persons unemployed, total"
A,EC1010V,DE108C,2020,2609.0,e,,DE108C,DE,,2020,unemployed_total,"Persons unemployed, total"
A,EC1010V,DE109C,2015,5066.0,,,DE109C,DE,,2015,unemployed_total,"Persons unemployed, total"
A,EC1010V,DE109C,2016,5177.0,,,DE109C,DE,,2016,unemployed_total,"Persons unemployed, total"
A,EC1010V,DE109C,2017,4321.0,e,,DE109C,DE,,2017,unemployed_total,"Persons unemployed, total"
A,EC1010V,DE109C,2018,4376.0,e,,DE109C,DE,,2018,unemployed_total,"Persons unemployed, total"
A,EC1010V,DE109C,2019,4163.0,e,,DE109C,DE,,2019,unemployed_total,"Persons unemployed, total"
A,EC1010V,DE109C,2020,5226.0,e,,DE109C,DE,,2020,unemployed_total,"Persons unemployed, total"
A,EC1010V,DE110C,2015,2375.0,,,DE110C,DE,,2015,unemployed_total,"Persons unemployed, total"
A,EC1010V,DE110C,2016,2340.0,,,DE110C,DE,,2016,unemployed_total,"Persons unemployed, total"
A,EC1010V,DE110C,2017,2142.0,e,,DE110C,DE,,2017,unemployed_total,"Persons unemployed, total"
A,EC1010V,DE110C,2018,1754.0,e,,DE110C,DE,,2018,unemployed_total,"Persons unemployed, total"
A,EC1010V,DE110C,2019,1694.0,e,,DE110C,DE,,2019,unemployed_total,"Persons unemployed, total"
A,EC1010V,DE110C,2020,2346.0,e,,DE110C,DE,,2020,unemployed_total,"Persons unemployed, total"
A,EC1010V,DE111C,2015,3724.0,,,DE111C,DE,,2015,unemployed_total,"Persons unemployed, total"
A,EC1010V,DE111C,2016,3854.0,,,DE111C,DE,,2016,unemployed_total,"Persons unemployed, total"
A,EC1010V,DE111C,2017,3364.0,e,,DE111C,DE,,2017,unemployed_total,"Persons unemployed, total"
A,EC1010V,DE111C,2018,2852.0,e,,DE111C,DE,,2018,unemployed_total,"Persons unemployed, total"
A,EC1010V,DE111C,2019,2778.0,e,,DE111C,DE,,2019,unemployed_total,"Persons unemployed, total"
A,EC1010V,DE111C,2020,3747.0,e,,DE111C,DE,,2020,unemployed_total,"Persons unemployed, total"
A,EC1010V,DE112C,2015,1939.0,,,DE112C,DE,,2015,unemployed_total,"Persons unemployed, total"
A,EC1010V,DE112C,2016,1696.0,,,DE112C,DE,,2016,unemployed_total,"Persons unemployed, total"
A,EC1010V,DE112C,2017,1775.0,e,,DE112C,DE,,2017,unemployed_total,"Persons unemployed, total"
A,EC1010V,DE112C,2018,1706.0,e,,DE112C,DE,,2018,unemployed_total,"Persons unemployed, total"
A,EC1010V,DE112C,2019,1685.0,e,,DE112C,DE,,2019,unemployed_total,"Persons unemployed, total"
A,EC1010V,DE112C,2020,2116.0,e,,DE112C,DE,,2020,unemployed_total,"Persons unemployed, total"
A,EC1010V,DE113C,2015,4023.0,,,DE113C,DE,,2015,unemployed_total,"Persons unemployed, total"
A,EC1010V,DE113C,2016,3459.0,,,DE113C,DE,,2016,unemployed_total,"Persons unemployed, total"
A,EC1010V,DE113C,2017,3426.0,e,,DE113C,DE,,2017,unemployed_total,"Persons unemployed, total"
A,EC1010V,DE113C,2018,3006.0,e,,DE113C,DE,,2018,unemployed_total,"Persons unemployed, total"
A,EC1010V,DE113C,2019,2647.0,e,,DE113C,DE,,2019,unemployed_total,"Persons unemployed, total"
A,EC1010V,DE113C,2020,2758.0,e,,DE113C,DE,,2020,unemployed_total,"Persons unemployed, total"
A,EC1010V,DE114C,2015,3230.0,,,DE114C,DE,,2015,unemployed_total,"Persons unemployed, total"
A,EC1010V,DE114C,2016,3648.0,,,DE114C,DE,,2016,unemployed_total,"Persons unemployed, total"
A,EC1010V,DE114C,2017,3486.0,e,,DE114C,DE,,2017,unemployed_total,"Persons unemployed, total"
A,EC1010V,DE114C,2018,3044.0,e,,DE114C,DE,,2018,unemployed_total,"Persons unemployed, total"
A,EC1010V,DE114C,2019,2835.0,e,,DE114C,DE,,2019,unemployed_total,"Persons unemployed, total"
A,EC1010V,DE114C,2020,3276.0,e,,DE114C,DE,,2020,unemployed_total,"Persons unemployed, total"
A,EC1010V,DE115C,2015,2259.0,,,DE115C,DE,,2015,unemployed_total,"Persons unemployed, total"
A,EC1010V,DE115C,2016,2455.0,,,DE115C,DE,,2016,unemployed_total,"Persons unemployed, total"
A,EC1010V,DE115C,2017,2296.0,e,,DE115C,DE,,2017,unemployed_total,"Persons unemployed, total"
A,EC1010V,DE115C,2018,2018.0,e,,DE115C,DE,,2018,unemployed_total,"Persons unemployed, total"
A,EC1010V,DE115C,2019,1987.0,e,,DE115C,DE,,2019,unemployed_total,"Persons unemployed, total"
A,EC1010V,DE115C,2020,2628.0,e,,DE115C,DE,,2020,unemployed_total,"Persons unemployed, total"
A,EC1010V,DE116C,2015,3701.0,,,DE116C,DE,,2015,unemployed_total,"Persons unemployed, total"
A,EC1010V,DE116C,2016,3097.0,,,DE116C,DE,,2016,unemployed_total,"Persons unemployed, total"
A,EC1010V,DE116C,2017,2822.0,e,,DE116C,DE,,2017,unemployed_total,"Persons unemployed, total"
A,EC1010V,DE116C,2018,2674.0,e,,DE116C,DE,,2018,unemployed_total,"Persons unemployed, total"
A,EC1010V,DE116C,2019,2644.0,e,,DE116C,DE,,2019,unemployed_total,"Persons unemployed, total"
A,EC1010V,DE116C,2020,2851.0,e,,DE116C,DE,,2020,unemployed_total,"Persons unemployed, total"
A,EC1010V,DE117C,2015,3358.0,,,DE117C,DE,,2015,unemployed_total,"Persons unemployed, total"
A,EC1010V,DE117C,2016,2758.0,,,DE117C,DE,,2016,unemployed_total,"Persons unemployed, total"
A,EC1010V,DE117C,2017,2921.0,e,,DE117C,DE,,2017,unemployed_total,"Persons unemployed, total"
A,EC1010V,DE117C,2018,2713.0,e,,DE117C,DE,,2018,unemployed_total,"Persons unemployed, total"
A,EC1010V,DE117C,2019,2222.0,e,,DE117C,DE,,2019,unemployed_total,"Persons unemployed, total"
A,EC1010V,DE117C,2020,2557.0,e,,DE117C,DE,,2020,unemployed_total,"Persons unemployed, total"
A,EC1010V,DE118C,2015,2628.0,,,DE118C,DE,,2015,unemployed_total,"Persons unemployed, total"
A,EC1010V,DE118C,2016,2263.0,,,DE118C,DE,,2016,unemployed_total,"Persons unemployed, total"
A,EC1010V,DE118C,2017,2135.0,e,,DE118C,DE,,2017,unemployed_total,"Persons unemployed, total"
A,EC1010V,DE118C,2018,1952.0,e,,DE118C,DE,,2018,unemployed_total,"Persons unemployed, total"
A,EC1010V,DE118C,2019,1838.0,e,,DE118C,DE,,2019,unemployed_total,"Persons unemployed, total"
A,EC1010V,DE118C,2020,2498.0,e,,DE118C,DE,,2020,unemployed_total,"Persons unemployed, total"
A,EC1010V,DE119C,2015,2744.0,,,DE119C,DE,,2015,unemployed_total,"Persons unemployed, total"
A,EC1010V,DE119C,2016,2324.0,,,DE119C,DE,,2016,unemployed_total,"Persons unemployed, total"
A,EC1010V,DE119C,2017,2166.0,e,,DE119C,DE,,2017,unemployed_total,"Persons unemployed, total"
A,EC1010V,DE119C,2018,1894.0,e,,DE119C,DE,,2018,unemployed_total,"Persons unemployed, total"
A,EC1010V,DE119C,2019,1817.0,e,,DE119C,DE,,2019,unemployed_total,"Persons unemployed, total"
A,EC1010V,DE119C,2020,2330.0,e,,DE119C,DE,,2020,unemployed_total,"Persons unemployed, total"
A,EC1010V,DE120C,2015,3156.0,,,DE120C,DE,,2015,unemployed_total,"Persons unemployed, total"
A,EC1010V,DE120C,2016,2989.0,,,DE120C,DE,,2016,unemployed_total,"Persons unemployed, total"
A,EC1010V,DE120C,2017,2784.0,e,,DE120C,DE,,2017,unemployed_total,"Persons unemployed, total"
A,EC1010V,DE120C,2018,2647.0,e,,DE120C,DE,,2018,unemployed_total,"Persons unemployed, total"
A,EC1010V,DE120C,2019,2607.0,e,,DE120C,DE,,2019,unemployed_total,"Persons unemployed, total"
A,EC1010V,DE120C,2020,2815.0,e,,DE120C,DE,,2020,unemployed_total,"Persons unemployed, total"
A,EC1010V,DE121C,2015,2590.0,,,DE121C,DE,,2015,unemployed_total,"Persons unemployed, total"
A,EC1010V,DE121C,2016,2377.0,,,DE121C,DE,,2016,unemployed_total,"Persons unemployed, total"
A,EC1010V,DE121C,2017,2111.0,e,,DE121C,DE,,2017,unemployed_total,"Persons unemployed, total"
A,EC1010V,DE121C,2018,1860.0,e,,DE121C,DE,,2018,unemployed_total,"Persons unemployed, total"
A,EC1010V,DE121C,2019,1760.0,e,,DE121C,DE,,2019,unemployed_total,"Persons unemployed, total"
A,EC1010V,DE121C,2020,2329.0,e,,DE121C,DE,,2020,unemployed_total,"Persons unemployed, total"
A,EC1010V,DE122C,2015,2734.0,,,DE122C,DE,,2015,unemployed_total,"Persons unemployed, total"
A,EC1010V,DE122C,2016,2209.0,,,DE122C,DE,,2016,unemployed_total,"Persons unemployed, total"
A,EC1010V,DE122C,2017,2105.0,e,,DE122C,DE,,2017,unemployed_total,"Persons unemployed, total"
A,EC1010V,DE122C,2018,1628.0,e,,DE122C,DE,,2018,unemployed_total,"Persons unemployed, total"
A,EC1010V,DE122C,2019,1663.0,e,,DE122C,DE,,2019,unemployed_total,"Persons unemployed, total"
A,EC1010V,DE122C,2020,1654.0,e,,DE122C,DE,,2020,unemployed_total,"Persons unemployed, total"
A,EC1010V,DE123C,2015,1897.0,,,DE123C,DE,,2015,unemployed_total,"Persons unemployed, total"
A,EC1010V,DE123C,2016,1772.0,,,DE123C,DE,,2016,unemployed_total,"Persons unemployed, total"
A,EC1010V,DE123C,2017,1785.0,e,,DE123C,DE,,2017,unemployed_total,"Persons unemployed, total"
A,EC1010V,DE123C,2018,1784.0,e,,DE123C,DE,,2018,unemployed_total,"Persons unemployed, total"
A,EC1010V,DE123C,2019,1659.0,e,,DE123C,DE,,2019,unemployed_total,"Persons unemployed, total"
A,EC1010V,DE123C,2020,1683.0,e,,DE123C,DE,,2020,unemployed_total,"Persons unemployed, total"
A,EC1010V,DE124C,2015,10527.0,,,DE124C,DE,,2015,unemployed_total,"Persons unemployed, total"
A,EC1010V,DE124C,2016,9623.0,,,DE124C,DE,,2016,unemployed_total,"Persons unemployed, total"
A,EC1010V,DE124C,2017,8550.0,e,,DE124C,DE,,2017,unemployed_total,"Persons unemployed, total"
A,EC1010V,DE124C,2018,7891.0,e,,DE124C,DE,,2018,unemployed_total,"Persons unemployed, total"
A,EC1010V,DE124C,2019,7506.0,e,,DE124C,DE,,2019,unemployed_total,"Persons unemployed, total"
A,EC1010V,DE124C,2020,10272.0,e,,DE124C,DE,,2020,unemployed_total,"Persons unemployed, total"
A,EC1010V,DE124C,2021,11000.0,e,,DE124C,DE,,2021,unemployed_total,"Persons unemployed, total"
A,EC1010V,DE124C,2022,12000.0,e,,DE124C,DE,,2022,unemployed_total,"Persons unemployed, total"
A,EC1010V,DE124C,2023,12000.0,e,,DE124C,DE,,2023,unemployed_total,"Persons unemployed, total"
A,EC1010V,DE125C,2015,2914.0,,,DE125C,DE,,2015,unemployed_total,"Persons unemployed, total"
A,EC1010V,DE125C,2016,2653.0,,,DE125C,DE,,2016,unemployed_total,"Persons unemployed, total"
A,EC1010V,DE125C,2017,2388.0,e,,DE125C,DE,,2017,unemployed_total,"Persons unemployed, total"
A,EC1010V,DE125C,2018,2319.0,e,,DE125C,DE,,2018,unemployed_total,"Persons unemployed, total"
A,EC1010V,DE125C,2019,2023.0,e,,DE125C,DE,,2019,unemployed_total,"Persons unemployed, total"
A,EC1010V,DE125C,2020,2271.0,e,,DE125C,DE,,2020,unemployed_total,"Persons unemployed, total"
A,EC1010V,DE126C,2017,2618.0,e,,DE126C,DE,,2017,unemployed_total,"Persons unemployed, total"
A,EC1010V,DE126C,2018,2650.0,e,,DE126C,DE,,2018,unemployed_total,"Persons unemployed, total"
A,EC1010V,DE126C,2019,2426.0,e,,DE126C,DE,,2019,unemployed_total,"Persons unemployed, total"
A,EC1010V,DE126C,2020,2761.0,e,,DE126C,DE,,2020,unemployed_total,"Persons unemployed, total"
A,EC1010V,DE127C,2017,1033.0,e,,DE127C,DE,,2017,unemployed_total,"Persons unemployed, total"
A,EC1010V,DE127C,2018,999.0,e,,DE127C,DE,,2018,unemployed_total,"Persons unemployed, total"
A,EC1010V,DE127C,2019,968.0,e,,DE127C,DE,,2019,unemployed_total,"Persons unemployed, total"
A,EC1010V,DE127C,2020,1280.0,e,,DE127C,DE,,2020,unemployed_total,"Persons unemployed, total"
A,EC1010V,EE,2015,42300.0,,,EE,EE,,2015,unemployed_total,"Persons unemployed, total"
A,EC1010V,EE,2016,46700.0,,,EE,EE,,2016,unemployed_total,"Persons unemployed, total"
A,EC1010V,EE,2017,40300.0,,,EE,EE,,2017,unemployed_total,"Persons unemployed, total"
A,EC1010V,EE,2018,37700.0,,,EE,EE,,2018,unemployed_total,"Persons unemployed, total"
A,EC1010V,EE001C,2015,12900.0,,,EE001C,EE,,2015,unemployed_total,"Persons unemployed, total"
A,EC1010V,EE001C,2016,14700.0,,,EE001C,EE,,2016,unemployed_total,"Persons unemployed, total"
A,EC1010V,EE001C,2017,12800.0,,,EE001C,EE,,2017,unemployed_total,"Persons unemployed, total"
A,EC1010V,EE001C,2018,12000.0,,,EE001C,EE,,2018,unemployed_total,"Persons unemployed, total"
A,EC1010V,EE001C,2019,9500.0,,,EE001C,EE,,2019,unemployed_total,"Persons unemployed, total"
A,EC1010V,EE001C,2020,16200.0,,,EE001C,EE,,2020,unemployed_total,"Persons unemployed, total"
A,EC1010V,EE001C,2021,15800.0,b,,EE001C,EE,,2021,unemployed_total,"Persons unemployed, total"
A,EC1010V,EE001C,2022,16600.0,,,EE001C,EE,,2022,unemployed_total,"Persons unemployed, total"
A,EC1010V,EE001C,2023,18400.0,,,EE001C,EE,,2023,unemployed_total,"Persons unemployed, total"
A,EC1010V,EE002C,2015,2300.0,,,EE002C,EE,,2015,unemployed_total,"Persons unemployed, total"
A,EC1010V,EE002C,2016,2200.0,,,EE002C,EE,,2016,unemployed_total,"Persons unemployed, total"
A,EC1010V,EE002C,2017,1900.0,,,EE002C,EE,,2017,unemployed_total,"Persons unemployed, total"
A,EC1010V,EE002C,2018,2300.0,b,,EE002C,EE,,2018,unemployed_total,"Persons unemployed, total"
A,EC1010V,EE002C,2019,1600.0,,,EE002C,EE,,2019,unemployed_total,"Persons unemployed, total"
A,EC1010V,EE002C,2020,2700.0,,,EE002C,EE,,2020,unemployed_total,"Persons unemployed, total"
A,EC1010V,EE002C,2021,2100.0,b,,EE002C,EE,,2021,unemployed_total,"Persons unemployed, total"
A,EC1010V,EE002C,2022,1700.0,,,EE002C,EE,,2022,unemployed_total,"Persons unemployed, total"
A,EC1010V,EE002C,2023,2500.0,,,EE002C,EE,,2023,unemployed_total,"Persons unemployed, total"
A,EC1010V,EE003C,2015,4000.0,,,EE003C,EE,,2015,unemployed_total,"Persons unemployed, total"
A,EC1010V,EE003C,2016,5200.0,,,EE003C,EE,,2016,unemployed_total,"Persons unemployed, total"
A,EC1010V,EE003C,2017,4200.0,,,EE003C,EE,,2017,unemployed_total,"Persons unemployed, total"
A,EC1010V,EE003C,2018,4000.0,,,EE003C,EE,,2018,unemployed_total,"Persons unemployed, total"
A,EC1010V,EE003C,2019,2800.0,,,EE003C,EE,,2019,unemployed_total,"Persons unemployed, total"
A,EC1010V,EE003C,2020,3800.0,,,EE003C,EE,,2020,unemployed_total,"Persons unemployed, total"
A,EC1010V,EE003C,2021,3500.0,b,,EE003C,EE,,2021,unemployed_total,"Persons unemployed, total"
A,EC1010V,EE003C,2022,2800.0,,,EE003C,EE,,2022,unemployed_total,"Persons unemployed, total"
A,EC1010V,EE003C,2023,2800.0,,,EE003C,EE,,2023,unemployed_total,"Persons unemployed, total"
A,EC1010V,ES,2015,5055988.0,,,ES,ES,,2015,unemployed_total,"Persons unemployed, total"
A,EC1010V,ES,2016,4481174.0,,,ES,ES,,2016,unemployed_total,"Persons unemployed, total"
A,EC1010V,ES,2017,3916900.0,,,ES,ES,,2017,unemployed_total,"Persons unemployed, total"
A,EC1010V,ES,2018,3479100.0,,,ES,ES,,2018,unemployed_total,"Persons unemployed, total"
A,EC1010V,ES001C,2015,423220.0,,,ES001C,ES,,2015,unemployed_total,"Persons unemployed, total"
A,EC1010V,ES001C,2016,386995.0,,,ES001C,ES,,2016,unemployed_total,"Persons unemployed, total"
A,EC1010V,ES001C,2017,323649.0,e,,ES001C,ES,,2017,unemployed_total,"Persons unemployed, total"
A,EC1010V,ES001C,2018,306184.0,e,,ES001C,ES,,2018,unemployed_total,"Persons unemployed, total"
A,EC1010V,ES001C,2019,272536.0,e,,ES001C,ES,,2019,unemployed_total,"Persons unemployed, total"
A,EC1010V,ES001C,2020,326971.0,e,,ES001C,ES,,2020,unemployed_total,"Persons unemployed, total"
A,EC1010V,ES001C,2021,300594.0,e,,ES001C,ES,,2021,unemployed_total,"Persons unemployed, total"
A,EC1010V,ES001C,2022,293853.0,e,,ES001C,ES,,2022,unemployed_total,"Persons unemployed, total"
A,EC1010V,ES001C,2023,269639.0,e,,ES001C,ES,,2023,unemployed_total,"Persons unemployed, total"
A,EC1010V,ES002C,2015,317572.0,,,ES002C,ES,,2015,unemployed_total,"Persons unemployed, total"
A,EC1010V,ES002C,2016,276729.0,,,ES002C,ES,,2016,unemployed_total,"Persons unemployed, total"
A,EC1010V,ES002C,2017,235228.0,e,,ES002C,ES,,2017,unemployed_total,"Persons unemployed, total"
A,EC1010V,ES002C,2018,201429.0,e,,ES002C,ES,,2018,unemployed_total,"Persons unemployed, total"
A,EC1010V,ES002C,2019,200297.0,e,,ES002C,ES,,2019,unemployed_total,"Persons unemployed, total"
A,EC1010V,ES002C,2020,230052.0,e,,ES002C,ES,,2020,unemployed_total,"Persons unemployed, total"
A,EC1010V,ES002C,2021,208621.0,e,,ES002C,ES,,2021,unemployed_total,"Persons unemployed, total"
A,EC1010V,ES002C,2022,174316.0,e,,ES002C,ES,,2022,unemployed_total,"Persons unemployed, total"
A,EC1010V,ES002C,2023,178060.0,e,,ES002C,ES,,2023,unemployed_total,"Persons unemployed, total"
A,EC1010V,ES003C,2015,151920.0,,,ES003C,ES,,2015,unemployed_total,"Persons unemployed, total"
A,EC1010V,ES003C,2016,143768.0,,,ES003C,ES,,2016,unemployed_total,"Persons unemployed, total"
A,EC1010V,ES003C,2017,131782.0,e,,ES003C,ES,,2017,unemployed_total,"Persons unemployed, total"
A,EC1010V,ES003C,2018,107566.0,e,,ES003C,ES,,2018,unemployed_total,"Persons unemployed, total"
A,EC1010V,ES003C,2019,94564.0,e,,ES003C,ES,,2019,unemployed_total,"Persons unemployed, total"
A,EC1010V,ES003C,2020,109894.0,e,,ES003C,ES,,2020,unemployed_total,"Persons unemployed, total"
A,EC1010V,ES003C,2021,106142.0,e,,ES003C,ES,,2021,unemployed_total,"Persons unemployed, total"
A,EC1010V,ES003C,2022,92571.0,e,,ES003C,ES,,2022,unemployed_total,"Persons unemployed, total"
A,EC1010V,ES003C,2023,92710.0,e,,ES003C,ES,,2023,unemployed_total,"Persons unemployed, total"
A,EC1010V,ES004C,2015,121270.0,,,ES004C,ES,,2015,unemployed_total,"Persons unemployed, total"
A,EC1010V,ES004C,2016,102477.0,,,ES004C,ES,,2016,unemployed_total,"Persons unemployed, total"
A,EC1010V,ES004C,2017,91855.0,e,,ES004C,ES,,2017,unemployed_total,"Persons unemployed, total"
A,EC1010V,ES004C,2018,88614.0,e,,ES004C,ES,,2018,unemployed_total,"Persons unemployed, total"
A,EC1010V,ES004C,2019,83502.0,e,,ES004C,ES,,2019,unemployed_total,"Persons unemployed, total"
A,EC1010V,ES004C,2020,82800.0,e,,ES004C,ES,,2020,unemployed_total,"Persons unemployed, total"
A,EC1010V,ES004C,2021,80685.0,e,,ES004C,ES,,2021,unemployed_total,"Persons unemployed, total"
A,EC1010V,ES004C,2022,64952.0,e,,ES004C,ES,,2022,unemployed_total,"Persons unemployed, total"
A,EC1010V,ES004C,2023,63744.0,e,,ES004C,ES,,2023,unemployed_total,"Persons unemployed, total"
A,EC1010V,ES005C,2015,56836.0,,,ES005C,ES,,2015,unemployed_total,"Persons unemployed, total"
A,EC1010V,ES005C,2016,51766.0,,,ES005C,ES,,2016,unemployed_total,"Persons unemployed, total"
A,EC1010V,ES005C,2017,37855.0,e,,ES005C,ES,,2017,unemployed_total,"Persons unemployed, total"
A,EC1010V,ES005C,2018,36220.0,e,,ES005C,ES,,2018,unemployed_total,"Persons unemployed, total"
A,EC1010V,ES005C,2019,35428.0,e,,ES005C,ES,,2019,unemployed_total,"Persons unemployed, total"
A,EC1010V,ES005C,2020,38509.0,e,,ES005C,ES,,2020,unemployed_total,"Persons unemployed, total"
A,EC1010V,ES005C,2021,35677.0,e,,ES005C,ES,,2021,unemployed_total,"Persons unemployed, total"
A,EC1010V,ES005C,2022,32050.0,e,,ES005C,ES,,2022,unemployed_total,"Persons unemployed, total"
A,EC1010V,ES005C,2023,28716.0,e,,ES005C,ES,,2023,unemployed_total,"Persons unemployed, total"
A,EC1010V,ES006C,2015,71877.0,,,ES006C,ES,,2015,unemployed_total,"Persons unemployed, total"
A,EC1010V,ES006C,2016,67044.0,,,ES006C,ES,,2016,unemployed_total,"Persons unemployed, total"
A,EC1010V,ES006C,2017,56946.0,e,,ES006C,ES,,2017,unemployed_total,"Persons unemployed, total"
A,EC1010V,ES006C,2018,51592.0,e,,ES006C,ES,,2018,unemployed_total,"Persons unemployed, total"
A,EC1010V,ES006C,2019,39981.0,e,,ES006C,ES,,2019,unemployed_total,"Persons unemployed, total"
A,EC1010V,ES006C,2020,48773.0,e,,ES006C,ES,,2020,unemployed_total,"Persons unemployed, total"
A,EC1010V,ES006C,2021,49785.0,e,,ES006C,ES,,2021,unemployed_total,"Persons unemployed, total"
A,EC1010V,ES006C,2022,51977.0,e,,ES006C,ES,,2022,unemployed_total,"Persons unemployed, total"
A,EC1010V,ES006C,2023,46771.0,e,,ES006C,ES,,2023,unemployed_total,"Persons unemployed, total"
A,EC1010V,ES007C,2015,51130.0,,,ES007C,ES,,2015,unemployed_total,"Persons unemployed, total"
A,EC1010V,ES007C,2016,41069.0,,,ES007C,ES,,2016,unemployed_total,"Persons unemployed, total"
A,EC1010V,ES007C,2017,38215.0,e,,ES007C,ES,,2017,unemployed_total,"Persons unemployed, total"
A,EC1010V,ES007C,2018,36074.0,e,,ES007C,ES,,2018,unemployed_total,"Persons unemployed, total"
A,EC1010V,ES007C,2019,32209.0,e,,ES007C,ES,,2019,unemployed_total,"Persons unemployed, total"
A,EC1010V,ES007C,2020,35993.0,e,,ES007C,ES,,2020,unemployed_total,"Persons unemployed, total"
A,EC1010V,ES007C,2021,32923.0,e,,ES007C,ES,,2021,unemployed_total,"Persons unemployed, total"
A,EC1010V,ES007C,2022,30586.0,e,,ES007C,ES,,2022,unemployed_total,"Persons unemployed, total"
A,EC1010V,ES007C,2023,31046.0,e,,ES007C,ES,,2023,unemployed_total,"Persons unemployed, total"
A,EC1010V,ES008C,2015,62597.0,,,ES008C,ES,,2015,unemployed_total,"Persons unemployed, total"
A,EC1010V,ES008C,2016,55075.0,,,ES008C,ES,,2016,unemployed_total,"Persons unemployed, total"
A,EC1010V,ES008C,2017,52723.0,e,,ES008C,ES,,2017,unemployed_total,"Persons unemployed, total"
A,EC1010V,ES008C,2018,43447.0,e,,ES008C,ES,,2018,unemployed_total,"Persons unemployed, total"
A,EC1010V,ES008C,2019,46760.0,e,,ES008C,ES,,2019,unemployed_total,"Persons unemployed, total"
A,EC1010V,ES008C,2020,41848.0,e,,ES008C,ES,,2020,unemployed_total,"Persons unemployed, total"
A,EC1010V,ES008C,2021,45330.0,e,,ES008C,ES,,2021,unemployed_total,"Persons unemployed, total"
A,EC1010V,ES008C,2022,39407.0,e,,ES008C,ES,,2022,unemployed_total,"Persons unemployed, total"
A,EC1010V,ES008C,2023,35300.0,e,,ES008C,ES,,2023,unemployed_total,"Persons unemployed, total"
A,EC1010V,ES009C,2015,24463.0,,,ES009C,ES,,2015,unemployed_total,"Persons unemployed, total"
A,EC1010V,ES009C,2016,21682.0,,,ES009C,ES,,2016,unemployed_total,"Persons unemployed, total"
A,EC1010V,ES009C,2017,21172.0,e,,ES009C,ES,,2017,unemployed_total,"Persons unemployed, total"
A,EC1010V,ES009C,2018,16946.0,e,,ES009C,ES,,2018,unemployed_total,"Persons unemployed, total"
A,EC1010V,ES009C,2019,17250.0,e,,ES009C,ES,,2019,unemployed_total,"Persons unemployed, total"
A,EC1010V,ES009C,2020,16512.0,e,,ES009C,ES,,2020,unemployed_total,"Persons unemployed, total"
A,EC1010V,ES009C,2021,16196.0,e,,ES009C,ES,,2021,unemployed_total,"Persons unemployed, total"
A,EC1010V,ES009C,2022,12978.0,e,,ES009C,ES,,2022,unemployed_total,"Persons unemployed, total"
A,EC1010V,ES009C,2023,14773.0,e,,ES009C,ES,,2023,unemployed_total,"Persons unemployed, total"
A,EC1010V,ES010C,2015,46468.0,,,ES010C,ES,,2015,unemployed_total,"Persons unemployed, total"
A,EC1010V,ES010C,2016,37217.0,,,ES010C,ES,,2016,unemployed_total,"Persons unemployed, total"
A,EC1010V,ES010C,2017,32847.0,e,,ES010C,ES,,2017,unemployed_total,"Persons unemployed, total"
A,EC1010V,ES010C,2018,30857.0,e,,ES010C,ES,,2018,unemployed_total,"Persons unemployed, total"
A,EC1010V,ES010C,2019,32445.0,e,,ES010C,ES,,2019,unemployed_total,"Persons unemployed, total"
A,EC1010V,ES010C,2020,41596.0,e,,ES010C,ES,,2020,unemployed_total,"Persons unemployed, total"
A,EC1010V,ES010C,2021,40437.0,e,,ES010C,ES,,2021,unemployed_total,"Persons unemployed, total"
A,EC1010V,ES010C,2022,32392.0,e,,ES010C,ES,,2022,unemployed_total,"Persons unemployed, total"
A,EC1010V,ES010C,2023,31798.0,e,,ES010C,ES,,2023,unemployed_total,"Persons unemployed, total"
A,EC1010V,ES011C,2015,7628.0,,,ES011C,ES,,2015,unemployed_total,"Persons unemployed, total"
A,EC1010V,ES011C,2016,6747.0,,,ES011C,ES,,2016,unemployed_total,"Persons unemployed, total"
A,EC1010V,ES011C,2017,6182.0,e,,ES011C,ES,,2017,unemployed_total,"Persons unemployed, total"
A,EC1010V,ES011C,2018,5545.0,e,,ES011C,ES,,2018,unemployed_total,"Persons unemployed, total"
A,EC1010V,ES011C,2019,4579.0,e,,ES011C,ES,,2019,unemployed_total,"Persons unemployed, total"
A,EC1010V,ES011C,2020,5107.0,e,,ES011C,ES,,2020,unemployed_total,"Persons unemployed, total"
A,EC1010V,ES011C,2021,4611.0,e,,ES011C,ES,,2021,unemployed_total,"Persons unemployed, total"
A,EC1010V,ES011C,2022,4313.0,e,,ES011C,ES,,2022,unemployed_total,"Persons unemployed, total"
A,EC1010V,ES011C,2023,3845.0,e,,ES011C,ES,,2023,unemployed_total,"Persons unemployed, total"
A,EC1010V,ES012C,2015,18714.0,,,ES012C,ES,,2015,unemployed_total,"Persons unemployed, total"
A,EC1010V,ES012C,2016,14627.0,,,ES012C,ES,,2016,unemployed_total,"Persons unemployed, total"
A,EC1010V,ES012C,2017,13517.0,e,,ES012C,ES,,2017,unemployed_total,"Persons unemployed, total"
A,EC1010V,ES012C,2018,11162.0,e,,ES012C,ES,,2018,unemployed_total,"Persons unemployed, total"
A,EC1010V,ES012C,2019,10200.0,e,,ES012C,ES,,2019,unemployed_total,"Persons unemployed, total"
A,EC1010V,ES012C,2020,9231.0,e,,ES012C,ES,,2020,unemployed_total,"Persons unemployed, total"
A,EC1010V,ES012C,2021,12754.0,e,,ES012C,ES,,2021,unemployed_total,"Persons unemployed, total"
A,EC1010V,ES012C,2022,10926.0,e,,ES012C,ES,,2022,unemployed_total,"Persons unemployed, total"
A,EC1010V,ES012C,2023,9224.0,e,,ES012C,ES,,2023,unemployed_total,"Persons unemployed, total"
A,EC1010V,ES013C,2015,18299.0,,,ES013C,ES,,2015,unemployed_total,"Persons unemployed, total"
A,EC1010V,ES013C,2016,17044.0,,,ES013C,ES,,2016,unemployed_total,"Persons unemployed, total"
A,EC1010V,ES013C,2017,12939.0,e,,ES013C,ES,,2017,unemployed_total,"Persons unemployed, total"
A,EC1010V,ES013C,2018,12730.0,e,,ES013C,ES,,2018,unemployed_total,"Persons unemployed, total"
A,EC1010V,ES013C,2019,13180.0,e,,ES013C,ES,,2019,unemployed_total,"Persons unemployed, total"
A,EC1010V,ES013C,2020,12836.0,e,,ES013C,ES,,2020,unemployed_total,"Persons unemployed, total"
A,EC1010V,ES013C,2021,11395.0,e,,ES013C,ES,,2021,unemployed_total,"Persons unemployed, total"
A,EC1010V,ES013C,2022,11345.0,e,,ES013C,ES,,2022,unemployed_total,"Persons unemployed, total"
A,EC1010V,ES013C,2023,11233.0,e,,ES013C,ES,,2023,unemployed_total,"Persons unemployed, total"
A,EC1010V,ES014C,2015,22412.0,,,ES014C,ES,,2015,unemployed_total,"Persons unemployed, total"
A,EC1010V,ES014C,2016,20320.0,,,ES014C,ES,,2016,unemployed_total,"Persons unemployed, total"
A,EC1010V,ES014C,2017,17099.0,e,,ES014C,ES,,2017,unemployed_total,"Persons unemployed, total"
A,EC1010V,ES014C,2018,16688.0,e,,ES014C,ES,,2018,unemployed_total,"Persons unemployed, total"
A,EC1010V,ES014C,2019,13573.0,e,,ES014C,ES,,2019,unemployed_total,"Persons unemployed, total"
A,EC1010V,ES014C,2020,16348.0,e,,ES014C,ES,,2020,unemployed_total,"Persons unemployed, total"
A,EC1010V,ES014C,2021,17813.0,e,,ES014C,ES,,2021,unemployed_total,"Persons unemployed, total"
A,EC1010V,ES014C,2022,16236.0,e,,ES014C,ES,,2022,unemployed_total,"Persons unemployed, total"
A,EC1010V,ES014C,2023,17535.0,e,,ES014C,ES,,2023,unemployed_total,"Persons unemployed, total"
A,EC1010V,ES015C,2015,14686.0,,,ES015C,ES,,2015,unemployed_total,"Persons unemployed, total"
A,EC1010V,ES015C,2016,12424.0,,,ES015C,ES,,2016,unemployed_total,"Persons unemployed, total"
A,EC1010V,ES015C,2017,11474.0,e,,ES015C,ES,,2017,unemployed_total,"Persons unemployed, total"
A,EC1010V,ES015C,2018,8993.0,e,,ES015C,ES,,2018,unemployed_total,"Persons unemployed, total"
A,EC1010V,ES015C,2019,8675.0,e,,ES015C,ES,,2019,unemployed_total,"Persons unemployed, total"
A,EC1010V,ES015C,2020,10045.0,e,,ES015C,ES,,2020,unemployed_total,"Persons unemployed, total"
A,EC1010V,ES015C,2021,9892.0,e,,ES015C,ES,,2021,unemployed_total,"Persons unemployed, total"
A,EC1010V,ES015C,2022,7885.0,e,,ES015C,ES,,2022,unemployed_total,"Persons unemployed, total"
A,EC1010V,ES015C,2023,7047.0,e,,ES015C,ES,,2023,unemployed_total,"Persons unemployed, total"
A,EC1010V,ES016C,2015,7791.0,,,ES016C,ES,,2015,unemployed_total,"Persons unemployed, total"
A,EC1010V,ES016C,2016,6985.0,,,ES016C,ES,,2016,unemployed_total,"Persons unemployed, total"
A,EC1010V,ES016C,2017,5887.0,e,,ES016C,ES,,2017,unemployed_total,"Persons unemployed, total"
A,EC1010V,ES016C,2018,5439.0,e,,ES016C,ES,,2018,unemployed_total,"Persons unemployed, total"
A,EC1010V,ES016C,2019,4751.0,e,,ES016C,ES,,2019,unemployed_total,"Persons unemployed, total"
A,EC1010V,ES016C,2020,5438.0,e,,ES016C,ES,,2020,unemployed_total,"Persons unemployed, total"
A,EC1010V,ES016C,2021,4911.0,e,,ES016C,ES,,2021,unemployed_total,"Persons unemployed, total"
A,EC1010V,ES016C,2022,4081.0,e,,ES016C,ES,,2022,unemployed_total,"Persons unemployed, total"
A,EC1010V,ES016C,2023,3845.0,e,,ES016C,ES,,2023,unemployed_total,"Persons unemployed, total"
A,EC1010V,ES017C,2015,20612.0,,,ES017C,ES,,2015,unemployed_total,"Persons unemployed, total"
A,EC1010V,ES017C,2016,20826.0,,,ES017C,ES,,2016,unemployed_total,"Persons unemployed, total"
A,EC1010V,ES017C,2017,20017.0,e,,ES017C,ES,,2017,unemployed_total,"Persons unemployed, total"
A,EC1010V,ES017C,2018,18286.0,e,,ES017C,ES,,2018,unemployed_total,"Persons unemployed, total"
A,EC1010V,ES017C,2019,16224.0,e,,ES017C,ES,,2019,unemployed_total,"Persons unemployed, total"
A,EC1010V,ES017C,2020,15402.0,e,,ES017C,ES,,2020,unemployed_total,"Persons unemployed, total"
A,EC1010V,ES017C,2021,13697.0,e,,ES017C,ES,,2021,unemployed_total,"Persons unemployed, total"
A,EC1010V,ES017C,2022,12723.0,e,,ES017C,ES,,2022,unemployed_total,"Persons unemployed, total"
A,EC1010V,ES017C,2023,14460.0,e,,ES017C,ES,,2023,unemployed_total,"Persons unemployed, total"
A,EC1010V,ES018C,2015,12724.0,,,ES018C,ES,,2015,unemployed_total,"Persons unemployed, total"
A,EC1010V,ES018C,2016,11226.0,,,ES018C,ES,,2016,unemployed_total,"Persons unemployed, total"
A,EC1010V,ES018C,2017,9923.0,e,,ES018C,ES,,2017,unemployed_total,"Persons unemployed, total"
A,EC1010V,ES018C,2018,8615.0,e,,ES018C,ES,,2018,unemployed_total,"Persons unemployed, total"
A,EC1010V,ES018C,2019,8299.0,e,,ES018C,ES,,2019,unemployed_total,"Persons unemployed, total"
A,EC1010V,ES018C,2020,8595.0,e,,ES018C,ES,,2020,unemployed_total,"Persons unemployed, total"
A,EC1010V,ES018C,2021,9245.0,e,,ES018C,ES,,2021,unemployed_total,"Persons unemployed, total"
A,EC1010V,ES018C,2022,7648.0,e,,ES018C,ES,,2022,unemployed_total,"Persons unemployed, total"
A,EC1010V,ES018C,2023,7578.0,e,,ES018C,ES,,2023,unemployed_total,"Persons unemployed, total"
A,EC1010V,ES019C,2017,51359.0,e,,ES019C,ES,,2017,unemployed_total,"Persons unemployed, total"
A,EC1010V,ES019C,2018,46813.0,e,,ES019C,ES,,2018,unemployed_total,"Persons unemployed, total"
A,EC1010V,ES019C,2019,42551.0,e,,ES019C,ES,,2019,unemployed_total,"Persons unemployed, total"
A,EC1010V,ES019C,2020,43735.0,e,,ES019C,ES,,2020,unemployed_total,"Persons unemployed, total"
A,EC1010V,ES019C,2021,42175.0,e,,ES019C,ES,,2021,unemployed_total,"Persons unemployed, total"
A,EC1010V,ES019C,2022,38246.0,e,,ES019C,ES,,2022,unemployed_total,"Persons unemployed, total"
A,EC1010V,ES019C,2023,34306.0,e,,ES019C,ES,,2023,unemployed_total,"Persons unemployed, total"
A,EC1010V,ES020C,2015,52605.0,,,ES020C,ES,,2015,unemployed_total,"Persons unemployed, total"
A,EC1010V,ES020C,2016,54342.0,,,ES020C,ES,,2016,unemployed_total,"Persons unemployed, total"
A,EC1010V,ES020C,2017,50965.0,e,,ES020C,ES,,2017,unemployed_total,"Persons unemployed, total"
A,EC1010V,ES020C,2018,43912.0,e,,ES020C,ES,,2018,unemployed_total,"Persons unemployed, total"
A,EC1010V,ES020C,2019,41509.0,e,,ES020C,ES,,2019,unemployed_total,"Persons unemployed, total"
A,EC1010V,ES020C,2020,42682.0,e,,ES020C,ES,,2020,unemployed_total,"Persons unemployed, total"
A,EC1010V,ES020C,2021,38302.0,e,,ES020C,ES,,2021,unemployed_total,"Persons unemployed, total"
A,EC1010V,ES020C,2022,33571.0,e,,ES020C,ES,,2022,unemployed_total,"Persons unemployed, total"
A,EC1010V,ES020C,2023,33106.0,e,,ES020C,ES,,2023,unemployed_total,"Persons unemployed, total"
A,EC1010V,ES021C,2015,39848.0,,,ES021C,ES,,2015,unemployed_total,"Persons unemployed, total"
A,EC1010V,ES021C,2016,35164.0,,,ES021C,ES,,2016,unemployed_total,"Persons unemployed, total"
A,EC1010V,ES021C,2017,30956.0,e,,ES021C,ES,,2017,unemployed_total,"Persons unemployed, total"
A,EC1010V,ES021C,2018,27663.0,e,,ES021C,ES,,2018,unemployed_total,"Persons unemployed, total"
A,EC1010V,ES021C,2019,25851.0,e,,ES021C,ES,,2019,unemployed_total,"Persons unemployed, total"
A,EC1010V,ES021C,2020,31061.0,e,,ES021C,ES,,2020,unemployed_total,"Persons unemployed, total"
A,EC1010V,ES021C,2021,33286.0,e,,ES021C,ES,,2021,unemployed_total,"Persons unemployed, total"
A,EC1010V,ES021C,2022,28114.0,e,,ES021C,ES,,2022,unemployed_total,"Persons unemployed, total"
A,EC1010V,ES021C,2023,27946.0,e,,ES021C,ES,,2023,unemployed_total,"Persons unemployed, total"
A,EC1010V,ES022C,2015,31234.0,,,ES022C,ES,,2015,unemployed_total,"Persons unemployed, total"
A,EC1010V,ES022C,2016,26893.0,,,ES022C,ES,,2016,unemployed_total,"Persons unemployed, total"
A,EC1010V,ES022C,2017,25880.0,e,,ES022C,ES,,2017,unemployed_total,"Persons unemployed, total"
A,EC1010V,ES022C,2018,22915.0,e,,ES022C,ES,,2018,unemployed_total,"Persons unemployed, total"
A,EC1010V,ES022C,2019,20872.0,e,,ES022C,ES,,2019,unemployed_total,"Persons unemployed, total"
A,EC1010V,ES022C,2020,19957.0,e,,ES022C,ES,,2020,unemployed_total,"Persons unemployed, total"
A,EC1010V,ES022C,2021,20392.0,e,,ES022C,ES,,2021,unemployed_total,"Persons unemployed, total"
A,EC1010V,ES022C,2022,18966.0,e,,ES022C,ES,,2022,unemployed_total,"Persons unemployed, total"
A,EC1010V,ES022C,2023,16758.0,e,,ES022C,ES,,2023,unemployed_total,"Persons unemployed, total"
A,EC1010V,ES023C,2015,25369.0,,,ES023C,ES,,2015,unemployed_total,"Persons unemployed, total"
A,EC1010V,ES023C,2016,23491.0,,,ES023C,ES,,2016,unemployed_total,"Persons unemployed, total"
A,EC1010V,ES023C,2017,18136.0,e,,ES023C,ES,,2017,unemployed_total,"Persons unemployed, total"
A,EC1010V,ES023C,2018,17936.0,e,,ES023C,ES,,2018,unemployed_total,"Persons unemployed, total"
A,EC1010V,ES023C,2019,18550.0,e,,ES023C,ES,,2019,unemployed_total,"Persons unemployed, total"
A,EC1010V,ES023C,2020,18152.0,e,,ES023C,ES,,2020,unemployed_total,"Persons unemployed, total"
A,EC1010V,ES023C,2021,16278.0,e,,ES023C,ES,,2021,unemployed_total,"Persons unemployed, total"
A,EC1010V,ES023C,2022,16202.0,e,,ES023C,ES,,2022,unemployed_total,"Persons unemployed, total"
A,EC1010V,ES023C,2023,15794.0,e,,ES023C,ES,,2023,unemployed_total,"Persons unemployed, total"
A,EC1010V,ES024C,2015,56499.0,,,ES024C,ES,,2015,unemployed_total,"Persons unemployed, total"
A,EC1010V,ES024C,2016,52495.0,,,ES024C,ES,,2016,unemployed_total,"Persons unemployed, total"
A,EC1010V,ES024C,2017,44855.0,e,,ES024C,ES,,2017,unemployed_total,"Persons unemployed, total"
A,EC1010V,ES024C,2018,41221.0,e,,ES024C,ES,,2018,unemployed_total,"Persons unemployed, total"
A,EC1010V,ES024C,2019,39688.0,e,,ES024C,ES,,2019,unemployed_total,"Persons unemployed, total"
A,EC1010V,ES024C,2020,44983.0,e,,ES024C,ES,,2020,unemployed_total,"Persons unemployed, total"
A,EC1010V,ES024C,2021,46044.0,e,,ES024C,ES,,2021,unemployed_total,"Persons unemployed, total"
A,EC1010V,ES024C,2022,38316.0,e,,ES024C,ES,,2022,unemployed_total,"Persons unemployed, total"
A,EC1010V,ES024C,2023,37574.0,e,,ES024C,ES,,2023,unemployed_total,"Persons unemployed, total"
A,EC1010V,ES025C,2015,20939.0,,,ES025C,ES,,2015,unemployed_total,"Persons unemployed, total"
A,EC1010V,ES025C,2016,19129.0,,,ES025C,ES,,2016,unemployed_total,"Persons unemployed, total"
A,EC1010V,ES025C,2017,18038.0,e,,ES025C,ES,,2017,unemployed_total,"Persons unemployed, total"
A,EC1010V,ES025C,2018,16254.0,e,,ES025C,ES,,2018,unemployed_total,"Persons unemployed, total"
A,EC1010V,ES025C,2019,13940.0,e,,ES025C,ES,,2019,unemployed_total,"Persons unemployed, total"
A,EC1010V,ES025C,2020,14759.0,e,,ES025C,ES,,2020,unemployed_total,"Persons unemployed, total"
A,EC1010V,ES025C,2021,13673.0,e,,ES025C,ES,,2021,unemployed_total,"Persons unemployed, total"
A,EC1010V,ES025C,2022,13452.0,e,,ES025C,ES,,2022,unemployed_total,"Persons unemployed, total"
A,EC1010V,ES025C,2023,12349.0,e,,ES025C,ES,,2023,unemployed_total,"Persons unemployed, total"
A,EC1010V,ES026C,2015,13366.0,,,ES026C,ES,,2015,unemployed_total,"Persons unemployed, total"
A,EC1010V,ES026C,2016,11097.0,,,ES026C,ES,,2016,unemployed_total,"Persons unemployed, total"
A,EC1010V,ES026C,2017,9234.0,e,,ES026C,ES,,2017,unemployed_total,"Persons unemployed, total"
A,EC1010V,ES026C,2018,8775.0,e,,ES026C,ES,,2018,unemployed_total,"Persons unemployed, total"
A,EC1010V,ES026C,2019,7850.0,e,,ES026C,ES,,2019,unemployed_total,"Persons unemployed, total"
A,EC1010V,ES026C,2020,8987.0,e,,ES026C,ES,,2020,unemployed_total,"Persons unemployed, total"
A,EC1010V,ES026C,2021,7749.0,e,,ES026C,ES,,2021,unemployed_total,"Persons unemployed, total"
A,EC1010V,ES026C,2022,6366.0,e,,ES026C,ES,,2022,unemployed_total,"Persons unemployed, total"
A,EC1010V,ES026C,2023,7118.0,e,,ES026C,ES,,2023,unemployed_total,"Persons unemployed, total"
A,EC1010V,ES027C,2015,19505.0,,,ES027C,ES,,2015,unemployed_total,"Persons unemployed, total"
A,EC1010V,ES027C,2016,16641.0,,,ES027C,ES,,2016,unemployed_total,"Persons unemployed, total"
A,EC1010V,ES027C,2017,15728.0,e,,ES027C,ES,,2017,unemployed_total,"Persons unemployed, total"
A,EC1010V,ES027C,2018,13026.0,e,,ES027C,ES,,2018,unemployed_total,"Persons unemployed, total"
A,EC1010V,ES027C,2019,13978.0,e,,ES027C,ES,,2019,unemployed_total,"Persons unemployed, total"
A,EC1010V,ES027C,2020,12581.0,e,,ES027C,ES,,2020,unemployed_total,"Persons unemployed, total"
A,EC1010V,ES027C,2021,13322.0,e,,ES027C,ES,,2021,unemployed_total,"Persons unemployed, total"
A,EC1010V,ES027C,2022,11616.0,e,,ES027C,ES,,2022,unemployed_total,"Persons unemployed, total"
A,EC1010V,ES027C,2023,10198.0,e,,ES027C,ES,,2023,unemployed_total,"Persons unemployed, total"
A,EC1010V,ES028C,2015,8983.0,,,ES028C,ES,,2015,unemployed_total,"Persons unemployed, total"
A,EC1010V,ES028C,2016,8277.0,,,ES028C,ES,,2016,unemployed_total,"Persons unemployed, total"
A,EC1010V,ES028C,2017,7019.0,e,,ES028C,ES,,2017,unemployed_total,"Persons unemployed, total"
A,EC1010V,ES028C,2018,5192.0,e,,ES028C,ES,,2018,unemployed_total,"Persons unemployed, total"
A,EC1010V,ES028C,2019,4945.0,e,,ES028C,ES,,2019,unemployed_total,"Persons unemployed, total"
A,EC1010V,ES028C,2020,4804.0,e,,ES028C,ES,,2020,unemployed_total,"Persons unemployed, total"
A,EC1010V,ES028C,2021,4934.0,e,,ES028C,ES,,2021,unemployed_total,"Persons unemployed, total"
A,EC1010V,ES028C,2022,4756.0,e,,ES028C,ES,,2022,unemployed_total,"Persons unemployed, total"
A,EC1010V,ES028C,2023,4625.0,e,,ES028C,ES,,2023,unemployed_total,"Persons unemployed, total"
A,EC1010V,ES029C,2015,16359.0,,,ES029C,ES,,2015,unemployed_total,"Persons unemployed, total"
A,EC1010V,ES029C,2016,14556.0,,,ES029C,ES,,2016,unemployed_total,"Persons unemployed, total"
A,EC1010V,ES029C,2017,12415.0,e,,ES029C,ES,,2017,unemployed_total,"Persons unemployed, total"
A,EC1010V,ES029C,2018,11107.0,e,,ES029C,ES,,2018,unemployed_total,"Persons unemployed, total"
A,EC1010V,ES029C,2019,10494.0,e,,ES029C,ES,,2019,unemployed_total,"Persons unemployed, total"
A,EC1010V,ES029C,2020,9263.0,e,,ES029C,ES,,2020,unemployed_total,"Persons unemployed, total"
A,EC1010V,ES029C,2021,10676.0,e,,ES029C,ES,,2021,unemployed_total,"Persons unemployed, total"
A,EC1010V,ES029C,2022,9902.0,e,,ES029C,ES,,2022,unemployed_total,"Persons unemployed, total"
A,EC1010V,ES029C,2023,9639.0,e,,ES029C,ES,,2023,unemployed_total,"Persons unemployed, total"
A,EC1010V,ES030C,2015,10252.0,,,ES030C,ES,,2015,unemployed_total,"Persons unemployed, total"
A,EC1010V,ES030C,2016,8293.0,,,ES030C,ES,,2016,unemployed_total,"Persons unemployed, total"
A,EC1010V,ES030C,2017,7252.0,e,,ES030C,ES,,2017,unemployed_total,"Persons unemployed, total"
A,EC1010V,ES030C,2018,6091.0,e,,ES030C,ES,,2018,unemployed_total,"Persons unemployed, total"
A,EC1010V,ES030C,2019,5741.0,e,,ES030C,ES,,2019,unemployed_total,"Persons unemployed, total"
A,EC1010V,ES030C,2020,6877.0,e,,ES030C,ES,,2020,unemployed_total,"Persons unemployed, total"
A,EC1010V,ES030C,2021,7189.0,e,,ES030C,ES,,2021,unemployed_total,"Persons unemployed, total"
A,EC1010V,ES030C,2022,5256.0,e,,ES030C,ES,,2022,unemployed_total,"Persons unemployed, total"
A,EC1010V,ES030C,2023,6553.0,e,,ES030C,ES,,2023,unemployed_total,"Persons unemployed, total"
A,EC1010V,ES031C,2015,11607.0,,,ES031C,ES,,2015,unemployed_total,"Persons unemployed, total"
A,EC1010V,ES031C,2016,9860.0,,,ES031C,ES,,2016,unemployed_total,"Persons unemployed, total"
A,EC1010V,ES031C,2017,9946.0,e,,ES031C,ES,,2017,unemployed_total,"Persons unemployed, total"
A,EC1010V,ES031C,2018,9300.0,e,,ES031C,ES,,2018,unemployed_total,"Persons unemployed, total"
A,EC1010V,ES031C,2019,8943.0,e,,ES031C,ES,,2019,unemployed_total,"Persons unemployed, total"
A,EC1010V,ES031C,2020,8955.0,e,,ES031C,ES,,2020,unemployed_total,"Persons unemployed, total"
A,EC1010V,ES031C,2021,8363.0,e,,ES031C,ES,,2021,unemployed_total,"Persons unemployed, total"
A,EC1010V,ES031C,2022,7308.0,e,,ES031C,ES,,2022,unemployed_total,"Persons unemployed, total"
A,EC1010V,ES031C,2023,6805.0,e,,ES031C,ES,,2023,unemployed_total,"Persons unemployed, total"
A,EC1010V,ES032C,2015,10657.0,,,ES032C,ES,,2015,unemployed_total,"Persons unemployed, total"
A,EC1010V,ES032C,2016,9415.0,,,ES032C,ES,,2016,unemployed_total,"Persons unemployed, total"
A,EC1010V,ES032C,2017,8237.0,e,,ES032C,ES,,2017,unemployed_total,"Persons unemployed, total"
A,EC1010V,ES032C,2018,7178.0,e,,ES032C,ES,,2018,unemployed_total,"Persons unemployed, total"
A,EC1010V,ES032C,2019,6680.0,e,,ES032C,ES,,2019,unemployed_total,"Persons unemployed, total"
A,EC1010V,ES032C,2020,8390.0,e,,ES032C,ES,,2020,unemployed_total,"Persons unemployed, total"
A,EC1010V,ES032C,2021,9146.0,e,,ES032C,ES,,2021,unemployed_total,"Persons unemployed, total"
A,EC1010V,ES032C,2022,7125.0,e,,ES032C,ES,,2022,unemployed_total,"Persons unemployed, total"
A,EC1010V,ES032C,2023,7110.0,e,,ES032C,ES,,2023,unemployed_total,"Persons unemployed, total"
A,EC1010V,ES033C,2015,14594.0,,,ES033C,ES,,2015,unemployed_total,"Persons unemployed, total"
A,EC1010V,ES033C,2016,13069.0,,,ES033C,ES,,2016,unemployed_total,"Persons unemployed, total"
A,EC1010V,ES033C,2017,11198.0,e,,ES033C,ES,,2017,unemployed_total,"Persons unemployed, total"
A,EC1010V,ES033C,2018,10124.0,e,,ES033C,ES,,2018,unemployed_total,"Persons unemployed, total"
A,EC1010V,ES033C,2019,9263.0,e,,ES033C,ES,,2019,unemployed_total,"Persons unemployed, total"
A,EC1010V,ES033C,2020,8365.0,e,,ES033C,ES,,2020,unemployed_total,"Persons unemployed, total"
A,EC1010V,ES033C,2021,9644.0,e,,ES033C,ES,,2021,unemployed_total,"Persons unemployed, total"
A,EC1010V,ES033C,2022,8842.0,e,,ES033C,ES,,2022,unemployed_total,"Persons unemployed, total"
A,EC1010V,ES033C,2023,8525.0,e,,ES033C,ES,,2023,unemployed_total,"Persons unemployed, total"
A,EC1010V,ES034C,2015,7203.0,,,ES034C,ES,,2015,unemployed_total,"Persons unemployed, total"
A,EC1010V,ES034C,2016,6782.0,,,ES034C,ES,,2016,unemployed_total,"Persons unemployed, total"
A,EC1010V,ES034C,2017,5181.0,e,,ES034C,ES,,2017,unemployed_total,"Persons unemployed, total"
A,EC1010V,ES034C,2018,5108.0,e,,ES034C,ES,,2018,unemployed_total,"Persons unemployed, total"
A,EC1010V,ES034C,2019,5269.0,e,,ES034C,ES,,2019,unemployed_total,"Persons unemployed, total"
A,EC1010V,ES034C,2020,5191.0,e,,ES034C,ES,,2020,unemployed_total,"Persons unemployed, total"
A,EC1010V,ES034C,2021,4627.0,e,,ES034C,ES,,2021,unemployed_total,"Persons unemployed, total"
A,EC1010V,ES034C,2022,4716.0,e,,ES034C,ES,,2022,unemployed_total,"Persons unemployed, total"
A,EC1010V,ES034C,2023,4590.0,e,,ES034C,ES,,2023,unemployed_total,"Persons unemployed, total"
A,EC1010V,ES035C,2015,15265.0,,,ES035C,ES,,2015,unemployed_total,"Persons unemployed, total"
A,EC1010V,ES035C,2016,14067.0,,,ES035C,ES,,2016,unemployed_total,"Persons unemployed, total"
A,EC1010V,ES035C,2017,11756.0,e,,ES035C,ES,,2017,unemployed_total,"Persons unemployed, total"
A,EC1010V,ES035C,2018,10801.0,e,,ES035C,ES,,2018,unemployed_total,"Persons unemployed, total"
A,EC1010V,ES035C,2019,9569.0,e,,ES035C,ES,,2019,unemployed_total,"Persons unemployed, total"
A,EC1010V,ES035C,2020,10130.0,e,,ES035C,ES,,2020,unemployed_total,"Persons unemployed, total"
A,EC1010V,ES035C,2021,9758.0,e,,ES035C,ES,,2021,unemployed_total,"Persons unemployed, total"
A,EC1010V,ES035C,2022,8719.0,e,,ES035C,ES,,2022,unemployed_total,"Persons unemployed, total"
A,EC1010V,ES035C,2023,8387.0,e,,ES035C,ES,,2023,unemployed_total,"Persons unemployed, total"
A,EC1010V,ES036C,2015,8532.0,,,ES036C,ES,,2015,unemployed_total,"Persons unemployed, total"
A,EC1010V,ES036C,2016,6294.0,,,ES036C,ES,,2016,unemployed_total,"Persons unemployed, total"
A,EC1010V,ES036C,2017,5553.0,e,,ES036C,ES,,2017,unemployed_total,"Persons unemployed, total"
A,EC1010V,ES036C,2018,4852.0,e,,ES036C,ES,,2018,unemployed_total,"Persons unemployed, total"
A,EC1010V,ES036C,2019,4119.0,e,,ES036C,ES,,2019,unemployed_total,"Persons unemployed, total"
A,EC1010V,ES036C,2020,4562.0,e,,ES036C,ES,,2020,unemployed_total,"Persons unemployed, total"
A,EC1010V,ES036C,2021,3863.0,e,,ES036C,ES,,2021,unemployed_total,"Persons unemployed, total"
A,EC1010V,ES036C,2022,3717.0,e,,ES036C,ES,,2022,unemployed_total,"Persons unemployed, total"
A,EC1010V,ES036C,2023,3678.0,e,,ES036C,ES,,2023,unemployed_total,"Persons unemployed, total"
A,EC1010V,ES037C,2015,7151.0,,,ES037C,ES,,2015,unemployed_total,"Persons unemployed, total"
A,EC1010V,ES037C,2016,6426.0,,,ES037C,ES,,2016,unemployed_total,"Persons unemployed, total"
A,EC1010V,ES037C,2017,5922.0,e,,ES037C,ES,,2017,unemployed_total,"Persons unemployed, total"
A,EC1010V,ES037C,2018,5133.0,e,,ES037C,ES,,2018,unemployed_total,"Persons unemployed, total"
A,EC1010V,ES037C,2019,4185.0,e,,ES037C,ES,,2019,unemployed_total,"Persons unemployed, total"
A,EC1010V,ES037C,2020,4385.0,e,,ES037C,ES,,2020,unemployed_total,"Persons unemployed, total"
A,EC1010V,ES037C,2021,4303.0,e,,ES037C,ES,,2021,unemployed_total,"Persons unemployed, total"
A,EC1010V,ES037C,2022,4123.0,e,,ES037C,ES,,2022,unemployed_total,"Persons unemployed, total"
A,EC1010V,ES037C,2023,3827.0,e,,ES037C,ES,,2023,unemployed_total,"Persons unemployed, total"
A,EC1010V,ES038C,2015,8236.0,,,ES038C,ES,,2015,unemployed_total,"Persons unemployed, total"
A,EC1010V,ES038C,2016,7038.0,,,ES038C,ES,,2016,unemployed_total,"Persons unemployed, total"
A,EC1010V,ES038C,2017,6636.0,e,,ES038C,ES,,2017,unemployed_total,"Persons unemployed, total"
A,EC1010V,ES038C,2018,5999.0,e,,ES038C,ES,,2018,unemployed_total,"Persons unemployed, total"
A,EC1010V,ES038C,2019,5373.0,e,,ES038C,ES,,2019,unemployed_total,"Persons unemployed, total"
A,EC1010V,ES038C,2020,5279.0,e,,ES038C,ES,,2020,unemployed_total,"Persons unemployed, total"
A,EC1010V,ES038C,2021,5073.0,e,,ES038C,ES,,2021,unemployed_total,"Persons unemployed, total"
A,EC1010V,ES038C,2022,4827.0,e,,ES038C,ES,,2022,unemployed_total,"Persons unemployed, total"
A,EC1010V,ES038C,2023,4344.0,e,,ES038C,ES,,2023,unemployed_total,"Persons unemployed, total"
A,EC1010V,ES039C,2015,10267.0,,,ES039C,ES,,2015,unemployed_total,"Persons unemployed, total"
A,EC1010V,ES039C,2016,9276.0,,,ES039C,ES,,2016,unemployed_total,"Persons unemployed, total"
A,EC1010V,ES039C,2017,8176.0,e,,ES039C,ES,,2017,unemployed_total,"Persons unemployed, total"
A,EC1010V,ES039C,2018,11206.0,e,,ES039C,ES,,2018,unemployed_total,"Persons unemployed, total"
A,EC1010V,ES039C,2019,9857.0,e,,ES039C,ES,,2019,unemployed_total,"Persons unemployed, total"
A,EC1010V,ES039C,2020,9092.0,e,,ES039C,ES,,2020,unemployed_total,"Persons unemployed, total"
A,EC1010V,ES039C,2021,9674.0,e,,ES039C,ES,,2021,unemployed_total,"Persons unemployed, total"
A,EC1010V,ES039C,2022,11493.0,e,,ES039C,ES,,2022,unemployed_total,"Persons unemployed, total"
A,EC1010V,ES039C,2023,11950.0,e,,ES039C,ES,,2023,unemployed_total,"Persons unemployed, total"
A,EC1010V,ES040C,2015,9568.0,,,ES040C,ES,,2015,unemployed_total,"Persons unemployed, total"
A,EC1010V,ES040C,2016,9319.0,,,ES040C,ES,,2016,unemployed_total,"Persons unemployed, total"
A,EC1010V,ES040C,2017,8395.0,e,,ES040C,ES,,2017,unemployed_total,"Persons unemployed, total"
A,EC1010V,ES040C,2018,6975.0,e,,ES040C,ES,,2018,unemployed_total,"Persons unemployed, total"
A,EC1010V,ES040C,2019,6250.0,e,,ES040C,ES,,2019,unemployed_total,"Persons unemployed, total"
A,EC1010V,ES040C,2020,6861.0,e,,ES040C,ES,,2020,unemployed_total,"Persons unemployed, total"
A,EC1010V,ES040C,2021,6740.0,e,,ES040C,ES,,2021,unemployed_total,"Persons unemployed, total"
A,EC1010V,ES040C,2022,5762.0,e,,ES040C,ES,,2022,unemployed_total,"Persons unemployed, total"
A,EC1010V,ES040C,2023,5761.0,e,,ES040C,ES,,2023,unemployed_total,"Persons unemployed, total"
A,EC1010V,ES041C,2015,8826.0,,,ES041C,ES,,2015,unemployed_total,"Persons unemployed, total"
A,EC1010V,ES041C,2016,8263.0,,,ES041C,ES,,2016,unemployed_total,"Persons unemployed, total"
A,EC1010V,ES041C,2017,6283.0,e,,ES041C,ES,,2017,unemployed_total,"Persons unemployed, total"
A,EC1010V,ES041C,2018,5394.0,e,,ES041C,ES,,2018,unemployed_total,"Persons unemployed, total"
A,EC1010V,ES041C,2019,5738.0,e,,ES041C,ES,,2019,unemployed_total,"Persons unemployed, total"
A,EC1010V,ES041C,2020,6556.0,e,,ES041C,ES,,2020,unemployed_total,"Persons unemployed, total"
A,EC1010V,ES041C,2021,5391.0,e,,ES041C,ES,,2021,unemployed_total,"Persons unemployed, total"
A,EC1010V,ES041C,2022,4844.0,e,,ES041C,ES,,2022,unemployed_total,"Persons unemployed, total"
A,EC1010V,ES041C,2023,4563.0,e,,ES041C,ES,,2023,unemployed_total,"Persons unemployed, total"
A,EC1010V,ES042C,2015,8315.0,,,ES042C,ES,,2015,unemployed_total,"Persons unemployed, total"
A,EC1010V,ES042C,2016,7101.0,,,ES042C,ES,,2016,unemployed_total,"Persons unemployed, total"
A,EC1010V,ES042C,2017,6056.0,e,,ES042C,ES,,2017,unemployed_total,"Persons unemployed, total"
A,EC1010V,ES042C,2018,5381.0,e,,ES042C,ES,,2018,unemployed_total,"Persons unemployed, total"
A,EC1010V,ES042C,2019,5685.0,e,,ES042C,ES,,2019,unemployed_total,"Persons unemployed, total"
A,EC1010V,ES042C,2020,6082.0,e,,ES042C,ES,,2020,unemployed_total,"Persons unemployed, total"
A,EC1010V,ES042C,2021,5846.0,e,,ES042C,ES,,2021,unemployed_total,"Persons unemployed, total"
A,EC1010V,ES042C,2022,5444.0,e,,ES042C,ES,,2022,unemployed_total,"Persons unemployed, total"
A,EC1010V,ES042C,2023,5267.0,e,,ES042C,ES,,2023,unemployed_total,"Persons unemployed, total"
A,EC1010V,ES043C,2015,9316.0,,,ES043C,ES,,2015,unemployed_total,"Persons unemployed, total"
A,EC1010V,ES043C,2016,7895.0,,,ES043C,ES,,2016,unemployed_total,"Persons unemployed, total"
A,EC1010V,ES043C,2017,7616.0,e,,ES043C,ES,,2017,unemployed_total,"Persons unemployed, total"
A,EC1010V,ES043C,2018,6200.0,e,,ES043C,ES,,2018,unemployed_total,"Persons unemployed, total"
A,EC1010V,ES043C,2019,5755.0,e,,ES043C,ES,,2019,unemployed_total,"Persons unemployed, total"
A,EC1010V,ES043C,2020,5490.0,e,,ES043C,ES,,2020,unemployed_total,"Persons unemployed, total"
A,EC1010V,ES043C,2021,5635.0,e,,ES043C,ES,,2021,unemployed_total,"Persons unemployed, total"
A,EC1010V,ES043C,2022,5865.0,e,,ES043C,ES,,2022,unemployed_total,"Persons unemployed, total"
A,EC1010V,ES043C,2023,5373.0,e,,ES043C,ES,,2023,unemployed_total,"Persons unemployed, total"
A,EC1010V,ES044C,2015,7064.0,,,ES044C,ES,,2015,unemployed_total,"Persons unemployed, total"
A,EC1010V,ES044C,2016,6240.0,,,ES044C,ES,,2016,unemployed_total,"Persons unemployed, total"
A,EC1010V,ES044C,2017,5386.0,e,,ES044C,ES,,2017,unemployed_total,"Persons unemployed, total"
A,EC1010V,ES044C,2018,4810.0,e,,ES044C,ES,,2018,unemployed_total,"Persons unemployed, total"
A,EC1010V,ES044C,2019,4612.0,e,,ES044C,ES,,2019,unemployed_total,"Persons unemployed, total"
A,EC1010V,ES044C,2020,6950.0,e,,ES044C,ES,,2020,unemployed_total,"Persons unemployed, total"
A,EC1010V,ES044C,2021,7151.0,e,,ES044C,ES,,2021,unemployed_total,"Persons unemployed, total"
A,EC1010V,ES044C,2022,4424.0,e,,ES044C,ES,,2022,unemployed_total,"Persons unemployed, total"
A,EC1010V,ES044C,2023,3666.0,e,,ES044C,ES,,2023,unemployed_total,"Persons unemployed, total"
A,EC1010V,ES045C,2015,12077.0,,,ES045C,ES,,2015,unemployed_total,"Persons unemployed, total"
A,EC1010V,ES045C,2016,11180.0,,,ES045C,ES,,2016,unemployed_total,"Persons unemployed, total"
A,EC1010V,ES045C,2017,10261.0,e,,ES045C,ES,,2017,unemployed_total,"Persons unemployed, total"
A,EC1010V,ES045C,2018,10138.0,e,,ES045C,ES,,2018,unemployed_total,"Persons unemployed, total"
A,EC1010V,ES045C,2019,10251.0,e,,ES045C,ES,,2019,unemployed_total,"Persons unemployed, total"
A,EC1010V,ES045C,2020,9251.0,e,,ES045C,ES,,2020,unemployed_total,"Persons unemployed, total"
A,EC1010V,ES045C,2021,7897.0,e,,ES045C,ES,,2021,unemployed_total,"Persons unemployed, total"
A,EC1010V,ES045C,2022,8273.0,e,,ES045C,ES,,2022,unemployed_total,"Persons unemployed, total"
A,EC1010V,ES045C,2023,9753.0,e,,ES045C,ES,,2023,unemployed_total,"Persons unemployed, total"
A,EC1010V,ES046C,2015,7741.0,,,ES046C,ES,,2015,unemployed_total,"Persons unemployed, total"
A,EC1010V,ES046C,2016,6876.0,,,ES046C,ES,,2016,unemployed_total,"Persons unemployed, total"
A,EC1010V,ES046C,2017,5867.0,e,,ES046C,ES,,2017,unemployed_total,"Persons unemployed, total"
A,EC1010V,ES046C,2018,4226.0,e,,ES046C,ES,,2018,unemployed_total,"Persons unemployed, total"
A,EC1010V,ES046C,2019,4586.0,e,,ES046C,ES,,2019,unemployed_total,"Persons unemployed, total"
A,EC1010V,ES046C,2020,4991.0,e,,ES046C,ES,,2020,unemployed_total,"Persons unemployed, total"
A,EC1010V,ES046C,2021,4569.0,e,,ES046C,ES,,2021,unemployed_total,"Persons unemployed, total"
A,EC1010V,ES046C,2022,3637.0,e,,ES046C,ES,,2022,unemployed_total,"Persons unemployed, total"
A,EC1010V,ES046C,2023,3491.0,e,,ES046C,ES,,2023,unemployed_total,"Persons unemployed, total"
A,EC1010V,ES047C,2015,7181.0,,,ES047C,ES,,2015,unemployed_total,"Persons unemployed, total"
A,EC1010V,ES047C,2016,6172.0,,,ES047C,ES,,2016,unemployed_total,"Persons unemployed, total"
A,EC1010V,ES047C,2017,5405.0,e,,ES047C,ES,,2017,unemployed_total,"Persons unemployed, total"
A,EC1010V,ES047C,2018,5497.0,e,,ES047C,ES,,2018,unemployed_total,"Persons unemployed, total"
A,EC1010V,ES047C,2019,4344.0,e,,ES047C,ES,,2019,unemployed_total,"Persons unemployed, total"
A,EC1010V,ES047C,2020,4008.0,e,,ES047C,ES,,2020,unemployed_total,"Persons unemployed, total"
A,EC1010V,ES047C,2021,3481.0,e,,ES047C,ES,,2021,unemployed_total,"Persons unemployed, total"
A,EC1010V,ES047C,2022,3821.0,e,,ES047C,ES,,2022,unemployed_total,"Persons unemployed, total"
A,EC1010V,ES047C,2023,4295.0,e,,ES047C,ES,,2023,unemployed_total,"Persons unemployed, total"
A,EC1010V,ES048C,2015,10649.0,,,ES048C,ES,,2015,unemployed_total,"Persons unemployed, total"
A,EC1010V,ES048C,2016,8563.0,,,ES048C,ES,,2016,unemployed_total,"Persons unemployed, total"
A,EC1010V,ES048C,2017,7176.0,e,,ES048C,ES,,2017,unemployed_total,"Persons unemployed, total"
A,EC1010V,ES048C,2018,6419.0,e,,ES048C,ES,,2018,unemployed_total,"Persons unemployed, total"
A,EC1010V,ES048C,2019,6516.0,e,,ES048C,ES,,2019,unemployed_total,"Persons unemployed, total"
A,EC1010V,ES048C,2020,7908.0,e,,ES048C,ES,,2020,unemployed_total,"Persons unemployed, total"
A,EC1010V,ES048C,2021,8333.0,e,,ES048C,ES,,2021,unemployed_total,"Persons unemployed, total"
A,EC1010V,ES048C,2022,6595.0,e,,ES048C,ES,,2022,unemployed_total,"Persons unemployed, total"
A,EC1010V,ES048C,2023,6563.0,e,,ES048C,ES,,2023,unemployed_total,"Persons unemployed, total"
A,EC1010V,ES049C,2015,14025.0,,,ES049C,ES,,2015,unemployed_total,"Persons unemployed, total"
A,EC1010V,ES049C,2016,12449.0,,,ES049C,ES,,2016,unemployed_total,"Persons unemployed, total"
A,EC1010V,ES049C,2017,10673.0,e,,ES049C,ES,,2017,unemployed_total,"Persons unemployed, total"
A,EC1010V,ES049C,2018,9346.0,e,,ES049C,ES,,2018,unemployed_total,"Persons unemployed, total"
A,EC1010V,ES049C,2019,8283.0,e,,ES049C,ES,,2019,unemployed_total,"Persons unemployed, total"
A,EC1010V,ES049C,2020,7325.0,e,,ES049C,ES,,2020,unemployed_total,"Persons unemployed, total"
A,EC1010V,ES049C,2021,8359.0,e,,ES049C,ES,,2021,unemployed_total,"Persons unemployed, total"
A,EC1010V,ES049C,2022,7793.0,e,,ES049C,ES,,2022,unemployed_total,"Persons unemployed, total"
A,EC1010V,ES049C,2023,7433.0,e,,ES049C,ES,,2023,unemployed_total,"Persons unemployed, total"
A,EC1010V,ES050C,2015,7330.0,,,ES050C,ES,,2015,unemployed_total,"Persons unemployed, total"
A,EC1010V,ES050C,2016,6003.0,,,ES050C,ES,,2016,unemployed_total,"Persons unemployed, total"
A,EC1010V,ES050C,2017,5154.0,e,,ES050C,ES,,2017,unemployed_total,"Persons unemployed, total"
A,EC1010V,ES050C,2018,4291.0,e,,ES050C,ES,,2018,unemployed_total,"Persons unemployed, total"
A,EC1010V,ES050C,2019,4386.0,e,,ES050C,ES,,2019,unemployed_total,"Persons unemployed, total"
A,EC1010V,ES050C,2020,4889.0,e,,ES050C,ES,,2020,unemployed_total,"Persons unemployed, total"
A,EC1010V,ES050C,2021,4382.0,e,,ES050C,ES,,2021,unemployed_total,"Persons unemployed, total"
A,EC1010V,ES050C,2022,4049.0,e,,ES050C,ES,,2022,unemployed_total,"Persons unemployed, total"
A,EC1010V,ES050C,2023,3960.0,e,,ES050C,ES,,2023,unemployed_total,"Persons unemployed, total"
A,EC1010V,ES051C,2015,12062.0,,,ES051C,ES,,2015,unemployed_total,"Persons unemployed, total"
A,EC1010V,ES051C,2016,10502.0,,,ES051C,ES,,2016,unemployed_total,"Persons unemployed, total"
A,EC1010V,ES051C,2017,9394.0,e,,ES051C,ES,,2017,unemployed_total,"Persons unemployed, total"
A,EC1010V,ES051C,2018,8710.0,e,,ES051C,ES,,2018,unemployed_total,"Persons unemployed, total"
A,EC1010V,ES051C,2019,8115.0,e,,ES051C,ES,,2019,unemployed_total,"Persons unemployed, total"
A,EC1010V,ES051C,2020,7558.0,e,,ES051C,ES,,2020,unemployed_total,"Persons unemployed, total"
A,EC1010V,ES051C,2021,9277.0,e,,ES051C,ES,,2021,unemployed_total,"Persons unemployed, total"
A,EC1010V,ES051C,2022,8920.0,e,,ES051C,ES,,2022,unemployed_total,"Persons unemployed, total"
A,EC1010V,ES051C,2023,9278.0,e,,ES051C,ES,,2023,unemployed_total,"Persons unemployed, total"
A,EC1010V,ES052C,2015,10146.0,,,ES052C,ES,,2015,unemployed_total,"Persons unemployed, total"
A,EC1010V,ES052C,2016,8352.0,,,ES052C,ES,,2016,unemployed_total,"Persons unemployed, total"
A,EC1010V,ES052C,2017,7219.0,e,,ES052C,ES,,2017,unemployed_total,"Persons unemployed, total"
A,EC1010V,ES052C,2018,6609.0,e,,ES052C,ES,,2018,unemployed_total,"Persons unemployed, total"
A,EC1010V,ES052C,2019,6726.0,e,,ES052C,ES,,2019,unemployed_total,"Persons unemployed, total"
A,EC1010V,ES052C,2020,7979.0,e,,ES052C,ES,,2020,unemployed_total,"Persons unemployed, total"
A,EC1010V,ES052C,2021,8222.0,e,,ES052C,ES,,2021,unemployed_total,"Persons unemployed, total"
A,EC1010V,ES052C,2022,6685.0,e,,ES052C,ES,,2022,unemployed_total,"Persons unemployed, total"
A,EC1010V,ES052C,2023,6610.0,e,,ES052C,ES,,2023,unemployed_total,"Persons unemployed, total"
A,EC1010V,ES053C,2015,4670.0,,,ES053C,ES,,2015,unemployed_total,"Persons unemployed, total"
A,EC1010V,ES053C,2016,3807.0,,,ES053C,ES,,2016,unemployed_total,"Persons unemployed, total"
A,EC1010V,ES053C,2017,3219.0,e,,ES053C,ES,,2017,unemployed_total,"Persons unemployed, total"
A,EC1010V,ES053C,2018,2815.0,e,,ES053C,ES,,2018,unemployed_total,"Persons unemployed, total"
A,EC1010V,ES053C,2019,2713.0,e,,ES053C,ES,,2019,unemployed_total,"Persons unemployed, total"
A,EC1010V,ES053C,2020,2848.0,e,,ES053C,ES,,2020,unemployed_total,"Persons unemployed, total"
A,EC1010V,ES053C,2021,3093.0,e,,ES053C,ES,,2021,unemployed_total,"Persons unemployed, total"
A,EC1010V,ES053C,2022,2666.0,e,,ES053C,ES,,2022,unemployed_total,"Persons unemployed, total"
A,EC1010V,ES053C,2023,2857.0,e,,ES053C,ES,,2023,unemployed_total,"Persons unemployed, total"
A,EC1010V,ES054C,2015,6621.0,,,ES054C,ES,,2015,unemployed_total,"Persons unemployed, total"
A,EC1010V,ES054C,2016,5564.0,,,ES054C,ES,,2016,unemployed_total,"Persons unemployed, total"
A,EC1010V,ES054C,2017,4560.0,e,,ES054C,ES,,2017,unemployed_total,"Persons unemployed, total"
A,EC1010V,ES054C,2018,3757.0,e,,ES054C,ES,,2018,unemployed_total,"Persons unemployed, total"
A,EC1010V,ES054C,2019,3904.0,e,,ES054C,ES,,2019,unemployed_total,"Persons unemployed, total"
A,EC1010V,ES054C,2020,4346.0,e,,ES054C,ES,,2020,unemployed_total,"Persons unemployed, total"
A,EC1010V,ES054C,2021,4039.0,e,,ES054C,ES,,2021,unemployed_total,"Persons unemployed, total"
A,EC1010V,ES054C,2022,3531.0,e,,ES054C,ES,,2022,unemployed_total,"Persons unemployed, total"
A,EC1010V,ES054C,2023,3474.0,e,,ES054C,ES,,2023,unemployed_total,"Persons unemployed, total"
A,EC1010V,ES055C,2015,9463.0,,,ES055C,ES,,2015,unemployed_total,"Persons unemployed, total"
A,EC1010V,ES055C,2016,7962.0,,,ES055C,ES,,2016,unemployed_total,"Persons unemployed, total"
A,EC1010V,ES055C,2017,7433.0,e,,ES055C,ES,,2017,unemployed_total,"Persons unemployed, total"
A,EC1010V,ES055C,2018,6380.0,e,,ES055C,ES,,2018,unemployed_total,"Persons unemployed, total"
A,EC1010V,ES055C,2019,7059.0,e,,ES055C,ES,,2019,unemployed_total,"Persons unemployed, total"
A,EC1010V,ES055C,2020,7889.0,e,,ES055C,ES,,2020,unemployed_total,"Persons unemployed, total"
A,EC1010V,ES055C,2021,8652.0,e,,ES055C,ES,,2021,unemployed_total,"Persons unemployed, total"
A,EC1010V,ES055C,2022,5466.0,e,,ES055C,ES,,2022,unemployed_total,"Persons unemployed, total"
A,EC1010V,ES055C,2023,4366.0,e,,ES055C,ES,,2023,unemployed_total,"Persons unemployed, total"
A,EC1010V,ES056C,2015,13596.0,,,ES056C,ES,,2015,unemployed_total,"Persons unemployed, total"
A,EC1010V,ES056C,2016,23659.0,,,ES056C,ES,,2016,unemployed_total,"Persons unemployed, total"
A,EC1010V,ES056C,2017,10245.0,e,,ES056C,ES,,2017,unemployed_total,"Persons unemployed, total"
A,EC1010V,ES056C,2018,9097.0,e,,ES056C,ES,,2018,unemployed_total,"Persons unemployed, total"
A,EC1010V,ES056C,2019,8488.0,e,,ES056C,ES,,2019,unemployed_total,"Persons unemployed, total"
A,EC1010V,ES056C,2020,9304.0,e,,ES056C,ES,,2020,unemployed_total,"Persons unemployed, total"
A,EC1010V,ES056C,2021,9537.0,e,,ES056C,ES,,2021,unemployed_total,"Persons unemployed, total"
A,EC1010V,ES056C,2022,8027.0,e,,ES056C,ES,,2022,unemployed_total,"Persons unemployed, total"
A,EC1010V,ES056C,2023,7542.0,e,,ES056C,ES,,2023,unemployed_total,"Persons unemployed, total"
A,EC1010V,ES057C,2015,12957.0,,,ES057C,ES,,2015,unemployed_total,"Persons unemployed, total"
A,EC1010V,ES057C,2016,10938.0,,,ES057C,ES,,2016,unemployed_total,"Persons unemployed, total"
A,EC1010V,ES057C,2017,10512.0,e,,ES057C,ES,,2017,unemployed_total,"Persons unemployed, total"
A,EC1010V,ES057C,2018,9004.0,e,,ES057C,ES,,2018,unemployed_total,"Persons unemployed, total"
A,EC1010V,ES057C,2019,10054.0,e,,ES057C,ES,,2019,unemployed_total,"Persons unemployed, total"
A,EC1010V,ES057C,2020,9706.0,e,,ES057C,ES,,2020,unemployed_total,"Persons unemployed, total"
A,EC1010V,ES057C,2021,10413.0,e,,ES057C,ES,,2021,unemployed_total,"Persons unemployed, total"
A,EC1010V,ES057C,2022,7920.0,e,,ES057C,ES,,2022,unemployed_total,"Persons unemployed, total"
A,EC1010V,ES057C,2023,6595.0,e,,ES057C,ES,,2023,unemployed_total,"Persons unemployed, total"
A,EC1010V,ES058C,2015,6404.0,,,ES058C,ES,,2015,unemployed_total,"Persons unemployed, total"
A,EC1010V,ES058C,2016,5351.0,,,ES058C,ES,,2016,unemployed_total,"Persons unemployed, total"
A,EC1010V,ES058C,2017,4495.0,e,,ES058C,ES,,2017,unemployed_total,"Persons unemployed, total"
A,EC1010V,ES058C,2018,3590.0,e,,ES058C,ES,,2018,unemployed_total,"Persons unemployed, total"
A,EC1010V,ES058C,2019,3581.0,e,,ES058C,ES,,2019,unemployed_total,"Persons unemployed, total"
A,EC1010V,ES058C,2020,3853.0,e,,ES058C,ES,,2020,unemployed_total,"Persons unemployed, total"
A,EC1010V,ES058C,2021,3423.0,e,,ES058C,ES,,2021,unemployed_total,"Persons unemployed, total"
A,EC1010V,ES058C,2022,3174.0,e,,ES058C,ES,,2022,unemployed_total,"Persons unemployed, total"
A,EC1010V,ES058C,2023,2999.0,e,,ES058C,ES,,2023,unemployed_total,"Persons unemployed, total"
A,EC1010V,ES059C,2015,56176.0,,,ES059C,ES,,2015,unemployed_total,"Persons unemployed, total"
A,EC1010V,ES059C,2016,61893.0,,,ES059C,ES,,2016,unemployed_total,"Persons unemployed, total"
A,EC1010V,ES059C,2017,53188.0,e,,ES059C,ES,,2017,unemployed_total,"Persons unemployed, total"
A,EC1010V,ES059C,2018,49060.0,e,,ES059C,ES,,2018,unemployed_total,"Persons unemployed, total"
A,EC1010V,ES059C,2019,45373.0,e,,ES059C,ES,,2019,unemployed_total,"Persons unemployed, total"
A,EC1010V,ES059C,2020,47446.0,e,,ES059C,ES,,2020,unemployed_total,"Persons unemployed, total"
A,EC1010V,ES059C,2021,46748.0,e,,ES059C,ES,,2021,unemployed_total,"Persons unemployed, total"
A,EC1010V,ES059C,2022,43347.0,e,,ES059C,ES,,2022,unemployed_total,"Persons unemployed, total"
A,EC1010V,ES059C,2023,44683.0,e,,ES059C,ES,,2023,unemployed_total,"Persons unemployed, total"
A,EC1010V,ES060C,2015,33138.0,,,ES060C,ES,,2015,unemployed_total,"Persons unemployed, total"
A,EC1010V,ES060C,2016,29225.0,,,ES060C,ES,,2016,unemployed_total,"Persons unemployed, total"
A,EC1010V,ES060C,2017,25549.0,e,,ES060C,ES,,2017,unemployed_total,"Persons unemployed, total"
A,EC1010V,ES060C,2018,22404.0,e,,ES060C,ES,,2018,unemployed_total,"Persons unemployed, total"
A,EC1010V,ES060C,2019,21162.0,e,,ES060C,ES,,2019,unemployed_total,"Persons unemployed, total"
A,EC1010V,ES060C,2020,24041.0,e,,ES060C,ES,,2020,unemployed_total,"Persons unemployed, total"
A,EC1010V,ES060C,2021,24304.0,e,,ES060C,ES,,2021,unemployed_total,"Persons unemployed, total"
A,EC1010V,ES060C,2022,20082.0,e,,ES060C,ES,,2022,unemployed_total,"Persons unemployed, total"
A,EC1010V,ES060C,2023,19019.0,e,,ES060C,ES,,2023,unemployed_total,"Persons unemployed, total"
A,EC1010V,ES061C,2015,27292.0,,,ES061C,ES,,2015,unemployed_total,"Persons unemployed, total"
A,EC1010V,ES061C,2016,21968.0,,,ES061C,ES,,2016,unemployed_total,"Persons unemployed, total"
A,EC1010V,ES061C,2017,20830.0,e,,ES061C,ES,,2017,unemployed_total,"Persons unemployed, total"
A,EC1010V,ES061C,2018,19205.0,e,,ES061C,ES,,2018,unemployed_total,"Persons unemployed, total"
A,EC1010V,ES061C,2019,17175.0,e,,ES061C,ES,,2019,unemployed_total,"Persons unemployed, total"
A,EC1010V,ES061C,2020,19338.0,e,,ES061C,ES,,2020,unemployed_total,"Persons unemployed, total"
A,EC1010V,ES061C,2021,17542.0,e,,ES061C,ES,,2021,unemployed_total,"Persons unemployed, total"
A,EC1010V,ES061C,2022,16583.0,e,,ES061C,ES,,2022,unemployed_total,"Persons unemployed, total"
A,EC1010V,ES061C,2023,16133.0,e,,ES061C,ES,,2023,unemployed_total,"Persons unemployed, total"
A,EC1010V,ES062C,2015,40162.0,,,ES062C,ES,,2015,unemployed_total,"Persons unemployed, total"
A,EC1010V,ES062C,2016,36293.0,,,ES062C,ES,,2016,unemployed_total,"Persons unemployed, total"
A,EC1010V,ES062C,2017,31594.0,e,,ES062C,ES,,2017,unemployed_total,"Persons unemployed, total"
A,EC1010V,ES062C,2018,28221.0,e,,ES062C,ES,,2018,unemployed_total,"Persons unemployed, total"
A,EC1010V,ES062C,2019,25809.0,e,,ES062C,ES,,2019,unemployed_total,"Persons unemployed, total"
A,EC1010V,ES062C,2020,22708.0,e,,ES062C,ES,,2020,unemployed_total,"Persons unemployed, total"
A,EC1010V,ES062C,2021,26322.0,e,,ES062C,ES,,2021,unemployed_total,"Persons unemployed, total"
A,EC1010V,ES062C,2022,24246.0,e,,ES062C,ES,,2022,unemployed_total,"Persons unemployed, total"
A,EC1010V,ES062C,2023,23631.0,e,,ES062C,ES,,2023,unemployed_total,"Persons unemployed, total"
A,EC1010V,ES063C,2015,9809.0,,,ES063C,ES,,2015,unemployed_total,"Persons unemployed, total"
A,EC1010V,ES063C,2016,8018.0,,,ES063C,ES,,2016,unemployed_total,"Persons unemployed, total"
A,EC1010V,ES063C,2017,7031.0,e,,ES063C,ES,,2017,unemployed_total,"Persons unemployed, total"
A,EC1010V,ES063C,2018,6299.0,e,,ES063C,ES,,2018,unemployed_total,"Persons unemployed, total"
A,EC1010V,ES063C,2019,5840.0,e,,ES063C,ES,,2019,unemployed_total,"Persons unemployed, total"
A,EC1010V,ES063C,2020,6176.0,e,,ES063C,ES,,2020,unemployed_total,"Persons unemployed, total"
A,EC1010V,ES063C,2021,6820.0,e,,ES063C,ES,,2021,unemployed_total,"Persons unemployed, total"
A,EC1010V,ES063C,2022,5599.0,e,,ES063C,ES,,2022,unemployed_total,"Persons unemployed, total"
A,EC1010V,ES063C,2023,5922.0,e,,ES063C,ES,,2023,unemployed_total,"Persons unemployed, total"
A,EC1010V,ES064C,2015,21936.0,,,ES064C,ES,,2015,unemployed_total,"Persons unemployed, total"
A,EC1010V,ES064C,2016,19713.0,,,ES064C,ES,,2016,unemployed_total,"Persons unemployed, total"
A,EC1010V,ES064C,2017,16783.0,e,,ES064C,ES,,2017,unemployed_total,"Persons unemployed, total"
A,EC1010V,ES064C,2018,14749.0,e,,ES064C,ES,,2018,unemployed_total,"Persons unemployed, total"
A,EC1010V,ES064C,2019,12995.0,e,,ES064C,ES,,2019,unemployed_total,"Persons unemployed, total"
A,EC1010V,ES064C,2020,14393.0,e,,ES064C,ES,,2020,unemployed_total,"Persons unemployed, total"
A,EC1010V,ES064C,2021,14475.0,e,,ES064C,ES,,2021,unemployed_total,"Persons unemployed, total"
A,EC1010V,ES064C,2022,14310.0,e,,ES064C,ES,,2022,unemployed_total,"Persons unemployed, total"
A,EC1010V,ES064C,2023,12725.0,e,,ES064C,ES,,2023,unemployed_total,"Persons unemployed, total"
A,EC1010V,ES065C,2015,31169.0,,,ES065C,ES,,2015,unemployed_total,"Persons unemployed, total"
A,EC1010V,ES065C,2016,25951.0,,,ES065C,ES,,2016,unemployed_total,"Persons unemployed, total"
A,EC1010V,ES065C,2017,27459.0,e,,ES065C,ES,,2017,unemployed_total,"Persons unemployed, total"
A,EC1010V,ES065C,2018,24528.0,e,,ES065C,ES,,2018,unemployed_total,"Persons unemployed, total"
A,EC1010V,ES065C,2019,19281.0,e,,ES065C,ES,,2019,unemployed_total,"Persons unemployed, total"
A,EC1010V,ES065C,2020,24016.0,e,,ES065C,ES,,2020,unemployed_total,"Persons unemployed, total"
A,EC1010V,ES065C,2021,22076.0,e,,ES065C,ES,,2021,unemployed_total,"Persons unemployed, total"
A,EC1010V,ES065C,2022,19862.0,e,,ES065C,ES,,2022,unemployed_total,"Persons unemployed, total"
A,EC1010V,ES065C,2023,20740.0,e,,ES065C,ES,,2023,unemployed_total,"Persons unemployed, total"
A,EC1010V,ES066C,2015,16122.0,,,ES066C,ES,,2015,unemployed_total,"Persons unemployed, total"
A,EC1010V,ES066C,2016,10837.0,,,ES066C,ES,,2016,unemployed_total,"Persons unemployed, total"
A,EC1010V,ES066C,2017,9289.0,e,,ES066C,ES,,2017,unemployed_total,"Persons unemployed, total"
A,EC1010V,ES066C,2018,9249.0,e,,ES066C,ES,,2018,unemployed_total,"Persons unemployed, total"
A,EC1010V,ES066C,2019,8827.0,e,,ES066C,ES,,2019,unemployed_total,"Persons unemployed, total"
A,EC1010V,ES066C,2020,9909.0,e,,ES066C,ES,,2020,unemployed_total,"Persons unemployed, total"
A,EC1010V,ES066C,2021,8699.0,e,,ES066C,ES,,2021,unemployed_total,"Persons unemployed, total"
A,EC1010V,ES066C,2022,7248.0,e,,ES066C,ES,,2022,unemployed_total,"Persons unemployed, total"
A,EC1010V,ES066C,2023,6792.0,e,,ES066C,ES,,2023,unemployed_total,"Persons unemployed, total"
A,EC1010V,ES067C,2015,11849.0,,,ES067C,ES,,2015,unemployed_total,"Persons unemployed, total"
A,EC1010V,ES067C,2016,11780.0,,,ES067C,ES,,2016,unemployed_total,"Persons unemployed, total"
A,EC1010V,ES067C,2017,10707.0,e,,ES067C,ES,,2017,unemployed_total,"Persons unemployed, total"
A,EC1010V,ES067C,2018,9792.0,e,,ES067C,ES,,2018,unemployed_total,"Persons unemployed, total"
A,EC1010V,ES067C,2019,10015.0,e,,ES067C,ES,,2019,unemployed_total,"Persons unemployed, total"
A,EC1010V,ES067C,2020,9884.0,e,,ES067C,ES,,2020,unemployed_total,"Persons unemployed, total"
A,EC1010V,ES067C,2021,9923.0,e,,ES067C,ES,,2021,unemployed_total,"Persons unemployed, total"
A,EC1010V,ES067C,2022,8355.0,e,,ES067C,ES,,2022,unemployed_total,"Persons unemployed, total"
A,EC1010V,ES067C,2023,8393.0,e,,ES067C,ES,,2023,unemployed_total,"Persons unemployed, total"
A,EC1010V,ES068C,2015,19450.0,,,ES068C,ES,,2015,unemployed_total,"Persons unemployed, total"
A,EC1010V,ES068C,2016,18277.0,,,ES068C,ES,,2016,unemployed_total,"Persons unemployed, total"
A,EC1010V,ES068C,2017,18688.0,e,,ES068C,ES,,2017,unemployed_total,"Persons unemployed, total"
A,EC1010V,ES068C,2018,16232.0,e,,ES068C,ES,,2018,unemployed_total,"Persons unemployed, total"
A,EC1010V,ES068C,2019,13416.0,e,,ES068C,ES,,2019,unemployed_total,"Persons unemployed, total"
A,EC1010V,ES068C,2020,14601.0,e,,ES068C,ES,,2020,unemployed_total,"Persons unemployed, total"
A,EC1010V,ES068C,2021,12571.0,e,,ES068C,ES,,2021,unemployed_total,"Persons unemployed, total"
A,EC1010V,ES068C,2022,10325.0,e,,ES068C,ES,,2022,unemployed_total,"Persons unemployed, total"
A,EC1010V,ES068C,2023,10291.0,e,,ES068C,ES,,2023,unemployed_total,"Persons unemployed, total"
A,EC1010V,ES069C,2015,20889.0,,,ES069C,ES,,2015,unemployed_total,"Persons unemployed, total"
A,EC1010V,ES069C,2016,17843.0,,,ES069C,ES,,2016,unemployed_total,"Persons unemployed, total"
A,EC1010V,ES069C,2017,15761.0,e,,ES069C,ES,,2017,unemployed_total,"Persons unemployed, total"
A,EC1010V,ES069C,2018,15327.0,e,,ES069C,ES,,2018,unemployed_total,"Persons unemployed, total"
A,EC1010V,ES069C,2019,13712.0,e,,ES069C,ES,,2019,unemployed_total,"Persons unemployed, total"
A,EC1010V,ES069C,2020,14067.0,e,,ES069C,ES,,2020,unemployed_total,"Persons unemployed, total"
A,EC1010V,ES069C,2021,13199.0,e,,ES069C,ES,,2021,unemployed_total,"Persons unemployed, total"
A,EC1010V,ES069C,2022,11715.0,e,,ES069C,ES,,2022,unemployed_total,"Persons unemployed, total"
A,EC1010V,ES069C,2023,15242.0,e,,ES069C,ES,,2023,unemployed_total,"Persons unemployed, total"
A,EC1010V,ES070C,2015,23429.0,,,ES070C,ES,,2015,unemployed_total,"Persons unemployed, total"
A,EC1010V,ES070C,2016,21967.0,,,ES070C,ES,,2016,unemployed_total,"Persons unemployed, total"
A,EC1010V,ES070C,2017,18619.0,e,,ES070C,ES,,2017,unemployed_total,"Persons unemployed, total"
A,EC1010V,ES070C,2018,17962.0,e,,ES070C,ES,,2018,unemployed_total,"Persons unemployed, total"
A,EC1010V,ES070C,2019,18241.0,e,,ES070C,ES,,2019,unemployed_total,"Persons unemployed, total"
A,EC1010V,ES070C,2020,15548.0,e,,ES070C,ES,,2020,unemployed_total,"Persons unemployed, total"
A,EC1010V,ES070C,2021,15512.0,e,,ES070C,ES,,2021,unemployed_total,"Persons unemployed, total"
A,EC1010V,ES070C,2022,14016.0,e,,ES070C,ES,,2022,unemployed_total,"Persons unemployed, total"
A,EC1010V,ES070C,2023,16200.0,e,,ES070C,ES,,2023,unemployed_total,"Persons unemployed, total"
A,EC1010V,ES071C,2015,20102.0,,,ES071C,ES,,2015,unemployed_total,"Persons unemployed, total"
A,EC1010V,ES071C,2016,17736.0,,,ES071C,ES,,2016,unemployed_total,"Persons unemployed, total"
A,EC1010V,ES071C,2017,15162.0,e,,ES071C,ES,,2017,unemployed_total,"Persons unemployed, total"
A,EC1010V,ES071C,2018,13476.0,e,,ES071C,ES,,2018,unemployed_total,"Persons unemployed, total"
A,EC1010V,ES071C,2019,12126.0,e,,ES071C,ES,,2019,unemployed_total,"Persons unemployed, total"
A,EC1010V,ES071C,2020,10572.0,e,,ES071C,ES,,2020,unemployed_total,"Persons unemployed, total"
A,EC1010V,ES071C,2021,12022.0,e,,ES071C,ES,,2021,unemployed_total,"Persons unemployed, total"
A,EC1010V,ES071C,2022,10972.0,e,,ES071C,ES,,2022,unemployed_total,"Persons unemployed, total"
A,EC1010V,ES071C,2023,10458.0,e,,ES071C,ES,,2023,unemployed_total,"Persons unemployed, total"
A,EC1010V,ES072C,2015,12264.0,,,ES072C,ES,,2015,unemployed_total,"Persons unemployed, total"
A,EC1010V,ES072C,2016,11039.0,,,ES072C,ES,,2016,unemployed_total,"Persons unemployed, total"
A,EC1010V,ES072C,2017,9370.0,e,,ES072C,ES,,2017,unemployed_total,"Persons unemployed, total"
A,EC1010V,ES072C,2018,6779.0,e,,ES072C,ES,,2018,unemployed_total,"Persons unemployed, total"
A,EC1010V,ES072C,2019,7598.0,e,,ES072C,ES,,2019,unemployed_total,"Persons unemployed, total"
A,EC1010V,ES072C,2020,7996.0,e,,ES072C,ES,,2020,unemployed_total,"Persons unemployed, total"
A,EC1010V,ES072C,2021,7215.0,e,,ES072C,ES,,2021,unemployed_total,"Persons unemployed, total"
A,EC1010V,ES072C,2022,5964.0,e,,ES072C,ES,,2022,unemployed_total,"Persons unemployed, total"
A,EC1010V,ES072C,2023,6011.0,e,,ES072C,ES,,2023,unemployed_total,"Persons unemployed, total"
A,EC1010V,ES073C,2015,14656.0,,,ES073C,ES,,2015,unemployed_total,"Persons unemployed, total"
A,EC1010V,ES073C,2016,12206.0,,,ES073C,ES,,2016,unemployed_total,"Persons unemployed, total"
A,EC1010V,ES073C,2017,10544.0,e,,ES073C,ES,,2017,unemployed_total,"Persons unemployed, total"
A,EC1010V,ES073C,2018,10090.0,e,,ES073C,ES,,2018,unemployed_total,"Persons unemployed, total"
A,EC1010V,ES073C,2019,9083.0,e,,ES073C,ES,,2019,unemployed_total,"Persons unemployed, total"
A,EC1010V,ES073C,2020,10340.0,e,,ES073C,ES,,2020,unemployed_total,"Persons unemployed, total"
A,EC1010V,ES073C,2021,8616.0,e,,ES073C,ES,,2021,unemployed_total,"Persons unemployed, total"
A,EC1010V,ES073C,2022,7192.0,e,,ES073C,ES,,2022,unemployed_total,"Persons unemployed, total"
A,EC1010V,ES073C,2023,8098.0,e,,ES073C,ES,,2023,unemployed_total,"Persons unemployed, total"
A,EC1010V,ES074C,2015,19166.0,,,ES074C,ES,,2015,unemployed_total,"Persons unemployed, total"
A,EC1010V,ES074C,2016,17891.0,,,ES074C,ES,,2016,unemployed_total,"Persons unemployed, total"
A,EC1010V,ES074C,2017,15259.0,e,,ES074C,ES,,2017,unemployed_total,"Persons unemployed, total"
A,EC1010V,ES074C,2018,12412.0,e,,ES074C,ES,,2018,unemployed_total,"Persons unemployed, total"
A,EC1010V,ES074C,2019,11773.0,e,,ES074C,ES,,2019,unemployed_total,"Persons unemployed, total"
A,EC1010V,ES074C,2020,12111.0,e,,ES074C,ES,,2020,unemployed_total,"Persons unemployed, total"
A,EC1010V,ES074C,2021,11467.0,e,,ES074C,ES,,2021,unemployed_total,"Persons unemployed, total"
A,EC1010V,ES074C,2022,9764.0,e,,ES074C,ES,,2022,unemployed_total,"Persons unemployed, total"
A,EC1010V,ES074C,2023,10556.0,e,,ES074C,ES,,2023,unemployed_total,"Persons unemployed, total"
A,EC1010V,ES075C,2015,13053.0,,,ES075C,ES,,2015,unemployed_total,"Persons unemployed, total"
A,EC1010V,ES075C,2016,9802.0,,,ES075C,ES,,2016,unemployed_total,"Persons unemployed, total"
A,EC1010V,ES075C,2017,9707.0,e,,ES075C,ES,,2017,unemployed_total,"Persons unemployed, total"
A,EC1010V,ES075C,2018,9172.0,e,,ES075C,ES,,2018,unemployed_total,"Persons unemployed, total"
A,EC1010V,ES075C,2019,8825.0,e,,ES075C,ES,,2019,unemployed_total,"Persons unemployed, total"
A,EC1010V,ES075C,2020,8375.0,e,,ES075C,ES,,2020,unemployed_total,"Persons unemployed, total"
A,EC1010V,ES075C,2021,10125.0,e,,ES075C,ES,,2021,unemployed_total,"Persons unemployed, total"
A,EC1010V,ES075C,2022,8143.0,e,,ES075C,ES,,2022,unemployed_total,"Persons unemployed, total"
A,EC1010V,ES075C,2023,6806.0,e,,ES075C,ES,,2023,unemployed_total,"Persons unemployed, total"
A,EC1010V,ES076C,2015,10662.0,,,ES076C,ES,,2015,unemployed_total,"Persons unemployed, total"
A,EC1010V,ES076C,2016,10128.0,,,ES076C,ES,,2016,unemployed_total,"Persons unemployed, total"
A,EC1010V,ES076C,2017,8543.0,e,,ES076C,ES,,2017,unemployed_total,"Persons unemployed, total"
A,EC1010V,ES076C,2018,7346.0,e,,ES076C,ES,,2018,unemployed_total,"Persons unemployed, total"
A,EC1010V,ES076C,2019,6787.0,e,,ES076C,ES,,2019,unemployed_total,"Persons unemployed, total"
A,EC1010V,ES076C,2020,6103.0,e,,ES076C,ES,,2020,unemployed_total,"Persons unemployed, total"
A,EC1010V,ES076C,2021,5733.0,e,,ES076C,ES,,2021,unemployed_total,"Persons unemployed, total"
A,EC1010V,ES076C,2022,5916.0,e,,ES076C,ES,,2022,unemployed_total,"Persons unemployed, total"
A,EC1010V,ES076C,2023,4889.0,e,,ES076C,ES,,2023,unemployed_total,"Persons unemployed, total"
A,EC1010V,ES077C,2015,16050.0,,,ES077C,ES,,2015,unemployed_total,"Persons unemployed, total"
A,EC1010V,ES077C,2016,13464.0,,,ES077C,ES,,2016,unemployed_total,"Persons unemployed, total"
A,EC1010V,ES077C,2017,11459.0,e,,ES077C,ES,,2017,unemployed_total,"Persons unemployed, total"
A,EC1010V,ES077C,2018,9425.0,e,,ES077C,ES,,2018,unemployed_total,"Persons unemployed, total"
A,EC1010V,ES077C,2019,9302.0,e,,ES077C,ES,,2019,unemployed_total,"Persons unemployed, total"
A,EC1010V,ES077C,2020,9872.0,e,,ES077C,ES,,2020,unemployed_total,"Persons unemployed, total"
A,EC1010V,ES077C,2021,9182.0,e,,ES077C,ES,,2021,unemployed_total,"Persons unemployed, total"
A,EC1010V,ES077C,2022,8353.0,e,,ES077C,ES,,2022,unemployed_total,"Persons unemployed, total"
A,EC1010V,ES077C,2023,7794.0,e,,ES077C,ES,,2023,unemployed_total,"Persons unemployed, total"
A,EC1010V,ES078C,2015,22519.0,,,ES078C,ES,,2015,unemployed_total,"Persons unemployed, total"
A,EC1010V,ES078C,2016,20666.0,,,ES078C,ES,,2016,unemployed_total,"Persons unemployed, total"
A,EC1010V,ES078C,2017,18192.0,e,,ES078C,ES,,2017,unemployed_total,"Persons unemployed, total"
A,EC1010V,ES078C,2018,16691.0,e,,ES078C,ES,,2018,unemployed_total,"Persons unemployed, total"
A,EC1010V,ES078C,2019,16388.0,e,,ES078C,ES,,2019,unemployed_total,"Persons unemployed, total"
A,EC1010V,ES078C,2020,16083.0,e,,ES078C,ES,,2020,unemployed_total,"Persons unemployed, total"
A,EC1010V,ES078C,2021,17099.0,e,,ES078C,ES,,2021,unemployed_total,"Persons unemployed, total"
A,EC1010V,ES078C,2022,13494.0,e,,ES078C,ES,,2022,unemployed_total,"Persons unemployed, total"
A,EC1010V,ES078C,2023,13254.0,e,,ES078C,ES,,2023,unemployed_total,"Persons unemployed, total"
A,EC1010V,ES079C,2015,19447.0,,,ES079C,ES,,2015,unemployed_total,"Persons unemployed, total"
A,EC1010V,ES079C,2016,17181.0,,,ES079C,ES,,2016,unemployed_total,"Persons unemployed, total"
A,EC1010V,ES079C,2017,15567.0,e,,ES079C,ES,,2017,unemployed_total,"Persons unemployed, total"
A,EC1010V,ES079C,2018,14181.0,e,,ES079C,ES,,2018,unemployed_total,"Persons unemployed, total"
A,EC1010V,ES079C,2019,12841.0,e,,ES079C,ES,,2019,unemployed_total,"Persons unemployed, total"
A,EC1010V,ES079C,2020,12188.0,e,,ES079C,ES,,2020,unemployed_total,"Persons unemployed, total"
A,EC1010V,ES079C,2021,14549.0,e,,ES079C,ES,,2021,unemployed_total,"Persons unemployed, total"
A,EC1010V,ES079C,2022,13565.0,e,,ES079C,ES,,2022,unemployed_total,"Persons unemployed, total"
A,EC1010V,ES079C,2023,13847.0,e,,ES079C,ES,,2023,unemployed_total,"Persons unemployed, total"
A,EC1010V,ES080C,2015,20172.0,,,ES080C,ES,,2015,unemployed_total,"Persons unemployed, total"
A,EC1010V,ES080C,2016,16156.0,,,ES080C,ES,,2016,unemployed_total,"Persons unemployed, total"
A,EC1010V,ES080C,2017,13896.0,e,,ES080C,ES,,2017,unemployed_total,"Persons unemployed, total"
A,EC1010V,ES080C,2018,11711.0,e,,ES080C,ES,,2018,unemployed_total,"Persons unemployed, total"
A,EC1010V,ES080C,2019,11962.0,e,,ES080C,ES,,2019,unemployed_total,"Persons unemployed, total"
A,EC1010V,ES080C,2020,14462.0,e,,ES080C,ES,,2020,unemployed_total,"Persons unemployed, total"
A,EC1010V,ES080C,2021,14209.0,e,,ES080C,ES,,2021,unemployed_total,"Persons unemployed, total"
A,EC1010V,ES080C,2022,10778.0,e,,ES080C,ES,,2022,unemployed_total,"Persons unemployed, total"
A,EC1010V,ES080C,2023,10481.0,e,,ES080C,ES,,2023,unemployed_total,"Persons unemployed, total"
A,EC1010V,ES081C,2015,14976.0,,,ES081C,ES,,2015,unemployed_total,"Persons unemployed, total"
A,EC1010V,ES081C,2016,13478.0,,,ES081C,ES,,2016,unemployed_total,"Persons unemployed, total"
A,EC1010V,ES081C,2017,11513.0,e,,ES081C,ES,,2017,unemployed_total,"Persons unemployed, total"
A,EC1010V,ES081C,2018,10044.0,e,,ES081C,ES,,2018,unemployed_total,"Persons unemployed, total"
A,EC1010V,ES081C,2019,8686.0,e,,ES081C,ES,,2019,unemployed_total,"Persons unemployed, total"
A,EC1010V,ES081C,2020,9826.0,e,,ES081C,ES,,2020,unemployed_total,"Persons unemployed, total"
A,EC1010V,ES081C,2021,10331.0,e,,ES081C,ES,,2021,unemployed_total,"Persons unemployed, total"
A,EC1010V,ES081C,2022,10250.0,e,,ES081C,ES,,2022,unemployed_total,"Persons unemployed, total"
A,EC1010V,ES081C,2023,8757.0,e,,ES081C,ES,,2023,unemployed_total,"Persons unemployed, total"
A,EC1010V,ES082C,2015,13766.0,,,ES082C,ES,,2015,unemployed_total,"Persons unemployed, total"
A,EC1010V,ES082C,2016,12519.0,,,ES082C,ES,,2016,unemployed_total,"Persons unemployed, total"
A,EC1010V,ES082C,2017,10813.0,e,,ES082C,ES,,2017,unemployed_total,"Persons unemployed, total"
A,EC1010V,ES082C,2018,9968.0,e,,ES082C,ES,,2018,unemployed_total,"Persons unemployed, total"
A,EC1010V,ES082C,2019,9735.0,e,,ES082C,ES,,2019,unemployed_total,"Persons unemployed, total"
A,EC1010V,ES082C,2020,9305.0,e,,ES082C,ES,,2020,unemployed_total,"Persons unemployed, total"
A,EC1010V,ES082C,2021,9979.0,e,,ES082C,ES,,2021,unemployed_total,"Persons unemployed, total"
A,EC1010V,ES082C,2022,7965.0,e,,ES082C,ES,,2022,unemployed_total,"Persons unemployed, total"
A,EC1010V,ES082C,2023,7811.0,e,,ES082C,ES,,2023,unemployed_total,"Persons unemployed, total"
A,EC1010V,ES083C,2015,7739.0,,,ES083C,ES,,2015,unemployed_total,"Persons unemployed, total"
A,EC1010V,ES083C,2016,6560.0,,,ES083C,ES,,2016,unemployed_total,"Persons unemployed, total"
A,EC1010V,ES083C,2017,5585.0,e,,ES083C,ES,,2017,unemployed_total,"Persons unemployed, total"
A,EC1010V,ES083C,2018,4899.0,e,,ES083C,ES,,2018,unemployed_total,"Persons unemployed, total"
A,EC1010V,ES083C,2019,4564.0,e,,ES083C,ES,,2019,unemployed_total,"Persons unemployed, total"
A,EC1010V,ES083C,2020,5127.0,e,,ES083C,ES,,2020,unemployed_total,"Persons unemployed, total"
A,EC1010V,ES083C,2021,5067.0,e,,ES083C,ES,,2021,unemployed_total,"Persons unemployed, total"
A,EC1010V,ES083C,2022,4328.0,e,,ES083C,ES,,2022,unemployed_total,"Persons unemployed, total"
A,EC1010V,ES083C,2023,4449.0,e,,ES083C,ES,,2023,unemployed_total,"Persons unemployed, total"
A,EC1010V,ES084C,2015,6045.0,,,ES084C,ES,,2015,unemployed_total,"Persons unemployed, total"
A,EC1010V,ES084C,2016,5706.0,,,ES084C,ES,,2016,unemployed_total,"Persons unemployed, total"
A,EC1010V,ES084C,2017,4798.0,e,,ES084C,ES,,2017,unemployed_total,"Persons unemployed, total"
A,EC1010V,ES084C,2018,4172.0,e,,ES084C,ES,,2018,unemployed_total,"Persons unemployed, total"
A,EC1010V,ES084C,2019,3610.0,e,,ES084C,ES,,2019,unemployed_total,"Persons unemployed, total"
A,EC1010V,ES084C,2020,3727.0,e,,ES084C,ES,,2020,unemployed_total,"Persons unemployed, total"
A,EC1010V,ES084C,2021,3835.0,e,,ES084C,ES,,2021,unemployed_total,"Persons unemployed, total"
A,EC1010V,ES084C,2022,3543.0,e,,ES084C,ES,,2022,unemployed_total,"Persons unemployed, total"
A,EC1010V,ES084C,2023,2933.0,e,,ES084C,ES,,2023,unemployed_total,"Persons unemployed, total"
A,EC1010V,ES085C,2015,10046.0,,,ES085C,ES,,2015,unemployed_total,"Persons unemployed, total"
A,EC1010V,ES085C,2016,8108.0,,,ES085C,ES,,2016,unemployed_total,"Persons unemployed, total"
A,EC1010V,ES085C,2017,6810.0,e,,ES085C,ES,,2017,unemployed_total,"Persons unemployed, total"
A,EC1010V,ES085C,2018,5954.0,e,,ES085C,ES,,2018,unemployed_total,"Persons unemployed, total"
A,EC1010V,ES085C,2019,6050.0,e,,ES085C,ES,,2019,unemployed_total,"Persons unemployed, total"
A,EC1010V,ES085C,2020,7472.0,e,,ES085C,ES,,2020,unemployed_total,"Persons unemployed, total"
A,EC1010V,ES085C,2021,7561.0,e,,ES085C,ES,,2021,unemployed_total,"Persons unemployed, total"
A,EC1010V,ES085C,2022,6132.0,e,,ES085C,ES,,2022,unemployed_total,"Persons unemployed, total"
A,EC1010V,ES085C,2023,6105.0,e,,ES085C,ES,,2023,unemployed_total,"Persons unemployed, total"
A,EC1010V,ES086C,2015,16379.0,,,ES086C,ES,,2015,unemployed_total,"Persons unemployed, total"
A,EC1010V,ES086C,2016,14183.0,,,ES086C,ES,,2016,unemployed_total,"Persons unemployed, total"
A,EC1010V,ES086C,2017,12150.0,e,,ES086C,ES,,2017,unemployed_total,"Persons unemployed, total"
A,EC1010V,ES086C,2018,10890.0,e,,ES086C,ES,,2018,unemployed_total,"Persons unemployed, total"
A,EC1010V,ES086C,2019,9940.0,e,,ES086C,ES,,2019,unemployed_total,"Persons unemployed, total"
A,EC1010V,ES086C,2020,9120.0,e,,ES086C,ES,,2020,unemployed_total,"Persons unemployed, total"
A,EC1010V,ES086C,2021,10446.0,e,,ES086C,ES,,2021,unemployed_total,"Persons unemployed, total"
A,EC1010V,ES086C,2022,9480.0,e,,ES086C,ES,,2022,unemployed_total,"Persons unemployed, total"
A,EC1010V,ES086C,2023,9154.0,e,,ES086C,ES,,2023,unemployed_total,"Persons unemployed, total"
A,EC1010V,ES087C,2015,6392.0,,,ES087C,ES,,2015,unemployed_total,"Persons unemployed, total"
A,EC1010V,ES087C,2016,5868.0,,,ES087C,ES,,2016,unemployed_total,"Persons unemployed, total"
A,EC1010V,ES087C,2017,5370.0,e,,ES087C,ES,,2017,unemployed_total,"Persons unemployed, total"
A,EC1010V,ES087C,2018,4758.0,e,,ES087C,ES,,2018,unemployed_total,"Persons unemployed, total"
A,EC1010V,ES087C,2019,4062.0,e,,ES087C,ES,,2019,unemployed_total,"Persons unemployed, total"
A,EC1010V,ES087C,2020,4612.0,e,,ES087C,ES,,2020,unemployed_total,"Persons unemployed, total"
A,EC1010V,ES087C,2021,4621.0,e,,ES087C,ES,,2021,unemployed_total,"Persons unemployed, total"
A,EC1010V,ES087C,2022,4509.0,e,,ES087C,ES,,2022,unemployed_total,"Persons unemployed, total"
A,EC1010V,ES087C,2023,4172.0,e,,ES087C,ES,,2023,unemployed_total,"Persons unemployed, total"
A,EC1010V,ES088C,2015,6080.0,,,ES088C,ES,,2015,unemployed_total,"Persons unemployed, total"
A,EC1010V,ES088C,2016,4955.0,,,ES088C,ES,,2016,unemployed_total,"Persons unemployed, total"
A,EC1010V,ES088C,2017,4289.0,e,,ES088C,ES,,2017,unemployed_total,"Persons unemployed, total"
A,EC1010V,ES088C,2018,4233.0,e,,ES088C,ES,,2018,unemployed_total,"Persons unemployed, total"
A,EC1010V,ES088C,2019,3626.0,e,,ES088C,ES,,2019,unemployed_total,"Persons unemployed, total"
A,EC1010V,ES088C,2020,4251.0,e,,ES088C,ES,,2020,unemployed_total,"Persons unemployed, total"
A,EC1010V,ES088C,2021,3370.0,e,,ES088C,ES,,2021,unemployed_total,"Persons unemployed, total"
A,EC1010V,ES088C,2022,2561.0,e,,ES088C,ES,,2022,unemployed_total,"Persons unemployed, total"
A,EC1010V,ES088C,2023,3193.0,e,,ES088C,ES,,2023,unemployed_total,"Persons unemployed, total"
A,EC1010V,ES089C,2015,5189.0,,,ES089C,ES,,2015,unemployed_total,"Persons unemployed, total"
A,EC1010V,ES089C,2016,4186.0,,,ES089C,ES,,2016,unemployed_total,"Persons unemployed, total"
A,EC1010V,ES089C,2017,3790.0,e,,ES089C,ES,,2017,unemployed_total,"Persons unemployed, total"
A,EC1010V,ES089C,2018,3681.0,e,,ES089C,ES,,2018,unemployed_total,"Persons unemployed, total"
A,EC1010V,ES089C,2019,3495.0,e,,ES089C,ES,,2019,unemployed_total,"Persons unemployed, total"
A,EC1010V,ES089C,2020,5189.0,e,,ES089C,ES,,2020,unemployed_total,"Persons unemployed, total"
A,EC1010V,ES089C,2021,4445.0,e,,ES089C,ES,,2021,unemployed_total,"Persons unemployed, total"
A,EC1010V,ES089C,2022,2674.0,e,,ES089C,ES,,2022,unemployed_total,"Persons unemployed, total"
A,EC1010V,ES089C,2023,2401.0,e,,ES089C,ES,,2023,unemployed_total,"Persons unemployed, total"
A,EC1010V,ES090C,2015,13067.0,,,ES090C,ES,,2015,unemployed_total,"Persons unemployed, total"
A,EC1010V,ES090C,2016,12192.0,,,ES090C,ES,,2016,unemployed_total,"Persons unemployed, total"
A,EC1010V,ES090C,2017,10553.0,e,,ES090C,ES,,2017,unemployed_total,"Persons unemployed, total"
A,EC1010V,ES090C,2018,8677.0,e,,ES090C,ES,,2018,unemployed_total,"Persons unemployed, total"
A,EC1010V,ES090C,2019,8105.0,e,,ES090C,ES,,2019,unemployed_total,"Persons unemployed, total"
A,EC1010V,ES090C,2020,8277.0,e,,ES090C,ES,,2020,unemployed_total,"Persons unemployed, total"
A,EC1010V,ES090C,2021,7922.0,e,,ES090C,ES,,2021,unemployed_total,"Persons unemployed, total"
A,EC1010V,ES090C,2022,6520.0,e,,ES090C,ES,,2022,unemployed_total,"Persons unemployed, total"
A,EC1010V,ES090C,2023,6681.0,e,,ES090C,ES,,2023,unemployed_total,"Persons unemployed, total"
A,EC1010V,ES091C,2015,8398.0,,,ES091C,ES,,2015,unemployed_total,"Persons unemployed, total"
A,EC1010V,ES091C,2016,6769.0,,,ES091C,ES,,2016,unemployed_total,"Persons unemployed, total"
A,EC1010V,ES091C,2017,5983.0,e,,ES091C,ES,,2017,unemployed_total,"Persons unemployed, total"
A,EC1010V,ES091C,2018,5646.0,e,,ES091C,ES,,2018,unemployed_total,"Persons unemployed, total"
A,EC1010V,ES091C,2019,4963.0,e,,ES091C,ES,,2019,unemployed_total,"Persons unemployed, total"
A,EC1010V,ES091C,2020,5476.0,e,,ES091C,ES,,2020,unemployed_total,"Persons unemployed, total"
A,EC1010V,ES091C,2021,4984.0,e,,ES091C,ES,,2021,unemployed_total,"Persons unemployed, total"
A,EC1010V,ES091C,2022,4450.0,e,,ES091C,ES,,2022,unemployed_total,"Persons unemployed, total"
A,EC1010V,ES091C,2023,4356.0,e,,ES091C,ES,,2023,unemployed_total,"Persons unemployed, total"
A,EC1010V,ES092C,2015,9089.0,,,ES092C,ES,,2015,unemployed_total,"Persons unemployed, total"
A,EC1010V,ES092C,2016,9171.0,,,ES092C,ES,,2016,unemployed_total,"Persons unemployed, total"
A,EC1010V,ES092C,2017,8726.0,e,,ES092C,ES,,2017,unemployed_total,"Persons unemployed, total"
A,EC1010V,ES092C,2018,7813.0,e,,ES092C,ES,,2018,unemployed_total,"Persons unemployed, total"
A,EC1010V,ES092C,2019,6961.0,e,,ES092C,ES,,2019,unemployed_total,"Persons unemployed, total"
A,EC1010V,ES092C,2020,6935.0,e,,ES092C,ES,,2020,unemployed_total,"Persons unemployed, total"
A,EC1010V,ES092C,2021,6194.0,e,,ES092C,ES,,2021,unemployed_total,"Persons unemployed, total"
A,EC1010V,ES092C,2022,5535.0,e,,ES092C,ES,,2022,unemployed_total,"Persons unemployed, total"
A,EC1010V,ES092C,2023,6223.0,e,,ES092C,ES,,2023,unemployed_total,"Persons unemployed, total"
A,EC1010V,ES093C,2015,7302.0,,,ES093C,ES,,2015,unemployed_total,"Persons unemployed, total"
A,EC1010V,ES093C,2016,7213.0,,,ES093C,ES,,2016,unemployed_total,"Persons unemployed, total"
A,EC1010V,ES093C,2017,6298.0,e,,ES093C,ES,,2017,unemployed_total,"Persons unemployed, total"
A,EC1010V,ES093C,2018,5179.0,e,,ES093C,ES,,2018,unemployed_total,"Persons unemployed, total"
A,EC1010V,ES093C,2019,4714.0,e,,ES093C,ES,,2019,unemployed_total,"Persons unemployed, total"
A,EC1010V,ES093C,2020,5090.0,e,,ES093C,ES,,2020,unemployed_total,"Persons unemployed, total"
A,EC1010V,ES093C,2021,4965.0,e,,ES093C,ES,,2021,unemployed_total,"Persons unemployed, total"
A,EC1010V,ES093C,2022,4457.0,e,,ES093C,ES,,2022,unemployed_total,"Persons unemployed, total"
A,EC1010V,ES093C,2023,4794.0,e,,ES093C,ES,,2023,unemployed_total,"Persons unemployed, total"
A,EC1010V,ES094C,2015,5724.0,,,ES094C,ES,,2015,unemployed_total,"Persons unemployed, total"
A,EC1010V,ES094C,2016,4725.0,,,ES094C,ES,,2016,unemployed_total,"Persons unemployed, total"
A,EC1010V,ES094C,2017,4141.0,e,,ES094C,ES,,2017,unemployed_total,"Persons unemployed, total"
A,EC1010V,ES094C,2018,3229.0,e,,ES094C,ES,,2018,unemployed_total,"Persons unemployed, total"
A,EC1010V,ES094C,2019,3140.0,e,,ES094C,ES,,2019,unemployed_total,"Persons unemployed, total"
A,EC1010V,ES094C,2020,3617.0,e,,ES094C,ES,,2020,unemployed_total,"Persons unemployed, total"
A,EC1010V,ES094C,2021,3511.0,e,,ES094C,ES,,2021,unemployed_total,"Persons unemployed, total"
A,EC1010V,ES094C,2022,2803.0,e,,ES094C,ES,,2022,unemployed_total,"Persons unemployed, total"
A,EC1010V,ES094C,2023,2495.0,e,,ES094C,ES,,2023,unemployed_total,"Persons unemployed, total"
A,EC1010V,ES095C,2015,7601.0,,,ES095C,ES,,2015,unemployed_total,"Persons unemployed, total"
A,EC1010V,ES095C,2016,6870.0,,,ES095C,ES,,2016,unemployed_total,"Persons unemployed, total"
A,EC1010V,ES095C,2017,6171.0,e,,ES095C,ES,,2017,unemployed_total,"Persons unemployed, total"
A,EC1010V,ES095C,2018,5460.0,e,,ES095C,ES,,2018,unemployed_total,"Persons unemployed, total"
A,EC1010V,ES095C,2019,4741.0,e,,ES095C,ES,,2019,unemployed_total,"Persons unemployed, total"
A,EC1010V,ES095C,2020,5296.0,e,,ES095C,ES,,2020,unemployed_total,"Persons unemployed, total"
A,EC1010V,ES095C,2021,5299.0,e,,ES095C,ES,,2021,unemployed_total,"Persons unemployed, total"
A,EC1010V,ES095C,2022,5295.0,e,,ES095C,ES,,2022,unemployed_total,"Persons unemployed, total"
A,EC1010V,ES095C,2023,4836.0,e,,ES095C,ES,,2023,unemployed_total,"Persons unemployed, total"
A,EC1010V,ES096C,2016,10100.0,,,ES096C,ES,,2016,unemployed_total,"Persons unemployed, total"
A,EC1010V,ES096C,2017,8449.0,e,,ES096C,ES,,2017,unemployed_total,"Persons unemployed, total"
A,EC1010V,ES096C,2018,7639.0,e,,ES096C,ES,,2018,unemployed_total,"Persons unemployed, total"
A,EC1010V,ES096C,2019,7330.0,e,,ES096C,ES,,2019,unemployed_total,"Persons unemployed, total"
A,EC1010V,ES096C,2020,8683.0,e,,ES096C,ES,,2020,unemployed_total,"Persons unemployed, total"
A,EC1010V,ES096C,2021,8759.0,e,,ES096C,ES,,2021,unemployed_total,"Persons unemployed, total"
A,EC1010V,ES096C,2022,7081.0,e,,ES096C,ES,,2022,unemployed_total,"Persons unemployed, total"
A,EC1010V,ES096C,2023,6791.0,e,,ES096C,ES,,2023,unemployed_total,"Persons unemployed, total"
A,EC1010V,ES097C,2016,6300.0,,,ES097C,ES,,2016,unemployed_total,"Persons unemployed, total"
A,EC1010V,ES097C,2017,5391.0,e,,ES097C,ES,,2017,unemployed_total,"Persons unemployed, total"
A,EC1010V,ES097C,2018,4611.0,e,,ES097C,ES,,2018,unemployed_total,"Persons unemployed, total"
A,EC1010V,ES097C,2019,4429.0,e,,ES097C,ES,,2019,unemployed_total,"Persons unemployed, total"
A,EC1010V,ES097C,2020,4909.0,e,,ES097C,ES,,2020,unemployed_total,"Persons unemployed, total"
A,EC1010V,ES097C,2021,4723.0,e,,ES097C,ES,,2021,unemployed_total,"Persons unemployed, total"
A,EC1010V,ES097C,2022,4388.0,e,,ES097C,ES,,2022,unemployed_total,"Persons unemployed, total"
A,EC1010V,ES097C,2023,4124.0,e,,ES097C,ES,,2023,unemployed_total,"Persons unemployed, total"
A,EC1010V,ES098C,2015,6793.0,,,ES098C,ES,,2015,unemployed_total,"Persons unemployed, total"
A,EC1010V,ES098C,2016,5902.0,,,ES098C,ES,,2016,unemployed_total,"Persons unemployed, total"
A,EC1010V,ES098C,2017,5082.0,e,,ES098C,ES,,2017,unemployed_total,"Persons unemployed, total"
A,EC1010V,ES098C,2018,4531.0,e,,ES098C,ES,,2018,unemployed_total,"Persons unemployed, total"
A,EC1010V,ES098C,2019,4161.0,e,,ES098C,ES,,2019,unemployed_total,"Persons unemployed, total"
A,EC1010V,ES098C,2020,4757.0,e,,ES098C,ES,,2020,unemployed_total,"Persons unemployed, total"
A,EC1010V,ES098C,2021,4983.0,e,,ES098C,ES,,2021,unemployed_total,"Persons unemployed, total"
A,EC1010V,ES098C,2022,4294.0,e,,ES098C,ES,,2022,unemployed_total,"Persons unemployed, total"
A,EC1010V,ES098C,2023,4111.0,e,,ES098C,ES,,2023,unemployed_total,"Persons unemployed, total"
A,EC1010V,FI,2015,374862.0,,,FI,FI,,2015,unemployed_total,"Persons unemployed, total"
A,EC1010V,FI,2016,355837.0,,,FI,FI,,2016,unemployed_total,"Persons unemployed, total"
A,EC1010V,FI,2017,296496.0,,,FI,FI,,2017,unemployed_total,"Persons unemployed, total"
A,EC1010V,FI,2018,256454.0,,,FI,FI,,2018,unemployed_total,"Persons unemployed, total"
A,EC1010V,FI001C,2015,41275.0,,,FI001C,FI,,2015,unemployed_total,"Persons unemployed, total"
A,EC1010V,FI001C,2016,40610.0,,,FI001C,FI,,2016,unemployed_total,"Persons unemployed, total"
A,EC1010V,FI001C,2017,35745.0,,,FI001C,FI,,2017,unemployed_total,"Persons unemployed, total"
A,EC1010V,FI001C,2018,31789.0,,,FI001C,FI,,2018,unemployed_total,"Persons unemployed, total"
A,EC1010V,FI001C,2019,31554.0,,,FI001C,FI,,2019,unemployed_total,"Persons unemployed, total"
A,EC1010V,FI001C,2020,49698.0,,,FI001C,FI,,2020,unemployed_total,"Persons unemployed, total"
A,EC1010V,FI001C,2021,38507.0,,,FI001C,FI,,2021,unemployed_total,"Persons unemployed, total"
A,EC1010V,FI001C,2022,36288.0,,,FI001C,FI,,2022,unemployed_total,"Persons unemployed, total"
A,EC1010V,FI001C,2023,40370.0,,,FI001C,FI,,2023,unemployed_total,"Persons unemployed, total"
A,EC1010V,FI002C,2015,21033.0,,,FI002C,FI,,2015,unemployed_total,"Persons unemployed, total"
A,EC1010V,FI002C,2016,20669.0,,,FI002C,FI,,2016,unemployed_total,"Persons unemployed, total"
A,EC1010V,FI002C,2017,16522.0,,,FI002C,FI,,2017,unemployed_total,"Persons unemployed, total"
A,EC1010V,FI002C,2018,13162.0,,,FI002C,FI,,2018,unemployed_total,"Persons unemployed, total"
A,EC1010V,FI002C,2019,13712.0,,,FI002C,FI,,2019,unemployed_total,"Persons unemployed, total"
A,EC1010V,FI002C,2020,17841.0,,,FI002C,FI,,2020,unemployed_total,"Persons unemployed, total"
A,EC1010V,FI002C,2021,13552.0,,,FI002C,FI,,2021,unemployed_total,"Persons unemployed, total"
A,EC1010V,FI002C,2022,12603.0,,,FI002C,FI,,2022,unemployed_total,"Persons unemployed, total"
A,EC1010V,FI002C,2023,16075.0,,,FI002C,FI,,2023,unemployed_total,"Persons unemployed, total"
A,EC1010V,FI003C,2015,15830.0,,,FI003C,FI,,2015,unemployed_total,"Persons unemployed, total"
A,EC1010V,FI003C,2016,15273.0,,,FI003C,FI,,2016,unemployed_total,"Persons unemployed, total"
A,EC1010V,FI003C,2017,12876.0,,,FI003C,FI,,2017,unemployed_total,"Persons unemployed, total"
A,EC1010V,FI003C,2018,11327.0,,,FI003C,FI,,2018,unemployed_total,"Persons unemployed, total"
A,EC1010V,FI003C,2019,10797.0,,,FI003C,FI,,2019,unemployed_total,"Persons unemployed, total"
A,EC1010V,FI003C,2020,15303.0,,,FI003C,FI,,2020,unemployed_total,"Persons unemployed, total"
A,EC1010V,FI003C,2021,12256.0,,,FI003C,FI,,2021,unemployed_total,"Persons unemployed, total"
A,EC1010V,FI003C,2022,11520.0,,,FI003C,FI,,2022,unemployed_total,"Persons unemployed, total"
A,EC1010V,FI003C,2023,12400.0,,,FI003C,FI,,2023,unemployed_total,"Persons unemployed, total"
A,EC1010V,FI004C,2015,16713.0,,,FI004C,FI,,2015,unemployed_total,"Persons unemployed, total"
A,EC1010V,FI004C,2016,16272.0,,,FI004C,FI,,2016,unemployed_total,"Persons unemployed, total"
A,EC1010V,FI004C,2017,13650.0,,,FI004C,FI,,2017,unemployed_total,"Persons unemployed, total"
A,EC1010V,FI004C,2018,11684.0,,,FI004C,FI,,2018,unemployed_total,"Persons unemployed, total"
A,EC1010V,FI004C,2019,11721.0,,,FI004C,FI,,2019,unemployed_total,"Persons unemployed, total"
A,EC1010V,FI004C,2020,14244.0,,,FI004C,FI,,2020,unemployed_total,"Persons unemployed, total"
A,EC1010V,FI004C,2021,12046.0,,,FI004C,FI,,2021,unemployed_total,"Persons unemployed, total"
A,EC1010V,FI004C,2022,12605.0,,,FI004C,FI,,2022,unemployed_total,"Persons unemployed, total"
A,EC1010V,FI004C,2023,14083.0,,,FI004C,FI,,2023,unemployed_total,"Persons unemployed, total"
A,EC1010V,FI005C,2015,14858.0,,,FI005C,FI,,2015,unemployed_total,"Persons unemployed, total"
A,EC1010V,FI005C,2016,14283.0,,,FI005C,FI,,2016,unemployed_total,"Persons unemployed, total"
A,EC1010V,FI005C,2017,12259.0,,,FI005C,FI,,2017,unemployed_total,"Persons unemployed, total"
A,EC1010V,FI005C,2018,11272.0,,,FI005C,FI,,2018,unemployed_total,"Persons unemployed, total"
A,EC1010V,FI005C,2019,11125.0,,,FI005C,FI,,2019,unemployed_total,"Persons unemployed, total"
A,EC1010V,FI005C,2020,17321.0,,,FI005C,FI,,2020,unemployed_total,"Persons unemployed, total"
A,EC1010V,FI005C,2021,13711.0,,,FI005C,FI,,2021,unemployed_total,"Persons unemployed, total"
A,EC1010V,FI005C,2022,12914.0,,,FI005C,FI,,2022,unemployed_total,"Persons unemployed, total"
A,EC1010V,FI005C,2023,15027.0,,,FI005C,FI,,2023,unemployed_total,"Persons unemployed, total"
A,EC1010V,FI006C,2015,14007.0,,,FI006C,FI,,2015,unemployed_total,"Persons unemployed, total"
A,EC1010V,FI006C,2016,13671.0,,,FI006C,FI,,2016,unemployed_total,"Persons unemployed, total"
A,EC1010V,FI006C,2017,11666.0,,,FI006C,FI,,2017,unemployed_total,"Persons unemployed, total"
A,EC1010V,FI006C,2018,10300.0,,,FI006C,FI,,2018,unemployed_total,"Persons unemployed, total"
A,EC1010V,FI006C,2019,10458.0,,,FI006C,FI,,2019,unemployed_total,"Persons unemployed, total"
A,EC1010V,FI006C,2020,18116.0,,,FI006C,FI,,2020,unemployed_total,"Persons unemployed, total"
A,EC1010V,FI006C,2021,15080.0,,,FI006C,FI,,2021,unemployed_total,"Persons unemployed, total"
A,EC1010V,FI006C,2022,13659.0,,,FI006C,FI,,2022,unemployed_total,"Persons unemployed, total"
A,EC1010V,FI006C,2023,15681.0,,,FI006C,FI,,2023,unemployed_total,"Persons unemployed, total"
A,EC1010V,FI007C,2015,10451.0,,,FI007C,FI,,2015,unemployed_total,"Persons unemployed, total"
A,EC1010V,FI007C,2016,10074.0,,,FI007C,FI,,2016,unemployed_total,"Persons unemployed, total"
A,EC1010V,FI007C,2017,8996.0,,,FI007C,FI,,2017,unemployed_total,"Persons unemployed, total"
A,EC1010V,FI007C,2018,8082.0,,,FI007C,FI,,2018,unemployed_total,"Persons unemployed, total"
A,EC1010V,FI007C,2019,7604.0,,,FI007C,FI,,2019,unemployed_total,"Persons unemployed, total"
A,EC1010V,FI007C,2020,9981.0,,,FI007C,FI,,2020,unemployed_total,"Persons unemployed, total"
A,EC1010V,FI007C,2021,8162.0,,,FI007C,FI,,2021,unemployed_total,"Persons unemployed, total"
A,EC1010V,FI007C,2022,7727.0,,,FI007C,FI,,2022,unemployed_total,"Persons unemployed, total"
A,EC1010V,FI007C,2023,8298.0,,,FI007C,FI,,2023,unemployed_total,"Persons unemployed, total"
A,EC1010V,FI008C,2015,8133.0,,,FI008C,FI,,2015,unemployed_total,"Persons unemployed, total"
A,EC1010V,FI008C,2016,7704.0,,,FI008C,FI,,2016,unemployed_total,"Persons unemployed, total"
A,EC1010V,FI008C,2017,6691.0,,,FI008C,FI,,2017,unemployed_total,"Persons unemployed, total"
A,EC1010V,FI008C,2018,5934.0,,,FI008C,FI,,2018,unemployed_total,"Persons unemployed, total"
A,EC1010V,FI008C,2019,6163.0,,,FI008C,FI,,2019,unemployed_total,"Persons unemployed, total"
A,EC1010V,FI008C,2020,7500.0,,,FI008C,FI,,2020,unemployed_total,"Persons unemployed, total"
A,EC1010V,FI008C,2021,6084.0,,,FI008C,FI,,2021,unemployed_total,"Persons unemployed, total"
A,EC1010V,FI008C,2022,5882.0,,,FI008C,FI,,2022,unemployed_total,"Persons unemployed, total"
A,EC1010V,FI008C,2023,6799.0,,,FI008C,FI,,2023,unemployed_total,"Persons unemployed, total"
A,EC1010V,FI009C,2015,11931.0,,,FI009C,FI,,2015,unemployed_total,"Persons unemployed, total"
A,EC1010V,FI009C,2016,11411.0,,,FI009C,FI,,2016,unemployed_total,"Persons unemployed, total"
A,EC1010V,FI009C,2017,9689.0,,,FI009C,FI,,2017,unemployed_total,"Persons unemployed, total"
A,EC1010V,FI009C,2018,8831.0,,,FI009C,FI,,2018,unemployed_total,"Persons unemployed, total"
A,EC1010V,FI009C,2019,8802.0,,,FI009C,FI,,2019,unemployed_total,"Persons unemployed, total"
A,EC1010V,FI009C,2020,11129.0,,,FI009C,FI,,2020,unemployed_total,"Persons unemployed, total"
A,EC1010V,FI009C,2021,9383.0,,,FI009C,FI,,2021,unemployed_total,"Persons unemployed, total"
A,EC1010V,FI009C,2022,8869.0,,,FI009C,FI,,2022,unemployed_total,"Persons unemployed, total"
A,EC1010V,FI009C,2023,10362.0,,,FI009C,FI,,2023,unemployed_total,"Persons unemployed, total"
A,EC1010V,FR,2015,4389354.0,d,,FR,FR,,2015,unemployed_total,"Persons unemployed, total"
A,EC1010V,FR,2016,4356380.0,d,,FR,FR,,2016,unemployed_total,"Persons unemployed, total"
A,EC1010V,FR,2017,4315187.0,d,,FR,FR,,2017,unemployed_total,"Persons unemployed, total"
A,EC1010V,FR,2018,4155196.0,d,,FR,FR,,2018,unemployed_total,"Persons unemployed, total"
A,EC1010V,FR,2019,4169655.0,d,,FR,FR,,2019,unemployed_total,"Persons unemployed, total"
A,EC1010V,FR,2020,3977294.0,d,,FR,FR,,2020,unemployed_total,"Persons unemployed, total"
A,EC1010V,FR,2021,3809700.0,d,,FR,FR,,2021,unemployed_total,"Persons unemployed, total"
A,EC1010V,FR,2022,3718507.0,d,,FR,FR,,2022,unemployed_total,"Persons unemployed, total"
A,EC1010V,FR001C,2015,677693.0,d,,FR001C,FR,,2015,unemployed_total,"Persons unemployed, total"
A,EC1010V,FR001C,2016,671804.0,d,,FR001C,FR,,2016,unemployed_total,"Persons unemployed, total"
A,EC1010V,FR001C,2017,665004.0,d,,FR001C,FR,,2017,unemployed_total,"Persons unemployed, total"
A,EC1010V,FR001C,2018,649590.0,d,,FR001C,FR,,2018,unemployed_total,"Persons unemployed, total"
A,EC1010V,FR001C,2019,652329.0,d,,FR001C,FR,,2019,unemployed_total,"Persons unemployed, total"
A,EC1010V,FR001C,2020,631484.0,d,,FR001C,FR,,2020,unemployed_total,"Persons unemployed, total"
A,EC1010V,FR001C,2021,614747.0,d,,FR001C,FR,,2021,unemployed_total,"Persons unemployed, total"
A,EC1010V,FR001C,2022,609212.0,d,,FR001C,FR,,2022,unemployed_total,"Persons unemployed, total"
A,EC1010V,FR002C,2015,87276.0,d,,FR002C,FR,,2015,unemployed_total,"Persons unemployed, total"
A,EC1010V,FR002C,2016,86273.0,d,,FR002C,FR,,2016,unemployed_total,"Persons unemployed, total"
A,EC1010V,FR002C,2017,84832.0,d,,FR002C,FR,,2017,unemployed_total,"Persons unemployed, total"
A,EC1010V,FR002C,2018,82855.0,d,,FR002C,FR,,2018,unemployed_total,"Persons unemployed, total"
A,EC1010V,FR002C,2019,83550.0,d,,FR002C,FR,,2019,unemployed_total,"Persons unemployed, total"
A,EC1010V,FR002C,2020,80614.0,d,,FR002C,FR,,2020,unemployed_total,"Persons unemployed, total"
A,EC1010V,FR002C,2021,78088.0,d,,FR002C,FR,,2021,unemployed_total,"Persons unemployed, total"
A,EC1010V,FR002C,2022,77508.0,d,,FR002C,FR,,2022,unemployed_total,"Persons unemployed, total"
A,EC1010V,FR003C,2015,80671.0,d,,FR003C,FR,,2015,unemployed_total,"Persons unemployed, total"
A,EC1010V,FR003C,2016,80243.0,d,,FR003C,FR,,2016,unemployed_total,"Persons unemployed, total"
A,EC1010V,FR003C,2017,79159.0,d,,FR003C,FR,,2017,unemployed_total,"Persons unemployed, total"
A,EC1010V,FR003C,2018,76974.0,d,,FR003C,FR,,2018,unemployed_total,"Persons unemployed, total"
A,EC1010V,FR003C,2019,77435.0,d,,FR003C,FR,,2019,unemployed_total,"Persons unemployed, total"
A,EC1010V,FR003C,2020,74234.0,d,,FR003C,FR,,2020,unemployed_total,"Persons unemployed, total"
A,EC1010V,FR003C,2021,71131.0,d,,FR003C,FR,,2021,unemployed_total,"Persons unemployed, total"
A,EC1010V,FR003C,2022,68963.0,d,,FR003C,FR,,2022,unemployed_total,"Persons unemployed, total"
A,EC1010V,FR004C,2015,73243.0,d,,FR004C,FR,,2015,unemployed_total,"Persons unemployed, total"
A,EC1010V,FR004C,2016,72291.0,d,,FR004C,FR,,2016,unemployed_total,"Persons unemployed, total"
A,EC1010V,FR004C,2017,69761.0,d,,FR004C,FR,,2017,unemployed_total,"Persons unemployed, total"
A,EC1010V,FR004C,2018,67230.0,d,,FR004C,FR,,2018,unemployed_total,"Persons unemployed, total"
A,EC1010V,FR004C,2019,67520.0,d,,FR004C,FR,,2019,unemployed_total,"Persons unemployed, total"
A,EC1010V,FR004C,2020,63711.0,d,,FR004C,FR,,2020,unemployed_total,"Persons unemployed, total"
A,EC1010V,FR004C,2021,59613.0,d,,FR004C,FR,,2021,unemployed_total,"Persons unemployed, total"
A,EC1010V,FR004C,2022,57388.0,d,,FR004C,FR,,2022,unemployed_total,"Persons unemployed, total"
A,EC1010V,FR005C,2015,52182.0,d,,FR005C,FR,,2015,unemployed_total,"Persons unemployed, total"
A,EC1010V,FR005C,2016,52253.0,d,,FR005C,FR,,2016,unemployed_total,"Persons unemployed, total"
A,EC1010V,FR005C,2017,51491.0,d,,FR005C,FR,,2017,unemployed_total,"Persons unemployed, total"
A,EC1010V,FR005C,2018,49296.0,d,,FR005C,FR,,2018,unemployed_total,"Persons unemployed, total"
A,EC1010V,FR005C,2019,50247.0,d,,FR005C,FR,,2019,unemployed_total,"Persons unemployed, total"
A,EC1010V,FR005C,2020,47453.0,d,,FR005C,FR,,2020,unemployed_total,"Persons unemployed, total"
A,EC1010V,FR005C,2021,45962.0,d,,FR005C,FR,,2021,unemployed_total,"Persons unemployed, total"
A,EC1010V,FR005C,2022,45265.0,d,,FR005C,FR,,2022,unemployed_total,"Persons unemployed, total"
A,EC1010V,FR006C,2015,57960.0,d,,FR006C,FR,,2015,unemployed_total,"Persons unemployed, total"
A,EC1010V,FR006C,2016,57928.0,d,,FR006C,FR,,2016,unemployed_total,"Persons unemployed, total"
A,EC1010V,FR006C,2017,55790.0,d,,FR006C,FR,,2017,unemployed_total,"Persons unemployed, total"
A,EC1010V,FR006C,2018,53675.0,d,,FR006C,FR,,2018,unemployed_total,"Persons unemployed, total"
A,EC1010V,FR006C,2019,54563.0,d,,FR006C,FR,,2019,unemployed_total,"Persons unemployed, total"
A,EC1010V,FR006C,2020,52985.0,d,,FR006C,FR,,2020,unemployed_total,"Persons unemployed, total"
A,EC1010V,FR006C,2021,51399.0,d,,FR006C,FR,,2021,unemployed_total,"Persons unemployed, total"
A,EC1010V,FR006C,2022,52233.0,d,,FR006C,FR,,2022,unemployed_total,"Persons unemployed, total"
A,EC1010V,FR007C,2015,35042.0,d,,FR007C,FR,,2015,unemployed_total,"Persons unemployed, total"
A,EC1010V,FR007C,2016,35038.0,d,,FR007C,FR,,2016,unemployed_total,"Persons unemployed, total"
A,EC1010V,FR007C,2017,34495.0,d,,FR007C,FR,,2017,unemployed_total,"Persons unemployed, total"
A,EC1010V,FR007C,2018,33753.0,d,,FR007C,FR,,2018,unemployed_total,"Persons unemployed, total"
A,EC1010V,FR007C,2019,34296.0,d,,FR007C,FR,,2019,unemployed_total,"Persons unemployed, total"
A,EC1010V,FR007C,2020,32234.0,d,,FR007C,FR,,2020,unemployed_total,"Persons unemployed, total"
A,EC1010V,FR007C,2021,31200.0,d,,FR007C,FR,,2021,unemployed_total,"Persons unemployed, total"
A,EC1010V,FR007C,2022,30983.0,d,,FR007C,FR,,2022,unemployed_total,"Persons unemployed, total"
A,EC1010V,FR008C,2015,30543.0,d,,FR008C,FR,,2015,unemployed_total,"Persons unemployed, total"
A,EC1010V,FR008C,2016,30232.0,d,,FR008C,FR,,2016,unemployed_total,"Persons unemployed, total"
A,EC1010V,FR008C,2017,29607.0,d,,FR008C,FR,,2017,unemployed_total,"Persons unemployed, total"
A,EC1010V,FR008C,2018,28464.0,d,,FR008C,FR,,2018,unemployed_total,"Persons unemployed, total"
A,EC1010V,FR008C,2019,28684.0,d,,FR008C,FR,,2019,unemployed_total,"Persons unemployed, total"
A,EC1010V,FR008C,2020,27720.0,d,,FR008C,FR,,2020,unemployed_total,"Persons unemployed, total"
A,EC1010V,FR008C,2021,26847.0,d,,FR008C,FR,,2021,unemployed_total,"Persons unemployed, total"
A,EC1010V,FR008C,2022,26426.0,d,,FR008C,FR,,2022,unemployed_total,"Persons unemployed, total"
A,EC1010V,FR009C,2015,34164.0,d,,FR009C,FR,,2015,unemployed_total,"Persons unemployed, total"
A,EC1010V,FR009C,2016,34102.0,d,,FR009C,FR,,2016,unemployed_total,"Persons unemployed, total"
A,EC1010V,FR009C,2017,33675.0,d,,FR009C,FR,,2017,unemployed_total,"Persons unemployed, total"
A,EC1010V,FR009C,2018,32930.0,d,,FR009C,FR,,2018,unemployed_total,"Persons unemployed, total"
A,EC1010V,FR009C,2019,33358.0,d,,FR009C,FR,,2019,unemployed_total,"Persons unemployed, total"
A,EC1010V,FR009C,2020,32307.0,d,,FR009C,FR,,2020,unemployed_total,"Persons unemployed, total"
A,EC1010V,FR009C,2021,31399.0,d,,FR009C,FR,,2021,unemployed_total,"Persons unemployed, total"
A,EC1010V,FR009C,2022,31185.0,d,,FR009C,FR,,2022,unemployed_total,"Persons unemployed, total"
A,EC1010V,FR010C,2015,26997.0,d,,FR010C,FR,,2015,unemployed_total,"Persons unemployed, total"
A,EC1010V,FR010C,2016,26879.0,d,,FR010C,FR,,2016,unemployed_total,"Persons unemployed, total"
A,EC1010V,FR010C,2017,26492.0,d,,FR010C,FR,,2017,unemployed_total,"Persons unemployed, total"
A,EC1010V,FR010C,2018,26229.0,d,,FR010C,FR,,2018,unemployed_total,"Persons unemployed, total"
A,EC1010V,FR010C,2019,26248.0,d,,FR010C,FR,,2019,unemployed_total,"Persons unemployed, total"
A,EC1010V,FR010C,2020,25274.0,d,,FR010C,FR,,2020,unemployed_total,"Persons unemployed, total"
A,EC1010V,FR010C,2021,23945.0,d,,FR010C,FR,,2021,unemployed_total,"Persons unemployed, total"
A,EC1010V,FR010C,2022,23674.0,d,,FR010C,FR,,2022,unemployed_total,"Persons unemployed, total"
A,EC1010V,FR011C,2015,31260.0,d,,FR011C,FR,,2015,unemployed_total,"Persons unemployed, total"
A,EC1010V,FR011C,2016,31679.0,d,,FR011C,FR,,2016,unemployed_total,"Persons unemployed, total"
A,EC1010V,FR011C,2017,31769.0,d,,FR011C,FR,,2017,unemployed_total,"Persons unemployed, total"
A,EC1010V,FR011C,2018,31489.0,d,,FR011C,FR,,2018,unemployed_total,"Persons unemployed, total"
A,EC1010V,FR011C,2019,32090.0,d,,FR011C,FR,,2019,unemployed_total,"Persons unemployed, total"
A,EC1010V,FR011C,2020,31136.0,d,,FR011C,FR,,2020,unemployed_total,"Persons unemployed, total"
A,EC1010V,FR011C,2021,30290.0,d,,FR011C,FR,,2021,unemployed_total,"Persons unemployed, total"
A,EC1010V,FR011C,2022,30643.0,d,,FR011C,FR,,2022,unemployed_total,"Persons unemployed, total"
A,EC1010V,FR012C,2015,24571.0,d,,FR012C,FR,,2015,unemployed_total,"Persons unemployed, total"
A,EC1010V,FR012C,2016,24452.0,d,,FR012C,FR,,2016,unemployed_total,"Persons unemployed, total"
A,EC1010V,FR012C,2017,24155.0,d,,FR012C,FR,,2017,unemployed_total,"Persons unemployed, total"
A,EC1010V,FR012C,2018,23295.0,d,,FR012C,FR,,2018,unemployed_total,"Persons unemployed, total"
A,EC1010V,FR012C,2019,23332.0,d,,FR012C,FR,,2019,unemployed_total,"Persons unemployed, total"
A,EC1010V,FR012C,2020,22607.0,d,,FR012C,FR,,2020,unemployed_total,"Persons unemployed, total"
A,EC1010V,FR012C,2021,21694.0,d,,FR012C,FR,,2021,unemployed_total,"Persons unemployed, total"
A,EC1010V,FR012C,2022,21534.0,d,,FR012C,FR,,2022,unemployed_total,"Persons unemployed, total"
A,EC1010V,FR013C,2015,18611.0,d,,FR013C,FR,,2015,unemployed_total,"Persons unemployed, total"
A,EC1010V,FR013C,2016,18382.0,d,,FR013C,FR,,2016,unemployed_total,"Persons unemployed, total"
A,EC1010V,FR013C,2017,18622.0,d,,FR013C,FR,,2017,unemployed_total,"Persons unemployed, total"
A,EC1010V,FR013C,2018,18384.0,d,,FR013C,FR,,2018,unemployed_total,"Persons unemployed, total"
A,EC1010V,FR013C,2019,18533.0,d,,FR013C,FR,,2019,unemployed_total,"Persons unemployed, total"
A,EC1010V,FR013C,2020,17903.0,d,,FR013C,FR,,2020,unemployed_total,"Persons unemployed, total"
A,EC1010V,FR013C,2021,17213.0,d,,FR013C,FR,,2021,unemployed_total,"Persons unemployed, total"
A,EC1010V,FR013C,2022,16631.0,d,,FR013C,FR,,2022,unemployed_total,"Persons unemployed, total"
A,EC1010V,FR014C,2015,16143.0,d,,FR014C,FR,,2015,unemployed_total,"Persons unemployed, total"
A,EC1010V,FR014C,2016,16330.0,d,,FR014C,FR,,2016,unemployed_total,"Persons unemployed, total"
A,EC1010V,FR014C,2017,16219.0,d,,FR014C,FR,,2017,unemployed_total,"Persons unemployed, total"
A,EC1010V,FR014C,2018,15710.0,d,,FR014C,FR,,2018,unemployed_total,"Persons unemployed, total"
A,EC1010V,FR014C,2019,15864.0,d,,FR014C,FR,,2019,unemployed_total,"Persons unemployed, total"
A,EC1010V,FR014C,2020,15027.0,d,,FR014C,FR,,2020,unemployed_total,"Persons unemployed, total"
A,EC1010V,FR014C,2021,14415.0,d,,FR014C,FR,,2021,unemployed_total,"Persons unemployed, total"
A,EC1010V,FR014C,2022,13627.0,d,,FR014C,FR,,2022,unemployed_total,"Persons unemployed, total"
A,EC1010V,FR015C,2015,15546.0,d,,FR015C,FR,,2015,unemployed_total,"Persons unemployed, total"
A,EC1010V,FR015C,2016,15786.0,d,,FR015C,FR,,2016,unemployed_total,"Persons unemployed, total"
A,EC1010V,FR015C,2017,15339.0,d,,FR015C,FR,,2017,unemployed_total,"Persons unemployed, total"
A,EC1010V,FR015C,2018,15097.0,d,,FR015C,FR,,2018,unemployed_total,"Persons unemployed, total"
A,EC1010V,FR015C,2019,15429.0,d,,FR015C,FR,,2019,unemployed_total,"Persons unemployed, total"
A,EC1010V,FR015C,2020,14408.0,d,,FR015C,FR,,2020,unemployed_total,"Persons unemployed, total"
A,EC1010V,FR015C,2021,14023.0,d,,FR015C,FR,,2021,unemployed_total,"Persons unemployed, total"
A,EC1010V,FR015C,2022,13607.0,d,,FR015C,FR,,2022,unemployed_total,"Persons unemployed, total"
A,EC1010V,FR016C,2015,19671.0,d,,FR016C,FR,,2015,unemployed_total,"Persons unemployed, total"
A,EC1010V,FR016C,2016,19845.0,d,,FR016C,FR,,2016,unemployed_total,"Persons unemployed, total"
A,EC1010V,FR016C,2017,19625.0,d,,FR016C,FR,,2017,unemployed_total,"Persons unemployed, total"
A,EC1010V,FR016C,2018,19207.0,d,,FR016C,FR,,2018,unemployed_total,"Persons unemployed, total"
A,EC1010V,FR016C,2019,19456.0,d,,FR016C,FR,,2019,unemployed_total,"Persons unemployed, total"
A,EC1010V,FR016C,2020,18631.0,d,,FR016C,FR,,2020,unemployed_total,"Persons unemployed, total"
A,EC1010V,FR016C,2021,18112.0,d,,FR016C,FR,,2021,unemployed_total,"Persons unemployed, total"
A,EC1010V,FR016C,2022,18065.0,d,,FR016C,FR,,2022,unemployed_total,"Persons unemployed, total"
A,EC1010V,FR017C,2015,17779.0,d,,FR017C,FR,,2015,unemployed_total,"Persons unemployed, total"
A,EC1010V,FR017C,2016,17738.0,d,,FR017C,FR,,2016,unemployed_total,"Persons unemployed, total"
A,EC1010V,FR017C,2017,17496.0,d,,FR017C,FR,,2017,unemployed_total,"Persons unemployed, total"
A,EC1010V,FR017C,2018,16847.0,d,,FR017C,FR,,2018,unemployed_total,"Persons unemployed, total"
A,EC1010V,FR017C,2019,16798.0,d,,FR017C,FR,,2019,unemployed_total,"Persons unemployed, total"
A,EC1010V,FR017C,2020,16050.0,d,,FR017C,FR,,2020,unemployed_total,"Persons unemployed, total"
A,EC1010V,FR017C,2021,15334.0,d,,FR017C,FR,,2021,unemployed_total,"Persons unemployed, total"
A,EC1010V,FR017C,2022,15147.0,d,,FR017C,FR,,2022,unemployed_total,"Persons unemployed, total"
A,EC1010V,FR018C,2015,16557.0,d,,FR018C,FR,,2015,unemployed_total,"Persons unemployed, total"
A,EC1010V,FR018C,2016,16517.0,d,,FR018C,FR,,2016,unemployed_total,"Persons unemployed, total"
A,EC1010V,FR018C,2017,16538.0,d,,FR018C,FR,,2017,unemployed_total,"Persons unemployed, total"
A,EC1010V,FR018C,2018,16204.0,d,,FR018C,FR,,2018,unemployed_total,"Persons unemployed, total"
A,EC1010V,FR018C,2019,16229.0,d,,FR018C,FR,,2019,unemployed_total,"Persons unemployed, total"
A,EC1010V,FR018C,2020,15688.0,d,,FR018C,FR,,2020,unemployed_total,"Persons unemployed, total"
A,EC1010V,FR018C,2021,15264.0,d,,FR018C,FR,,2021,unemployed_total,"Persons unemployed, total"
A,EC1010V,FR018C,2022,14891.0,d,,FR018C,FR,,2022,unemployed_total,"Persons unemployed, total"
A,EC1010V,FR019C,2015,17890.0,d,,FR019C,FR,,2015,unemployed_total,"Persons unemployed, total"
A,EC1010V,FR019C,2016,17703.0,d,,FR019C,FR,,2016,unemployed_total,"Persons unemployed, total"
A,EC1010V,FR019C,2017,17306.0,d,,FR019C,FR,,2017,unemployed_total,"Persons unemployed, total"
A,EC1010V,FR019C,2018,16857.0,d,,FR019C,FR,,2018,unemployed_total,"Persons unemployed, total"
A,EC1010V,FR019C,2019,16844.0,d,,FR019C,FR,,2019,unemployed_total,"Persons unemployed, total"
A,EC1010V,FR019C,2020,15868.0,d,,FR019C,FR,,2020,unemployed_total,"Persons unemployed, total"
A,EC1010V,FR019C,2021,15172.0,d,,FR019C,FR,,2021,unemployed_total,"Persons unemployed, total"
A,EC1010V,FR019C,2022,15107.0,d,,FR019C,FR,,2022,unemployed_total,"Persons unemployed, total"
A,EC1010V,FR020C,2015,13595.0,d,,FR020C,FR,,2015,unemployed_total,"Persons unemployed, total"
A,EC1010V,FR020C,2016,13574.0,d,,FR020C,FR,,2016,unemployed_total,"Persons unemployed, total"
A,EC1010V,FR020C,2017,13607.0,d,,FR020C,FR,,2017,unemployed_total,"Persons unemployed, total"
A,EC1010V,FR020C,2018,13431.0,d,,FR020C,FR,,2018,unemployed_total,"Persons unemployed, total"
A,EC1010V,FR020C,2019,13487.0,d,,FR020C,FR,,2019,unemployed_total,"Persons unemployed, total"
A,EC1010V,FR020C,2020,13090.0,d,,FR020C,FR,,2020,unemployed_total,"Persons unemployed, total"
A,EC1010V,FR020C,2021,12743.0,d,,FR020C,FR,,2021,unemployed_total,"Persons unemployed, total"
A,EC1010V,FR020C,2022,12486.0,d,,FR020C,FR,,2022,unemployed_total,"Persons unemployed, total"
A,EC1010V,FR021C,2015,14151.0,d,,FR021C,FR,,2015,unemployed_total,"Persons unemployed, total"
A,EC1010V,FR021C,2016,14204.0,d,,FR021C,FR,,2016,unemployed_total,"Persons unemployed, total"
A,EC1010V,FR021C,2017,14290.0,d,,FR021C,FR,,2017,unemployed_total,"Persons unemployed, total"
A,EC1010V,FR021C,2018,14264.0,d,,FR021C,FR,,2018,unemployed_total,"Persons unemployed, total"
A,EC1010V,FR021C,2019,14386.0,d,,FR021C,FR,,2019,unemployed_total,"Persons unemployed, total"
A,EC1010V,FR021C,2020,13648.0,d,,FR021C,FR,,2020,unemployed_total,"Persons unemployed, total"
A,EC1010V,FR021C,2021,13146.0,d,,FR021C,FR,,2021,unemployed_total,"Persons unemployed, total"
A,EC1010V,FR021C,2022,12786.0,d,,FR021C,FR,,2022,unemployed_total,"Persons unemployed, total"
A,EC1010V,FR022C,2015,18458.0,d,,FR022C,FR,,2015,unemployed_total,"Persons unemployed, total"
A,EC1010V,FR022C,2016,18168.0,d,,FR022C,FR,,2016,unemployed_total,"Persons unemployed, total"
A,EC1010V,FR022C,2017,17876.0,d,,FR022C,FR,,2017,unemployed_total,"Persons unemployed, total"
A,EC1010V,FR022C,2018,17842.0,d,,FR022C,FR,,2018,unemployed_total,"Persons unemployed, total"
A,EC1010V,FR022C,2019,17766.0,d,,FR022C,FR,,2019,unemployed_total,"Persons unemployed, total"
A,EC1010V,FR022C,2020,16555.0,d,,FR022C,FR,,2020,unemployed_total,"Persons unemployed, total"
A,EC1010V,FR022C,2021,15800.0,d,,FR022C,FR,,2021,unemployed_total,"Persons unemployed, total"
A,EC1010V,FR022C,2022,15448.0,d,,FR022C,FR,,2022,unemployed_total,"Persons unemployed, total"
A,EC1010V,FR023C,2015,17338.0,d,,FR023C,FR,,2015,unemployed_total,"Persons unemployed, total"
A,EC1010V,FR023C,2016,17346.0,d,,FR023C,FR,,2016,unemployed_total,"Persons unemployed, total"
A,EC1010V,FR023C,2017,16929.0,d,,FR023C,FR,,2017,unemployed_total,"Persons unemployed, total"
A,EC1010V,FR023C,2018,16551.0,d,,FR023C,FR,,2018,unemployed_total,"Persons unemployed, total"
A,EC1010V,FR023C,2019,16649.0,d,,FR023C,FR,,2019,unemployed_total,"Persons unemployed, total"
A,EC1010V,FR023C,2020,16458.0,d,,FR023C,FR,,2020,unemployed_total,"Persons unemployed, total"
A,EC1010V,FR023C,2021,16082.0,d,,FR023C,FR,,2021,unemployed_total,"Persons unemployed, total"
A,EC1010V,FR023C,2022,15788.0,d,,FR023C,FR,,2022,unemployed_total,"Persons unemployed, total"
A,EC1010V,FR024C,2015,17426.0,d,,FR024C,FR,,2015,unemployed_total,"Persons unemployed, total"
A,EC1010V,FR024C,2016,17301.0,d,,FR024C,FR,,2016,unemployed_total,"Persons unemployed, total"
A,EC1010V,FR024C,2017,17049.0,d,,FR024C,FR,,2017,unemployed_total,"Persons unemployed, total"
A,EC1010V,FR024C,2018,16455.0,d,,FR024C,FR,,2018,unemployed_total,"Persons unemployed, total"
A,EC1010V,FR024C,2019,16624.0,d,,FR024C,FR,,2019,unemployed_total,"Persons unemployed, total"
A,EC1010V,FR024C,2020,15695.0,d,,FR024C,FR,,2020,unemployed_total,"Persons unemployed, total"
A,EC1010V,FR024C,2021,15055.0,d,,FR024C,FR,,2021,unemployed_total,"Persons unemployed, total"
A,EC1010V,FR024C,2022,14664.0,d,,FR024C,FR,,2022,unemployed_total,"Persons unemployed, total"
A,EC1010V,FR025C,2015,19902.0,d,,FR025C,FR,,2015,unemployed_total,"Persons unemployed, total"
A,EC1010V,FR025C,2016,19416.0,d,,FR025C,FR,,2016,unemployed_total,"Persons unemployed, total"
A,EC1010V,FR025C,2017,18866.0,d,,FR025C,FR,,2017,unemployed_total,"Persons unemployed, total"
A,EC1010V,FR025C,2018,18604.0,d,,FR025C,FR,,2018,unemployed_total,"Persons unemployed, total"
A,EC1010V,FR025C,2019,18552.0,d,,FR025C,FR,,2019,unemployed_total,"Persons unemployed, total"
A,EC1010V,FR025C,2020,17463.0,d,,FR025C,FR,,2020,unemployed_total,"Persons unemployed, total"
A,EC1010V,FR025C,2021,16892.0,d,,FR025C,FR,,2021,unemployed_total,"Persons unemployed, total"
A,EC1010V,FR025C,2022,16445.0,d,,FR025C,FR,,2022,unemployed_total,"Persons unemployed, total"
A,EC1010V,FR026C,2015,20284.0,d,,FR026C,FR,,2015,unemployed_total,"Persons unemployed, total"
A,EC1010V,FR026C,2016,20106.0,d,,FR026C,FR,,2016,unemployed_total,"Persons unemployed, total"
A,EC1010V,FR026C,2017,19640.0,d,,FR026C,FR,,2017,unemployed_total,"Persons unemployed, total"
A,EC1010V,FR026C,2018,19185.0,d,,FR026C,FR,,2018,unemployed_total,"Persons unemployed, total"
A,EC1010V,FR026C,2019,19079.0,d,,FR026C,FR,,2019,unemployed_total,"Persons unemployed, total"
A,EC1010V,FR026C,2020,18064.0,d,,FR026C,FR,,2020,unemployed_total,"Persons unemployed, total"
A,EC1010V,FR026C,2021,17008.0,d,,FR026C,FR,,2021,unemployed_total,"Persons unemployed, total"
A,EC1010V,FR026C,2022,16232.0,d,,FR026C,FR,,2022,unemployed_total,"Persons unemployed, total"
A,EC1010V,FR027C,2015,13961.0,d,,FR027C,FR,,2015,unemployed_total,"Persons unemployed, total"
A,EC1010V,FR027C,2016,13970.0,d,,FR027C,FR,,2016,unemployed_total,"Persons unemployed, total"
A,EC1010V,FR027C,2017,13678.0,d,,FR027C,FR,,2017,unemployed_total,"Persons unemployed, total"
A,EC1010V,FR027C,2018,13097.0,d,,FR027C,FR,,2018,unemployed_total,"Persons unemployed, total"
A,EC1010V,FR027C,2019,13166.0,d,,FR027C,FR,,2019,unemployed_total,"Persons unemployed, total"
A,EC1010V,FR027C,2020,12432.0,d,,FR027C,FR,,2020,unemployed_total,"Persons unemployed, total"
A,EC1010V,FR027C,2021,11892.0,d,,FR027C,FR,,2021,unemployed_total,"Persons unemployed, total"
A,EC1010V,FR027C,2022,11788.0,d,,FR027C,FR,,2022,unemployed_total,"Persons unemployed, total"
A,EC1010V,FR028C,2015,13565.0,d,,FR028C,FR,,2015,unemployed_total,"Persons unemployed, total"
A,EC1010V,FR028C,2016,13451.0,d,,FR028C,FR,,2016,unemployed_total,"Persons unemployed, total"
A,EC1010V,FR028C,2017,13234.0,d,,FR028C,FR,,2017,unemployed_total,"Persons unemployed, total"
A,EC1010V,FR028C,2018,12725.0,d,,FR028C,FR,,2018,unemployed_total,"Persons unemployed, total"
A,EC1010V,FR028C,2019,12645.0,d,,FR028C,FR,,2019,unemployed_total,"Persons unemployed, total"
A,EC1010V,FR028C,2020,12105.0,d,,FR028C,FR,,2020,unemployed_total,"Persons unemployed, total"
A,EC1010V,FR028C,2021,11713.0,d,,FR028C,FR,,2021,unemployed_total,"Persons unemployed, total"
A,EC1010V,FR028C,2022,11331.0,d,,FR028C,FR,,2022,unemployed_total,"Persons unemployed, total"
A,EC1010V,FR029C,2015,13112.0,d,,FR029C,FR,,2015,unemployed_total,"Persons unemployed, total"
A,EC1010V,FR029C,2016,12981.0,d,,FR029C,FR,,2016,unemployed_total,"Persons unemployed, total"
A,EC1010V,FR029C,2017,12891.0,d,,FR029C,FR,,2017,unemployed_total,"Persons unemployed, total"
A,EC1010V,FR029C,2018,12629.0,d,,FR029C,FR,,2018,unemployed_total,"Persons unemployed, total"
A,EC1010V,FR029C,2019,12684.0,d,,FR029C,FR,,2019,unemployed_total,"Persons unemployed, total"
A,EC1010V,FR029C,2020,12245.0,d,,FR029C,FR,,2020,unemployed_total,"Persons unemployed, total"
A,EC1010V,FR029C,2021,11636.0,d,,FR029C,FR,,2021,unemployed_total,"Persons unemployed, total"
A,EC1010V,FR029C,2022,11494.0,d,,FR029C,FR,,2022,unemployed_total,"Persons unemployed, total"
A,EC1010V,FR030C,2015,20626.0,d,,FR030C,FR,,2015,unemployed_total,"Persons unemployed, total"
A,EC1010V,FR030C,2016,20464.0,d,,FR030C,FR,,2016,unemployed_total,"Persons unemployed, total"
A,EC1010V,FR030C,2017,20152.0,d,,FR030C,FR,,2017,unemployed_total,"Persons unemployed, total"
A,EC1010V,FR030C,2018,20394.0,d,,FR030C,FR,,2018,unemployed_total,"Persons unemployed, total"
A,EC1010V,FR030C,2019,20911.0,d,,FR030C,FR,,2019,unemployed_total,"Persons unemployed, total"
A,EC1010V,FR030C,2020,19794.0,d,,FR030C,FR,,2020,unemployed_total,"Persons unemployed, total"
A,EC1010V,FR030C,2021,19407.0,d,,FR030C,FR,,2021,unemployed_total,"Persons unemployed, total"
A,EC1010V,FR030C,2022,18677.0,d,,FR030C,FR,,2022,unemployed_total,"Persons unemployed, total"
A,EC1010V,FR031C,2015,14389.0,d,,FR031C,FR,,2015,unemployed_total,"Persons unemployed, total"
A,EC1010V,FR031C,2016,14428.0,d,,FR031C,FR,,2016,unemployed_total,"Persons unemployed, total"
A,EC1010V,FR031C,2017,14222.0,d,,FR031C,FR,,2017,unemployed_total,"Persons unemployed, total"
A,EC1010V,FR031C,2018,13806.0,d,,FR031C,FR,,2018,unemployed_total,"Persons unemployed, total"
A,EC1010V,FR031C,2019,13820.0,d,,FR031C,FR,,2019,unemployed_total,"Persons unemployed, total"
A,EC1010V,FR031C,2020,13081.0,d,,FR031C,FR,,2020,unemployed_total,"Persons unemployed, total"
A,EC1010V,FR031C,2021,12661.0,d,,FR031C,FR,,2021,unemployed_total,"Persons unemployed, total"
A,EC1010V,FR031C,2022,12601.0,d,,FR031C,FR,,2022,unemployed_total,"Persons unemployed, total"
A,EC1010V,FR032C,2015,11647.0,d,,FR032C,FR,,2015,unemployed_total,"Persons unemployed, total"
A,EC1010V,FR032C,2016,11390.0,d,,FR032C,FR,,2016,unemployed_total,"Persons unemployed, total"
A,EC1010V,FR032C,2017,11114.0,d,,FR032C,FR,,2017,unemployed_total,"Persons unemployed, total"
A,EC1010V,FR032C,2018,10726.0,d,,FR032C,FR,,2018,unemployed_total,"Persons unemployed, total"
A,EC1010V,FR032C,2019,10673.0,d,,FR032C,FR,,2019,unemployed_total,"Persons unemployed, total"
A,EC1010V,FR032C,2020,10245.0,d,,FR032C,FR,,2020,unemployed_total,"Persons unemployed, total"
A,EC1010V,FR032C,2021,9778.0,d,,FR032C,FR,,2021,unemployed_total,"Persons unemployed, total"
A,EC1010V,FR032C,2022,9717.0,d,,FR032C,FR,,2022,unemployed_total,"Persons unemployed, total"
A,EC1010V,FR033C,2015,9559.0,d,,FR033C,FR,,2015,unemployed_total,"Persons unemployed, total"
A,EC1010V,FR033C,2016,9382.0,d,,FR033C,FR,,2016,unemployed_total,"Persons unemployed, total"
A,EC1010V,FR033C,2017,8843.0,d,,FR033C,FR,,2017,unemployed_total,"Persons unemployed, total"
A,EC1010V,FR033C,2018,8431.0,d,,FR033C,FR,,2018,unemployed_total,"Persons unemployed, total"
A,EC1010V,FR033C,2019,8537.0,d,,FR033C,FR,,2019,unemployed_total,"Persons unemployed, total"
A,EC1010V,FR033C,2020,8059.0,d,,FR033C,FR,,2020,unemployed_total,"Persons unemployed, total"
A,EC1010V,FR033C,2021,7905.0,d,,FR033C,FR,,2021,unemployed_total,"Persons unemployed, total"
A,EC1010V,FR033C,2022,8167.0,d,,FR033C,FR,,2022,unemployed_total,"Persons unemployed, total"
A,EC1010V,FR034C,2015,11543.0,d,,FR034C,FR,,2015,unemployed_total,"Persons unemployed, total"
A,EC1010V,FR034C,2016,11752.0,d,,FR034C,FR,,2016,unemployed_total,"Persons unemployed, total"
A,EC1010V,FR034C,2017,11407.0,d,,FR034C,FR,,2017,unemployed_total,"Persons unemployed, total"
A,EC1010V,FR034C,2018,10841.0,d,,FR034C,FR,,2018,unemployed_total,"Persons unemployed, total"
A,EC1010V,FR034C,2019,10874.0,d,,FR034C,FR,,2019,unemployed_total,"Persons unemployed, total"
A,EC1010V,FR034C,2020,10183.0,d,,FR034C,FR,,2020,unemployed_total,"Persons unemployed, total"
A,EC1010V,FR034C,2021,9365.0,d,,FR034C,FR,,2021,unemployed_total,"Persons unemployed, total"
A,EC1010V,FR034C,2022,9158.0,d,,FR034C,FR,,2022,unemployed_total,"Persons unemployed, total"
A,EC1010V,FR035C,2015,13162.0,d,,FR035C,FR,,2015,unemployed_total,"Persons unemployed, total"
A,EC1010V,FR035C,2016,13044.0,d,,FR035C,FR,,2016,unemployed_total,"Persons unemployed, total"
A,EC1010V,FR035C,2017,12883.0,d,,FR035C,FR,,2017,unemployed_total,"Persons unemployed, total"
A,EC1010V,FR035C,2018,12639.0,d,,FR035C,FR,,2018,unemployed_total,"Persons unemployed, total"
A,EC1010V,FR035C,2019,12696.0,d,,FR035C,FR,,2019,unemployed_total,"Persons unemployed, total"
A,EC1010V,FR035C,2020,12909.0,d,,FR035C,FR,,2020,unemployed_total,"Persons unemployed, total"
A,EC1010V,FR035C,2021,12532.0,d,,FR035C,FR,,2021,unemployed_total,"Persons unemployed, total"
A,EC1010V,FR035C,2022,12339.0,d,,FR035C,FR,,2022,unemployed_total,"Persons unemployed, total"
A,EC1010V,FR036C,2015,13265.0,d,,FR036C,FR,,2015,unemployed_total,"Persons unemployed, total"
A,EC1010V,FR036C,2016,13335.0,d,,FR036C,FR,,2016,unemployed_total,"Persons unemployed, total"
A,EC1010V,FR036C,2017,13327.0,d,,FR036C,FR,,2017,unemployed_total,"Persons unemployed, total"
A,EC1010V,FR036C,2018,13105.0,d,,FR036C,FR,,2018,unemployed_total,"Persons unemployed, total"
A,EC1010V,FR036C,2019,13063.0,d,,FR036C,FR,,2019,unemployed_total,"Persons unemployed, total"
A,EC1010V,FR036C,2020,12460.0,d,,FR036C,FR,,2020,unemployed_total,"Persons unemployed, total"
A,EC1010V,FR036C,2021,11854.0,d,,FR036C,FR,,2021,unemployed_total,"Persons unemployed, total"
A,EC1010V,FR036C,2022,11528.0,d,,FR036C,FR,,2022,unemployed_total,"Persons unemployed, total"
A,EC1010V,FR037C,2015,13351.0,d,,FR037C,FR,,2015,unemployed_total,"Persons unemployed, total"
A,EC1010V,FR037C,2016,13061.0,d,,FR037C,FR,,2016,unemployed_total,"Persons unemployed, total"
A,EC1010V,FR037C,2017,12861.0,d,,FR037C,FR,,2017,unemployed_total,"Persons unemployed, total"
A,EC1010V,FR037C,2018,12310.0,d,,FR037C,FR,,2018,unemployed_total,"Persons unemployed, total"
A,EC1010V,FR037C,2019,12305.0,d,,FR037C,FR,,2019,unemployed_total,"Persons unemployed, total"
A,EC1010V,FR037C,2020,11861.0,d,,FR037C,FR,,2020,unemployed_total,"Persons unemployed, total"
A,EC1010V,FR037C,2021,11826.0,d,,FR037C,FR,,2021,unemployed_total,"Persons unemployed, total"
A,EC1010V,FR037C,2022,11709.0,d,,FR037C,FR,,2022,unemployed_total,"Persons unemployed, total"
A,EC1010V,FR038C,2015,6767.0,d,,FR038C,FR,,2015,unemployed_total,"Persons unemployed, total"
A,EC1010V,FR038C,2016,6686.0,d,,FR038C,FR,,2016,unemployed_total,"Persons unemployed, total"
A,EC1010V,FR038C,2017,6522.0,d,,FR038C,FR,,2017,unemployed_total,"Persons unemployed, total"
A,EC1010V,FR038C,2018,6354.0,d,,FR038C,FR,,2018,unemployed_total,"Persons unemployed, total"
A,EC1010V,FR038C,2019,6462.0,d,,FR038C,FR,,2019,unemployed_total,"Persons unemployed, total"
A,EC1010V,FR038C,2020,6320.0,d,,FR038C,FR,,2020,unemployed_total,"Persons unemployed, total"
A,EC1010V,FR038C,2021,6073.0,d,,FR038C,FR,,2021,unemployed_total,"Persons unemployed, total"
A,EC1010V,FR038C,2022,5964.0,d,,FR038C,FR,,2022,unemployed_total,"Persons unemployed, total"
A,EC1010V,FR039C,2015,9331.0,d,,FR039C,FR,,2015,unemployed_total,"Persons unemployed, total"
A,EC1010V,FR039C,2016,9042.0,d,,FR039C,FR,,2016,unemployed_total,"Persons unemployed, total"
A,EC1010V,FR039C,2017,8809.0,d,,FR039C,FR,,2017,unemployed_total,"Persons unemployed, total"
A,EC1010V,FR039C,2018,8734.0,d,,FR039C,FR,,2018,unemployed_total,"Persons unemployed, total"
A,EC1010V,FR039C,2019,8798.0,d,,FR039C,FR,,2019,unemployed_total,"Persons unemployed, total"
A,EC1010V,FR039C,2020,8481.0,d,,FR039C,FR,,2020,unemployed_total,"Persons unemployed, total"
A,EC1010V,FR039C,2021,8181.0,d,,FR039C,FR,,2021,unemployed_total,"Persons unemployed, total"
A,EC1010V,FR039C,2022,8317.0,d,,FR039C,FR,,2022,unemployed_total,"Persons unemployed, total"
A,EC1010V,FR040C,2015,8045.0,d,,FR040C,FR,,2015,unemployed_total,"Persons unemployed, total"
A,EC1010V,FR040C,2016,7879.0,d,,FR040C,FR,,2016,unemployed_total,"Persons unemployed, total"
A,EC1010V,FR040C,2017,7793.0,d,,FR040C,FR,,2017,unemployed_total,"Persons unemployed, total"
A,EC1010V,FR040C,2018,7323.0,d,,FR040C,FR,,2018,unemployed_total,"Persons unemployed, total"
A,EC1010V,FR040C,2019,7393.0,d,,FR040C,FR,,2019,unemployed_total,"Persons unemployed, total"
A,EC1010V,FR040C,2020,7066.0,d,,FR040C,FR,,2020,unemployed_total,"Persons unemployed, total"
A,EC1010V,FR040C,2021,7000.0,d,,FR040C,FR,,2021,unemployed_total,"Persons unemployed, total"
A,EC1010V,FR040C,2022,6851.0,d,,FR040C,FR,,2022,unemployed_total,"Persons unemployed, total"
A,EC1010V,FR041C,2015,7706.0,d,,FR041C,FR,,2015,unemployed_total,"Persons unemployed, total"
A,EC1010V,FR041C,2016,7500.0,d,,FR041C,FR,,2016,unemployed_total,"Persons unemployed, total"
A,EC1010V,FR041C,2017,7229.0,d,,FR041C,FR,,2017,unemployed_total,"Persons unemployed, total"
A,EC1010V,FR041C,2018,6962.0,d,,FR041C,FR,,2018,unemployed_total,"Persons unemployed, total"
A,EC1010V,FR041C,2019,7026.0,d,,FR041C,FR,,2019,unemployed_total,"Persons unemployed, total"
A,EC1010V,FR041C,2020,6542.0,d,,FR041C,FR,,2020,unemployed_total,"Persons unemployed, total"
A,EC1010V,FR041C,2021,6470.0,d,,FR041C,FR,,2021,unemployed_total,"Persons unemployed, total"
A,EC1010V,FR041C,2022,6416.0,d,,FR041C,FR,,2022,unemployed_total,"Persons unemployed, total"
A,EC1010V,FR042C,2015,8571.0,d,,FR042C,FR,,2015,unemployed_total,"Persons unemployed, total"
A,EC1010V,FR042C,2016,8489.0,d,,FR042C,FR,,2016,unemployed_total,"Persons unemployed, total"
A,EC1010V,FR042C,2017,8532.0,d,,FR042C,FR,,2017,unemployed_total,"Persons unemployed, total"
A,EC1010V,FR042C,2018,8257.0,d,,FR042C,FR,,2018,unemployed_total,"Persons unemployed, total"
A,EC1010V,FR042C,2019,8196.0,d,,FR042C,FR,,2019,unemployed_total,"Persons unemployed, total"
A,EC1010V,FR042C,2020,7862.0,d,,FR042C,FR,,2020,unemployed_total,"Persons unemployed, total"
A,EC1010V,FR042C,2021,7732.0,d,,FR042C,FR,,2021,unemployed_total,"Persons unemployed, total"
A,EC1010V,FR042C,2022,7582.0,d,,FR042C,FR,,2022,unemployed_total,"Persons unemployed, total"
A,EC1010V,FR043C,2015,13117.0,d,,FR043C,FR,,2015,unemployed_total,"Persons unemployed, total"
A,EC1010V,FR043C,2016,13321.0,d,,FR043C,FR,,2016,unemployed_total,"Persons unemployed, total"
A,EC1010V,FR043C,2017,12921.0,d,,FR043C,FR,,2017,unemployed_total,"Persons unemployed, total"
A,EC1010V,FR043C,2018,12199.0,d,,FR043C,FR,,2018,unemployed_total,"Persons unemployed, total"
A,EC1010V,FR043C,2019,12113.0,d,,FR043C,FR,,2019,unemployed_total,"Persons unemployed, total"
A,EC1010V,FR043C,2020,11473.0,d,,FR043C,FR,,2020,unemployed_total,"Persons unemployed, total"
A,EC1010V,FR043C,2021,10613.0,d,,FR043C,FR,,2021,unemployed_total,"Persons unemployed, total"
A,EC1010V,FR043C,2022,10635.0,d,,FR043C,FR,,2022,unemployed_total,"Persons unemployed, total"
A,EC1010V,FR044C,2015,11269.0,d,,FR044C,FR,,2015,unemployed_total,"Persons unemployed, total"
A,EC1010V,FR044C,2016,11380.0,d,,FR044C,FR,,2016,unemployed_total,"Persons unemployed, total"
A,EC1010V,FR044C,2017,11339.0,d,,FR044C,FR,,2017,unemployed_total,"Persons unemployed, total"
A,EC1010V,FR044C,2018,10747.0,d,,FR044C,FR,,2018,unemployed_total,"Persons unemployed, total"
A,EC1010V,FR044C,2019,10732.0,d,,FR044C,FR,,2019,unemployed_total,"Persons unemployed, total"
A,EC1010V,FR044C,2020,10287.0,d,,FR044C,FR,,2020,unemployed_total,"Persons unemployed, total"
A,EC1010V,FR044C,2021,9934.0,d,,FR044C,FR,,2021,unemployed_total,"Persons unemployed, total"
A,EC1010V,FR044C,2022,9480.0,d,,FR044C,FR,,2022,unemployed_total,"Persons unemployed, total"
A,EC1010V,FR045C,2015,12672.0,d,,FR045C,FR,,2015,unemployed_total,"Persons unemployed, total"
A,EC1010V,FR045C,2016,12522.0,d,,FR045C,FR,,2016,unemployed_total,"Persons unemployed, total"
A,EC1010V,FR045C,2017,12376.0,d,,FR045C,FR,,2017,unemployed_total,"Persons unemployed, total"
A,EC1010V,FR045C,2018,12019.0,d,,FR045C,FR,,2018,unemployed_total,"Persons unemployed, total"
A,EC1010V,FR045C,2019,11986.0,d,,FR045C,FR,,2019,unemployed_total,"Persons unemployed, total"
A,EC1010V,FR045C,2020,11481.0,d,,FR045C,FR,,2020,unemployed_total,"Persons unemployed, total"
A,EC1010V,FR045C,2021,11401.0,d,,FR045C,FR,,2021,unemployed_total,"Persons unemployed, total"
A,EC1010V,FR045C,2022,10975.0,d,,FR045C,FR,,2022,unemployed_total,"Persons unemployed, total"
A,EC1010V,FR046C,2015,16045.0,d,,FR046C,FR,,2015,unemployed_total,"Persons unemployed, total"
A,EC1010V,FR046C,2016,15529.0,d,,FR046C,FR,,2016,unemployed_total,"Persons unemployed, total"
A,EC1010V,FR046C,2017,15084.0,d,,FR046C,FR,,2017,unemployed_total,"Persons unemployed, total"
A,EC1010V,FR046C,2018,13928.0,d,,FR046C,FR,,2018,unemployed_total,"Persons unemployed, total"
A,EC1010V,FR046C,2019,13668.0,d,,FR046C,FR,,2019,unemployed_total,"Persons unemployed, total"
A,EC1010V,FR046C,2020,12521.0,d,,FR046C,FR,,2020,unemployed_total,"Persons unemployed, total"
A,EC1010V,FR046C,2021,11568.0,d,,FR046C,FR,,2021,unemployed_total,"Persons unemployed, total"
A,EC1010V,FR046C,2022,11269.0,d,,FR046C,FR,,2022,unemployed_total,"Persons unemployed, total"
A,EC1010V,FR047C,2015,8203.0,d,,FR047C,FR,,2015,unemployed_total,"Persons unemployed, total"
A,EC1010V,FR047C,2016,8199.0,d,,FR047C,FR,,2016,unemployed_total,"Persons unemployed, total"
A,EC1010V,FR047C,2017,8169.0,d,,FR047C,FR,,2017,unemployed_total,"Persons unemployed, total"
A,EC1010V,FR047C,2018,8072.0,d,,FR047C,FR,,2018,unemployed_total,"Persons unemployed, total"
A,EC1010V,FR047C,2019,8080.0,d,,FR047C,FR,,2019,unemployed_total,"Persons unemployed, total"
A,EC1010V,FR047C,2020,7647.0,d,,FR047C,FR,,2020,unemployed_total,"Persons unemployed, total"
A,EC1010V,FR047C,2021,7246.0,d,,FR047C,FR,,2021,unemployed_total,"Persons unemployed, total"
A,EC1010V,FR047C,2022,6954.0,d,,FR047C,FR,,2022,unemployed_total,"Persons unemployed, total"
A,EC1010V,FR048C,2015,7106.0,d,,FR048C,FR,,2015,unemployed_total,"Persons unemployed, total"
A,EC1010V,FR048C,2016,6952.0,d,,FR048C,FR,,2016,unemployed_total,"Persons unemployed, total"
A,EC1010V,FR048C,2017,6904.0,d,,FR048C,FR,,2017,unemployed_total,"Persons unemployed, total"
A,EC1010V,FR048C,2018,6686.0,d,,FR048C,FR,,2018,unemployed_total,"Persons unemployed, total"
A,EC1010V,FR048C,2019,6680.0,d,,FR048C,FR,,2019,unemployed_total,"Persons unemployed, total"
A,EC1010V,FR048C,2020,6504.0,d,,FR048C,FR,,2020,unemployed_total,"Persons unemployed, total"
A,EC1010V,FR048C,2021,6290.0,d,,FR048C,FR,,2021,unemployed_total,"Persons unemployed, total"
A,EC1010V,FR048C,2022,6171.0,d,,FR048C,FR,,2022,unemployed_total,"Persons unemployed, total"
A,EC1010V,FR049C,2015,5883.0,d,,FR049C,FR,,2015,unemployed_total,"Persons unemployed, total"
A,EC1010V,FR049C,2016,5686.0,d,,FR049C,FR,,2016,unemployed_total,"Persons unemployed, total"
A,EC1010V,FR049C,2017,5166.0,d,,FR049C,FR,,2017,unemployed_total,"Persons unemployed, total"
A,EC1010V,FR049C,2018,5086.0,d,,FR049C,FR,,2018,unemployed_total,"Persons unemployed, total"
A,EC1010V,FR049C,2019,5143.0,d,,FR049C,FR,,2019,unemployed_total,"Persons unemployed, total"
A,EC1010V,FR049C,2020,5024.0,d,,FR049C,FR,,2020,unemployed_total,"Persons unemployed, total"
A,EC1010V,FR049C,2021,4757.0,d,,FR049C,FR,,2021,unemployed_total,"Persons unemployed, total"
A,EC1010V,FR049C,2022,4768.0,d,,FR049C,FR,,2022,unemployed_total,"Persons unemployed, total"
A,EC1010V,FR050C,2015,6699.0,d,,FR050C,FR,,2015,unemployed_total,"Persons unemployed, total"
A,EC1010V,FR050C,2016,6741.0,d,,FR050C,FR,,2016,unemployed_total,"Persons unemployed, total"
A,EC1010V,FR050C,2017,6699.0,d,,FR050C,FR,,2017,unemployed_total,"Persons unemployed, total"
A,EC1010V,FR050C,2018,6547.0,d,,FR050C,FR,,2018,unemployed_total,"Persons unemployed, total"
A,EC1010V,FR050C,2019,6574.0,d,,FR050C,FR,,2019,unemployed_total,"Persons unemployed, total"
A,EC1010V,FR050C,2020,6369.0,d,,FR050C,FR,,2020,unemployed_total,"Persons unemployed, total"
A,EC1010V,FR050C,2021,6071.0,d,,FR050C,FR,,2021,unemployed_total,"Persons unemployed, total"
A,EC1010V,FR050C,2022,5862.0,d,,FR050C,FR,,2022,unemployed_total,"Persons unemployed, total"
A,EC1010V,FR051C,2015,7828.0,d,,FR051C,FR,,2015,unemployed_total,"Persons unemployed, total"
A,EC1010V,FR051C,2016,7658.0,d,,FR051C,FR,,2016,unemployed_total,"Persons unemployed, total"
A,EC1010V,FR051C,2017,7549.0,d,,FR051C,FR,,2017,unemployed_total,"Persons unemployed, total"
A,EC1010V,FR051C,2018,7328.0,d,,FR051C,FR,,2018,unemployed_total,"Persons unemployed, total"
A,EC1010V,FR051C,2019,7384.0,d,,FR051C,FR,,2019,unemployed_total,"Persons unemployed, total"
A,EC1010V,FR051C,2020,7025.0,d,,FR051C,FR,,2020,unemployed_total,"Persons unemployed, total"
A,EC1010V,FR051C,2021,6898.0,d,,FR051C,FR,,2021,unemployed_total,"Persons unemployed, total"
A,EC1010V,FR051C,2022,6815.0,d,,FR051C,FR,,2022,unemployed_total,"Persons unemployed, total"
A,EC1010V,FR052C,2015,8610.0,d,,FR052C,FR,,2015,unemployed_total,"Persons unemployed, total"
A,EC1010V,FR052C,2016,8263.0,d,,FR052C,FR,,2016,unemployed_total,"Persons unemployed, total"
A,EC1010V,FR052C,2017,8114.0,d,,FR052C,FR,,2017,unemployed_total,"Persons unemployed, total"
A,EC1010V,FR052C,2018,7818.0,d,,FR052C,FR,,2018,unemployed_total,"Persons unemployed, total"
A,EC1010V,FR052C,2019,7832.0,d,,FR052C,FR,,2019,unemployed_total,"Persons unemployed, total"
A,EC1010V,FR052C,2020,7640.0,d,,FR052C,FR,,2020,unemployed_total,"Persons unemployed, total"
A,EC1010V,FR052C,2021,7558.0,d,,FR052C,FR,,2021,unemployed_total,"Persons unemployed, total"
A,EC1010V,FR052C,2022,7526.0,d,,FR052C,FR,,2022,unemployed_total,"Persons unemployed, total"
A,EC1010V,FR053C,2015,7526.0,d,,FR053C,FR,,2015,unemployed_total,"Persons unemployed, total"
A,EC1010V,FR053C,2016,7416.0,d,,FR053C,FR,,2016,unemployed_total,"Persons unemployed, total"
A,EC1010V,FR053C,2017,7273.0,d,,FR053C,FR,,2017,unemployed_total,"Persons unemployed, total"
A,EC1010V,FR053C,2018,7053.0,d,,FR053C,FR,,2018,unemployed_total,"Persons unemployed, total"
A,EC1010V,FR053C,2019,7169.0,d,,FR053C,FR,,2019,unemployed_total,"Persons unemployed, total"
A,EC1010V,FR053C,2020,7032.0,d,,FR053C,FR,,2020,unemployed_total,"Persons unemployed, total"
A,EC1010V,FR053C,2021,6849.0,d,,FR053C,FR,,2021,unemployed_total,"Persons unemployed, total"
A,EC1010V,FR053C,2022,6881.0,d,,FR053C,FR,,2022,unemployed_total,"Persons unemployed, total"
A,EC1010V,FR054C,2015,7724.0,d,,FR054C,FR,,2015,unemployed_total,"Persons unemployed, total"
A,EC1010V,FR054C,2016,7493.0,d,,FR054C,FR,,2016,unemployed_total,"Persons unemployed, total"
A,EC1010V,FR054C,2017,7351.0,d,,FR054C,FR,,2017,unemployed_total,"Persons unemployed, total"
A,EC1010V,FR054C,2018,7198.0,d,,FR054C,FR,,2018,unemployed_total,"Persons unemployed, total"
A,EC1010V,FR054C,2019,7273.0,d,,FR054C,FR,,2019,unemployed_total,"Persons unemployed, total"
A,EC1010V,FR054C,2020,6641.0,d,,FR054C,FR,,2020,unemployed_total,"Persons unemployed, total"
A,EC1010V,FR054C,2021,6418.0,d,,FR054C,FR,,2021,unemployed_total,"Persons unemployed, total"
A,EC1010V,FR054C,2022,6132.0,d,,FR054C,FR,,2022,unemployed_total,"Persons unemployed, total"
A,EC1010V,FR055C,2015,6561.0,d,,FR055C,FR,,2015,unemployed_total,"Persons unemployed, total"
A,EC1010V,FR055C,2016,6545.0,d,,FR055C,FR,,2016,unemployed_total,"Persons unemployed, total"
A,EC1010V,FR055C,2017,6768.0,d,,FR055C,FR,,2017,unemployed_total,"Persons unemployed, total"
A,EC1010V,FR055C,2018,6355.0,d,,FR055C,FR,,2018,unemployed_total,"Persons unemployed, total"
A,EC1010V,FR055C,2019,6373.0,d,,FR055C,FR,,2019,unemployed_total,"Persons unemployed, total"
A,EC1010V,FR055C,2020,5809.0,d,,FR055C,FR,,2020,unemployed_total,"Persons unemployed, total"
A,EC1010V,FR055C,2021,5478.0,d,,FR055C,FR,,2021,unemployed_total,"Persons unemployed, total"
A,EC1010V,FR055C,2022,5149.0,d,,FR055C,FR,,2022,unemployed_total,"Persons unemployed, total"
A,EC1010V,FR056C,2015,6156.0,d,,FR056C,FR,,2015,unemployed_total,"Persons unemployed, total"
A,EC1010V,FR056C,2016,5884.0,d,,FR056C,FR,,2016,unemployed_total,"Persons unemployed, total"
A,EC1010V,FR056C,2017,5504.0,d,,FR056C,FR,,2017,unemployed_total,"Persons unemployed, total"
A,EC1010V,FR056C,2018,5168.0,d,,FR056C,FR,,2018,unemployed_total,"Persons unemployed, total"
A,EC1010V,FR056C,2019,5131.0,d,,FR056C,FR,,2019,unemployed_total,"Persons unemployed, total"
A,EC1010V,FR056C,2020,4606.0,d,,FR056C,FR,,2020,unemployed_total,"Persons unemployed, total"
A,EC1010V,FR056C,2021,4321.0,d,,FR056C,FR,,2021,unemployed_total,"Persons unemployed, total"
A,EC1010V,FR056C,2022,4221.0,d,,FR056C,FR,,2022,unemployed_total,"Persons unemployed, total"
A,EC1010V,FR057C,2015,6607.0,d,,FR057C,FR,,2015,unemployed_total,"Persons unemployed, total"
A,EC1010V,FR057C,2016,6656.0,d,,FR057C,FR,,2016,unemployed_total,"Persons unemployed, total"
A,EC1010V,FR057C,2017,6688.0,d,,FR057C,FR,,2017,unemployed_total,"Persons unemployed, total"
A,EC1010V,FR057C,2018,6630.0,d,,FR057C,FR,,2018,unemployed_total,"Persons unemployed, total"
A,EC1010V,FR057C,2019,6697.0,d,,FR057C,FR,,2019,unemployed_total,"Persons unemployed, total"
A,EC1010V,FR057C,2020,6397.0,d,,FR057C,FR,,2020,unemployed_total,"Persons unemployed, total"
A,EC1010V,FR057C,2021,6428.0,d,,FR057C,FR,,2021,unemployed_total,"Persons unemployed, total"
A,EC1010V,FR057C,2022,6475.0,d,,FR057C,FR,,2022,unemployed_total,"Persons unemployed, total"
A,EC1010V,FR058C,2015,5679.0,d,,FR058C,FR,,2015,unemployed_total,"Persons unemployed, total"
A,EC1010V,FR058C,2016,5515.0,d,,FR058C,FR,,2016,unemployed_total,"Persons unemployed, total"
A,EC1010V,FR058C,2017,5486.0,d,,FR058C,FR,,2017,unemployed_total,"Persons unemployed, total"
A,EC1010V,FR058C,2018,5364.0,d,,FR058C,FR,,2018,unemployed_total,"Persons unemployed, total"
A,EC1010V,FR058C,2019,5395.0,d,,FR058C,FR,,2019,unemployed_total,"Persons unemployed, total"
A,EC1010V,FR058C,2020,5194.0,d,,FR058C,FR,,2020,unemployed_total,"Persons unemployed, total"
A,EC1010V,FR058C,2021,5031.0,d,,FR058C,FR,,2021,unemployed_total,"Persons unemployed, total"
A,EC1010V,FR058C,2022,4731.0,d,,FR058C,FR,,2022,unemployed_total,"Persons unemployed, total"
A,EC1010V,FR059C,2015,7492.0,d,,FR059C,FR,,2015,unemployed_total,"Persons unemployed, total"
A,EC1010V,FR059C,2016,7223.0,d,,FR059C,FR,,2016,unemployed_total,"Persons unemployed, total"
A,EC1010V,FR059C,2017,7250.0,d,,FR059C,FR,,2017,unemployed_total,"Persons unemployed, total"
A,EC1010V,FR059C,2018,7118.0,d,,FR059C,FR,,2018,unemployed_total,"Persons unemployed, total"
A,EC1010V,FR059C,2019,7212.0,d,,FR059C,FR,,2019,unemployed_total,"Persons unemployed, total"
A,EC1010V,FR059C,2020,7131.0,d,,FR059C,FR,,2020,unemployed_total,"Persons unemployed, total"
A,EC1010V,FR059C,2021,6763.0,d,,FR059C,FR,,2021,unemployed_total,"Persons unemployed, total"
A,EC1010V,FR059C,2022,6943.0,d,,FR059C,FR,,2022,unemployed_total,"Persons unemployed, total"
A,EC1010V,FR060C,2015,8346.0,d,,FR060C,FR,,2015,unemployed_total,"Persons unemployed, total"
A,EC1010V,FR060C,2016,8246.0,d,,FR060C,FR,,2016,unemployed_total,"Persons unemployed, total"
A,EC1010V,FR060C,2017,7824.0,d,,FR060C,FR,,2017,unemployed_total,"Persons unemployed, total"
A,EC1010V,FR060C,2018,7384.0,d,,FR060C,FR,,2018,unemployed_total,"Persons unemployed, total"
A,EC1010V,FR060C,2019,7313.0,d,,FR060C,FR,,2019,unemployed_total,"Persons unemployed, total"
A,EC1010V,FR060C,2020,6956.0,d,,FR060C,FR,,2020,unemployed_total,"Persons unemployed, total"
A,EC1010V,FR060C,2021,6500.0,d,,FR060C,FR,,2021,unemployed_total,"Persons unemployed, total"
A,EC1010V,FR060C,2022,6271.0,d,,FR060C,FR,,2022,unemployed_total,"Persons unemployed, total"
A,EC1010V,FR061C,2015,8567.0,d,,FR061C,FR,,2015,unemployed_total,"Persons unemployed, total"
A,EC1010V,FR061C,2016,8347.0,d,,FR061C,FR,,2016,unemployed_total,"Persons unemployed, total"
A,EC1010V,FR061C,2017,8141.0,d,,FR061C,FR,,2017,unemployed_total,"Persons unemployed, total"
A,EC1010V,FR061C,2018,7916.0,d,,FR061C,FR,,2018,unemployed_total,"Persons unemployed, total"
A,EC1010V,FR061C,2019,7870.0,d,,FR061C,FR,,2019,unemployed_total,"Persons unemployed, total"
A,EC1010V,FR061C,2020,7260.0,d,,FR061C,FR,,2020,unemployed_total,"Persons unemployed, total"
A,EC1010V,FR061C,2021,6842.0,d,,FR061C,FR,,2021,unemployed_total,"Persons unemployed, total"
A,EC1010V,FR061C,2022,6662.0,d,,FR061C,FR,,2022,unemployed_total,"Persons unemployed, total"
A,EC1010V,FR062C,2015,,d,,FR062C,FR,,2015,unemployed_total,"Persons unemployed, total"
A,EC1010V,FR062C,2016,,d,,FR062C,FR,,2016,unemployed_total,"Persons unemployed, total"
A,EC1010V,FR062C,2017,8819.0,d,,FR062C,FR,,2017,unemployed_total,"Persons unemployed, total"
A,EC1010V,FR062C,2018,,d,,FR062C,FR,,2018,unemployed_total,"Persons unemployed, total"
A,EC1010V,FR062C,2019,,d,,FR062C,FR,,2019,unemployed_total,"Persons unemployed, total"
A,EC1010V,FR063C,2015,6698.0,d,,FR063C,FR,,2015,unemployed_total,"Persons unemployed, total"
A,EC1010V,FR063C,2016,6448.0,d,,FR063C,FR,,2016,unemployed_total,"Persons unemployed, total"
A,EC1010V,FR063C,2017,6081.0,d,,FR063C,FR,,2017,unemployed_total,"Persons unemployed, total"
A,EC1010V,FR063C,2018,5868.0,d,,FR063C,FR,,2018,unemployed_total,"Persons unemployed, total"
A,EC1010V,FR063C,2019,5879.0,d,,FR063C,FR,,2019,unemployed_total,"Persons unemployed, total"
A,EC1010V,FR063C,2020,5790.0,d,,FR063C,FR,,2020,unemployed_total,"Persons unemployed, total"
A,EC1010V,FR063C,2021,5712.0,d,,FR063C,FR,,2021,unemployed_total,"Persons unemployed, total"
A,EC1010V,FR063C,2022,5670.0,d,,FR063C,FR,,2022,unemployed_total,"Persons unemployed, total"
A,EC1010V,FR064C,2015,5997.0,d,,FR064C,FR,,2015,unemployed_total,"Persons unemployed, total"
A,EC1010V,FR064C,2016,5868.0,d,,FR064C,FR,,2016,unemployed_total,"Persons unemployed, total"
A,EC1010V,FR064C,2017,5765.0,d,,FR064C,FR,,2017,unemployed_total,"Persons unemployed, total"
A,EC1010V,FR064C,2018,5575.0,d,,FR064C,FR,,2018,unemployed_total,"Persons unemployed, total"
A,EC1010V,FR064C,2019,5577.0,d,,FR064C,FR,,2019,unemployed_total,"Persons unemployed, total"
A,EC1010V,FR064C,2020,5268.0,d,,FR064C,FR,,2020,unemployed_total,"Persons unemployed, total"
A,EC1010V,FR064C,2021,5064.0,d,,FR064C,FR,,2021,unemployed_total,"Persons unemployed, total"
A,EC1010V,FR064C,2022,4894.0,d,,FR064C,FR,,2022,unemployed_total,"Persons unemployed, total"
A,EC1010V,FR065C,2015,6403.0,d,,FR065C,FR,,2015,unemployed_total,"Persons unemployed, total"
A,EC1010V,FR065C,2016,6151.0,d,,FR065C,FR,,2016,unemployed_total,"Persons unemployed, total"
A,EC1010V,FR065C,2017,5754.0,d,,FR065C,FR,,2017,unemployed_total,"Persons unemployed, total"
A,EC1010V,FR065C,2018,5406.0,d,,FR065C,FR,,2018,unemployed_total,"Persons unemployed, total"
A,EC1010V,FR065C,2019,5393.0,d,,FR065C,FR,,2019,unemployed_total,"Persons unemployed, total"
A,EC1010V,FR065C,2020,5206.0,d,,FR065C,FR,,2020,unemployed_total,"Persons unemployed, total"
A,EC1010V,FR065C,2021,4980.0,d,,FR065C,FR,,2021,unemployed_total,"Persons unemployed, total"
A,EC1010V,FR065C,2022,4793.0,d,,FR065C,FR,,2022,unemployed_total,"Persons unemployed, total"
A,EC1010V,FR066C,2015,5085.0,d,,FR066C,FR,,2015,unemployed_total,"Persons unemployed, total"
A,EC1010V,FR066C,2016,5005.0,d,,FR066C,FR,,2016,unemployed_total,"Persons unemployed, total"
A,EC1010V,FR066C,2017,4831.0,d,,FR066C,FR,,2017,unemployed_total,"Persons unemployed, total"
A,EC1010V,FR066C,2018,4676.0,d,,FR066C,FR,,2018,unemployed_total,"Persons unemployed, total"
A,EC1010V,FR066C,2019,4695.0,d,,FR066C,FR,,2019,unemployed_total,"Persons unemployed, total"
A,EC1010V,FR066C,2020,4369.0,d,,FR066C,FR,,2020,unemployed_total,"Persons unemployed, total"
A,EC1010V,FR066C,2021,4054.0,d,,FR066C,FR,,2021,unemployed_total,"Persons unemployed, total"
A,EC1010V,FR066C,2022,3887.0,d,,FR066C,FR,,2022,unemployed_total,"Persons unemployed, total"
A,EC1010V,FR067C,2015,4699.0,d,,FR067C,FR,,2015,unemployed_total,"Persons unemployed, total"
A,EC1010V,FR067C,2016,4753.0,d,,FR067C,FR,,2016,unemployed_total,"Persons unemployed, total"
A,EC1010V,FR067C,2017,4704.0,d,,FR067C,FR,,2017,unemployed_total,"Persons unemployed, total"
A,EC1010V,FR067C,2018,4536.0,d,,FR067C,FR,,2018,unemployed_total,"Persons unemployed, total"
A,EC1010V,FR067C,2019,4560.0,d,,FR067C,FR,,2019,unemployed_total,"Persons unemployed, total"
A,EC1010V,FR067C,2020,4612.0,d,,FR067C,FR,,2020,unemployed_total,"Persons unemployed, total"
A,EC1010V,FR067C,2021,4436.0,d,,FR067C,FR,,2021,unemployed_total,"Persons unemployed, total"
A,EC1010V,FR067C,2022,4580.0,d,,FR067C,FR,,2022,unemployed_total,"Persons unemployed, total"
A,EC1010V,FR068C,2015,4956.0,d,,FR068C,FR,,2015,unemployed_total,"Persons unemployed, total"
A,EC1010V,FR068C,2016,4755.0,d,,FR068C,FR,,2016,unemployed_total,"Persons unemployed, total"
A,EC1010V,FR068C,2017,4679.0,d,,FR068C,FR,,2017,unemployed_total,"Persons unemployed, total"
A,EC1010V,FR068C,2018,4598.0,d,,FR068C,FR,,2018,unemployed_total,"Persons unemployed, total"
A,EC1010V,FR068C,2019,4594.0,d,,FR068C,FR,,2019,unemployed_total,"Persons unemployed, total"
A,EC1010V,FR068C,2020,4457.0,d,,FR068C,FR,,2020,unemployed_total,"Persons unemployed, total"
A,EC1010V,FR068C,2021,4223.0,d,,FR068C,FR,,2021,unemployed_total,"Persons unemployed, total"
A,EC1010V,FR068C,2022,4101.0,d,,FR068C,FR,,2022,unemployed_total,"Persons unemployed, total"
A,EC1010V,FR069C,2015,4999.0,d,,FR069C,FR,,2015,unemployed_total,"Persons unemployed, total"
A,EC1010V,FR069C,2016,5026.0,d,,FR069C,FR,,2016,unemployed_total,"Persons unemployed, total"
A,EC1010V,FR069C,2017,4772.0,d,,FR069C,FR,,2017,unemployed_total,"Persons unemployed, total"
A,EC1010V,FR069C,2018,4718.0,d,,FR069C,FR,,2018,unemployed_total,"Persons unemployed, total"
A,EC1010V,FR069C,2019,4690.0,d,,FR069C,FR,,2019,unemployed_total,"Persons unemployed, total"
A,EC1010V,FR069C,2020,4504.0,d,,FR069C,FR,,2020,unemployed_total,"Persons unemployed, total"
A,EC1010V,FR069C,2021,4276.0,d,,FR069C,FR,,2021,unemployed_total,"Persons unemployed, total"
A,EC1010V,FR069C,2022,4187.0,d,,FR069C,FR,,2022,unemployed_total,"Persons unemployed, total"
A,EC1010V,FR070C,2015,4793.0,d,,FR070C,FR,,2015,unemployed_total,"Persons unemployed, total"
A,EC1010V,FR070C,2016,4652.0,d,,FR070C,FR,,2016,unemployed_total,"Persons unemployed, total"
A,EC1010V,FR070C,2017,4480.0,d,,FR070C,FR,,2017,unemployed_total,"Persons unemployed, total"
A,EC1010V,FR070C,2018,4314.0,d,,FR070C,FR,,2018,unemployed_total,"Persons unemployed, total"
A,EC1010V,FR070C,2019,4315.0,d,,FR070C,FR,,2019,unemployed_total,"Persons unemployed, total"
A,EC1010V,FR070C,2020,4087.0,d,,FR070C,FR,,2020,unemployed_total,"Persons unemployed, total"
A,EC1010V,FR070C,2021,3964.0,d,,FR070C,FR,,2021,unemployed_total,"Persons unemployed, total"
A,EC1010V,FR070C,2022,3932.0,d,,FR070C,FR,,2022,unemployed_total,"Persons unemployed, total"
A,EC1010V,FR071C,2015,6052.0,d,,FR071C,FR,,2015,unemployed_total,"Persons unemployed, total"
A,EC1010V,FR071C,2016,5833.0,d,,FR071C,FR,,2016,unemployed_total,"Persons unemployed, total"
A,EC1010V,FR071C,2017,5620.0,d,,FR071C,FR,,2017,unemployed_total,"Persons unemployed, total"
A,EC1010V,FR071C,2018,5299.0,d,,FR071C,FR,,2018,unemployed_total,"Persons unemployed, total"
A,EC1010V,FR071C,2019,5229.0,d,,FR071C,FR,,2019,unemployed_total,"Persons unemployed, total"
A,EC1010V,FR071C,2020,5073.0,d,,FR071C,FR,,2020,unemployed_total,"Persons unemployed, total"
A,EC1010V,FR071C,2021,4961.0,d,,FR071C,FR,,2021,unemployed_total,"Persons unemployed, total"
A,EC1010V,FR071C,2022,4850.0,d,,FR071C,FR,,2022,unemployed_total,"Persons unemployed, total"
A,EC1010V,FR072C,2015,7483.0,d,,FR072C,FR,,2015,unemployed_total,"Persons unemployed, total"
A,EC1010V,FR072C,2016,8160.0,d,,FR072C,FR,,2016,unemployed_total,"Persons unemployed, total"
A,EC1010V,FR072C,2017,8561.0,d,,FR072C,FR,,2017,unemployed_total,"Persons unemployed, total"
A,EC1010V,FR072C,2018,8839.0,d,,FR072C,FR,,2018,unemployed_total,"Persons unemployed, total"
A,EC1010V,FR072C,2019,9035.0,d,,FR072C,FR,,2019,unemployed_total,"Persons unemployed, total"
A,EC1010V,FR072C,2020,8942.0,d,,FR072C,FR,,2020,unemployed_total,"Persons unemployed, total"
A,EC1010V,FR072C,2021,8276.0,d,,FR072C,FR,,2021,unemployed_total,"Persons unemployed, total"
A,EC1010V,FR072C,2022,8417.0,d,,FR072C,FR,,2022,unemployed_total,"Persons unemployed, total"
A,EC1010V,FR073C,2015,5390.0,d,,FR073C,FR,,2015,unemployed_total,"Persons unemployed, total"
A,EC1010V,FR073C,2016,5155.0,d,,FR073C,FR,,2016,unemployed_total,"Persons unemployed, total"
A,EC1010V,FR073C,2017,4912.0,d,,FR073C,FR,,2017,unemployed_total,"Persons unemployed, total"
A,EC1010V,FR073C,2018,4724.0,d,,FR073C,FR,,2018,unemployed_total,"Persons unemployed, total"
A,EC1010V,FR073C,2019,4751.0,d,,FR073C,FR,,2019,unemployed_total,"Persons unemployed, total"
A,EC1010V,FR073C,2020,4243.0,d,,FR073C,FR,,2020,unemployed_total,"Persons unemployed, total"
A,EC1010V,FR073C,2021,4219.0,d,,FR073C,FR,,2021,unemployed_total,"Persons unemployed, total"
A,EC1010V,FR073C,2022,4256.0,d,,FR073C,FR,,2022,unemployed_total,"Persons unemployed, total"
A,EC1010V,FR074C,2015,10181.0,d,,FR074C,FR,,2015,unemployed_total,"Persons unemployed, total"
A,EC1010V,FR074C,2016,9802.0,d,,FR074C,FR,,2016,unemployed_total,"Persons unemployed, total"
A,EC1010V,FR074C,2017,8987.0,d,,FR074C,FR,,2017,unemployed_total,"Persons unemployed, total"
A,EC1010V,FR074C,2018,8596.0,d,,FR074C,FR,,2018,unemployed_total,"Persons unemployed, total"
A,EC1010V,FR074C,2019,8499.0,d,,FR074C,FR,,2019,unemployed_total,"Persons unemployed, total"
A,EC1010V,FR074C,2020,7996.0,d,,FR074C,FR,,2020,unemployed_total,"Persons unemployed, total"
A,EC1010V,FR074C,2021,7617.0,d,,FR074C,FR,,2021,unemployed_total,"Persons unemployed, total"
A,EC1010V,FR074C,2022,7626.0,d,,FR074C,FR,,2022,unemployed_total,"Persons unemployed, total"
A,EC1010V,FR075C,2015,3907.0,d,,FR075C,FR,,2015,unemployed_total,"Persons unemployed, total"
A,EC1010V,FR075C,2016,3865.0,d,,FR075C,FR,,2016,unemployed_total,"Persons unemployed, total"
A,EC1010V,FR075C,2017,3688.0,d,,FR075C,FR,,2017,unemployed_total,"Persons unemployed, total"
A,EC1010V,FR075C,2018,3554.0,d,,FR075C,FR,,2018,unemployed_total,"Persons unemployed, total"
A,EC1010V,FR075C,2019,3563.0,d,,FR075C,FR,,2019,unemployed_total,"Persons unemployed, total"
A,EC1010V,FR075C,2020,3331.0,d,,FR075C,FR,,2020,unemployed_total,"Persons unemployed, total"
A,EC1010V,FR075C,2021,3085.0,d,,FR075C,FR,,2021,unemployed_total,"Persons unemployed, total"
A,EC1010V,FR075C,2022,2903.0,d,,FR075C,FR,,2022,unemployed_total,"Persons unemployed, total"
A,EC1010V,FR076C,2015,6415.0,d,,FR076C,FR,,2015,unemployed_total,"Persons unemployed, total"
A,EC1010V,FR076C,2016,6319.0,d,,FR076C,FR,,2016,unemployed_total,"Persons unemployed, total"
A,EC1010V,FR076C,2017,6344.0,d,,FR076C,FR,,2017,unemployed_total,"Persons unemployed, total"
A,EC1010V,FR076C,2018,5888.0,d,,FR076C,FR,,2018,unemployed_total,"Persons unemployed, total"
A,EC1010V,FR076C,2019,5886.0,d,,FR076C,FR,,2019,unemployed_total,"Persons unemployed, total"
A,EC1010V,FR076C,2020,5592.0,d,,FR076C,FR,,2020,unemployed_total,"Persons unemployed, total"
A,EC1010V,FR076C,2021,5395.0,d,,FR076C,FR,,2021,unemployed_total,"Persons unemployed, total"
A,EC1010V,FR076C,2022,5258.0,d,,FR076C,FR,,2022,unemployed_total,"Persons unemployed, total"
A,EC1010V,FR077C,2015,2881.0,d,,FR077C,FR,,2015,unemployed_total,"Persons unemployed, total"
A,EC1010V,FR077C,2016,2902.0,d,,FR077C,FR,,2016,unemployed_total,"Persons unemployed, total"
A,EC1010V,FR077C,2017,2958.0,d,,FR077C,FR,,2017,unemployed_total,"Persons unemployed, total"
A,EC1010V,FR077C,2018,2919.0,d,,FR077C,FR,,2018,unemployed_total,"Persons unemployed, total"
A,EC1010V,FR077C,2019,3000.0,d,,FR077C,FR,,2019,unemployed_total,"Persons unemployed, total"
A,EC1010V,FR077C,2020,2942.0,d,,FR077C,FR,,2020,unemployed_total,"Persons unemployed, total"
A,EC1010V,FR077C,2021,2858.0,d,,FR077C,FR,,2021,unemployed_total,"Persons unemployed, total"
A,EC1010V,FR077C,2022,2762.0,d,,FR077C,FR,,2022,unemployed_total,"Persons unemployed, total"
A,EC1010V,HR001C,2015,44087.0,,,HR001C,HR,,2015,unemployed_total,"Persons unemployed, total"
A,EC1010V,HR001C,2016,44070.0,,,HR001C,HR,,2016,unemployed_total,"Persons unemployed, total"
A,EC1010V,HR001C,2017,32875.0,,,HR001C,HR,,2017,unemployed_total,"Persons unemployed, total"
A,EC1010V,HR001C,2018,27508.0,,,HR001C,HR,,2018,unemployed_total,"Persons unemployed, total"
A,EC1010V,HR001C,2019,21212.0,,,HR001C,HR,,2019,unemployed_total,"Persons unemployed, total"
A,EC1010V,HR001C,2020,21248.0,,,HR001C,HR,,2020,unemployed_total,"Persons unemployed, total"
A,EC1010V,HR001C,2021,20897.0,e,,HR001C,HR,,2021,unemployed_total,"Persons unemployed, total"
A,EC1010V,HR001C,2022,20221.0,e,,HR001C,HR,,2022,unemployed_total,"Persons unemployed, total"
A,EC1010V,HR002C,2015,8205.0,,,HR002C,HR,,2015,unemployed_total,"Persons unemployed, total"
A,EC1010V,HR002C,2016,8308.0,,,HR002C,HR,,2016,unemployed_total,"Persons unemployed, total"
A,EC1010V,HR002C,2017,6618.0,,,HR002C,HR,,2017,unemployed_total,"Persons unemployed, total"
A,EC1010V,HR002C,2018,3198.0,,,HR002C,HR,,2018,unemployed_total,"Persons unemployed, total"
A,EC1010V,HR002C,2019,2921.0,,,HR002C,HR,,2019,unemployed_total,"Persons unemployed, total"
A,EC1010V,HR002C,2020,2880.0,,,HR002C,HR,,2020,unemployed_total,"Persons unemployed, total"
A,EC1010V,HR002C,2021,5037.0,e,,HR002C,HR,,2021,unemployed_total,"Persons unemployed, total"
A,EC1010V,HR002C,2022,3088.0,e,,HR002C,HR,,2022,unemployed_total,"Persons unemployed, total"
A,EC1010V,HR003C,2015,5097.0,,,HR003C,HR,,2015,unemployed_total,"Persons unemployed, total"
A,EC1010V,HR003C,2016,5279.0,,,HR003C,HR,,2016,unemployed_total,"Persons unemployed, total"
A,EC1010V,HR003C,2017,2907.0,,,HR003C,HR,,2017,unemployed_total,"Persons unemployed, total"
A,EC1010V,HR003C,2018,2297.0,,,HR003C,HR,,2018,unemployed_total,"Persons unemployed, total"
A,EC1010V,HR003C,2019,2155.0,,,HR003C,HR,,2019,unemployed_total,"Persons unemployed, total"
A,EC1010V,HR003C,2020,2117.0,,,HR003C,HR,,2020,unemployed_total,"Persons unemployed, total"
A,EC1010V,HR003C,2021,2021.0,e,,HR003C,HR,,2021,unemployed_total,"Persons unemployed, total"
A,EC1010V,HR003C,2022,1946.0,e,,HR003C,HR,,2022,unemployed_total,"Persons unemployed, total"
A,EC1010V,HR004C,2015,7916.0,,,HR004C,HR,,2015,unemployed_total,"Persons unemployed, total"
A,EC1010V,HR004C,2016,8044.0,,,HR004C,HR,,2016,unemployed_total,"Persons unemployed, total"
A,EC1010V,HR004C,2017,5729.0,,,HR004C,HR,,2017,unemployed_total,"Persons unemployed, total"
A,EC1010V,HR004C,2018,4778.0,,,HR004C,HR,,2018,unemployed_total,"Persons unemployed, total"
A,EC1010V,HR004C,2019,4498.0,,,HR004C,HR,,2019,unemployed_total,"Persons unemployed, total"
A,EC1010V,HR004C,2020,4469.0,,,HR004C,HR,,2020,unemployed_total,"Persons unemployed, total"
A,EC1010V,HR004C,2021,4277.0,e,,HR004C,HR,,2021,unemployed_total,"Persons unemployed, total"
A,EC1010V,HR004C,2022,3721.0,e,,HR004C,HR,,2022,unemployed_total,"Persons unemployed, total"
A,EC1010V,HR005C,2015,13240.0,,,HR005C,HR,,2015,unemployed_total,"Persons unemployed, total"
A,EC1010V,HR005C,2016,13279.0,,,HR005C,HR,,2016,unemployed_total,"Persons unemployed, total"
A,EC1010V,HR005C,2017,8634.0,,,HR005C,HR,,2017,unemployed_total,"Persons unemployed, total"
A,EC1010V,HR005C,2018,9684.0,,,HR005C,HR,,2018,unemployed_total,"Persons unemployed, total"
A,EC1010V,HR005C,2019,6586.0,,,HR005C,HR,,2019,unemployed_total,"Persons unemployed, total"
A,EC1010V,HR005C,2020,6540.0,,,HR005C,HR,,2020,unemployed_total,"Persons unemployed, total"
A,EC1010V,HR005C,2021,8104.0,e,,HR005C,HR,,2021,unemployed_total,"Persons unemployed, total"
A,EC1010V,HR005C,2022,7762.0,e,,HR005C,HR,,2022,unemployed_total,"Persons unemployed, total"
A,EC1010V,HR006C,2015,3600.0,,,HR006C,HR,,2015,unemployed_total,"Persons unemployed, total"
A,EC1010V,HR006C,2016,3611.0,,,HR006C,HR,,2016,unemployed_total,"Persons unemployed, total"
A,EC1010V,HR006C,2017,2769.0,,,HR006C,HR,,2017,unemployed_total,"Persons unemployed, total"
A,EC1010V,HR006C,2018,1237.0,,,HR006C,HR,,2018,unemployed_total,"Persons unemployed, total"
A,EC1010V,HR006C,2019,1134.0,,,HR006C,HR,,2019,unemployed_total,"Persons unemployed, total"
A,EC1010V,HR006C,2020,1131.0,,,HR006C,HR,,2020,unemployed_total,"Persons unemployed, total"
A,EC1010V,HR006C,2021,2340.0,e,,HR006C,HR,,2021,unemployed_total,"Persons unemployed, total"
A,EC1010V,HR006C,2022,1139.0,e,,HR006C,HR,,2022,unemployed_total,"Persons unemployed, total"
A,EC1010V,HR007C,2015,5534.0,,,HR007C,HR,,2015,unemployed_total,"Persons unemployed, total"
A,EC1010V,HR007C,2016,5521.0,,,HR007C,HR,,2016,unemployed_total,"Persons unemployed, total"
A,EC1010V,HR007C,2017,3672.0,,,HR007C,HR,,2017,unemployed_total,"Persons unemployed, total"
A,EC1010V,HR007C,2018,3563.0,,,HR007C,HR,,2018,unemployed_total,"Persons unemployed, total"
A,EC1010V,HR007C,2019,1840.0,,,HR007C,HR,,2019,unemployed_total,"Persons unemployed, total"
A,EC1010V,HR007C,2020,1835.0,,,HR007C,HR,,2020,unemployed_total,"Persons unemployed, total"
A,EC1010V,HR007C,2021,2945.0,e,,HR007C,HR,,2021,unemployed_total,"Persons unemployed, total"
A,EC1010V,HR007C,2022,1438.0,e,,HR007C,HR,,2022,unemployed_total,"Persons unemployed, total"
A,EC1010V,HU,2016,273498.0,,,HU,HU,,2016,unemployed_total,"Persons unemployed, total"
A,EC1010V,HU,2017,254749.0,,,HU,HU,,2017,unemployed_total,"Persons unemployed, total"
A,EC1010V,HU,2018,241898.0,,,HU,HU,,2018,unemployed_total,"Persons unemployed, total"
A,EC1010V,HU001C,2016,20511.0,,,HU001C,HU,,2016,unemployed_total,"Persons unemployed, total"
A,EC1010V,HU001C,2017,16955.0,,,HU001C,HU,,2017,unemployed_total,"Persons unemployed, total"
A,EC1010V,HU001C,2018,14562.0,,,HU001C,HU,,2018,unemployed_total,"Persons unemployed, total"
A,EC1010V,HU001C,2019,13935.0,,,HU001C,HU,,2019,unemployed_total,"Persons unemployed, total"
A,EC1010V,HU001C,2020,26963.0,,,HU001C,HU,,2020,unemployed_total,"Persons unemployed, total"
A,EC1010V,HU001C,2021,17865.0,,,HU001C,HU,,2021,unemployed_total,"Persons unemployed, total"
A,EC1010V,HU001C,2022,17618.0,,,HU001C,HU,,2022,unemployed_total,"Persons unemployed, total"
A,EC1010V,HU001C,2023,19960.0,,,HU001C,HU,,2023,unemployed_total,"Persons unemployed, total"
A,EC1010V,HU002C,2016,5650.0,,,HU002C,HU,,2016,unemployed_total,"Persons unemployed, total"
A,EC1010V,HU002C,2017,4819.0,,,HU002C,HU,,2017,unemployed_total,"Persons unemployed, total"
A,EC1010V,HU002C,2018,4643.0,,,HU002C,HU,,2018,unemployed_total,"Persons unemployed, total"
A,EC1010V,HU002C,2019,4540.0,,,HU002C,HU,,2019,unemployed_total,"Persons unemployed, total"
A,EC1010V,HU002C,2020,5467.0,,,HU002C,HU,,2020,unemployed_total,"Persons unemployed, total"
A,EC1010V,HU002C,2021,4377.0,,,HU002C,HU,,2021,unemployed_total,"Persons unemployed, total"
A,EC1010V,HU002C,2022,4168.0,,,HU002C,HU,,2022,unemployed_total,"Persons unemployed, total"
A,EC1010V,HU002C,2023,3831.0,,,HU002C,HU,,2023,unemployed_total,"Persons unemployed, total"
A,EC1010V,HU003C,2016,3055.0,,,HU003C,HU,,2016,unemployed_total,"Persons unemployed, total"
A,EC1010V,HU003C,2017,2994.0,,,HU003C,HU,,2017,unemployed_total,"Persons unemployed, total"
A,EC1010V,HU003C,2018,2447.0,,,HU003C,HU,,2018,unemployed_total,"Persons unemployed, total"
A,EC1010V,HU003C,2019,2260.0,,,HU003C,HU,,2019,unemployed_total,"Persons unemployed, total"
A,EC1010V,HU003C,2020,2454.0,,,HU003C,HU,,2020,unemployed_total,"Persons unemployed, total"
A,EC1010V,HU003C,2021,1774.0,,,HU003C,HU,,2021,unemployed_total,"Persons unemployed, total"
A,EC1010V,HU003C,2022,1996.0,,,HU003C,HU,,2022,unemployed_total,"Persons unemployed, total"
A,EC1010V,HU003C,2023,1593.0,,,HU003C,HU,,2023,unemployed_total,"Persons unemployed, total"
A,EC1010V,HU004C,2016,4032.0,,,HU004C,HU,,2016,unemployed_total,"Persons unemployed, total"
A,EC1010V,HU004C,2017,3445.0,,,HU004C,HU,,2017,unemployed_total,"Persons unemployed, total"
A,EC1010V,HU004C,2018,3204.0,,,HU004C,HU,,2018,unemployed_total,"Persons unemployed, total"
A,EC1010V,HU004C,2019,3124.0,,,HU004C,HU,,2019,unemployed_total,"Persons unemployed, total"
A,EC1010V,HU004C,2020,4045.0,,,HU004C,HU,,2020,unemployed_total,"Persons unemployed, total"
A,EC1010V,HU004C,2021,2885.0,,,HU004C,HU,,2021,unemployed_total,"Persons unemployed, total"
A,EC1010V,HU004C,2022,2111.0,,,HU004C,HU,,2022,unemployed_total,"Persons unemployed, total"
A,EC1010V,HU004C,2023,1839.0,,,HU004C,HU,,2023,unemployed_total,"Persons unemployed, total"
A,EC1010V,HU005C,2016,7680.0,,,HU005C,HU,,2016,unemployed_total,"Persons unemployed, total"
A,EC1010V,HU005C,2017,6513.0,,,HU005C,HU,,2017,unemployed_total,"Persons unemployed, total"
A,EC1010V,HU005C,2018,6244.0,,,HU005C,HU,,2018,unemployed_total,"Persons unemployed, total"
A,EC1010V,HU005C,2019,5482.0,,,HU005C,HU,,2019,unemployed_total,"Persons unemployed, total"
A,EC1010V,HU005C,2020,5801.0,,,HU005C,HU,,2020,unemployed_total,"Persons unemployed, total"
A,EC1010V,HU005C,2021,4959.0,,,HU005C,HU,,2021,unemployed_total,"Persons unemployed, total"
A,EC1010V,HU005C,2022,4499.0,,,HU005C,HU,,2022,unemployed_total,"Persons unemployed, total"
A,EC1010V,HU005C,2023,4099.0,,,HU005C,HU,,2023,unemployed_total,"Persons unemployed, total"
A,EC1010V,HU006C,2016,3211.0,,,HU006C,HU,,2016,unemployed_total,"Persons unemployed, total"
A,EC1010V,HU006C,2017,2795.0,,,HU006C,HU,,2017,unemployed_total,"Persons unemployed, total"
A,EC1010V,HU006C,2018,2465.0,,,HU006C,HU,,2018,unemployed_total,"Persons unemployed, total"
A,EC1010V,HU006C,2019,2190.0,,,HU006C,HU,,2019,unemployed_total,"Persons unemployed, total"
A,EC1010V,HU006C,2020,2609.0,,,HU006C,HU,,2020,unemployed_total,"Persons unemployed, total"
A,EC1010V,HU006C,2021,1706.0,,,HU006C,HU,,2021,unemployed_total,"Persons unemployed, total"
A,EC1010V,HU006C,2022,1517.0,,,HU006C,HU,,2022,unemployed_total,"Persons unemployed, total"
A,EC1010V,HU006C,2023,1523.0,,,HU006C,HU,,2023,unemployed_total,"Persons unemployed, total"
A,EC1010V,HU007C,2016,1158.0,,,HU007C,HU,,2016,unemployed_total,"Persons unemployed, total"
A,EC1010V,HU007C,2017,1031.0,,,HU007C,HU,,2017,unemployed_total,"Persons unemployed, total"
A,EC1010V,HU007C,2018,935.0,,,HU007C,HU,,2018,unemployed_total,"Persons unemployed, total"
A,EC1010V,HU007C,2019,1042.0,,,HU007C,HU,,2019,unemployed_total,"Persons unemployed, total"
A,EC1010V,HU007C,2020,1411.0,,,HU007C,HU,,2020,unemployed_total,"Persons unemployed, total"
A,EC1010V,HU007C,2021,1034.0,,,HU007C,HU,,2021,unemployed_total,"Persons unemployed, total"
A,EC1010V,HU007C,2022,953.0,,,HU007C,HU,,2022,unemployed_total,"Persons unemployed, total"
A,EC1010V,HU007C,2023,1071.0,,,HU007C,HU,,2023,unemployed_total,"Persons unemployed, total"
A,EC1010V,HU008C,2016,2957.0,,,HU008C,HU,,2016,unemployed_total,"Persons unemployed, total"
A,EC1010V,HU008C,2017,2522.0,,,HU008C,HU,,2017,unemployed_total,"Persons unemployed, total"
A,EC1010V,HU008C,2018,2271.0,,,HU008C,HU,,2018,unemployed_total,"Persons unemployed, total"
A,EC1010V,HU008C,2019,2287.0,,,HU008C,HU,,2019,unemployed_total,"Persons unemployed, total"
A,EC1010V,HU008C,2020,2730.0,,,HU008C,HU,,2020,unemployed_total,"Persons unemployed, total"
A,EC1010V,HU008C,2021,2147.0,,,HU008C,HU,,2021,unemployed_total,"Persons unemployed, total"
A,EC1010V,HU008C,2022,2036.0,,,HU008C,HU,,2022,unemployed_total,"Persons unemployed, total"
A,EC1010V,HU008C,2023,1799.0,,,HU008C,HU,,2023,unemployed_total,"Persons unemployed, total"
A,EC1010V,HU009C,2016,1414.0,,,HU009C,HU,,2016,unemployed_total,"Persons unemployed, total"
A,EC1010V,HU009C,2017,1262.0,,,HU009C,HU,,2017,unemployed_total,"Persons unemployed, total"
A,EC1010V,HU009C,2018,1206.0,,,HU009C,HU,,2018,unemployed_total,"Persons unemployed, total"
A,EC1010V,HU009C,2019,1290.0,,,HU009C,HU,,2019,unemployed_total,"Persons unemployed, total"
A,EC1010V,HU009C,2020,1633.0,,,HU009C,HU,,2020,unemployed_total,"Persons unemployed, total"
A,EC1010V,HU009C,2021,1220.0,,,HU009C,HU,,2021,unemployed_total,"Persons unemployed, total"
A,EC1010V,HU009C,2022,1106.0,,,HU009C,HU,,2022,unemployed_total,"Persons unemployed, total"
A,EC1010V,HU009C,2023,1022.0,,,HU009C,HU,,2023,unemployed_total,"Persons unemployed, total"
A,EC1010V,HU010C,2016,1149.0,,,HU010C,HU,,2016,unemployed_total,"Persons unemployed, total"
A,EC1010V,HU010C,2017,1139.0,,,HU010C,HU,,2017,unemployed_total,"Persons unemployed, total"
A,EC1010V,HU010C,2018,1167.0,,,HU010C,HU,,2018,unemployed_total,"Persons unemployed, total"
A,EC1010V,HU010C,2019,1214.0,,,HU010C,HU,,2019,unemployed_total,"Persons unemployed, total"
A,EC1010V,HU010C,2020,1663.0,,,HU010C,HU,,2020,unemployed_total,"Persons unemployed, total"
A,EC1010V,HU010C,2021,1232.0,,,HU010C,HU,,2021,unemployed_total,"Persons unemployed, total"
A,EC1010V,HU010C,2022,1097.0,,,HU010C,HU,,2022,unemployed_total,"Persons unemployed, total"
A,EC1010V,HU010C,2023,1125.0,,,HU010C,HU,,2023,unemployed_total,"Persons unemployed, total"
A,EC1010V,HU011C,2016,2520.0,,,HU011C,HU,,2016,unemployed_total,"Persons unemployed, total"
A,EC1010V,HU011C,2017,2202.0,,,HU011C,HU,,2017,unemployed_total,"Persons unemployed, total"
A,EC1010V,HU011C,2018,1993.0,,,HU011C,HU,,2018,unemployed_total,"Persons unemployed, total"
A,EC1010V,HU011C,2019,1967.0,,,HU011C,HU,,2019,unemployed_total,"Persons unemployed, total"
A,EC1010V,HU011C,2020,2394.0,,,HU011C,HU,,2020,unemployed_total,"Persons unemployed, total"
A,EC1010V,HU011C,2021,1857.0,,,HU011C,HU,,2021,unemployed_total,"Persons unemployed, total"
A,EC1010V,HU011C,2022,1635.0,,,HU011C,HU,,2022,unemployed_total,"Persons unemployed, total"
A,EC1010V,HU011C,2023,1559.0,,,HU011C,HU,,2023,unemployed_total,"Persons unemployed, total"
A,EC1010V,HU012C,2016,1161.0,,,HU012C,HU,,2016,unemployed_total,"Persons unemployed, total"
A,EC1010V,HU012C,2017,1101.0,,,HU012C,HU,,2017,unemployed_total,"Persons unemployed, total"
A,EC1010V,HU012C,2018,1135.0,,,HU012C,HU,,2018,unemployed_total,"Persons unemployed, total"
A,EC1010V,HU012C,2019,1078.0,,,HU012C,HU,,2019,unemployed_total,"Persons unemployed, total"
A,EC1010V,HU012C,2020,1227.0,,,HU012C,HU,,2020,unemployed_total,"Persons unemployed, total"
A,EC1010V,HU012C,2021,961.0,,,HU012C,HU,,2021,unemployed_total,"Persons unemployed, total"
A,EC1010V,HU012C,2022,894.0,,,HU012C,HU,,2022,unemployed_total,"Persons unemployed, total"
A,EC1010V,HU012C,2023,924.0,,,HU012C,HU,,2023,unemployed_total,"Persons unemployed, total"
A,EC1010V,HU013C,2016,750.0,,,HU013C,HU,,2016,unemployed_total,"Persons unemployed, total"
A,EC1010V,HU013C,2017,640.0,,,HU013C,HU,,2017,unemployed_total,"Persons unemployed, total"
A,EC1010V,HU013C,2018,676.0,,,HU013C,HU,,2018,unemployed_total,"Persons unemployed, total"
A,EC1010V,HU013C,2019,661.0,,,HU013C,HU,,2019,unemployed_total,"Persons unemployed, total"
A,EC1010V,HU013C,2020,891.0,,,HU013C,HU,,2020,unemployed_total,"Persons unemployed, total"
A,EC1010V,HU013C,2021,710.0,,,HU013C,HU,,2021,unemployed_total,"Persons unemployed, total"
A,EC1010V,HU013C,2022,624.0,,,HU013C,HU,,2022,unemployed_total,"Persons unemployed, total"
A,EC1010V,HU013C,2023,638.0,,,HU013C,HU,,2023,unemployed_total,"Persons unemployed, total"
A,EC1010V,HU014C,2016,1528.0,,,HU014C,HU,,2016,unemployed_total,"Persons unemployed, total"
A,EC1010V,HU014C,2017,1277.0,,,HU014C,HU,,2017,unemployed_total,"Persons unemployed, total"
A,EC1010V,HU014C,2018,1460.0,,,HU014C,HU,,2018,unemployed_total,"Persons unemployed, total"
A,EC1010V,HU014C,2019,1559.0,,,HU014C,HU,,2019,unemployed_total,"Persons unemployed, total"
A,EC1010V,HU014C,2020,1891.0,,,HU014C,HU,,2020,unemployed_total,"Persons unemployed, total"
A,EC1010V,HU014C,2021,1633.0,,,HU014C,HU,,2021,unemployed_total,"Persons unemployed, total"
A,EC1010V,HU014C,2022,1435.0,,,HU014C,HU,,2022,unemployed_total,"Persons unemployed, total"
A,EC1010V,HU014C,2023,1573.0,,,HU014C,HU,,2023,unemployed_total,"Persons unemployed, total"
A,EC1010V,HU015C,2016,1465.0,,,HU015C,HU,,2016,unemployed_total,"Persons unemployed, total"
A,EC1010V,HU015C,2017,1635.0,,,HU015C,HU,,2017,unemployed_total,"Persons unemployed, total"
A,EC1010V,HU015C,2018,1392.0,,,HU015C,HU,,2018,unemployed_total,"Persons unemployed, total"
A,EC1010V,HU015C,2019,1409.0,,,HU015C,HU,,2019,unemployed_total,"Persons unemployed, total"
A,EC1010V,HU015C,2020,1525.0,,,HU015C,HU,,2020,unemployed_total,"Persons unemployed, total"
A,EC1010V,HU015C,2021,1181.0,,,HU015C,HU,,2021,unemployed_total,"Persons unemployed, total"
A,EC1010V,HU015C,2022,1197.0,,,HU015C,HU,,2022,unemployed_total,"Persons unemployed, total"
A,EC1010V,HU015C,2023,1155.0,,,HU015C,HU,,2023,unemployed_total,"Persons unemployed, total"
A,EC1010V,HU016C,2016,1425.0,,,HU016C,HU,,2016,unemployed_total,"Persons unemployed, total"
A,EC1010V,HU016C,2017,1275.0,,,HU016C,HU,,2017,unemployed_total,"Persons unemployed, total"
A,EC1010V,HU016C,2018,1252.0,,,HU016C,HU,,2018,unemployed_total,"Persons unemployed, total"
A,EC1010V,HU016C,2019,1155.0,,,HU016C,HU,,2019,unemployed_total,"Persons unemployed, total"
A,EC1010V,HU016C,2020,1621.0,,,HU016C,HU,,2020,unemployed_total,"Persons unemployed, total"
A,EC1010V,HU016C,2021,1213.0,,,HU016C,HU,,2021,unemployed_total,"Persons unemployed, total"
A,EC1010V,HU016C,2022,1138.0,,,HU016C,HU,,2022,unemployed_total,"Persons unemployed, total"
A,EC1010V,HU016C,2023,1195.0,,,HU016C,HU,,2023,unemployed_total,"Persons unemployed, total"
A,EC1010V,HU017C,2016,1340.0,,,HU017C,HU,,2016,unemployed_total,"Persons unemployed, total"
A,EC1010V,HU017C,2017,1193.0,,,HU017C,HU,,2017,unemployed_total,"Persons unemployed, total"
A,EC1010V,HU017C,2018,1115.0,,,HU017C,HU,,2018,unemployed_total,"Persons unemployed, total"
A,EC1010V,HU017C,2019,1135.0,,,HU017C,HU,,2019,unemployed_total,"Persons unemployed, total"
A,EC1010V,HU017C,2020,1488.0,,,HU017C,HU,,2020,unemployed_total,"Persons unemployed, total"
A,EC1010V,HU017C,2021,1152.0,,,HU017C,HU,,2021,unemployed_total,"Persons unemployed, total"
A,EC1010V,HU017C,2022,1074.0,,,HU017C,HU,,2022,unemployed_total,"Persons unemployed, total"
A,EC1010V,HU017C,2023,1045.0,,,HU017C,HU,,2023,unemployed_total,"Persons unemployed, total"
A,EC1010V,HU018C,2016,1090.0,,,HU018C,HU,,2016,unemployed_total,"Persons unemployed, total"
A,EC1010V,HU018C,2017,1162.0,,,HU018C,HU,,2017,unemployed_total,"Persons unemployed, total"
A,EC1010V,HU018C,2018,1100.0,,,HU018C,HU,,2018,unemployed_total,"Persons unemployed, total"
A,EC1010V,HU018C,2019,1106.0,,,HU018C,HU,,2019,unemployed_total,"Persons unemployed, total"
A,EC1010V,HU018C,2020,1313.0,,,HU018C,HU,,2020,unemployed_total,"Persons unemployed, total"
A,EC1010V,HU018C,2021,1032.0,,,HU018C,HU,,2021,unemployed_total,"Persons unemployed, total"
A,EC1010V,HU018C,2022,905.0,,,HU018C,HU,,2022,unemployed_total,"Persons unemployed, total"
A,EC1010V,HU018C,2023,989.0,,,HU018C,HU,,2023,unemployed_total,"Persons unemployed, total"
A,EC1010V,HU019C,2016,316.0,,,HU019C,HU,,2016,unemployed_total,"Persons unemployed, total"
A,EC1010V,HU019C,2017,331.0,,,HU019C,HU,,2017,unemployed_total,"Persons unemployed, total"
A,EC1010V,HU019C,2018,361.0,,,HU019C,HU,,2018,unemployed_total,"Persons unemployed, total"
A,EC1010V,HU019C,2019,432.0,,,HU019C,HU,,2019,unemployed_total,"Persons unemployed, total"
A,EC1010V,HU019C,2020,776.0,,,HU019C,HU,,2020,unemployed_total,"Persons unemployed, total"
A,EC1010V,HU019C,2021,446.0,,,HU019C,HU,,2021,unemployed_total,"Persons unemployed, total"
A,EC1010V,HU019C,2022,415.0,,,HU019C,HU,,2022,unemployed_total,"Persons unemployed, total"
A,EC1010V,HU019C,2023,387.0,,,HU019C,HU,,2023,unemployed_total,"Persons unemployed, total"
A,EC1010V,IT,2018,3925526.0,,,IT,IT,,2018,unemployed_total,"Persons unemployed, total"
A,EC1010V,IT,2019,3574355.0,,,IT,IT,,2019,unemployed_total,"Persons unemployed, total"
A,EC1010V,IT,2021,2396496.0,,,IT,IT,,2021,unemployed_total,"Persons unemployed, total"
A,EC1010V,IT,2022,2245511.0,,,IT,IT,,2022,unemployed_total,"Persons unemployed, total"
A,EC1010V,IT001C,2018,198773.0,,,IT001C,IT,,2018,unemployed_total,"Persons unemployed, total"
A,EC1010V,IT001C,2019,172187.0,,,IT001C,IT,,2019,unemployed_total,"Persons unemployed, total"
A,EC1010V,IT001C,2020,114713.0,e,,IT001C,IT,,2020,unemployed_total,"Persons unemployed, total"
A,EC1010V,IT001C,2021,143910.0,,,IT001C,IT,,2021,unemployed_total,"Persons unemployed, total"
A,EC1010V,IT001C,2022,134355.0,,,IT001C,IT,,2022,unemployed_total,"Persons unemployed, total"
A,EC1010V,IT002C,2018,178974.0,,,IT002C,IT,,2018,unemployed_total,"Persons unemployed, total"
A,EC1010V,IT002C,2019,167918.0,,,IT002C,IT,,2019,unemployed_total,"Persons unemployed, total"
A,EC1010V,IT002C,2020,112700.0,e,,IT002C,IT,,2020,unemployed_total,"Persons unemployed, total"
A,EC1010V,IT002C,2021,122682.0,,,IT002C,IT,,2021,unemployed_total,"Persons unemployed, total"
A,EC1010V,IT002C,2022,103528.0,,,IT002C,IT,,2022,unemployed_total,"Persons unemployed, total"
A,EC1010V,IT003C,2018,297744.0,,,IT003C,IT,,2018,unemployed_total,"Persons unemployed, total"
A,EC1010V,IT003C,2019,269938.0,,,IT003C,IT,,2019,unemployed_total,"Persons unemployed, total"
A,EC1010V,IT003C,2020,187759.0,e,,IT003C,IT,,2020,unemployed_total,"Persons unemployed, total"
A,EC1010V,IT003C,2021,144680.0,,,IT003C,IT,,2021,unemployed_total,"Persons unemployed, total"
A,EC1010V,IT003C,2022,157888.0,,,IT003C,IT,,2022,unemployed_total,"Persons unemployed, total"
A,EC1010V,IT004C,2018,56333.0,,,IT004C,IT,,2018,unemployed_total,"Persons unemployed, total"
A,EC1010V,IT004C,2019,51495.0,,,IT004C,IT,,2019,unemployed_total,"Persons unemployed, total"
A,EC1010V,IT004C,2020,33931.0,e,,IT004C,IT,,2020,unemployed_total,"Persons unemployed, total"
A,EC1010V,IT004C,2021,40492.0,,,IT004C,IT,,2021,unemployed_total,"Persons unemployed, total"
A,EC1010V,IT004C,2022,36949.0,,,IT004C,IT,,2022,unemployed_total,"Persons unemployed, total"
A,EC1010V,IT005C,2018,80079.0,,,IT005C,IT,,2018,unemployed_total,"Persons unemployed, total"
A,EC1010V,IT005C,2019,75214.0,,,IT005C,IT,,2019,unemployed_total,"Persons unemployed, total"
A,EC1010V,IT005C,2020,33228.0,e,,IT005C,IT,,2020,unemployed_total,"Persons unemployed, total"
A,EC1010V,IT005C,2021,39805.0,,,IT005C,IT,,2021,unemployed_total,"Persons unemployed, total"
A,EC1010V,IT005C,2022,39705.0,,,IT005C,IT,,2022,unemployed_total,"Persons unemployed, total"
A,EC1010V,IT006C,2018,26641.0,,,IT006C,IT,,2018,unemployed_total,"Persons unemployed, total"
A,EC1010V,IT006C,2019,25050.0,,,IT006C,IT,,2019,unemployed_total,"Persons unemployed, total"
A,EC1010V,IT006C,2020,20451.0,e,,IT006C,IT,,2020,unemployed_total,"Persons unemployed, total"
A,EC1010V,IT006C,2021,20085.0,,,IT006C,IT,,2021,unemployed_total,"Persons unemployed, total"
A,EC1010V,IT006C,2022,16463.0,,,IT006C,IT,,2022,unemployed_total,"Persons unemployed, total"
A,EC1010V,IT007C,2018,18189.0,,,IT007C,IT,,2018,unemployed_total,"Persons unemployed, total"
A,EC1010V,IT007C,2019,15614.0,,,IT007C,IT,,2019,unemployed_total,"Persons unemployed, total"
A,EC1010V,IT007C,2020,14546.0,e,,IT007C,IT,,2020,unemployed_total,"Persons unemployed, total"
A,EC1010V,IT007C,2021,13195.0,,,IT007C,IT,,2021,unemployed_total,"Persons unemployed, total"
A,EC1010V,IT007C,2022,12000.0,,,IT007C,IT,,2022,unemployed_total,"Persons unemployed, total"
A,EC1010V,IT008C,2018,23944.0,,,IT008C,IT,,2018,unemployed_total,"Persons unemployed, total"
A,EC1010V,IT008C,2019,21716.0,,,IT008C,IT,,2019,unemployed_total,"Persons unemployed, total"
A,EC1010V,IT008C,2020,12663.0,e,,IT008C,IT,,2020,unemployed_total,"Persons unemployed, total"
A,EC1010V,IT008C,2021,14460.0,,,IT008C,IT,,2021,unemployed_total,"Persons unemployed, total"
A,EC1010V,IT008C,2022,15399.0,,,IT008C,IT,,2022,unemployed_total,"Persons unemployed, total"
A,EC1010V,IT009C,2018,20607.0,,,IT009C,IT,,2018,unemployed_total,"Persons unemployed, total"
A,EC1010V,IT009C,2019,18482.0,,,IT009C,IT,,2019,unemployed_total,"Persons unemployed, total"
A,EC1010V,IT009C,2020,10880.0,e,,IT009C,IT,,2020,unemployed_total,"Persons unemployed, total"
A,EC1010V,IT009C,2021,13959.0,,,IT009C,IT,,2021,unemployed_total,"Persons unemployed, total"
A,EC1010V,IT009C,2022,11845.0,,,IT009C,IT,,2022,unemployed_total,"Persons unemployed, total"
A,EC1010V,IT010C,2018,38797.0,,,IT010C,IT,,2018,unemployed_total,"Persons unemployed, total"
A,EC1010V,IT010C,2019,37021.0,,,IT010C,IT,,2019,unemployed_total,"Persons unemployed, total"
A,EC1010V,IT010C,2020,22357.0,e,,IT010C,IT,,2020,unemployed_total,"Persons unemployed, total"
A,EC1010V,IT010C,2021,20101.0,,,IT010C,IT,,2021,unemployed_total,"Persons unemployed, total"
A,EC1010V,IT010C,2022,23632.0,,,IT010C,IT,,2022,unemployed_total,"Persons unemployed, total"
A,EC1010V,IT011C,2018,11689.0,,,IT011C,IT,,2018,unemployed_total,"Persons unemployed, total"
A,EC1010V,IT011C,2019,9958.0,,,IT011C,IT,,2019,unemployed_total,"Persons unemployed, total"
A,EC1010V,IT011C,2020,7274.0,e,,IT011C,IT,,2020,unemployed_total,"Persons unemployed, total"
A,EC1010V,IT011C,2021,9139.0,,,IT011C,IT,,2021,unemployed_total,"Persons unemployed, total"
A,EC1010V,IT011C,2022,7613.0,,,IT011C,IT,,2022,unemployed_total,"Persons unemployed, total"
A,EC1010V,IT012C,2018,12200.0,,,IT012C,IT,,2018,unemployed_total,"Persons unemployed, total"
A,EC1010V,IT012C,2019,10339.0,,,IT012C,IT,,2019,unemployed_total,"Persons unemployed, total"
A,EC1010V,IT012C,2020,9357.0,e,,IT012C,IT,,2020,unemployed_total,"Persons unemployed, total"
A,EC1010V,IT012C,2021,8473.0,,,IT012C,IT,,2021,unemployed_total,"Persons unemployed, total"
A,EC1010V,IT012C,2022,7077.0,,,IT012C,IT,,2022,unemployed_total,"Persons unemployed, total"
A,EC1010V,IT013C,2018,3674.0,,,IT013C,IT,,2018,unemployed_total,"Persons unemployed, total"
A,EC1010V,IT013C,2019,3166.0,,,IT013C,IT,,2019,unemployed_total,"Persons unemployed, total"
A,EC1010V,IT013C,2020,2126.0,e,,IT013C,IT,,2020,unemployed_total,"Persons unemployed, total"
A,EC1010V,IT013C,2021,2252.0,,,IT013C,IT,,2021,unemployed_total,"Persons unemployed, total"
A,EC1010V,IT013C,2022,1811.0,,,IT013C,IT,,2022,unemployed_total,"Persons unemployed, total"
A,EC1010V,IT014C,2018,4917.0,,,IT014C,IT,,2018,unemployed_total,"Persons unemployed, total"
A,EC1010V,IT014C,2019,5093.0,,,IT014C,IT,,2019,unemployed_total,"Persons unemployed, total"
A,EC1010V,IT014C,2020,3165.0,e,,IT014C,IT,,2020,unemployed_total,"Persons unemployed, total"
A,EC1010V,IT014C,2021,4084.0,,,IT014C,IT,,2021,unemployed_total,"Persons unemployed, total"
A,EC1010V,IT014C,2022,3249.0,,,IT014C,IT,,2022,unemployed_total,"Persons unemployed, total"
A,EC1010V,IT015C,2018,10894.0,,,IT015C,IT,,2018,unemployed_total,"Persons unemployed, total"
A,EC1010V,IT015C,2019,10763.0,,,IT015C,IT,,2019,unemployed_total,"Persons unemployed, total"
A,EC1010V,IT015C,2020,5351.0,e,,IT015C,IT,,2020,unemployed_total,"Persons unemployed, total"
A,EC1010V,IT015C,2021,7607.0,,,IT015C,IT,,2021,unemployed_total,"Persons unemployed, total"
A,EC1010V,IT015C,2022,7037.0,,,IT015C,IT,,2022,unemployed_total,"Persons unemployed, total"
A,EC1010V,IT016C,2018,10925.0,,,IT016C,IT,,2018,unemployed_total,"Persons unemployed, total"
A,EC1010V,IT016C,2019,9428.0,,,IT016C,IT,,2019,unemployed_total,"Persons unemployed, total"
A,EC1010V,IT016C,2020,8805.0,e,,IT016C,IT,,2020,unemployed_total,"Persons unemployed, total"
A,EC1010V,IT016C,2021,6490.0,,,IT016C,IT,,2021,unemployed_total,"Persons unemployed, total"
A,EC1010V,IT016C,2022,6378.0,,,IT016C,IT,,2022,unemployed_total,"Persons unemployed, total"
A,EC1010V,IT017C,2018,5519.0,,,IT017C,IT,,2018,unemployed_total,"Persons unemployed, total"
A,EC1010V,IT017C,2019,4751.0,,,IT017C,IT,,2019,unemployed_total,"Persons unemployed, total"
A,EC1010V,IT017C,2020,3750.0,e,,IT017C,IT,,2020,unemployed_total,"Persons unemployed, total"
A,EC1010V,IT017C,2021,3372.0,,,IT017C,IT,,2021,unemployed_total,"Persons unemployed, total"
A,EC1010V,IT017C,2022,3469.0,,,IT017C,IT,,2022,unemployed_total,"Persons unemployed, total"
A,EC1010V,IT018C,2018,8855.0,,,IT018C,IT,,2018,unemployed_total,"Persons unemployed, total"
A,EC1010V,IT018C,2019,8831.0,,,IT018C,IT,,2019,unemployed_total,"Persons unemployed, total"
A,EC1010V,IT018C,2020,5655.0,e,,IT018C,IT,,2020,unemployed_total,"Persons unemployed, total"
A,EC1010V,IT018C,2021,6465.0,,,IT018C,IT,,2021,unemployed_total,"Persons unemployed, total"
A,EC1010V,IT018C,2022,5474.0,,,IT018C,IT,,2022,unemployed_total,"Persons unemployed, total"
A,EC1010V,IT019C,2018,3482.0,,,IT019C,IT,,2018,unemployed_total,"Persons unemployed, total"
A,EC1010V,IT019C,2019,3294.0,,,IT019C,IT,,2019,unemployed_total,"Persons unemployed, total"
A,EC1010V,IT019C,2020,2064.0,e,,IT019C,IT,,2020,unemployed_total,"Persons unemployed, total"
A,EC1010V,IT019C,2021,2105.0,,,IT019C,IT,,2021,unemployed_total,"Persons unemployed, total"
A,EC1010V,IT019C,2022,2088.0,,,IT019C,IT,,2022,unemployed_total,"Persons unemployed, total"
A,EC1010V,IT020C,2018,5382.0,,,IT020C,IT,,2018,unemployed_total,"Persons unemployed, total"
A,EC1010V,IT020C,2019,5667.0,,,IT020C,IT,,2019,unemployed_total,"Persons unemployed, total"
A,EC1010V,IT020C,2020,2539.0,e,,IT020C,IT,,2020,unemployed_total,"Persons unemployed, total"
A,EC1010V,IT020C,2021,3382.0,,,IT020C,IT,,2021,unemployed_total,"Persons unemployed, total"
A,EC1010V,IT020C,2022,3642.0,,,IT020C,IT,,2022,unemployed_total,"Persons unemployed, total"
A,EC1010V,IT021C,2018,15636.0,,,IT021C,IT,,2018,unemployed_total,"Persons unemployed, total"
A,EC1010V,IT021C,2019,14606.0,,,IT021C,IT,,2019,unemployed_total,"Persons unemployed, total"
A,EC1010V,IT021C,2020,8288.0,e,,IT021C,IT,,2020,unemployed_total,"Persons unemployed, total"
A,EC1010V,IT021C,2021,9920.0,,,IT021C,IT,,2021,unemployed_total,"Persons unemployed, total"
A,EC1010V,IT021C,2022,10153.0,,,IT021C,IT,,2022,unemployed_total,"Persons unemployed, total"
A,EC1010V,IT022C,2018,5984.0,,,IT022C,IT,,2018,unemployed_total,"Persons unemployed, total"
A,EC1010V,IT022C,2019,5299.0,,,IT022C,IT,,2019,unemployed_total,"Persons unemployed, total"
A,EC1010V,IT022C,2020,2653.0,e,,IT022C,IT,,2020,unemployed_total,"Persons unemployed, total"
A,EC1010V,IT022C,2021,2904.0,,,IT022C,IT,,2021,unemployed_total,"Persons unemployed, total"
A,EC1010V,IT022C,2022,3192.0,,,IT022C,IT,,2022,unemployed_total,"Persons unemployed, total"
A,EC1010V,IT023C,2018,7628.0,,,IT023C,IT,,2018,unemployed_total,"Persons unemployed, total"
A,EC1010V,IT023C,2019,7127.0,,,IT023C,IT,,2019,unemployed_total,"Persons unemployed, total"
A,EC1010V,IT023C,2020,6179.0,e,,IT023C,IT,,2020,unemployed_total,"Persons unemployed, total"
A,EC1010V,IT023C,2021,4174.0,,,IT023C,IT,,2021,unemployed_total,"Persons unemployed, total"
A,EC1010V,IT023C,2022,4036.0,,,IT023C,IT,,2022,unemployed_total,"Persons unemployed, total"
A,EC1010V,IT024C,2018,18187.0,,,IT024C,IT,,2018,unemployed_total,"Persons unemployed, total"
A,EC1010V,IT024C,2019,16750.0,,,IT024C,IT,,2019,unemployed_total,"Persons unemployed, total"
A,EC1010V,IT024C,2020,8010.0,e,,IT024C,IT,,2020,unemployed_total,"Persons unemployed, total"
A,EC1010V,IT024C,2021,10415.0,,,IT024C,IT,,2021,unemployed_total,"Persons unemployed, total"
A,EC1010V,IT024C,2022,10709.0,,,IT024C,IT,,2022,unemployed_total,"Persons unemployed, total"
A,EC1010V,IT025C,2018,12544.0,,,IT025C,IT,,2018,unemployed_total,"Persons unemployed, total"
A,EC1010V,IT025C,2019,12337.0,,,IT025C,IT,,2019,unemployed_total,"Persons unemployed, total"
A,EC1010V,IT025C,2020,7906.0,e,,IT025C,IT,,2020,unemployed_total,"Persons unemployed, total"
A,EC1010V,IT025C,2021,8394.0,,,IT025C,IT,,2021,unemployed_total,"Persons unemployed, total"
A,EC1010V,IT025C,2022,7391.0,,,IT025C,IT,,2022,unemployed_total,"Persons unemployed, total"
A,EC1010V,IT026C,2018,13012.0,,,IT026C,IT,,2018,unemployed_total,"Persons unemployed, total"
A,EC1010V,IT026C,2019,12884.0,,,IT026C,IT,,2019,unemployed_total,"Persons unemployed, total"
A,EC1010V,IT026C,2020,8621.0,e,,IT026C,IT,,2020,unemployed_total,"Persons unemployed, total"
A,EC1010V,IT026C,2021,9356.0,,,IT026C,IT,,2021,unemployed_total,"Persons unemployed, total"
A,EC1010V,IT026C,2022,8620.0,,,IT026C,IT,,2022,unemployed_total,"Persons unemployed, total"
A,EC1010V,IT027C,2018,10916.0,,,IT027C,IT,,2018,unemployed_total,"Persons unemployed, total"
A,EC1010V,IT027C,2019,9683.0,,,IT027C,IT,,2019,unemployed_total,"Persons unemployed, total"
A,EC1010V,IT027C,2020,10238.0,e,,IT027C,IT,,2020,unemployed_total,"Persons unemployed, total"
A,EC1010V,IT027C,2021,7998.0,,,IT027C,IT,,2021,unemployed_total,"Persons unemployed, total"
A,EC1010V,IT027C,2022,7870.0,,,IT027C,IT,,2022,unemployed_total,"Persons unemployed, total"
A,EC1010V,IT028C,2018,10082.0,,,IT028C,IT,,2018,unemployed_total,"Persons unemployed, total"
A,EC1010V,IT028C,2019,8741.0,,,IT028C,IT,,2019,unemployed_total,"Persons unemployed, total"
A,EC1010V,IT028C,2020,6867.0,e,,IT028C,IT,,2020,unemployed_total,"Persons unemployed, total"
A,EC1010V,IT028C,2021,6365.0,,,IT028C,IT,,2021,unemployed_total,"Persons unemployed, total"
A,EC1010V,IT028C,2022,5261.0,,,IT028C,IT,,2022,unemployed_total,"Persons unemployed, total"
A,EC1010V,IT029C,2018,9596.0,,,IT029C,IT,,2018,unemployed_total,"Persons unemployed, total"
A,EC1010V,IT029C,2019,9045.0,,,IT029C,IT,,2019,unemployed_total,"Persons unemployed, total"
A,EC1010V,IT029C,2020,5340.0,e,,IT029C,IT,,2020,unemployed_total,"Persons unemployed, total"
A,EC1010V,IT029C,2021,6314.0,,,IT029C,IT,,2021,unemployed_total,"Persons unemployed, total"
A,EC1010V,IT029C,2022,4875.0,,,IT029C,IT,,2022,unemployed_total,"Persons unemployed, total"
A,EC1010V,IT030C,2018,12788.0,,,IT030C,IT,,2018,unemployed_total,"Persons unemployed, total"
A,EC1010V,IT030C,2019,9662.0,,,IT030C,IT,,2019,unemployed_total,"Persons unemployed, total"
A,EC1010V,IT030C,2020,13121.0,e,,IT030C,IT,,2020,unemployed_total,"Persons unemployed, total"
A,EC1010V,IT030C,2021,7058.0,,,IT030C,IT,,2021,unemployed_total,"Persons unemployed, total"
A,EC1010V,IT030C,2022,7054.0,,,IT030C,IT,,2022,unemployed_total,"Persons unemployed, total"
A,EC1010V,IT031C,2018,9768.0,,,IT031C,IT,,2018,unemployed_total,"Persons unemployed, total"
A,EC1010V,IT031C,2019,9430.0,,,IT031C,IT,,2019,unemployed_total,"Persons unemployed, total"
A,EC1010V,IT031C,2020,5858.0,e,,IT031C,IT,,2020,unemployed_total,"Persons unemployed, total"
A,EC1010V,IT031C,2021,5682.0,,,IT031C,IT,,2021,unemployed_total,"Persons unemployed, total"
A,EC1010V,IT031C,2022,6002.0,,,IT031C,IT,,2022,unemployed_total,"Persons unemployed, total"
A,EC1010V,IT032C,2018,4829.0,,,IT032C,IT,,2018,unemployed_total,"Persons unemployed, total"
A,EC1010V,IT032C,2019,4410.0,,,IT032C,IT,,2019,unemployed_total,"Persons unemployed, total"
A,EC1010V,IT032C,2020,3936.0,e,,IT032C,IT,,2020,unemployed_total,"Persons unemployed, total"
A,EC1010V,IT032C,2021,3281.0,,,IT032C,IT,,2021,unemployed_total,"Persons unemployed, total"
A,EC1010V,IT032C,2022,2667.0,,,IT032C,IT,,2022,unemployed_total,"Persons unemployed, total"
A,EC1010V,IT033C,2018,3067.0,,,IT033C,IT,,2018,unemployed_total,"Persons unemployed, total"
A,EC1010V,IT033C,2019,3416.0,,,IT033C,IT,,2019,unemployed_total,"Persons unemployed, total"
A,EC1010V,IT033C,2020,3477.0,e,,IT033C,IT,,2020,unemployed_total,"Persons unemployed, total"
A,EC1010V,IT033C,2021,2490.0,,,IT033C,IT,,2021,unemployed_total,"Persons unemployed, total"
A,EC1010V,IT033C,2022,1971.0,,,IT033C,IT,,2022,unemployed_total,"Persons unemployed, total"
A,EC1010V,IT034C,2018,5455.0,,,IT034C,IT,,2018,unemployed_total,"Persons unemployed, total"
A,EC1010V,IT034C,2019,4963.0,,,IT034C,IT,,2019,unemployed_total,"Persons unemployed, total"
A,EC1010V,IT034C,2020,4399.0,e,,IT034C,IT,,2020,unemployed_total,"Persons unemployed, total"
A,EC1010V,IT034C,2021,3845.0,,,IT034C,IT,,2021,unemployed_total,"Persons unemployed, total"
A,EC1010V,IT034C,2022,3389.0,,,IT034C,IT,,2022,unemployed_total,"Persons unemployed, total"
A,EC1010V,IT035C,2018,4915.0,,,IT035C,IT,,2018,unemployed_total,"Persons unemployed, total"
A,EC1010V,IT035C,2019,4763.0,,,IT035C,IT,,2019,unemployed_total,"Persons unemployed, total"
A,EC1010V,IT035C,2020,4409.0,e,,IT035C,IT,,2020,unemployed_total,"Persons unemployed, total"
A,EC1010V,IT035C,2021,3382.0,,,IT035C,IT,,2021,unemployed_total,"Persons unemployed, total"
A,EC1010V,IT035C,2022,3051.0,,,IT035C,IT,,2022,unemployed_total,"Persons unemployed, total"
A,EC1010V,IT036C,2018,7569.0,,,IT036C,IT,,2018,unemployed_total,"Persons unemployed, total"
A,EC1010V,IT036C,2019,6061.0,,,IT036C,IT,,2019,unemployed_total,"Persons unemployed, total"
A,EC1010V,IT036C,2020,3199.0,e,,IT036C,IT,,2020,unemployed_total,"Persons unemployed, total"
A,EC1010V,IT036C,2021,4334.0,,,IT036C,IT,,2021,unemployed_total,"Persons unemployed, total"
A,EC1010V,IT036C,2022,4895.0,,,IT036C,IT,,2022,unemployed_total,"Persons unemployed, total"
A,EC1010V,IT037C,2018,9050.0,,,IT037C,IT,,2018,unemployed_total,"Persons unemployed, total"
A,EC1010V,IT037C,2019,7723.0,,,IT037C,IT,,2019,unemployed_total,"Persons unemployed, total"
A,EC1010V,IT037C,2020,2671.0,e,,IT037C,IT,,2020,unemployed_total,"Persons unemployed, total"
A,EC1010V,IT037C,2021,4639.0,,,IT037C,IT,,2021,unemployed_total,"Persons unemployed, total"
A,EC1010V,IT037C,2022,3664.0,,,IT037C,IT,,2022,unemployed_total,"Persons unemployed, total"
A,EC1010V,IT038C,2018,5152.0,,,IT038C,IT,,2018,unemployed_total,"Persons unemployed, total"
A,EC1010V,IT038C,2019,4770.0,,,IT038C,IT,,2019,unemployed_total,"Persons unemployed, total"
A,EC1010V,IT038C,2020,2932.0,e,,IT038C,IT,,2020,unemployed_total,"Persons unemployed, total"
A,EC1010V,IT038C,2021,3365.0,,,IT038C,IT,,2021,unemployed_total,"Persons unemployed, total"
A,EC1010V,IT038C,2022,2828.0,,,IT038C,IT,,2022,unemployed_total,"Persons unemployed, total"
A,EC1010V,IT039C,2018,5841.0,,,IT039C,IT,,2018,unemployed_total,"Persons unemployed, total"
A,EC1010V,IT039C,2019,5488.0,,,IT039C,IT,,2019,unemployed_total,"Persons unemployed, total"
A,EC1010V,IT039C,2020,2624.0,e,,IT039C,IT,,2020,unemployed_total,"Persons unemployed, total"
A,EC1010V,IT039C,2021,4298.0,,,IT039C,IT,,2021,unemployed_total,"Persons unemployed, total"
A,EC1010V,IT039C,2022,3407.0,,,IT039C,IT,,2022,unemployed_total,"Persons unemployed, total"
A,EC1010V,IT040C,2018,5275.0,,,IT040C,IT,,2018,unemployed_total,"Persons unemployed, total"
A,EC1010V,IT040C,2019,4880.0,,,IT040C,IT,,2019,unemployed_total,"Persons unemployed, total"
A,EC1010V,IT040C,2020,3014.0,e,,IT040C,IT,,2020,unemployed_total,"Persons unemployed, total"
A,EC1010V,IT040C,2021,3855.0,,,IT040C,IT,,2021,unemployed_total,"Persons unemployed, total"
A,EC1010V,IT040C,2022,3226.0,,,IT040C,IT,,2022,unemployed_total,"Persons unemployed, total"
A,EC1010V,IT041C,2018,4941.0,,,IT041C,IT,,2018,unemployed_total,"Persons unemployed, total"
A,EC1010V,IT041C,2019,4269.0,,,IT041C,IT,,2019,unemployed_total,"Persons unemployed, total"
A,EC1010V,IT041C,2020,2642.0,e,,IT041C,IT,,2020,unemployed_total,"Persons unemployed, total"
A,EC1010V,IT041C,2021,2921.0,,,IT041C,IT,,2021,unemployed_total,"Persons unemployed, total"
A,EC1010V,IT041C,2022,2513.0,,,IT041C,IT,,2022,unemployed_total,"Persons unemployed, total"
A,EC1010V,IT042C,2018,4852.0,,,IT042C,IT,,2018,unemployed_total,"Persons unemployed, total"
A,EC1010V,IT042C,2019,4391.0,,,IT042C,IT,,2019,unemployed_total,"Persons unemployed, total"
A,EC1010V,IT042C,2020,2583.0,e,,IT042C,IT,,2020,unemployed_total,"Persons unemployed, total"
A,EC1010V,IT042C,2021,3222.0,,,IT042C,IT,,2021,unemployed_total,"Persons unemployed, total"
A,EC1010V,IT042C,2022,2888.0,,,IT042C,IT,,2022,unemployed_total,"Persons unemployed, total"
A,EC1010V,IT043C,2018,4720.0,,,IT043C,IT,,2018,unemployed_total,"Persons unemployed, total"
A,EC1010V,IT043C,2019,4064.0,,,IT043C,IT,,2019,unemployed_total,"Persons unemployed, total"
A,EC1010V,IT043C,2020,2783.0,e,,IT043C,IT,,2020,unemployed_total,"Persons unemployed, total"
A,EC1010V,IT043C,2021,3345.0,,,IT043C,IT,,2021,unemployed_total,"Persons unemployed, total"
A,EC1010V,IT043C,2022,2663.0,,,IT043C,IT,,2022,unemployed_total,"Persons unemployed, total"
A,EC1010V,IT044C,2018,3627.0,,,IT044C,IT,,2018,unemployed_total,"Persons unemployed, total"
A,EC1010V,IT044C,2019,3570.0,,,IT044C,IT,,2019,unemployed_total,"Persons unemployed, total"
A,EC1010V,IT044C,2020,1391.0,e,,IT044C,IT,,2020,unemployed_total,"Persons unemployed, total"
A,EC1010V,IT044C,2021,2644.0,,,IT044C,IT,,2021,unemployed_total,"Persons unemployed, total"
A,EC1010V,IT044C,2022,2650.0,,,IT044C,IT,,2022,unemployed_total,"Persons unemployed, total"
A,EC1010V,IT045C,2018,4720.0,,,IT045C,IT,,2018,unemployed_total,"Persons unemployed, total"
A,EC1010V,IT045C,2019,4644.0,,,IT045C,IT,,2019,unemployed_total,"Persons unemployed, total"
A,EC1010V,IT045C,2020,2882.0,e,,IT045C,IT,,2020,unemployed_total,"Persons unemployed, total"
A,EC1010V,IT045C,2021,3361.0,,,IT045C,IT,,2021,unemployed_total,"Persons unemployed, total"
A,EC1010V,IT045C,2022,2310.0,,,IT045C,IT,,2022,unemployed_total,"Persons unemployed, total"
A,EC1010V,IT046C,2018,5653.0,,,IT046C,IT,,2018,unemployed_total,"Persons unemployed, total"
A,EC1010V,IT046C,2019,4931.0,,,IT046C,IT,,2019,unemployed_total,"Persons unemployed, total"
A,EC1010V,IT046C,2020,4357.0,e,,IT046C,IT,,2020,unemployed_total,"Persons unemployed, total"
A,EC1010V,IT046C,2021,3399.0,,,IT046C,IT,,2021,unemployed_total,"Persons unemployed, total"
A,EC1010V,IT046C,2022,3778.0,,,IT046C,IT,,2022,unemployed_total,"Persons unemployed, total"
A,EC1010V,IT047C,2018,3095.0,,,IT047C,IT,,2018,unemployed_total,"Persons unemployed, total"
A,EC1010V,IT047C,2019,3166.0,,,IT047C,IT,,2019,unemployed_total,"Persons unemployed, total"
A,EC1010V,IT047C,2020,1964.0,e,,IT047C,IT,,2020,unemployed_total,"Persons unemployed, total"
A,EC1010V,IT047C,2021,2377.0,,,IT047C,IT,,2021,unemployed_total,"Persons unemployed, total"
A,EC1010V,IT047C,2022,2024.0,,,IT047C,IT,,2022,unemployed_total,"Persons unemployed, total"
A,EC1010V,IT048C,2018,4599.0,,,IT048C,IT,,2018,unemployed_total,"Persons unemployed, total"
A,EC1010V,IT048C,2019,4336.0,,,IT048C,IT,,2019,unemployed_total,"Persons unemployed, total"
A,EC1010V,IT048C,2020,1807.0,e,,IT048C,IT,,2020,unemployed_total,"Persons unemployed, total"
A,EC1010V,IT048C,2021,3064.0,,,IT048C,IT,,2021,unemployed_total,"Persons unemployed, total"
A,EC1010V,IT048C,2022,2582.0,,,IT048C,IT,,2022,unemployed_total,"Persons unemployed, total"
A,EC1010V,IT049C,2018,5647.0,,,IT049C,IT,,2018,unemployed_total,"Persons unemployed, total"
A,EC1010V,IT049C,2019,5539.0,,,IT049C,IT,,2019,unemployed_total,"Persons unemployed, total"
A,EC1010V,IT049C,2020,1602.0,e,,IT049C,IT,,2020,unemployed_total,"Persons unemployed, total"
A,EC1010V,IT049C,2021,3340.0,,,IT049C,IT,,2021,unemployed_total,"Persons unemployed, total"
A,EC1010V,IT049C,2022,3748.0,,,IT049C,IT,,2022,unemployed_total,"Persons unemployed, total"
A,EC1010V,IT050C,2018,3548.0,,,IT050C,IT,,2018,unemployed_total,"Persons unemployed, total"
A,EC1010V,IT050C,2019,3612.0,,,IT050C,IT,,2019,unemployed_total,"Persons unemployed, total"
A,EC1010V,IT050C,2020,2660.0,e,,IT050C,IT,,2020,unemployed_total,"Persons unemployed, total"
A,EC1010V,IT050C,2021,2421.0,,,IT050C,IT,,2021,unemployed_total,"Persons unemployed, total"
A,EC1010V,IT050C,2022,2338.0,,,IT050C,IT,,2022,unemployed_total,"Persons unemployed, total"
A,EC1010V,IT051C,2018,2873.0,,,IT051C,IT,,2018,unemployed_total,"Persons unemployed, total"
A,EC1010V,IT051C,2019,2631.0,,,IT051C,IT,,2019,unemployed_total,"Persons unemployed, total"
A,EC1010V,IT051C,2020,1375.0,e,,IT051C,IT,,2020,unemployed_total,"Persons unemployed, total"
A,EC1010V,IT051C,2021,1818.0,,,IT051C,IT,,2021,unemployed_total,"Persons unemployed, total"
A,EC1010V,IT051C,2022,1707.0,,,IT051C,IT,,2022,unemployed_total,"Persons unemployed, total"
A,EC1010V,IT052C,2018,2071.0,,,IT052C,IT,,2018,unemployed_total,"Persons unemployed, total"
A,EC1010V,IT052C,2019,1887.0,,,IT052C,IT,,2019,unemployed_total,"Persons unemployed, total"
A,EC1010V,IT052C,2020,1211.0,e,,IT052C,IT,,2020,unemployed_total,"Persons unemployed, total"
A,EC1010V,IT052C,2021,1325.0,,,IT052C,IT,,2021,unemployed_total,"Persons unemployed, total"
A,EC1010V,IT052C,2022,1168.0,,,IT052C,IT,,2022,unemployed_total,"Persons unemployed, total"
A,EC1010V,IT053C,2018,5338.0,,,IT053C,IT,,2018,unemployed_total,"Persons unemployed, total"
A,EC1010V,IT053C,2019,4300.0,,,IT053C,IT,,2019,unemployed_total,"Persons unemployed, total"
A,EC1010V,IT053C,2020,2558.0,e,,IT053C,IT,,2020,unemployed_total,"Persons unemployed, total"
A,EC1010V,IT053C,2021,2616.0,,,IT053C,IT,,2021,unemployed_total,"Persons unemployed, total"
A,EC1010V,IT053C,2022,2495.0,,,IT053C,IT,,2022,unemployed_total,"Persons unemployed, total"
A,EC1010V,IT054C,2018,5104.0,,,IT054C,IT,,2018,unemployed_total,"Persons unemployed, total"
A,EC1010V,IT054C,2019,4286.0,,,IT054C,IT,,2019,unemployed_total,"Persons unemployed, total"
A,EC1010V,IT054C,2020,2616.0,e,,IT054C,IT,,2020,unemployed_total,"Persons unemployed, total"
A,EC1010V,IT054C,2021,2873.0,,,IT054C,IT,,2021,unemployed_total,"Persons unemployed, total"
A,EC1010V,IT054C,2022,2601.0,,,IT054C,IT,,2022,unemployed_total,"Persons unemployed, total"
A,EC1010V,IT055C,2018,3823.0,,,IT055C,IT,,2018,unemployed_total,"Persons unemployed, total"
A,EC1010V,IT055C,2019,3318.0,,,IT055C,IT,,2019,unemployed_total,"Persons unemployed, total"
A,EC1010V,IT055C,2020,2558.0,e,,IT055C,IT,,2020,unemployed_total,"Persons unemployed, total"
A,EC1010V,IT055C,2021,2397.0,,,IT055C,IT,,2021,unemployed_total,"Persons unemployed, total"
A,EC1010V,IT055C,2022,2362.0,,,IT055C,IT,,2022,unemployed_total,"Persons unemployed, total"
A,EC1010V,IT056C,2018,4540.0,,,IT056C,IT,,2018,unemployed_total,"Persons unemployed, total"
A,EC1010V,IT056C,2019,3872.0,,,IT056C,IT,,2019,unemployed_total,"Persons unemployed, total"
A,EC1010V,IT056C,2020,2366.0,e,,IT056C,IT,,2020,unemployed_total,"Persons unemployed, total"
A,EC1010V,IT056C,2021,2296.0,,,IT056C,IT,,2021,unemployed_total,"Persons unemployed, total"
A,EC1010V,IT056C,2022,2280.0,,,IT056C,IT,,2022,unemployed_total,"Persons unemployed, total"
A,EC1010V,IT057C,2018,4381.0,,,IT057C,IT,,2018,unemployed_total,"Persons unemployed, total"
A,EC1010V,IT057C,2019,3760.0,,,IT057C,IT,,2019,unemployed_total,"Persons unemployed, total"
A,EC1010V,IT057C,2020,2645.0,e,,IT057C,IT,,2020,unemployed_total,"Persons unemployed, total"
A,EC1010V,IT057C,2021,2381.0,,,IT057C,IT,,2021,unemployed_total,"Persons unemployed, total"
A,EC1010V,IT057C,2022,1797.0,,,IT057C,IT,,2022,unemployed_total,"Persons unemployed, total"
A,EC1010V,IT058C,2018,3909.0,,,IT058C,IT,,2018,unemployed_total,"Persons unemployed, total"
A,EC1010V,IT058C,2019,3682.0,,,IT058C,IT,,2019,unemployed_total,"Persons unemployed, total"
A,EC1010V,IT058C,2020,1969.0,e,,IT058C,IT,,2020,unemployed_total,"Persons unemployed, total"
A,EC1010V,IT058C,2021,2390.0,,,IT058C,IT,,2021,unemployed_total,"Persons unemployed, total"
A,EC1010V,IT058C,2022,1959.0,,,IT058C,IT,,2022,unemployed_total,"Persons unemployed, total"
A,EC1010V,IT059C,2018,6074.0,,,IT059C,IT,,2018,unemployed_total,"Persons unemployed, total"
A,EC1010V,IT059C,2019,4230.0,,,IT059C,IT,,2019,unemployed_total,"Persons unemployed, total"
A,EC1010V,IT059C,2020,4802.0,e,,IT059C,IT,,2020,unemployed_total,"Persons unemployed, total"
A,EC1010V,IT059C,2021,2980.0,,,IT059C,IT,,2021,unemployed_total,"Persons unemployed, total"
A,EC1010V,IT059C,2022,3017.0,,,IT059C,IT,,2022,unemployed_total,"Persons unemployed, total"
A,EC1010V,IT060C,2018,8434.0,,,IT060C,IT,,2018,unemployed_total,"Persons unemployed, total"
A,EC1010V,IT060C,2019,8488.0,,,IT060C,IT,,2019,unemployed_total,"Persons unemployed, total"
A,EC1010V,IT060C,2020,4074.0,e,,IT060C,IT,,2020,unemployed_total,"Persons unemployed, total"
A,EC1010V,IT060C,2021,4602.0,,,IT060C,IT,,2021,unemployed_total,"Persons unemployed, total"
A,EC1010V,IT060C,2022,3914.0,,,IT060C,IT,,2022,unemployed_total,"Persons unemployed, total"
A,EC1010V,IT061C,2018,6182.0,,,IT061C,IT,,2018,unemployed_total,"Persons unemployed, total"
A,EC1010V,IT061C,2019,6204.0,,,IT061C,IT,,2019,unemployed_total,"Persons unemployed, total"
A,EC1010V,IT061C,2020,3258.0,e,,IT061C,IT,,2020,unemployed_total,"Persons unemployed, total"
A,EC1010V,IT061C,2021,3290.0,,,IT061C,IT,,2021,unemployed_total,"Persons unemployed, total"
A,EC1010V,IT061C,2022,2983.0,,,IT061C,IT,,2022,unemployed_total,"Persons unemployed, total"
A,EC1010V,IT062C,2018,3930.0,,,IT062C,IT,,2018,unemployed_total,"Persons unemployed, total"
A,EC1010V,IT062C,2019,3972.0,,,IT062C,IT,,2019,unemployed_total,"Persons unemployed, total"
A,EC1010V,IT062C,2020,2055.0,e,,IT062C,IT,,2020,unemployed_total,"Persons unemployed, total"
A,EC1010V,IT062C,2021,3488.0,,,IT062C,IT,,2021,unemployed_total,"Persons unemployed, total"
A,EC1010V,IT062C,2022,2852.0,,,IT062C,IT,,2022,unemployed_total,"Persons unemployed, total"
A,EC1010V,IT063C,2018,1959.0,,,IT063C,IT,,2018,unemployed_total,"Persons unemployed, total"
A,EC1010V,IT063C,2019,1906.0,,,IT063C,IT,,2019,unemployed_total,"Persons unemployed, total"
A,EC1010V,IT063C,2020,1415.0,e,,IT063C,IT,,2020,unemployed_total,"Persons unemployed, total"
A,EC1010V,IT063C,2021,1341.0,,,IT063C,IT,,2021,unemployed_total,"Persons unemployed, total"
A,EC1010V,IT063C,2022,1140.0,,,IT063C,IT,,2022,unemployed_total,"Persons unemployed, total"
A,EC1010V,IT064C,2018,26615.0,,,IT064C,IT,,2018,unemployed_total,"Persons unemployed, total"
A,EC1010V,IT064C,2019,24668.0,,,IT064C,IT,,2019,unemployed_total,"Persons unemployed, total"
A,EC1010V,IT064C,2020,25442.0,e,,IT064C,IT,,2020,unemployed_total,"Persons unemployed, total"
A,EC1010V,IT064C,2021,12221.0,,,IT064C,IT,,2021,unemployed_total,"Persons unemployed, total"
A,EC1010V,IT064C,2022,11876.0,,,IT064C,IT,,2022,unemployed_total,"Persons unemployed, total"
A,EC1010V,IT065C,2018,10478.0,,,IT065C,IT,,2018,unemployed_total,"Persons unemployed, total"
A,EC1010V,IT065C,2019,9777.0,,,IT065C,IT,,2019,unemployed_total,"Persons unemployed, total"
A,EC1010V,IT065C,2020,7443.0,e,,IT065C,IT,,2020,unemployed_total,"Persons unemployed, total"
A,EC1010V,IT065C,2021,7317.0,,,IT065C,IT,,2021,unemployed_total,"Persons unemployed, total"
A,EC1010V,IT065C,2022,6496.0,,,IT065C,IT,,2022,unemployed_total,"Persons unemployed, total"
A,EC1010V,IT066C,2018,9492.0,,,IT066C,IT,,2018,unemployed_total,"Persons unemployed, total"
A,EC1010V,IT066C,2019,8643.0,,,IT066C,IT,,2019,unemployed_total,"Persons unemployed, total"
A,EC1010V,IT066C,2020,6881.0,e,,IT066C,IT,,2020,unemployed_total,"Persons unemployed, total"
A,EC1010V,IT066C,2021,6279.0,,,IT066C,IT,,2021,unemployed_total,"Persons unemployed, total"
A,EC1010V,IT066C,2022,4855.0,,,IT066C,IT,,2022,unemployed_total,"Persons unemployed, total"
A,EC1010V,IT067C,2018,9097.0,,,IT067C,IT,,2018,unemployed_total,"Persons unemployed, total"
A,EC1010V,IT067C,2019,8507.0,,,IT067C,IT,,2019,unemployed_total,"Persons unemployed, total"
A,EC1010V,IT067C,2020,4790.0,e,,IT067C,IT,,2020,unemployed_total,"Persons unemployed, total"
A,EC1010V,IT067C,2021,6438.0,,,IT067C,IT,,2021,unemployed_total,"Persons unemployed, total"
A,EC1010V,IT067C,2022,4976.0,,,IT067C,IT,,2022,unemployed_total,"Persons unemployed, total"
A,EC1010V,IT068C,2018,9147.0,,,IT068C,IT,,2018,unemployed_total,"Persons unemployed, total"
A,EC1010V,IT068C,2019,8615.0,,,IT068C,IT,,2019,unemployed_total,"Persons unemployed, total"
A,EC1010V,IT068C,2020,2754.0,e,,IT068C,IT,,2020,unemployed_total,"Persons unemployed, total"
A,EC1010V,IT068C,2021,6257.0,,,IT068C,IT,,2021,unemployed_total,"Persons unemployed, total"
A,EC1010V,IT068C,2022,4709.0,,,IT068C,IT,,2022,unemployed_total,"Persons unemployed, total"
A,EC1010V,IT069C,2018,7449.0,,,IT069C,IT,,2018,unemployed_total,"Persons unemployed, total"
A,EC1010V,IT069C,2019,6717.0,,,IT069C,IT,,2019,unemployed_total,"Persons unemployed, total"
A,EC1010V,IT069C,2020,5823.0,e,,IT069C,IT,,2020,unemployed_total,"Persons unemployed, total"
A,EC1010V,IT069C,2021,5163.0,,,IT069C,IT,,2021,unemployed_total,"Persons unemployed, total"
A,EC1010V,IT069C,2022,4057.0,,,IT069C,IT,,2022,unemployed_total,"Persons unemployed, total"
A,EC1010V,IT070C,2018,6672.0,,,IT070C,IT,,2018,unemployed_total,"Persons unemployed, total"
A,EC1010V,IT070C,2019,6547.0,,,IT070C,IT,,2019,unemployed_total,"Persons unemployed, total"
A,EC1010V,IT070C,2020,5470.0,e,,IT070C,IT,,2020,unemployed_total,"Persons unemployed, total"
A,EC1010V,IT070C,2021,4373.0,,,IT070C,IT,,2021,unemployed_total,"Persons unemployed, total"
A,EC1010V,IT070C,2022,3723.0,,,IT070C,IT,,2022,unemployed_total,"Persons unemployed, total"
A,EC1010V,IT071C,2018,8943.0,,,IT071C,IT,,2018,unemployed_total,"Persons unemployed, total"
A,EC1010V,IT071C,2019,8843.0,,,IT071C,IT,,2019,unemployed_total,"Persons unemployed, total"
A,EC1010V,IT071C,2020,8468.0,e,,IT071C,IT,,2020,unemployed_total,"Persons unemployed, total"
A,EC1010V,IT071C,2021,6488.0,,,IT071C,IT,,2021,unemployed_total,"Persons unemployed, total"
A,EC1010V,IT071C,2022,5269.0,,,IT071C,IT,,2022,unemployed_total,"Persons unemployed, total"
A,EC1010V,IT072C,2018,13173.0,,,IT072C,IT,,2018,unemployed_total,"Persons unemployed, total"
A,EC1010V,IT072C,2019,11953.0,,,IT072C,IT,,2019,unemployed_total,"Persons unemployed, total"
A,EC1010V,IT072C,2020,12553.0,e,,IT072C,IT,,2020,unemployed_total,"Persons unemployed, total"
A,EC1010V,IT072C,2021,6623.0,,,IT072C,IT,,2021,unemployed_total,"Persons unemployed, total"
A,EC1010V,IT072C,2022,7024.0,,,IT072C,IT,,2022,unemployed_total,"Persons unemployed, total"
A,EC1010V,IT073C,2018,6120.0,,,IT073C,IT,,2018,unemployed_total,"Persons unemployed, total"
A,EC1010V,IT073C,2019,5060.0,,,IT073C,IT,,2019,unemployed_total,"Persons unemployed, total"
A,EC1010V,IT073C,2020,2317.0,e,,IT073C,IT,,2020,unemployed_total,"Persons unemployed, total"
A,EC1010V,IT073C,2021,3742.0,,,IT073C,IT,,2021,unemployed_total,"Persons unemployed, total"
A,EC1010V,IT073C,2022,3447.0,,,IT073C,IT,,2022,unemployed_total,"Persons unemployed, total"
A,EC1010V,IT074C,2018,5405.0,,,IT074C,IT,,2018,unemployed_total,"Persons unemployed, total"
A,EC1010V,IT074C,2019,5073.0,,,IT074C,IT,,2019,unemployed_total,"Persons unemployed, total"
A,EC1010V,IT074C,2020,3859.0,e,,IT074C,IT,,2020,unemployed_total,"Persons unemployed, total"
A,EC1010V,IT074C,2021,3634.0,,,IT074C,IT,,2021,unemployed_total,"Persons unemployed, total"
A,EC1010V,IT074C,2022,2695.0,,,IT074C,IT,,2022,unemployed_total,"Persons unemployed, total"
A,EC1010V,IT075C,2018,9308.0,,,IT075C,IT,,2018,unemployed_total,"Persons unemployed, total"
A,EC1010V,IT075C,2019,8478.0,,,IT075C,IT,,2019,unemployed_total,"Persons unemployed, total"
A,EC1010V,IT075C,2020,7283.0,e,,IT075C,IT,,2020,unemployed_total,"Persons unemployed, total"
A,EC1010V,IT075C,2021,6730.0,,,IT075C,IT,,2021,unemployed_total,"Persons unemployed, total"
A,EC1010V,IT075C,2022,5458.0,,,IT075C,IT,,2022,unemployed_total,"Persons unemployed, total"
A,EC1010V,IT076C,2018,5817.0,,,IT076C,IT,,2018,unemployed_total,"Persons unemployed, total"
A,EC1010V,IT076C,2019,4804.0,,,IT076C,IT,,2019,unemployed_total,"Persons unemployed, total"
A,EC1010V,IT076C,2020,4439.0,e,,IT076C,IT,,2020,unemployed_total,"Persons unemployed, total"
A,EC1010V,IT076C,2021,3625.0,,,IT076C,IT,,2021,unemployed_total,"Persons unemployed, total"
A,EC1010V,IT076C,2022,3565.0,,,IT076C,IT,,2022,unemployed_total,"Persons unemployed, total"
A,EC1010V,IT077C,2018,8016.0,,,IT077C,IT,,2018,unemployed_total,"Persons unemployed, total"
A,EC1010V,IT077C,2019,7117.0,,,IT077C,IT,,2019,unemployed_total,"Persons unemployed, total"
A,EC1010V,IT077C,2020,3851.0,e,,IT077C,IT,,2020,unemployed_total,"Persons unemployed, total"
A,EC1010V,IT077C,2021,4935.0,,,IT077C,IT,,2021,unemployed_total,"Persons unemployed, total"
A,EC1010V,IT077C,2022,4813.0,,,IT077C,IT,,2022,unemployed_total,"Persons unemployed, total"
A,EC1010V,IT078C,2018,6179.0,,,IT078C,IT,,2018,unemployed_total,"Persons unemployed, total"
A,EC1010V,IT078C,2019,6052.0,,,IT078C,IT,,2019,unemployed_total,"Persons unemployed, total"
A,EC1010V,IT078C,2020,3822.0,e,,IT078C,IT,,2020,unemployed_total,"Persons unemployed, total"
A,EC1010V,IT078C,2021,3909.0,,,IT078C,IT,,2021,unemployed_total,"Persons unemployed, total"
A,EC1010V,IT078C,2022,3984.0,,,IT078C,IT,,2022,unemployed_total,"Persons unemployed, total"
A,EC1010V,IT079C,2018,6467.0,,,IT079C,IT,,2018,unemployed_total,"Persons unemployed, total"
A,EC1010V,IT079C,2019,5697.0,,,IT079C,IT,,2019,unemployed_total,"Persons unemployed, total"
A,EC1010V,IT079C,2020,4093.0,e,,IT079C,IT,,2020,unemployed_total,"Persons unemployed, total"
A,EC1010V,IT079C,2021,3975.0,,,IT079C,IT,,2021,unemployed_total,"Persons unemployed, total"
A,EC1010V,IT079C,2022,3751.0,,,IT079C,IT,,2022,unemployed_total,"Persons unemployed, total"
A,EC1010V,IT080C,2018,5273.0,,,IT080C,IT,,2018,unemployed_total,"Persons unemployed, total"
A,EC1010V,IT080C,2019,4948.0,,,IT080C,IT,,2019,unemployed_total,"Persons unemployed, total"
A,EC1010V,IT080C,2020,3789.0,e,,IT080C,IT,,2020,unemployed_total,"Persons unemployed, total"
A,EC1010V,IT080C,2021,3643.0,,,IT080C,IT,,2021,unemployed_total,"Persons unemployed, total"
A,EC1010V,IT080C,2022,2957.0,,,IT080C,IT,,2022,unemployed_total,"Persons unemployed, total"
A,EC1010V,IT081C,2018,4817.0,,,IT081C,IT,,2018,unemployed_total,"Persons unemployed, total"
A,EC1010V,IT081C,2019,4581.0,,,IT081C,IT,,2019,unemployed_total,"Persons unemployed, total"
A,EC1010V,IT081C,2020,2593.0,e,,IT081C,IT,,2020,unemployed_total,"Persons unemployed, total"
A,EC1010V,IT081C,2021,3230.0,,,IT081C,IT,,2021,unemployed_total,"Persons unemployed, total"
A,EC1010V,IT081C,2022,2806.0,,,IT081C,IT,,2022,unemployed_total,"Persons unemployed, total"
A,EC1010V,IT082C,2018,8032.0,,,IT082C,IT,,2018,unemployed_total,"Persons unemployed, total"
A,EC1010V,IT082C,2019,7669.0,,,IT082C,IT,,2019,unemployed_total,"Persons unemployed, total"
A,EC1010V,IT082C,2020,3497.0,e,,IT082C,IT,,2020,unemployed_total,"Persons unemployed, total"
A,EC1010V,IT082C,2021,4461.0,,,IT082C,IT,,2021,unemployed_total,"Persons unemployed, total"
A,EC1010V,IT082C,2022,4023.0,,,IT082C,IT,,2022,unemployed_total,"Persons unemployed, total"
A,EC1010V,IT083C,2018,5944.0,,,IT083C,IT,,2018,unemployed_total,"Persons unemployed, total"
A,EC1010V,IT083C,2019,5722.0,,,IT083C,IT,,2019,unemployed_total,"Persons unemployed, total"
A,EC1010V,IT083C,2020,4026.0,e,,IT083C,IT,,2020,unemployed_total,"Persons unemployed, total"
A,EC1010V,IT083C,2021,3095.0,,,IT083C,IT,,2021,unemployed_total,"Persons unemployed, total"
A,EC1010V,IT083C,2022,2896.0,,,IT083C,IT,,2022,unemployed_total,"Persons unemployed, total"
A,EC1010V,IT084C,2018,6965.0,,,IT084C,IT,,2018,unemployed_total,"Persons unemployed, total"
A,EC1010V,IT084C,2019,5916.0,,,IT084C,IT,,2019,unemployed_total,"Persons unemployed, total"
A,EC1010V,IT084C,2020,4054.0,e,,IT084C,IT,,2020,unemployed_total,"Persons unemployed, total"
A,EC1010V,IT084C,2021,3859.0,,,IT084C,IT,,2021,unemployed_total,"Persons unemployed, total"
A,EC1010V,IT084C,2022,3607.0,,,IT084C,IT,,2022,unemployed_total,"Persons unemployed, total"
A,EC1010V,IT085C,2018,9905.0,,,IT085C,IT,,2018,unemployed_total,"Persons unemployed, total"
A,EC1010V,IT085C,2019,8796.0,,,IT085C,IT,,2019,unemployed_total,"Persons unemployed, total"
A,EC1010V,IT085C,2020,3235.0,e,,IT085C,IT,,2020,unemployed_total,"Persons unemployed, total"
A,EC1010V,IT085C,2021,5107.0,,,IT085C,IT,,2021,unemployed_total,"Persons unemployed, total"
A,EC1010V,IT085C,2022,4006.0,,,IT085C,IT,,2022,unemployed_total,"Persons unemployed, total"
A,EC1010V,IT086C,2018,5651.0,,,IT086C,IT,,2018,unemployed_total,"Persons unemployed, total"
A,EC1010V,IT086C,2019,4939.0,,,IT086C,IT,,2019,unemployed_total,"Persons unemployed, total"
A,EC1010V,IT086C,2020,3031.0,e,,IT086C,IT,,2020,unemployed_total,"Persons unemployed, total"
A,EC1010V,IT086C,2021,3021.0,,,IT086C,IT,,2021,unemployed_total,"Persons unemployed, total"
A,EC1010V,IT086C,2022,2376.0,,,IT086C,IT,,2022,unemployed_total,"Persons unemployed, total"
A,EC1010V,IT087C,2018,3860.0,,,IT087C,IT,,2018,unemployed_total,"Persons unemployed, total"
A,EC1010V,IT087C,2019,3775.0,,,IT087C,IT,,2019,unemployed_total,"Persons unemployed, total"
A,EC1010V,IT087C,2020,2016.0,e,,IT087C,IT,,2020,unemployed_total,"Persons unemployed, total"
A,EC1010V,IT087C,2021,3193.0,,,IT087C,IT,,2021,unemployed_total,"Persons unemployed, total"
A,EC1010V,IT087C,2022,2638.0,,,IT087C,IT,,2022,unemployed_total,"Persons unemployed, total"
A,EC1010V,LT,2015,133964.0,,,LT,LT,,2015,unemployed_total,"Persons unemployed, total"
A,EC1010V,LT,2016,116164.0,,,LT,LT,,2016,unemployed_total,"Persons unemployed, total"
A,EC1010V,LT,2017,103121.0,,,LT,LT,,2017,unemployed_total,"Persons unemployed, total"
A,EC1010V,LT,2018,90041.0,,,LT,LT,,2018,unemployed_total,"Persons unemployed, total"
A,EC1010V,LT001C,2015,15415.0,,,LT001C,LT,,2015,unemployed_total,"Persons unemployed, total"
A,EC1010V,LT001C,2016,11407.0,,,LT001C,LT,,2016,unemployed_total,"Persons unemployed, total"
A,EC1010V,LT001C,2017,9582.0,,,LT001C,LT,,2017,unemployed_total,"Persons unemployed, total"
A,EC1010V,LT001C,2018,10813.0,,,LT001C,LT,,2018,unemployed_total,"Persons unemployed, total"
A,EC1010V,LT001C,2019,9821.0,,,LT001C,LT,,2019,unemployed_total,"Persons unemployed, total"
A,EC1010V,LT001C,2020,15747.0,,,LT001C,LT,,2020,unemployed_total,"Persons unemployed, total"
A,EC1010V,LT001C,2021,12697.0,,,LT001C,LT,,2021,unemployed_total,"Persons unemployed, total"
A,EC1010V,LT001C,2022,11577.0,,,LT001C,LT,,2022,unemployed_total,"Persons unemployed, total"
A,EC1010V,LT001C,2023,14866.0,,,LT001C,LT,,2023,unemployed_total,"Persons unemployed, total"
A,EC1010V,LT002C,2015,9168.0,,,LT002C,LT,,2015,unemployed_total,"Persons unemployed, total"
A,EC1010V,LT002C,2016,8528.0,,,LT002C,LT,,2016,unemployed_total,"Persons unemployed, total"
A,EC1010V,LT002C,2017,7203.0,,,LT002C,LT,,2017,unemployed_total,"Persons unemployed, total"
A,EC1010V,LT002C,2018,7941.0,,,LT002C,LT,,2018,unemployed_total,"Persons unemployed, total"
A,EC1010V,LT002C,2019,8819.0,,,LT002C,LT,,2019,unemployed_total,"Persons unemployed, total"
A,EC1010V,LT002C,2020,13827.0,,,LT002C,LT,,2020,unemployed_total,"Persons unemployed, total"
A,EC1010V,LT002C,2021,10825.0,,,LT002C,LT,,2021,unemployed_total,"Persons unemployed, total"
A,EC1010V,LT002C,2022,8434.0,,,LT002C,LT,,2022,unemployed_total,"Persons unemployed, total"
A,EC1010V,LT002C,2023,8442.0,,,LT002C,LT,,2023,unemployed_total,"Persons unemployed, total"
A,EC1010V,LT003C,2015,,u,,LT003C,LT,,2015,unemployed_total,"Persons unemployed, total"
A,EC1010V,LT003C,2016,4470.0,,,LT003C,LT,,2016,unemployed_total,"Persons unemployed, total"
A,EC1010V,LT003C,2017,3747.0,,,LT003C,LT,,2017,unemployed_total,"Persons unemployed, total"
A,EC1010V,LT003C,2018,2485.0,,,LT003C,LT,,2018,unemployed_total,"Persons unemployed, total"
A,EC1010V,LT003C,2019,,u,,LT003C,LT,,2019,unemployed_total,"Persons unemployed, total"
A,EC1010V,LT003C,2020,4345.0,,,LT003C,LT,,2020,unemployed_total,"Persons unemployed, total"
A,EC1010V,LT003C,2021,,u,,LT003C,LT,,2021,unemployed_total,"Persons unemployed, total"
A,EC1010V,LT003C,2022,2832.0,,,LT003C,LT,,2022,unemployed_total,"Persons unemployed, total"
A,EC1010V,LT003C,2023,,u,,LT003C,LT,,2023,unemployed_total,"Persons unemployed, total"
A,EC1010V,LT004C,2015,,u,,LT004C,LT,,2015,unemployed_total,"Persons unemployed, total"
A,EC1010V,LT004C,2016,,u,,LT004C,LT,,2016,unemployed_total,"Persons unemployed, total"
A,EC1010V,LT004C,2017,,u,,LT004C,LT,,2017,unemployed_total,"Persons unemployed, total"
A,EC1010V,LT004C,2018,,u,,LT004C,LT,,2018,unemployed_total,"Persons unemployed, total"
A,EC1010V,LT004C,2019,,u,,LT004C,LT,,2019,unemployed_total,"Persons unemployed, total"
A,EC1010V,LT004C,2020,,u,,LT004C,LT,,2020,unemployed_total,"Persons unemployed, total"
A,EC1010V,LT004C,2021,,u,,LT004C,LT,,2021,unemployed_total,"Persons unemployed, total"
A,EC1010V,LT004C,2022,,u,,LT004C,LT,,2022,unemployed_total,"Persons unemployed, total"
A,EC1010V,LT004C,2023,,u,,LT004C,LT,,2023,unemployed_total,"Persons unemployed, total"
A,EC1010V,LT005C,2015,4487.0,,,LT005C,LT,,2015,unemployed_total,"Persons unemployed, total"
A,EC1010V,LT005C,2016,3682.0,,,LT005C,LT,,2016,unemployed_total,"Persons unemployed, total"
A,EC1010V,LT005C,2017,4169.0,,,LT005C,LT,,2017,unemployed_total,"Persons unemployed, total"
A,EC1010V,LT005C,2018,3242.0,,,LT005C,LT,,2018,unemployed_total,"Persons unemployed, total"
A,EC1010V,LT005C,2019,4516.0,,,LT005C,LT,,2019,unemployed_total,"Persons unemployed, total"
A,EC1010V,LT005C,2020,6163.0,,,LT005C,LT,,2020,unemployed_total,"Persons unemployed, total"
A,EC1010V,LT005C,2021,7410.0,,,LT005C,LT,,2021,unemployed_total,"Persons unemployed, total"
A,EC1010V,LT005C,2022,5079.0,,,LT005C,LT,,2022,unemployed_total,"Persons unemployed, total"
A,EC1010V,LT005C,2023,6102.0,,,LT005C,LT,,2023,unemployed_total,"Persons unemployed, total"
A,EC1010V,LT006C,2015,,u,,LT006C,LT,,2015,unemployed_total,"Persons unemployed, total"
A,EC1010V,LT006C,2016,,u,,LT006C,LT,,2016,unemployed_total,"Persons unemployed, total"
A,EC1010V,LT006C,2017,,u,,LT006C,LT,,2017,unemployed_total,"Persons unemployed, total"
A,EC1010V,LT006C,2018,,u,,LT006C,LT,,2018,unemployed_total,"Persons unemployed, total"
A,EC1010V,LT006C,2019,,u,,LT006C,LT,,2019,unemployed_total,"Persons unemployed, total"
A,EC1010V,LT006C,2020,,u,,LT006C,LT,,2020,unemployed_total,"Persons unemployed, total"
A,EC1010V,LT006C,2021,,u,,LT006C,LT,,2021,unemployed_total,"Persons unemployed, total"
A,EC1010V,LT006C,2022,,u,,LT006C,LT,,2022,unemployed_total,"Persons unemployed, total"
A,EC1010V,LT006C,2023,4546.0,,,LT006C,LT,,2023,unemployed_total,"Persons unemployed, total"
A,EC1010V,LV,2015,98200.0,,,LV,LV,,2015,unemployed_total,"Persons unemployed, total"
A,EC1010V,LV,2016,95300.0,,,LV,LV,,2016,unemployed_total,"Persons unemployed, total"
A,EC1010V,LV,2017,85400.0,,,LV,LV,,2017,unemployed_total,"Persons unemployed, total"
A,EC1010V,LV,2018,72800.0,,,LV,LV,,2018,unemployed_total,"Persons unemployed, total"
A,EC1010V,LV,2020,78700.0,,,LV,LV,,2020,unemployed_total,"Persons unemployed, total"
A,EC1010V,LV,2021,70600.0,,,LV,LV,,2021,unemployed_total,"Persons unemployed, total"
A,EC1010V,LV,2022,65200.0,,,LV,LV,,2022,unemployed_total,"Persons unemployed, total"
A,EC1010V,LV,2023,61500.0,,,LV,LV,,2023,unemployed_total,"Persons unemployed, total"
A,EC1010V,LV001C,2015,25200.0,,,LV001C,LV,,2015,unemployed_total,"Persons unemployed, total"
A,EC1010V,LV001C,2016,25700.0,,,LV001C,LV,,2016,unemployed_total,"Persons unemployed, total"
A,EC1010V,LV001C,2018,22300.0,,,LV001C,LV,,2018,unemployed_total,"Persons unemployed, total"
A,EC1010V,LV001C,2019,19500.0,,,LV001C,LV,,2019,unemployed_total,"Persons unemployed, total"
A,EC1010V,LV001C,2020,24900.0,,,LV001C,LV,,2020,unemployed_total,"Persons unemployed, total"
A,EC1010V,LV001C,2021,22200.0,,,LV001C,LV,,2021,unemployed_total,"Persons unemployed, total"
A,EC1010V,LV001C,2022,21000.0,,,LV001C,LV,,2022,unemployed_total,"Persons unemployed, total"
A,EC1010V,LV001C,2023,21400.0,,,LV001C,LV,,2023,unemployed_total,"Persons unemployed, total"
A,EC1010V,LV002C,2015,4500.0,,,LV002C,LV,,2015,unemployed_total,"Persons unemployed, total"
A,EC1010V,LV002C,2016,4300.0,,,LV002C,LV,,2016,unemployed_total,"Persons unemployed, total"
A,EC1010V,LV002C,2017,3100.0,,,LV002C,LV,,2017,unemployed_total,"Persons unemployed, total"
A,EC1010V,LV002C,2018,3200.0,,,LV002C,LV,,2018,unemployed_total,"Persons unemployed, total"
A,EC1010V,LV002C,2019,1900.0,,,LV002C,LV,,2019,unemployed_total,"Persons unemployed, total"
A,EC1010V,LV002C,2020,2000.0,,,LV002C,LV,,2020,unemployed_total,"Persons unemployed, total"
A,EC1010V,LV002C,2021,3200.0,,,LV002C,LV,,2021,unemployed_total,"Persons unemployed, total"
A,EC1010V,LV002C,2022,2700.0,,,LV002C,LV,,2022,unemployed_total,"Persons unemployed, total"
A,EC1010V,LV003C,2015,3300.0,,,LV003C,LV,,2015,unemployed_total,"Persons unemployed, total"
A,EC1010V,LV003C,2016,3100.0,,,LV003C,LV,,2016,unemployed_total,"Persons unemployed, total"
A,EC1010V,LV003C,2017,2100.0,,,LV003C,LV,,2017,unemployed_total,"Persons unemployed, total"
A,EC1010V,LV003C,2018,1900.0,,,LV003C,LV,,2018,unemployed_total,"Persons unemployed, total"
A,EC1010V,LV003C,2019,,u,,LV003C,LV,,2019,unemployed_total,"Persons unemployed, total"
A,EC1010V,LV003C,2021,2200.0,,,LV003C,LV,,2021,unemployed_total,"Persons unemployed, total"
A,EC1010V,LV004C,2015,6600.0,,,LV004C,LV,,2015,unemployed_total,"Persons unemployed, total"
A,EC1010V,LV004C,2016,6800.0,,,LV004C,LV,,2016,unemployed_total,"Persons unemployed, total"
A,EC1010V,LV004C,2017,5900.0,,,LV004C,LV,,2017,unemployed_total,"Persons unemployed, total"
A,EC1010V,LV004C,2018,4500.0,,,LV004C,LV,,2018,unemployed_total,"Persons unemployed, total"
A,EC1010V,LV004C,2019,4100.0,,,LV004C,LV,,2019,unemployed_total,"Persons unemployed, total"
A,EC1010V,LV004C,2020,5000.0,,,LV004C,LV,,2020,unemployed_total,"Persons unemployed, total"
A,EC1010V,LV004C,2021,3700.0,,,LV004C,LV,,2021,unemployed_total,"Persons unemployed, total"
A,EC1010V,LV004C,2022,4200.0,,,LV004C,LV,,2022,unemployed_total,"Persons unemployed, total"
A,EC1010V,LV004C,2023,3400.0,,,LV004C,LV,,2023,unemployed_total,"Persons unemployed, total"
A,EC1010V,MT,2015,10606.0,,,MT,MT,,2015,unemployed_total,"Persons unemployed, total"
A,EC1010V,MT,2016,9490.0,,,MT,MT,,2016,unemployed_total,"Persons unemployed, total"
A,EC1010V,MT,2017,9184.0,,,MT,MT,,2017,unemployed_total,"Persons unemployed, total"
A,EC1010V,MT,2018,9045.0,,,MT,MT,,2018,unemployed_total,"Persons unemployed, total"
A,EC1010V,MT001C,2015,6099.0,,,MT001C,MT,,2015,unemployed_total,"Persons unemployed, total"
A,EC1010V,MT001C,2016,5519.0,,,MT001C,MT,,2016,unemployed_total,"Persons unemployed, total"
A,EC1010V,MT001C,2017,4822.0,,,MT001C,MT,,2017,unemployed_total,"Persons unemployed, total"
A,EC1010V,MT001C,2018,4858.0,,,MT001C,MT,,2018,unemployed_total,"Persons unemployed, total"
A,EC1010V,MT001C,2019,6046.0,,,MT001C,MT,,2019,unemployed_total,"Persons unemployed, total"
A,EC1010V,MT001C,2020,6941.0,,,MT001C,MT,,2020,unemployed_total,"Persons unemployed, total"
A,EC1010V,MT001C,2021,4914.0,,,MT001C,MT,,2021,unemployed_total,"Persons unemployed, total"
A,EC1010V,MT001C,2022,4481.0,,,MT001C,MT,,2022,unemployed_total,"Persons unemployed, total"
A,EC1010V,MT001C,2023,6018.0,,,MT001C,MT,,2023,unemployed_total,"Persons unemployed, total"
A,EC1010V,NL,2015,614000.0,b,,NL,NL,,2015,unemployed_total,"Persons unemployed, total"
A,EC1010V,NL,2016,538000.0,b,,NL,NL,,2016,unemployed_total,"Persons unemployed, total"
A,EC1010V,NL,2019,314221.0,d,,NL,NL,,2019,unemployed_total,"Persons unemployed, total"
A,EC1010V,NL,2020,356612.0,d,,NL,NL,,2020,unemployed_total,"Persons unemployed, total"
A,EC1010V,NL,2021,408.0,d,,NL,NL,,2021,unemployed_total,"Persons unemployed, total"
A,EC1010V,NL,2022,350.0,d,,NL,NL,,2022,unemployed_total,"Persons unemployed, total"
A,EC1010V,NL,2023,358580.0,,,NL,NL,,2023,unemployed_total,"Persons unemployed, total"
A,EC1010V,NL001C,2015,39000.0,b,,NL001C,NL,,2015,unemployed_total,"Persons unemployed, total"
A,EC1010V,NL001C,2016,35000.0,b,,NL001C,NL,,2016,unemployed_total,"Persons unemployed, total"
A,EC1010V,NL001C,2019,22219.0,d,,NL001C,NL,,2019,unemployed_total,"Persons unemployed, total"
A,EC1010V,NL001C,2020,27827.0,d,,NL001C,NL,,2020,unemployed_total,"Persons unemployed, total"
A,EC1010V,NL001C,2021,37.0,d,,NL001C,NL,,2021,unemployed_total,"Persons unemployed, total"
A,EC1010V,NL001C,2022,29.0,d,,NL001C,NL,,2022,unemployed_total,"Persons unemployed, total"
A,EC1010V,NL001C,2023,29751.0,,,NL001C,NL,,2023,unemployed_total,"Persons unemployed, total"
A,EC1010V,NL002C,2015,5000.0,b,,NL002C,NL,,2015,unemployed_total,"Persons unemployed, total"
A,EC1010V,NL002C,2016,4000.0,b,,NL002C,NL,,2016,unemployed_total,"Persons unemployed, total"
A,EC1010V,NL002C,2019,2887.0,d,,NL002C,NL,,2019,unemployed_total,"Persons unemployed, total"
A,EC1010V,NL002C,2020,2696.0,d,,NL002C,NL,,2020,unemployed_total,"Persons unemployed, total"
A,EC1010V,NL002C,2021,3.0,d,,NL002C,NL,,2021,unemployed_total,"Persons unemployed, total"
A,EC1010V,NL002C,2022,3.0,d,,NL002C,NL,,2022,unemployed_total,"Persons unemployed, total"
A,EC1010V,NL002C,2023,4925.0,,,NL002C,NL,,2023,unemployed_total,"Persons unemployed, total"
A,EC1010V,NL003C,2015,4000.0,b,,NL003C,NL,,2015,unemployed_total,"Persons unemployed, total"
A,EC1010V,NL003C,2016,2000.0,b,,NL003C,NL,,2016,unemployed_total,"Persons unemployed, total"
A,EC1010V,NL003C,2019,897.0,d,,NL003C,NL,,2019,unemployed_total,"Persons unemployed, total"
A,EC1010V,NL003C,2020,1324.0,d,,NL003C,NL,,2020,unemployed_total,"Persons unemployed, total"
A,EC1010V,NL003C,2021,2.0,d,,NL003C,NL,,2021,unemployed_total,"Persons unemployed, total"
A,EC1010V,NL003C,2022,1.0,d,,NL003C,NL,,2022,unemployed_total,"Persons unemployed, total"
A,EC1010V,NL003C,2023,2567.0,,,NL003C,NL,,2023,unemployed_total,"Persons unemployed, total"
A,EC1010V,NL004C,2015,10000.0,b,,NL004C,NL,,2015,unemployed_total,"Persons unemployed, total"
A,EC1010V,NL004C,2016,10000.0,b,,NL004C,NL,,2016,unemployed_total,"Persons unemployed, total"
A,EC1010V,NL004C,2019,4656.0,d,,NL004C,NL,,2019,unemployed_total,"Persons unemployed, total"
A,EC1010V,NL004C,2020,5296.0,d,,NL004C,NL,,2020,unemployed_total,"Persons unemployed, total"
A,EC1010V,NL004C,2021,7.0,d,,NL004C,NL,,2021,unemployed_total,"Persons unemployed, total"
A,EC1010V,NL004C,2022,5.0,d,,NL004C,NL,,2022,unemployed_total,"Persons unemployed, total"
A,EC1010V,NL004C,2023,6101.0,,,NL004C,NL,,2023,unemployed_total,"Persons unemployed, total"
A,EC1010V,NL005C,2015,3000.0,b,,NL005C,NL,,2015,unemployed_total,"Persons unemployed, total"
A,EC1010V,NL005C,2016,3000.0,b,,NL005C,NL,,2016,unemployed_total,"Persons unemployed, total"
A,EC1010V,NL005C,2019,1679.0,d,,NL005C,NL,,2019,unemployed_total,"Persons unemployed, total"
A,EC1010V,NL005C,2020,2767.0,d,,NL005C,NL,,2020,unemployed_total,"Persons unemployed, total"
A,EC1010V,NL005C,2021,2.0,d,,NL005C,NL,,2021,unemployed_total,"Persons unemployed, total"
A,EC1010V,NL005C,2022,2.0,d,,NL005C,NL,,2022,unemployed_total,"Persons unemployed, total"
A,EC1010V,NL005C,2023,1339.0,,,NL005C,NL,,2023,unemployed_total,"Persons unemployed, total"
A,EC1010V,NL006C,2015,6000.0,b,,NL006C,NL,,2015,unemployed_total,"Persons unemployed, total"
A,EC1010V,NL006C,2016,4000.0,b,,NL006C,NL,,2016,unemployed_total,"Persons unemployed, total"
A,EC1010V,NL006C,2019,2224.0,d,,NL006C,NL,,2019,unemployed_total,"Persons unemployed, total"
A,EC1010V,NL006C,2020,2650.0,d,,NL006C,NL,,2020,unemployed_total,"Persons unemployed, total"
A,EC1010V,NL006C,2021,4.0,d,,NL006C,NL,,2021,unemployed_total,"Persons unemployed, total"
A,EC1010V,NL006C,2022,3.0,d,,NL006C,NL,,2022,unemployed_total,"Persons unemployed, total"
A,EC1010V,NL006C,2023,4960.0,,,NL006C,NL,,2023,unemployed_total,"Persons unemployed, total"
A,EC1010V,NL007C,2015,5000.0,b,,NL007C,NL,,2015,unemployed_total,"Persons unemployed, total"
A,EC1010V,NL007C,2016,5000.0,b,,NL007C,NL,,2016,unemployed_total,"Persons unemployed, total"
A,EC1010V,NL007C,2019,2450.0,d,,NL007C,NL,,2019,unemployed_total,"Persons unemployed, total"
A,EC1010V,NL007C,2020,3405.0,d,,NL007C,NL,,2020,unemployed_total,"Persons unemployed, total"
A,EC1010V,NL007C,2021,3.0,d,,NL007C,NL,,2021,unemployed_total,"Persons unemployed, total"
A,EC1010V,NL007C,2022,3.0,d,,NL007C,NL,,2022,unemployed_total,"Persons unemployed, total"
A,EC1010V,NL007C,2023,3920.0,,,NL007C,NL,,2023,unemployed_total,"Persons unemployed, total"
A,EC1010V,NL008C,2015,8000.0,b,,NL008C,NL,,2015,unemployed_total,"Persons unemployed, total"
A,EC1010V,NL008C,2016,6000.0,b,,NL008C,NL,,2016,unemployed_total,"Persons unemployed, total"
A,EC1010V,NL008C,2019,4626.0,d,,NL008C,NL,,2019,unemployed_total,"Persons unemployed, total"
A,EC1010V,NL008C,2020,4720.0,d,,NL008C,NL,,2020,unemployed_total,"Persons unemployed, total"
A,EC1010V,NL008C,2021,5.0,d,,NL008C,NL,,2021,unemployed_total,"Persons unemployed, total"
A,EC1010V,NL008C,2022,4.0,d,,NL008C,NL,,2022,unemployed_total,"Persons unemployed, total"
A,EC1010V,NL008C,2023,3835.0,,,NL008C,NL,,2023,unemployed_total,"Persons unemployed, total"
A,EC1010V,NL009C,2015,3000.0,b,,NL009C,NL,,2015,unemployed_total,"Persons unemployed, total"
A,EC1010V,NL009C,2016,2000.0,b,,NL009C,NL,,2016,unemployed_total,"Persons unemployed, total"
A,EC1010V,NL009C,2019,1083.0,d,,NL009C,NL,,2019,unemployed_total,"Persons unemployed, total"
A,EC1010V,NL009C,2020,870.0,d,,NL009C,NL,,2020,unemployed_total,"Persons unemployed, total"
A,EC1010V,NL009C,2021,1.0,d,,NL009C,NL,,2021,unemployed_total,"Persons unemployed, total"
A,EC1010V,NL009C,2022,1.0,d,,NL009C,NL,,2022,unemployed_total,"Persons unemployed, total"
A,EC1010V,NL009C,2023,2052.0,,,NL009C,NL,,2023,unemployed_total,"Persons unemployed, total"
A,EC1010V,NL010C,2015,2000.0,b,,NL010C,NL,,2015,unemployed_total,"Persons unemployed, total"
A,EC1010V,NL010C,2016,3000.0,b,,NL010C,NL,,2016,unemployed_total,"Persons unemployed, total"
A,EC1010V,NL010C,2019,1839.0,d,,NL010C,NL,,2019,unemployed_total,"Persons unemployed, total"
A,EC1010V,NL010C,2020,1059.0,d,,NL010C,NL,,2020,unemployed_total,"Persons unemployed, total"
A,EC1010V,NL010C,2021,1.0,d,,NL010C,NL,,2021,unemployed_total,"Persons unemployed, total"
A,EC1010V,NL010C,2022,1.0,d,,NL010C,NL,,2022,unemployed_total,"Persons unemployed, total"
A,EC1010V,NL010C,2023,1311.0,,,NL010C,NL,,2023,unemployed_total,"Persons unemployed, total"
A,EC1010V,NL011C,2015,8000.0,b,,NL011C,NL,,2015,unemployed_total,"Persons unemployed, total"
A,EC1010V,NL011C,2016,5000.0,b,,NL011C,NL,,2016,unemployed_total,"Persons unemployed, total"
A,EC1010V,NL011C,2019,4342.0,d,,NL011C,NL,,2019,unemployed_total,"Persons unemployed, total"
A,EC1010V,NL011C,2020,4574.0,d,,NL011C,NL,,2020,unemployed_total,"Persons unemployed, total"
A,EC1010V,NL011C,2021,4.0,d,,NL011C,NL,,2021,unemployed_total,"Persons unemployed, total"
A,EC1010V,NL011C,2022,4.0,d,,NL011C,NL,,2022,unemployed_total,"Persons unemployed, total"
A,EC1010V,NL011C,2023,4126.0,,,NL011C,NL,,2023,unemployed_total,"Persons unemployed, total"
A,EC1010V,NL012C,2015,4000.0,b,,NL012C,NL,,2015,unemployed_total,"Persons unemployed, total"
A,EC1010V,NL012C,2016,3000.0,b,,NL012C,NL,,2016,unemployed_total,"Persons unemployed, total"
A,EC1010V,NL012C,2019,1412.0,d,,NL012C,NL,,2019,unemployed_total,"Persons unemployed, total"
A,EC1010V,NL012C,2020,1665.0,d,,NL012C,NL,,2020,unemployed_total,"Persons unemployed, total"
A,EC1010V,NL012C,2021,2.0,d,,NL012C,NL,,2021,unemployed_total,"Persons unemployed, total"
A,EC1010V,NL012C,2022,2.0,d,,NL012C,NL,,2022,unemployed_total,"Persons unemployed, total"
A,EC1010V,NL012C,2023,1881.0,,,NL012C,NL,,2023,unemployed_total,"Persons unemployed, total"
A,EC1010V,NL013C,2015,5000.0,b,,NL013C,NL,,2015,unemployed_total,"Persons unemployed, total"
A,EC1010V,NL013C,2016,5000.0,b,,NL013C,NL,,2016,unemployed_total,"Persons unemployed, total"
A,EC1010V,NL013C,2019,2870.0,d,,NL013C,NL,,2019,unemployed_total,"Persons unemployed, total"
A,EC1010V,NL013C,2020,2987.0,d,,NL013C,NL,,2020,unemployed_total,"Persons unemployed, total"
A,EC1010V,NL013C,2021,3.0,d,,NL013C,NL,,2021,unemployed_total,"Persons unemployed, total"
A,EC1010V,NL013C,2022,3.0,d,,NL013C,NL,,2022,unemployed_total,"Persons unemployed, total"
A,EC1010V,NL013C,2023,4113.0,,,NL013C,NL,,2023,unemployed_total,"Persons unemployed, total"
A,EC1010V,NL014C,2015,11000.0,b,,NL014C,NL,,2015,unemployed_total,"Persons unemployed, total"
A,EC1010V,NL014C,2016,9000.0,b,,NL014C,NL,,2016,unemployed_total,"Persons unemployed, total"
A,EC1010V,NL014C,2019,6339.0,d,,NL014C,NL,,2019,unemployed_total,"Persons unemployed, total"
A,EC1010V,NL014C,2020,6349.0,d,,NL014C,NL,,2020,unemployed_total,"Persons unemployed, total"
A,EC1010V,NL014C,2021,7.0,d,,NL014C,NL,,2021,unemployed_total,"Persons unemployed, total"
A,EC1010V,NL014C,2022,6.0,d,,NL014C,NL,,2022,unemployed_total,"Persons unemployed, total"
A,EC1010V,NL014C,2023,7907.0,,,NL014C,NL,,2023,unemployed_total,"Persons unemployed, total"
A,EC1010V,NL015C,2015,6000.0,b,,NL015C,NL,,2015,unemployed_total,"Persons unemployed, total"
A,EC1010V,NL015C,2016,7000.0,b,,NL015C,NL,,2016,unemployed_total,"Persons unemployed, total"
A,EC1010V,NL015C,2019,2968.0,d,,NL015C,NL,,2019,unemployed_total,"Persons unemployed, total"
A,EC1010V,NL015C,2020,5008.0,d,,NL015C,NL,,2020,unemployed_total,"Persons unemployed, total"
A,EC1010V,NL015C,2021,4.0,d,,NL015C,NL,,2021,unemployed_total,"Persons unemployed, total"
A,EC1010V,NL015C,2022,4.0,d,,NL015C,NL,,2022,unemployed_total,"Persons unemployed, total"
A,EC1010V,NL015C,2023,3455.0,,,NL015C,NL,,2023,unemployed_total,"Persons unemployed, total"
A,EC1010V,NL016C,2015,4000.0,b,,NL016C,NL,,2015,unemployed_total,"Persons unemployed, total"
A,EC1010V,NL016C,2016,4000.0,b,,NL016C,NL,,2016,unemployed_total,"Persons unemployed, total"
A,EC1010V,NL016C,2019,1834.0,d,,NL016C,NL,,2019,unemployed_total,"Persons unemployed, total"
A,EC1010V,NL016C,2020,1238.0,d,,NL016C,NL,,2020,unemployed_total,"Persons unemployed, total"
A,EC1010V,NL016C,2021,2.0,d,,NL016C,NL,,2021,unemployed_total,"Persons unemployed, total"
A,EC1010V,NL016C,2022,1.0,d,,NL016C,NL,,2022,unemployed_total,"Persons unemployed, total"
A,EC1010V,NL016C,2023,1246.0,,,NL016C,NL,,2023,unemployed_total,"Persons unemployed, total"
A,EC1010V,NL017C,2015,35000.0,b,,NL017C,NL,,2015,unemployed_total,"Persons unemployed, total"
A,EC1010V,NL017C,2016,31000.0,b,,NL017C,NL,,2016,unemployed_total,"Persons unemployed, total"
A,EC1010V,NL017C,2019,17529.0,d,,NL017C,NL,,2019,unemployed_total,"Persons unemployed, total"
A,EC1010V,NL017C,2020,21223.0,d,,NL017C,NL,,2020,unemployed_total,"Persons unemployed, total"
A,EC1010V,NL017C,2021,25.0,d,,NL017C,NL,,2021,unemployed_total,"Persons unemployed, total"
A,EC1010V,NL017C,2022,19.0,d,,NL017C,NL,,2022,unemployed_total,"Persons unemployed, total"
A,EC1010V,NL017C,2023,22265.0,,,NL017C,NL,,2023,unemployed_total,"Persons unemployed, total"
A,EC1010V,NL018C,2015,13000.0,b,,NL018C,NL,,2015,unemployed_total,"Persons unemployed, total"
A,EC1010V,NL018C,2016,11000.0,b,,NL018C,NL,,2016,unemployed_total,"Persons unemployed, total"
A,EC1010V,NL018C,2019,7731.0,d,,NL018C,NL,,2019,unemployed_total,"Persons unemployed, total"
A,EC1010V,NL018C,2020,7888.0,d,,NL018C,NL,,2020,unemployed_total,"Persons unemployed, total"
A,EC1010V,NL018C,2021,8.0,d,,NL018C,NL,,2021,unemployed_total,"Persons unemployed, total"
A,EC1010V,NL018C,2022,7.0,d,,NL018C,NL,,2022,unemployed_total,"Persons unemployed, total"
A,EC1010V,NL018C,2023,8070.0,,,NL018C,NL,,2023,unemployed_total,"Persons unemployed, total"
A,EC1010V,NL019C,2015,8000.0,b,,NL019C,NL,,2015,unemployed_total,"Persons unemployed, total"
A,EC1010V,NL019C,2016,8000.0,b,,NL019C,NL,,2016,unemployed_total,"Persons unemployed, total"
A,EC1010V,NL019C,2019,4508.0,d,,NL019C,NL,,2019,unemployed_total,"Persons unemployed, total"
A,EC1010V,NL019C,2020,5902.0,d,,NL019C,NL,,2020,unemployed_total,"Persons unemployed, total"
A,EC1010V,NL019C,2021,5.0,d,,NL019C,NL,,2021,unemployed_total,"Persons unemployed, total"
A,EC1010V,NL019C,2022,4.0,d,,NL019C,NL,,2022,unemployed_total,"Persons unemployed, total"
A,EC1010V,NL019C,2023,6052.0,,,NL019C,NL,,2023,unemployed_total,"Persons unemployed, total"
A,EC1010V,NL020C,2015,5000.0,b,,NL020C,NL,,2015,unemployed_total,"Persons unemployed, total"
A,EC1010V,NL020C,2016,3000.0,b,,NL020C,NL,,2016,unemployed_total,"Persons unemployed, total"
A,EC1010V,NL020C,2019,1978.0,d,,NL020C,NL,,2019,unemployed_total,"Persons unemployed, total"
A,EC1010V,NL020C,2020,4371.0,d,,NL020C,NL,,2020,unemployed_total,"Persons unemployed, total"
A,EC1010V,NL020C,2021,4.0,d,,NL020C,NL,,2021,unemployed_total,"Persons unemployed, total"
A,EC1010V,NL020C,2022,3.0,d,,NL020C,NL,,2022,unemployed_total,"Persons unemployed, total"
A,EC1010V,NL020C,2023,3167.0,,,NL020C,NL,,2023,unemployed_total,"Persons unemployed, total"
A,EC1010V,NL021C,2015,2000.0,b,,NL021C,NL,,2015,unemployed_total,"Persons unemployed, total"
A,EC1010V,NL021C,2016,3000.0,b,,NL021C,NL,,2016,unemployed_total,"Persons unemployed, total"
A,EC1010V,NL021C,2019,1495.0,d,,NL021C,NL,,2019,unemployed_total,"Persons unemployed, total"
A,EC1010V,NL021C,2020,1483.0,d,,NL021C,NL,,2020,unemployed_total,"Persons unemployed, total"
A,EC1010V,NL021C,2021,2.0,d,,NL021C,NL,,2021,unemployed_total,"Persons unemployed, total"
A,EC1010V,NL021C,2022,2.0,d,,NL021C,NL,,2022,unemployed_total,"Persons unemployed, total"
A,EC1010V,NL021C,2023,2614.0,,,NL021C,NL,,2023,unemployed_total,"Persons unemployed, total"
A,EC1010V,NL022C,2015,7000.0,b,,NL022C,NL,,2015,unemployed_total,"Persons unemployed, total"
A,EC1010V,NL022C,2016,6000.0,b,,NL022C,NL,,2016,unemployed_total,"Persons unemployed, total"
A,EC1010V,NL022C,2019,5227.0,d,,NL022C,NL,,2019,unemployed_total,"Persons unemployed, total"
A,EC1010V,NL022C,2020,4489.0,d,,NL022C,NL,,2020,unemployed_total,"Persons unemployed, total"
A,EC1010V,NL022C,2021,5.0,d,,NL022C,NL,,2021,unemployed_total,"Persons unemployed, total"
A,EC1010V,NL022C,2022,4.0,d,,NL022C,NL,,2022,unemployed_total,"Persons unemployed, total"
A,EC1010V,NL022C,2023,3977.0,,,NL022C,NL,,2023,unemployed_total,"Persons unemployed, total"
A,EC1010V,NL023C,2015,4000.0,b,,NL023C,NL,,2015,unemployed_total,"Persons unemployed, total"
A,EC1010V,NL023C,2016,3000.0,b,,NL023C,NL,,2016,unemployed_total,"Persons unemployed, total"
A,EC1010V,NL023C,2019,1970.0,d,,NL023C,NL,,2019,unemployed_total,"Persons unemployed, total"
A,EC1010V,NL023C,2020,3150.0,d,,NL023C,NL,,2020,unemployed_total,"Persons unemployed, total"
A,EC1010V,NL023C,2021,2.0,d,,NL023C,NL,,2021,unemployed_total,"Persons unemployed, total"
A,EC1010V,NL023C,2022,2.0,d,,NL023C,NL,,2022,unemployed_total,"Persons unemployed, total"
A,EC1010V,NL023C,2023,2052.0,,,NL023C,NL,,2023,unemployed_total,"Persons unemployed, total"
A,EC1010V,NL024C,2015,4000.0,b,,NL024C,NL,,2015,unemployed_total,"Persons unemployed, total"
A,EC1010V,NL024C,2016,4000.0,b,,NL024C,NL,,2016,unemployed_total,"Persons unemployed, total"
A,EC1010V,NL024C,2019,1049.0,d,,NL024C,NL,,2019,unemployed_total,"Persons unemployed, total"
A,EC1010V,NL024C,2020,1966.0,d,,NL024C,NL,,2020,unemployed_total,"Persons unemployed, total"
A,EC1010V,NL024C,2021,2.0,d,,NL024C,NL,,2021,unemployed_total,"Persons unemployed, total"
A,EC1010V,NL024C,2022,2.0,d,,NL024C,NL,,2022,unemployed_total,"Persons unemployed, total"
A,EC1010V,NL024C,2023,1340.0,,,NL024C,NL,,2023,unemployed_total,"Persons unemployed, total"
A,EC1010V,NL025C,2015,6000.0,b,,NL025C,NL,,2015,unemployed_total,"Persons unemployed, total"
A,EC1010V,NL025C,2016,5000.0,b,,NL025C,NL,,2016,unemployed_total,"Persons unemployed, total"
A,EC1010V,NL025C,2019,2865.0,d,,NL025C,NL,,2019,unemployed_total,"Persons unemployed, total"
A,EC1010V,NL025C,2020,3349.0,d,,NL025C,NL,,2020,unemployed_total,"Persons unemployed, total"
A,EC1010V,NL025C,2021,3.0,d,,NL025C,NL,,2021,unemployed_total,"Persons unemployed, total"
A,EC1010V,NL025C,2022,3.0,d,,NL025C,NL,,2022,unemployed_total,"Persons unemployed, total"
A,EC1010V,NL025C,2023,3003.0,,,NL025C,NL,,2023,unemployed_total,"Persons unemployed, total"
A,EC1010V,NL026C,2015,3000.0,b,,NL026C,NL,,2015,unemployed_total,"Persons unemployed, total"
A,EC1010V,NL026C,2016,2000.0,b,,NL026C,NL,,2016,unemployed_total,"Persons unemployed, total"
A,EC1010V,NL026C,2019,1567.0,d,,NL026C,NL,,2019,unemployed_total,"Persons unemployed, total"
A,EC1010V,NL026C,2020,1875.0,d,,NL026C,NL,,2020,unemployed_total,"Persons unemployed, total"
A,EC1010V,NL026C,2021,2.0,d,,NL026C,NL,,2021,unemployed_total,"Persons unemployed, total"
A,EC1010V,NL026C,2022,2.0,d,,NL026C,NL,,2022,unemployed_total,"Persons unemployed, total"
A,EC1010V,NL026C,2023,1545.0,,,NL026C,NL,,2023,unemployed_total,"Persons unemployed, total"
A,EC1010V,NL027C,2015,3000.0,b,,NL027C,NL,,2015,unemployed_total,"Persons unemployed, total"
A,EC1010V,NL027C,2016,2000.0,b,,NL027C,NL,,2016,unemployed_total,"Persons unemployed, total"
A,EC1010V,NL027C,2019,1236.0,d,,NL027C,NL,,2019,unemployed_total,"Persons unemployed, total"
A,EC1010V,NL027C,2020,1541.0,d,,NL027C,NL,,2020,unemployed_total,"Persons unemployed, total"
A,EC1010V,NL027C,2021,2.0,d,,NL027C,NL,,2021,unemployed_total,"Persons unemployed, total"
A,EC1010V,NL027C,2022,1.0,d,,NL027C,NL,,2022,unemployed_total,"Persons unemployed, total"
A,EC1010V,NL027C,2023,1035.0,,,NL027C,NL,,2023,unemployed_total,"Persons unemployed, total"
A,EC1010V,NL028C,2015,7000.0,b,,NL028C,NL,,2015,unemployed_total,"Persons unemployed, total"
A,EC1010V,NL028C,2016,6000.0,b,,NL028C,NL,,2016,unemployed_total,"Persons unemployed, total"
A,EC1010V,NL028C,2019,4811.0,d,,NL028C,NL,,2019,unemployed_total,"Persons unemployed, total"
A,EC1010V,NL028C,2020,3288.0,d,,NL028C,NL,,2020,unemployed_total,"Persons unemployed, total"
A,EC1010V,NL028C,2021,4.0,d,,NL028C,NL,,2021,unemployed_total,"Persons unemployed, total"
A,EC1010V,NL028C,2022,3.0,d,,NL028C,NL,,2022,unemployed_total,"Persons unemployed, total"
A,EC1010V,NL028C,2023,3320.0,,,NL028C,NL,,2023,unemployed_total,"Persons unemployed, total"
A,EC1010V,NL029C,2015,7000.0,b,,NL029C,NL,,2015,unemployed_total,"Persons unemployed, total"
A,EC1010V,NL029C,2016,7000.0,b,,NL029C,NL,,2016,unemployed_total,"Persons unemployed, total"
A,EC1010V,NL029C,2019,5751.0,d,,NL029C,NL,,2019,unemployed_total,"Persons unemployed, total"
A,EC1010V,NL029C,2020,6954.0,d,,NL029C,NL,,2020,unemployed_total,"Persons unemployed, total"
A,EC1010V,NL029C,2021,5.0,d,,NL029C,NL,,2021,unemployed_total,"Persons unemployed, total"
A,EC1010V,NL029C,2022,4.0,d,,NL029C,NL,,2022,unemployed_total,"Persons unemployed, total"
A,EC1010V,NL029C,2023,7389.0,,,NL029C,NL,,2023,unemployed_total,"Persons unemployed, total"
A,EC1010V,NL030C,2015,3000.0,b,,NL030C,NL,,2015,unemployed_total,"Persons unemployed, total"
A,EC1010V,NL030C,2016,3000.0,b,,NL030C,NL,,2016,unemployed_total,"Persons unemployed, total"
A,EC1010V,NL030C,2019,1840.0,d,,NL030C,NL,,2019,unemployed_total,"Persons unemployed, total"
A,EC1010V,NL030C,2020,1823.0,d,,NL030C,NL,,2020,unemployed_total,"Persons unemployed, total"
A,EC1010V,NL030C,2021,2.0,d,,NL030C,NL,,2021,unemployed_total,"Persons unemployed, total"
A,EC1010V,NL030C,2022,2.0,d,,NL030C,NL,,2022,unemployed_total,"Persons unemployed, total"
A,EC1010V,NL030C,2023,1642.0,,,NL030C,NL,,2023,unemployed_total,"Persons unemployed, total"
A,EC1010V,NL031C,2015,4000.0,b,,NL031C,NL,,2015,unemployed_total,"Persons unemployed, total"
A,EC1010V,NL031C,2016,5000.0,b,,NL031C,NL,,2016,unemployed_total,"Persons unemployed, total"
A,EC1010V,NL031C,2019,2256.0,d,,NL031C,NL,,2019,unemployed_total,"Persons unemployed, total"
A,EC1010V,NL031C,2020,3351.0,d,,NL031C,NL,,2020,unemployed_total,"Persons unemployed, total"
A,EC1010V,NL031C,2021,3.0,d,,NL031C,NL,,2021,unemployed_total,"Persons unemployed, total"
A,EC1010V,NL031C,2022,3.0,d,,NL031C,NL,,2022,unemployed_total,"Persons unemployed, total"
A,EC1010V,NL031C,2023,2181.0,,,NL031C,NL,,2023,unemployed_total,"Persons unemployed, total"
A,EC1010V,NL032C,2015,4000.0,b,,NL032C,NL,,2015,unemployed_total,"Persons unemployed, total"
A,EC1010V,NL032C,2016,2000.0,b,,NL032C,NL,,2016,unemployed_total,"Persons unemployed, total"
A,EC1010V,NL032C,2019,1168.0,d,,NL032C,NL,,2019,unemployed_total,"Persons unemployed, total"
A,EC1010V,NL032C,2020,1650.0,d,,NL032C,NL,,2020,unemployed_total,"Persons unemployed, total"
A,EC1010V,NL032C,2021,2.0,d,,NL032C,NL,,2021,unemployed_total,"Persons unemployed, total"
A,EC1010V,NL032C,2022,2.0,d,,NL032C,NL,,2022,unemployed_total,"Persons unemployed, total"
A,EC1010V,NL032C,2023,1188.0,,,NL032C,NL,,2023,unemployed_total,"Persons unemployed, total"
A,EC1010V,NL033C,2015,8000.0,b,,NL033C,NL,,2015,unemployed_total,"Persons unemployed, total"
A,EC1010V,NL033C,2016,8000.0,b,,NL033C,NL,,2016,unemployed_total,"Persons unemployed, total"
A,EC1010V,NL033C,2019,4218.0,d,,NL033C,NL,,2019,unemployed_total,"Persons unemployed, total"
A,EC1010V,NL033C,2020,5495.0,d,,NL033C,NL,,2020,unemployed_total,"Persons unemployed, total"
A,EC1010V,NL033C,2021,6.0,d,,NL033C,NL,,2021,unemployed_total,"Persons unemployed, total"
A,EC1010V,NL033C,2022,5.0,d,,NL033C,NL,,2022,unemployed_total,"Persons unemployed, total"
A,EC1010V,NL033C,2023,5798.0,,,NL033C,NL,,2023,unemployed_total,"Persons unemployed, total"
A,EC1010V,NL034C,2015,8000.0,b,,NL034C,NL,,2015,unemployed_total,"Persons unemployed, total"
A,EC1010V,NL034C,2016,4000.0,b,,NL034C,NL,,2016,unemployed_total,"Persons unemployed, total"
A,EC1010V,NL034C,2019,3402.0,d,,NL034C,NL,,2019,unemployed_total,"Persons unemployed, total"
A,EC1010V,NL034C,2020,2766.0,d,,NL034C,NL,,2020,unemployed_total,"Persons unemployed, total"
A,EC1010V,NL034C,2021,3.0,d,,NL034C,NL,,2021,unemployed_total,"Persons unemployed, total"
A,EC1010V,NL034C,2022,2.0,d,,NL034C,NL,,2022,unemployed_total,"Persons unemployed, total"
A,EC1010V,NL034C,2023,1725.0,,,NL034C,NL,,2023,unemployed_total,"Persons unemployed, total"
A,EC1010V,NL035C,2015,3000.0,b,,NL035C,NL,,2015,unemployed_total,"Persons unemployed, total"
A,EC1010V,NL035C,2016,2000.0,b,,NL035C,NL,,2016,unemployed_total,"Persons unemployed, total"
A,EC1010V,NL035C,2019,1272.0,d,,NL035C,NL,,2019,unemployed_total,"Persons unemployed, total"
A,EC1010V,NL035C,2020,1421.0,d,,NL035C,NL,,2020,unemployed_total,"Persons unemployed, total"
A,EC1010V,NL035C,2021,2.0,d,,NL035C,NL,,2021,unemployed_total,"Persons unemployed, total"
A,EC1010V,NL035C,2022,2.0,d,,NL035C,NL,,2022,unemployed_total,"Persons unemployed, total"
A,EC1010V,NL035C,2023,1319.0,,,NL035C,NL,,2023,unemployed_total,"Persons unemployed, total"
A,EC1010V,NL036C,2015,3000.0,b,,NL036C,NL,,2015,unemployed_total,"Persons unemployed, total"
A,EC1010V,NL036C,2016,3000.0,b,,NL036C,NL,,2016,unemployed_total,"Persons unemployed, total"
A,EC1010V,NL036C,2019,986.0,d,,NL036C,NL,,2019,unemployed_total,"Persons unemployed, total"
A,EC1010V,NL036C,2020,2317.0,d,,NL036C,NL,,2020,unemployed_total,"Persons unemployed, total"
A,EC1010V,NL036C,2021,2.0,d,,NL036C,NL,,2021,unemployed_total,"Persons unemployed, total"
A,EC1010V,NL036C,2022,2.0,d,,NL036C,NL,,2022,unemployed_total,"Persons unemployed, total"
A,EC1010V,NL036C,2023,1631.0,,,NL036C,NL,,2023,unemployed_total,"Persons unemployed, total"
A,EC1010V,NL037C,2015,61000.0,b,,NL037C,NL,,2015,unemployed_total,"Persons unemployed, total"
A,EC1010V,NL037C,2016,58000.0,b,,NL037C,NL,,2016,unemployed_total,"Persons unemployed, total"
A,EC1010V,NL037C,2019,34377.0,d,,NL037C,NL,,2019,unemployed_total,"Persons unemployed, total"
A,EC1010V,NL037C,2020,32477.0,d,,NL037C,NL,,2020,unemployed_total,"Persons unemployed, total"
A,EC1010V,NL037C,2021,41.0,d,,NL037C,NL,,2021,unemployed_total,"Persons unemployed, total"
A,EC1010V,NL037C,2022,32.0,d,,NL037C,NL,,2022,unemployed_total,"Persons unemployed, total"
A,EC1010V,NL037C,2023,33841.0,,,NL037C,NL,,2023,unemployed_total,"Persons unemployed, total"
A,EC1010V,NL038C,2015,3000.0,b,,NL038C,NL,,2015,unemployed_total,"Persons unemployed, total"
A,EC1010V,NL038C,2016,2000.0,b,,NL038C,NL,,2016,unemployed_total,"Persons unemployed, total"
A,EC1010V,NL038C,2019,1114.0,d,,NL038C,NL,,2019,unemployed_total,"Persons unemployed, total"
A,EC1010V,NL038C,2020,1331.0,d,,NL038C,NL,,2020,unemployed_total,"Persons unemployed, total"
A,EC1010V,NL038C,2021,2.0,d,,NL038C,NL,,2021,unemployed_total,"Persons unemployed, total"
A,EC1010V,NL038C,2022,1.0,d,,NL038C,NL,,2022,unemployed_total,"Persons unemployed, total"
A,EC1010V,NL038C,2023,1174.0,,,NL038C,NL,,2023,unemployed_total,"Persons unemployed, total"
A,EC1010V,NL039C,2015,4000.0,b,,NL039C,NL,,2015,unemployed_total,"Persons unemployed, total"
A,EC1010V,NL039C,2016,4000.0,b,,NL039C,NL,,2016,unemployed_total,"Persons unemployed, total"
A,EC1010V,NL039C,2019,1655.0,d,,NL039C,NL,,2019,unemployed_total,"Persons unemployed, total"
A,EC1010V,NL039C,2020,2294.0,d,,NL039C,NL,,2020,unemployed_total,"Persons unemployed, total"
A,EC1010V,NL039C,2021,2.0,d,,NL039C,NL,,2021,unemployed_total,"Persons unemployed, total"
A,EC1010V,NL039C,2022,2.0,d,,NL039C,NL,,2022,unemployed_total,"Persons unemployed, total"
A,EC1010V,NL039C,2023,2379.0,,,NL039C,NL,,2023,unemployed_total,"Persons unemployed, total"
A,EC1010V,NL040C,2015,3000.0,b,,NL040C,NL,,2015,unemployed_total,"Persons unemployed, total"
A,EC1010V,NL040C,2016,2000.0,b,,NL040C,NL,,2016,unemployed_total,"Persons unemployed, total"
A,EC1010V,NL040C,2019,1281.0,d,,NL040C,NL,,2019,unemployed_total,"Persons unemployed, total"
A,EC1010V,NL040C,2020,1232.0,d,,NL040C,NL,,2020,unemployed_total,"Persons unemployed, total"
A,EC1010V,NL040C,2021,1.0,d,,NL040C,NL,,2021,unemployed_total,"Persons unemployed, total"
A,EC1010V,NL040C,2022,1.0,d,,NL040C,NL,,2022,unemployed_total,"Persons unemployed, total"
A,EC1010V,NL040C,2023,1187.0,,,NL040C,NL,,2023,unemployed_total,"Persons unemployed, total"
A,EC1010V,NL041C,2015,9000.0,b,,NL041C,NL,,2015,unemployed_total,"Persons unemployed, total"
A,EC1010V,NL041C,2016,7000.0,b,,NL041C,NL,,2016,unemployed_total,"Persons unemployed, total"
A,EC1010V,NL041C,2019,5304.0,d,,NL041C,NL,,2019,unemployed_total,"Persons unemployed, total"
A,EC1010V,NL041C,2020,5379.0,d,,NL041C,NL,,2020,unemployed_total,"Persons unemployed, total"
A,EC1010V,NL041C,2021,5.0,d,,NL041C,NL,,2021,unemployed_total,"Persons unemployed, total"
A,EC1010V,NL041C,2022,5.0,d,,NL041C,NL,,2022,unemployed_total,"Persons unemployed, total"
A,EC1010V,NL041C,2023,5511.0,,,NL041C,NL,,2023,unemployed_total,"Persons unemployed, total"
A,EC1010V,NL042C,2015,17000.0,b,,NL042C,NL,,2015,unemployed_total,"Persons unemployed, total"
A,EC1010V,NL042C,2016,14000.0,b,,NL042C,NL,,2016,unemployed_total,"Persons unemployed, total"
A,EC1010V,NL042C,2019,7936.0,d,,NL042C,NL,,2019,unemployed_total,"Persons unemployed, total"
A,EC1010V,NL042C,2020,11728.0,d,,NL042C,NL,,2020,unemployed_total,"Persons unemployed, total"
A,EC1010V,NL042C,2021,12.0,d,,NL042C,NL,,2021,unemployed_total,"Persons unemployed, total"
A,EC1010V,NL042C,2022,11.0,d,,NL042C,NL,,2022,unemployed_total,"Persons unemployed, total"
A,EC1010V,NL042C,2023,10782.0,,,NL042C,NL,,2023,unemployed_total,"Persons unemployed, total"
A,EC1010V,NL043C,2015,4000.0,b,,NL043C,NL,,2015,unemployed_total,"Persons unemployed, total"
A,EC1010V,NL043C,2016,3000.0,b,,NL043C,NL,,2016,unemployed_total,"Persons unemployed, total"
A,EC1010V,NL043C,2019,1386.0,d,,NL043C,NL,,2019,unemployed_total,"Persons unemployed, total"
A,EC1010V,NL043C,2020,913.0,d,,NL043C,NL,,2020,unemployed_total,"Persons unemployed, total"
A,EC1010V,NL043C,2021,1.0,d,,NL043C,NL,,2021,unemployed_total,"Persons unemployed, total"
A,EC1010V,NL043C,2022,1.0,d,,NL043C,NL,,2022,unemployed_total,"Persons unemployed, total"
A,EC1010V,NL043C,2023,1093.0,,,NL043C,NL,,2023,unemployed_total,"Persons unemployed, total"
A,EC1010V,NL044C,2015,4000.0,b,,NL044C,NL,,2015,unemployed_total,"Persons unemployed, total"
A,EC1010V,NL044C,2016,3000.0,b,,NL044C,NL,,2016,unemployed_total,"Persons unemployed, total"
A,EC1010V,NL044C,2019,1662.0,d,,NL044C,NL,,2019,unemployed_total,"Persons unemployed, total"
A,EC1010V,NL044C,2020,1603.0,d,,NL044C,NL,,2020,unemployed_total,"Persons unemployed, total"
A,EC1010V,NL044C,2021,2.0,d,,NL044C,NL,,2021,unemployed_total,"Persons unemployed, total"
A,EC1010V,NL044C,2022,2.0,d,,NL044C,NL,,2022,unemployed_total,"Persons unemployed, total"
A,EC1010V,NL044C,2023,1818.0,,,NL044C,NL,,2023,unemployed_total,"Persons unemployed, total"
A,EC1010V,NL045C,2015,5000.0,b,,NL045C,NL,,2015,unemployed_total,"Persons unemployed, total"
A,EC1010V,NL045C,2016,5000.0,b,,NL045C,NL,,2016,unemployed_total,"Persons unemployed, total"
A,EC1010V,NL045C,2019,2208.0,d,,NL045C,NL,,2019,unemployed_total,"Persons unemployed, total"
A,EC1010V,NL045C,2020,2275.0,d,,NL045C,NL,,2020,unemployed_total,"Persons unemployed, total"
A,EC1010V,NL045C,2021,4.0,d,,NL045C,NL,,2021,unemployed_total,"Persons unemployed, total"
A,EC1010V,NL045C,2022,3.0,d,,NL045C,NL,,2022,unemployed_total,"Persons unemployed, total"
A,EC1010V,NL045C,2023,2899.0,,,NL045C,NL,,2023,unemployed_total,"Persons unemployed, total"
A,EC1010V,NL046C,2015,6000.0,b,,NL046C,NL,,2015,unemployed_total,"Persons unemployed, total"
A,EC1010V,NL046C,2016,5000.0,b,,NL046C,NL,,2016,unemployed_total,"Persons unemployed, total"
A,EC1010V,NL046C,2019,1889.0,d,,NL046C,NL,,2019,unemployed_total,"Persons unemployed, total"
A,EC1010V,NL046C,2020,2671.0,d,,NL046C,NL,,2020,unemployed_total,"Persons unemployed, total"
A,EC1010V,NL046C,2021,3.0,d,,NL046C,NL,,2021,unemployed_total,"Persons unemployed, total"
A,EC1010V,NL046C,2022,3.0,d,,NL046C,NL,,2022,unemployed_total,"Persons unemployed, total"
A,EC1010V,NL046C,2023,2252.0,,,NL046C,NL,,2023,unemployed_total,"Persons unemployed, total"
A,EC1010V,NL047C,2015,5000.0,b,,NL047C,NL,,2015,unemployed_total,"Persons unemployed, total"
A,EC1010V,NL047C,2016,5000.0,b,,NL047C,NL,,2016,unemployed_total,"Persons unemployed, total"
A,EC1010V,NL047C,2019,2925.0,d,,NL047C,NL,,2019,unemployed_total,"Persons unemployed, total"
A,EC1010V,NL047C,2020,2727.0,d,,NL047C,NL,,2020,unemployed_total,"Persons unemployed, total"
A,EC1010V,NL047C,2021,3.0,d,,NL047C,NL,,2021,unemployed_total,"Persons unemployed, total"
A,EC1010V,NL047C,2022,3.0,d,,NL047C,NL,,2022,unemployed_total,"Persons unemployed, total"
A,EC1010V,NL047C,2023,3175.0,,,NL047C,NL,,2023,unemployed_total,"Persons unemployed, total"
A,EC1010V,PL,2017,1081746.0,,,PL,PL,,2017,unemployed_total,"Persons unemployed, total"
A,EC1010V,PL,2018,968888.0,,,PL,PL,,2018,unemployed_total,"Persons unemployed, total"
A,EC1010V,PL,2019,866374.0,,,PL,PL,,2019,unemployed_total,"Persons unemployed, total"
A,EC1010V,PL,2020,1046432.0,,,PL,PL,,2020,unemployed_total,"Persons unemployed, total"
A,EC1010V,PL,2021,895203.0,,,PL,PL,,2021,unemployed_total,"Persons unemployed, total"
A,EC1010V,PL001C,2017,26056.0,,,PL001C,PL,,2017,unemployed_total,"Persons unemployed, total"
A,EC1010V,PL001C,2018,19382.0,,,PL001C,PL,,2018,unemployed_total,"Persons unemployed, total"
A,EC1010V,PL001C,2019,17367.0,,,PL001C,PL,,2019,unemployed_total,"Persons unemployed, total"
A,EC1010V,PL001C,2020,24403.0,,,PL001C,PL,,2020,unemployed_total,"Persons unemployed, total"
A,EC1010V,PL001C,2021,24132.0,,,PL001C,PL,,2021,unemployed_total,"Persons unemployed, total"
A,EC1010V,PL002C,2017,21896.0,,,PL002C,PL,,2017,unemployed_total,"Persons unemployed, total"
A,EC1010V,PL002C,2018,19251.0,,,PL002C,PL,,2018,unemployed_total,"Persons unemployed, total"
A,EC1010V,PL002C,2019,16917.0,,,PL002C,PL,,2019,unemployed_total,"Persons unemployed, total"
A,EC1010V,PL002C,2020,20927.0,,,PL002C,PL,,2020,unemployed_total,"Persons unemployed, total"
A,EC1010V,PL002C,2021,20325.0,,,PL002C,PL,,2021,unemployed_total,"Persons unemployed, total"
A,EC1010V,PL003C,2017,12959.0,,,PL003C,PL,,2017,unemployed_total,"Persons unemployed, total"
A,EC1010V,PL003C,2018,11467.0,,,PL003C,PL,,2018,unemployed_total,"Persons unemployed, total"
A,EC1010V,PL003C,2019,9899.0,,,PL003C,PL,,2019,unemployed_total,"Persons unemployed, total"
A,EC1010V,PL003C,2020,15713.0,,,PL003C,PL,,2020,unemployed_total,"Persons unemployed, total"
A,EC1010V,PL003C,2021,14576.0,,,PL003C,PL,,2021,unemployed_total,"Persons unemployed, total"
A,EC1010V,PL004C,2017,8227.0,,,PL004C,PL,,2017,unemployed_total,"Persons unemployed, total"
A,EC1010V,PL004C,2018,7247.0,,,PL004C,PL,,2018,unemployed_total,"Persons unemployed, total"
A,EC1010V,PL004C,2019,6429.0,,,PL004C,PL,,2019,unemployed_total,"Persons unemployed, total"
A,EC1010V,PL004C,2020,9555.0,,,PL004C,PL,,2020,unemployed_total,"Persons unemployed, total"
A,EC1010V,PL004C,2021,7915.0,,,PL004C,PL,,2021,unemployed_total,"Persons unemployed, total"
A,EC1010V,PL005C,2017,5048.0,,,PL005C,PL,,2017,unemployed_total,"Persons unemployed, total"
A,EC1010V,PL005C,2018,4214.0,,,PL005C,PL,,2018,unemployed_total,"Persons unemployed, total"
A,EC1010V,PL005C,2019,3737.0,,,PL005C,PL,,2019,unemployed_total,"Persons unemployed, total"
A,EC1010V,PL005C,2020,7031.0,,,PL005C,PL,,2020,unemployed_total,"Persons unemployed, total"
A,EC1010V,PL005C,2021,5654.0,,,PL005C,PL,,2021,unemployed_total,"Persons unemployed, total"
A,EC1010V,PL006C,2017,6807.0,,,PL006C,PL,,2017,unemployed_total,"Persons unemployed, total"
A,EC1010V,PL006C,2018,6552.0,,,PL006C,PL,,2018,unemployed_total,"Persons unemployed, total"
A,EC1010V,PL006C,2019,5934.0,,,PL006C,PL,,2019,unemployed_total,"Persons unemployed, total"
A,EC1010V,PL006C,2020,8890.0,,,PL006C,PL,,2020,unemployed_total,"Persons unemployed, total"
A,EC1010V,PL006C,2021,7407.0,,,PL006C,PL,,2021,unemployed_total,"Persons unemployed, total"
A,EC1010V,PL007C,2017,5539.0,,,PL007C,PL,,2017,unemployed_total,"Persons unemployed, total"
A,EC1010V,PL007C,2018,4576.0,,,PL007C,PL,,2018,unemployed_total,"Persons unemployed, total"
A,EC1010V,PL007C,2019,4274.0,,,PL007C,PL,,2019,unemployed_total,"Persons unemployed, total"
A,EC1010V,PL007C,2020,7177.0,,,PL007C,PL,,2020,unemployed_total,"Persons unemployed, total"
A,EC1010V,PL007C,2021,6067.0,,,PL007C,PL,,2021,unemployed_total,"Persons unemployed, total"
A,EC1010V,PL008C,2017,6560.0,,,PL008C,PL,,2017,unemployed_total,"Persons unemployed, total"
A,EC1010V,PL008C,2018,5982.0,,,PL008C,PL,,2018,unemployed_total,"Persons unemployed, total"
A,EC1010V,PL008C,2019,4773.0,,,PL008C,PL,,2019,unemployed_total,"Persons unemployed, total"
A,EC1010V,PL008C,2020,5822.0,,,PL008C,PL,,2020,unemployed_total,"Persons unemployed, total"
A,EC1010V,PL008C,2021,4102.0,,,PL008C,PL,,2021,unemployed_total,"Persons unemployed, total"
A,EC1010V,PL009C,2017,11164.0,,,PL009C,PL,,2017,unemployed_total,"Persons unemployed, total"
A,EC1010V,PL009C,2018,10050.0,,,PL009C,PL,,2018,unemployed_total,"Persons unemployed, total"
A,EC1010V,PL009C,2019,9040.0,,,PL009C,PL,,2019,unemployed_total,"Persons unemployed, total"
A,EC1010V,PL009C,2020,10270.0,,,PL009C,PL,,2020,unemployed_total,"Persons unemployed, total"
A,EC1010V,PL009C,2021,9482.0,,,PL009C,PL,,2021,unemployed_total,"Persons unemployed, total"
A,EC1010V,PL010C,2017,4737.0,,,PL010C,PL,,2017,unemployed_total,"Persons unemployed, total"
A,EC1010V,PL010C,2018,3579.0,,,PL010C,PL,,2018,unemployed_total,"Persons unemployed, total"
A,EC1010V,PL010C,2019,2233.0,,,PL010C,PL,,2019,unemployed_total,"Persons unemployed, total"
A,EC1010V,PL010C,2020,3798.0,,,PL010C,PL,,2020,unemployed_total,"Persons unemployed, total"
A,EC1010V,PL010C,2021,3898.0,,,PL010C,PL,,2021,unemployed_total,"Persons unemployed, total"
A,EC1010V,PL011C,2017,8877.0,,,PL011C,PL,,2017,unemployed_total,"Persons unemployed, total"
A,EC1010V,PL011C,2018,8001.0,,,PL011C,PL,,2018,unemployed_total,"Persons unemployed, total"
A,EC1010V,PL011C,2019,7072.0,,,PL011C,PL,,2019,unemployed_total,"Persons unemployed, total"
A,EC1010V,PL011C,2020,9110.0,,,PL011C,PL,,2020,unemployed_total,"Persons unemployed, total"
A,EC1010V,PL011C,2021,8125.0,,,PL011C,PL,,2021,unemployed_total,"Persons unemployed, total"
A,EC1010V,PL012C,2017,6349.0,,,PL012C,PL,,2017,unemployed_total,"Persons unemployed, total"
A,EC1010V,PL012C,2018,6024.0,,,PL012C,PL,,2018,unemployed_total,"Persons unemployed, total"
A,EC1010V,PL012C,2019,5356.0,,,PL012C,PL,,2019,unemployed_total,"Persons unemployed, total"
A,EC1010V,PL012C,2020,6092.0,,,PL012C,PL,,2020,unemployed_total,"Persons unemployed, total"
A,EC1010V,PL012C,2021,5486.0,,,PL012C,PL,,2021,unemployed_total,"Persons unemployed, total"
A,EC1010V,PL013C,2017,4814.0,,,PL013C,PL,,2017,unemployed_total,"Persons unemployed, total"
A,EC1010V,PL013C,2018,4463.0,,,PL013C,PL,,2018,unemployed_total,"Persons unemployed, total"
A,EC1010V,PL013C,2019,3874.0,,,PL013C,PL,,2019,unemployed_total,"Persons unemployed, total"
A,EC1010V,PL013C,2020,4398.0,,,PL013C,PL,,2020,unemployed_total,"Persons unemployed, total"
A,EC1010V,PL013C,2021,3727.0,,,PL013C,PL,,2021,unemployed_total,"Persons unemployed, total"
A,EC1010V,PL014C,2017,4075.0,,,PL014C,PL,,2017,unemployed_total,"Persons unemployed, total"
A,EC1010V,PL014C,2018,3087.0,,,PL014C,PL,,2018,unemployed_total,"Persons unemployed, total"
A,EC1010V,PL014C,2019,2403.0,,,PL014C,PL,,2019,unemployed_total,"Persons unemployed, total"
A,EC1010V,PL014C,2020,3024.0,,,PL014C,PL,,2020,unemployed_total,"Persons unemployed, total"
A,EC1010V,PL014C,2021,1930.0,,,PL014C,PL,,2021,unemployed_total,"Persons unemployed, total"
A,EC1010V,PL015C,2017,6834.0,,,PL015C,PL,,2017,unemployed_total,"Persons unemployed, total"
A,EC1010V,PL015C,2018,6571.0,,,PL015C,PL,,2018,unemployed_total,"Persons unemployed, total"
A,EC1010V,PL015C,2019,6181.0,,,PL015C,PL,,2019,unemployed_total,"Persons unemployed, total"
A,EC1010V,PL015C,2020,7419.0,,,PL015C,PL,,2020,unemployed_total,"Persons unemployed, total"
A,EC1010V,PL015C,2021,6294.0,,,PL015C,PL,,2021,unemployed_total,"Persons unemployed, total"
A,EC1010V,PL016C,2017,2981.0,,,PL016C,PL,,2017,unemployed_total,"Persons unemployed, total"
A,EC1010V,PL016C,2018,2554.0,,,PL016C,PL,,2018,unemployed_total,"Persons unemployed, total"
A,EC1010V,PL016C,2019,2230.0,,,PL016C,PL,,2019,unemployed_total,"Persons unemployed, total"
A,EC1010V,PL016C,2020,2976.0,,,PL016C,PL,,2020,unemployed_total,"Persons unemployed, total"
A,EC1010V,PL016C,2021,2470.0,,,PL016C,PL,,2021,unemployed_total,"Persons unemployed, total"
A,EC1010V,PL017C,2017,1508.0,,,PL017C,PL,,2017,unemployed_total,"Persons unemployed, total"
A,EC1010V,PL017C,2018,1482.0,,,PL017C,PL,,2018,unemployed_total,"Persons unemployed, total"
A,EC1010V,PL017C,2019,1296.0,,,PL017C,PL,,2019,unemployed_total,"Persons unemployed, total"
A,EC1010V,PL017C,2020,2210.0,,,PL017C,PL,,2020,unemployed_total,"Persons unemployed, total"
A,EC1010V,PL017C,2021,1454.0,,,PL017C,PL,,2021,unemployed_total,"Persons unemployed, total"
A,EC1010V,PL018C,2017,2268.0,,,PL018C,PL,,2017,unemployed_total,"Persons unemployed, total"
A,EC1010V,PL018C,2018,2281.0,,,PL018C,PL,,2018,unemployed_total,"Persons unemployed, total"
A,EC1010V,PL018C,2019,1664.0,,,PL018C,PL,,2019,unemployed_total,"Persons unemployed, total"
A,EC1010V,PL018C,2020,2741.0,,,PL018C,PL,,2020,unemployed_total,"Persons unemployed, total"
A,EC1010V,PL018C,2021,2473.0,,,PL018C,PL,,2021,unemployed_total,"Persons unemployed, total"
A,EC1010V,PL019C,2017,1221.0,,,PL019C,PL,,2017,unemployed_total,"Persons unemployed, total"
A,EC1010V,PL019C,2018,1209.0,,,PL019C,PL,,2018,unemployed_total,"Persons unemployed, total"
A,EC1010V,PL019C,2019,1096.0,,,PL019C,PL,,2019,unemployed_total,"Persons unemployed, total"
A,EC1010V,PL019C,2020,1541.0,,,PL019C,PL,,2020,unemployed_total,"Persons unemployed, total"
A,EC1010V,PL019C,2021,1244.0,,,PL019C,PL,,2021,unemployed_total,"Persons unemployed, total"
A,EC1010V,PL020C,2017,1919.0,,,PL020C,PL,,2017,unemployed_total,"Persons unemployed, total"
A,EC1010V,PL020C,2018,1502.0,,,PL020C,PL,,2018,unemployed_total,"Persons unemployed, total"
A,EC1010V,PL020C,2019,1270.0,,,PL020C,PL,,2019,unemployed_total,"Persons unemployed, total"
A,EC1010V,PL020C,2020,1855.0,,,PL020C,PL,,2020,unemployed_total,"Persons unemployed, total"
A,EC1010V,PL020C,2021,1425.0,,,PL020C,PL,,2021,unemployed_total,"Persons unemployed, total"
A,EC1010V,PL021C,2017,1639.0,,,PL021C,PL,,2017,unemployed_total,"Persons unemployed, total"
A,EC1010V,PL021C,2018,1542.0,,,PL021C,PL,,2018,unemployed_total,"Persons unemployed, total"
A,EC1010V,PL021C,2019,1429.0,,,PL021C,PL,,2019,unemployed_total,"Persons unemployed, total"
A,EC1010V,PL021C,2020,1814.0,,,PL021C,PL,,2020,unemployed_total,"Persons unemployed, total"
A,EC1010V,PL021C,2021,1437.0,,,PL021C,PL,,2021,unemployed_total,"Persons unemployed, total"
A,EC1010V,PL022C,2017,2665.0,,,PL022C,PL,,2017,unemployed_total,"Persons unemployed, total"
A,EC1010V,PL022C,2018,2225.0,,,PL022C,PL,,2018,unemployed_total,"Persons unemployed, total"
A,EC1010V,PL022C,2019,1972.0,,,PL022C,PL,,2019,unemployed_total,"Persons unemployed, total"
A,EC1010V,PL022C,2020,2496.0,,,PL022C,PL,,2020,unemployed_total,"Persons unemployed, total"
A,EC1010V,PL022C,2021,2103.0,,,PL022C,PL,,2021,unemployed_total,"Persons unemployed, total"
A,EC1010V,PL023C,2017,897.0,,,PL023C,PL,,2017,unemployed_total,"Persons unemployed, total"
A,EC1010V,PL023C,2018,671.0,,,PL023C,PL,,2018,unemployed_total,"Persons unemployed, total"
A,EC1010V,PL023C,2019,695.0,,,PL023C,PL,,2019,unemployed_total,"Persons unemployed, total"
A,EC1010V,PL023C,2020,1063.0,,,PL023C,PL,,2020,unemployed_total,"Persons unemployed, total"
A,EC1010V,PL023C,2021,810.0,,,PL023C,PL,,2021,unemployed_total,"Persons unemployed, total"
A,EC1010V,PL024C,2017,4967.0,,,PL024C,PL,,2017,unemployed_total,"Persons unemployed, total"
A,EC1010V,PL024C,2018,4060.0,,,PL024C,PL,,2018,unemployed_total,"Persons unemployed, total"
A,EC1010V,PL024C,2019,3228.0,,,PL024C,PL,,2019,unemployed_total,"Persons unemployed, total"
A,EC1010V,PL024C,2020,4732.0,,,PL024C,PL,,2020,unemployed_total,"Persons unemployed, total"
A,EC1010V,PL024C,2021,3883.0,,,PL024C,PL,,2021,unemployed_total,"Persons unemployed, total"
A,EC1010V,PL025C,2017,12131.0,,,PL025C,PL,,2017,unemployed_total,"Persons unemployed, total"
A,EC1010V,PL025C,2018,11123.0,,,PL025C,PL,,2018,unemployed_total,"Persons unemployed, total"
A,EC1010V,PL025C,2019,10264.0,,,PL025C,PL,,2019,unemployed_total,"Persons unemployed, total"
A,EC1010V,PL025C,2020,11300.0,,,PL025C,PL,,2020,unemployed_total,"Persons unemployed, total"
A,EC1010V,PL025C,2021,9090.0,,,PL025C,PL,,2021,unemployed_total,"Persons unemployed, total"
A,EC1010V,PL026C,2017,4506.0,,,PL026C,PL,,2017,unemployed_total,"Persons unemployed, total"
A,EC1010V,PL026C,2018,4269.0,,,PL026C,PL,,2018,unemployed_total,"Persons unemployed, total"
A,EC1010V,PL026C,2019,3823.0,,,PL026C,PL,,2019,unemployed_total,"Persons unemployed, total"
A,EC1010V,PL026C,2020,4357.0,,,PL026C,PL,,2020,unemployed_total,"Persons unemployed, total"
A,EC1010V,PL026C,2021,3756.0,,,PL026C,PL,,2021,unemployed_total,"Persons unemployed, total"
A,EC1010V,PL027C,2017,1498.0,,,PL027C,PL,,2017,unemployed_total,"Persons unemployed, total"
A,EC1010V,PL027C,2018,1265.0,,,PL027C,PL,,2018,unemployed_total,"Persons unemployed, total"
A,EC1010V,PL027C,2019,1251.0,,,PL027C,PL,,2019,unemployed_total,"Persons unemployed, total"
A,EC1010V,PL027C,2020,1632.0,,,PL027C,PL,,2020,unemployed_total,"Persons unemployed, total"
A,EC1010V,PL027C,2021,1495.0,,,PL027C,PL,,2021,unemployed_total,"Persons unemployed, total"
A,EC1010V,PL028C,2017,2682.0,,,PL028C,PL,,2017,unemployed_total,"Persons unemployed, total"
A,EC1010V,PL028C,2018,2514.0,,,PL028C,PL,,2018,unemployed_total,"Persons unemployed, total"
A,EC1010V,PL028C,2019,2202.0,,,PL028C,PL,,2019,unemployed_total,"Persons unemployed, total"
A,EC1010V,PL028C,2020,3151.0,,,PL028C,PL,,2020,unemployed_total,"Persons unemployed, total"
A,EC1010V,PL028C,2021,2791.0,,,PL028C,PL,,2021,unemployed_total,"Persons unemployed, total"
A,EC1010V,PL029C,2017,1623.0,,,PL029C,PL,,2017,unemployed_total,"Persons unemployed, total"
A,EC1010V,PL029C,2018,1369.0,,,PL029C,PL,,2018,unemployed_total,"Persons unemployed, total"
A,EC1010V,PL029C,2019,1306.0,,,PL029C,PL,,2019,unemployed_total,"Persons unemployed, total"
A,EC1010V,PL029C,2020,2245.0,,,PL029C,PL,,2020,unemployed_total,"Persons unemployed, total"
A,EC1010V,PL029C,2021,2099.0,,,PL029C,PL,,2021,unemployed_total,"Persons unemployed, total"
A,EC1010V,PL030C,2017,1851.0,,,PL030C,PL,,2017,unemployed_total,"Persons unemployed, total"
A,EC1010V,PL030C,2018,1487.0,,,PL030C,PL,,2018,unemployed_total,"Persons unemployed, total"
A,EC1010V,PL030C,2019,1461.0,,,PL030C,PL,,2019,unemployed_total,"Persons unemployed, total"
A,EC1010V,PL030C,2020,1983.0,,,PL030C,PL,,2020,unemployed_total,"Persons unemployed, total"
A,EC1010V,PL030C,2021,1561.0,,,PL030C,PL,,2021,unemployed_total,"Persons unemployed, total"
A,EC1010V,PL031C,2017,1983.0,,,PL031C,PL,,2017,unemployed_total,"Persons unemployed, total"
A,EC1010V,PL031C,2018,1802.0,,,PL031C,PL,,2018,unemployed_total,"Persons unemployed, total"
A,EC1010V,PL031C,2019,1443.0,,,PL031C,PL,,2019,unemployed_total,"Persons unemployed, total"
A,EC1010V,PL031C,2020,1702.0,,,PL031C,PL,,2020,unemployed_total,"Persons unemployed, total"
A,EC1010V,PL031C,2021,1569.0,,,PL031C,PL,,2021,unemployed_total,"Persons unemployed, total"
A,EC1010V,PL032C,2017,2018.0,,,PL032C,PL,,2017,unemployed_total,"Persons unemployed, total"
A,EC1010V,PL032C,2018,1905.0,,,PL032C,PL,,2018,unemployed_total,"Persons unemployed, total"
A,EC1010V,PL032C,2019,1712.0,,,PL032C,PL,,2019,unemployed_total,"Persons unemployed, total"
A,EC1010V,PL032C,2020,1975.0,,,PL032C,PL,,2020,unemployed_total,"Persons unemployed, total"
A,EC1010V,PL032C,2021,1779.0,,,PL032C,PL,,2021,unemployed_total,"Persons unemployed, total"
A,EC1010V,PL033C,2017,1109.0,,,PL033C,PL,,2017,unemployed_total,"Persons unemployed, total"
A,EC1010V,PL033C,2018,1057.0,,,PL033C,PL,,2018,unemployed_total,"Persons unemployed, total"
A,EC1010V,PL033C,2019,892.0,,,PL033C,PL,,2019,unemployed_total,"Persons unemployed, total"
A,EC1010V,PL033C,2020,1113.0,,,PL033C,PL,,2020,unemployed_total,"Persons unemployed, total"
A,EC1010V,PL033C,2021,839.0,,,PL033C,PL,,2021,unemployed_total,"Persons unemployed, total"
A,EC1010V,PL034C,2017,1479.0,,,PL034C,PL,,2017,unemployed_total,"Persons unemployed, total"
A,EC1010V,PL034C,2018,1261.0,,,PL034C,PL,,2018,unemployed_total,"Persons unemployed, total"
A,EC1010V,PL034C,2019,1152.0,,,PL034C,PL,,2019,unemployed_total,"Persons unemployed, total"
A,EC1010V,PL034C,2020,1583.0,,,PL034C,PL,,2020,unemployed_total,"Persons unemployed, total"
A,EC1010V,PL034C,2021,1223.0,,,PL034C,PL,,2021,unemployed_total,"Persons unemployed, total"
A,EC1010V,PL035C,2017,3897.0,,,PL035C,PL,,2017,unemployed_total,"Persons unemployed, total"
A,EC1010V,PL035C,2018,3318.0,,,PL035C,PL,,2018,unemployed_total,"Persons unemployed, total"
A,EC1010V,PL035C,2019,2883.0,,,PL035C,PL,,2019,unemployed_total,"Persons unemployed, total"
A,EC1010V,PL035C,2020,3362.0,,,PL035C,PL,,2020,unemployed_total,"Persons unemployed, total"
A,EC1010V,PL035C,2021,3017.0,,,PL035C,PL,,2021,unemployed_total,"Persons unemployed, total"
A,EC1010V,PL036C,2017,2769.0,,,PL036C,PL,,2017,unemployed_total,"Persons unemployed, total"
A,EC1010V,PL036C,2018,2516.0,,,PL036C,PL,,2018,unemployed_total,"Persons unemployed, total"
A,EC1010V,PL036C,2019,2354.0,,,PL036C,PL,,2019,unemployed_total,"Persons unemployed, total"
A,EC1010V,PL036C,2020,2555.0,,,PL036C,PL,,2020,unemployed_total,"Persons unemployed, total"
A,EC1010V,PL036C,2021,1892.0,,,PL036C,PL,,2021,unemployed_total,"Persons unemployed, total"
A,EC1010V,PL037C,2017,1634.0,,,PL037C,PL,,2017,unemployed_total,"Persons unemployed, total"
A,EC1010V,PL037C,2018,1196.0,,,PL037C,PL,,2018,unemployed_total,"Persons unemployed, total"
A,EC1010V,PL037C,2019,921.0,,,PL037C,PL,,2019,unemployed_total,"Persons unemployed, total"
A,EC1010V,PL037C,2020,942.0,,,PL037C,PL,,2020,unemployed_total,"Persons unemployed, total"
A,EC1010V,PL037C,2021,1053.0,,,PL037C,PL,,2021,unemployed_total,"Persons unemployed, total"
A,EC1010V,PL038C,2017,1599.0,,,PL038C,PL,,2017,unemployed_total,"Persons unemployed, total"
A,EC1010V,PL038C,2018,1445.0,,,PL038C,PL,,2018,unemployed_total,"Persons unemployed, total"
A,EC1010V,PL038C,2019,1377.0,,,PL038C,PL,,2019,unemployed_total,"Persons unemployed, total"
A,EC1010V,PL038C,2020,1580.0,,,PL038C,PL,,2020,unemployed_total,"Persons unemployed, total"
A,EC1010V,PL038C,2021,1402.0,,,PL038C,PL,,2021,unemployed_total,"Persons unemployed, total"
A,EC1010V,PL039C,2017,1016.0,,,PL039C,PL,,2017,unemployed_total,"Persons unemployed, total"
A,EC1010V,PL039C,2018,977.0,,,PL039C,PL,,2018,unemployed_total,"Persons unemployed, total"
A,EC1010V,PL039C,2019,894.0,,,PL039C,PL,,2019,unemployed_total,"Persons unemployed, total"
A,EC1010V,PL039C,2020,1157.0,,,PL039C,PL,,2020,unemployed_total,"Persons unemployed, total"
A,EC1010V,PL039C,2021,961.0,,,PL039C,PL,,2021,unemployed_total,"Persons unemployed, total"
A,EC1010V,PL040C,2017,3439.0,,,PL040C,PL,,2017,unemployed_total,"Persons unemployed, total"
A,EC1010V,PL040C,2018,3088.0,,,PL040C,PL,,2018,unemployed_total,"Persons unemployed, total"
A,EC1010V,PL040C,2019,2851.0,,,PL040C,PL,,2019,unemployed_total,"Persons unemployed, total"
A,EC1010V,PL040C,2020,3076.0,,,PL040C,PL,,2020,unemployed_total,"Persons unemployed, total"
A,EC1010V,PL040C,2021,2907.0,,,PL040C,PL,,2021,unemployed_total,"Persons unemployed, total"
A,EC1010V,PL041C,2017,3109.0,,,PL041C,PL,,2017,unemployed_total,"Persons unemployed, total"
A,EC1010V,PL041C,2018,2805.0,,,PL041C,PL,,2018,unemployed_total,"Persons unemployed, total"
A,EC1010V,PL041C,2019,2436.0,,,PL041C,PL,,2019,unemployed_total,"Persons unemployed, total"
A,EC1010V,PL041C,2020,2759.0,,,PL041C,PL,,2020,unemployed_total,"Persons unemployed, total"
A,EC1010V,PL041C,2021,2370.0,,,PL041C,PL,,2021,unemployed_total,"Persons unemployed, total"
A,EC1010V,PL042C,2017,2846.0,,,PL042C,PL,,2017,unemployed_total,"Persons unemployed, total"
A,EC1010V,PL042C,2018,2613.0,,,PL042C,PL,,2018,unemployed_total,"Persons unemployed, total"
A,EC1010V,PL042C,2019,2513.0,,,PL042C,PL,,2019,unemployed_total,"Persons unemployed, total"
A,EC1010V,PL042C,2020,2745.0,,,PL042C,PL,,2020,unemployed_total,"Persons unemployed, total"
A,EC1010V,PL042C,2021,2174.0,,,PL042C,PL,,2021,unemployed_total,"Persons unemployed, total"
A,EC1010V,PL043C,2017,2100.0,,,PL043C,PL,,2017,unemployed_total,"Persons unemployed, total"
A,EC1010V,PL043C,2018,1868.0,,,PL043C,PL,,2018,unemployed_total,"Persons unemployed, total"
A,EC1010V,PL043C,2019,1682.0,,,PL043C,PL,,2019,unemployed_total,"Persons unemployed, total"
A,EC1010V,PL043C,2020,1886.0,,,PL043C,PL,,2020,unemployed_total,"Persons unemployed, total"
A,EC1010V,PL043C,2021,1707.0,,,PL043C,PL,,2021,unemployed_total,"Persons unemployed, total"
A,EC1010V,PL044C,2017,1816.0,,,PL044C,PL,,2017,unemployed_total,"Persons unemployed, total"
A,EC1010V,PL044C,2018,1774.0,,,PL044C,PL,,2018,unemployed_total,"Persons unemployed, total"
A,EC1010V,PL044C,2019,1414.0,,,PL044C,PL,,2019,unemployed_total,"Persons unemployed, total"
A,EC1010V,PL044C,2020,1565.0,,,PL044C,PL,,2020,unemployed_total,"Persons unemployed, total"
A,EC1010V,PL044C,2021,1456.0,,,PL044C,PL,,2021,unemployed_total,"Persons unemployed, total"
A,EC1010V,PL045C,2017,1492.0,,,PL045C,PL,,2017,unemployed_total,"Persons unemployed, total"
A,EC1010V,PL045C,2018,1332.0,,,PL045C,PL,,2018,unemployed_total,"Persons unemployed, total"
A,EC1010V,PL045C,2019,1203.0,,,PL045C,PL,,2019,unemployed_total,"Persons unemployed, total"
A,EC1010V,PL045C,2020,1634.0,,,PL045C,PL,,2020,unemployed_total,"Persons unemployed, total"
A,EC1010V,PL045C,2021,1248.0,,,PL045C,PL,,2021,unemployed_total,"Persons unemployed, total"
A,EC1010V,PL046C,2017,2237.0,,,PL046C,PL,,2017,unemployed_total,"Persons unemployed, total"
A,EC1010V,PL046C,2018,2158.0,,,PL046C,PL,,2018,unemployed_total,"Persons unemployed, total"
A,EC1010V,PL046C,2019,1978.0,,,PL046C,PL,,2019,unemployed_total,"Persons unemployed, total"
A,EC1010V,PL046C,2020,2275.0,,,PL046C,PL,,2020,unemployed_total,"Persons unemployed, total"
A,EC1010V,PL046C,2021,2057.0,,,PL046C,PL,,2021,unemployed_total,"Persons unemployed, total"
A,EC1010V,PL047C,2017,2318.0,,,PL047C,PL,,2017,unemployed_total,"Persons unemployed, total"
A,EC1010V,PL047C,2018,2062.0,,,PL047C,PL,,2018,unemployed_total,"Persons unemployed, total"
A,EC1010V,PL047C,2019,1814.0,,,PL047C,PL,,2019,unemployed_total,"Persons unemployed, total"
A,EC1010V,PL047C,2020,2002.0,,,PL047C,PL,,2020,unemployed_total,"Persons unemployed, total"
A,EC1010V,PL047C,2021,1574.0,,,PL047C,PL,,2021,unemployed_total,"Persons unemployed, total"
A,EC1010V,PL048C,2017,1286.0,,,PL048C,PL,,2017,unemployed_total,"Persons unemployed, total"
A,EC1010V,PL048C,2018,1187.0,,,PL048C,PL,,2018,unemployed_total,"Persons unemployed, total"
A,EC1010V,PL048C,2019,1054.0,,,PL048C,PL,,2019,unemployed_total,"Persons unemployed, total"
A,EC1010V,PL048C,2020,1144.0,,,PL048C,PL,,2020,unemployed_total,"Persons unemployed, total"
A,EC1010V,PL048C,2021,893.0,,,PL048C,PL,,2021,unemployed_total,"Persons unemployed, total"
A,EC1010V,PL049C,2017,1198.0,,,PL049C,PL,,2017,unemployed_total,"Persons unemployed, total"
A,EC1010V,PL049C,2018,1050.0,,,PL049C,PL,,2018,unemployed_total,"Persons unemployed, total"
A,EC1010V,PL049C,2019,949.0,,,PL049C,PL,,2019,unemployed_total,"Persons unemployed, total"
A,EC1010V,PL049C,2020,1248.0,,,PL049C,PL,,2020,unemployed_total,"Persons unemployed, total"
A,EC1010V,PL049C,2021,933.0,,,PL049C,PL,,2021,unemployed_total,"Persons unemployed, total"
A,EC1010V,PL050C,2017,1431.0,,,PL050C,PL,,2017,unemployed_total,"Persons unemployed, total"
A,EC1010V,PL050C,2018,1368.0,,,PL050C,PL,,2018,unemployed_total,"Persons unemployed, total"
A,EC1010V,PL050C,2019,1136.0,,,PL050C,PL,,2019,unemployed_total,"Persons unemployed, total"
A,EC1010V,PL050C,2020,1244.0,,,PL050C,PL,,2020,unemployed_total,"Persons unemployed, total"
A,EC1010V,PL050C,2021,1019.0,,,PL050C,PL,,2021,unemployed_total,"Persons unemployed, total"
A,EC1010V,PL051C,2017,1410.0,,,PL051C,PL,,2017,unemployed_total,"Persons unemployed, total"
A,EC1010V,PL051C,2018,1369.0,,,PL051C,PL,,2018,unemployed_total,"Persons unemployed, total"
A,EC1010V,PL051C,2019,1158.0,,,PL051C,PL,,2019,unemployed_total,"Persons unemployed, total"
A,EC1010V,PL051C,2020,1701.0,,,PL051C,PL,,2020,unemployed_total,"Persons unemployed, total"
A,EC1010V,PL051C,2021,1211.0,,,PL051C,PL,,2021,unemployed_total,"Persons unemployed, total"
A,EC1010V,PL052C,2017,2500.0,,,PL052C,PL,,2017,unemployed_total,"Persons unemployed, total"
A,EC1010V,PL052C,2018,2186.0,,,PL052C,PL,,2018,unemployed_total,"Persons unemployed, total"
A,EC1010V,PL052C,2019,1931.0,,,PL052C,PL,,2019,unemployed_total,"Persons unemployed, total"
A,EC1010V,PL052C,2020,2101.0,,,PL052C,PL,,2020,unemployed_total,"Persons unemployed, total"
A,EC1010V,PL052C,2021,1804.0,,,PL052C,PL,,2021,unemployed_total,"Persons unemployed, total"
A,EC1010V,PL053C,2017,3173.0,,,PL053C,PL,,2017,unemployed_total,"Persons unemployed, total"
A,EC1010V,PL053C,2018,2779.0,,,PL053C,PL,,2018,unemployed_total,"Persons unemployed, total"
A,EC1010V,PL053C,2019,2383.0,,,PL053C,PL,,2019,unemployed_total,"Persons unemployed, total"
A,EC1010V,PL053C,2020,3871.0,,,PL053C,PL,,2020,unemployed_total,"Persons unemployed, total"
A,EC1010V,PL053C,2021,2651.0,,,PL053C,PL,,2021,unemployed_total,"Persons unemployed, total"
A,EC1010V,PL054C,2017,5690.0,,,PL054C,PL,,2017,unemployed_total,"Persons unemployed, total"
A,EC1010V,PL054C,2018,4611.0,,,PL054C,PL,,2018,unemployed_total,"Persons unemployed, total"
A,EC1010V,PL054C,2019,3718.0,,,PL054C,PL,,2019,unemployed_total,"Persons unemployed, total"
A,EC1010V,PL054C,2020,4890.0,,,PL054C,PL,,2020,unemployed_total,"Persons unemployed, total"
A,EC1010V,PL054C,2021,4307.0,,,PL054C,PL,,2021,unemployed_total,"Persons unemployed, total"
A,EC1010V,PL055C,2017,3814.0,,,PL055C,PL,,2017,unemployed_total,"Persons unemployed, total"
A,EC1010V,PL055C,2018,3371.0,,,PL055C,PL,,2018,unemployed_total,"Persons unemployed, total"
A,EC1010V,PL055C,2019,2454.0,,,PL055C,PL,,2019,unemployed_total,"Persons unemployed, total"
A,EC1010V,PL055C,2020,3380.0,,,PL055C,PL,,2020,unemployed_total,"Persons unemployed, total"
A,EC1010V,PL055C,2021,3255.0,,,PL055C,PL,,2021,unemployed_total,"Persons unemployed, total"
A,EC1010V,PL056C,2017,3651.0,,,PL056C,PL,,2017,unemployed_total,"Persons unemployed, total"
A,EC1010V,PL056C,2018,3110.0,,,PL056C,PL,,2018,unemployed_total,"Persons unemployed, total"
A,EC1010V,PL056C,2019,2567.0,,,PL056C,PL,,2019,unemployed_total,"Persons unemployed, total"
A,EC1010V,PL056C,2020,3757.0,,,PL056C,PL,,2020,unemployed_total,"Persons unemployed, total"
A,EC1010V,PL056C,2021,2694.0,,,PL056C,PL,,2021,unemployed_total,"Persons unemployed, total"
A,EC1010V,PL057C,2017,5288.0,,,PL057C,PL,,2017,unemployed_total,"Persons unemployed, total"
A,EC1010V,PL057C,2018,4406.0,,,PL057C,PL,,2018,unemployed_total,"Persons unemployed, total"
A,EC1010V,PL057C,2019,3780.0,,,PL057C,PL,,2019,unemployed_total,"Persons unemployed, total"
A,EC1010V,PL057C,2020,4591.0,,,PL057C,PL,,2020,unemployed_total,"Persons unemployed, total"
A,EC1010V,PL057C,2021,3806.0,,,PL057C,PL,,2021,unemployed_total,"Persons unemployed, total"
A,EC1010V,PL058C,2017,2463.0,,,PL058C,PL,,2017,unemployed_total,"Persons unemployed, total"
A,EC1010V,PL058C,2018,2058.0,,,PL058C,PL,,2018,unemployed_total,"Persons unemployed, total"
A,EC1010V,PL058C,2019,1830.0,,,PL058C,PL,,2019,unemployed_total,"Persons unemployed, total"
A,EC1010V,PL058C,2020,2832.0,,,PL058C,PL,,2020,unemployed_total,"Persons unemployed, total"
A,EC1010V,PL058C,2021,2320.0,,,PL058C,PL,,2021,unemployed_total,"Persons unemployed, total"
A,EC1010V,PL059C,2017,1743.0,,,PL059C,PL,,2017,unemployed_total,"Persons unemployed, total"
A,EC1010V,PL059C,2018,1275.0,,,PL059C,PL,,2018,unemployed_total,"Persons unemployed, total"
A,EC1010V,PL059C,2019,1151.0,,,PL059C,PL,,2019,unemployed_total,"Persons unemployed, total"
A,EC1010V,PL059C,2020,1453.0,,,PL059C,PL,,2020,unemployed_total,"Persons unemployed, total"
A,EC1010V,PL059C,2021,1098.0,,,PL059C,PL,,2021,unemployed_total,"Persons unemployed, total"
A,EC1010V,PL060C,2017,2418.0,,,PL060C,PL,,2017,unemployed_total,"Persons unemployed, total"
A,EC1010V,PL060C,2018,1936.0,,,PL060C,PL,,2018,unemployed_total,"Persons unemployed, total"
A,EC1010V,PL060C,2019,1650.0,,,PL060C,PL,,2019,unemployed_total,"Persons unemployed, total"
A,EC1010V,PL060C,2020,2469.0,,,PL060C,PL,,2020,unemployed_total,"Persons unemployed, total"
A,EC1010V,PL060C,2021,1698.0,,,PL060C,PL,,2021,unemployed_total,"Persons unemployed, total"
A,EC1010V,PL061C,2017,1725.0,,,PL061C,PL,,2017,unemployed_total,"Persons unemployed, total"
A,EC1010V,PL061C,2018,1594.0,,,PL061C,PL,,2018,unemployed_total,"Persons unemployed, total"
A,EC1010V,PL061C,2019,1245.0,,,PL061C,PL,,2019,unemployed_total,"Persons unemployed, total"
A,EC1010V,PL061C,2020,1903.0,,,PL061C,PL,,2020,unemployed_total,"Persons unemployed, total"
A,EC1010V,PL061C,2021,1321.0,,,PL061C,PL,,2021,unemployed_total,"Persons unemployed, total"
A,EC1010V,PL062C,2017,3044.0,,,PL062C,PL,,2017,unemployed_total,"Persons unemployed, total"
A,EC1010V,PL062C,2018,2489.0,,,PL062C,PL,,2018,unemployed_total,"Persons unemployed, total"
A,EC1010V,PL062C,2019,1974.0,,,PL062C,PL,,2019,unemployed_total,"Persons unemployed, total"
A,EC1010V,PL062C,2020,2403.0,,,PL062C,PL,,2020,unemployed_total,"Persons unemployed, total"
A,EC1010V,PL062C,2021,1840.0,,,PL062C,PL,,2021,unemployed_total,"Persons unemployed, total"
A,EC1010V,PL063C,2017,3826.0,,,PL063C,PL,,2017,unemployed_total,"Persons unemployed, total"
A,EC1010V,PL063C,2018,3358.0,,,PL063C,PL,,2018,unemployed_total,"Persons unemployed, total"
A,EC1010V,PL063C,2019,2311.0,,,PL063C,PL,,2019,unemployed_total,"Persons unemployed, total"
A,EC1010V,PL063C,2020,3204.0,,,PL063C,PL,,2020,unemployed_total,"Persons unemployed, total"
A,EC1010V,PL063C,2021,2623.0,,,PL063C,PL,,2021,unemployed_total,"Persons unemployed, total"
A,EC1010V,PL064C,2017,6160.0,,,PL064C,PL,,2017,unemployed_total,"Persons unemployed, total"
A,EC1010V,PL064C,2018,4948.0,,,PL064C,PL,,2018,unemployed_total,"Persons unemployed, total"
A,EC1010V,PL064C,2019,4170.0,,,PL064C,PL,,2019,unemployed_total,"Persons unemployed, total"
A,EC1010V,PL064C,2020,4885.0,,,PL064C,PL,,2020,unemployed_total,"Persons unemployed, total"
A,EC1010V,PL064C,2021,3787.0,,,PL064C,PL,,2021,unemployed_total,"Persons unemployed, total"
A,EC1010V,PL065C,2017,3340.0,,,PL065C,PL,,2017,unemployed_total,"Persons unemployed, total"
A,EC1010V,PL065C,2018,2933.0,,,PL065C,PL,,2018,unemployed_total,"Persons unemployed, total"
A,EC1010V,PL065C,2019,2334.0,,,PL065C,PL,,2019,unemployed_total,"Persons unemployed, total"
A,EC1010V,PL065C,2020,2963.0,,,PL065C,PL,,2020,unemployed_total,"Persons unemployed, total"
A,EC1010V,PL065C,2021,2282.0,,,PL065C,PL,,2021,unemployed_total,"Persons unemployed, total"
A,EC1010V,PL066C,2017,2444.0,,,PL066C,PL,,2017,unemployed_total,"Persons unemployed, total"
A,EC1010V,PL066C,2018,1878.0,,,PL066C,PL,,2018,unemployed_total,"Persons unemployed, total"
A,EC1010V,PL066C,2019,1377.0,,,PL066C,PL,,2019,unemployed_total,"Persons unemployed, total"
A,EC1010V,PL066C,2020,1808.0,,,PL066C,PL,,2020,unemployed_total,"Persons unemployed, total"
A,EC1010V,PL066C,2021,1387.0,,,PL066C,PL,,2021,unemployed_total,"Persons unemployed, total"
A,EC1010V,PL067C,2017,2468.0,,,PL067C,PL,,2017,unemployed_total,"Persons unemployed, total"
A,EC1010V,PL067C,2018,2279.0,,,PL067C,PL,,2018,unemployed_total,"Persons unemployed, total"
A,EC1010V,PL067C,2019,1908.0,,,PL067C,PL,,2019,unemployed_total,"Persons unemployed, total"
A,EC1010V,PL067C,2020,2572.0,,,PL067C,PL,,2020,unemployed_total,"Persons unemployed, total"
A,EC1010V,PL067C,2021,2336.0,,,PL067C,PL,,2021,unemployed_total,"Persons unemployed, total"
A,EC1010V,PL068C,2017,3703.0,,,PL068C,PL,,2017,unemployed_total,"Persons unemployed, total"
A,EC1010V,PL068C,2018,3233.0,,,PL068C,PL,,2018,unemployed_total,"Persons unemployed, total"
A,EC1010V,PL068C,2019,2869.0,,,PL068C,PL,,2019,unemployed_total,"Persons unemployed, total"
A,EC1010V,PL068C,2020,3952.0,,,PL068C,PL,,2020,unemployed_total,"Persons unemployed, total"
A,EC1010V,PL068C,2021,3738.0,,,PL068C,PL,,2021,unemployed_total,"Persons unemployed, total"
A,EC1010V,PT,2021,391517.0,,,PT,PT,,2021,unemployed_total,"Persons unemployed, total"
A,EC1010V,PT001C,2021,78397.0,,,PT001C,PT,,2021,unemployed_total,"Persons unemployed, total"
A,EC1010V,PT002C,2021,50546.0,,,PT002C,PT,,2021,unemployed_total,"Persons unemployed, total"
A,EC1010V,PT003C,2021,7453.0,,,PT003C,PT,,2021,unemployed_total,"Persons unemployed, total"
A,EC1010V,PT004C,2021,5920.0,,,PT004C,PT,,2021,unemployed_total,"Persons unemployed, total"
A,EC1010V,PT005C,2021,4237.0,,,PT005C,PT,,2021,unemployed_total,"Persons unemployed, total"
A,EC1010V,PT006C,2021,5154.0,,,PT006C,PT,,2021,unemployed_total,"Persons unemployed, total"
A,EC1010V,PT007C,2021,2575.0,,,PT007C,PT,,2021,unemployed_total,"Persons unemployed, total"
A,EC1010V,PT008C,2021,2336.0,,,PT008C,PT,,2021,unemployed_total,"Persons unemployed, total"
A,EC1010V,PT009C,2021,2896.0,,,PT009C,PT,,2021,unemployed_total,"Persons unemployed, total"
A,EC1010V,PT010C,2021,3219.0,,,PT010C,PT,,2021,unemployed_total,"Persons unemployed, total"
A,EC1010V,PT011C,2021,2425.0,,,PT011C,PT,,2021,unemployed_total,"Persons unemployed, total"
A,EC1010V,PT012C,2021,3693.0,,,PT012C,PT,,2021,unemployed_total,"Persons unemployed, total"
A,EC1010V,PT013C,2021,2556.0,,,PT013C,PT,,2021,unemployed_total,"Persons unemployed, total"
A,EC1010V,PT014C,2021,17736.0,,,PT014C,PT,,2021,unemployed_total,"Persons unemployed, total"
A,EC1010V,PT015C,2021,5824.0,,,PT015C,PT,,2021,unemployed_total,"Persons unemployed, total"
A,EC1010V,PT016C,2021,5466.0,,,PT016C,PT,,2021,unemployed_total,"Persons unemployed, total"
A,EC1010V,RO,2015,623910.0,,,RO,RO,,2015,unemployed_total,"Persons unemployed, total"
A,EC1010V,RO,2017,449331.0,,,RO,RO,,2017,unemployed_total,"Persons unemployed, total"
A,EC1010V,RO,2018,379678.0,,,RO,RO,,2018,unemployed_total,"Persons unemployed, total"
A,EC1010V,SE,2017,192037.0,,,SE,SE,,2017,unemployed_total,"Persons unemployed, total"
A,EC1010V,SE,2018,194843.0,,,SE,SE,,2018,unemployed_total,"Persons unemployed, total"
A,EC1010V,SE,2023,247153.0,bde,,SE,SE,,2023,unemployed_total,"Persons unemployed, total"
A,EC1010V,SE001C,2017,52815.0,,,SE001C,SE,,2017,unemployed_total,"Persons unemployed, total"
A,EC1010V,SE001C,2018,54686.0,,,SE001C,SE,,2018,unemployed_total,"Persons unemployed, total"
A,EC1010V,SE001C,2023,35448.0,bde,,SE001C,SE,,2023,unemployed_total,"Persons unemployed, total"
A,EC1010V,SE002C,2017,20757.0,,,SE002C,SE,,2017,unemployed_total,"Persons unemployed, total"
A,EC1010V,SE002C,2018,20627.0,,,SE002C,SE,,2018,unemployed_total,"Persons unemployed, total"
A,EC1010V,SE002C,2023,18216.0,bde,,SE002C,SE,,2023,unemployed_total,"Persons unemployed, total"
A,EC1010V,SE003C,2017,22561.0,,,SE003C,SE,,2017,unemployed_total,"Persons unemployed, total"
A,EC1010V,SE003C,2018,22636.0,,,SE003C,SE,,2018,unemployed_total,"Persons unemployed, total"
A,EC1010V,SE003C,2023,16361.0,bde,,SE003C,SE,,2023,unemployed_total,"Persons unemployed, total"
A,EC1010V,SE004C,2017,3763.0,,,SE004C,SE,,2017,unemployed_total,"Persons unemployed, total"
A,EC1010V,SE004C,2018,3599.0,,,SE004C,SE,,2018,unemployed_total,"Persons unemployed, total"
A,EC1010V,SE005C,2017,3447.0,,,SE005C,SE,,2017,unemployed_total,"Persons unemployed, total"
A,EC1010V,SE005C,2018,3352.0,,,SE005C,SE,,2018,unemployed_total,"Persons unemployed, total"
A,EC1010V,SE005C,2023,1973.0,bde,,SE005C,SE,,2023,unemployed_total,"Persons unemployed, total"
A,EC1010V,SE006C,2017,5845.0,,,SE006C,SE,,2017,unemployed_total,"Persons unemployed, total"
A,EC1010V,SE006C,2018,6260.0,,,SE006C,SE,,2018,unemployed_total,"Persons unemployed, total"
A,EC1010V,SE006C,2023,5360.0,bde,,SE006C,SE,,2023,unemployed_total,"Persons unemployed, total"
A,EC1010V,SE007C,2017,4623.0,,,SE007C,SE,,2017,unemployed_total,"Persons unemployed, total"
A,EC1010V,SE007C,2018,4713.0,,,SE007C,SE,,2018,unemployed_total,"Persons unemployed, total"
A,EC1010V,SE007C,2023,3661.0,bde,,SE007C,SE,,2023,unemployed_total,"Persons unemployed, total"
A,EC1010V,SE008C,2017,5355.0,,,SE008C,SE,,2017,unemployed_total,"Persons unemployed, total"
A,EC1010V,SE008C,2018,5499.0,,,SE008C,SE,,2018,unemployed_total,"Persons unemployed, total"
A,EC1010V,SE008C,2023,4352.0,bde,,SE008C,SE,,2023,unemployed_total,"Persons unemployed, total"
A,EC1010V,SE009C,2023,4313.0,bde,,SE009C,SE,,2023,unemployed_total,"Persons unemployed, total"
A,EC1010V,SE010C,2017,6453.0,,,SE010C,SE,,2017,unemployed_total,"Persons unemployed, total"
A,EC1010V,SE010C,2018,6745.0,,,SE010C,SE,,2018,unemployed_total,"Persons unemployed, total"
A,EC1010V,SE010C,2023,5010.0,bde,,SE010C,SE,,2023,unemployed_total,"Persons unemployed, total"
A,EC1010V,SE011C,2017,8430.0,,,SE011C,SE,,2017,unemployed_total,"Persons unemployed, total"
A,EC1010V,SE011C,2018,8267.0,,,SE011C,SE,,2018,unemployed_total,"Persons unemployed, total"
A,EC1010V,SE011C,2023,4961.0,bde,,SE011C,SE,,2023,unemployed_total,"Persons unemployed, total"
A,EC1010V,SE012C,2017,7099.0,,,SE012C,SE,,2017,unemployed_total,"Persons unemployed, total"
A,EC1010V,SE012C,2018,7418.0,,,SE012C,SE,,2018,unemployed_total,"Persons unemployed, total"
A,EC1010V,SE012C,2023,5737.0,bde,,SE012C,SE,,2023,unemployed_total,"Persons unemployed, total"
A,EC1010V,SE013C,2017,3113.0,,,SE013C,SE,,2017,unemployed_total,"Persons unemployed, total"
A,EC1010V,SE013C,2018,3344.0,,,SE013C,SE,,2018,unemployed_total,"Persons unemployed, total"
A,EC1010V,SE013C,2023,2545.0,bde,,SE013C,SE,,2023,unemployed_total,"Persons unemployed, total"
A,EC1010V,SE014C,2017,4135.0,,,SE014C,SE,,2017,unemployed_total,"Persons unemployed, total"
A,EC1010V,SE014C,2018,3992.0,,,SE014C,SE,,2018,unemployed_total,"Persons unemployed, total"
A,EC1010V,SE014C,2023,2772.0,bde,,SE014C,SE,,2023,unemployed_total,"Persons unemployed, total"
A,EC1010V,SE015C,2023,2489.0,bde,,SE015C,SE,,2023,unemployed_total,"Persons unemployed, total"
A,EC1010V,SI,2015,121102.0,b,,SI,SI,,2015,unemployed_total,"Persons unemployed, total"
A,EC1010V,SI,2016,114222.0,d,,SI,SI,,2016,unemployed_total,"Persons unemployed, total"
A,EC1010V,SI,2017,101816.0,,,SI,SI,,2017,unemployed_total,"Persons unemployed, total"
A,EC1010V,SI,2018,87657.0,d,,SI,SI,,2018,unemployed_total,"Persons unemployed, total"
A,EC1010V,SI,2021,92883.0,d,,SI,SI,,2021,unemployed_total,"Persons unemployed, total"
A,EC1010V,SI,2022,72568.0,d,,SI,SI,,2022,unemployed_total,"Persons unemployed, total"
A,EC1010V,SI,2023,53921.0,d,,SI,SI,,2023,unemployed_total,"Persons unemployed, total"
A,EC1010V,SI001C,2015,17050.0,b,,SI001C,SI,,2015,unemployed_total,"Persons unemployed, total"
A,EC1010V,SI001C,2016,16521.0,d,,SI001C,SI,,2016,unemployed_total,"Persons unemployed, total"
A,EC1010V,SI001C,2017,15160.0,,,SI001C,SI,,2017,unemployed_total,"Persons unemployed, total"
A,EC1010V,SI001C,2018,13345.0,d,,SI001C,SI,,2018,unemployed_total,"Persons unemployed, total"
A,EC1010V,SI001C,2019,12570.0,d,,SI001C,SI,,2019,unemployed_total,"Persons unemployed, total"
A,EC1010V,SI001C,2020,11970.0,d,,SI001C,SI,,2020,unemployed_total,"Persons unemployed, total"
A,EC1010V,SI001C,2021,14359.0,d,,SI001C,SI,,2021,unemployed_total,"Persons unemployed, total"
A,EC1010V,SI001C,2022,11546.0,d,,SI001C,SI,,2022,unemployed_total,"Persons unemployed, total"
A,EC1010V,SI001C,2023,8525.0,d,,SI001C,SI,,2023,unemployed_total,"Persons unemployed, total"
A,EC1010V,SI002C,2015,8620.0,b,,SI002C,SI,,2015,unemployed_total,"Persons unemployed, total"
A,EC1010V,SI002C,2016,8180.0,d,,SI002C,SI,,2016,unemployed_total,"Persons unemployed, total"
A,EC1010V,SI002C,2017,7508.0,,,SI002C,SI,,2017,unemployed_total,"Persons unemployed, total"
A,EC1010V,SI002C,2018,6587.0,d,,SI002C,SI,,2018,unemployed_total,"Persons unemployed, total"
A,EC1010V,SI002C,2019,6340.0,d,,SI002C,SI,,2019,unemployed_total,"Persons unemployed, total"
A,EC1010V,SI002C,2020,6117.0,d,,SI002C,SI,,2020,unemployed_total,"Persons unemployed, total"
A,EC1010V,SI002C,2021,7289.0,d,,SI002C,SI,,2021,unemployed_total,"Persons unemployed, total"
A,EC1010V,SI002C,2022,5785.0,d,,SI002C,SI,,2022,unemployed_total,"Persons unemployed, total"
A,EC1010V,SI002C,2023,4321.0,d,,SI002C,SI,,2023,unemployed_total,"Persons unemployed, total"
A,EC1010V,SK,2015,314300.0,,,SK,SK,,2015,unemployed_total,"Persons unemployed, total"
A,EC1010V,SK,2016,266000.0,,,SK,SK,,2016,unemployed_total,"Persons unemployed, total"
A,EC1010V,SK,2017,224000.0,,,SK,SK,,2017,unemployed_total,"Persons unemployed, total"
A,EC1010V,SK,2018,179500.0,,,SK,SK,,2018,unemployed_total,"Persons unemployed, total"
A,EC1010V,SK,2020,181400.0,,,SK,SK,,2020,unemployed_total,"Persons unemployed, total"
A,EC1010V,UK001C,2016,269500.0,,,UK001C,UK,,2016,unemployed_total,"Persons unemployed, total"
A,EC1010V,UK001C,2017,260200.0,,,UK001C,UK,,2017,unemployed_total,"Persons unemployed, total"
A,EC1010V,UK001C,2018,241600.0,,,UK001C,UK,,2018,unemployed_total,"Persons unemployed, total"
A,EC1010V,UK002C,2015,44200.0,,,UK002C,UK,,2015,unemployed_total,"Persons unemployed, total"
A,EC1010V,UK002C,2016,44400.0,,,UK002C,UK,,2016,unemployed_total,"Persons unemployed, total"
A,EC1010V,UK002C,2017,42100.0,,,UK002C,UK,,2017,unemployed_total,"Persons unemployed, total"
A,EC1010V,UK002C,2018,40700.0,,,UK002C,UK,,2018,unemployed_total,"Persons unemployed, total"
A,EC1010V,UK003C,2015,23800.0,,,UK003C,UK,,2015,unemployed_total,"Persons unemployed, total"
A,EC1010V,UK003C,2016,16700.0,,,UK003C,UK,,2016,unemployed_total,"Persons unemployed, total"
A,EC1010V,UK003C,2017,18100.0,,,UK003C,UK,,2017,unemployed_total,"Persons unemployed, total"
A,EC1010V,UK003C,2018,13400.0,,,UK003C,UK,,2018,unemployed_total,"Persons unemployed, total"
A,EC1010V,UK004C,2015,25300.0,,,UK004C,UK,,2015,unemployed_total,"Persons unemployed, total"
A,EC1010V,UK004C,2016,17900.0,,,UK004C,UK,,2016,unemployed_total,"Persons unemployed, total"
A,EC1010V,UK004C,2017,16600.0,,,UK004C,UK,,2017,unemployed_total,"Persons unemployed, total"
A,EC1010V,UK004C,2018,18600.0,,,UK004C,UK,,2018,unemployed_total,"Persons unemployed, total"
A,EC1010V,UK005C,2015,23800.0,,,UK005C,UK,,2015,unemployed_total,"Persons unemployed, total"
A,EC1010V,UK005C,2016,16000.0,,,UK005C,UK,,2016,unemployed_total,"Persons unemployed, total"
A,EC1010V,UK005C,2017,14400.0,,,UK005C,UK,,2017,unemployed_total,"Persons unemployed, total"
A,EC1010V,UK005C,2018,9500.0,,,UK005C,UK,,2018,unemployed_total,"Persons unemployed, total"
A,EC1010V,UK006C,2015,16400.0,,,UK006C,UK,,2015,unemployed_total,"Persons unemployed, total"
A,EC1010V,UK006C,2016,16200.0,,,UK006C,UK,,2016,unemployed_total,"Persons unemployed, total"
A,EC1010V,UK006C,2017,13800.0,,,UK006C,UK,,2017,unemployed_total,"Persons unemployed, total"
A,EC1010V,UK006C,2018,9900.0,,,UK006C,UK,,2018,unemployed_total,"Persons unemployed, total"
A,EC1010V,UK007C,2015,14000.0,,,UK007C,UK,,2015,unemployed_total,"Persons unemployed, total"
A,EC1010V,UK007C,2016,10600.0,,,UK007C,UK,,2016,unemployed_total,"Persons unemployed, total"
A,EC1010V,UK007C,2017,7100.0,,,UK007C,UK,,2017,unemployed_total,"Persons unemployed, total"
A,EC1010V,UK007C,2018,14100.0,,,UK007C,UK,,2018,unemployed_total,"Persons unemployed, total"
A,EC1010V,UK008C,2015,20500.0,,,UK008C,UK,,2015,unemployed_total,"Persons unemployed, total"
A,EC1010V,UK008C,2016,21200.0,,,UK008C,UK,,2016,unemployed_total,"Persons unemployed, total"
A,EC1010V,UK008C,2017,17200.0,,,UK008C,UK,,2017,unemployed_total,"Persons unemployed, total"
A,EC1010V,UK008C,2018,13800.0,,,UK008C,UK,,2018,unemployed_total,"Persons unemployed, total"
A,EC1010V,UK009C,2015,12200.0,,,UK009C,UK,,2015,unemployed_total,"Persons unemployed, total"
A,EC1010V,UK009C,2016,8300.0,,,UK009C,UK,,2016,unemployed_total,"Persons unemployed, total"
A,EC1010V,UK009C,2017,12400.0,,,UK009C,UK,,2017,unemployed_total,"Persons unemployed, total"
A,EC1010V,UK009C,2018,9700.0,,,UK009C,UK,,2018,unemployed_total,"Persons unemployed, total"
A,EC1010V,UK010C,2015,23300.0,,,UK010C,UK,,2015,unemployed_total,"Persons unemployed, total"
A,EC1010V,UK010C,2016,17700.0,,,UK010C,UK,,2016,unemployed_total,"Persons unemployed, total"
A,EC1010V,UK010C,2017,18300.0,,,UK010C,UK,,2017,unemployed_total,"Persons unemployed, total"
A,EC1010V,UK010C,2018,15300.0,,,UK010C,UK,,2018,unemployed_total,"Persons unemployed, total"
A,EC1010V,UK011C,2015,12600.0,,,UK011C,UK,,2015,unemployed_total,"Persons unemployed, total"
A,EC1010V,UK011C,2016,11200.0,,,UK011C,UK,,2016,unemployed_total,"Persons unemployed, total"
A,EC1010V,UK011C,2017,11000.0,,,UK011C,UK,,2017,unemployed_total,"Persons unemployed, total"
A,EC1010V,UK011C,2018,9800.0,,,UK011C,UK,,2018,unemployed_total,"Persons unemployed, total"
A,EC1010V,UK013C,2015,13200.0,,,UK013C,UK,,2015,unemployed_total,"Persons unemployed, total"
A,EC1010V,UK013C,2016,11400.0,,,UK013C,UK,,2016,unemployed_total,"Persons unemployed, total"
A,EC1010V,UK013C,2017,9100.0,,,UK013C,UK,,2017,unemployed_total,"Persons unemployed, total"
A,EC1010V,UK013C,2018,6800.0,,,UK013C,UK,,2018,unemployed_total,"Persons unemployed, total"
A,EC1010V,UK014C,2015,14700.0,,,UK014C,UK,,2015,unemployed_total,"Persons unemployed, total"
A,EC1010V,UK014C,2016,10300.0,,,UK014C,UK,,2016,unemployed_total,"Persons unemployed, total"
A,EC1010V,UK014C,2017,10100.0,,,UK014C,UK,,2017,unemployed_total,"Persons unemployed, total"
A,EC1010V,UK014C,2018,8800.0,,,UK014C,UK,,2018,unemployed_total,"Persons unemployed, total"
A,EC1010V,UK015C,2015,5500.0,,,UK015C,UK,,2015,unemployed_total,"Persons unemployed, total"
A,EC1010V,UK015C,2016,9400.0,,,UK015C,UK,,2016,unemployed_total,"Persons unemployed, total"
A,EC1010V,UK015C,2017,4800.0,,,UK015C,UK,,2017,unemployed_total,"Persons unemployed, total"
A,EC1010V,UK015C,2018,9300.0,,,UK015C,UK,,2018,unemployed_total,"Persons unemployed, total"
A,EC1010V,UK016C,2015,2200.0,,,UK016C,UK,,2015,unemployed_total,"Persons unemployed, total"
A,EC1010V,UK016C,2016,2400.0,,,UK016C,UK,,2016,unemployed_total,"Persons unemployed, total"
A,EC1010V,UK016C,2017,2000.0,,,UK016C,UK,,2017,unemployed_total,"Persons unemployed, total"
A,EC1010V,UK016C,2018,3300.0,,,UK016C,UK,,2018,unemployed_total,"Persons unemployed, total"
A,EC1010V,UK017C,2015,3800.0,,,UK017C,UK,,2015,unemployed_total,"Persons unemployed, total"
A,EC1010V,UK017C,2016,2500.0,,,UK017C,UK,,2016,unemployed_total,"Persons unemployed, total"
A,EC1010V,UK017C,2017,3600.0,,,UK017C,UK,,2017,unemployed_total,"Persons unemployed, total"
A,EC1010V,UK017C,2018,4000.0,,,UK017C,UK,,2018,unemployed_total,"Persons unemployed, total"
A,EC1010V,UK018C,2015,2800.0,,,UK018C,UK,,2015,unemployed_total,"Persons unemployed, total"
A,EC1010V,UK018C,2016,3200.0,,,UK018C,UK,,2016,unemployed_total,"Persons unemployed, total"
A,EC1010V,UK018C,2017,3100.0,,,UK018C,UK,,2017,unemployed_total,"Persons unemployed, total"
A,EC1010V,UK018C,2018,2100.0,,,UK018C,UK,,2018,unemployed_total,"Persons unemployed, total"
A,EC1010V,UK019C,2015,5000.0,,,UK019C,UK,,2015,unemployed_total,"Persons unemployed, total"
A,EC1010V,UK019C,2016,4600.0,,,UK019C,UK,,2016,unemployed_total,"Persons unemployed, total"
A,EC1010V,UK019C,2018,3300.0,,,UK019C,UK,,2018,unemployed_total,"Persons unemployed, total"
A,EC1010V,UK020C,2015,1400.0,,,UK020C,UK,,2015,unemployed_total,"Persons unemployed, total"
A,EC1010V,UK020C,2016,3200.0,,,UK020C,UK,,2016,unemployed_total,"Persons unemployed, total"
A,EC1010V,UK020C,2017,2700.0,,,UK020C,UK,,2017,unemployed_total,"Persons unemployed, total"
A,EC1010V,UK021C,2015,2900.0,,,UK021C,UK,,2015,unemployed_total,"Persons unemployed, total"
A,EC1010V,UK021C,2016,2200.0,,,UK021C,UK,,2016,unemployed_total,"Persons unemployed, total"
A,EC1010V,UK021C,2017,3500.0,,,UK021C,UK,,2017,unemployed_total,"Persons unemployed, total"
A,EC1010V,UK021C,2018,2600.0,,,UK021C,UK,,2018,unemployed_total,"Persons unemployed, total"
A,EC1010V,UK022C,2015,6000.0,,,UK022C,UK,,2015,unemployed_total,"Persons unemployed, total"
A,EC1010V,UK022C,2016,7000.0,,,UK022C,UK,,2016,unemployed_total,"Persons unemployed, total"
A,EC1010V,UK022C,2017,3800.0,,,UK022C,UK,,2017,unemployed_total,"Persons unemployed, total"
A,EC1010V,UK022C,2018,5600.0,,,UK022C,UK,,2018,unemployed_total,"Persons unemployed, total"
A,EC1010V,UK023C,2015,2000.0,,,UK023C,UK,,2015,unemployed_total,"Persons unemployed, total"
A,EC1010V,UK023C,2016,1900.0,,,UK023C,UK,,2016,unemployed_total,"Persons unemployed, total"
A,EC1010V,UK023C,2017,1900.0,,,UK023C,UK,,2017,unemployed_total,"Persons unemployed, total"
A,EC1010V,UK023C,2018,1300.0,,,UK023C,UK,,2018,unemployed_total,"Persons unemployed, total"
A,EC1010V,UK024C,2015,7100.0,,,UK024C,UK,,2015,unemployed_total,"Persons unemployed, total"
A,EC1010V,UK024C,2016,6800.0,,,UK024C,UK,,2016,unemployed_total,"Persons unemployed, total"
A,EC1010V,UK024C,2017,9300.0,,,UK024C,UK,,2017,unemployed_total,"Persons unemployed, total"
A,EC1010V,UK024C,2018,9300.0,,,UK024C,UK,,2018,unemployed_total,"Persons unemployed, total"
A,EC1010V,UK025C,2015,10500.0,,,UK025C,UK,,2015,unemployed_total,"Persons unemployed, total"
A,EC1010V,UK025C,2016,10100.0,,,UK025C,UK,,2016,unemployed_total,"Persons unemployed, total"
A,EC1010V,UK025C,2017,10200.0,,,UK025C,UK,,2017,unemployed_total,"Persons unemployed, total"
A,EC1010V,UK025C,2018,8600.0,,,UK025C,UK,,2018,unemployed_total,"Persons unemployed, total"
A,EC1010V,UK026C,2015,9000.0,,,UK026C,UK,,2015,unemployed_total,"Persons unemployed, total"
A,EC1010V,UK026C,2016,6300.0,,,UK026C,UK,,2016,unemployed_total,"Persons unemployed, total"
A,EC1010V,UK026C,2017,6900.0,,,UK026C,UK,,2017,unemployed_total,"Persons unemployed, total"
A,EC1010V,UK026C,2018,8600.0,,,UK026C,UK,,2018,unemployed_total,"Persons unemployed, total"
A,EC1010V,UK027C,2015,13000.0,,,UK027C,UK,,2015,unemployed_total,"Persons unemployed, total"
A,EC1010V,UK027C,2016,9400.0,,,UK027C,UK,,2016,unemployed_total,"Persons unemployed, total"
A,EC1010V,UK027C,2017,9100.0,,,UK027C,UK,,2017,unemployed_total,"Persons unemployed, total"
A,EC1010V,UK027C,2018,9000.0,,,UK027C,UK,,2018,unemployed_total,"Persons unemployed, total"
A,EC1010V,UK028C,2015,14000.0,,,UK028C,UK,,2015,unemployed_total,"Persons unemployed, total"
A,EC1010V,UK028C,2016,11200.0,,,UK028C,UK,,2016,unemployed_total,"Persons unemployed, total"
A,EC1010V,UK028C,2017,11000.0,,,UK028C,UK,,2017,unemployed_total,"Persons unemployed, total"
A,EC1010V,UK028C,2018,9300.0,,,UK028C,UK,,2018,unemployed_total,"Persons unemployed, total"
A,EC1010V,UK029C,2015,5600.0,,,UK029C,UK,,2015,unemployed_total,"Persons unemployed, total"
A,EC1010V,UK029C,2016,5000.0,,,UK029C,UK,,2016,unemployed_total,"Persons unemployed, total"
A,EC1010V,UK029C,2017,7100.0,,,UK029C,UK,,2017,unemployed_total,"Persons unemployed, total"
A,EC1010V,UK029C,2018,3800.0,,,UK029C,UK,,2018,unemployed_total,"Persons unemployed, total"
A,EC1010V,UK030C,2015,3900.0,,,UK030C,UK,,2015,unemployed_total,"Persons unemployed, total"
A,EC1010V,UK030C,2016,3600.0,,,UK030C,UK,,2016,unemployed_total,"Persons unemployed, total"
A,EC1010V,UK030C,2017,2100.0,,,UK030C,UK,,2017,unemployed_total,"Persons unemployed, total"
A,EC1010V,UK030C,2018,2800.0,,,UK030C,UK,,2018,unemployed_total,"Persons unemployed, total"
A,EC1010V,UK031C,2015,5800.0,,,UK031C,UK,,2015,unemployed_total,"Persons unemployed, total"
A,EC1010V,UK031C,2016,4600.0,,,UK031C,UK,,2016,unemployed_total,"Persons unemployed, total"
A,EC1010V,UK031C,2017,3700.0,,,UK031C,UK,,2017,unemployed_total,"Persons unemployed, total"
A,EC1010V,UK031C,2018,3400.0,,,UK031C,UK,,2018,unemployed_total,"Persons unemployed, total"
A,EC1010V,UK032C,2015,3400.0,,,UK032C,UK,,2015,unemployed_total,"Persons unemployed, total"
A,EC1010V,UK032C,2016,4800.0,,,UK032C,UK,,2016,unemployed_total,"Persons unemployed, total"
A,EC1010V,UK032C,2017,1600.0,,,UK032C,UK,,2017,unemployed_total,"Persons unemployed, total"
A,EC1010V,UK032C,2018,3400.0,,,UK032C,UK,,2018,unemployed_total,"Persons unemployed, total"
A,EC1010V,UK033C,2015,2800.0,,,UK033C,UK,,2015,unemployed_total,"Persons unemployed, total"
A,EC1010V,UK033C,2017,3700.0,,,UK033C,UK,,2017,unemployed_total,"Persons unemployed, total"
A,EC1010V,UK033C,2018,2800.0,,,UK033C,UK,,2018,unemployed_total,"Persons unemployed, total"
A,EC1010V,UK034C,2015,1500.0,,,UK034C,UK,,2015,unemployed_total,"Persons unemployed, total"
A,EC1010V,UK034C,2016,4200.0,,,UK034C,UK,,2016,unemployed_total,"Persons unemployed, total"
A,EC1010V,UK034C,2017,3100.0,,,UK034C,UK,,2017,unemployed_total,"Persons unemployed, total"
A,EC1010V,UK035C,2015,2000.0,,,UK035C,UK,,2015,unemployed_total,"Persons unemployed, total"
A,EC1010V,UK035C,2016,2000.0,,,UK035C,UK,,2016,unemployed_total,"Persons unemployed, total"
A,EC1010V,UK035C,2018,3500.0,,,UK035C,UK,,2018,unemployed_total,"Persons unemployed, total"
A,EC1010V,UK036C,2015,3200.0,,,UK036C,UK,,2015,unemployed_total,"Persons unemployed, total"
A,EC1010V,UK036C,2016,3600.0,,,UK036C,UK,,2016,unemployed_total,"Persons unemployed, total"
A,EC1010V,UK036C,2018,2600.0,,,UK036C,UK,,2018,unemployed_total,"Persons unemployed, total"
A,EC1010V,UK037C,2015,1300.0,,,UK037C,UK,,2015,unemployed_total,"Persons unemployed, total"
A,EC1010V,UK037C,2016,1500.0,,,UK037C,UK,,2016,unemployed_total,"Persons unemployed, total"
A,EC1010V,UK037C,2017,2100.0,,,UK037C,UK,,2017,unemployed_total,"Persons unemployed, total"
A,EC1010V,UK038C,2015,3300.0,,,UK038C,UK,,2015,unemployed_total,"Persons unemployed, total"
A,EC1010V,UK038C,2016,3000.0,,,UK038C,UK,,2016,unemployed_total,"Persons unemployed, total"
A,EC1010V,UK038C,2017,3200.0,,,UK038C,UK,,2017,unemployed_total,"Persons unemployed, total"
A,EC1010V,UK038C,2018,2300.0,,,UK038C,UK,,2018,unemployed_total,"Persons unemployed, total"
A,EC1010V,UK039C,2015,1300.0,,,UK039C,UK,,2015,unemployed_total,"Persons unemployed, total"
A,EC1010V,UK039C,2016,1400.0,,,UK039C,UK,,2016,unemployed_total,"Persons unemployed, total"
A,EC1010V,UK039C,2017,1200.0,,,UK039C,UK,,2017,unemployed_total,"Persons unemployed, total"
A,EC1010V,UK040C,2016,3400.0,,,UK040C,UK,,2016,unemployed_total,"Persons unemployed, total"
A,EC1010V,UK040C,2017,4400.0,,,UK040C,UK,,2017,unemployed_total,"Persons unemployed, total"
A,EC1010V,UK040C,2018,1600.0,,,UK040C,UK,,2018,unemployed_total,"Persons unemployed, total"
A,EC1010V,UK041C,2015,2600.0,,,UK041C,UK,,2015,unemployed_total,"Persons unemployed, total"
A,EC1010V,UK041C,2016,2500.0,,,UK041C,UK,,2016,unemployed_total,"Persons unemployed, total"
A,EC1010V,UK041C,2017,4300.0,,,UK041C,UK,,2017,unemployed_total,"Persons unemployed, total"
A,EC1010V,UK041C,2018,2800.0,,,UK041C,UK,,2018,unemployed_total,"Persons unemployed, total"
A,EC1010V,UK042C,2015,2400.0,,,UK042C,UK,,2015,unemployed_total,"Persons unemployed, total"
A,EC1010V,UK042C,2016,2100.0,,,UK042C,UK,,2016,unemployed_total,"Persons unemployed, total"
A,EC1010V,UK042C,2017,2900.0,,,UK042C,UK,,2017,unemployed_total,"Persons unemployed, total"
A,EC1010V,UK042C,2018,2700.0,,,UK042C,UK,,2018,unemployed_total,"Persons unemployed, total"
A,EC1010V,UK043C,2015,2300.0,,,UK043C,UK,,2015,unemployed_total,"Persons unemployed, total"
A,EC1010V,UK043C,2016,3300.0,,,UK043C,UK,,2016,unemployed_total,"Persons unemployed, total"
A,EC1010V,UK043C,2017,4500.0,,,UK043C,UK,,2017,unemployed_total,"Persons unemployed, total"
A,EC1010V,UK043C,2018,2400.0,,,UK043C,UK,,2018,unemployed_total,"Persons unemployed, total"
A,EC1010V,UK044C,2017,1500.0,,,UK044C,UK,,2017,unemployed_total,"Persons unemployed, total"
A,EC1010V,UK045C,2015,4200.0,,,UK045C,UK,,2015,unemployed_total,"Persons unemployed, total"
A,EC1010V,UK045C,2016,4100.0,,,UK045C,UK,,2016,unemployed_total,"Persons unemployed, total"
A,EC1010V,UK045C,2017,4600.0,,,UK045C,UK,,2017,unemployed_total,"Persons unemployed, total"
A,EC1010V,UK045C,2018,4500.0,,,UK045C,UK,,2018,unemployed_total,"Persons unemployed, total"
A,EC1010V,UK046C,2015,2500.0,,,UK046C,UK,,2015,unemployed_total,"Persons unemployed, total"
A,EC1010V,UK046C,2016,3700.0,,,UK046C,UK,,2016,unemployed_total,"Persons unemployed, total"
A,EC1010V,UK046C,2017,2000.0,,,UK046C,UK,,2017,unemployed_total,"Persons unemployed, total"
A,EC1010V,UK046C,2018,2200.0,,,UK046C,UK,,2018,unemployed_total,"Persons unemployed, total"
A,EC1010V,UK047C,2015,2200.0,,,UK047C,UK,,2015,unemployed_total,"Persons unemployed, total"
A,EC1010V,UK047C,2016,2100.0,,,UK047C,UK,,2016,unemployed_total,"Persons unemployed, total"
A,EC1010V,UK047C,2017,2600.0,,,UK047C,UK,,2017,unemployed_total,"Persons unemployed, total"
A,EC1010V,UK048C,2015,2400.0,,,UK048C,UK,,2015,unemployed_total,"Persons unemployed, total"
A,EC1010V,UK048C,2016,4200.0,,,UK048C,UK,,2016,unemployed_total,"Persons unemployed, total"
A,EC1010V,UK049C,2015,2000.0,,,UK049C,UK,,2015,unemployed_total,"Persons unemployed, total"
A,EC1010V,UK049C,2016,3400.0,,,UK049C,UK,,2016,unemployed_total,"Persons unemployed, total"
A,EC1010V,UK049C,2018,2300.0,,,UK049C,UK,,2018,unemployed_total,"Persons unemployed, total"
A,EC1010V,UK050C,2015,2400.0,,,UK050C,UK,,2015,unemployed_total,"Persons unemployed, total"
A,EC1010V,UK050C,2016,1400.0,,,UK050C,UK,,2016,unemployed_total,"Persons unemployed, total"
A,EC1010V,UK050C,2018,2100.0,,,UK050C,UK,,2018,unemployed_total,"Persons unemployed, total"
A,EC1010V,UK051C,2015,2700.0,,,UK051C,UK,,2015,unemployed_total,"Persons unemployed, total"
A,EC1010V,UK051C,2016,1700.0,,,UK051C,UK,,2016,unemployed_total,"Persons unemployed, total"
A,EC1010V,UK051C,2017,3400.0,,,UK051C,UK,,2017,unemployed_total,"Persons unemployed, total"
A,EC1010V,UK051C,2018,2300.0,,,UK051C,UK,,2018,unemployed_total,"Persons unemployed, total"
A,EC1010V,UK052C,2015,3100.0,,,UK052C,UK,,2015,unemployed_total,"Persons unemployed, total"
A,EC1010V,UK052C,2017,2000.0,,,UK052C,UK,,2017,unemployed_total,"Persons unemployed, total"
A,EC1010V,UK052C,2018,1700.0,,,UK052C,UK,,2018,unemployed_total,"Persons unemployed, total"
A,EC1010V,UK053C,2015,3100.0,,,UK053C,UK,,2015,unemployed_total,"Persons unemployed, total"
A,EC1010V,UK053C,2016,2700.0,,,UK053C,UK,,2016,unemployed_total,"Persons unemployed, total"
A,EC1010V,UK053C,2017,2800.0,,,UK053C,UK,,2017,unemployed_total,"Persons unemployed, total"
A,EC1010V,UK053C,2018,2600.0,,,UK053C,UK,,2018,unemployed_total,"Persons unemployed, total"
A,EC1010V,UK054C,2015,9700.0,,,UK054C,UK,,2015,unemployed_total,"Persons unemployed, total"
A,EC1010V,UK054C,2016,12700.0,,,UK054C,UK,,2016,unemployed_total,"Persons unemployed, total"
A,EC1010V,UK054C,2017,8200.0,,,UK054C,UK,,2017,unemployed_total,"Persons unemployed, total"
A,EC1010V,UK054C,2018,10700.0,,,UK054C,UK,,2018,unemployed_total,"Persons unemployed, total"
A,EC1010V,UK055C,2015,12500.0,,,UK055C,UK,,2015,unemployed_total,"Persons unemployed, total"
A,EC1010V,UK055C,2016,5400.0,,,UK055C,UK,,2016,unemployed_total,"Persons unemployed, total"
A,EC1010V,UK055C,2017,8300.0,,,UK055C,UK,,2017,unemployed_total,"Persons unemployed, total"
A,EC1010V,UK055C,2018,6700.0,,,UK055C,UK,,2018,unemployed_total,"Persons unemployed, total"
A,EC1010V,UK056C,2015,11800.0,,,UK056C,UK,,2015,unemployed_total,"Persons unemployed, total"
A,EC1010V,UK056C,2016,9300.0,,,UK056C,UK,,2016,unemployed_total,"Persons unemployed, total"
A,EC1010V,UK056C,2017,10200.0,,,UK056C,UK,,2017,unemployed_total,"Persons unemployed, total"
A,EC1010V,UK056C,2018,10000.0,,,UK056C,UK,,2018,unemployed_total,"Persons unemployed, total"
A,EC1010V,UK057C,2015,11600.0,,,UK057C,UK,,2015,unemployed_total,"Persons unemployed, total"
A,EC1010V,UK057C,2016,9700.0,,,UK057C,UK,,2016,unemployed_total,"Persons unemployed, total"
A,EC1010V,UK057C,2017,8300.0,,,UK057C,UK,,2017,unemployed_total,"Persons unemployed, total"
A,EC1010V,UK057C,2018,7500.0,,,UK057C,UK,,2018,unemployed_total,"Persons unemployed, total"
A,EC1010V,UK058C,2015,8600.0,,,UK058C,UK,,2015,unemployed_total,"Persons unemployed, total"
A,EC1010V,UK058C,2016,7800.0,,,UK058C,UK,,2016,unemployed_total,"Persons unemployed, total"
A,EC1010V,UK058C,2017,4700.0,,,UK058C,UK,,2017,unemployed_total,"Persons unemployed, total"
A,EC1010V,UK058C,2018,6100.0,,,UK058C,UK,,2018,unemployed_total,"Persons unemployed, total"
A,EC1010V,UK059C,2015,11400.0,,,UK059C,UK,,2015,unemployed_total,"Persons unemployed, total"
A,EC1010V,UK059C,2016,9200.0,,,UK059C,UK,,2016,unemployed_total,"Persons unemployed, total"
A,EC1010V,UK059C,2017,9800.0,,,UK059C,UK,,2017,unemployed_total,"Persons unemployed, total"
A,EC1010V,UK059C,2018,9100.0,,,UK059C,UK,,2018,unemployed_total,"Persons unemployed, total"
A,EC1010V,UK060C,2015,8300.0,,,UK060C,UK,,2015,unemployed_total,"Persons unemployed, total"
A,EC1010V,UK060C,2016,5800.0,,,UK060C,UK,,2016,unemployed_total,"Persons unemployed, total"
A,EC1010V,UK060C,2017,6100.0,,,UK060C,UK,,2017,unemployed_total,"Persons unemployed, total"
A,EC1010V,UK060C,2018,3900.0,,,UK060C,UK,,2018,unemployed_total,"Persons unemployed, total"
A,EC1010V,UK061C,2015,4700.0,,,UK061C,UK,,2015,unemployed_total,"Persons unemployed, total"
A,EC1010V,UK061C,2016,6100.0,,,UK061C,UK,,2016,unemployed_total,"Persons unemployed, total"
A,EC1010V,UK061C,2017,6100.0,,,UK061C,UK,,2017,unemployed_total,"Persons unemployed, total"
A,EC1010V,UK061C,2018,3700.0,,,UK061C,UK,,2018,unemployed_total,"Persons unemployed, total"
A,EC1010V,UK062C,2015,11200.0,,,UK062C,UK,,2015,unemployed_total,"Persons unemployed, total"
A,EC1010V,UK062C,2016,12100.0,,,UK062C,UK,,2016,unemployed_total,"Persons unemployed, total"
A,EC1010V,UK062C,2017,12100.0,,,UK062C,UK,,2017,unemployed_total,"Persons unemployed, total"
A,EC1010V,UK062C,2018,9300.0,,,UK062C,UK,,2018,unemployed_total,"Persons unemployed, total"
A,EC1010V,UK063C,2015,11300.0,,,UK063C,UK,,2015,unemployed_total,"Persons unemployed, total"
A,EC1010V,UK063C,2016,10900.0,,,UK063C,UK,,2016,unemployed_total,"Persons unemployed, total"
A,EC1010V,UK063C,2017,8500.0,,,UK063C,UK,,2017,unemployed_total,"Persons unemployed, total"
A,EC1010V,UK063C,2018,9600.0,,,UK063C,UK,,2018,unemployed_total,"Persons unemployed, total"
A,EC1010V,UK064C,2015,9200.0,,,UK064C,UK,,2015,unemployed_total,"Persons unemployed, total"
A,EC1010V,UK064C,2016,8000.0,,,UK064C,UK,,2016,unemployed_total,"Persons unemployed, total"
A,EC1010V,UK064C,2017,7300.0,,,UK064C,UK,,2017,unemployed_total,"Persons unemployed, total"
A,EC1010V,UK064C,2018,6700.0,,,UK064C,UK,,2018,unemployed_total,"Persons unemployed, total"
A,EC1010V,UK065C,2015,10900.0,,,UK065C,UK,,2015,unemployed_total,"Persons unemployed, total"
A,EC1010V,UK065C,2016,6800.0,,,UK065C,UK,,2016,unemployed_total,"Persons unemployed, total"
A,EC1010V,UK065C,2017,7500.0,,,UK065C,UK,,2017,unemployed_total,"Persons unemployed, total"
A,EC1010V,UK065C,2018,7000.0,,,UK065C,UK,,2018,unemployed_total,"Persons unemployed, total"
A,EC1010V,UK066C,2015,12700.0,,,UK066C,UK,,2015,unemployed_total,"Persons unemployed, total"
A,EC1010V,UK066C,2016,9800.0,,,UK066C,UK,,2016,unemployed_total,"Persons unemployed, total"
A,EC1010V,UK066C,2017,8500.0,,,UK066C,UK,,2017,unemployed_total,"Persons unemployed, total"
A,EC1010V,UK066C,2018,5600.0,,,UK066C,UK,,2018,unemployed_total,"Persons unemployed, total"
A,EC1010V,UK067C,2015,7600.0,,,UK067C,UK,,2015,unemployed_total,"Persons unemployed, total"
A,EC1010V,UK067C,2016,9300.0,,,UK067C,UK,,2016,unemployed_total,"Persons unemployed, total"
A,EC1010V,UK067C,2017,6100.0,,,UK067C,UK,,2017,unemployed_total,"Persons unemployed, total"
A,EC1010V,UK067C,2018,6800.0,,,UK067C,UK,,2018,unemployed_total,"Persons unemployed, total"
A,EC1010V,UK068C,2015,9800.0,,,UK068C,UK,,2015,unemployed_total,"Persons unemployed, total"
A,EC1010V,UK068C,2016,10000.0,,,UK068C,UK,,2016,unemployed_total,"Persons unemployed, total"
A,EC1010V,UK068C,2017,10200.0,,,UK068C,UK,,2017,unemployed_total,"Persons unemployed, total"
A,EC1010V,UK068C,2018,12400.0,,,UK068C,UK,,2018,unemployed_total,"Persons unemployed, total"
A,EC1010V,UK069C,2015,8500.0,,,UK069C,UK,,2015,unemployed_total,"Persons unemployed, total"
A,EC1010V,UK069C,2016,6700.0,,,UK069C,UK,,2016,unemployed_total,"Persons unemployed, total"
A,EC1010V,UK069C,2017,7500.0,,,UK069C,UK,,2017,unemployed_total,"Persons unemployed, total"
A,EC1010V,UK069C,2018,6300.0,,,UK069C,UK,,2018,unemployed_total,"Persons unemployed, total"
A,EC1010V,UK070C,2015,9600.0,,,UK070C,UK,,2015,unemployed_total,"Persons unemployed, total"
A,EC1010V,UK070C,2016,7300.0,,,UK070C,UK,,2016,unemployed_total,"Persons unemployed, total"
A,EC1010V,UK070C,2017,5200.0,,,UK070C,UK,,2017,unemployed_total,"Persons unemployed, total"
A,EC1010V,UK070C,2018,7000.0,,,UK070C,UK,,2018,unemployed_total,"Persons unemployed, total"
A,EC1010V,UK071C,2015,9800.0,,,UK071C,UK,,2015,unemployed_total,"Persons unemployed, total"
A,EC1010V,UK071C,2016,5000.0,,,UK071C,UK,,2016,unemployed_total,"Persons unemployed, total"
A,EC1010V,UK071C,2017,5200.0,,,UK071C,UK,,2017,unemployed_total,"Persons unemployed, total"
A,EC1010V,UK071C,2018,5200.0,,,UK071C,UK,,2018,unemployed_total,"Persons unemployed, total"
A,EC1010V,UK072C,2015,7500.0,,,UK072C,UK,,2015,unemployed_total,"Persons unemployed, total"
A,EC1010V,UK072C,2016,6300.0,,,UK072C,UK,,2016,unemployed_total,"Persons unemployed, total"
A,EC1010V,UK072C,2017,6400.0,,,UK072C,UK,,2017,unemployed_total,"Persons unemployed, total"
A,EC1010V,UK072C,2018,6800.0,,,UK072C,UK,,2018,unemployed_total,"Persons unemployed, total"
A,EC1010V,UK073C,2015,8100.0,,,UK073C,UK,,2015,unemployed_total,"Persons unemployed, total"
A,EC1010V,UK073C,2016,7000.0,,,UK073C,UK,,2016,unemployed_total,"Persons unemployed, total"
A,EC1010V,UK073C,2017,5100.0,,,UK073C,UK,,2017,unemployed_total,"Persons unemployed, total"
A,EC1010V,UK073C,2018,8500.0,,,UK073C,UK,,2018,unemployed_total,"Persons unemployed, total"
A,EC1010V,UK074C,2015,8300.0,,,UK074C,UK,,2015,unemployed_total,"Persons unemployed, total"
A,EC1010V,UK074C,2016,7600.0,,,UK074C,UK,,2016,unemployed_total,"Persons unemployed, total"
A,EC1010V,UK074C,2017,6100.0,,,UK074C,UK,,2017,unemployed_total,"Persons unemployed, total"
A,EC1010V,UK074C,2018,5300.0,,,UK074C,UK,,2018,unemployed_total,"Persons unemployed, total"
A,EC1010V,UK075C,2015,10400.0,,,UK075C,UK,,2015,unemployed_total,"Persons unemployed, total"
A,EC1010V,UK075C,2016,10700.0,,,UK075C,UK,,2016,unemployed_total,"Persons unemployed, total"
A,EC1010V,UK075C,2017,5600.0,,,UK075C,UK,,2017,unemployed_total,"Persons unemployed, total"
A,EC1010V,UK075C,2018,7700.0,,,UK075C,UK,,2018,unemployed_total,"Persons unemployed, total"
A,EC1010V,UK076C,2015,5400.0,,,UK076C,UK,,2015,unemployed_total,"Persons unemployed, total"
A,EC1010V,UK076C,2016,7000.0,,,UK076C,UK,,2016,unemployed_total,"Persons unemployed, total"
A,EC1010V,UK076C,2017,5400.0,,,UK076C,UK,,2017,unemployed_total,"Persons unemployed, total"
A,EC1010V,UK076C,2018,5900.0,,,UK076C,UK,,2018,unemployed_total,"Persons unemployed, total"
A,EC1010V,UK077C,2015,5900.0,,,UK077C,UK,,2015,unemployed_total,"Persons unemployed, total"
A,EC1010V,UK077C,2016,3300.0,,,UK077C,UK,,2016,unemployed_total,"Persons unemployed, total"
A,EC1010V,UK077C,2017,5400.0,,,UK077C,UK,,2017,unemployed_total,"Persons unemployed, total"
A,EC1010V,UK077C,2018,4800.0,,,UK077C,UK,,2018,unemployed_total,"Persons unemployed, total"
A,EC1010V,UK078C,2015,6800.0,,,UK078C,UK,,2015,unemployed_total,"Persons unemployed, total"
A,EC1010V,UK078C,2016,2600.0,,,UK078C,UK,,2016,unemployed_total,"Persons unemployed, total"
A,EC1010V,UK078C,2017,6900.0,,,UK078C,UK,,2017,unemployed_total,"Persons unemployed, total"
A,EC1010V,UK078C,2018,6700.0,,,UK078C,UK,,2018,unemployed_total,"Persons unemployed, total"
A,EC1010V,UK079C,2015,7200.0,,,UK079C,UK,,2015,unemployed_total,"Persons unemployed, total"
A,EC1010V,UK079C,2016,7300.0,,,UK079C,UK,,2016,unemployed_total,"Persons unemployed, total"
A,EC1010V,UK079C,2017,6200.0,,,UK079C,UK,,2017,unemployed_total,"Persons unemployed, total"
A,EC1010V,UK079C,2018,5400.0,,,UK079C,UK,,2018,unemployed_total,"Persons unemployed, total"
A,EC1010V,UK080C,2015,4300.0,,,UK080C,UK,,2015,unemployed_total,"Persons unemployed, total"
A,EC1010V,UK080C,2016,6500.0,,,UK080C,UK,,2016,unemployed_total,"Persons unemployed, total"
A,EC1010V,UK080C,2017,3400.0,,,UK080C,UK,,2017,unemployed_total,"Persons unemployed, total"
A,EC1010V,UK080C,2018,4500.0,,,UK080C,UK,,2018,unemployed_total,"Persons unemployed, total"
A,EC1010V,UK081C,2015,2000.0,,,UK081C,UK,,2015,unemployed_total,"Persons unemployed, total"
A,EC1010V,UK081C,2016,4500.0,,,UK081C,UK,,2016,unemployed_total,"Persons unemployed, total"
A,EC1010V,UK081C,2017,7400.0,,,UK081C,UK,,2017,unemployed_total,"Persons unemployed, total"
A,EC1010V,UK081C,2018,7500.0,,,UK081C,UK,,2018,unemployed_total,"Persons unemployed, total"
A,EC1010V,UK082C,2015,6000.0,,,UK082C,UK,,2015,unemployed_total,"Persons unemployed, total"
A,EC1010V,UK082C,2016,5400.0,,,UK082C,UK,,2016,unemployed_total,"Persons unemployed, total"
A,EC1010V,UK082C,2017,6500.0,,,UK082C,UK,,2017,unemployed_total,"Persons unemployed, total"
A,EC1010V,UK082C,2018,4300.0,,,UK082C,UK,,2018,unemployed_total,"Persons unemployed, total"
A,EC1010V,UK083C,2015,6600.0,,,UK083C,UK,,2015,unemployed_total,"Persons unemployed, total"
A,EC1010V,UK083C,2016,6600.0,,,UK083C,UK,,2016,unemployed_total,"Persons unemployed, total"
A,EC1010V,UK083C,2017,5600.0,,,UK083C,UK,,2017,unemployed_total,"Persons unemployed, total"
A,EC1010V,UK083C,2018,4500.0,,,UK083C,UK,,2018,unemployed_total,"Persons unemployed, total"
A,EC1010V,UK084C,2015,4600.0,,,UK084C,UK,,2015,unemployed_total,"Persons unemployed, total"
A,EC1010V,UK084C,2016,3400.0,,,UK084C,UK,,2016,unemployed_total,"Persons unemployed, total"
A,EC1010V,UK084C,2017,3600.0,,,UK084C,UK,,2017,unemployed_total,"Persons unemployed, total"
A,EC1010V,UK084C,2018,3900.0,,,UK084C,UK,,2018,unemployed_total,"Persons unemployed, total"
A,EC1010V,UK085C,2015,6200.0,,,UK085C,UK,,2015,unemployed_total,"Persons unemployed, total"
A,EC1010V,UK085C,2016,6500.0,,,UK085C,UK,,2016,unemployed_total,"Persons unemployed, total"
A,EC1010V,UK085C,2017,6600.0,,,UK085C,UK,,2017,unemployed_total,"Persons unemployed, total"
A,EC1010V,UK085C,2018,5200.0,,,UK085C,UK,,2018,unemployed_total,"Persons unemployed, total"
A,EC1010V,UK086C,2015,4800.0,,,UK086C,UK,,2015,unemployed_total,"Persons unemployed, total"
A,EC1010V,UK086C,2016,4400.0,,,UK086C,UK,,2016,unemployed_total,"Persons unemployed, total"
A,EC1010V,UK086C,2017,3100.0,,,UK086C,UK,,2017,unemployed_total,"Persons unemployed, total"
A,EC1010V,UK086C,2018,2600.0,,,UK086C,UK,,2018,unemployed_total,"Persons unemployed, total"
A,EC1010V,UK087C,2015,5100.0,,,UK087C,UK,,2015,unemployed_total,"Persons unemployed, total"
A,EC1010V,UK087C,2016,4500.0,,,UK087C,UK,,2016,unemployed_total,"Persons unemployed, total"
A,EC1010V,UK087C,2017,3600.0,,,UK087C,UK,,2017,unemployed_total,"Persons unemployed, total"
A,EC1010V,UK087C,2018,3700.0,,,UK087C,UK,,2018,unemployed_total,"Persons unemployed, total"
A,EC1010V,UK088C,2015,5000.0,,,UK088C,UK,,2015,unemployed_total,"Persons unemployed, total"
A,EC1010V,UK088C,2016,4700.0,,,UK088C,UK,,2016,unemployed_total,"Persons unemployed, total"
A,EC1010V,UK088C,2017,6400.0,,,UK088C,UK,,2017,unemployed_total,"Persons unemployed, total"
A,EC1010V,UK088C,2018,4800.0,,,UK088C,UK,,2018,unemployed_total,"Persons unemployed, total"
A,EC1010V,UK089C,2015,6500.0,,,UK089C,UK,,2015,unemployed_total,"Persons unemployed, total"
A,EC1010V,UK089C,2016,4400.0,,,UK089C,UK,,2016,unemployed_total,"Persons unemployed, total"
A,EC1010V,UK089C,2017,4600.0,,,UK089C,UK,,2017,unemployed_total,"Persons unemployed, total"
A,EC1010V,UK089C,2018,6300.0,,,UK089C,UK,,2018,unemployed_total,"Persons unemployed, total"
A,EC1010V,UK090C,2015,5900.0,,,UK090C,UK,,2015,unemployed_total,"Persons unemployed, total"
A,EC1010V,UK090C,2016,3900.0,,,UK090C,UK,,2016,unemployed_total,"Persons unemployed, total"
A,EC1010V,UK090C,2017,3300.0,,,UK090C,UK,,2017,unemployed_total,"Persons unemployed, total"
A,EC1010V,UK090C,2018,3300.0,,,UK090C,UK,,2018,unemployed_total,"Persons unemployed, total"
A,EC1010V,UK091C,2015,5800.0,,,UK091C,UK,,2015,unemployed_total,"Persons unemployed, total"
A,EC1010V,UK091C,2016,5400.0,,,UK091C,UK,,2016,unemployed_total,"Persons unemployed, total"
A,EC1010V,UK091C,2017,2600.0,,,UK091C,UK,,2017,unemployed_total,"Persons unemployed, total"
A,EC1010V,UK091C,2018,1700.0,,,UK091C,UK,,2018,unemployed_total,"Persons unemployed, total"
A,EC1010V,UK092C,2015,3000.0,,,UK092C,UK,,2015,unemployed_total,"Persons unemployed, total"
A,EC1010V,UK092C,2016,3600.0,,,UK092C,UK,,2016,unemployed_total,"Persons unemployed, total"
A,EC1010V,UK092C,2017,4500.0,,,UK092C,UK,,2017,unemployed_total,"Persons unemployed, total"
A,EC1010V,UK092C,2018,3100.0,,,UK092C,UK,,2018,unemployed_total,"Persons unemployed, total"
A,EC1010V,UK093C,2015,5300.0,,,UK093C,UK,,2015,unemployed_total,"Persons unemployed, total"
A,EC1010V,UK093C,2016,5000.0,,,UK093C,UK,,2016,unemployed_total,"Persons unemployed, total"
A,EC1010V,UK093C,2017,3900.0,,,UK093C,UK,,2017,unemployed_total,"Persons unemployed, total"
A,EC1010V,UK093C,2018,2000.0,,,UK093C,UK,,2018,unemployed_total,"Persons unemployed, total"
A,EC1010V,UK094C,2015,4900.0,,,UK094C,UK,,2015,unemployed_total,"Persons unemployed, total"
A,EC1010V,UK094C,2016,4100.0,,,UK094C,UK,,2016,unemployed_total,"Persons unemployed, total"
A,EC1010V,UK094C,2017,4100.0,,,UK094C,UK,,2017,unemployed_total,"Persons unemployed, total"
A,EC1010V,UK094C,2018,3300.0,,,UK094C,UK,,2018,unemployed_total,"Persons unemployed, total"
A,EC1010V,UK095C,2015,6500.0,,,UK095C,UK,,2015,unemployed_total,"Persons unemployed, total"
A,EC1010V,UK095C,2016,4900.0,,,UK095C,UK,,2016,unemployed_total,"Persons unemployed, total"
A,EC1010V,UK095C,2017,3900.0,,,UK095C,UK,,2017,unemployed_total,"Persons unemployed, total"
A,EC1010V,UK095C,2018,5000.0,,,UK095C,UK,,2018,unemployed_total,"Persons unemployed, total"
A,EC1010V,UK096C,2015,3100.0,,,UK096C,UK,,2015,unemployed_total,"Persons unemployed, total"
A,EC1010V,UK096C,2016,3300.0,,,UK096C,UK,,2016,unemployed_total,"Persons unemployed, total"
A,EC1010V,UK096C,2017,4200.0,,,UK096C,UK,,2017,unemployed_total,"Persons unemployed, total"
A,EC1010V,UK096C,2018,5200.0,,,UK096C,UK,,2018,unemployed_total,"Persons unemployed, total"
A,EC1010V,UK097C,2015,5200.0,,,UK097C,UK,,2015,unemployed_total,"Persons unemployed, total"
A,EC1010V,UK097C,2016,5800.0,,,UK097C,UK,,2016,unemployed_total,"Persons unemployed, total"
A,EC1010V,UK097C,2017,5900.0,,,UK097C,UK,,2017,unemployed_total,"Persons unemployed, total"
A,EC1010V,UK097C,2018,5700.0,,,UK097C,UK,,2018,unemployed_total,"Persons unemployed, total"
A,EC1010V,UK098C,2015,1900.0,,,UK098C,UK,,2015,unemployed_total,"Persons unemployed, total"
A,EC1010V,UK098C,2016,3600.0,,,UK098C,UK,,2016,unemployed_total,"Persons unemployed, total"
A,EC1010V,UK098C,2017,5000.0,,,UK098C,UK,,2017,unemployed_total,"Persons unemployed, total"
A,EC1010V,UK098C,2018,2500.0,,,UK098C,UK,,2018,unemployed_total,"Persons unemployed, total"
A,EC1010V,UK099C,2015,6400.0,,,UK099C,UK,,2015,unemployed_total,"Persons unemployed, total"
A,EC1010V,UK099C,2016,6000.0,,,UK099C,UK,,2016,unemployed_total,"Persons unemployed, total"
A,EC1010V,UK099C,2017,5900.0,,,UK099C,UK,,2017,unemployed_total,"Persons unemployed, total"
A,EC1010V,UK099C,2018,5100.0,,,UK099C,UK,,2018,unemployed_total,"Persons unemployed, total"
A,EC1010V,UK100C,2015,3900.0,,,UK100C,UK,,2015,unemployed_total,"Persons unemployed, total"
A,EC1010V,UK100C,2016,1800.0,,,UK100C,UK,,2016,unemployed_total,"Persons unemployed, total"
A,EC1010V,UK100C,2017,2700.0,,,UK100C,UK,,2017,unemployed_total,"Persons unemployed, total"
A,EC1010V,UK101C,2015,4900.0,,,UK101C,UK,,2015,unemployed_total,"Persons unemployed, total"
A,EC1010V,UK101C,2016,3100.0,,,UK101C,UK,,2016,unemployed_total,"Persons unemployed, total"
A,EC1010V,UK101C,2017,2400.0,,,UK101C,UK,,2017,unemployed_total,"Persons unemployed, total"
A,EC1010V,UK101C,2018,2700.0,,,UK101C,UK,,2018,unemployed_total,"Persons unemployed, total"
A,EC1010V,UK102C,2015,6200.0,,,UK102C,UK,,2015,unemployed_total,"Persons unemployed, total"
A,EC1010V,UK102C,2016,5000.0,,,UK102C,UK,,2016,unemployed_total,"Persons unemployed, total"
A,EC1010V,UK102C,2017,2300.0,,,UK102C,UK,,2017,unemployed_total,"Persons unemployed, total"
A,EC1010V,UK102C,2018,4600.0,,,UK102C,UK,,2018,unemployed_total,"Persons unemployed, total"
A,EC1010V,UK103C,2015,5000.0,,,UK103C,UK,,2015,unemployed_total,"Persons unemployed, total"
A,EC1010V,UK103C,2016,3500.0,,,UK103C,UK,,2016,unemployed_total,"Persons unemployed, total"
A,EC1010V,UK103C,2017,4000.0,,,UK103C,UK,,2017,unemployed_total,"Persons unemployed, total"
A,EC1010V,UK103C,2018,2100.0,,,UK103C,UK,,2018,unemployed_total,"Persons unemployed, total"
A,EC1010V,UK104C,2015,4500.0,,,UK104C,UK,,2015,unemployed_total,"Persons unemployed, total"
A,EC1010V,UK104C,2016,3700.0,,,UK104C,UK,,2016,unemployed_total,"Persons unemployed, total"
A,EC1010V,UK104C,2017,2300.0,,,UK104C,UK,,2017,unemployed_total,"Persons unemployed, total"
A,EC1010V,UK104C,2018,3900.0,,,UK104C,UK,,2018,unemployed_total,"Persons unemployed, total"
A,EC1010V,UK105C,2015,4500.0,,,UK105C,UK,,2015,unemployed_total,"Persons unemployed, total"
A,EC1010V,UK105C,2016,3800.0,,,UK105C,UK,,2016,unemployed_total,"Persons unemployed, total"
A,EC1010V,UK105C,2017,4400.0,,,UK105C,UK,,2017,unemployed_total,"Persons unemployed, total"
A,EC1010V,UK105C,2018,4800.0,,,UK105C,UK,,2018,unemployed_total,"Persons unemployed, total"
A,EC1010V,UK106C,2015,4200.0,,,UK106C,UK,,2015,unemployed_total,"Persons unemployed, total"
A,EC1010V,UK106C,2016,5500.0,,,UK106C,UK,,2016,unemployed_total,"Persons unemployed, total"
A,EC1010V,UK106C,2017,2600.0,,,UK106C,UK,,2017,unemployed_total,"Persons unemployed, total"
A,EC1010V,UK106C,2018,2100.0,,,UK106C,UK,,2018,unemployed_total,"Persons unemployed, total"
A,EC1010V,UK107C,2015,1700.0,,,UK107C,UK,,2015,unemployed_total,"Persons unemployed, total"
A,EC1010V,UK107C,2016,1900.0,,,UK107C,UK,,2016,unemployed_total,"Persons unemployed, total"
A,EC1010V,UK107C,2017,2500.0,,,UK107C,UK,,2017,unemployed_total,"Persons unemployed, total"
A,EC1010V,UK107C,2018,2700.0,,,UK107C,UK,,2018,unemployed_total,"Persons unemployed, total"
A,EC1010V,UK108C,2015,4800.0,,,UK108C,UK,,2015,unemployed_total,"Persons unemployed, total"
A,EC1010V,UK108C,2016,3500.0,,,UK108C,UK,,2016,unemployed_total,"Persons unemployed, total"
A,EC1010V,UK108C,2017,3900.0,,,UK108C,UK,,2017,unemployed_total,"Persons unemployed, total"
A,EC1010V,UK108C,2018,3500.0,,,UK108C,UK,,2018,unemployed_total,"Persons unemployed, total"
A,EC1010V,UK109C,2015,4600.0,,,UK109C,UK,,2015,unemployed_total,"Persons unemployed, total"
A,EC1010V,UK109C,2016,2700.0,,,UK109C,UK,,2016,unemployed_total,"Persons unemployed, total"
A,EC1010V,UK109C,2017,3800.0,,,UK109C,UK,,2017,unemployed_total,"Persons unemployed, total"
A,EC1010V,UK109C,2018,3100.0,,,UK109C,UK,,2018,unemployed_total,"Persons unemployed, total"
A,EC1010V,UK110C,2015,7800.0,,,UK110C,UK,,2015,unemployed_total,"Persons unemployed, total"
A,EC1010V,UK110C,2016,4300.0,,,UK110C,UK,,2016,unemployed_total,"Persons unemployed, total"
A,EC1010V,UK110C,2017,4600.0,,,UK110C,UK,,2017,unemployed_total,"Persons unemployed, total"
A,EC1010V,UK110C,2018,5400.0,,,UK110C,UK,,2018,unemployed_total,"Persons unemployed, total"
A,EC1010V,UK111C,2015,6000.0,,,UK111C,UK,,2015,unemployed_total,"Persons unemployed, total"
A,EC1010V,UK111C,2016,4500.0,,,UK111C,UK,,2016,unemployed_total,"Persons unemployed, total"
A,EC1010V,UK111C,2017,4000.0,,,UK111C,UK,,2017,unemployed_total,"Persons unemployed, total"
A,EC1010V,UK112C,2015,3200.0,,,UK112C,UK,,2015,unemployed_total,"Persons unemployed, total"
A,EC1010V,UK112C,2016,3400.0,,,UK112C,UK,,2016,unemployed_total,"Persons unemployed, total"
A,EC1010V,UK112C,2017,2500.0,,,UK112C,UK,,2017,unemployed_total,"Persons unemployed, total"
A,EC1010V,UK112C,2018,3000.0,,,UK112C,UK,,2018,unemployed_total,"Persons unemployed, total"
A,EC1010V,UK113C,2015,3400.0,,,UK113C,UK,,2015,unemployed_total,"Persons unemployed, total"
A,EC1010V,UK113C,2016,4200.0,,,UK113C,UK,,2016,unemployed_total,"Persons unemployed, total"
A,EC1010V,UK113C,2017,2300.0,,,UK113C,UK,,2017,unemployed_total,"Persons unemployed, total"
A,EC1010V,UK113C,2018,3300.0,,,UK113C,UK,,2018,unemployed_total,"Persons unemployed, total"
A,EC1010V,UK114C,2015,1400.0,,,UK114C,UK,,2015,unemployed_total,"Persons unemployed, total"
A,EC1010V,UK114C,2016,1700.0,,,UK114C,UK,,2016,unemployed_total,"Persons unemployed, total"
A,EC1010V,UK114C,2017,2200.0,,,UK114C,UK,,2017,unemployed_total,"Persons unemployed, total"
A,EC1010V,UK114C,2018,2900.0,,,UK114C,UK,,2018,unemployed_total,"Persons unemployed, total"
A,EC1010V,UK115C,2015,1700.0,,,UK115C,UK,,2015,unemployed_total,"Persons unemployed, total"
A,EC1010V,UK115C,2016,1700.0,,,UK115C,UK,,2016,unemployed_total,"Persons unemployed, total"
A,EC1010V,UK115C,2017,1500.0,,,UK115C,UK,,2017,unemployed_total,"Persons unemployed, total"
A,EC1010V,UK115C,2018,2200.0,,,UK115C,UK,,2018,unemployed_total,"Persons unemployed, total"
A,EC1010V,UK116C,2015,1500.0,,,UK116C,UK,,2015,unemployed_total,"Persons unemployed, total"
A,EC1010V,UK116C,2016,2300.0,,,UK116C,UK,,2016,unemployed_total,"Persons unemployed, total"
A,EC1010V,UK116C,2017,2500.0,,,UK116C,UK,,2017,unemployed_total,"Persons unemployed, total"
A,EC1010V,UK117C,2015,2400.0,,,UK117C,UK,,2015,unemployed_total,"Persons unemployed, total"
A,EC1010V,UK117C,2016,4900.0,,,UK117C,UK,,2016,unemployed_total,"Persons unemployed, total"
A,EC1010V,UK117C,2017,5800.0,,,UK117C,UK,,2017,unemployed_total,"Persons unemployed, total"
A,EC1010V,UK117C,2018,3200.0,,,UK117C,UK,,2018,unemployed_total,"Persons unemployed, total"
A,EC1010V,UK118C,2015,3400.0,,,UK118C,UK,,2015,unemployed_total,"Persons unemployed, total"
A,EC1010V,UK118C,2016,3500.0,,,UK118C,UK,,2016,unemployed_total,"Persons unemployed, total"
A,EC1010V,UK118C,2017,3300.0,,,UK118C,UK,,2017,unemployed_total,"Persons unemployed, total"
A,EC1010V,UK118C,2018,3200.0,,,UK118C,UK,,2018,unemployed_total,"Persons unemployed, total"
A,EC1010V,UK119C,2015,6800.0,,,UK119C,UK,,2015,unemployed_total,"Persons unemployed, total"
A,EC1010V,UK119C,2016,5000.0,,,UK119C,UK,,2016,unemployed_total,"Persons unemployed, total"
A,EC1010V,UK119C,2017,9600.0,,,UK119C,UK,,2017,unemployed_total,"Persons unemployed, total"
A,EC1010V,UK119C,2018,6100.0,,,UK119C,UK,,2018,unemployed_total,"Persons unemployed, total"
A,EC1010V,UK120C,2015,4300.0,,,UK120C,UK,,2015,unemployed_total,"Persons unemployed, total"
A,EC1010V,UK120C,2016,2700.0,,,UK120C,UK,,2016,unemployed_total,"Persons unemployed, total"
A,EC1010V,UK120C,2017,3000.0,,,UK120C,UK,,2017,unemployed_total,"Persons unemployed, total"
A,EC1010V,UK120C,2018,1900.0,,,UK120C,UK,,2018,unemployed_total,"Persons unemployed, total"
A,EC1010V,UK121C,2015,1100.0,,,UK121C,UK,,2015,unemployed_total,"Persons unemployed, total"
A,EC1010V,UK121C,2016,2300.0,,,UK121C,UK,,2016,unemployed_total,"Persons unemployed, total"
A,EC1010V,UK121C,2017,1200.0,,,UK121C,UK,,2017,unemployed_total,"Persons unemployed, total"
A,EC1010V,UK121C,2018,1100.0,,,UK121C,UK,,2018,unemployed_total,"Persons unemployed, total"
A,EC1010V,UK122C,2015,4700.0,,,UK122C,UK,,2015,unemployed_total,"Persons unemployed, total"
A,EC1010V,UK122C,2016,4000.0,,,UK122C,UK,,2016,unemployed_total,"Persons unemployed, total"
A,EC1010V,UK122C,2017,3200.0,,,UK122C,UK,,2017,unemployed_total,"Persons unemployed, total"
A,EC1010V,UK122C,2018,1100.0,,,UK122C,UK,,2018,unemployed_total,"Persons unemployed, total"
A,EC1010V,UK123C,2015,1600.0,,,UK123C,UK,,2015,unemployed_total,"Persons unemployed, total"
A,EC1010V,UK123C,2016,1600.0,,,UK123C,UK,,2016,unemployed_total,"Persons unemployed, total"
A,EC1010V,UK123C,2017,2500.0,,,UK123C,UK,,2017,unemployed_total,"Persons unemployed, total"
A,EC1010V,UK123C,2018,1200.0,,,UK123C,UK,,2018,unemployed_total,"Persons unemployed, total"
A,EC1010V,UK124C,2016,3900.0,,,UK124C,UK,,2016,unemployed_total,"Persons unemployed, total"
A,EC1010V,UK124C,2017,2400.0,,,UK124C,UK,,2017,unemployed_total,"Persons unemployed, total"
A,EC1010V,UK125C,2015,2100.0,,,UK125C,UK,,2015,unemployed_total,"Persons unemployed, total"
A,EC1010V,UK125C,2017,2400.0,,,UK125C,UK,,2017,unemployed_total,"Persons unemployed, total"
A,EC1010V,UK125C,2018,5500.0,,,UK125C,UK,,2018,unemployed_total,"Persons unemployed, total"
A,EC1010V,UK126C,2015,1900.0,,,UK126C,UK,,2015,unemployed_total,"Persons unemployed, total"
A,EC1010V,UK126C,2016,1900.0,,,UK126C,UK,,2016,unemployed_total,"Persons unemployed, total"
A,EC1010V,UK127C,2015,2600.0,,,UK127C,UK,,2015,unemployed_total,"Persons unemployed, total"
A,EC1010V,UK127C,2016,3700.0,,,UK127C,UK,,2016,unemployed_total,"Persons unemployed, total"
A,EC1010V,UK127C,2017,1700.0,,,UK127C,UK,,2017,unemployed_total,"Persons unemployed, total"
A,EC1010V,UK128C,2015,1400.0,,,UK128C,UK,,2015,unemployed_total,"Persons unemployed, total"
A,EC1010V,UK128C,2016,3000.0,,,UK128C,UK,,2016,unemployed_total,"Persons unemployed, total"
A,EC1010V,UK128C,2017,3700.0,,,UK128C,UK,,2017,unemployed_total,"Persons unemployed, total"
A,EC1010V,UK128C,2018,2200.0,,,UK128C,UK,,2018,unemployed_total,"Persons unemployed, total"
A,EC1010V,UK129C,2015,2100.0,,,UK129C,UK,,2015,unemployed_total,"Persons unemployed, total"
A,EC1010V,UK129C,2016,2000.0,,,UK129C,UK,,2016,unemployed_total,"Persons unemployed, total"
A,EC1010V,UK129C,2018,1800.0,,,UK129C,UK,,2018,unemployed_total,"Persons unemployed, total"
A,EC1010V,UK130C,2015,1400.0,,,UK130C,UK,,2015,unemployed_total,"Persons unemployed, total"
A,EC1010V,UK130C,2016,1400.0,,,UK130C,UK,,2016,unemployed_total,"Persons unemployed, total"
A,EC1010V,UK130C,2018,2000.0,,,UK130C,UK,,2018,unemployed_total,"Persons unemployed, total"
A,EC1010V,UK131C,2015,3100.0,,,UK131C,UK,,2015,unemployed_total,"Persons unemployed, total"
A,EC1010V,UK131C,2016,1700.0,,,UK131C,UK,,2016,unemployed_total,"Persons unemployed, total"
A,EC1010V,UK131C,2018,1600.0,,,UK131C,UK,,2018,unemployed_total,"Persons unemployed, total"
A,EC1010V,UK132C,2015,3100.0,,,UK132C,UK,,2015,unemployed_total,"Persons unemployed, total"
A,EC1010V,UK132C,2016,2500.0,,,UK132C,UK,,2016,unemployed_total,"Persons unemployed, total"
A,EC1010V,UK132C,2017,1600.0,,,UK132C,UK,,2017,unemployed_total,"Persons unemployed, total"
A,EC1010V,UK132C,2018,2600.0,,,UK132C,UK,,2018,unemployed_total,"Persons unemployed, total"
A,EC1010V,UK133C,2016,2100.0,,,UK133C,UK,,2016,unemployed_total,"Persons unemployed, total"
A,EC1010V,UK133C,2017,2200.0,,,UK133C,UK,,2017,unemployed_total,"Persons unemployed, total"
A,EC1010V,UK133C,2018,1800.0,,,UK133C,UK,,2018,unemployed_total,"Persons unemployed, total"
A,EC1010V,UK134C,2016,4000.0,,,UK134C,UK,,2016,unemployed_total,"Persons unemployed, total"
A,EC1010V,UK134C,2017,4000.0,,,UK134C,UK,,2017,unemployed_total,"Persons unemployed, total"
A,EC1010V,UK134C,2018,4800.0,,,UK134C,UK,,2018,unemployed_total,"Persons unemployed, total"
