freq,indic_ur,location_code,time_period,obs_value,obs_flag,conf_status,city_name,country_code,country_name,year,indicator,indicator_desc
A,TT1057I,BE,2015,499.5,,,BE,BE,,2015,cars_per_1000,Number of registered cars per 1000 population
A,TT1057I,BE,2016,505.17,,,BE,BE,,2016,cars_per_1000,Number of registered cars per 1000 population
A,TT1057I,BE,2017,509.65,,,BE,BE,,2017,cars_per_1000,Number of registered cars per 1000 population
A,TT1057I,BE,2018,513.55,,,BE,BE,,2018,cars_per_1000,Number of registered cars per 1000 population
A,TT1057I,BE,2019,515.37,,,BE,BE,,2019,cars_per_1000,Number of registered cars per 1000 population
A,TT1057I,BE,2020,511.05,,,BE,BE,,2020,cars_per_1000,Number of registered cars per 1000 population
A,TT1057I,BE,2021,513.03,,,BE,BE,,2021,cars_per_1000,Number of registered cars per 1000 population
A,TT1057I,BE,2022,511.94,,,BE,BE,,2022,cars_per_1000,Number of registered cars per 1000 population
A,TT1057I,BE,2023,513.57,,,BE,BE,,2023,cars_per_1000,Number of registered cars per 1000 population
A,TT1057I,BE001C,2015,430.01,,,BE001C,BE,,2015,cars_per_1000,Number of registered cars per 1000 population
A,TT1057I,BE001C,2016,405.35,,,BE001C,BE,,2016,cars_per_1000,Number of registered cars per 1000 population
A,TT1057I,BE001C,2017,411.25,,,BE001C,BE,,2017,cars_per_1000,Number of registered cars per 1000 population
A,TT1057I,BE001C,2018,408.37,,,BE001C,BE,,2018,cars_per_1000,Number of registered cars per 1000 population
A,TT1057I,BE001C,2019,402.29,,,BE001C,BE,,2019,cars_per_1000,Number of registered cars per 1000 population
A,TT1057I,BE001C,2020,402.54,,,BE001C,BE,,2020,cars_per_1000,Number of registered cars per 1000 population
A,TT1057I,BE001C,2021,402.82,,,BE001C,BE,,2021,cars_per_1000,Number of registered cars per 1000 population
A,TT1057I,BE001C,2022,397.77,,,BE001C,BE,,2022,cars_per_1000,Number of registered cars per 1000 population
A,TT1057I,BE001C,2023,398.24,,,BE001C,BE,,2023,cars_per_1000,Number of registered cars per 1000 population
A,TT1057I,BE002C,2015,378.9,,,BE002C,BE,,2015,cars_per_1000,Number of registered cars per 1000 population
A,TT1057I,BE002C,2016,383.25,,,BE002C,BE,,2016,cars_per_1000,Number of registered cars per 1000 population
A,TT1057I,BE002C,2017,388.51,,,BE002C,BE,,2017,cars_per_1000,Number of registered cars per 1000 population
A,TT1057I,BE002C,2018,390.84,,,BE002C,BE,,2018,cars_per_1000,Number of registered cars per 1000 population
A,TT1057I,BE002C,2019,387.53,,,BE002C,BE,,2019,cars_per_1000,Number of registered cars per 1000 population
A,TT1057I,BE002C,2020,380.58,,,BE002C,BE,,2020,cars_per_1000,Number of registered cars per 1000 population
A,TT1057I,BE002C,2021,384.45,,,BE002C,BE,,2021,cars_per_1000,Number of registered cars per 1000 population
A,TT1057I,BE002C,2022,384.24,,,BE002C,BE,,2022,cars_per_1000,Number of registered cars per 1000 population
A,TT1057I,BE002C,2023,388.93,,,BE002C,BE,,2023,cars_per_1000,Number of registered cars per 1000 population
A,TT1057I,BE003C,2015,415.26,,,BE003C,BE,,2015,cars_per_1000,Number of registered cars per 1000 population
A,TT1057I,BE003C,2016,415.04,,,BE003C,BE,,2016,cars_per_1000,Number of registered cars per 1000 population
A,TT1057I,BE003C,2017,413.73,,,BE003C,BE,,2017,cars_per_1000,Number of registered cars per 1000 population
A,TT1057I,BE003C,2018,416.78,,,BE003C,BE,,2018,cars_per_1000,Number of registered cars per 1000 population
A,TT1057I,BE003C,2019,417.72,,,BE003C,BE,,2019,cars_per_1000,Number of registered cars per 1000 population
A,TT1057I,BE003C,2020,412.31,,,BE003C,BE,,2020,cars_per_1000,Number of registered cars per 1000 population
A,TT1057I,BE003C,2021,414.38,,,BE003C,BE,,2021,cars_per_1000,Number of registered cars per 1000 population
A,TT1057I,BE003C,2022,410.14,,,BE003C,BE,,2022,cars_per_1000,Number of registered cars per 1000 population
A,TT1057I,BE003C,2023,404.92,,,BE003C,BE,,2023,cars_per_1000,Number of registered cars per 1000 population
A,TT1057I,BE004C,2015,412.26,,,BE004C,BE,,2015,cars_per_1000,Number of registered cars per 1000 population
A,TT1057I,BE004C,2016,416.2,,,BE004C,BE,,2016,cars_per_1000,Number of registered cars per 1000 population
A,TT1057I,BE004C,2017,420.24,,,BE004C,BE,,2017,cars_per_1000,Number of registered cars per 1000 population
A,TT1057I,BE004C,2018,422.97,,,BE004C,BE,,2018,cars_per_1000,Number of registered cars per 1000 population
A,TT1057I,BE004C,2019,422.05,,,BE004C,BE,,2019,cars_per_1000,Number of registered cars per 1000 population
A,TT1057I,BE004C,2020,419.85,,,BE004C,BE,,2020,cars_per_1000,Number of registered cars per 1000 population
A,TT1057I,BE004C,2021,427.55,,,BE004C,BE,,2021,cars_per_1000,Number of registered cars per 1000 population
A,TT1057I,BE004C,2022,430.17,,,BE004C,BE,,2022,cars_per_1000,Number of registered cars per 1000 population
A,TT1057I,BE004C,2023,430.29,,,BE004C,BE,,2023,cars_per_1000,Number of registered cars per 1000 population
A,TT1057I,BE005C,2015,410.47,,,BE005C,BE,,2015,cars_per_1000,Number of registered cars per 1000 population
A,TT1057I,BE005C,2016,415.25,,,BE005C,BE,,2016,cars_per_1000,Number of registered cars per 1000 population
A,TT1057I,BE005C,2017,417.89,,,BE005C,BE,,2017,cars_per_1000,Number of registered cars per 1000 population
A,TT1057I,BE005C,2018,422.38,,,BE005C,BE,,2018,cars_per_1000,Number of registered cars per 1000 population
A,TT1057I,BE005C,2019,422.19,,,BE005C,BE,,2019,cars_per_1000,Number of registered cars per 1000 population
A,TT1057I,BE005C,2020,420.75,,,BE005C,BE,,2020,cars_per_1000,Number of registered cars per 1000 population
A,TT1057I,BE005C,2021,429.76,,,BE005C,BE,,2021,cars_per_1000,Number of registered cars per 1000 population
A,TT1057I,BE005C,2022,428.39,,,BE005C,BE,,2022,cars_per_1000,Number of registered cars per 1000 population
A,TT1057I,BE005C,2023,427.94,,,BE005C,BE,,2023,cars_per_1000,Number of registered cars per 1000 population
A,TT1057I,BE006C,2015,474.2,,,BE006C,BE,,2015,cars_per_1000,Number of registered cars per 1000 population
A,TT1057I,BE006C,2016,478.75,,,BE006C,BE,,2016,cars_per_1000,Number of registered cars per 1000 population
A,TT1057I,BE006C,2017,481.58,,,BE006C,BE,,2017,cars_per_1000,Number of registered cars per 1000 population
A,TT1057I,BE006C,2018,481.32,,,BE006C,BE,,2018,cars_per_1000,Number of registered cars per 1000 population
A,TT1057I,BE006C,2019,481.17,,,BE006C,BE,,2019,cars_per_1000,Number of registered cars per 1000 population
A,TT1057I,BE006C,2020,478.48,,,BE006C,BE,,2020,cars_per_1000,Number of registered cars per 1000 population
A,TT1057I,BE006C,2021,481.27,,,BE006C,BE,,2021,cars_per_1000,Number of registered cars per 1000 population
A,TT1057I,BE006C,2022,479.07,,,BE006C,BE,,2022,cars_per_1000,Number of registered cars per 1000 population
A,TT1057I,BE006C,2023,473.87,,,BE006C,BE,,2023,cars_per_1000,Number of registered cars per 1000 population
A,TT1057I,BE007C,2015,450.2,,,BE007C,BE,,2015,cars_per_1000,Number of registered cars per 1000 population
A,TT1057I,BE007C,2016,459.15,,,BE007C,BE,,2016,cars_per_1000,Number of registered cars per 1000 population
A,TT1057I,BE007C,2017,461.43,,,BE007C,BE,,2017,cars_per_1000,Number of registered cars per 1000 population
A,TT1057I,BE007C,2018,463.65,,,BE007C,BE,,2018,cars_per_1000,Number of registered cars per 1000 population
A,TT1057I,BE007C,2019,466.63,,,BE007C,BE,,2019,cars_per_1000,Number of registered cars per 1000 population
A,TT1057I,BE007C,2020,462.14,,,BE007C,BE,,2020,cars_per_1000,Number of registered cars per 1000 population
A,TT1057I,BE007C,2021,470.28,,,BE007C,BE,,2021,cars_per_1000,Number of registered cars per 1000 population
A,TT1057I,BE007C,2022,467.23,,,BE007C,BE,,2022,cars_per_1000,Number of registered cars per 1000 population
A,TT1057I,BE007C,2023,465.92,,,BE007C,BE,,2023,cars_per_1000,Number of registered cars per 1000 population
A,TT1057I,BE008C,2015,791.58,,,BE008C,BE,,2015,cars_per_1000,Number of registered cars per 1000 population
A,TT1057I,BE008C,2016,799.17,,,BE008C,BE,,2016,cars_per_1000,Number of registered cars per 1000 population
A,TT1057I,BE008C,2017,797.2,,,BE008C,BE,,2017,cars_per_1000,Number of registered cars per 1000 population
A,TT1057I,BE008C,2018,801.32,,,BE008C,BE,,2018,cars_per_1000,Number of registered cars per 1000 population
A,TT1057I,BE008C,2019,826.21,,,BE008C,BE,,2019,cars_per_1000,Number of registered cars per 1000 population
A,TT1057I,BE008C,2020,818.69,,,BE008C,BE,,2020,cars_per_1000,Number of registered cars per 1000 population
A,TT1057I,BE008C,2021,820.69,,,BE008C,BE,,2021,cars_per_1000,Number of registered cars per 1000 population
A,TT1057I,BE008C,2022,820.18,,,BE008C,BE,,2022,cars_per_1000,Number of registered cars per 1000 population
A,TT1057I,BE008C,2023,827.7,,,BE008C,BE,,2023,cars_per_1000,Number of registered cars per 1000 population
A,TT1057I,BE009C,2015,526.68,,,BE009C,BE,,2015,cars_per_1000,Number of registered cars per 1000 population
A,TT1057I,BE009C,2016,540.05,,,BE009C,BE,,2016,cars_per_1000,Number of registered cars per 1000 population
A,TT1057I,BE009C,2017,545.87,,,BE009C,BE,,2017,cars_per_1000,Number of registered cars per 1000 population
A,TT1057I,BE009C,2018,553.27,,,BE009C,BE,,2018,cars_per_1000,Number of registered cars per 1000 population
A,TT1057I,BE009C,2019,552.18,,,BE009C,BE,,2019,cars_per_1000,Number of registered cars per 1000 population
A,TT1057I,BE009C,2020,550.99,,,BE009C,BE,,2020,cars_per_1000,Number of registered cars per 1000 population
A,TT1057I,BE009C,2021,519.06,,,BE009C,BE,,2021,cars_per_1000,Number of registered cars per 1000 population
A,TT1057I,BE009C,2022,517.98,,,BE009C,BE,,2022,cars_per_1000,Number of registered cars per 1000 population
A,TT1057I,BE009C,2023,521.58,,,BE009C,BE,,2023,cars_per_1000,Number of registered cars per 1000 population
A,TT1057I,BE010C,2015,529.49,,,BE010C,BE,,2015,cars_per_1000,Number of registered cars per 1000 population
A,TT1057I,BE010C,2016,540.99,,,BE010C,BE,,2016,cars_per_1000,Number of registered cars per 1000 population
A,TT1057I,BE010C,2017,549.35,,,BE010C,BE,,2017,cars_per_1000,Number of registered cars per 1000 population
A,TT1057I,BE010C,2018,558.71,,,BE010C,BE,,2018,cars_per_1000,Number of registered cars per 1000 population
A,TT1057I,BE010C,2019,560.57,,,BE010C,BE,,2019,cars_per_1000,Number of registered cars per 1000 population
A,TT1057I,BE010C,2020,554.33,,,BE010C,BE,,2020,cars_per_1000,Number of registered cars per 1000 population
A,TT1057I,BE010C,2021,558.15,,,BE010C,BE,,2021,cars_per_1000,Number of registered cars per 1000 population
A,TT1057I,BE010C,2022,562.96,,,BE010C,BE,,2022,cars_per_1000,Number of registered cars per 1000 population
A,TT1057I,BE010C,2023,565.17,,,BE010C,BE,,2023,cars_per_1000,Number of registered cars per 1000 population
A,TT1057I,BE011C,2015,392.44,,,BE011C,BE,,2015,cars_per_1000,Number of registered cars per 1000 population
A,TT1057I,BE011C,2016,397.3,,,BE011C,BE,,2016,cars_per_1000,Number of registered cars per 1000 population
A,TT1057I,BE011C,2017,399.33,,,BE011C,BE,,2017,cars_per_1000,Number of registered cars per 1000 population
A,TT1057I,BE011C,2018,399.77,,,BE011C,BE,,2018,cars_per_1000,Number of registered cars per 1000 population
A,TT1057I,BE011C,2019,398.85,,,BE011C,BE,,2019,cars_per_1000,Number of registered cars per 1000 population
A,TT1057I,BE011C,2020,399.92,,,BE011C,BE,,2020,cars_per_1000,Number of registered cars per 1000 population
A,TT1057I,BE011C,2021,400.29,,,BE011C,BE,,2021,cars_per_1000,Number of registered cars per 1000 population
A,TT1057I,BE011C,2022,398.14,,,BE011C,BE,,2022,cars_per_1000,Number of registered cars per 1000 population
A,TT1057I,BE011C,2023,392.58,,,BE011C,BE,,2023,cars_per_1000,Number of registered cars per 1000 population
A,TT1057I,BE012C,2021,398.31,,,BE012C,BE,,2021,cars_per_1000,Number of registered cars per 1000 population
A,TT1057I,BE012C,2022,393.51,,,BE012C,BE,,2022,cars_per_1000,Number of registered cars per 1000 population
A,TT1057I,BE012C,2023,382.67,,,BE012C,BE,,2023,cars_per_1000,Number of registered cars per 1000 population
A,TT1057I,BE013C,2021,472.85,,,BE013C,BE,,2021,cars_per_1000,Number of registered cars per 1000 population
A,TT1057I,BE013C,2022,469.84,,,BE013C,BE,,2022,cars_per_1000,Number of registered cars per 1000 population
A,TT1057I,BE013C,2023,466.24,,,BE013C,BE,,2023,cars_per_1000,Number of registered cars per 1000 population
A,TT1057I,BE014C,2021,460.24,,,BE014C,BE,,2021,cars_per_1000,Number of registered cars per 1000 population
A,TT1057I,BE014C,2022,461.22,,,BE014C,BE,,2022,cars_per_1000,Number of registered cars per 1000 population
A,TT1057I,BE014C,2023,459.91,,,BE014C,BE,,2023,cars_per_1000,Number of registered cars per 1000 population
A,TT1057I,BE015C,2021,420.81,,,BE015C,BE,,2021,cars_per_1000,Number of registered cars per 1000 population
A,TT1057I,BE015C,2022,419.96,,,BE015C,BE,,2022,cars_per_1000,Number of registered cars per 1000 population
A,TT1057I,BE015C,2023,423.34,,,BE015C,BE,,2023,cars_per_1000,Number of registered cars per 1000 population
A,TT1057I,CH,2015,541.18,,,CH,CH,,2015,cars_per_1000,Number of registered cars per 1000 population
A,TT1057I,CH,2016,543.29,,,CH,CH,,2016,cars_per_1000,Number of registered cars per 1000 population
A,TT1057I,CH001C,2015,422.97,,,CH001C,CH,,2015,cars_per_1000,Number of registered cars per 1000 population
A,TT1057I,CH001C,2016,423.27,,,CH001C,CH,,2016,cars_per_1000,Number of registered cars per 1000 population
A,TT1057I,CH001C,2017,418.11,,,CH001C,CH,,2017,cars_per_1000,Number of registered cars per 1000 population
A,TT1057I,CH001C,2018,416.62,,,CH001C,CH,,2018,cars_per_1000,Number of registered cars per 1000 population
A,TT1057I,CH001C,2019,412.32,,,CH001C,CH,,2019,cars_per_1000,Number of registered cars per 1000 population
A,TT1057I,CH001C,2020,409.51,,,CH001C,CH,,2020,cars_per_1000,Number of registered cars per 1000 population
A,TT1057I,CH001C,2021,406.26,,,CH001C,CH,,2021,cars_per_1000,Number of registered cars per 1000 population
A,TT1057I,CH002C,2015,442.07,,,CH002C,CH,,2015,cars_per_1000,Number of registered cars per 1000 population
A,TT1057I,CH002C,2016,438.91,,,CH002C,CH,,2016,cars_per_1000,Number of registered cars per 1000 population
A,TT1057I,CH002C,2017,433.31,,,CH002C,CH,,2017,cars_per_1000,Number of registered cars per 1000 population
A,TT1057I,CH002C,2018,426.68,,,CH002C,CH,,2018,cars_per_1000,Number of registered cars per 1000 population
A,TT1057I,CH002C,2019,420.83,,,CH002C,CH,,2019,cars_per_1000,Number of registered cars per 1000 population
A,TT1057I,CH002C,2020,414.88,,,CH002C,CH,,2020,cars_per_1000,Number of registered cars per 1000 population
A,TT1057I,CH002C,2021,414.32,,,CH002C,CH,,2021,cars_per_1000,Number of registered cars per 1000 population
A,TT1057I,CH003C,2015,438.59,,,CH003C,CH,,2015,cars_per_1000,Number of registered cars per 1000 population
A,TT1057I,CH003C,2016,432.44,,,CH003C,CH,,2016,cars_per_1000,Number of registered cars per 1000 population
A,TT1057I,CH003C,2017,427.06,,,CH003C,CH,,2017,cars_per_1000,Number of registered cars per 1000 population
A,TT1057I,CH003C,2018,418.66,,,CH003C,CH,,2018,cars_per_1000,Number of registered cars per 1000 population
A,TT1057I,CH003C,2019,411.7,,,CH003C,CH,,2019,cars_per_1000,Number of registered cars per 1000 population
A,TT1057I,CH003C,2020,407.21,,,CH003C,CH,,2020,cars_per_1000,Number of registered cars per 1000 population
A,TT1057I,CH003C,2021,400.36,,,CH003C,CH,,2021,cars_per_1000,Number of registered cars per 1000 population
A,TT1057I,CH004C,2015,404.4,,,CH004C,CH,,2015,cars_per_1000,Number of registered cars per 1000 population
A,TT1057I,CH004C,2016,403.83,,,CH004C,CH,,2016,cars_per_1000,Number of registered cars per 1000 population
A,TT1057I,CH004C,2017,401.91,,,CH004C,CH,,2017,cars_per_1000,Number of registered cars per 1000 population
A,TT1057I,CH004C,2018,400.39,,,CH004C,CH,,2018,cars_per_1000,Number of registered cars per 1000 population
A,TT1057I,CH004C,2019,397.69,,,CH004C,CH,,2019,cars_per_1000,Number of registered cars per 1000 population
A,TT1057I,CH004C,2020,392.86,,,CH004C,CH,,2020,cars_per_1000,Number of registered cars per 1000 population
A,TT1057I,CH004C,2021,391.64,,,CH004C,CH,,2021,cars_per_1000,Number of registered cars per 1000 population
A,TT1057I,CH005C,2015,433.51,,,CH005C,CH,,2015,cars_per_1000,Number of registered cars per 1000 population
A,TT1057I,CH005C,2016,429.58,,,CH005C,CH,,2016,cars_per_1000,Number of registered cars per 1000 population
A,TT1057I,CH005C,2017,425.64,,,CH005C,CH,,2017,cars_per_1000,Number of registered cars per 1000 population
A,TT1057I,CH005C,2018,421.3,,,CH005C,CH,,2018,cars_per_1000,Number of registered cars per 1000 population
A,TT1057I,CH005C,2019,415.85,,,CH005C,CH,,2019,cars_per_1000,Number of registered cars per 1000 population
A,TT1057I,CH005C,2020,412.24,,,CH005C,CH,,2020,cars_per_1000,Number of registered cars per 1000 population
A,TT1057I,CH005C,2021,404.4,,,CH005C,CH,,2021,cars_per_1000,Number of registered cars per 1000 population
A,TT1057I,CH006C,2015,459.0,,,CH006C,CH,,2015,cars_per_1000,Number of registered cars per 1000 population
A,TT1057I,CH006C,2016,461.57,,,CH006C,CH,,2016,cars_per_1000,Number of registered cars per 1000 population
A,TT1057I,CH006C,2017,461.88,,,CH006C,CH,,2017,cars_per_1000,Number of registered cars per 1000 population
A,TT1057I,CH006C,2018,446.02,,,CH006C,CH,,2018,cars_per_1000,Number of registered cars per 1000 population
A,TT1057I,CH006C,2019,442.62,,,CH006C,CH,,2019,cars_per_1000,Number of registered cars per 1000 population
A,TT1057I,CH006C,2020,438.6,,,CH006C,CH,,2020,cars_per_1000,Number of registered cars per 1000 population
A,TT1057I,CH006C,2021,435.92,,,CH006C,CH,,2021,cars_per_1000,Number of registered cars per 1000 population
A,TT1057I,CH007C,2015,415.2,,,CH007C,CH,,2015,cars_per_1000,Number of registered cars per 1000 population
A,TT1057I,CH007C,2016,413.86,,,CH007C,CH,,2016,cars_per_1000,Number of registered cars per 1000 population
A,TT1057I,CH007C,2017,409.4,,,CH007C,CH,,2017,cars_per_1000,Number of registered cars per 1000 population
A,TT1057I,CH007C,2018,404.0,,,CH007C,CH,,2018,cars_per_1000,Number of registered cars per 1000 population
A,TT1057I,CH007C,2019,401.84,,,CH007C,CH,,2019,cars_per_1000,Number of registered cars per 1000 population
A,TT1057I,CH007C,2020,400.35,,,CH007C,CH,,2020,cars_per_1000,Number of registered cars per 1000 population
A,TT1057I,CH007C,2021,397.63,,,CH007C,CH,,2021,cars_per_1000,Number of registered cars per 1000 population
A,TT1057I,CH008C,2015,605.07,,,CH008C,CH,,2015,cars_per_1000,Number of registered cars per 1000 population
A,TT1057I,CH008C,2016,611.99,,,CH008C,CH,,2016,cars_per_1000,Number of registered cars per 1000 population
A,TT1057I,CH008C,2017,612.04,,,CH008C,CH,,2017,cars_per_1000,Number of registered cars per 1000 population
A,TT1057I,CH008C,2018,611.3,,,CH008C,CH,,2018,cars_per_1000,Number of registered cars per 1000 population
A,TT1057I,CH008C,2019,607.51,,,CH008C,CH,,2019,cars_per_1000,Number of registered cars per 1000 population
A,TT1057I,CH008C,2020,607.46,,,CH008C,CH,,2020,cars_per_1000,Number of registered cars per 1000 population
A,TT1057I,CH008C,2021,604.72,,,CH008C,CH,,2021,cars_per_1000,Number of registered cars per 1000 population
A,TT1057I,CH009C,2015,453.34,,,CH009C,CH,,2015,cars_per_1000,Number of registered cars per 1000 population
A,TT1057I,CH009C,2016,454.95,,,CH009C,CH,,2016,cars_per_1000,Number of registered cars per 1000 population
A,TT1057I,CH009C,2017,454.66,,,CH009C,CH,,2017,cars_per_1000,Number of registered cars per 1000 population
A,TT1057I,CH009C,2018,456.03,,,CH009C,CH,,2018,cars_per_1000,Number of registered cars per 1000 population
A,TT1057I,CH009C,2019,451.77,,,CH009C,CH,,2019,cars_per_1000,Number of registered cars per 1000 population
A,TT1057I,CH009C,2020,451.11,,,CH009C,CH,,2020,cars_per_1000,Number of registered cars per 1000 population
A,TT1057I,CH009C,2021,448.82,,,CH009C,CH,,2021,cars_per_1000,Number of registered cars per 1000 population
A,TT1057I,DE,2015,490.38,,,DE,DE,,2015,cars_per_1000,Number of registered cars per 1000 population
A,TT1057I,DE,2016,491.61,,,DE,DE,,2016,cars_per_1000,Number of registered cars per 1000 population
A,TT1057I,DE001C,2015,292.48,,,DE001C,DE,,2015,cars_per_1000,Number of registered cars per 1000 population
A,TT1057I,DE001C,2016,291.16,,,DE001C,DE,,2016,cars_per_1000,Number of registered cars per 1000 population
A,TT1057I,DE001C,2017,290.37,,,DE001C,DE,,2017,cars_per_1000,Number of registered cars per 1000 population
A,TT1057I,DE001C,2018,289.23,,,DE001C,DE,,2018,cars_per_1000,Number of registered cars per 1000 population
A,TT1057I,DE001C,2019,288.45,,,DE001C,DE,,2019,cars_per_1000,Number of registered cars per 1000 population
A,TT1057I,DE001C,2020,287.5,,,DE001C,DE,,2020,cars_per_1000,Number of registered cars per 1000 population
A,TT1057I,DE001C,2021,291.95,,,DE001C,DE,,2021,cars_per_1000,Number of registered cars per 1000 population
A,TT1057I,DE002C,2015,345.55,,,DE002C,DE,,2015,cars_per_1000,Number of registered cars per 1000 population
A,TT1057I,DE002C,2016,344.2,,,DE002C,DE,,2016,cars_per_1000,Number of registered cars per 1000 population
A,TT1057I,DE002C,2017,343.5,,,DE002C,DE,,2017,cars_per_1000,Number of registered cars per 1000 population
A,TT1057I,DE002C,2018,343.12,,,DE002C,DE,,2018,cars_per_1000,Number of registered cars per 1000 population
A,TT1057I,DE002C,2019,343.54,,,DE002C,DE,,2019,cars_per_1000,Number of registered cars per 1000 population
A,TT1057I,DE002C,2020,345.07,,,DE002C,DE,,2020,cars_per_1000,Number of registered cars per 1000 population
A,TT1057I,DE002C,2021,351.02,,,DE002C,DE,,2021,cars_per_1000,Number of registered cars per 1000 population
A,TT1057I,DE003C,2015,347.88,,,DE003C,DE,,2015,cars_per_1000,Number of registered cars per 1000 population
A,TT1057I,DE003C,2016,346.37,,,DE003C,DE,,2016,cars_per_1000,Number of registered cars per 1000 population
A,TT1057I,DE003C,2017,347.57,,,DE003C,DE,,2017,cars_per_1000,Number of registered cars per 1000 population
A,TT1057I,DE003C,2018,352.35,,,DE003C,DE,,2018,cars_per_1000,Number of registered cars per 1000 population
A,TT1057I,DE003C,2019,346.53,,,DE003C,DE,,2019,cars_per_1000,Number of registered cars per 1000 population
A,TT1057I,DE003C,2020,344.72,,,DE003C,DE,,2020,cars_per_1000,Number of registered cars per 1000 population
A,TT1057I,DE003C,2021,350.72,,,DE003C,DE,,2021,cars_per_1000,Number of registered cars per 1000 population
A,TT1057I,DE004C,2015,353.86,,,DE004C,DE,,2015,cars_per_1000,Number of registered cars per 1000 population
A,TT1057I,DE004C,2016,354.38,,,DE004C,DE,,2016,cars_per_1000,Number of registered cars per 1000 population
A,TT1057I,DE004C,2017,355.42,,,DE004C,DE,,2017,cars_per_1000,Number of registered cars per 1000 population
A,TT1057I,DE004C,2018,357.92,,,DE004C,DE,,2018,cars_per_1000,Number of registered cars per 1000 population
A,TT1057I,DE004C,2019,360.18,,,DE004C,DE,,2019,cars_per_1000,Number of registered cars per 1000 population
A,TT1057I,DE004C,2020,362.41,,,DE004C,DE,,2020,cars_per_1000,Number of registered cars per 1000 population
A,TT1057I,DE004C,2021,369.63,,,DE004C,DE,,2021,cars_per_1000,Number of registered cars per 1000 population
A,TT1057I,DE005C,2015,318.05,,,DE005C,DE,,2015,cars_per_1000,Number of registered cars per 1000 population
A,TT1057I,DE005C,2016,316.89,,,DE005C,DE,,2016,cars_per_1000,Number of registered cars per 1000 population
A,TT1057I,DE005C,2017,320.67,,,DE005C,DE,,2017,cars_per_1000,Number of registered cars per 1000 population
A,TT1057I,DE005C,2018,320.52,,,DE005C,DE,,2018,cars_per_1000,Number of registered cars per 1000 population
A,TT1057I,DE005C,2019,319.66,,,DE005C,DE,,2019,cars_per_1000,Number of registered cars per 1000 population
A,TT1057I,DE005C,2020,317.9,,,DE005C,DE,,2020,cars_per_1000,Number of registered cars per 1000 population
A,TT1057I,DE005C,2021,324.03,,,DE005C,DE,,2021,cars_per_1000,Number of registered cars per 1000 population
A,TT1057I,DE006C,2015,415.67,,,DE006C,DE,,2015,cars_per_1000,Number of registered cars per 1000 population
A,TT1057I,DE006C,2016,415.08,,,DE006C,DE,,2016,cars_per_1000,Number of registered cars per 1000 population
A,TT1057I,DE006C,2017,420.32,,,DE006C,DE,,2017,cars_per_1000,Number of registered cars per 1000 population
A,TT1057I,DE006C,2018,424.75,,,DE006C,DE,,2018,cars_per_1000,Number of registered cars per 1000 population
A,TT1057I,DE006C,2019,428.34,,,DE006C,DE,,2019,cars_per_1000,Number of registered cars per 1000 population
A,TT1057I,DE006C,2020,433.02,,,DE006C,DE,,2020,cars_per_1000,Number of registered cars per 1000 population
A,TT1057I,DE006C,2021,439.06,,,DE006C,DE,,2021,cars_per_1000,Number of registered cars per 1000 population
A,TT1057I,DE007C,2015,356.31,,,DE007C,DE,,2015,cars_per_1000,Number of registered cars per 1000 population
A,TT1057I,DE007C,2016,353.26,,,DE007C,DE,,2016,cars_per_1000,Number of registered cars per 1000 population
A,TT1057I,DE007C,2017,355.73,,,DE007C,DE,,2017,cars_per_1000,Number of registered cars per 1000 population
A,TT1057I,DE007C,2018,355.16,,,DE007C,DE,,2018,cars_per_1000,Number of registered cars per 1000 population
A,TT1057I,DE007C,2019,356.33,,,DE007C,DE,,2019,cars_per_1000,Number of registered cars per 1000 population
A,TT1057I,DE007C,2020,354.93,,,DE007C,DE,,2020,cars_per_1000,Number of registered cars per 1000 population
A,TT1057I,DE007C,2021,361.11,,,DE007C,DE,,2021,cars_per_1000,Number of registered cars per 1000 population
A,TT1057I,DE008C,2015,345.55,,,DE008C,DE,,2015,cars_per_1000,Number of registered cars per 1000 population
A,TT1057I,DE008C,2016,341.92,,,DE008C,DE,,2016,cars_per_1000,Number of registered cars per 1000 population
A,TT1057I,DE008C,2017,341.55,,,DE008C,DE,,2017,cars_per_1000,Number of registered cars per 1000 population
A,TT1057I,DE008C,2018,340.45,,,DE008C,DE,,2018,cars_per_1000,Number of registered cars per 1000 population
A,TT1057I,DE008C,2019,341.11,,,DE008C,DE,,2019,cars_per_1000,Number of registered cars per 1000 population
A,TT1057I,DE008C,2020,341.11,,,DE008C,DE,,2020,cars_per_1000,Number of registered cars per 1000 population
A,TT1057I,DE008C,2021,343.47,,,DE008C,DE,,2021,cars_per_1000,Number of registered cars per 1000 population
A,TT1057I,DE009C,2015,351.76,,,DE009C,DE,,2015,cars_per_1000,Number of registered cars per 1000 population
A,TT1057I,DE009C,2016,350.56,,,DE009C,DE,,2016,cars_per_1000,Number of registered cars per 1000 population
A,TT1057I,DE009C,2017,351.74,,,DE009C,DE,,2017,cars_per_1000,Number of registered cars per 1000 population
A,TT1057I,DE009C,2018,351.34,,,DE009C,DE,,2018,cars_per_1000,Number of registered cars per 1000 population
A,TT1057I,DE009C,2019,351.15,,,DE009C,DE,,2019,cars_per_1000,Number of registered cars per 1000 population
A,TT1057I,DE009C,2020,351.74,,,DE009C,DE,,2020,cars_per_1000,Number of registered cars per 1000 population
A,TT1057I,DE009C,2021,357.61,,,DE009C,DE,,2021,cars_per_1000,Number of registered cars per 1000 population
A,TT1057I,DE010C,2015,423.77,,,DE010C,DE,,2015,cars_per_1000,Number of registered cars per 1000 population
A,TT1057I,DE010C,2016,426.98,,,DE010C,DE,,2016,cars_per_1000,Number of registered cars per 1000 population
A,TT1057I,DE010C,2017,433.77,,,DE010C,DE,,2017,cars_per_1000,Number of registered cars per 1000 population
A,TT1057I,DE010C,2018,439.65,,,DE010C,DE,,2018,cars_per_1000,Number of registered cars per 1000 population
A,TT1057I,DE010C,2019,444.94,,,DE010C,DE,,2019,cars_per_1000,Number of registered cars per 1000 population
A,TT1057I,DE010C,2020,448.42,,,DE010C,DE,,2020,cars_per_1000,Number of registered cars per 1000 population
A,TT1057I,DE010C,2021,456.78,,,DE010C,DE,,2021,cars_per_1000,Number of registered cars per 1000 population
A,TT1057I,DE011C,2015,359.52,,,DE011C,DE,,2015,cars_per_1000,Number of registered cars per 1000 population
A,TT1057I,DE011C,2016,360.38,,,DE011C,DE,,2016,cars_per_1000,Number of registered cars per 1000 population
A,TT1057I,DE011C,2017,365.41,,,DE011C,DE,,2017,cars_per_1000,Number of registered cars per 1000 population
A,TT1057I,DE011C,2018,366.64,,,DE011C,DE,,2018,cars_per_1000,Number of registered cars per 1000 population
A,TT1057I,DE011C,2019,368.38,,,DE011C,DE,,2019,cars_per_1000,Number of registered cars per 1000 population
A,TT1057I,DE011C,2020,368.63,,,DE011C,DE,,2020,cars_per_1000,Number of registered cars per 1000 population
A,TT1057I,DE011C,2021,376.2,,,DE011C,DE,,2021,cars_per_1000,Number of registered cars per 1000 population
A,TT1057I,DE012C,2015,362.2,,,DE012C,DE,,2015,cars_per_1000,Number of registered cars per 1000 population
A,TT1057I,DE012C,2016,363.06,,,DE012C,DE,,2016,cars_per_1000,Number of registered cars per 1000 population
A,TT1057I,DE012C,2017,363.06,,,DE012C,DE,,2017,cars_per_1000,Number of registered cars per 1000 population
A,TT1057I,DE012C,2018,365.62,,,DE012C,DE,,2018,cars_per_1000,Number of registered cars per 1000 population
A,TT1057I,DE012C,2019,366.57,,,DE012C,DE,,2019,cars_per_1000,Number of registered cars per 1000 population
A,TT1057I,DE012C,2020,369.39,,,DE012C,DE,,2020,cars_per_1000,Number of registered cars per 1000 population
A,TT1057I,DE012C,2021,375.02,,,DE012C,DE,,2021,cars_per_1000,Number of registered cars per 1000 population
A,TT1057I,DE013C,2015,331.8,,,DE013C,DE,,2015,cars_per_1000,Number of registered cars per 1000 population
A,TT1057I,DE013C,2016,331.91,,,DE013C,DE,,2016,cars_per_1000,Number of registered cars per 1000 population
A,TT1057I,DE013C,2017,335.33,,,DE013C,DE,,2017,cars_per_1000,Number of registered cars per 1000 population
A,TT1057I,DE013C,2018,336.05,,,DE013C,DE,,2018,cars_per_1000,Number of registered cars per 1000 population
A,TT1057I,DE013C,2019,335.06,,,DE013C,DE,,2019,cars_per_1000,Number of registered cars per 1000 population
A,TT1057I,DE013C,2020,336.25,,,DE013C,DE,,2020,cars_per_1000,Number of registered cars per 1000 population
A,TT1057I,DE013C,2021,342.99,,,DE013C,DE,,2021,cars_per_1000,Number of registered cars per 1000 population
A,TT1057I,DE014C,2015,393.29,,,DE014C,DE,,2015,cars_per_1000,Number of registered cars per 1000 population
A,TT1057I,DE014C,2016,390.94,,,DE014C,DE,,2016,cars_per_1000,Number of registered cars per 1000 population
A,TT1057I,DE014C,2017,395.3,,,DE014C,DE,,2017,cars_per_1000,Number of registered cars per 1000 population
A,TT1057I,DE014C,2018,397.07,,,DE014C,DE,,2018,cars_per_1000,Number of registered cars per 1000 population
A,TT1057I,DE014C,2019,397.87,,,DE014C,DE,,2019,cars_per_1000,Number of registered cars per 1000 population
A,TT1057I,DE014C,2020,400.35,,,DE014C,DE,,2020,cars_per_1000,Number of registered cars per 1000 population
A,TT1057I,DE014C,2021,406.87,,,DE014C,DE,,2021,cars_per_1000,Number of registered cars per 1000 population
A,TT1057I,DE015C,2015,442.83,,,DE015C,DE,,2015,cars_per_1000,Number of registered cars per 1000 population
A,TT1057I,DE015C,2016,445.23,,,DE015C,DE,,2016,cars_per_1000,Number of registered cars per 1000 population
A,TT1057I,DE015C,2017,450.09,,,DE015C,DE,,2017,cars_per_1000,Number of registered cars per 1000 population
A,TT1057I,DE015C,2018,454.23,,,DE015C,DE,,2018,cars_per_1000,Number of registered cars per 1000 population
A,TT1057I,DE015C,2019,460.03,,,DE015C,DE,,2019,cars_per_1000,Number of registered cars per 1000 population
A,TT1057I,DE015C,2020,462.92,,,DE015C,DE,,2020,cars_per_1000,Number of registered cars per 1000 population
A,TT1057I,DE015C,2021,472.04,,,DE015C,DE,,2021,cars_per_1000,Number of registered cars per 1000 population
A,TT1057I,DE016C,2015,425.15,,,DE016C,DE,,2015,cars_per_1000,Number of registered cars per 1000 population
A,TT1057I,DE016C,2016,427.24,,,DE016C,DE,,2016,cars_per_1000,Number of registered cars per 1000 population
A,TT1057I,DE016C,2017,435.11,,,DE016C,DE,,2017,cars_per_1000,Number of registered cars per 1000 population
A,TT1057I,DE016C,2018,442.56,,,DE016C,DE,,2018,cars_per_1000,Number of registered cars per 1000 population
A,TT1057I,DE016C,2019,447.54,,,DE016C,DE,,2019,cars_per_1000,Number of registered cars per 1000 population
A,TT1057I,DE016C,2020,452.86,,,DE016C,DE,,2020,cars_per_1000,Number of registered cars per 1000 population
A,TT1057I,DE016C,2021,460.39,,,DE016C,DE,,2021,cars_per_1000,Number of registered cars per 1000 population
A,TT1057I,DE017C,2015,350.56,,,DE017C,DE,,2015,cars_per_1000,Number of registered cars per 1000 population
A,TT1057I,DE017C,2016,347.57,,,DE017C,DE,,2016,cars_per_1000,Number of registered cars per 1000 population
A,TT1057I,DE017C,2017,347.81,,,DE017C,DE,,2017,cars_per_1000,Number of registered cars per 1000 population
A,TT1057I,DE017C,2018,347.59,,,DE017C,DE,,2018,cars_per_1000,Number of registered cars per 1000 population
A,TT1057I,DE017C,2019,349.12,,,DE017C,DE,,2019,cars_per_1000,Number of registered cars per 1000 population
A,TT1057I,DE017C,2020,350.51,,,DE017C,DE,,2020,cars_per_1000,Number of registered cars per 1000 population
A,TT1057I,DE017C,2021,356.03,,,DE017C,DE,,2021,cars_per_1000,Number of registered cars per 1000 population
A,TT1057I,DE018C,2015,401.95,,,DE018C,DE,,2015,cars_per_1000,Number of registered cars per 1000 population
A,TT1057I,DE018C,2016,401.21,,,DE018C,DE,,2016,cars_per_1000,Number of registered cars per 1000 population
A,TT1057I,DE018C,2017,402.39,,,DE018C,DE,,2017,cars_per_1000,Number of registered cars per 1000 population
A,TT1057I,DE018C,2018,404.9,,,DE018C,DE,,2018,cars_per_1000,Number of registered cars per 1000 population
A,TT1057I,DE018C,2019,408.21,,,DE018C,DE,,2019,cars_per_1000,Number of registered cars per 1000 population
A,TT1057I,DE018C,2020,410.93,,,DE018C,DE,,2020,cars_per_1000,Number of registered cars per 1000 population
A,TT1057I,DE018C,2021,417.4,,,DE018C,DE,,2021,cars_per_1000,Number of registered cars per 1000 population
A,TT1057I,DE019C,2015,422.78,,,DE019C,DE,,2015,cars_per_1000,Number of registered cars per 1000 population
A,TT1057I,DE019C,2016,425.68,,,DE019C,DE,,2016,cars_per_1000,Number of registered cars per 1000 population
A,TT1057I,DE019C,2017,427.96,,,DE019C,DE,,2017,cars_per_1000,Number of registered cars per 1000 population
A,TT1057I,DE019C,2018,429.07,,,DE019C,DE,,2018,cars_per_1000,Number of registered cars per 1000 population
A,TT1057I,DE019C,2019,432.07,,,DE019C,DE,,2019,cars_per_1000,Number of registered cars per 1000 population
A,TT1057I,DE019C,2020,434.04,,,DE019C,DE,,2020,cars_per_1000,Number of registered cars per 1000 population
A,TT1057I,DE019C,2021,439.18,,,DE019C,DE,,2021,cars_per_1000,Number of registered cars per 1000 population
A,TT1057I,DE020C,2015,373.0,,,DE020C,DE,,2015,cars_per_1000,Number of registered cars per 1000 population
A,TT1057I,DE020C,2016,373.81,,,DE020C,DE,,2016,cars_per_1000,Number of registered cars per 1000 population
A,TT1057I,DE020C,2017,377.04,,,DE020C,DE,,2017,cars_per_1000,Number of registered cars per 1000 population
A,TT1057I,DE020C,2018,379.91,,,DE020C,DE,,2018,cars_per_1000,Number of registered cars per 1000 population
A,TT1057I,DE020C,2019,380.75,,,DE020C,DE,,2019,cars_per_1000,Number of registered cars per 1000 population
A,TT1057I,DE020C,2020,383.98,,,DE020C,DE,,2020,cars_per_1000,Number of registered cars per 1000 population
A,TT1057I,DE020C,2021,393.77,,,DE020C,DE,,2021,cars_per_1000,Number of registered cars per 1000 population
A,TT1057I,DE021C,2015,477.91,,,DE021C,DE,,2015,cars_per_1000,Number of registered cars per 1000 population
A,TT1057I,DE021C,2016,479.22,,,DE021C,DE,,2016,cars_per_1000,Number of registered cars per 1000 population
A,TT1057I,DE021C,2017,480.93,,,DE021C,DE,,2017,cars_per_1000,Number of registered cars per 1000 population
A,TT1057I,DE021C,2018,483.83,,,DE021C,DE,,2018,cars_per_1000,Number of registered cars per 1000 population
A,TT1057I,DE021C,2019,490.09,,,DE021C,DE,,2019,cars_per_1000,Number of registered cars per 1000 population
A,TT1057I,DE021C,2020,496.76,,,DE021C,DE,,2020,cars_per_1000,Number of registered cars per 1000 population
A,TT1057I,DE021C,2021,502.95,,,DE021C,DE,,2021,cars_per_1000,Number of registered cars per 1000 population
A,TT1057I,DE022C,2015,527.4,,,DE022C,DE,,2015,cars_per_1000,Number of registered cars per 1000 population
A,TT1057I,DE022C,2016,524.32,,,DE022C,DE,,2016,cars_per_1000,Number of registered cars per 1000 population
A,TT1057I,DE022C,2017,533.65,,,DE022C,DE,,2017,cars_per_1000,Number of registered cars per 1000 population
A,TT1057I,DE022C,2018,539.0,,,DE022C,DE,,2018,cars_per_1000,Number of registered cars per 1000 population
A,TT1057I,DE022C,2019,545.18,,,DE022C,DE,,2019,cars_per_1000,Number of registered cars per 1000 population
A,TT1057I,DE022C,2020,551.11,,,DE022C,DE,,2020,cars_per_1000,Number of registered cars per 1000 population
A,TT1057I,DE022C,2021,559.58,,,DE022C,DE,,2021,cars_per_1000,Number of registered cars per 1000 population
A,TT1057I,DE023C,2015,382.01,,,DE023C,DE,,2015,cars_per_1000,Number of registered cars per 1000 population
A,TT1057I,DE023C,2016,378.18,,,DE023C,DE,,2016,cars_per_1000,Number of registered cars per 1000 population
A,TT1057I,DE023C,2017,377.33,,,DE023C,DE,,2017,cars_per_1000,Number of registered cars per 1000 population
A,TT1057I,DE023C,2018,378.18,,,DE023C,DE,,2018,cars_per_1000,Number of registered cars per 1000 population
A,TT1057I,DE023C,2019,378.21,,,DE023C,DE,,2019,cars_per_1000,Number of registered cars per 1000 population
A,TT1057I,DE023C,2020,377.55,,,DE023C,DE,,2020,cars_per_1000,Number of registered cars per 1000 population
A,TT1057I,DE023C,2021,381.58,,,DE023C,DE,,2021,cars_per_1000,Number of registered cars per 1000 population
A,TT1057I,DE024C,2015,395.29,,,DE024C,DE,,2015,cars_per_1000,Number of registered cars per 1000 population
A,TT1057I,DE024C,2016,378.22,,,DE024C,DE,,2016,cars_per_1000,Number of registered cars per 1000 population
A,TT1057I,DE024C,2017,1215.46,,,DE024C,DE,,2017,cars_per_1000,Number of registered cars per 1000 population
A,TT1057I,DE024C,2018,408.37,,,DE024C,DE,,2018,cars_per_1000,Number of registered cars per 1000 population
A,TT1057I,DE024C,2019,411.83,,,DE024C,DE,,2019,cars_per_1000,Number of registered cars per 1000 population
A,TT1057I,DE024C,2020,1258.37,,,DE024C,DE,,2020,cars_per_1000,Number of registered cars per 1000 population
A,TT1057I,DE024C,2021,425.24,,,DE024C,DE,,2021,cars_per_1000,Number of registered cars per 1000 population
A,TT1057I,DE025C,2015,327.35,,,DE025C,DE,,2015,cars_per_1000,Number of registered cars per 1000 population
A,TT1057I,DE025C,2016,325.5,,,DE025C,DE,,2016,cars_per_1000,Number of registered cars per 1000 population
A,TT1057I,DE025C,2017,327.95,,,DE025C,DE,,2017,cars_per_1000,Number of registered cars per 1000 population
A,TT1057I,DE025C,2018,329.32,,,DE025C,DE,,2018,cars_per_1000,Number of registered cars per 1000 population
A,TT1057I,DE025C,2019,331.81,,,DE025C,DE,,2019,cars_per_1000,Number of registered cars per 1000 population
A,TT1057I,DE025C,2020,332.4,,,DE025C,DE,,2020,cars_per_1000,Number of registered cars per 1000 population
A,TT1057I,DE025C,2021,339.39,,,DE025C,DE,,2021,cars_per_1000,Number of registered cars per 1000 population
A,TT1057I,DE026C,2015,405.72,,,DE026C,DE,,2015,cars_per_1000,Number of registered cars per 1000 population
A,TT1057I,DE026C,2016,406.28,,,DE026C,DE,,2016,cars_per_1000,Number of registered cars per 1000 population
A,TT1057I,DE026C,2017,407.06,,,DE026C,DE,,2017,cars_per_1000,Number of registered cars per 1000 population
A,TT1057I,DE026C,2018,406.82,,,DE026C,DE,,2018,cars_per_1000,Number of registered cars per 1000 population
A,TT1057I,DE026C,2019,408.9,,,DE026C,DE,,2019,cars_per_1000,Number of registered cars per 1000 population
A,TT1057I,DE026C,2020,411.25,,,DE026C,DE,,2020,cars_per_1000,Number of registered cars per 1000 population
A,TT1057I,DE026C,2021,418.85,,,DE026C,DE,,2021,cars_per_1000,Number of registered cars per 1000 population
A,TT1057I,DE027C,2015,441.14,,,DE027C,DE,,2015,cars_per_1000,Number of registered cars per 1000 population
A,TT1057I,DE027C,2016,435.07,,,DE027C,DE,,2016,cars_per_1000,Number of registered cars per 1000 population
A,TT1057I,DE027C,2017,432.73,,,DE027C,DE,,2017,cars_per_1000,Number of registered cars per 1000 population
A,TT1057I,DE027C,2018,434.45,,,DE027C,DE,,2018,cars_per_1000,Number of registered cars per 1000 population
A,TT1057I,DE027C,2019,437.37,,,DE027C,DE,,2019,cars_per_1000,Number of registered cars per 1000 population
A,TT1057I,DE027C,2020,437.08,,,DE027C,DE,,2020,cars_per_1000,Number of registered cars per 1000 population
A,TT1057I,DE027C,2021,446.6,,,DE027C,DE,,2021,cars_per_1000,Number of registered cars per 1000 population
A,TT1057I,DE028C,2015,394.57,,,DE028C,DE,,2015,cars_per_1000,Number of registered cars per 1000 population
A,TT1057I,DE028C,2016,394.5,,,DE028C,DE,,2016,cars_per_1000,Number of registered cars per 1000 population
A,TT1057I,DE028C,2017,398.09,,,DE028C,DE,,2017,cars_per_1000,Number of registered cars per 1000 population
A,TT1057I,DE028C,2018,401.08,,,DE028C,DE,,2018,cars_per_1000,Number of registered cars per 1000 population
A,TT1057I,DE028C,2019,400.72,,,DE028C,DE,,2019,cars_per_1000,Number of registered cars per 1000 population
A,TT1057I,DE028C,2020,403.72,,,DE028C,DE,,2020,cars_per_1000,Number of registered cars per 1000 population
A,TT1057I,DE028C,2021,409.87,,,DE028C,DE,,2021,cars_per_1000,Number of registered cars per 1000 population
A,TT1057I,DE029C,2015,396.31,,,DE029C,DE,,2015,cars_per_1000,Number of registered cars per 1000 population
A,TT1057I,DE029C,2016,380.94,,,DE029C,DE,,2016,cars_per_1000,Number of registered cars per 1000 population
A,TT1057I,DE029C,2017,388.87,,,DE029C,DE,,2017,cars_per_1000,Number of registered cars per 1000 population
A,TT1057I,DE029C,2018,391.53,,,DE029C,DE,,2018,cars_per_1000,Number of registered cars per 1000 population
A,TT1057I,DE029C,2019,394.62,,,DE029C,DE,,2019,cars_per_1000,Number of registered cars per 1000 population
A,TT1057I,DE029C,2020,398.82,,,DE029C,DE,,2020,cars_per_1000,Number of registered cars per 1000 population
A,TT1057I,DE029C,2021,405.25,,,DE029C,DE,,2021,cars_per_1000,Number of registered cars per 1000 population
A,TT1057I,DE030C,2015,393.09,,,DE030C,DE,,2015,cars_per_1000,Number of registered cars per 1000 population
A,TT1057I,DE030C,2016,392.12,,,DE030C,DE,,2016,cars_per_1000,Number of registered cars per 1000 population
A,TT1057I,DE030C,2017,394.79,,,DE030C,DE,,2017,cars_per_1000,Number of registered cars per 1000 population
A,TT1057I,DE030C,2018,395.38,,,DE030C,DE,,2018,cars_per_1000,Number of registered cars per 1000 population
A,TT1057I,DE030C,2019,396.42,,,DE030C,DE,,2019,cars_per_1000,Number of registered cars per 1000 population
A,TT1057I,DE030C,2020,397.44,,,DE030C,DE,,2020,cars_per_1000,Number of registered cars per 1000 population
A,TT1057I,DE030C,2021,403.33,,,DE030C,DE,,2021,cars_per_1000,Number of registered cars per 1000 population
A,TT1057I,DE031C,2015,385.48,,,DE031C,DE,,2015,cars_per_1000,Number of registered cars per 1000 population
A,TT1057I,DE031C,2016,385.98,,,DE031C,DE,,2016,cars_per_1000,Number of registered cars per 1000 population
A,TT1057I,DE031C,2017,390.46,,,DE031C,DE,,2017,cars_per_1000,Number of registered cars per 1000 population
A,TT1057I,DE031C,2018,392.27,,,DE031C,DE,,2018,cars_per_1000,Number of registered cars per 1000 population
A,TT1057I,DE031C,2019,394.54,,,DE031C,DE,,2019,cars_per_1000,Number of registered cars per 1000 population
A,TT1057I,DE031C,2020,397.54,,,DE031C,DE,,2020,cars_per_1000,Number of registered cars per 1000 population
A,TT1057I,DE031C,2021,404.54,,,DE031C,DE,,2021,cars_per_1000,Number of registered cars per 1000 population
A,TT1057I,DE032C,2015,403.02,,,DE032C,DE,,2015,cars_per_1000,Number of registered cars per 1000 population
A,TT1057I,DE032C,2016,401.22,,,DE032C,DE,,2016,cars_per_1000,Number of registered cars per 1000 population
A,TT1057I,DE032C,2017,402.01,,,DE032C,DE,,2017,cars_per_1000,Number of registered cars per 1000 population
A,TT1057I,DE032C,2018,402.16,,,DE032C,DE,,2018,cars_per_1000,Number of registered cars per 1000 population
A,TT1057I,DE032C,2019,403.64,,,DE032C,DE,,2019,cars_per_1000,Number of registered cars per 1000 population
A,TT1057I,DE032C,2020,401.48,,,DE032C,DE,,2020,cars_per_1000,Number of registered cars per 1000 population
A,TT1057I,DE032C,2021,408.1,,,DE032C,DE,,2021,cars_per_1000,Number of registered cars per 1000 population
A,TT1057I,DE033C,2015,370.35,,,DE033C,DE,,2015,cars_per_1000,Number of registered cars per 1000 population
A,TT1057I,DE033C,2016,365.52,,,DE033C,DE,,2016,cars_per_1000,Number of registered cars per 1000 population
A,TT1057I,DE033C,2017,368.0,,,DE033C,DE,,2017,cars_per_1000,Number of registered cars per 1000 population
A,TT1057I,DE033C,2018,369.38,,,DE033C,DE,,2018,cars_per_1000,Number of registered cars per 1000 population
A,TT1057I,DE033C,2019,369.81,,,DE033C,DE,,2019,cars_per_1000,Number of registered cars per 1000 population
A,TT1057I,DE033C,2020,371.43,,,DE033C,DE,,2020,cars_per_1000,Number of registered cars per 1000 population
A,TT1057I,DE033C,2021,376.9,,,DE033C,DE,,2021,cars_per_1000,Number of registered cars per 1000 population
A,TT1057I,DE034C,2015,452.07,,,DE034C,DE,,2015,cars_per_1000,Number of registered cars per 1000 population
A,TT1057I,DE034C,2016,453.65,,,DE034C,DE,,2016,cars_per_1000,Number of registered cars per 1000 population
A,TT1057I,DE034C,2017,459.22,,,DE034C,DE,,2017,cars_per_1000,Number of registered cars per 1000 population
A,TT1057I,DE034C,2018,463.96,,,DE034C,DE,,2018,cars_per_1000,Number of registered cars per 1000 population
A,TT1057I,DE034C,2019,470.96,,,DE034C,DE,,2019,cars_per_1000,Number of registered cars per 1000 population
A,TT1057I,DE034C,2020,478.0,,,DE034C,DE,,2020,cars_per_1000,Number of registered cars per 1000 population
A,TT1057I,DE034C,2021,488.43,,,DE034C,DE,,2021,cars_per_1000,Number of registered cars per 1000 population
A,TT1057I,DE035C,2015,385.1,,,DE035C,DE,,2015,cars_per_1000,Number of registered cars per 1000 population
A,TT1057I,DE035C,2016,384.75,,,DE035C,DE,,2016,cars_per_1000,Number of registered cars per 1000 population
A,TT1057I,DE035C,2017,382.35,,,DE035C,DE,,2017,cars_per_1000,Number of registered cars per 1000 population
A,TT1057I,DE035C,2018,383.25,,,DE035C,DE,,2018,cars_per_1000,Number of registered cars per 1000 population
A,TT1057I,DE035C,2019,385.24,,,DE035C,DE,,2019,cars_per_1000,Number of registered cars per 1000 population
A,TT1057I,DE035C,2020,385.98,,,DE035C,DE,,2020,cars_per_1000,Number of registered cars per 1000 population
A,TT1057I,DE035C,2021,391.34,,,DE035C,DE,,2021,cars_per_1000,Number of registered cars per 1000 population
A,TT1057I,DE036C,2015,371.42,,,DE036C,DE,,2015,cars_per_1000,Number of registered cars per 1000 population
A,TT1057I,DE036C,2016,371.7,,,DE036C,DE,,2016,cars_per_1000,Number of registered cars per 1000 population
A,TT1057I,DE036C,2017,376.45,,,DE036C,DE,,2017,cars_per_1000,Number of registered cars per 1000 population
A,TT1057I,DE036C,2018,379.01,,,DE036C,DE,,2018,cars_per_1000,Number of registered cars per 1000 population
A,TT1057I,DE036C,2019,383.07,,,DE036C,DE,,2019,cars_per_1000,Number of registered cars per 1000 population
A,TT1057I,DE036C,2020,385.5,,,DE036C,DE,,2020,cars_per_1000,Number of registered cars per 1000 population
A,TT1057I,DE036C,2021,390.53,,,DE036C,DE,,2021,cars_per_1000,Number of registered cars per 1000 population
A,TT1057I,DE037C,2015,446.72,,,DE037C,DE,,2015,cars_per_1000,Number of registered cars per 1000 population
A,TT1057I,DE037C,2016,445.86,,,DE037C,DE,,2016,cars_per_1000,Number of registered cars per 1000 population
A,TT1057I,DE037C,2017,446.39,,,DE037C,DE,,2017,cars_per_1000,Number of registered cars per 1000 population
A,TT1057I,DE037C,2018,447.19,,,DE037C,DE,,2018,cars_per_1000,Number of registered cars per 1000 population
A,TT1057I,DE037C,2019,451.61,,,DE037C,DE,,2019,cars_per_1000,Number of registered cars per 1000 population
A,TT1057I,DE037C,2020,455.65,,,DE037C,DE,,2020,cars_per_1000,Number of registered cars per 1000 population
A,TT1057I,DE037C,2021,462.31,,,DE037C,DE,,2021,cars_per_1000,Number of registered cars per 1000 population
A,TT1057I,DE038C,2015,375.81,,,DE038C,DE,,2015,cars_per_1000,Number of registered cars per 1000 population
A,TT1057I,DE038C,2016,374.29,,,DE038C,DE,,2016,cars_per_1000,Number of registered cars per 1000 population
A,TT1057I,DE038C,2017,373.34,,,DE038C,DE,,2017,cars_per_1000,Number of registered cars per 1000 population
A,TT1057I,DE038C,2018,373.31,,,DE038C,DE,,2018,cars_per_1000,Number of registered cars per 1000 population
A,TT1057I,DE038C,2019,374.89,,,DE038C,DE,,2019,cars_per_1000,Number of registered cars per 1000 population
A,TT1057I,DE038C,2020,373.8,,,DE038C,DE,,2020,cars_per_1000,Number of registered cars per 1000 population
A,TT1057I,DE038C,2021,375.47,,,DE038C,DE,,2021,cars_per_1000,Number of registered cars per 1000 population
A,TT1057I,DE039C,2015,434.25,,,DE039C,DE,,2015,cars_per_1000,Number of registered cars per 1000 population
A,TT1057I,DE039C,2016,437.28,,,DE039C,DE,,2016,cars_per_1000,Number of registered cars per 1000 population
A,TT1057I,DE039C,2017,439.89,,,DE039C,DE,,2017,cars_per_1000,Number of registered cars per 1000 population
A,TT1057I,DE039C,2018,444.16,,,DE039C,DE,,2018,cars_per_1000,Number of registered cars per 1000 population
A,TT1057I,DE039C,2019,447.22,,,DE039C,DE,,2019,cars_per_1000,Number of registered cars per 1000 population
A,TT1057I,DE039C,2020,452.85,,,DE039C,DE,,2020,cars_per_1000,Number of registered cars per 1000 population
A,TT1057I,DE039C,2021,462.34,,,DE039C,DE,,2021,cars_per_1000,Number of registered cars per 1000 population
A,TT1057I,DE040C,2015,358.23,,,DE040C,DE,,2015,cars_per_1000,Number of registered cars per 1000 population
A,TT1057I,DE040C,2016,360.63,,,DE040C,DE,,2016,cars_per_1000,Number of registered cars per 1000 population
A,TT1057I,DE040C,2017,361.9,,,DE040C,DE,,2017,cars_per_1000,Number of registered cars per 1000 population
A,TT1057I,DE040C,2018,364.14,,,DE040C,DE,,2018,cars_per_1000,Number of registered cars per 1000 population
A,TT1057I,DE040C,2019,366.17,,,DE040C,DE,,2019,cars_per_1000,Number of registered cars per 1000 population
A,TT1057I,DE040C,2020,367.76,,,DE040C,DE,,2020,cars_per_1000,Number of registered cars per 1000 population
A,TT1057I,DE040C,2021,372.14,,,DE040C,DE,,2021,cars_per_1000,Number of registered cars per 1000 population
A,TT1057I,DE041C,2015,434.07,,,DE041C,DE,,2015,cars_per_1000,Number of registered cars per 1000 population
A,TT1057I,DE041C,2016,432.53,,,DE041C,DE,,2016,cars_per_1000,Number of registered cars per 1000 population
A,TT1057I,DE041C,2017,430.5,,,DE041C,DE,,2017,cars_per_1000,Number of registered cars per 1000 population
A,TT1057I,DE041C,2018,433.06,,,DE041C,DE,,2018,cars_per_1000,Number of registered cars per 1000 population
A,TT1057I,DE041C,2019,435.6,,,DE041C,DE,,2019,cars_per_1000,Number of registered cars per 1000 population
A,TT1057I,DE041C,2020,437.2,,,DE041C,DE,,2020,cars_per_1000,Number of registered cars per 1000 population
A,TT1057I,DE041C,2021,442.36,,,DE041C,DE,,2021,cars_per_1000,Number of registered cars per 1000 population
A,TT1057I,DE042C,2015,510.27,,,DE042C,DE,,2015,cars_per_1000,Number of registered cars per 1000 population
A,TT1057I,DE042C,2016,513.22,,,DE042C,DE,,2016,cars_per_1000,Number of registered cars per 1000 population
A,TT1057I,DE042C,2017,521.92,,,DE042C,DE,,2017,cars_per_1000,Number of registered cars per 1000 population
A,TT1057I,DE042C,2018,530.71,,,DE042C,DE,,2018,cars_per_1000,Number of registered cars per 1000 population
A,TT1057I,DE042C,2019,539.79,,,DE042C,DE,,2019,cars_per_1000,Number of registered cars per 1000 population
A,TT1057I,DE042C,2020,546.18,,,DE042C,DE,,2020,cars_per_1000,Number of registered cars per 1000 population
A,TT1057I,DE042C,2021,553.89,,,DE042C,DE,,2021,cars_per_1000,Number of registered cars per 1000 population
A,TT1057I,DE043C,2015,461.57,,,DE043C,DE,,2015,cars_per_1000,Number of registered cars per 1000 population
A,TT1057I,DE043C,2016,464.45,,,DE043C,DE,,2016,cars_per_1000,Number of registered cars per 1000 population
A,TT1057I,DE043C,2017,467.01,,,DE043C,DE,,2017,cars_per_1000,Number of registered cars per 1000 population
A,TT1057I,DE043C,2018,466.97,,,DE043C,DE,,2018,cars_per_1000,Number of registered cars per 1000 population
A,TT1057I,DE043C,2019,467.36,,,DE043C,DE,,2019,cars_per_1000,Number of registered cars per 1000 population
A,TT1057I,DE043C,2020,468.28,,,DE043C,DE,,2020,cars_per_1000,Number of registered cars per 1000 population
A,TT1057I,DE043C,2021,478.17,,,DE043C,DE,,2021,cars_per_1000,Number of registered cars per 1000 population
A,TT1057I,DE044C,2015,441.32,,,DE044C,DE,,2015,cars_per_1000,Number of registered cars per 1000 population
A,TT1057I,DE044C,2016,441.73,,,DE044C,DE,,2016,cars_per_1000,Number of registered cars per 1000 population
A,TT1057I,DE044C,2017,438.42,,,DE044C,DE,,2017,cars_per_1000,Number of registered cars per 1000 population
A,TT1057I,DE044C,2018,441.8,,,DE044C,DE,,2018,cars_per_1000,Number of registered cars per 1000 population
A,TT1057I,DE044C,2019,447.76,,,DE044C,DE,,2019,cars_per_1000,Number of registered cars per 1000 population
A,TT1057I,DE044C,2020,451.1,,,DE044C,DE,,2020,cars_per_1000,Number of registered cars per 1000 population
A,TT1057I,DE044C,2021,455.8,,,DE044C,DE,,2021,cars_per_1000,Number of registered cars per 1000 population
A,TT1057I,DE045C,2015,470.24,,,DE045C,DE,,2015,cars_per_1000,Number of registered cars per 1000 population
A,TT1057I,DE045C,2016,471.62,,,DE045C,DE,,2016,cars_per_1000,Number of registered cars per 1000 population
A,TT1057I,DE045C,2017,477.36,,,DE045C,DE,,2017,cars_per_1000,Number of registered cars per 1000 population
A,TT1057I,DE045C,2018,479.3,,,DE045C,DE,,2018,cars_per_1000,Number of registered cars per 1000 population
A,TT1057I,DE045C,2019,485.19,,,DE045C,DE,,2019,cars_per_1000,Number of registered cars per 1000 population
A,TT1057I,DE045C,2020,491.91,,,DE045C,DE,,2020,cars_per_1000,Number of registered cars per 1000 population
A,TT1057I,DE045C,2021,500.25,,,DE045C,DE,,2021,cars_per_1000,Number of registered cars per 1000 population
A,TT1057I,DE046C,2015,457.55,,,DE046C,DE,,2015,cars_per_1000,Number of registered cars per 1000 population
A,TT1057I,DE046C,2016,457.89,,,DE046C,DE,,2016,cars_per_1000,Number of registered cars per 1000 population
A,TT1057I,DE046C,2017,464.86,,,DE046C,DE,,2017,cars_per_1000,Number of registered cars per 1000 population
A,TT1057I,DE046C,2018,467.5,,,DE046C,DE,,2018,cars_per_1000,Number of registered cars per 1000 population
A,TT1057I,DE046C,2019,473.86,,,DE046C,DE,,2019,cars_per_1000,Number of registered cars per 1000 population
A,TT1057I,DE046C,2020,473.88,,,DE046C,DE,,2020,cars_per_1000,Number of registered cars per 1000 population
A,TT1057I,DE046C,2021,475.55,,,DE046C,DE,,2021,cars_per_1000,Number of registered cars per 1000 population
A,TT1057I,DE047C,2015,360.69,,,DE047C,DE,,2015,cars_per_1000,Number of registered cars per 1000 population
A,TT1057I,DE047C,2016,358.57,,,DE047C,DE,,2016,cars_per_1000,Number of registered cars per 1000 population
A,TT1057I,DE047C,2017,361.08,,,DE047C,DE,,2017,cars_per_1000,Number of registered cars per 1000 population
A,TT1057I,DE047C,2018,362.14,,,DE047C,DE,,2018,cars_per_1000,Number of registered cars per 1000 population
A,TT1057I,DE047C,2019,361.39,,,DE047C,DE,,2019,cars_per_1000,Number of registered cars per 1000 population
A,TT1057I,DE047C,2020,360.58,,,DE047C,DE,,2020,cars_per_1000,Number of registered cars per 1000 population
A,TT1057I,DE047C,2021,368.55,,,DE047C,DE,,2021,cars_per_1000,Number of registered cars per 1000 population
A,TT1057I,DE048C,2015,490.47,,,DE048C,DE,,2015,cars_per_1000,Number of registered cars per 1000 population
A,TT1057I,DE048C,2016,482.64,,,DE048C,DE,,2016,cars_per_1000,Number of registered cars per 1000 population
A,TT1057I,DE048C,2017,497.1,,,DE048C,DE,,2017,cars_per_1000,Number of registered cars per 1000 population
A,TT1057I,DE048C,2018,504.1,,,DE048C,DE,,2018,cars_per_1000,Number of registered cars per 1000 population
A,TT1057I,DE048C,2019,512.38,,,DE048C,DE,,2019,cars_per_1000,Number of registered cars per 1000 population
A,TT1057I,DE048C,2020,516.01,,,DE048C,DE,,2020,cars_per_1000,Number of registered cars per 1000 population
A,TT1057I,DE048C,2021,524.8,,,DE048C,DE,,2021,cars_per_1000,Number of registered cars per 1000 population
A,TT1057I,DE049C,2015,420.1,,,DE049C,DE,,2015,cars_per_1000,Number of registered cars per 1000 population
A,TT1057I,DE049C,2016,419.45,,,DE049C,DE,,2016,cars_per_1000,Number of registered cars per 1000 population
A,TT1057I,DE049C,2017,420.04,,,DE049C,DE,,2017,cars_per_1000,Number of registered cars per 1000 population
A,TT1057I,DE049C,2018,422.4,,,DE049C,DE,,2018,cars_per_1000,Number of registered cars per 1000 population
A,TT1057I,DE049C,2019,424.16,,,DE049C,DE,,2019,cars_per_1000,Number of registered cars per 1000 population
A,TT1057I,DE049C,2020,426.91,,,DE049C,DE,,2020,cars_per_1000,Number of registered cars per 1000 population
A,TT1057I,DE049C,2021,433.88,,,DE049C,DE,,2021,cars_per_1000,Number of registered cars per 1000 population
A,TT1057I,DE050C,2015,382.61,,,DE050C,DE,,2015,cars_per_1000,Number of registered cars per 1000 population
A,TT1057I,DE050C,2016,383.28,,,DE050C,DE,,2016,cars_per_1000,Number of registered cars per 1000 population
A,TT1057I,DE050C,2017,382.75,,,DE050C,DE,,2017,cars_per_1000,Number of registered cars per 1000 population
A,TT1057I,DE050C,2018,380.64,,,DE050C,DE,,2018,cars_per_1000,Number of registered cars per 1000 population
A,TT1057I,DE050C,2019,380.97,,,DE050C,DE,,2019,cars_per_1000,Number of registered cars per 1000 population
A,TT1057I,DE050C,2020,383.24,,,DE050C,DE,,2020,cars_per_1000,Number of registered cars per 1000 population
A,TT1057I,DE050C,2021,394.3,,,DE050C,DE,,2021,cars_per_1000,Number of registered cars per 1000 population
A,TT1057I,DE051C,2015,378.19,,,DE051C,DE,,2015,cars_per_1000,Number of registered cars per 1000 population
A,TT1057I,DE051C,2016,377.96,,,DE051C,DE,,2016,cars_per_1000,Number of registered cars per 1000 population
A,TT1057I,DE051C,2017,378.77,,,DE051C,DE,,2017,cars_per_1000,Number of registered cars per 1000 population
A,TT1057I,DE051C,2018,380.51,,,DE051C,DE,,2018,cars_per_1000,Number of registered cars per 1000 population
A,TT1057I,DE051C,2019,382.39,,,DE051C,DE,,2019,cars_per_1000,Number of registered cars per 1000 population
A,TT1057I,DE051C,2020,384.32,,,DE051C,DE,,2020,cars_per_1000,Number of registered cars per 1000 population
A,TT1057I,DE051C,2021,395.0,,,DE051C,DE,,2021,cars_per_1000,Number of registered cars per 1000 population
A,TT1057I,DE052C,2015,444.42,,,DE052C,DE,,2015,cars_per_1000,Number of registered cars per 1000 population
A,TT1057I,DE052C,2016,442.24,,,DE052C,DE,,2016,cars_per_1000,Number of registered cars per 1000 population
A,TT1057I,DE052C,2017,448.0,,,DE052C,DE,,2017,cars_per_1000,Number of registered cars per 1000 population
A,TT1057I,DE052C,2018,456.75,,,DE052C,DE,,2018,cars_per_1000,Number of registered cars per 1000 population
A,TT1057I,DE052C,2019,460.48,,,DE052C,DE,,2019,cars_per_1000,Number of registered cars per 1000 population
A,TT1057I,DE052C,2020,460.04,,,DE052C,DE,,2020,cars_per_1000,Number of registered cars per 1000 population
A,TT1057I,DE052C,2021,471.11,,,DE052C,DE,,2021,cars_per_1000,Number of registered cars per 1000 population
A,TT1057I,DE053C,2015,426.65,,,DE053C,DE,,2015,cars_per_1000,Number of registered cars per 1000 population
A,TT1057I,DE053C,2016,427.39,,,DE053C,DE,,2016,cars_per_1000,Number of registered cars per 1000 population
A,TT1057I,DE053C,2017,429.55,,,DE053C,DE,,2017,cars_per_1000,Number of registered cars per 1000 population
A,TT1057I,DE053C,2018,431.21,,,DE053C,DE,,2018,cars_per_1000,Number of registered cars per 1000 population
A,TT1057I,DE053C,2019,430.65,,,DE053C,DE,,2019,cars_per_1000,Number of registered cars per 1000 population
A,TT1057I,DE053C,2020,432.44,,,DE053C,DE,,2020,cars_per_1000,Number of registered cars per 1000 population
A,TT1057I,DE053C,2021,438.51,,,DE053C,DE,,2021,cars_per_1000,Number of registered cars per 1000 population
A,TT1057I,DE054C,2015,342.38,,,DE054C,DE,,2015,cars_per_1000,Number of registered cars per 1000 population
A,TT1057I,DE054C,2016,344.31,,,DE054C,DE,,2016,cars_per_1000,Number of registered cars per 1000 population
A,TT1057I,DE054C,2017,342.12,,,DE054C,DE,,2017,cars_per_1000,Number of registered cars per 1000 population
A,TT1057I,DE054C,2018,346.1,,,DE054C,DE,,2018,cars_per_1000,Number of registered cars per 1000 population
A,TT1057I,DE054C,2019,346.83,,,DE054C,DE,,2019,cars_per_1000,Number of registered cars per 1000 population
A,TT1057I,DE054C,2020,344.24,,,DE054C,DE,,2020,cars_per_1000,Number of registered cars per 1000 population
A,TT1057I,DE054C,2021,350.99,,,DE054C,DE,,2021,cars_per_1000,Number of registered cars per 1000 population
A,TT1057I,DE055C,2015,389.7,,,DE055C,DE,,2015,cars_per_1000,Number of registered cars per 1000 population
A,TT1057I,DE055C,2016,388.46,,,DE055C,DE,,2016,cars_per_1000,Number of registered cars per 1000 population
A,TT1057I,DE055C,2017,391.92,,,DE055C,DE,,2017,cars_per_1000,Number of registered cars per 1000 population
A,TT1057I,DE055C,2018,394.24,,,DE055C,DE,,2018,cars_per_1000,Number of registered cars per 1000 population
A,TT1057I,DE055C,2019,398.1,,,DE055C,DE,,2019,cars_per_1000,Number of registered cars per 1000 population
A,TT1057I,DE055C,2020,402.28,,,DE055C,DE,,2020,cars_per_1000,Number of registered cars per 1000 population
A,TT1057I,DE055C,2021,412.65,,,DE055C,DE,,2021,cars_per_1000,Number of registered cars per 1000 population
A,TT1057I,DE056C,2015,424.56,,,DE056C,DE,,2015,cars_per_1000,Number of registered cars per 1000 population
A,TT1057I,DE056C,2016,426.23,,,DE056C,DE,,2016,cars_per_1000,Number of registered cars per 1000 population
A,TT1057I,DE056C,2017,426.55,,,DE056C,DE,,2017,cars_per_1000,Number of registered cars per 1000 population
A,TT1057I,DE056C,2018,425.82,,,DE056C,DE,,2018,cars_per_1000,Number of registered cars per 1000 population
A,TT1057I,DE056C,2019,427.14,,,DE056C,DE,,2019,cars_per_1000,Number of registered cars per 1000 population
A,TT1057I,DE056C,2020,430.42,,,DE056C,DE,,2020,cars_per_1000,Number of registered cars per 1000 population
A,TT1057I,DE056C,2021,440.15,,,DE056C,DE,,2021,cars_per_1000,Number of registered cars per 1000 population
A,TT1057I,DE057C,2015,481.4,,,DE057C,DE,,2015,cars_per_1000,Number of registered cars per 1000 population
A,TT1057I,DE057C,2016,481.68,,,DE057C,DE,,2016,cars_per_1000,Number of registered cars per 1000 population
A,TT1057I,DE057C,2017,489.46,,,DE057C,DE,,2017,cars_per_1000,Number of registered cars per 1000 population
A,TT1057I,DE057C,2018,493.04,,,DE057C,DE,,2018,cars_per_1000,Number of registered cars per 1000 population
A,TT1057I,DE057C,2019,499.08,,,DE057C,DE,,2019,cars_per_1000,Number of registered cars per 1000 population
A,TT1057I,DE057C,2020,502.44,,,DE057C,DE,,2020,cars_per_1000,Number of registered cars per 1000 population
A,TT1057I,DE057C,2021,510.14,,,DE057C,DE,,2021,cars_per_1000,Number of registered cars per 1000 population
A,TT1057I,DE058C,2015,477.86,,,DE058C,DE,,2015,cars_per_1000,Number of registered cars per 1000 population
A,TT1057I,DE058C,2016,480.0,,,DE058C,DE,,2016,cars_per_1000,Number of registered cars per 1000 population
A,TT1057I,DE058C,2017,488.03,,,DE058C,DE,,2017,cars_per_1000,Number of registered cars per 1000 population
A,TT1057I,DE058C,2018,488.96,,,DE058C,DE,,2018,cars_per_1000,Number of registered cars per 1000 population
A,TT1057I,DE058C,2019,492.48,,,DE058C,DE,,2019,cars_per_1000,Number of registered cars per 1000 population
A,TT1057I,DE058C,2020,496.75,,,DE058C,DE,,2020,cars_per_1000,Number of registered cars per 1000 population
A,TT1057I,DE058C,2021,504.83,,,DE058C,DE,,2021,cars_per_1000,Number of registered cars per 1000 population
A,TT1057I,DE059C,2015,424.07,,,DE059C,DE,,2015,cars_per_1000,Number of registered cars per 1000 population
A,TT1057I,DE059C,2016,423.94,,,DE059C,DE,,2016,cars_per_1000,Number of registered cars per 1000 population
A,TT1057I,DE059C,2017,420.53,,,DE059C,DE,,2017,cars_per_1000,Number of registered cars per 1000 population
A,TT1057I,DE059C,2018,420.76,,,DE059C,DE,,2018,cars_per_1000,Number of registered cars per 1000 population
A,TT1057I,DE059C,2019,424.43,,,DE059C,DE,,2019,cars_per_1000,Number of registered cars per 1000 population
A,TT1057I,DE059C,2020,429.58,,,DE059C,DE,,2020,cars_per_1000,Number of registered cars per 1000 population
A,TT1057I,DE059C,2021,438.3,,,DE059C,DE,,2021,cars_per_1000,Number of registered cars per 1000 population
A,TT1057I,DE060C,2015,463.38,,,DE060C,DE,,2015,cars_per_1000,Number of registered cars per 1000 population
A,TT1057I,DE060C,2016,459.9,,,DE060C,DE,,2016,cars_per_1000,Number of registered cars per 1000 population
A,TT1057I,DE060C,2017,464.74,,,DE060C,DE,,2017,cars_per_1000,Number of registered cars per 1000 population
A,TT1057I,DE060C,2018,467.23,,,DE060C,DE,,2018,cars_per_1000,Number of registered cars per 1000 population
A,TT1057I,DE060C,2019,472.18,,,DE060C,DE,,2019,cars_per_1000,Number of registered cars per 1000 population
A,TT1057I,DE060C,2020,478.58,,,DE060C,DE,,2020,cars_per_1000,Number of registered cars per 1000 population
A,TT1057I,DE060C,2021,486.05,,,DE060C,DE,,2021,cars_per_1000,Number of registered cars per 1000 population
A,TT1057I,DE061C,2015,432.59,,,DE061C,DE,,2015,cars_per_1000,Number of registered cars per 1000 population
A,TT1057I,DE061C,2016,429.84,,,DE061C,DE,,2016,cars_per_1000,Number of registered cars per 1000 population
A,TT1057I,DE061C,2017,430.5,,,DE061C,DE,,2017,cars_per_1000,Number of registered cars per 1000 population
A,TT1057I,DE061C,2018,428.38,,,DE061C,DE,,2018,cars_per_1000,Number of registered cars per 1000 population
A,TT1057I,DE061C,2019,432.22,,,DE061C,DE,,2019,cars_per_1000,Number of registered cars per 1000 population
A,TT1057I,DE061C,2020,435.25,,,DE061C,DE,,2020,cars_per_1000,Number of registered cars per 1000 population
A,TT1057I,DE061C,2021,441.73,,,DE061C,DE,,2021,cars_per_1000,Number of registered cars per 1000 population
A,TT1057I,DE062C,2015,448.7,,,DE062C,DE,,2015,cars_per_1000,Number of registered cars per 1000 population
A,TT1057I,DE062C,2016,446.84,,,DE062C,DE,,2016,cars_per_1000,Number of registered cars per 1000 population
A,TT1057I,DE062C,2017,453.49,,,DE062C,DE,,2017,cars_per_1000,Number of registered cars per 1000 population
A,TT1057I,DE062C,2018,460.68,,,DE062C,DE,,2018,cars_per_1000,Number of registered cars per 1000 population
A,TT1057I,DE062C,2019,463.39,,,DE062C,DE,,2019,cars_per_1000,Number of registered cars per 1000 population
A,TT1057I,DE062C,2020,468.25,,,DE062C,DE,,2020,cars_per_1000,Number of registered cars per 1000 population
A,TT1057I,DE062C,2021,478.98,,,DE062C,DE,,2021,cars_per_1000,Number of registered cars per 1000 population
A,TT1057I,DE063C,2015,460.41,,,DE063C,DE,,2015,cars_per_1000,Number of registered cars per 1000 population
A,TT1057I,DE063C,2016,460.3,,,DE063C,DE,,2016,cars_per_1000,Number of registered cars per 1000 population
A,TT1057I,DE063C,2017,462.78,,,DE063C,DE,,2017,cars_per_1000,Number of registered cars per 1000 population
A,TT1057I,DE063C,2018,463.95,,,DE063C,DE,,2018,cars_per_1000,Number of registered cars per 1000 population
A,TT1057I,DE063C,2019,471.51,,,DE063C,DE,,2019,cars_per_1000,Number of registered cars per 1000 population
A,TT1057I,DE063C,2020,477.82,,,DE063C,DE,,2020,cars_per_1000,Number of registered cars per 1000 population
A,TT1057I,DE063C,2021,488.13,,,DE063C,DE,,2021,cars_per_1000,Number of registered cars per 1000 population
A,TT1057I,DE064C,2015,440.59,,,DE064C,DE,,2015,cars_per_1000,Number of registered cars per 1000 population
A,TT1057I,DE064C,2016,439.27,,,DE064C,DE,,2016,cars_per_1000,Number of registered cars per 1000 population
A,TT1057I,DE064C,2017,445.51,,,DE064C,DE,,2017,cars_per_1000,Number of registered cars per 1000 population
A,TT1057I,DE064C,2018,448.3,,,DE064C,DE,,2018,cars_per_1000,Number of registered cars per 1000 population
A,TT1057I,DE064C,2019,450.03,,,DE064C,DE,,2019,cars_per_1000,Number of registered cars per 1000 population
A,TT1057I,DE064C,2020,451.84,,,DE064C,DE,,2020,cars_per_1000,Number of registered cars per 1000 population
A,TT1057I,DE064C,2021,462.62,,,DE064C,DE,,2021,cars_per_1000,Number of registered cars per 1000 population
A,TT1057I,DE065C,2015,486.07,,,DE065C,DE,,2015,cars_per_1000,Number of registered cars per 1000 population
A,TT1057I,DE065C,2016,481.39,,,DE065C,DE,,2016,cars_per_1000,Number of registered cars per 1000 population
A,TT1057I,DE065C,2017,488.74,,,DE065C,DE,,2017,cars_per_1000,Number of registered cars per 1000 population
A,TT1057I,DE065C,2018,490.75,,,DE065C,DE,,2018,cars_per_1000,Number of registered cars per 1000 population
A,TT1057I,DE065C,2019,493.08,,,DE065C,DE,,2019,cars_per_1000,Number of registered cars per 1000 population
A,TT1057I,DE065C,2020,497.43,,,DE065C,DE,,2020,cars_per_1000,Number of registered cars per 1000 population
A,TT1057I,DE065C,2021,501.9,,,DE065C,DE,,2021,cars_per_1000,Number of registered cars per 1000 population
A,TT1057I,DE066C,2015,448.54,,,DE066C,DE,,2015,cars_per_1000,Number of registered cars per 1000 population
A,TT1057I,DE066C,2016,448.19,,,DE066C,DE,,2016,cars_per_1000,Number of registered cars per 1000 population
A,TT1057I,DE066C,2017,451.14,,,DE066C,DE,,2017,cars_per_1000,Number of registered cars per 1000 population
A,TT1057I,DE066C,2018,453.8,,,DE066C,DE,,2018,cars_per_1000,Number of registered cars per 1000 population
A,TT1057I,DE066C,2019,459.1,,,DE066C,DE,,2019,cars_per_1000,Number of registered cars per 1000 population
A,TT1057I,DE066C,2020,464.67,,,DE066C,DE,,2020,cars_per_1000,Number of registered cars per 1000 population
A,TT1057I,DE066C,2021,474.86,,,DE066C,DE,,2021,cars_per_1000,Number of registered cars per 1000 population
A,TT1057I,DE067C,2015,476.28,,,DE067C,DE,,2015,cars_per_1000,Number of registered cars per 1000 population
A,TT1057I,DE067C,2016,476.5,,,DE067C,DE,,2016,cars_per_1000,Number of registered cars per 1000 population
A,TT1057I,DE067C,2017,484.01,,,DE067C,DE,,2017,cars_per_1000,Number of registered cars per 1000 population
A,TT1057I,DE067C,2018,490.24,,,DE067C,DE,,2018,cars_per_1000,Number of registered cars per 1000 population
A,TT1057I,DE067C,2019,494.99,,,DE067C,DE,,2019,cars_per_1000,Number of registered cars per 1000 population
A,TT1057I,DE067C,2020,496.0,,,DE067C,DE,,2020,cars_per_1000,Number of registered cars per 1000 population
A,TT1057I,DE067C,2021,501.48,,,DE067C,DE,,2021,cars_per_1000,Number of registered cars per 1000 population
A,TT1057I,DE068C,2015,390.89,,,DE068C,DE,,2015,cars_per_1000,Number of registered cars per 1000 population
A,TT1057I,DE068C,2016,389.28,,,DE068C,DE,,2016,cars_per_1000,Number of registered cars per 1000 population
A,TT1057I,DE068C,2017,386.78,,,DE068C,DE,,2017,cars_per_1000,Number of registered cars per 1000 population
A,TT1057I,DE068C,2018,387.77,,,DE068C,DE,,2018,cars_per_1000,Number of registered cars per 1000 population
A,TT1057I,DE068C,2019,394.66,,,DE068C,DE,,2019,cars_per_1000,Number of registered cars per 1000 population
A,TT1057I,DE068C,2020,400.35,,,DE068C,DE,,2020,cars_per_1000,Number of registered cars per 1000 population
A,TT1057I,DE068C,2021,411.15,,,DE068C,DE,,2021,cars_per_1000,Number of registered cars per 1000 population
A,TT1057I,DE069C,2015,497.98,,,DE069C,DE,,2015,cars_per_1000,Number of registered cars per 1000 population
A,TT1057I,DE069C,2016,500.17,,,DE069C,DE,,2016,cars_per_1000,Number of registered cars per 1000 population
A,TT1057I,DE069C,2017,506.7,,,DE069C,DE,,2017,cars_per_1000,Number of registered cars per 1000 population
A,TT1057I,DE069C,2018,508.5,,,DE069C,DE,,2018,cars_per_1000,Number of registered cars per 1000 population
A,TT1057I,DE069C,2019,510.21,,,DE069C,DE,,2019,cars_per_1000,Number of registered cars per 1000 population
A,TT1057I,DE069C,2020,513.6,,,DE069C,DE,,2020,cars_per_1000,Number of registered cars per 1000 population
A,TT1057I,DE069C,2021,520.36,,,DE069C,DE,,2021,cars_per_1000,Number of registered cars per 1000 population
A,TT1057I,DE070C,2015,484.98,,,DE070C,DE,,2015,cars_per_1000,Number of registered cars per 1000 population
A,TT1057I,DE070C,2016,485.23,,,DE070C,DE,,2016,cars_per_1000,Number of registered cars per 1000 population
A,TT1057I,DE070C,2017,491.98,,,DE070C,DE,,2017,cars_per_1000,Number of registered cars per 1000 population
A,TT1057I,DE070C,2018,495.36,,,DE070C,DE,,2018,cars_per_1000,Number of registered cars per 1000 population
A,TT1057I,DE070C,2019,497.2,,,DE070C,DE,,2019,cars_per_1000,Number of registered cars per 1000 population
A,TT1057I,DE070C,2020,37.62,,,DE070C,DE,,2020,cars_per_1000,Number of registered cars per 1000 population
A,TT1057I,DE070C,2021,505.41,,,DE070C,DE,,2021,cars_per_1000,Number of registered cars per 1000 population
A,TT1057I,DE071C,2015,394.79,,,DE071C,DE,,2015,cars_per_1000,Number of registered cars per 1000 population
A,TT1057I,DE071C,2016,390.15,,,DE071C,DE,,2016,cars_per_1000,Number of registered cars per 1000 population
A,TT1057I,DE071C,2017,390.63,,,DE071C,DE,,2017,cars_per_1000,Number of registered cars per 1000 population
A,TT1057I,DE071C,2018,392.08,,,DE071C,DE,,2018,cars_per_1000,Number of registered cars per 1000 population
A,TT1057I,DE071C,2019,398.18,,,DE071C,DE,,2019,cars_per_1000,Number of registered cars per 1000 population
A,TT1057I,DE071C,2020,405.27,,,DE071C,DE,,2020,cars_per_1000,Number of registered cars per 1000 population
A,TT1057I,DE071C,2021,410.82,,,DE071C,DE,,2021,cars_per_1000,Number of registered cars per 1000 population
A,TT1057I,DE072C,2015,517.07,,,DE072C,DE,,2015,cars_per_1000,Number of registered cars per 1000 population
A,TT1057I,DE072C,2016,514.01,,,DE072C,DE,,2016,cars_per_1000,Number of registered cars per 1000 population
A,TT1057I,DE072C,2017,515.48,,,DE072C,DE,,2017,cars_per_1000,Number of registered cars per 1000 population
A,TT1057I,DE072C,2018,520.29,,,DE072C,DE,,2018,cars_per_1000,Number of registered cars per 1000 population
A,TT1057I,DE072C,2019,524.07,,,DE072C,DE,,2019,cars_per_1000,Number of registered cars per 1000 population
A,TT1057I,DE072C,2020,526.21,,,DE072C,DE,,2020,cars_per_1000,Number of registered cars per 1000 population
A,TT1057I,DE072C,2021,533.46,,,DE072C,DE,,2021,cars_per_1000,Number of registered cars per 1000 population
A,TT1057I,DE073C,2015,469.27,,,DE073C,DE,,2015,cars_per_1000,Number of registered cars per 1000 population
A,TT1057I,DE073C,2016,468.21,,,DE073C,DE,,2016,cars_per_1000,Number of registered cars per 1000 population
A,TT1057I,DE073C,2017,479.17,,,DE073C,DE,,2017,cars_per_1000,Number of registered cars per 1000 population
A,TT1057I,DE073C,2018,482.58,,,DE073C,DE,,2018,cars_per_1000,Number of registered cars per 1000 population
A,TT1057I,DE073C,2019,484.75,,,DE073C,DE,,2019,cars_per_1000,Number of registered cars per 1000 population
A,TT1057I,DE073C,2020,488.39,,,DE073C,DE,,2020,cars_per_1000,Number of registered cars per 1000 population
A,TT1057I,DE073C,2021,496.8,,,DE073C,DE,,2021,cars_per_1000,Number of registered cars per 1000 population
A,TT1057I,DE074C,2015,421.6,,,DE074C,DE,,2015,cars_per_1000,Number of registered cars per 1000 population
A,TT1057I,DE074C,2016,424.96,,,DE074C,DE,,2016,cars_per_1000,Number of registered cars per 1000 population
A,TT1057I,DE074C,2017,423.77,,,DE074C,DE,,2017,cars_per_1000,Number of registered cars per 1000 population
A,TT1057I,DE074C,2018,425.34,,,DE074C,DE,,2018,cars_per_1000,Number of registered cars per 1000 population
A,TT1057I,DE074C,2019,428.32,,,DE074C,DE,,2019,cars_per_1000,Number of registered cars per 1000 population
A,TT1057I,DE074C,2020,440.72,,,DE074C,DE,,2020,cars_per_1000,Number of registered cars per 1000 population
A,TT1057I,DE074C,2021,451.25,,,DE074C,DE,,2021,cars_per_1000,Number of registered cars per 1000 population
A,TT1057I,DE075C,2015,364.22,,,DE075C,DE,,2015,cars_per_1000,Number of registered cars per 1000 population
A,TT1057I,DE075C,2016,363.18,,,DE075C,DE,,2016,cars_per_1000,Number of registered cars per 1000 population
A,TT1057I,DE075C,2017,362.99,,,DE075C,DE,,2017,cars_per_1000,Number of registered cars per 1000 population
A,TT1057I,DE075C,2018,364.35,,,DE075C,DE,,2018,cars_per_1000,Number of registered cars per 1000 population
A,TT1057I,DE075C,2019,367.08,,,DE075C,DE,,2019,cars_per_1000,Number of registered cars per 1000 population
A,TT1057I,DE075C,2020,373.33,,,DE075C,DE,,2020,cars_per_1000,Number of registered cars per 1000 population
A,TT1057I,DE075C,2021,380.03,,,DE075C,DE,,2021,cars_per_1000,Number of registered cars per 1000 population
A,TT1057I,DE076C,2015,502.05,,,DE076C,DE,,2015,cars_per_1000,Number of registered cars per 1000 population
A,TT1057I,DE076C,2016,506.15,,,DE076C,DE,,2016,cars_per_1000,Number of registered cars per 1000 population
A,TT1057I,DE076C,2017,504.77,,,DE076C,DE,,2017,cars_per_1000,Number of registered cars per 1000 population
A,TT1057I,DE076C,2018,508.48,,,DE076C,DE,,2018,cars_per_1000,Number of registered cars per 1000 population
A,TT1057I,DE076C,2019,514.16,,,DE076C,DE,,2019,cars_per_1000,Number of registered cars per 1000 population
A,TT1057I,DE076C,2020,520.42,,,DE076C,DE,,2020,cars_per_1000,Number of registered cars per 1000 population
A,TT1057I,DE076C,2021,524.97,,,DE076C,DE,,2021,cars_per_1000,Number of registered cars per 1000 population
A,TT1057I,DE077C,2015,485.69,,,DE077C,DE,,2015,cars_per_1000,Number of registered cars per 1000 population
A,TT1057I,DE077C,2016,490.79,,,DE077C,DE,,2016,cars_per_1000,Number of registered cars per 1000 population
A,TT1057I,DE077C,2017,493.32,,,DE077C,DE,,2017,cars_per_1000,Number of registered cars per 1000 population
A,TT1057I,DE077C,2018,496.24,,,DE077C,DE,,2018,cars_per_1000,Number of registered cars per 1000 population
A,TT1057I,DE077C,2019,504.51,,,DE077C,DE,,2019,cars_per_1000,Number of registered cars per 1000 population
A,TT1057I,DE077C,2020,507.78,,,DE077C,DE,,2020,cars_per_1000,Number of registered cars per 1000 population
A,TT1057I,DE077C,2021,513.21,,,DE077C,DE,,2021,cars_per_1000,Number of registered cars per 1000 population
A,TT1057I,DE078C,2015,432.27,,,DE078C,DE,,2015,cars_per_1000,Number of registered cars per 1000 population
A,TT1057I,DE078C,2016,434.9,,,DE078C,DE,,2016,cars_per_1000,Number of registered cars per 1000 population
A,TT1057I,DE078C,2017,439.81,,,DE078C,DE,,2017,cars_per_1000,Number of registered cars per 1000 population
A,TT1057I,DE078C,2018,438.46,,,DE078C,DE,,2018,cars_per_1000,Number of registered cars per 1000 population
A,TT1057I,DE078C,2019,440.85,,,DE078C,DE,,2019,cars_per_1000,Number of registered cars per 1000 population
A,TT1057I,DE078C,2020,447.97,,,DE078C,DE,,2020,cars_per_1000,Number of registered cars per 1000 population
A,TT1057I,DE078C,2021,456.99,,,DE078C,DE,,2021,cars_per_1000,Number of registered cars per 1000 population
A,TT1057I,DE079C,2015,461.6,,,DE079C,DE,,2015,cars_per_1000,Number of registered cars per 1000 population
A,TT1057I,DE079C,2016,464.47,,,DE079C,DE,,2016,cars_per_1000,Number of registered cars per 1000 population
A,TT1057I,DE079C,2017,466.36,,,DE079C,DE,,2017,cars_per_1000,Number of registered cars per 1000 population
A,TT1057I,DE079C,2018,468.91,,,DE079C,DE,,2018,cars_per_1000,Number of registered cars per 1000 population
A,TT1057I,DE079C,2019,474.27,,,DE079C,DE,,2019,cars_per_1000,Number of registered cars per 1000 population
A,TT1057I,DE079C,2020,479.96,,,DE079C,DE,,2020,cars_per_1000,Number of registered cars per 1000 population
A,TT1057I,DE079C,2021,485.24,,,DE079C,DE,,2021,cars_per_1000,Number of registered cars per 1000 population
A,TT1057I,DE080C,2015,414.22,,,DE080C,DE,,2015,cars_per_1000,Number of registered cars per 1000 population
A,TT1057I,DE080C,2016,413.32,,,DE080C,DE,,2016,cars_per_1000,Number of registered cars per 1000 population
A,TT1057I,DE080C,2017,412.01,,,DE080C,DE,,2017,cars_per_1000,Number of registered cars per 1000 population
A,TT1057I,DE080C,2018,418.06,,,DE080C,DE,,2018,cars_per_1000,Number of registered cars per 1000 population
A,TT1057I,DE080C,2019,421.38,,,DE080C,DE,,2019,cars_per_1000,Number of registered cars per 1000 population
A,TT1057I,DE080C,2020,427.26,,,DE080C,DE,,2020,cars_per_1000,Number of registered cars per 1000 population
A,TT1057I,DE080C,2021,434.45,,,DE080C,DE,,2021,cars_per_1000,Number of registered cars per 1000 population
A,TT1057I,DE081C,2015,397.55,,,DE081C,DE,,2015,cars_per_1000,Number of registered cars per 1000 population
A,TT1057I,DE081C,2016,394.46,,,DE081C,DE,,2016,cars_per_1000,Number of registered cars per 1000 population
A,TT1057I,DE081C,2017,399.58,,,DE081C,DE,,2017,cars_per_1000,Number of registered cars per 1000 population
A,TT1057I,DE081C,2018,398.83,,,DE081C,DE,,2018,cars_per_1000,Number of registered cars per 1000 population
A,TT1057I,DE081C,2019,399.35,,,DE081C,DE,,2019,cars_per_1000,Number of registered cars per 1000 population
A,TT1057I,DE081C,2020,399.59,,,DE081C,DE,,2020,cars_per_1000,Number of registered cars per 1000 population
A,TT1057I,DE081C,2021,406.2,,,DE081C,DE,,2021,cars_per_1000,Number of registered cars per 1000 population
A,TT1057I,DE082C,2015,409.63,,,DE082C,DE,,2015,cars_per_1000,Number of registered cars per 1000 population
A,TT1057I,DE082C,2016,410.33,,,DE082C,DE,,2016,cars_per_1000,Number of registered cars per 1000 population
A,TT1057I,DE082C,2017,411.66,,,DE082C,DE,,2017,cars_per_1000,Number of registered cars per 1000 population
A,TT1057I,DE082C,2018,420.35,,,DE082C,DE,,2018,cars_per_1000,Number of registered cars per 1000 population
A,TT1057I,DE082C,2019,424.56,,,DE082C,DE,,2019,cars_per_1000,Number of registered cars per 1000 population
A,TT1057I,DE082C,2020,431.18,,,DE082C,DE,,2020,cars_per_1000,Number of registered cars per 1000 population
A,TT1057I,DE082C,2021,438.01,,,DE082C,DE,,2021,cars_per_1000,Number of registered cars per 1000 population
A,TT1057I,DE083C,2015,385.56,,,DE083C,DE,,2015,cars_per_1000,Number of registered cars per 1000 population
A,TT1057I,DE083C,2016,382.18,,,DE083C,DE,,2016,cars_per_1000,Number of registered cars per 1000 population
A,TT1057I,DE083C,2017,384.07,,,DE083C,DE,,2017,cars_per_1000,Number of registered cars per 1000 population
A,TT1057I,DE083C,2018,387.13,,,DE083C,DE,,2018,cars_per_1000,Number of registered cars per 1000 population
A,TT1057I,DE083C,2019,390.33,,,DE083C,DE,,2019,cars_per_1000,Number of registered cars per 1000 population
A,TT1057I,DE083C,2020,391.94,,,DE083C,DE,,2020,cars_per_1000,Number of registered cars per 1000 population
A,TT1057I,DE083C,2021,397.27,,,DE083C,DE,,2021,cars_per_1000,Number of registered cars per 1000 population
A,TT1057I,DE084C,2015,432.75,,,DE084C,DE,,2015,cars_per_1000,Number of registered cars per 1000 population
A,TT1057I,DE084C,2016,428.23,,,DE084C,DE,,2016,cars_per_1000,Number of registered cars per 1000 population
A,TT1057I,DE084C,2017,435.73,,,DE084C,DE,,2017,cars_per_1000,Number of registered cars per 1000 population
A,TT1057I,DE084C,2018,437.29,,,DE084C,DE,,2018,cars_per_1000,Number of registered cars per 1000 population
A,TT1057I,DE084C,2019,438.94,,,DE084C,DE,,2019,cars_per_1000,Number of registered cars per 1000 population
A,TT1057I,DE084C,2020,442.44,,,DE084C,DE,,2020,cars_per_1000,Number of registered cars per 1000 population
A,TT1057I,DE084C,2021,449.52,,,DE084C,DE,,2021,cars_per_1000,Number of registered cars per 1000 population
A,TT1057I,DE085C,2015,418.54,,,DE085C,DE,,2015,cars_per_1000,Number of registered cars per 1000 population
A,TT1057I,DE085C,2016,419.92,,,DE085C,DE,,2016,cars_per_1000,Number of registered cars per 1000 population
A,TT1057I,DE085C,2017,430.03,,,DE085C,DE,,2017,cars_per_1000,Number of registered cars per 1000 population
A,TT1057I,DE085C,2018,435.08,,,DE085C,DE,,2018,cars_per_1000,Number of registered cars per 1000 population
A,TT1057I,DE085C,2019,438.27,,,DE085C,DE,,2019,cars_per_1000,Number of registered cars per 1000 population
A,TT1057I,DE085C,2020,439.28,,,DE085C,DE,,2020,cars_per_1000,Number of registered cars per 1000 population
A,TT1057I,DE085C,2021,446.11,,,DE085C,DE,,2021,cars_per_1000,Number of registered cars per 1000 population
A,TT1057I,DE086C,2015,377.26,,,DE086C,DE,,2015,cars_per_1000,Number of registered cars per 1000 population
A,TT1057I,DE086C,2016,375.81,,,DE086C,DE,,2016,cars_per_1000,Number of registered cars per 1000 population
A,TT1057I,DE086C,2017,382.68,,,DE086C,DE,,2017,cars_per_1000,Number of registered cars per 1000 population
A,TT1057I,DE086C,2018,384.21,,,DE086C,DE,,2018,cars_per_1000,Number of registered cars per 1000 population
A,TT1057I,DE086C,2019,384.93,,,DE086C,DE,,2019,cars_per_1000,Number of registered cars per 1000 population
A,TT1057I,DE086C,2020,384.81,,,DE086C,DE,,2020,cars_per_1000,Number of registered cars per 1000 population
A,TT1057I,DE086C,2021,390.15,,,DE086C,DE,,2021,cars_per_1000,Number of registered cars per 1000 population
A,TT1057I,DE087C,2015,449.56,,,DE087C,DE,,2015,cars_per_1000,Number of registered cars per 1000 population
A,TT1057I,DE087C,2016,451.95,,,DE087C,DE,,2016,cars_per_1000,Number of registered cars per 1000 population
A,TT1057I,DE087C,2017,455.25,,,DE087C,DE,,2017,cars_per_1000,Number of registered cars per 1000 population
A,TT1057I,DE087C,2018,460.84,,,DE087C,DE,,2018,cars_per_1000,Number of registered cars per 1000 population
A,TT1057I,DE087C,2019,464.55,,,DE087C,DE,,2019,cars_per_1000,Number of registered cars per 1000 population
A,TT1057I,DE087C,2020,468.58,,,DE087C,DE,,2020,cars_per_1000,Number of registered cars per 1000 population
A,TT1057I,DE087C,2021,475.3,,,DE087C,DE,,2021,cars_per_1000,Number of registered cars per 1000 population
A,TT1057I,DE088C,2015,462.23,,,DE088C,DE,,2015,cars_per_1000,Number of registered cars per 1000 population
A,TT1057I,DE088C,2016,465.58,,,DE088C,DE,,2016,cars_per_1000,Number of registered cars per 1000 population
A,TT1057I,DE088C,2017,472.38,,,DE088C,DE,,2017,cars_per_1000,Number of registered cars per 1000 population
A,TT1057I,DE088C,2018,477.98,,,DE088C,DE,,2018,cars_per_1000,Number of registered cars per 1000 population
A,TT1057I,DE088C,2019,483.69,,,DE088C,DE,,2019,cars_per_1000,Number of registered cars per 1000 population
A,TT1057I,DE088C,2020,489.91,,,DE088C,DE,,2020,cars_per_1000,Number of registered cars per 1000 population
A,TT1057I,DE088C,2021,498.57,,,DE088C,DE,,2021,cars_per_1000,Number of registered cars per 1000 population
A,TT1057I,DE089C,2015,389.18,,,DE089C,DE,,2015,cars_per_1000,Number of registered cars per 1000 population
A,TT1057I,DE089C,2016,391.8,,,DE089C,DE,,2016,cars_per_1000,Number of registered cars per 1000 population
A,TT1057I,DE089C,2017,395.69,,,DE089C,DE,,2017,cars_per_1000,Number of registered cars per 1000 population
A,TT1057I,DE089C,2018,400.67,,,DE089C,DE,,2018,cars_per_1000,Number of registered cars per 1000 population
A,TT1057I,DE089C,2019,402.17,,,DE089C,DE,,2019,cars_per_1000,Number of registered cars per 1000 population
A,TT1057I,DE089C,2020,406.91,,,DE089C,DE,,2020,cars_per_1000,Number of registered cars per 1000 population
A,TT1057I,DE089C,2021,413.82,,,DE089C,DE,,2021,cars_per_1000,Number of registered cars per 1000 population
A,TT1057I,DE090C,2015,452.13,,,DE090C,DE,,2015,cars_per_1000,Number of registered cars per 1000 population
A,TT1057I,DE090C,2016,452.94,,,DE090C,DE,,2016,cars_per_1000,Number of registered cars per 1000 population
A,TT1057I,DE090C,2017,461.88,,,DE090C,DE,,2017,cars_per_1000,Number of registered cars per 1000 population
A,TT1057I,DE090C,2018,468.81,,,DE090C,DE,,2018,cars_per_1000,Number of registered cars per 1000 population
A,TT1057I,DE090C,2019,473.43,,,DE090C,DE,,2019,cars_per_1000,Number of registered cars per 1000 population
A,TT1057I,DE090C,2020,478.05,,,DE090C,DE,,2020,cars_per_1000,Number of registered cars per 1000 population
A,TT1057I,DE090C,2021,483.94,,,DE090C,DE,,2021,cars_per_1000,Number of registered cars per 1000 population
A,TT1057I,DE091C,2015,372.75,,,DE091C,DE,,2015,cars_per_1000,Number of registered cars per 1000 population
A,TT1057I,DE091C,2016,372.44,,,DE091C,DE,,2016,cars_per_1000,Number of registered cars per 1000 population
A,TT1057I,DE091C,2017,376.56,,,DE091C,DE,,2017,cars_per_1000,Number of registered cars per 1000 population
A,TT1057I,DE091C,2018,378.0,,,DE091C,DE,,2018,cars_per_1000,Number of registered cars per 1000 population
A,TT1057I,DE091C,2019,380.99,,,DE091C,DE,,2019,cars_per_1000,Number of registered cars per 1000 population
A,TT1057I,DE091C,2020,382.77,,,DE091C,DE,,2020,cars_per_1000,Number of registered cars per 1000 population
A,TT1057I,DE091C,2021,390.47,,,DE091C,DE,,2021,cars_per_1000,Number of registered cars per 1000 population
A,TT1057I,DE092C,2015,475.61,,,DE092C,DE,,2015,cars_per_1000,Number of registered cars per 1000 population
A,TT1057I,DE092C,2016,476.15,,,DE092C,DE,,2016,cars_per_1000,Number of registered cars per 1000 population
A,TT1057I,DE092C,2017,483.31,,,DE092C,DE,,2017,cars_per_1000,Number of registered cars per 1000 population
A,TT1057I,DE092C,2018,490.38,,,DE092C,DE,,2018,cars_per_1000,Number of registered cars per 1000 population
A,TT1057I,DE092C,2019,495.67,,,DE092C,DE,,2019,cars_per_1000,Number of registered cars per 1000 population
A,TT1057I,DE092C,2020,499.66,,,DE092C,DE,,2020,cars_per_1000,Number of registered cars per 1000 population
A,TT1057I,DE092C,2021,510.47,,,DE092C,DE,,2021,cars_per_1000,Number of registered cars per 1000 population
A,TT1057I,DE093C,2015,442.05,,,DE093C,DE,,2015,cars_per_1000,Number of registered cars per 1000 population
A,TT1057I,DE093C,2016,443.41,,,DE093C,DE,,2016,cars_per_1000,Number of registered cars per 1000 population
A,TT1057I,DE093C,2017,445.76,,,DE093C,DE,,2017,cars_per_1000,Number of registered cars per 1000 population
A,TT1057I,DE093C,2018,450.33,,,DE093C,DE,,2018,cars_per_1000,Number of registered cars per 1000 population
A,TT1057I,DE093C,2019,455.17,,,DE093C,DE,,2019,cars_per_1000,Number of registered cars per 1000 population
A,TT1057I,DE093C,2020,461.14,,,DE093C,DE,,2020,cars_per_1000,Number of registered cars per 1000 population
A,TT1057I,DE093C,2021,465.19,,,DE093C,DE,,2021,cars_per_1000,Number of registered cars per 1000 population
A,TT1057I,DE094C,2015,488.07,,,DE094C,DE,,2015,cars_per_1000,Number of registered cars per 1000 population
A,TT1057I,DE094C,2016,490.27,,,DE094C,DE,,2016,cars_per_1000,Number of registered cars per 1000 population
A,TT1057I,DE094C,2017,497.23,,,DE094C,DE,,2017,cars_per_1000,Number of registered cars per 1000 population
A,TT1057I,DE094C,2018,504.12,,,DE094C,DE,,2018,cars_per_1000,Number of registered cars per 1000 population
A,TT1057I,DE094C,2019,508.96,,,DE094C,DE,,2019,cars_per_1000,Number of registered cars per 1000 population
A,TT1057I,DE094C,2020,515.96,,,DE094C,DE,,2020,cars_per_1000,Number of registered cars per 1000 population
A,TT1057I,DE094C,2021,525.48,,,DE094C,DE,,2021,cars_per_1000,Number of registered cars per 1000 population
A,TT1057I,DE095C,2015,426.92,,,DE095C,DE,,2015,cars_per_1000,Number of registered cars per 1000 population
A,TT1057I,DE095C,2016,419.48,,,DE095C,DE,,2016,cars_per_1000,Number of registered cars per 1000 population
A,TT1057I,DE095C,2017,424.3,,,DE095C,DE,,2017,cars_per_1000,Number of registered cars per 1000 population
A,TT1057I,DE095C,2018,429.65,,,DE095C,DE,,2018,cars_per_1000,Number of registered cars per 1000 population
A,TT1057I,DE095C,2019,432.95,,,DE095C,DE,,2019,cars_per_1000,Number of registered cars per 1000 population
A,TT1057I,DE095C,2020,437.14,,,DE095C,DE,,2020,cars_per_1000,Number of registered cars per 1000 population
A,TT1057I,DE095C,2021,445.81,,,DE095C,DE,,2021,cars_per_1000,Number of registered cars per 1000 population
A,TT1057I,DE096C,2015,412.42,,,DE096C,DE,,2015,cars_per_1000,Number of registered cars per 1000 population
A,TT1057I,DE096C,2016,415.95,,,DE096C,DE,,2016,cars_per_1000,Number of registered cars per 1000 population
A,TT1057I,DE096C,2017,417.73,,,DE096C,DE,,2017,cars_per_1000,Number of registered cars per 1000 population
A,TT1057I,DE096C,2018,418.76,,,DE096C,DE,,2018,cars_per_1000,Number of registered cars per 1000 population
A,TT1057I,DE096C,2019,418.73,,,DE096C,DE,,2019,cars_per_1000,Number of registered cars per 1000 population
A,TT1057I,DE096C,2020,422.67,,,DE096C,DE,,2020,cars_per_1000,Number of registered cars per 1000 population
A,TT1057I,DE096C,2021,428.95,,,DE096C,DE,,2021,cars_per_1000,Number of registered cars per 1000 population
A,TT1057I,DE097C,2015,459.69,,,DE097C,DE,,2015,cars_per_1000,Number of registered cars per 1000 population
A,TT1057I,DE097C,2016,461.15,,,DE097C,DE,,2016,cars_per_1000,Number of registered cars per 1000 population
A,TT1057I,DE097C,2017,467.66,,,DE097C,DE,,2017,cars_per_1000,Number of registered cars per 1000 population
A,TT1057I,DE097C,2018,471.94,,,DE097C,DE,,2018,cars_per_1000,Number of registered cars per 1000 population
A,TT1057I,DE097C,2019,477.0,,,DE097C,DE,,2019,cars_per_1000,Number of registered cars per 1000 population
A,TT1057I,DE097C,2020,483.22,,,DE097C,DE,,2020,cars_per_1000,Number of registered cars per 1000 population
A,TT1057I,DE097C,2021,487.95,,,DE097C,DE,,2021,cars_per_1000,Number of registered cars per 1000 population
A,TT1057I,DE098C,2015,447.93,,,DE098C,DE,,2015,cars_per_1000,Number of registered cars per 1000 population
A,TT1057I,DE098C,2016,446.34,,,DE098C,DE,,2016,cars_per_1000,Number of registered cars per 1000 population
A,TT1057I,DE098C,2017,448.35,,,DE098C,DE,,2017,cars_per_1000,Number of registered cars per 1000 population
A,TT1057I,DE098C,2018,451.84,,,DE098C,DE,,2018,cars_per_1000,Number of registered cars per 1000 population
A,TT1057I,DE098C,2019,454.96,,,DE098C,DE,,2019,cars_per_1000,Number of registered cars per 1000 population
A,TT1057I,DE098C,2020,457.22,,,DE098C,DE,,2020,cars_per_1000,Number of registered cars per 1000 population
A,TT1057I,DE098C,2021,462.62,,,DE098C,DE,,2021,cars_per_1000,Number of registered cars per 1000 population
A,TT1057I,DE099C,2015,455.58,,,DE099C,DE,,2015,cars_per_1000,Number of registered cars per 1000 population
A,TT1057I,DE099C,2016,453.23,,,DE099C,DE,,2016,cars_per_1000,Number of registered cars per 1000 population
A,TT1057I,DE099C,2017,467.33,,,DE099C,DE,,2017,cars_per_1000,Number of registered cars per 1000 population
A,TT1057I,DE099C,2018,469.62,,,DE099C,DE,,2018,cars_per_1000,Number of registered cars per 1000 population
A,TT1057I,DE099C,2019,475.57,,,DE099C,DE,,2019,cars_per_1000,Number of registered cars per 1000 population
A,TT1057I,DE099C,2020,481.84,,,DE099C,DE,,2020,cars_per_1000,Number of registered cars per 1000 population
A,TT1057I,DE099C,2021,489.93,,,DE099C,DE,,2021,cars_per_1000,Number of registered cars per 1000 population
A,TT1057I,DE100C,2015,308.46,,,DE100C,DE,,2015,cars_per_1000,Number of registered cars per 1000 population
A,TT1057I,DE100C,2016,307.62,,,DE100C,DE,,2016,cars_per_1000,Number of registered cars per 1000 population
A,TT1057I,DE100C,2017,305.24,,,DE100C,DE,,2017,cars_per_1000,Number of registered cars per 1000 population
A,TT1057I,DE100C,2018,308.17,,,DE100C,DE,,2018,cars_per_1000,Number of registered cars per 1000 population
A,TT1057I,DE100C,2019,310.42,,,DE100C,DE,,2019,cars_per_1000,Number of registered cars per 1000 population
A,TT1057I,DE100C,2020,309.16,,,DE100C,DE,,2020,cars_per_1000,Number of registered cars per 1000 population
A,TT1057I,DE100C,2021,319.14,,,DE100C,DE,,2021,cars_per_1000,Number of registered cars per 1000 population
A,TT1057I,DE101C,2015,463.74,,,DE101C,DE,,2015,cars_per_1000,Number of registered cars per 1000 population
A,TT1057I,DE101C,2016,462.99,,,DE101C,DE,,2016,cars_per_1000,Number of registered cars per 1000 population
A,TT1057I,DE101C,2017,469.35,,,DE101C,DE,,2017,cars_per_1000,Number of registered cars per 1000 population
A,TT1057I,DE101C,2018,476.37,,,DE101C,DE,,2018,cars_per_1000,Number of registered cars per 1000 population
A,TT1057I,DE101C,2019,479.5,,,DE101C,DE,,2019,cars_per_1000,Number of registered cars per 1000 population
A,TT1057I,DE101C,2020,482.88,,,DE101C,DE,,2020,cars_per_1000,Number of registered cars per 1000 population
A,TT1057I,DE101C,2021,489.46,,,DE101C,DE,,2021,cars_per_1000,Number of registered cars per 1000 population
A,TT1057I,DE102C,2015,408.39,,,DE102C,DE,,2015,cars_per_1000,Number of registered cars per 1000 population
A,TT1057I,DE102C,2016,410.62,,,DE102C,DE,,2016,cars_per_1000,Number of registered cars per 1000 population
A,TT1057I,DE102C,2017,409.76,,,DE102C,DE,,2017,cars_per_1000,Number of registered cars per 1000 population
A,TT1057I,DE102C,2018,411.34,,,DE102C,DE,,2018,cars_per_1000,Number of registered cars per 1000 population
A,TT1057I,DE102C,2019,411.42,,,DE102C,DE,,2019,cars_per_1000,Number of registered cars per 1000 population
A,TT1057I,DE102C,2020,413.13,,,DE102C,DE,,2020,cars_per_1000,Number of registered cars per 1000 population
A,TT1057I,DE102C,2021,421.72,,,DE102C,DE,,2021,cars_per_1000,Number of registered cars per 1000 population
A,TT1057I,DE103C,2015,498.3,,,DE103C,DE,,2015,cars_per_1000,Number of registered cars per 1000 population
A,TT1057I,DE103C,2016,502.13,,,DE103C,DE,,2016,cars_per_1000,Number of registered cars per 1000 population
A,TT1057I,DE103C,2017,510.74,,,DE103C,DE,,2017,cars_per_1000,Number of registered cars per 1000 population
A,TT1057I,DE103C,2018,520.6,,,DE103C,DE,,2018,cars_per_1000,Number of registered cars per 1000 population
A,TT1057I,DE103C,2019,531.93,,,DE103C,DE,,2019,cars_per_1000,Number of registered cars per 1000 population
A,TT1057I,DE103C,2020,542.86,,,DE103C,DE,,2020,cars_per_1000,Number of registered cars per 1000 population
A,TT1057I,DE103C,2021,552.84,,,DE103C,DE,,2021,cars_per_1000,Number of registered cars per 1000 population
A,TT1057I,DE104C,2015,416.83,,,DE104C,DE,,2015,cars_per_1000,Number of registered cars per 1000 population
A,TT1057I,DE104C,2016,420.02,,,DE104C,DE,,2016,cars_per_1000,Number of registered cars per 1000 population
A,TT1057I,DE104C,2017,426.51,,,DE104C,DE,,2017,cars_per_1000,Number of registered cars per 1000 population
A,TT1057I,DE104C,2018,430.96,,,DE104C,DE,,2018,cars_per_1000,Number of registered cars per 1000 population
A,TT1057I,DE104C,2019,439.75,,,DE104C,DE,,2019,cars_per_1000,Number of registered cars per 1000 population
A,TT1057I,DE104C,2020,444.57,,,DE104C,DE,,2020,cars_per_1000,Number of registered cars per 1000 population
A,TT1057I,DE104C,2021,455.34,,,DE104C,DE,,2021,cars_per_1000,Number of registered cars per 1000 population
A,TT1057I,DE105C,2015,378.23,,,DE105C,DE,,2015,cars_per_1000,Number of registered cars per 1000 population
A,TT1057I,DE105C,2016,373.25,,,DE105C,DE,,2016,cars_per_1000,Number of registered cars per 1000 population
A,TT1057I,DE105C,2017,382.28,,,DE105C,DE,,2017,cars_per_1000,Number of registered cars per 1000 population
A,TT1057I,DE105C,2018,387.87,,,DE105C,DE,,2018,cars_per_1000,Number of registered cars per 1000 population
A,TT1057I,DE105C,2019,390.63,,,DE105C,DE,,2019,cars_per_1000,Number of registered cars per 1000 population
A,TT1057I,DE105C,2020,396.6,,,DE105C,DE,,2020,cars_per_1000,Number of registered cars per 1000 population
A,TT1057I,DE105C,2021,405.05,,,DE105C,DE,,2021,cars_per_1000,Number of registered cars per 1000 population
A,TT1057I,DE106C,2015,518.98,,,DE106C,DE,,2015,cars_per_1000,Number of registered cars per 1000 population
A,TT1057I,DE106C,2016,520.2,,,DE106C,DE,,2016,cars_per_1000,Number of registered cars per 1000 population
A,TT1057I,DE106C,2017,526.02,,,DE106C,DE,,2017,cars_per_1000,Number of registered cars per 1000 population
A,TT1057I,DE106C,2018,532.36,,,DE106C,DE,,2018,cars_per_1000,Number of registered cars per 1000 population
A,TT1057I,DE106C,2019,538.93,,,DE106C,DE,,2019,cars_per_1000,Number of registered cars per 1000 population
A,TT1057I,DE106C,2020,545.73,,,DE106C,DE,,2020,cars_per_1000,Number of registered cars per 1000 population
A,TT1057I,DE106C,2021,552.74,,,DE106C,DE,,2021,cars_per_1000,Number of registered cars per 1000 population
A,TT1057I,DE107C,2015,444.93,,,DE107C,DE,,2015,cars_per_1000,Number of registered cars per 1000 population
A,TT1057I,DE107C,2016,444.12,,,DE107C,DE,,2016,cars_per_1000,Number of registered cars per 1000 population
A,TT1057I,DE107C,2017,448.66,,,DE107C,DE,,2017,cars_per_1000,Number of registered cars per 1000 population
A,TT1057I,DE107C,2018,451.42,,,DE107C,DE,,2018,cars_per_1000,Number of registered cars per 1000 population
A,TT1057I,DE107C,2019,454.82,,,DE107C,DE,,2019,cars_per_1000,Number of registered cars per 1000 population
A,TT1057I,DE107C,2020,459.05,,,DE107C,DE,,2020,cars_per_1000,Number of registered cars per 1000 population
A,TT1057I,DE107C,2021,466.99,,,DE107C,DE,,2021,cars_per_1000,Number of registered cars per 1000 population
A,TT1057I,DE108C,2015,473.09,,,DE108C,DE,,2015,cars_per_1000,Number of registered cars per 1000 population
A,TT1057I,DE108C,2016,476.73,,,DE108C,DE,,2016,cars_per_1000,Number of registered cars per 1000 population
A,TT1057I,DE108C,2017,479.45,,,DE108C,DE,,2017,cars_per_1000,Number of registered cars per 1000 population
A,TT1057I,DE108C,2018,485.01,,,DE108C,DE,,2018,cars_per_1000,Number of registered cars per 1000 population
A,TT1057I,DE108C,2019,490.58,,,DE108C,DE,,2019,cars_per_1000,Number of registered cars per 1000 population
A,TT1057I,DE108C,2020,495.55,,,DE108C,DE,,2020,cars_per_1000,Number of registered cars per 1000 population
A,TT1057I,DE108C,2021,504.53,,,DE108C,DE,,2021,cars_per_1000,Number of registered cars per 1000 population
A,TT1057I,DE109C,2015,363.1,,,DE109C,DE,,2015,cars_per_1000,Number of registered cars per 1000 population
A,TT1057I,DE109C,2016,360.22,,,DE109C,DE,,2016,cars_per_1000,Number of registered cars per 1000 population
A,TT1057I,DE109C,2017,366.27,,,DE109C,DE,,2017,cars_per_1000,Number of registered cars per 1000 population
A,TT1057I,DE109C,2018,364.78,,,DE109C,DE,,2018,cars_per_1000,Number of registered cars per 1000 population
A,TT1057I,DE109C,2019,364.39,,,DE109C,DE,,2019,cars_per_1000,Number of registered cars per 1000 population
A,TT1057I,DE109C,2020,364.84,,,DE109C,DE,,2020,cars_per_1000,Number of registered cars per 1000 population
A,TT1057I,DE109C,2021,371.44,,,DE109C,DE,,2021,cars_per_1000,Number of registered cars per 1000 population
A,TT1057I,DE110C,2015,414.67,,,DE110C,DE,,2015,cars_per_1000,Number of registered cars per 1000 population
A,TT1057I,DE110C,2016,415.38,,,DE110C,DE,,2016,cars_per_1000,Number of registered cars per 1000 population
A,TT1057I,DE110C,2017,419.3,,,DE110C,DE,,2017,cars_per_1000,Number of registered cars per 1000 population
A,TT1057I,DE110C,2018,420.72,,,DE110C,DE,,2018,cars_per_1000,Number of registered cars per 1000 population
A,TT1057I,DE110C,2019,424.74,,,DE110C,DE,,2019,cars_per_1000,Number of registered cars per 1000 population
A,TT1057I,DE110C,2020,426.44,,,DE110C,DE,,2020,cars_per_1000,Number of registered cars per 1000 population
A,TT1057I,DE110C,2021,434.63,,,DE110C,DE,,2021,cars_per_1000,Number of registered cars per 1000 population
A,TT1057I,DE111C,2015,406.35,,,DE111C,DE,,2015,cars_per_1000,Number of registered cars per 1000 population
A,TT1057I,DE111C,2016,405.51,,,DE111C,DE,,2016,cars_per_1000,Number of registered cars per 1000 population
A,TT1057I,DE111C,2017,411.44,,,DE111C,DE,,2017,cars_per_1000,Number of registered cars per 1000 population
A,TT1057I,DE111C,2018,417.53,,,DE111C,DE,,2018,cars_per_1000,Number of registered cars per 1000 population
A,TT1057I,DE111C,2019,422.04,,,DE111C,DE,,2019,cars_per_1000,Number of registered cars per 1000 population
A,TT1057I,DE111C,2020,426.79,,,DE111C,DE,,2020,cars_per_1000,Number of registered cars per 1000 population
A,TT1057I,DE111C,2021,435.26,,,DE111C,DE,,2021,cars_per_1000,Number of registered cars per 1000 population
A,TT1057I,DE112C,2015,441.21,,,DE112C,DE,,2015,cars_per_1000,Number of registered cars per 1000 population
A,TT1057I,DE112C,2016,444.25,,,DE112C,DE,,2016,cars_per_1000,Number of registered cars per 1000 population
A,TT1057I,DE112C,2017,449.63,,,DE112C,DE,,2017,cars_per_1000,Number of registered cars per 1000 population
A,TT1057I,DE112C,2018,453.58,,,DE112C,DE,,2018,cars_per_1000,Number of registered cars per 1000 population
A,TT1057I,DE112C,2019,455.92,,,DE112C,DE,,2019,cars_per_1000,Number of registered cars per 1000 population
A,TT1057I,DE112C,2020,462.06,,,DE112C,DE,,2020,cars_per_1000,Number of registered cars per 1000 population
A,TT1057I,DE112C,2021,475.48,,,DE112C,DE,,2021,cars_per_1000,Number of registered cars per 1000 population
A,TT1057I,DE113C,2015,435.06,,,DE113C,DE,,2015,cars_per_1000,Number of registered cars per 1000 population
A,TT1057I,DE113C,2016,428.37,,,DE113C,DE,,2016,cars_per_1000,Number of registered cars per 1000 population
A,TT1057I,DE113C,2017,435.38,,,DE113C,DE,,2017,cars_per_1000,Number of registered cars per 1000 population
A,TT1057I,DE113C,2018,436.13,,,DE113C,DE,,2018,cars_per_1000,Number of registered cars per 1000 population
A,TT1057I,DE113C,2019,440.19,,,DE113C,DE,,2019,cars_per_1000,Number of registered cars per 1000 population
A,TT1057I,DE113C,2020,446.32,,,DE113C,DE,,2020,cars_per_1000,Number of registered cars per 1000 population
A,TT1057I,DE113C,2021,454.87,,,DE113C,DE,,2021,cars_per_1000,Number of registered cars per 1000 population
A,TT1057I,DE114C,2015,483.85,,,DE114C,DE,,2015,cars_per_1000,Number of registered cars per 1000 population
A,TT1057I,DE114C,2016,482.44,,,DE114C,DE,,2016,cars_per_1000,Number of registered cars per 1000 population
A,TT1057I,DE114C,2017,479.45,,,DE114C,DE,,2017,cars_per_1000,Number of registered cars per 1000 population
A,TT1057I,DE114C,2018,483.85,,,DE114C,DE,,2018,cars_per_1000,Number of registered cars per 1000 population
A,TT1057I,DE114C,2019,491.01,,,DE114C,DE,,2019,cars_per_1000,Number of registered cars per 1000 population
A,TT1057I,DE114C,2020,501.61,,,DE114C,DE,,2020,cars_per_1000,Number of registered cars per 1000 population
A,TT1057I,DE114C,2021,509.56,,,DE114C,DE,,2021,cars_per_1000,Number of registered cars per 1000 population
A,TT1057I,DE115C,2015,481.99,,,DE115C,DE,,2015,cars_per_1000,Number of registered cars per 1000 population
A,TT1057I,DE115C,2016,481.57,,,DE115C,DE,,2016,cars_per_1000,Number of registered cars per 1000 population
A,TT1057I,DE115C,2017,488.37,,,DE115C,DE,,2017,cars_per_1000,Number of registered cars per 1000 population
A,TT1057I,DE115C,2018,492.65,,,DE115C,DE,,2018,cars_per_1000,Number of registered cars per 1000 population
A,TT1057I,DE115C,2019,495.39,,,DE115C,DE,,2019,cars_per_1000,Number of registered cars per 1000 population
A,TT1057I,DE115C,2020,501.62,,,DE115C,DE,,2020,cars_per_1000,Number of registered cars per 1000 population
A,TT1057I,DE115C,2021,508.71,,,DE115C,DE,,2021,cars_per_1000,Number of registered cars per 1000 population
A,TT1057I,DE116C,2015,426.48,,,DE116C,DE,,2015,cars_per_1000,Number of registered cars per 1000 population
A,TT1057I,DE116C,2016,426.98,,,DE116C,DE,,2016,cars_per_1000,Number of registered cars per 1000 population
A,TT1057I,DE116C,2017,430.6,,,DE116C,DE,,2017,cars_per_1000,Number of registered cars per 1000 population
A,TT1057I,DE116C,2018,434.57,,,DE116C,DE,,2018,cars_per_1000,Number of registered cars per 1000 population
A,TT1057I,DE116C,2019,437.56,,,DE116C,DE,,2019,cars_per_1000,Number of registered cars per 1000 population
A,TT1057I,DE116C,2020,440.42,,,DE116C,DE,,2020,cars_per_1000,Number of registered cars per 1000 population
A,TT1057I,DE116C,2021,447.87,,,DE116C,DE,,2021,cars_per_1000,Number of registered cars per 1000 population
A,TT1057I,DE117C,2015,428.43,,,DE117C,DE,,2015,cars_per_1000,Number of registered cars per 1000 population
A,TT1057I,DE117C,2016,429.88,,,DE117C,DE,,2016,cars_per_1000,Number of registered cars per 1000 population
A,TT1057I,DE117C,2017,429.07,,,DE117C,DE,,2017,cars_per_1000,Number of registered cars per 1000 population
A,TT1057I,DE117C,2018,428.26,,,DE117C,DE,,2018,cars_per_1000,Number of registered cars per 1000 population
A,TT1057I,DE117C,2019,432.37,,,DE117C,DE,,2019,cars_per_1000,Number of registered cars per 1000 population
A,TT1057I,DE117C,2020,435.89,,,DE117C,DE,,2020,cars_per_1000,Number of registered cars per 1000 population
A,TT1057I,DE117C,2021,442.04,,,DE117C,DE,,2021,cars_per_1000,Number of registered cars per 1000 population
A,TT1057I,DE118C,2015,482.6,,,DE118C,DE,,2015,cars_per_1000,Number of registered cars per 1000 population
A,TT1057I,DE118C,2016,479.81,,,DE118C,DE,,2016,cars_per_1000,Number of registered cars per 1000 population
A,TT1057I,DE118C,2017,488.12,,,DE118C,DE,,2017,cars_per_1000,Number of registered cars per 1000 population
A,TT1057I,DE118C,2018,493.45,,,DE118C,DE,,2018,cars_per_1000,Number of registered cars per 1000 population
A,TT1057I,DE118C,2019,497.31,,,DE118C,DE,,2019,cars_per_1000,Number of registered cars per 1000 population
A,TT1057I,DE118C,2020,504.1,,,DE118C,DE,,2020,cars_per_1000,Number of registered cars per 1000 population
A,TT1057I,DE118C,2021,514.18,,,DE118C,DE,,2021,cars_per_1000,Number of registered cars per 1000 population
A,TT1057I,DE119C,2015,514.12,,,DE119C,DE,,2015,cars_per_1000,Number of registered cars per 1000 population
A,TT1057I,DE119C,2016,512.89,,,DE119C,DE,,2016,cars_per_1000,Number of registered cars per 1000 population
A,TT1057I,DE119C,2017,518.73,,,DE119C,DE,,2017,cars_per_1000,Number of registered cars per 1000 population
A,TT1057I,DE119C,2018,522.29,,,DE119C,DE,,2018,cars_per_1000,Number of registered cars per 1000 population
A,TT1057I,DE119C,2019,526.74,,,DE119C,DE,,2019,cars_per_1000,Number of registered cars per 1000 population
A,TT1057I,DE119C,2020,533.47,,,DE119C,DE,,2020,cars_per_1000,Number of registered cars per 1000 population
A,TT1057I,DE119C,2021,541.61,,,DE119C,DE,,2021,cars_per_1000,Number of registered cars per 1000 population
A,TT1057I,DE120C,2015,419.88,,,DE120C,DE,,2015,cars_per_1000,Number of registered cars per 1000 population
A,TT1057I,DE120C,2016,419.28,,,DE120C,DE,,2016,cars_per_1000,Number of registered cars per 1000 population
A,TT1057I,DE120C,2017,425.8,,,DE120C,DE,,2017,cars_per_1000,Number of registered cars per 1000 population
A,TT1057I,DE120C,2018,432.07,,,DE120C,DE,,2018,cars_per_1000,Number of registered cars per 1000 population
A,TT1057I,DE120C,2019,434.19,,,DE120C,DE,,2019,cars_per_1000,Number of registered cars per 1000 population
A,TT1057I,DE120C,2020,440.3,,,DE120C,DE,,2020,cars_per_1000,Number of registered cars per 1000 population
A,TT1057I,DE120C,2021,448.66,,,DE120C,DE,,2021,cars_per_1000,Number of registered cars per 1000 population
A,TT1057I,DE121C,2015,499.1,,,DE121C,DE,,2015,cars_per_1000,Number of registered cars per 1000 population
A,TT1057I,DE121C,2016,500.86,,,DE121C,DE,,2016,cars_per_1000,Number of registered cars per 1000 population
A,TT1057I,DE121C,2017,504.37,,,DE121C,DE,,2017,cars_per_1000,Number of registered cars per 1000 population
A,TT1057I,DE121C,2018,510.75,,,DE121C,DE,,2018,cars_per_1000,Number of registered cars per 1000 population
A,TT1057I,DE121C,2019,514.58,,,DE121C,DE,,2019,cars_per_1000,Number of registered cars per 1000 population
A,TT1057I,DE121C,2020,521.3,,,DE121C,DE,,2020,cars_per_1000,Number of registered cars per 1000 population
A,TT1057I,DE121C,2021,529.04,,,DE121C,DE,,2021,cars_per_1000,Number of registered cars per 1000 population
A,TT1057I,DE122C,2015,463.2,,,DE122C,DE,,2015,cars_per_1000,Number of registered cars per 1000 population
A,TT1057I,DE122C,2016,464.37,,,DE122C,DE,,2016,cars_per_1000,Number of registered cars per 1000 population
A,TT1057I,DE122C,2017,469.34,,,DE122C,DE,,2017,cars_per_1000,Number of registered cars per 1000 population
A,TT1057I,DE122C,2018,471.16,,,DE122C,DE,,2018,cars_per_1000,Number of registered cars per 1000 population
A,TT1057I,DE122C,2019,476.32,,,DE122C,DE,,2019,cars_per_1000,Number of registered cars per 1000 population
A,TT1057I,DE122C,2020,482.49,,,DE122C,DE,,2020,cars_per_1000,Number of registered cars per 1000 population
A,TT1057I,DE122C,2021,491.68,,,DE122C,DE,,2021,cars_per_1000,Number of registered cars per 1000 population
A,TT1057I,DE123C,2015,431.03,,,DE123C,DE,,2015,cars_per_1000,Number of registered cars per 1000 population
A,TT1057I,DE123C,2016,429.15,,,DE123C,DE,,2016,cars_per_1000,Number of registered cars per 1000 population
A,TT1057I,DE123C,2017,428.15,,,DE123C,DE,,2017,cars_per_1000,Number of registered cars per 1000 population
A,TT1057I,DE123C,2018,430.42,,,DE123C,DE,,2018,cars_per_1000,Number of registered cars per 1000 population
A,TT1057I,DE123C,2019,431.11,,,DE123C,DE,,2019,cars_per_1000,Number of registered cars per 1000 population
A,TT1057I,DE123C,2020,432.55,,,DE123C,DE,,2020,cars_per_1000,Number of registered cars per 1000 population
A,TT1057I,DE123C,2021,438.85,,,DE123C,DE,,2021,cars_per_1000,Number of registered cars per 1000 population
A,TT1057I,DE124C,2015,416.45,,,DE124C,DE,,2015,cars_per_1000,Number of registered cars per 1000 population
A,TT1057I,DE124C,2016,416.3,,,DE124C,DE,,2016,cars_per_1000,Number of registered cars per 1000 population
A,TT1057I,DE124C,2017,419.04,,,DE124C,DE,,2017,cars_per_1000,Number of registered cars per 1000 population
A,TT1057I,DE124C,2018,423.63,,,DE124C,DE,,2018,cars_per_1000,Number of registered cars per 1000 population
A,TT1057I,DE124C,2019,427.93,,,DE124C,DE,,2019,cars_per_1000,Number of registered cars per 1000 population
A,TT1057I,DE124C,2020,434.03,,,DE124C,DE,,2020,cars_per_1000,Number of registered cars per 1000 population
A,TT1057I,DE124C,2021,442.09,,,DE124C,DE,,2021,cars_per_1000,Number of registered cars per 1000 population
A,TT1057I,DE125C,2015,355.17,,,DE125C,DE,,2015,cars_per_1000,Number of registered cars per 1000 population
A,TT1057I,DE125C,2016,353.47,,,DE125C,DE,,2016,cars_per_1000,Number of registered cars per 1000 population
A,TT1057I,DE125C,2017,353.64,,,DE125C,DE,,2017,cars_per_1000,Number of registered cars per 1000 population
A,TT1057I,DE125C,2018,354.14,,,DE125C,DE,,2018,cars_per_1000,Number of registered cars per 1000 population
A,TT1057I,DE125C,2019,355.27,,,DE125C,DE,,2019,cars_per_1000,Number of registered cars per 1000 population
A,TT1057I,DE125C,2020,356.26,,,DE125C,DE,,2020,cars_per_1000,Number of registered cars per 1000 population
A,TT1057I,DE125C,2021,362.67,,,DE125C,DE,,2021,cars_per_1000,Number of registered cars per 1000 population
A,TT1057I,DE126C,2016,449.38,,,DE126C,DE,,2016,cars_per_1000,Number of registered cars per 1000 population
A,TT1057I,DE126C,2017,458.84,,,DE126C,DE,,2017,cars_per_1000,Number of registered cars per 1000 population
A,TT1057I,DE126C,2018,462.52,,,DE126C,DE,,2018,cars_per_1000,Number of registered cars per 1000 population
A,TT1057I,DE126C,2019,466.03,,,DE126C,DE,,2019,cars_per_1000,Number of registered cars per 1000 population
A,TT1057I,DE126C,2020,468.35,,,DE126C,DE,,2020,cars_per_1000,Number of registered cars per 1000 population
A,TT1057I,DE126C,2021,474.99,,,DE126C,DE,,2021,cars_per_1000,Number of registered cars per 1000 population
A,TT1057I,DE127C,2016,491.65,,,DE127C,DE,,2016,cars_per_1000,Number of registered cars per 1000 population
A,TT1057I,DE127C,2017,500.22,,,DE127C,DE,,2017,cars_per_1000,Number of registered cars per 1000 population
A,TT1057I,DE127C,2018,509.53,,,DE127C,DE,,2018,cars_per_1000,Number of registered cars per 1000 population
A,TT1057I,DE127C,2019,514.65,,,DE127C,DE,,2019,cars_per_1000,Number of registered cars per 1000 population
A,TT1057I,DE127C,2020,520.61,,,DE127C,DE,,2020,cars_per_1000,Number of registered cars per 1000 population
A,TT1057I,DE127C,2021,528.71,,,DE127C,DE,,2021,cars_per_1000,Number of registered cars per 1000 population
A,TT1057I,EE,2015,377.25,,,EE,EE,,2015,cars_per_1000,Number of registered cars per 1000 population
A,TT1057I,EE,2016,390.88,b,,EE,EE,,2016,cars_per_1000,Number of registered cars per 1000 population
A,TT1057I,EE,2017,405.6,,,EE,EE,,2017,cars_per_1000,Number of registered cars per 1000 population
A,TT1057I,EE,2018,418.66,,,EE,EE,,2018,cars_per_1000,Number of registered cars per 1000 population
A,TT1057I,EE001C,2015,260.48,,,EE001C,EE,,2015,cars_per_1000,Number of registered cars per 1000 population
A,TT1057I,EE001C,2016,,bu,,EE001C,EE,,2016,cars_per_1000,Number of registered cars per 1000 population
A,TT1057I,EE001C,2017,288.58,,,EE001C,EE,,2017,cars_per_1000,Number of registered cars per 1000 population
A,TT1057I,EE001C,2018,315.07,,,EE001C,EE,,2018,cars_per_1000,Number of registered cars per 1000 population
A,TT1057I,EE001C,2019,313.59,,,EE001C,EE,,2019,cars_per_1000,Number of registered cars per 1000 population
A,TT1057I,EE001C,2020,321.63,,,EE001C,EE,,2020,cars_per_1000,Number of registered cars per 1000 population
A,TT1057I,EE001C,2021,331.76,b,,EE001C,EE,,2021,cars_per_1000,Number of registered cars per 1000 population
A,TT1057I,EE001C,2022,346.91,,,EE001C,EE,,2022,cars_per_1000,Number of registered cars per 1000 population
A,TT1057I,EE002C,2015,293.95,,,EE002C,EE,,2015,cars_per_1000,Number of registered cars per 1000 population
A,TT1057I,EE002C,2016,,bu,,EE002C,EE,,2016,cars_per_1000,Number of registered cars per 1000 population
A,TT1057I,EE002C,2017,340.21,,,EE002C,EE,,2017,cars_per_1000,Number of registered cars per 1000 population
A,TT1057I,EE002C,2018,351.66,b,,EE002C,EE,,2018,cars_per_1000,Number of registered cars per 1000 population
A,TT1057I,EE002C,2019,373.42,,,EE002C,EE,,2019,cars_per_1000,Number of registered cars per 1000 population
A,TT1057I,EE002C,2020,379.56,,,EE002C,EE,,2020,cars_per_1000,Number of registered cars per 1000 population
A,TT1057I,EE002C,2021,379.49,b,,EE002C,EE,,2021,cars_per_1000,Number of registered cars per 1000 population
A,TT1057I,EE002C,2022,386.29,,,EE002C,EE,,2022,cars_per_1000,Number of registered cars per 1000 population
A,TT1057I,EE003C,2015,306.38,,,EE003C,EE,,2015,cars_per_1000,Number of registered cars per 1000 population
A,TT1057I,EE003C,2016,,bu,,EE003C,EE,,2016,cars_per_1000,Number of registered cars per 1000 population
A,TT1057I,EE003C,2017,281.18,,,EE003C,EE,,2017,cars_per_1000,Number of registered cars per 1000 population
A,TT1057I,EE003C,2018,333.6,,,EE003C,EE,,2018,cars_per_1000,Number of registered cars per 1000 population
A,TT1057I,EE003C,2019,360.13,,,EE003C,EE,,2019,cars_per_1000,Number of registered cars per 1000 population
A,TT1057I,EE003C,2020,374.46,,,EE003C,EE,,2020,cars_per_1000,Number of registered cars per 1000 population
A,TT1057I,EE003C,2021,387.39,b,,EE003C,EE,,2021,cars_per_1000,Number of registered cars per 1000 population
A,TT1057I,EE003C,2022,402.04,,,EE003C,EE,,2022,cars_per_1000,Number of registered cars per 1000 population
A,TT1057I,ES,2015,481.29,,,ES,ES,,2015,cars_per_1000,Number of registered cars per 1000 population
A,TT1057I,ES,2016,492.55,,,ES,ES,,2016,cars_per_1000,Number of registered cars per 1000 population
A,TT1057I,ES001C,2015,476.42,b,,ES001C,ES,,2015,cars_per_1000,Number of registered cars per 1000 population
A,TT1057I,ES001C,2016,482.97,,,ES001C,ES,,2016,cars_per_1000,Number of registered cars per 1000 population
A,TT1057I,ES001C,2017,437.53,,,ES001C,ES,,2017,cars_per_1000,Number of registered cars per 1000 population
A,TT1057I,ES001C,2018,437.94,,,ES001C,ES,,2018,cars_per_1000,Number of registered cars per 1000 population
A,TT1057I,ES001C,2019,436.15,,,ES001C,ES,,2019,cars_per_1000,Number of registered cars per 1000 population
A,TT1057I,ES001C,2020,430.74,,,ES001C,ES,,2020,cars_per_1000,Number of registered cars per 1000 population
A,TT1057I,ES001C,2021,434.84,,,ES001C,ES,,2021,cars_per_1000,Number of registered cars per 1000 population
A,TT1057I,ES001C,2022,436.78,,,ES001C,ES,,2022,cars_per_1000,Number of registered cars per 1000 population
A,TT1057I,ES001C,2023,425.07,,,ES001C,ES,,2023,cars_per_1000,Number of registered cars per 1000 population
A,TT1057I,ES002C,2015,382.73,b,,ES002C,ES,,2015,cars_per_1000,Number of registered cars per 1000 population
A,TT1057I,ES002C,2016,386.47,,,ES002C,ES,,2016,cars_per_1000,Number of registered cars per 1000 population
A,TT1057I,ES002C,2017,361.14,,,ES002C,ES,,2017,cars_per_1000,Number of registered cars per 1000 population
A,TT1057I,ES002C,2018,360.68,,,ES002C,ES,,2018,cars_per_1000,Number of registered cars per 1000 population
A,TT1057I,ES002C,2019,356.87,,,ES002C,ES,,2019,cars_per_1000,Number of registered cars per 1000 population
A,TT1057I,ES002C,2020,349.74,,,ES002C,ES,,2020,cars_per_1000,Number of registered cars per 1000 population
A,TT1057I,ES002C,2021,348.38,,,ES002C,ES,,2021,cars_per_1000,Number of registered cars per 1000 population
A,TT1057I,ES002C,2022,344.65,,,ES002C,ES,,2022,cars_per_1000,Number of registered cars per 1000 population
A,TT1057I,ES002C,2023,335.52,,,ES002C,ES,,2023,cars_per_1000,Number of registered cars per 1000 population
A,TT1057I,ES003C,2015,451.18,,,ES003C,ES,,2015,cars_per_1000,Number of registered cars per 1000 population
A,TT1057I,ES003C,2016,455.3,,,ES003C,ES,,2016,cars_per_1000,Number of registered cars per 1000 population
A,TT1057I,ES003C,2017,435.7,,,ES003C,ES,,2017,cars_per_1000,Number of registered cars per 1000 population
A,TT1057I,ES003C,2018,440.09,,,ES003C,ES,,2018,cars_per_1000,Number of registered cars per 1000 population
A,TT1057I,ES003C,2019,442.22,,,ES003C,ES,,2019,cars_per_1000,Number of registered cars per 1000 population
A,TT1057I,ES003C,2020,441.3,,,ES003C,ES,,2020,cars_per_1000,Number of registered cars per 1000 population
A,TT1057I,ES003C,2021,445.95,,,ES003C,ES,,2021,cars_per_1000,Number of registered cars per 1000 population
A,TT1057I,ES003C,2022,444.24,,,ES003C,ES,,2022,cars_per_1000,Number of registered cars per 1000 population
A,TT1057I,ES003C,2023,434.68,,,ES003C,ES,,2023,cars_per_1000,Number of registered cars per 1000 population
A,TT1057I,ES004C,2015,462.54,,,ES004C,ES,,2015,cars_per_1000,Number of registered cars per 1000 population
A,TT1057I,ES004C,2016,467.17,,,ES004C,ES,,2016,cars_per_1000,Number of registered cars per 1000 population
A,TT1057I,ES004C,2017,444.41,,,ES004C,ES,,2017,cars_per_1000,Number of registered cars per 1000 population
A,TT1057I,ES004C,2018,448.51,,,ES004C,ES,,2018,cars_per_1000,Number of registered cars per 1000 population
A,TT1057I,ES004C,2019,452.23,,,ES004C,ES,,2019,cars_per_1000,Number of registered cars per 1000 population
A,TT1057I,ES004C,2020,452.76,,,ES004C,ES,,2020,cars_per_1000,Number of registered cars per 1000 population
A,TT1057I,ES004C,2021,457.09,,,ES004C,ES,,2021,cars_per_1000,Number of registered cars per 1000 population
A,TT1057I,ES004C,2022,457.96,,,ES004C,ES,,2022,cars_per_1000,Number of registered cars per 1000 population
A,TT1057I,ES004C,2023,453.76,,,ES004C,ES,,2023,cars_per_1000,Number of registered cars per 1000 population
A,TT1057I,ES005C,2015,380.37,,,ES005C,ES,,2015,cars_per_1000,Number of registered cars per 1000 population
A,TT1057I,ES005C,2016,388.78,,,ES005C,ES,,2016,cars_per_1000,Number of registered cars per 1000 population
A,TT1057I,ES005C,2017,370.4,,,ES005C,ES,,2017,cars_per_1000,Number of registered cars per 1000 population
A,TT1057I,ES005C,2018,374.46,,,ES005C,ES,,2018,cars_per_1000,Number of registered cars per 1000 population
A,TT1057I,ES005C,2019,373.95,,,ES005C,ES,,2019,cars_per_1000,Number of registered cars per 1000 population
A,TT1057I,ES005C,2020,373.34,,,ES005C,ES,,2020,cars_per_1000,Number of registered cars per 1000 population
A,TT1057I,ES005C,2021,377.94,,,ES005C,ES,,2021,cars_per_1000,Number of registered cars per 1000 population
A,TT1057I,ES005C,2022,378.31,,,ES005C,ES,,2022,cars_per_1000,Number of registered cars per 1000 population
A,TT1057I,ES005C,2023,371.81,,,ES005C,ES,,2023,cars_per_1000,Number of registered cars per 1000 population
A,TT1057I,ES006C,2015,447.15,,,ES006C,ES,,2015,cars_per_1000,Number of registered cars per 1000 population
A,TT1057I,ES006C,2016,453.86,,,ES006C,ES,,2016,cars_per_1000,Number of registered cars per 1000 population
A,TT1057I,ES006C,2017,433.77,,,ES006C,ES,,2017,cars_per_1000,Number of registered cars per 1000 population
A,TT1057I,ES006C,2018,439.31,,,ES006C,ES,,2018,cars_per_1000,Number of registered cars per 1000 population
A,TT1057I,ES006C,2019,442.34,,,ES006C,ES,,2019,cars_per_1000,Number of registered cars per 1000 population
A,TT1057I,ES006C,2020,442.02,,,ES006C,ES,,2020,cars_per_1000,Number of registered cars per 1000 population
A,TT1057I,ES006C,2021,445.16,,,ES006C,ES,,2021,cars_per_1000,Number of registered cars per 1000 population
A,TT1057I,ES006C,2022,446.61,,,ES006C,ES,,2022,cars_per_1000,Number of registered cars per 1000 population
A,TT1057I,ES006C,2023,439.27,,,ES006C,ES,,2023,cars_per_1000,Number of registered cars per 1000 population
A,TT1057I,ES007C,2015,486.59,,,ES007C,ES,,2015,cars_per_1000,Number of registered cars per 1000 population
A,TT1057I,ES007C,2016,496.87,,,ES007C,ES,,2016,cars_per_1000,Number of registered cars per 1000 population
A,TT1057I,ES007C,2017,473.36,,,ES007C,ES,,2017,cars_per_1000,Number of registered cars per 1000 population
A,TT1057I,ES007C,2018,481.4,,,ES007C,ES,,2018,cars_per_1000,Number of registered cars per 1000 population
A,TT1057I,ES007C,2019,486.08,,,ES007C,ES,,2019,cars_per_1000,Number of registered cars per 1000 population
A,TT1057I,ES007C,2020,487.59,,,ES007C,ES,,2020,cars_per_1000,Number of registered cars per 1000 population
A,TT1057I,ES007C,2021,493.1,,,ES007C,ES,,2021,cars_per_1000,Number of registered cars per 1000 population
A,TT1057I,ES007C,2022,495.17,,,ES007C,ES,,2022,cars_per_1000,Number of registered cars per 1000 population
A,TT1057I,ES007C,2023,493.18,,,ES007C,ES,,2023,cars_per_1000,Number of registered cars per 1000 population
A,TT1057I,ES008C,2015,440.58,,,ES008C,ES,,2015,cars_per_1000,Number of registered cars per 1000 population
A,TT1057I,ES008C,2016,455.26,,,ES008C,ES,,2016,cars_per_1000,Number of registered cars per 1000 population
A,TT1057I,ES008C,2017,409.82,,,ES008C,ES,,2017,cars_per_1000,Number of registered cars per 1000 population
A,TT1057I,ES008C,2018,416.27,,,ES008C,ES,,2018,cars_per_1000,Number of registered cars per 1000 population
A,TT1057I,ES008C,2019,420.87,,,ES008C,ES,,2019,cars_per_1000,Number of registered cars per 1000 population
A,TT1057I,ES008C,2020,425.03,,,ES008C,ES,,2020,cars_per_1000,Number of registered cars per 1000 population
A,TT1057I,ES008C,2021,428.91,,,ES008C,ES,,2021,cars_per_1000,Number of registered cars per 1000 population
A,TT1057I,ES008C,2022,428.47,,,ES008C,ES,,2022,cars_per_1000,Number of registered cars per 1000 population
A,TT1057I,ES008C,2023,424.0,,,ES008C,ES,,2023,cars_per_1000,Number of registered cars per 1000 population
A,TT1057I,ES009C,2015,437.69,,,ES009C,ES,,2015,cars_per_1000,Number of registered cars per 1000 population
A,TT1057I,ES009C,2016,444.92,,,ES009C,ES,,2016,cars_per_1000,Number of registered cars per 1000 population
A,TT1057I,ES009C,2017,428.31,,,ES009C,ES,,2017,cars_per_1000,Number of registered cars per 1000 population
A,TT1057I,ES009C,2018,432.81,,,ES009C,ES,,2018,cars_per_1000,Number of registered cars per 1000 population
A,TT1057I,ES009C,2019,437.37,,,ES009C,ES,,2019,cars_per_1000,Number of registered cars per 1000 population
A,TT1057I,ES009C,2020,438.39,,,ES009C,ES,,2020,cars_per_1000,Number of registered cars per 1000 population
A,TT1057I,ES009C,2021,439.78,,,ES009C,ES,,2021,cars_per_1000,Number of registered cars per 1000 population
A,TT1057I,ES009C,2022,440.52,,,ES009C,ES,,2022,cars_per_1000,Number of registered cars per 1000 population
A,TT1057I,ES009C,2023,437.44,,,ES009C,ES,,2023,cars_per_1000,Number of registered cars per 1000 population
A,TT1057I,ES010C,2015,569.73,,,ES010C,ES,,2015,cars_per_1000,Number of registered cars per 1000 population
A,TT1057I,ES010C,2016,581.47,,,ES010C,ES,,2016,cars_per_1000,Number of registered cars per 1000 population
A,TT1057I,ES010C,2017,533.31,,,ES010C,ES,,2017,cars_per_1000,Number of registered cars per 1000 population
A,TT1057I,ES010C,2018,540.35,,,ES010C,ES,,2018,cars_per_1000,Number of registered cars per 1000 population
A,TT1057I,ES010C,2019,540.59,,,ES010C,ES,,2019,cars_per_1000,Number of registered cars per 1000 population
A,TT1057I,ES010C,2020,532.47,,,ES010C,ES,,2020,cars_per_1000,Number of registered cars per 1000 population
A,TT1057I,ES010C,2021,535.61,,,ES010C,ES,,2021,cars_per_1000,Number of registered cars per 1000 population
A,TT1057I,ES010C,2022,541.35,,,ES010C,ES,,2022,cars_per_1000,Number of registered cars per 1000 population
A,TT1057I,ES010C,2023,516.38,,,ES010C,ES,,2023,cars_per_1000,Number of registered cars per 1000 population
A,TT1057I,ES011C,2015,510.0,,,ES011C,ES,,2015,cars_per_1000,Number of registered cars per 1000 population
A,TT1057I,ES011C,2016,514.84,,,ES011C,ES,,2016,cars_per_1000,Number of registered cars per 1000 population
A,TT1057I,ES011C,2017,469.53,,,ES011C,ES,,2017,cars_per_1000,Number of registered cars per 1000 population
A,TT1057I,ES011C,2018,477.63,,,ES011C,ES,,2018,cars_per_1000,Number of registered cars per 1000 population
A,TT1057I,ES011C,2019,479.91,,,ES011C,ES,,2019,cars_per_1000,Number of registered cars per 1000 population
A,TT1057I,ES011C,2020,481.81,,,ES011C,ES,,2020,cars_per_1000,Number of registered cars per 1000 population
A,TT1057I,ES011C,2021,488.01,,,ES011C,ES,,2021,cars_per_1000,Number of registered cars per 1000 population
A,TT1057I,ES011C,2022,488.78,,,ES011C,ES,,2022,cars_per_1000,Number of registered cars per 1000 population
A,TT1057I,ES011C,2023,488.47,,,ES011C,ES,,2023,cars_per_1000,Number of registered cars per 1000 population
A,TT1057I,ES012C,2015,444.61,,,ES012C,ES,,2015,cars_per_1000,Number of registered cars per 1000 population
A,TT1057I,ES012C,2016,451.42,,,ES012C,ES,,2016,cars_per_1000,Number of registered cars per 1000 population
A,TT1057I,ES012C,2017,422.83,,,ES012C,ES,,2017,cars_per_1000,Number of registered cars per 1000 population
A,TT1057I,ES012C,2018,424.35,,,ES012C,ES,,2018,cars_per_1000,Number of registered cars per 1000 population
A,TT1057I,ES012C,2019,424.32,,,ES012C,ES,,2019,cars_per_1000,Number of registered cars per 1000 population
A,TT1057I,ES012C,2020,423.47,,,ES012C,ES,,2020,cars_per_1000,Number of registered cars per 1000 population
A,TT1057I,ES012C,2021,425.38,,,ES012C,ES,,2021,cars_per_1000,Number of registered cars per 1000 population
A,TT1057I,ES012C,2022,423.52,,,ES012C,ES,,2022,cars_per_1000,Number of registered cars per 1000 population
A,TT1057I,ES012C,2023,421.32,,,ES012C,ES,,2023,cars_per_1000,Number of registered cars per 1000 population
A,TT1057I,ES013C,2015,431.73,,,ES013C,ES,,2015,cars_per_1000,Number of registered cars per 1000 population
A,TT1057I,ES013C,2016,438.42,,,ES013C,ES,,2016,cars_per_1000,Number of registered cars per 1000 population
A,TT1057I,ES013C,2017,421.85,,,ES013C,ES,,2017,cars_per_1000,Number of registered cars per 1000 population
A,TT1057I,ES013C,2018,427.91,,,ES013C,ES,,2018,cars_per_1000,Number of registered cars per 1000 population
A,TT1057I,ES013C,2019,433.15,,,ES013C,ES,,2019,cars_per_1000,Number of registered cars per 1000 population
A,TT1057I,ES013C,2020,436.76,,,ES013C,ES,,2020,cars_per_1000,Number of registered cars per 1000 population
A,TT1057I,ES013C,2021,443.2,,,ES013C,ES,,2021,cars_per_1000,Number of registered cars per 1000 population
A,TT1057I,ES013C,2022,445.52,,,ES013C,ES,,2022,cars_per_1000,Number of registered cars per 1000 population
A,TT1057I,ES013C,2023,439.72,,,ES013C,ES,,2023,cars_per_1000,Number of registered cars per 1000 population
A,TT1057I,ES014C,2015,459.18,,,ES014C,ES,,2015,cars_per_1000,Number of registered cars per 1000 population
A,TT1057I,ES014C,2016,467.09,,,ES014C,ES,,2016,cars_per_1000,Number of registered cars per 1000 population
A,TT1057I,ES014C,2017,450.83,,,ES014C,ES,,2017,cars_per_1000,Number of registered cars per 1000 population
A,TT1057I,ES014C,2018,453.98,,,ES014C,ES,,2018,cars_per_1000,Number of registered cars per 1000 population
A,TT1057I,ES014C,2019,456.84,,,ES014C,ES,,2019,cars_per_1000,Number of registered cars per 1000 population
A,TT1057I,ES014C,2020,456.96,,,ES014C,ES,,2020,cars_per_1000,Number of registered cars per 1000 population
A,TT1057I,ES014C,2021,464.26,,,ES014C,ES,,2021,cars_per_1000,Number of registered cars per 1000 population
A,TT1057I,ES014C,2022,463.82,,,ES014C,ES,,2022,cars_per_1000,Number of registered cars per 1000 population
A,TT1057I,ES014C,2023,459.39,,,ES014C,ES,,2023,cars_per_1000,Number of registered cars per 1000 population
A,TT1057I,ES015C,2015,456.17,,,ES015C,ES,,2015,cars_per_1000,Number of registered cars per 1000 population
A,TT1057I,ES015C,2016,463.29,,,ES015C,ES,,2016,cars_per_1000,Number of registered cars per 1000 population
A,TT1057I,ES015C,2017,442.24,,,ES015C,ES,,2017,cars_per_1000,Number of registered cars per 1000 population
A,TT1057I,ES015C,2018,445.58,,,ES015C,ES,,2018,cars_per_1000,Number of registered cars per 1000 population
A,TT1057I,ES015C,2019,445.57,,,ES015C,ES,,2019,cars_per_1000,Number of registered cars per 1000 population
A,TT1057I,ES015C,2020,443.99,,,ES015C,ES,,2020,cars_per_1000,Number of registered cars per 1000 population
A,TT1057I,ES015C,2021,447.52,,,ES015C,ES,,2021,cars_per_1000,Number of registered cars per 1000 population
A,TT1057I,ES015C,2022,447.33,,,ES015C,ES,,2022,cars_per_1000,Number of registered cars per 1000 population
A,TT1057I,ES015C,2023,444.03,,,ES015C,ES,,2023,cars_per_1000,Number of registered cars per 1000 population
A,TT1057I,ES016C,2015,505.48,,,ES016C,ES,,2015,cars_per_1000,Number of registered cars per 1000 population
A,TT1057I,ES016C,2016,515.15,,,ES016C,ES,,2016,cars_per_1000,Number of registered cars per 1000 population
A,TT1057I,ES016C,2017,490.66,,,ES016C,ES,,2017,cars_per_1000,Number of registered cars per 1000 population
A,TT1057I,ES016C,2018,496.46,,,ES016C,ES,,2018,cars_per_1000,Number of registered cars per 1000 population
A,TT1057I,ES016C,2019,502.47,,,ES016C,ES,,2019,cars_per_1000,Number of registered cars per 1000 population
A,TT1057I,ES016C,2020,504.13,,,ES016C,ES,,2020,cars_per_1000,Number of registered cars per 1000 population
A,TT1057I,ES016C,2021,510.02,,,ES016C,ES,,2021,cars_per_1000,Number of registered cars per 1000 population
A,TT1057I,ES016C,2022,515.6,,,ES016C,ES,,2022,cars_per_1000,Number of registered cars per 1000 population
A,TT1057I,ES016C,2023,513.99,,,ES016C,ES,,2023,cars_per_1000,Number of registered cars per 1000 population
A,TT1057I,ES017C,2015,522.56,,,ES017C,ES,,2015,cars_per_1000,Number of registered cars per 1000 population
A,TT1057I,ES017C,2016,529.38,,,ES017C,ES,,2016,cars_per_1000,Number of registered cars per 1000 population
A,TT1057I,ES017C,2017,506.59,,,ES017C,ES,,2017,cars_per_1000,Number of registered cars per 1000 population
A,TT1057I,ES017C,2018,515.39,,,ES017C,ES,,2018,cars_per_1000,Number of registered cars per 1000 population
A,TT1057I,ES017C,2019,520.56,,,ES017C,ES,,2019,cars_per_1000,Number of registered cars per 1000 population
A,TT1057I,ES017C,2020,523.13,,,ES017C,ES,,2020,cars_per_1000,Number of registered cars per 1000 population
A,TT1057I,ES017C,2021,526.72,,,ES017C,ES,,2021,cars_per_1000,Number of registered cars per 1000 population
A,TT1057I,ES017C,2022,528.67,,,ES017C,ES,,2022,cars_per_1000,Number of registered cars per 1000 population
A,TT1057I,ES017C,2023,527.71,,,ES017C,ES,,2023,cars_per_1000,Number of registered cars per 1000 population
A,TT1057I,ES018C,2015,403.29,,,ES018C,ES,,2015,cars_per_1000,Number of registered cars per 1000 population
A,TT1057I,ES018C,2016,413.23,,,ES018C,ES,,2016,cars_per_1000,Number of registered cars per 1000 population
A,TT1057I,ES018C,2017,395.9,,,ES018C,ES,,2017,cars_per_1000,Number of registered cars per 1000 population
A,TT1057I,ES018C,2018,403.66,,,ES018C,ES,,2018,cars_per_1000,Number of registered cars per 1000 population
A,TT1057I,ES018C,2019,408.36,,,ES018C,ES,,2019,cars_per_1000,Number of registered cars per 1000 population
A,TT1057I,ES018C,2020,408.2,,,ES018C,ES,,2020,cars_per_1000,Number of registered cars per 1000 population
A,TT1057I,ES018C,2021,413.87,,,ES018C,ES,,2021,cars_per_1000,Number of registered cars per 1000 population
A,TT1057I,ES018C,2022,415.35,,,ES018C,ES,,2022,cars_per_1000,Number of registered cars per 1000 population
A,TT1057I,ES018C,2023,415.69,,,ES018C,ES,,2023,cars_per_1000,Number of registered cars per 1000 population
A,TT1057I,ES019C,2017,399.01,,,ES019C,ES,,2017,cars_per_1000,Number of registered cars per 1000 population
A,TT1057I,ES019C,2018,402.51,,,ES019C,ES,,2018,cars_per_1000,Number of registered cars per 1000 population
A,TT1057I,ES019C,2019,404.58,,,ES019C,ES,,2019,cars_per_1000,Number of registered cars per 1000 population
A,TT1057I,ES019C,2020,404.16,,,ES019C,ES,,2020,cars_per_1000,Number of registered cars per 1000 population
A,TT1057I,ES019C,2021,406.72,,,ES019C,ES,,2021,cars_per_1000,Number of registered cars per 1000 population
A,TT1057I,ES019C,2022,407.88,,,ES019C,ES,,2022,cars_per_1000,Number of registered cars per 1000 population
A,TT1057I,ES019C,2023,404.52,,,ES019C,ES,,2023,cars_per_1000,Number of registered cars per 1000 population
A,TT1057I,ES020C,2015,442.98,,,ES020C,ES,,2015,cars_per_1000,Number of registered cars per 1000 population
A,TT1057I,ES020C,2016,448.66,,,ES020C,ES,,2016,cars_per_1000,Number of registered cars per 1000 population
A,TT1057I,ES020C,2017,432.0,,,ES020C,ES,,2017,cars_per_1000,Number of registered cars per 1000 population
A,TT1057I,ES020C,2018,438.55,,,ES020C,ES,,2018,cars_per_1000,Number of registered cars per 1000 population
A,TT1057I,ES020C,2019,444.1,,,ES020C,ES,,2019,cars_per_1000,Number of registered cars per 1000 population
A,TT1057I,ES020C,2020,447.12,,,ES020C,ES,,2020,cars_per_1000,Number of registered cars per 1000 population
A,TT1057I,ES020C,2021,455.11,,,ES020C,ES,,2021,cars_per_1000,Number of registered cars per 1000 population
A,TT1057I,ES020C,2022,459.93,,,ES020C,ES,,2022,cars_per_1000,Number of registered cars per 1000 population
A,TT1057I,ES020C,2023,452.24,,,ES020C,ES,,2023,cars_per_1000,Number of registered cars per 1000 population
A,TT1057I,ES021C,2015,447.13,,,ES021C,ES,,2015,cars_per_1000,Number of registered cars per 1000 population
A,TT1057I,ES021C,2016,451.01,,,ES021C,ES,,2016,cars_per_1000,Number of registered cars per 1000 population
A,TT1057I,ES021C,2017,429.86,,,ES021C,ES,,2017,cars_per_1000,Number of registered cars per 1000 population
A,TT1057I,ES021C,2018,436.57,,,ES021C,ES,,2018,cars_per_1000,Number of registered cars per 1000 population
A,TT1057I,ES021C,2019,438.9,,,ES021C,ES,,2019,cars_per_1000,Number of registered cars per 1000 population
A,TT1057I,ES021C,2020,438.76,,,ES021C,ES,,2020,cars_per_1000,Number of registered cars per 1000 population
A,TT1057I,ES021C,2021,442.3,,,ES021C,ES,,2021,cars_per_1000,Number of registered cars per 1000 population
A,TT1057I,ES021C,2022,444.36,,,ES021C,ES,,2022,cars_per_1000,Number of registered cars per 1000 population
A,TT1057I,ES021C,2023,430.68,,,ES021C,ES,,2023,cars_per_1000,Number of registered cars per 1000 population
A,TT1057I,ES022C,2015,491.95,,,ES022C,ES,,2015,cars_per_1000,Number of registered cars per 1000 population
A,TT1057I,ES022C,2016,498.41,,,ES022C,ES,,2016,cars_per_1000,Number of registered cars per 1000 population
A,TT1057I,ES022C,2017,473.17,,,ES022C,ES,,2017,cars_per_1000,Number of registered cars per 1000 population
A,TT1057I,ES022C,2018,478.31,,,ES022C,ES,,2018,cars_per_1000,Number of registered cars per 1000 population
A,TT1057I,ES022C,2019,479.44,,,ES022C,ES,,2019,cars_per_1000,Number of registered cars per 1000 population
A,TT1057I,ES022C,2020,480.44,,,ES022C,ES,,2020,cars_per_1000,Number of registered cars per 1000 population
A,TT1057I,ES022C,2021,486.39,,,ES022C,ES,,2021,cars_per_1000,Number of registered cars per 1000 population
A,TT1057I,ES022C,2022,487.41,,,ES022C,ES,,2022,cars_per_1000,Number of registered cars per 1000 population
A,TT1057I,ES022C,2023,479.68,,,ES022C,ES,,2023,cars_per_1000,Number of registered cars per 1000 population
A,TT1057I,ES023C,2015,430.41,,,ES023C,ES,,2015,cars_per_1000,Number of registered cars per 1000 population
A,TT1057I,ES023C,2016,436.38,,,ES023C,ES,,2016,cars_per_1000,Number of registered cars per 1000 population
A,TT1057I,ES023C,2017,424.74,,,ES023C,ES,,2017,cars_per_1000,Number of registered cars per 1000 population
A,TT1057I,ES023C,2018,429.67,,,ES023C,ES,,2018,cars_per_1000,Number of registered cars per 1000 population
A,TT1057I,ES023C,2019,433.62,,,ES023C,ES,,2019,cars_per_1000,Number of registered cars per 1000 population
A,TT1057I,ES023C,2020,435.61,,,ES023C,ES,,2020,cars_per_1000,Number of registered cars per 1000 population
A,TT1057I,ES023C,2021,440.53,,,ES023C,ES,,2021,cars_per_1000,Number of registered cars per 1000 population
A,TT1057I,ES023C,2022,439.63,,,ES023C,ES,,2022,cars_per_1000,Number of registered cars per 1000 population
A,TT1057I,ES023C,2023,435.37,,,ES023C,ES,,2023,cars_per_1000,Number of registered cars per 1000 population
A,TT1057I,ES024C,2015,523.26,,,ES024C,ES,,2015,cars_per_1000,Number of registered cars per 1000 population
A,TT1057I,ES024C,2016,529.35,,,ES024C,ES,,2016,cars_per_1000,Number of registered cars per 1000 population
A,TT1057I,ES024C,2017,499.96,,,ES024C,ES,,2017,cars_per_1000,Number of registered cars per 1000 population
A,TT1057I,ES024C,2018,508.42,,,ES024C,ES,,2018,cars_per_1000,Number of registered cars per 1000 population
A,TT1057I,ES024C,2019,513.35,,,ES024C,ES,,2019,cars_per_1000,Number of registered cars per 1000 population
A,TT1057I,ES024C,2020,517.37,,,ES024C,ES,,2020,cars_per_1000,Number of registered cars per 1000 population
A,TT1057I,ES024C,2021,523.58,,,ES024C,ES,,2021,cars_per_1000,Number of registered cars per 1000 population
A,TT1057I,ES024C,2022,525.68,,,ES024C,ES,,2022,cars_per_1000,Number of registered cars per 1000 population
A,TT1057I,ES024C,2023,521.12,,,ES024C,ES,,2023,cars_per_1000,Number of registered cars per 1000 population
A,TT1057I,ES025C,2015,455.33,,,ES025C,ES,,2015,cars_per_1000,Number of registered cars per 1000 population
A,TT1057I,ES025C,2016,457.16,,,ES025C,ES,,2016,cars_per_1000,Number of registered cars per 1000 population
A,TT1057I,ES025C,2017,432.69,,,ES025C,ES,,2017,cars_per_1000,Number of registered cars per 1000 population
A,TT1057I,ES025C,2018,435.15,,,ES025C,ES,,2018,cars_per_1000,Number of registered cars per 1000 population
A,TT1057I,ES025C,2019,436.96,,,ES025C,ES,,2019,cars_per_1000,Number of registered cars per 1000 population
A,TT1057I,ES025C,2020,434.89,,,ES025C,ES,,2020,cars_per_1000,Number of registered cars per 1000 population
A,TT1057I,ES025C,2021,436.93,,,ES025C,ES,,2021,cars_per_1000,Number of registered cars per 1000 population
A,TT1057I,ES025C,2022,436.16,,,ES025C,ES,,2022,cars_per_1000,Number of registered cars per 1000 population
A,TT1057I,ES025C,2023,427.69,,,ES025C,ES,,2023,cars_per_1000,Number of registered cars per 1000 population
A,TT1057I,ES026C,2015,462.12,,,ES026C,ES,,2015,cars_per_1000,Number of registered cars per 1000 population
A,TT1057I,ES026C,2016,469.92,,,ES026C,ES,,2016,cars_per_1000,Number of registered cars per 1000 population
A,TT1057I,ES026C,2017,460.97,,,ES026C,ES,,2017,cars_per_1000,Number of registered cars per 1000 population
A,TT1057I,ES026C,2018,470.28,,,ES026C,ES,,2018,cars_per_1000,Number of registered cars per 1000 population
A,TT1057I,ES026C,2019,473.9,,,ES026C,ES,,2019,cars_per_1000,Number of registered cars per 1000 population
A,TT1057I,ES026C,2020,470.06,,,ES026C,ES,,2020,cars_per_1000,Number of registered cars per 1000 population
A,TT1057I,ES026C,2021,468.15,,,ES026C,ES,,2021,cars_per_1000,Number of registered cars per 1000 population
A,TT1057I,ES026C,2022,465.84,,,ES026C,ES,,2022,cars_per_1000,Number of registered cars per 1000 population
A,TT1057I,ES026C,2023,458.19,,,ES026C,ES,,2023,cars_per_1000,Number of registered cars per 1000 population
A,TT1057I,ES027C,2015,444.87,,,ES027C,ES,,2015,cars_per_1000,Number of registered cars per 1000 population
A,TT1057I,ES027C,2016,453.83,,,ES027C,ES,,2016,cars_per_1000,Number of registered cars per 1000 population
A,TT1057I,ES027C,2017,452.32,,,ES027C,ES,,2017,cars_per_1000,Number of registered cars per 1000 population
A,TT1057I,ES027C,2018,464.64,,,ES027C,ES,,2018,cars_per_1000,Number of registered cars per 1000 population
A,TT1057I,ES027C,2019,474.31,,,ES027C,ES,,2019,cars_per_1000,Number of registered cars per 1000 population
A,TT1057I,ES027C,2020,479.87,,,ES027C,ES,,2020,cars_per_1000,Number of registered cars per 1000 population
A,TT1057I,ES027C,2021,483.12,,,ES027C,ES,,2021,cars_per_1000,Number of registered cars per 1000 population
A,TT1057I,ES027C,2022,488.07,,,ES027C,ES,,2022,cars_per_1000,Number of registered cars per 1000 population
A,TT1057I,ES027C,2023,489.49,,,ES027C,ES,,2023,cars_per_1000,Number of registered cars per 1000 population
A,TT1057I,ES028C,2015,505.77,,,ES028C,ES,,2015,cars_per_1000,Number of registered cars per 1000 population
A,TT1057I,ES028C,2016,512.22,,,ES028C,ES,,2016,cars_per_1000,Number of registered cars per 1000 population
A,TT1057I,ES028C,2017,485.52,,,ES028C,ES,,2017,cars_per_1000,Number of registered cars per 1000 population
A,TT1057I,ES028C,2018,493.6,,,ES028C,ES,,2018,cars_per_1000,Number of registered cars per 1000 population
A,TT1057I,ES028C,2019,500.1,,,ES028C,ES,,2019,cars_per_1000,Number of registered cars per 1000 population
A,TT1057I,ES028C,2020,504.06,,,ES028C,ES,,2020,cars_per_1000,Number of registered cars per 1000 population
A,TT1057I,ES028C,2021,511.19,,,ES028C,ES,,2021,cars_per_1000,Number of registered cars per 1000 population
A,TT1057I,ES028C,2022,515.8,,,ES028C,ES,,2022,cars_per_1000,Number of registered cars per 1000 population
A,TT1057I,ES028C,2023,511.7,,,ES028C,ES,,2023,cars_per_1000,Number of registered cars per 1000 population
A,TT1057I,ES029C,2015,401.81,,,ES029C,ES,,2015,cars_per_1000,Number of registered cars per 1000 population
A,TT1057I,ES029C,2016,407.46,,,ES029C,ES,,2016,cars_per_1000,Number of registered cars per 1000 population
A,TT1057I,ES029C,2017,408.8,,,ES029C,ES,,2017,cars_per_1000,Number of registered cars per 1000 population
A,TT1057I,ES029C,2018,418.97,,,ES029C,ES,,2018,cars_per_1000,Number of registered cars per 1000 population
A,TT1057I,ES029C,2019,426.17,,,ES029C,ES,,2019,cars_per_1000,Number of registered cars per 1000 population
A,TT1057I,ES029C,2020,430.68,,,ES029C,ES,,2020,cars_per_1000,Number of registered cars per 1000 population
A,TT1057I,ES029C,2021,434.02,,,ES029C,ES,,2021,cars_per_1000,Number of registered cars per 1000 population
A,TT1057I,ES029C,2022,438.13,,,ES029C,ES,,2022,cars_per_1000,Number of registered cars per 1000 population
A,TT1057I,ES029C,2023,438.67,,,ES029C,ES,,2023,cars_per_1000,Number of registered cars per 1000 population
A,TT1057I,ES030C,2015,456.05,,,ES030C,ES,,2015,cars_per_1000,Number of registered cars per 1000 population
A,TT1057I,ES030C,2016,465.02,,,ES030C,ES,,2016,cars_per_1000,Number of registered cars per 1000 population
A,TT1057I,ES030C,2017,435.2,,,ES030C,ES,,2017,cars_per_1000,Number of registered cars per 1000 population
A,TT1057I,ES030C,2018,437.99,,,ES030C,ES,,2018,cars_per_1000,Number of registered cars per 1000 population
A,TT1057I,ES030C,2019,435.98,,,ES030C,ES,,2019,cars_per_1000,Number of registered cars per 1000 population
A,TT1057I,ES030C,2020,432.57,,,ES030C,ES,,2020,cars_per_1000,Number of registered cars per 1000 population
A,TT1057I,ES030C,2021,439.03,,,ES030C,ES,,2021,cars_per_1000,Number of registered cars per 1000 population
A,TT1057I,ES030C,2022,434.15,,,ES030C,ES,,2022,cars_per_1000,Number of registered cars per 1000 population
A,TT1057I,ES030C,2023,429.23,,,ES030C,ES,,2023,cars_per_1000,Number of registered cars per 1000 population
A,TT1057I,ES031C,2015,507.58,,,ES031C,ES,,2015,cars_per_1000,Number of registered cars per 1000 population
A,TT1057I,ES031C,2016,514.83,,,ES031C,ES,,2016,cars_per_1000,Number of registered cars per 1000 population
A,TT1057I,ES031C,2017,500.83,,,ES031C,ES,,2017,cars_per_1000,Number of registered cars per 1000 population
A,TT1057I,ES031C,2018,508.37,,,ES031C,ES,,2018,cars_per_1000,Number of registered cars per 1000 population
A,TT1057I,ES031C,2019,517.33,,,ES031C,ES,,2019,cars_per_1000,Number of registered cars per 1000 population
A,TT1057I,ES031C,2020,523.18,,,ES031C,ES,,2020,cars_per_1000,Number of registered cars per 1000 population
A,TT1057I,ES031C,2021,532.26,,,ES031C,ES,,2021,cars_per_1000,Number of registered cars per 1000 population
A,TT1057I,ES031C,2022,533.13,,,ES031C,ES,,2022,cars_per_1000,Number of registered cars per 1000 population
A,TT1057I,ES031C,2023,531.15,,,ES031C,ES,,2023,cars_per_1000,Number of registered cars per 1000 population
A,TT1057I,ES032C,2015,485.39,,,ES032C,ES,,2015,cars_per_1000,Number of registered cars per 1000 population
A,TT1057I,ES032C,2016,528.85,,,ES032C,ES,,2016,cars_per_1000,Number of registered cars per 1000 population
A,TT1057I,ES032C,2017,514.99,,,ES032C,ES,,2017,cars_per_1000,Number of registered cars per 1000 population
A,TT1057I,ES032C,2018,541.7,,,ES032C,ES,,2018,cars_per_1000,Number of registered cars per 1000 population
A,TT1057I,ES032C,2019,559.86,,,ES032C,ES,,2019,cars_per_1000,Number of registered cars per 1000 population
A,TT1057I,ES032C,2020,558.2,,,ES032C,ES,,2020,cars_per_1000,Number of registered cars per 1000 population
A,TT1057I,ES032C,2021,584.06,,,ES032C,ES,,2021,cars_per_1000,Number of registered cars per 1000 population
A,TT1057I,ES032C,2022,607.43,,,ES032C,ES,,2022,cars_per_1000,Number of registered cars per 1000 population
A,TT1057I,ES032C,2023,587.4,,,ES032C,ES,,2023,cars_per_1000,Number of registered cars per 1000 population
A,TT1057I,ES033C,2015,447.57,,,ES033C,ES,,2015,cars_per_1000,Number of registered cars per 1000 population
A,TT1057I,ES033C,2016,453.48,,,ES033C,ES,,2016,cars_per_1000,Number of registered cars per 1000 population
A,TT1057I,ES033C,2017,444.42,,,ES033C,ES,,2017,cars_per_1000,Number of registered cars per 1000 population
A,TT1057I,ES033C,2018,454.18,,,ES033C,ES,,2018,cars_per_1000,Number of registered cars per 1000 population
A,TT1057I,ES033C,2019,462.25,,,ES033C,ES,,2019,cars_per_1000,Number of registered cars per 1000 population
A,TT1057I,ES033C,2020,466.42,,,ES033C,ES,,2020,cars_per_1000,Number of registered cars per 1000 population
A,TT1057I,ES033C,2021,469.3,,,ES033C,ES,,2021,cars_per_1000,Number of registered cars per 1000 population
A,TT1057I,ES033C,2022,471.47,,,ES033C,ES,,2022,cars_per_1000,Number of registered cars per 1000 population
A,TT1057I,ES033C,2023,471.96,,,ES033C,ES,,2023,cars_per_1000,Number of registered cars per 1000 population
A,TT1057I,ES034C,2015,483.73,,,ES034C,ES,,2015,cars_per_1000,Number of registered cars per 1000 population
A,TT1057I,ES034C,2016,492.06,,,ES034C,ES,,2016,cars_per_1000,Number of registered cars per 1000 population
A,TT1057I,ES034C,2017,483.78,,,ES034C,ES,,2017,cars_per_1000,Number of registered cars per 1000 population
A,TT1057I,ES034C,2018,492.21,,,ES034C,ES,,2018,cars_per_1000,Number of registered cars per 1000 population
A,TT1057I,ES034C,2019,499.53,,,ES034C,ES,,2019,cars_per_1000,Number of registered cars per 1000 population
A,TT1057I,ES034C,2020,503.43,,,ES034C,ES,,2020,cars_per_1000,Number of registered cars per 1000 population
A,TT1057I,ES034C,2021,510.51,,,ES034C,ES,,2021,cars_per_1000,Number of registered cars per 1000 population
A,TT1057I,ES034C,2022,514.69,,,ES034C,ES,,2022,cars_per_1000,Number of registered cars per 1000 population
A,TT1057I,ES034C,2023,512.55,,,ES034C,ES,,2023,cars_per_1000,Number of registered cars per 1000 population
A,TT1057I,ES035C,2015,427.99,,,ES035C,ES,,2015,cars_per_1000,Number of registered cars per 1000 population
A,TT1057I,ES035C,2016,438.63,,,ES035C,ES,,2016,cars_per_1000,Number of registered cars per 1000 population
A,TT1057I,ES035C,2017,424.56,,,ES035C,ES,,2017,cars_per_1000,Number of registered cars per 1000 population
A,TT1057I,ES035C,2018,434.76,,,ES035C,ES,,2018,cars_per_1000,Number of registered cars per 1000 population
A,TT1057I,ES035C,2019,440.85,,,ES035C,ES,,2019,cars_per_1000,Number of registered cars per 1000 population
A,TT1057I,ES035C,2020,443.86,,,ES035C,ES,,2020,cars_per_1000,Number of registered cars per 1000 population
A,TT1057I,ES035C,2021,449.02,,,ES035C,ES,,2021,cars_per_1000,Number of registered cars per 1000 population
A,TT1057I,ES035C,2022,453.51,,,ES035C,ES,,2022,cars_per_1000,Number of registered cars per 1000 population
A,TT1057I,ES035C,2023,451.17,,,ES035C,ES,,2023,cars_per_1000,Number of registered cars per 1000 population
A,TT1057I,ES036C,2015,456.49,,,ES036C,ES,,2015,cars_per_1000,Number of registered cars per 1000 population
A,TT1057I,ES036C,2016,467.94,,,ES036C,ES,,2016,cars_per_1000,Number of registered cars per 1000 population
A,TT1057I,ES036C,2017,451.22,,,ES036C,ES,,2017,cars_per_1000,Number of registered cars per 1000 population
A,TT1057I,ES036C,2018,459.11,,,ES036C,ES,,2018,cars_per_1000,Number of registered cars per 1000 population
A,TT1057I,ES036C,2019,463.84,,,ES036C,ES,,2019,cars_per_1000,Number of registered cars per 1000 population
A,TT1057I,ES036C,2020,467.47,,,ES036C,ES,,2020,cars_per_1000,Number of registered cars per 1000 population
A,TT1057I,ES036C,2021,475.33,,,ES036C,ES,,2021,cars_per_1000,Number of registered cars per 1000 population
A,TT1057I,ES036C,2022,476.38,,,ES036C,ES,,2022,cars_per_1000,Number of registered cars per 1000 population
A,TT1057I,ES036C,2023,475.65,,,ES036C,ES,,2023,cars_per_1000,Number of registered cars per 1000 population
A,TT1057I,ES037C,2015,530.81,,,ES037C,ES,,2015,cars_per_1000,Number of registered cars per 1000 population
A,TT1057I,ES037C,2016,540.38,,,ES037C,ES,,2016,cars_per_1000,Number of registered cars per 1000 population
A,TT1057I,ES037C,2017,531.75,,,ES037C,ES,,2017,cars_per_1000,Number of registered cars per 1000 population
A,TT1057I,ES037C,2018,541.65,,,ES037C,ES,,2018,cars_per_1000,Number of registered cars per 1000 population
A,TT1057I,ES037C,2019,549.5,,,ES037C,ES,,2019,cars_per_1000,Number of registered cars per 1000 population
A,TT1057I,ES037C,2020,554.04,,,ES037C,ES,,2020,cars_per_1000,Number of registered cars per 1000 population
A,TT1057I,ES037C,2021,559.62,,,ES037C,ES,,2021,cars_per_1000,Number of registered cars per 1000 population
A,TT1057I,ES037C,2022,563.27,,,ES037C,ES,,2022,cars_per_1000,Number of registered cars per 1000 population
A,TT1057I,ES037C,2023,560.46,,,ES037C,ES,,2023,cars_per_1000,Number of registered cars per 1000 population
A,TT1057I,ES038C,2015,487.49,,,ES038C,ES,,2015,cars_per_1000,Number of registered cars per 1000 population
A,TT1057I,ES038C,2016,493.44,,,ES038C,ES,,2016,cars_per_1000,Number of registered cars per 1000 population
A,TT1057I,ES038C,2017,472.37,,,ES038C,ES,,2017,cars_per_1000,Number of registered cars per 1000 population
A,TT1057I,ES038C,2018,478.44,,,ES038C,ES,,2018,cars_per_1000,Number of registered cars per 1000 population
A,TT1057I,ES038C,2019,486.67,,,ES038C,ES,,2019,cars_per_1000,Number of registered cars per 1000 population
A,TT1057I,ES038C,2020,490.15,,,ES038C,ES,,2020,cars_per_1000,Number of registered cars per 1000 population
A,TT1057I,ES038C,2021,495.64,,,ES038C,ES,,2021,cars_per_1000,Number of registered cars per 1000 population
A,TT1057I,ES038C,2022,497.9,,,ES038C,ES,,2022,cars_per_1000,Number of registered cars per 1000 population
A,TT1057I,ES038C,2023,499.23,,,ES038C,ES,,2023,cars_per_1000,Number of registered cars per 1000 population
A,TT1057I,ES039C,2015,484.06,,,ES039C,ES,,2015,cars_per_1000,Number of registered cars per 1000 population
A,TT1057I,ES039C,2016,486.92,,,ES039C,ES,,2016,cars_per_1000,Number of registered cars per 1000 population
A,TT1057I,ES039C,2017,465.94,,,ES039C,ES,,2017,cars_per_1000,Number of registered cars per 1000 population
A,TT1057I,ES039C,2018,467.71,,,ES039C,ES,,2018,cars_per_1000,Number of registered cars per 1000 population
A,TT1057I,ES039C,2019,473.69,,,ES039C,ES,,2019,cars_per_1000,Number of registered cars per 1000 population
A,TT1057I,ES039C,2020,479.11,,,ES039C,ES,,2020,cars_per_1000,Number of registered cars per 1000 population
A,TT1057I,ES039C,2021,480.2,,,ES039C,ES,,2021,cars_per_1000,Number of registered cars per 1000 population
A,TT1057I,ES039C,2022,478.72,,,ES039C,ES,,2022,cars_per_1000,Number of registered cars per 1000 population
A,TT1057I,ES039C,2023,474.45,,,ES039C,ES,,2023,cars_per_1000,Number of registered cars per 1000 population
A,TT1057I,ES040C,2015,456.75,,,ES040C,ES,,2015,cars_per_1000,Number of registered cars per 1000 population
A,TT1057I,ES040C,2016,468.27,,,ES040C,ES,,2016,cars_per_1000,Number of registered cars per 1000 population
A,TT1057I,ES040C,2017,452.06,,,ES040C,ES,,2017,cars_per_1000,Number of registered cars per 1000 population
A,TT1057I,ES040C,2018,462.42,,,ES040C,ES,,2018,cars_per_1000,Number of registered cars per 1000 population
A,TT1057I,ES040C,2019,462.96,,,ES040C,ES,,2019,cars_per_1000,Number of registered cars per 1000 population
A,TT1057I,ES040C,2020,460.37,,,ES040C,ES,,2020,cars_per_1000,Number of registered cars per 1000 population
A,TT1057I,ES040C,2021,461.58,,,ES040C,ES,,2021,cars_per_1000,Number of registered cars per 1000 population
A,TT1057I,ES040C,2022,463.82,,,ES040C,ES,,2022,cars_per_1000,Number of registered cars per 1000 population
A,TT1057I,ES040C,2023,451.02,,,ES040C,ES,,2023,cars_per_1000,Number of registered cars per 1000 population
A,TT1057I,ES041C,2015,459.47,,,ES041C,ES,,2015,cars_per_1000,Number of registered cars per 1000 population
A,TT1057I,ES041C,2016,467.73,,,ES041C,ES,,2016,cars_per_1000,Number of registered cars per 1000 population
A,TT1057I,ES041C,2017,455.89,,,ES041C,ES,,2017,cars_per_1000,Number of registered cars per 1000 population
A,TT1057I,ES041C,2018,465.25,,,ES041C,ES,,2018,cars_per_1000,Number of registered cars per 1000 population
A,TT1057I,ES041C,2019,469.63,,,ES041C,ES,,2019,cars_per_1000,Number of registered cars per 1000 population
A,TT1057I,ES041C,2020,469.15,,,ES041C,ES,,2020,cars_per_1000,Number of registered cars per 1000 population
A,TT1057I,ES041C,2021,475.89,,,ES041C,ES,,2021,cars_per_1000,Number of registered cars per 1000 population
A,TT1057I,ES041C,2022,480.07,,,ES041C,ES,,2022,cars_per_1000,Number of registered cars per 1000 population
A,TT1057I,ES041C,2023,483.0,,,ES041C,ES,,2023,cars_per_1000,Number of registered cars per 1000 population
A,TT1057I,ES042C,2015,448.85,,,ES042C,ES,,2015,cars_per_1000,Number of registered cars per 1000 population
A,TT1057I,ES042C,2016,459.24,,,ES042C,ES,,2016,cars_per_1000,Number of registered cars per 1000 population
A,TT1057I,ES042C,2017,441.55,,,ES042C,ES,,2017,cars_per_1000,Number of registered cars per 1000 population
A,TT1057I,ES042C,2018,443.97,,,ES042C,ES,,2018,cars_per_1000,Number of registered cars per 1000 population
A,TT1057I,ES042C,2019,444.8,,,ES042C,ES,,2019,cars_per_1000,Number of registered cars per 1000 population
A,TT1057I,ES042C,2020,443.33,,,ES042C,ES,,2020,cars_per_1000,Number of registered cars per 1000 population
A,TT1057I,ES042C,2021,443.36,,,ES042C,ES,,2021,cars_per_1000,Number of registered cars per 1000 population
A,TT1057I,ES042C,2022,446.03,,,ES042C,ES,,2022,cars_per_1000,Number of registered cars per 1000 population
A,TT1057I,ES042C,2023,442.68,,,ES042C,ES,,2023,cars_per_1000,Number of registered cars per 1000 population
A,TT1057I,ES043C,2015,431.62,,,ES043C,ES,,2015,cars_per_1000,Number of registered cars per 1000 population
A,TT1057I,ES043C,2016,442.47,,,ES043C,ES,,2016,cars_per_1000,Number of registered cars per 1000 population
A,TT1057I,ES043C,2017,418.34,,,ES043C,ES,,2017,cars_per_1000,Number of registered cars per 1000 population
A,TT1057I,ES043C,2018,425.16,,,ES043C,ES,,2018,cars_per_1000,Number of registered cars per 1000 population
A,TT1057I,ES043C,2019,432.84,,,ES043C,ES,,2019,cars_per_1000,Number of registered cars per 1000 population
A,TT1057I,ES043C,2020,433.16,,,ES043C,ES,,2020,cars_per_1000,Number of registered cars per 1000 population
A,TT1057I,ES043C,2021,438.39,,,ES043C,ES,,2021,cars_per_1000,Number of registered cars per 1000 population
A,TT1057I,ES043C,2022,443.98,,,ES043C,ES,,2022,cars_per_1000,Number of registered cars per 1000 population
A,TT1057I,ES043C,2023,443.92,,,ES043C,ES,,2023,cars_per_1000,Number of registered cars per 1000 population
A,TT1057I,ES044C,2015,436.31,,,ES044C,ES,,2015,cars_per_1000,Number of registered cars per 1000 population
A,TT1057I,ES044C,2016,456.59,,,ES044C,ES,,2016,cars_per_1000,Number of registered cars per 1000 population
A,TT1057I,ES044C,2017,424.34,,,ES044C,ES,,2017,cars_per_1000,Number of registered cars per 1000 population
A,TT1057I,ES044C,2018,428.52,,,ES044C,ES,,2018,cars_per_1000,Number of registered cars per 1000 population
A,TT1057I,ES044C,2019,432.78,,,ES044C,ES,,2019,cars_per_1000,Number of registered cars per 1000 population
A,TT1057I,ES044C,2020,422.37,,,ES044C,ES,,2020,cars_per_1000,Number of registered cars per 1000 population
A,TT1057I,ES044C,2021,431.67,,,ES044C,ES,,2021,cars_per_1000,Number of registered cars per 1000 population
A,TT1057I,ES044C,2022,438.18,,,ES044C,ES,,2022,cars_per_1000,Number of registered cars per 1000 population
A,TT1057I,ES044C,2023,428.78,,,ES044C,ES,,2023,cars_per_1000,Number of registered cars per 1000 population
A,TT1057I,ES045C,2015,492.0,,,ES045C,ES,,2015,cars_per_1000,Number of registered cars per 1000 population
A,TT1057I,ES045C,2016,498.41,,,ES045C,ES,,2016,cars_per_1000,Number of registered cars per 1000 population
A,TT1057I,ES045C,2017,503.33,,,ES045C,ES,,2017,cars_per_1000,Number of registered cars per 1000 population
A,TT1057I,ES045C,2018,515.92,,,ES045C,ES,,2018,cars_per_1000,Number of registered cars per 1000 population
A,TT1057I,ES045C,2019,529.69,,,ES045C,ES,,2019,cars_per_1000,Number of registered cars per 1000 population
A,TT1057I,ES045C,2020,532.12,,,ES045C,ES,,2020,cars_per_1000,Number of registered cars per 1000 population
A,TT1057I,ES045C,2021,538.17,,,ES045C,ES,,2021,cars_per_1000,Number of registered cars per 1000 population
A,TT1057I,ES045C,2022,547.47,,,ES045C,ES,,2022,cars_per_1000,Number of registered cars per 1000 population
A,TT1057I,ES045C,2023,543.35,,,ES045C,ES,,2023,cars_per_1000,Number of registered cars per 1000 population
A,TT1057I,ES046C,2015,479.94,,,ES046C,ES,,2015,cars_per_1000,Number of registered cars per 1000 population
A,TT1057I,ES046C,2016,487.83,,,ES046C,ES,,2016,cars_per_1000,Number of registered cars per 1000 population
A,TT1057I,ES046C,2017,474.68,,,ES046C,ES,,2017,cars_per_1000,Number of registered cars per 1000 population
A,TT1057I,ES046C,2018,484.5,,,ES046C,ES,,2018,cars_per_1000,Number of registered cars per 1000 population
A,TT1057I,ES046C,2019,496.38,,,ES046C,ES,,2019,cars_per_1000,Number of registered cars per 1000 population
A,TT1057I,ES046C,2020,501.95,,,ES046C,ES,,2020,cars_per_1000,Number of registered cars per 1000 population
A,TT1057I,ES046C,2021,512.18,,,ES046C,ES,,2021,cars_per_1000,Number of registered cars per 1000 population
A,TT1057I,ES046C,2022,518.71,,,ES046C,ES,,2022,cars_per_1000,Number of registered cars per 1000 population
A,TT1057I,ES046C,2023,521.25,,,ES046C,ES,,2023,cars_per_1000,Number of registered cars per 1000 population
A,TT1057I,ES047C,2015,461.91,,,ES047C,ES,,2015,cars_per_1000,Number of registered cars per 1000 population
A,TT1057I,ES047C,2016,468.56,,,ES047C,ES,,2016,cars_per_1000,Number of registered cars per 1000 population
A,TT1057I,ES047C,2017,452.55,,,ES047C,ES,,2017,cars_per_1000,Number of registered cars per 1000 population
A,TT1057I,ES047C,2018,462.08,,,ES047C,ES,,2018,cars_per_1000,Number of registered cars per 1000 population
A,TT1057I,ES047C,2019,467.32,,,ES047C,ES,,2019,cars_per_1000,Number of registered cars per 1000 population
A,TT1057I,ES047C,2020,474.85,,,ES047C,ES,,2020,cars_per_1000,Number of registered cars per 1000 population
A,TT1057I,ES047C,2021,481.17,,,ES047C,ES,,2021,cars_per_1000,Number of registered cars per 1000 population
A,TT1057I,ES047C,2022,485.68,,,ES047C,ES,,2022,cars_per_1000,Number of registered cars per 1000 population
A,TT1057I,ES047C,2023,483.31,,,ES047C,ES,,2023,cars_per_1000,Number of registered cars per 1000 population
A,TT1057I,ES048C,2015,407.38,,,ES048C,ES,,2015,cars_per_1000,Number of registered cars per 1000 population
A,TT1057I,ES048C,2016,419.47,,,ES048C,ES,,2016,cars_per_1000,Number of registered cars per 1000 population
A,TT1057I,ES048C,2017,412.5,,,ES048C,ES,,2017,cars_per_1000,Number of registered cars per 1000 population
A,TT1057I,ES048C,2018,420.14,,,ES048C,ES,,2018,cars_per_1000,Number of registered cars per 1000 population
A,TT1057I,ES048C,2019,401.91,,,ES048C,ES,,2019,cars_per_1000,Number of registered cars per 1000 population
A,TT1057I,ES048C,2020,391.01,,,ES048C,ES,,2020,cars_per_1000,Number of registered cars per 1000 population
A,TT1057I,ES048C,2021,396.45,,,ES048C,ES,,2021,cars_per_1000,Number of registered cars per 1000 population
A,TT1057I,ES048C,2022,400.42,,,ES048C,ES,,2022,cars_per_1000,Number of registered cars per 1000 population
A,TT1057I,ES048C,2023,382.29,,,ES048C,ES,,2023,cars_per_1000,Number of registered cars per 1000 population
A,TT1057I,ES049C,2015,392.89,,,ES049C,ES,,2015,cars_per_1000,Number of registered cars per 1000 population
A,TT1057I,ES049C,2016,401.04,,,ES049C,ES,,2016,cars_per_1000,Number of registered cars per 1000 population
A,TT1057I,ES049C,2017,402.04,,,ES049C,ES,,2017,cars_per_1000,Number of registered cars per 1000 population
A,TT1057I,ES049C,2018,412.78,,,ES049C,ES,,2018,cars_per_1000,Number of registered cars per 1000 population
A,TT1057I,ES049C,2019,424.06,,,ES049C,ES,,2019,cars_per_1000,Number of registered cars per 1000 population
A,TT1057I,ES049C,2020,429.22,,,ES049C,ES,,2020,cars_per_1000,Number of registered cars per 1000 population
A,TT1057I,ES049C,2021,431.71,,,ES049C,ES,,2021,cars_per_1000,Number of registered cars per 1000 population
A,TT1057I,ES049C,2022,435.08,,,ES049C,ES,,2022,cars_per_1000,Number of registered cars per 1000 population
A,TT1057I,ES049C,2023,441.8,,,ES049C,ES,,2023,cars_per_1000,Number of registered cars per 1000 population
A,TT1057I,ES050C,2015,412.81,,,ES050C,ES,,2015,cars_per_1000,Number of registered cars per 1000 population
A,TT1057I,ES050C,2016,421.88,,,ES050C,ES,,2016,cars_per_1000,Number of registered cars per 1000 population
A,TT1057I,ES050C,2017,412.17,,,ES050C,ES,,2017,cars_per_1000,Number of registered cars per 1000 population
A,TT1057I,ES050C,2018,422.62,,,ES050C,ES,,2018,cars_per_1000,Number of registered cars per 1000 population
A,TT1057I,ES050C,2019,424.96,,,ES050C,ES,,2019,cars_per_1000,Number of registered cars per 1000 population
A,TT1057I,ES050C,2020,424.51,,,ES050C,ES,,2020,cars_per_1000,Number of registered cars per 1000 population
A,TT1057I,ES050C,2021,426.55,,,ES050C,ES,,2021,cars_per_1000,Number of registered cars per 1000 population
A,TT1057I,ES050C,2022,423.01,,,ES050C,ES,,2022,cars_per_1000,Number of registered cars per 1000 population
A,TT1057I,ES050C,2023,421.02,,,ES050C,ES,,2023,cars_per_1000,Number of registered cars per 1000 population
A,TT1057I,ES051C,2015,449.25,,,ES051C,ES,,2015,cars_per_1000,Number of registered cars per 1000 population
A,TT1057I,ES051C,2016,452.84,,,ES051C,ES,,2016,cars_per_1000,Number of registered cars per 1000 population
A,TT1057I,ES051C,2017,447.98,,,ES051C,ES,,2017,cars_per_1000,Number of registered cars per 1000 population
A,TT1057I,ES051C,2018,455.94,,,ES051C,ES,,2018,cars_per_1000,Number of registered cars per 1000 population
A,TT1057I,ES051C,2019,455.46,,,ES051C,ES,,2019,cars_per_1000,Number of registered cars per 1000 population
A,TT1057I,ES051C,2020,454.27,,,ES051C,ES,,2020,cars_per_1000,Number of registered cars per 1000 population
A,TT1057I,ES051C,2021,458.63,,,ES051C,ES,,2021,cars_per_1000,Number of registered cars per 1000 population
A,TT1057I,ES051C,2022,457.37,,,ES051C,ES,,2022,cars_per_1000,Number of registered cars per 1000 population
A,TT1057I,ES051C,2023,446.01,,,ES051C,ES,,2023,cars_per_1000,Number of registered cars per 1000 population
A,TT1057I,ES052C,2015,492.87,,,ES052C,ES,,2015,cars_per_1000,Number of registered cars per 1000 population
A,TT1057I,ES052C,2016,496.37,,,ES052C,ES,,2016,cars_per_1000,Number of registered cars per 1000 population
A,TT1057I,ES052C,2017,468.65,,,ES052C,ES,,2017,cars_per_1000,Number of registered cars per 1000 population
A,TT1057I,ES052C,2018,476.5,,,ES052C,ES,,2018,cars_per_1000,Number of registered cars per 1000 population
A,TT1057I,ES052C,2019,482.11,,,ES052C,ES,,2019,cars_per_1000,Number of registered cars per 1000 population
A,TT1057I,ES052C,2020,480.76,,,ES052C,ES,,2020,cars_per_1000,Number of registered cars per 1000 population
A,TT1057I,ES052C,2021,493.81,,,ES052C,ES,,2021,cars_per_1000,Number of registered cars per 1000 population
A,TT1057I,ES052C,2022,495.39,,,ES052C,ES,,2022,cars_per_1000,Number of registered cars per 1000 population
A,TT1057I,ES052C,2023,485.18,,,ES052C,ES,,2023,cars_per_1000,Number of registered cars per 1000 population
A,TT1057I,ES053C,2015,442.58,,,ES053C,ES,,2015,cars_per_1000,Number of registered cars per 1000 population
A,TT1057I,ES053C,2016,449.65,,,ES053C,ES,,2016,cars_per_1000,Number of registered cars per 1000 population
A,TT1057I,ES053C,2017,432.67,,,ES053C,ES,,2017,cars_per_1000,Number of registered cars per 1000 population
A,TT1057I,ES053C,2018,440.93,,,ES053C,ES,,2018,cars_per_1000,Number of registered cars per 1000 population
A,TT1057I,ES053C,2019,444.9,,,ES053C,ES,,2019,cars_per_1000,Number of registered cars per 1000 population
A,TT1057I,ES053C,2020,444.33,,,ES053C,ES,,2020,cars_per_1000,Number of registered cars per 1000 population
A,TT1057I,ES053C,2021,448.6,,,ES053C,ES,,2021,cars_per_1000,Number of registered cars per 1000 population
A,TT1057I,ES053C,2022,449.09,,,ES053C,ES,,2022,cars_per_1000,Number of registered cars per 1000 population
A,TT1057I,ES053C,2023,447.22,,,ES053C,ES,,2023,cars_per_1000,Number of registered cars per 1000 population
A,TT1057I,ES054C,2015,466.68,,,ES054C,ES,,2015,cars_per_1000,Number of registered cars per 1000 population
A,TT1057I,ES054C,2016,478.15,,,ES054C,ES,,2016,cars_per_1000,Number of registered cars per 1000 population
A,TT1057I,ES054C,2017,436.38,,,ES054C,ES,,2017,cars_per_1000,Number of registered cars per 1000 population
A,TT1057I,ES054C,2018,440.47,,,ES054C,ES,,2018,cars_per_1000,Number of registered cars per 1000 population
A,TT1057I,ES054C,2019,444.8,,,ES054C,ES,,2019,cars_per_1000,Number of registered cars per 1000 population
A,TT1057I,ES054C,2020,436.65,,,ES054C,ES,,2020,cars_per_1000,Number of registered cars per 1000 population
A,TT1057I,ES054C,2021,436.21,,,ES054C,ES,,2021,cars_per_1000,Number of registered cars per 1000 population
A,TT1057I,ES054C,2022,437.81,,,ES054C,ES,,2022,cars_per_1000,Number of registered cars per 1000 population
A,TT1057I,ES054C,2023,432.53,,,ES054C,ES,,2023,cars_per_1000,Number of registered cars per 1000 population
A,TT1057I,ES055C,2015,465.4,,,ES055C,ES,,2015,cars_per_1000,Number of registered cars per 1000 population
A,TT1057I,ES055C,2016,473.31,,,ES055C,ES,,2016,cars_per_1000,Number of registered cars per 1000 population
A,TT1057I,ES055C,2017,455.66,,,ES055C,ES,,2017,cars_per_1000,Number of registered cars per 1000 population
A,TT1057I,ES055C,2018,464.36,,,ES055C,ES,,2018,cars_per_1000,Number of registered cars per 1000 population
A,TT1057I,ES055C,2019,470.15,,,ES055C,ES,,2019,cars_per_1000,Number of registered cars per 1000 population
A,TT1057I,ES055C,2020,460.62,,,ES055C,ES,,2020,cars_per_1000,Number of registered cars per 1000 population
A,TT1057I,ES055C,2021,461.28,,,ES055C,ES,,2021,cars_per_1000,Number of registered cars per 1000 population
A,TT1057I,ES055C,2022,475.25,,,ES055C,ES,,2022,cars_per_1000,Number of registered cars per 1000 population
A,TT1057I,ES055C,2023,479.22,,,ES055C,ES,,2023,cars_per_1000,Number of registered cars per 1000 population
A,TT1057I,ES056C,2015,461.8,,,ES056C,ES,,2015,cars_per_1000,Number of registered cars per 1000 population
A,TT1057I,ES056C,2016,469.63,,,ES056C,ES,,2016,cars_per_1000,Number of registered cars per 1000 population
A,TT1057I,ES056C,2017,454.06,,,ES056C,ES,,2017,cars_per_1000,Number of registered cars per 1000 population
A,TT1057I,ES056C,2018,463.74,,,ES056C,ES,,2018,cars_per_1000,Number of registered cars per 1000 population
A,TT1057I,ES056C,2019,470.57,,,ES056C,ES,,2019,cars_per_1000,Number of registered cars per 1000 population
A,TT1057I,ES056C,2020,473.15,,,ES056C,ES,,2020,cars_per_1000,Number of registered cars per 1000 population
A,TT1057I,ES056C,2021,478.65,,,ES056C,ES,,2021,cars_per_1000,Number of registered cars per 1000 population
A,TT1057I,ES056C,2022,482.92,,,ES056C,ES,,2022,cars_per_1000,Number of registered cars per 1000 population
A,TT1057I,ES056C,2023,480.43,,,ES056C,ES,,2023,cars_per_1000,Number of registered cars per 1000 population
A,TT1057I,ES057C,2015,402.57,,,ES057C,ES,,2015,cars_per_1000,Number of registered cars per 1000 population
A,TT1057I,ES057C,2016,421.0,,,ES057C,ES,,2016,cars_per_1000,Number of registered cars per 1000 population
A,TT1057I,ES057C,2017,418.46,,,ES057C,ES,,2017,cars_per_1000,Number of registered cars per 1000 population
A,TT1057I,ES057C,2018,432.84,,,ES057C,ES,,2018,cars_per_1000,Number of registered cars per 1000 population
A,TT1057I,ES057C,2019,442.52,,,ES057C,ES,,2019,cars_per_1000,Number of registered cars per 1000 population
A,TT1057I,ES057C,2020,442.27,,,ES057C,ES,,2020,cars_per_1000,Number of registered cars per 1000 population
A,TT1057I,ES057C,2021,452.84,,,ES057C,ES,,2021,cars_per_1000,Number of registered cars per 1000 population
A,TT1057I,ES057C,2022,454.1,,,ES057C,ES,,2022,cars_per_1000,Number of registered cars per 1000 population
A,TT1057I,ES057C,2023,453.77,,,ES057C,ES,,2023,cars_per_1000,Number of registered cars per 1000 population
A,TT1057I,ES058C,2015,450.34,,,ES058C,ES,,2015,cars_per_1000,Number of registered cars per 1000 population
A,TT1057I,ES058C,2016,460.55,,,ES058C,ES,,2016,cars_per_1000,Number of registered cars per 1000 population
A,TT1057I,ES058C,2017,452.2,,,ES058C,ES,,2017,cars_per_1000,Number of registered cars per 1000 population
A,TT1057I,ES058C,2018,454.76,,,ES058C,ES,,2018,cars_per_1000,Number of registered cars per 1000 population
A,TT1057I,ES058C,2019,453.76,,,ES058C,ES,,2019,cars_per_1000,Number of registered cars per 1000 population
A,TT1057I,ES058C,2020,450.99,,,ES058C,ES,,2020,cars_per_1000,Number of registered cars per 1000 population
A,TT1057I,ES058C,2021,452.17,,,ES058C,ES,,2021,cars_per_1000,Number of registered cars per 1000 population
A,TT1057I,ES058C,2022,448.18,,,ES058C,ES,,2022,cars_per_1000,Number of registered cars per 1000 population
A,TT1057I,ES058C,2023,443.36,,,ES058C,ES,,2023,cars_per_1000,Number of registered cars per 1000 population
A,TT1057I,ES059C,2015,465.47,,,ES059C,ES,,2015,cars_per_1000,Number of registered cars per 1000 population
A,TT1057I,ES059C,2016,472.45,,,ES059C,ES,,2016,cars_per_1000,Number of registered cars per 1000 population
A,TT1057I,ES059C,2017,459.97,,,ES059C,ES,,2017,cars_per_1000,Number of registered cars per 1000 population
A,TT1057I,ES059C,2018,467.99,,,ES059C,ES,,2018,cars_per_1000,Number of registered cars per 1000 population
A,TT1057I,ES059C,2019,471.87,,,ES059C,ES,,2019,cars_per_1000,Number of registered cars per 1000 population
A,TT1057I,ES059C,2020,472.25,,,ES059C,ES,,2020,cars_per_1000,Number of registered cars per 1000 population
A,TT1057I,ES059C,2021,474.91,,,ES059C,ES,,2021,cars_per_1000,Number of registered cars per 1000 population
A,TT1057I,ES059C,2022,478.58,,,ES059C,ES,,2022,cars_per_1000,Number of registered cars per 1000 population
A,TT1057I,ES059C,2023,473.14,,,ES059C,ES,,2023,cars_per_1000,Number of registered cars per 1000 population
A,TT1057I,ES060C,2015,465.95,,,ES060C,ES,,2015,cars_per_1000,Number of registered cars per 1000 population
A,TT1057I,ES060C,2016,474.33,,,ES060C,ES,,2016,cars_per_1000,Number of registered cars per 1000 population
A,TT1057I,ES060C,2017,449.65,,,ES060C,ES,,2017,cars_per_1000,Number of registered cars per 1000 population
A,TT1057I,ES060C,2018,455.44,,,ES060C,ES,,2018,cars_per_1000,Number of registered cars per 1000 population
A,TT1057I,ES060C,2019,461.15,,,ES060C,ES,,2019,cars_per_1000,Number of registered cars per 1000 population
A,TT1057I,ES060C,2020,461.32,,,ES060C,ES,,2020,cars_per_1000,Number of registered cars per 1000 population
A,TT1057I,ES060C,2021,466.28,,,ES060C,ES,,2021,cars_per_1000,Number of registered cars per 1000 population
A,TT1057I,ES060C,2022,466.42,,,ES060C,ES,,2022,cars_per_1000,Number of registered cars per 1000 population
A,TT1057I,ES060C,2023,465.08,,,ES060C,ES,,2023,cars_per_1000,Number of registered cars per 1000 population
A,TT1057I,ES061C,2015,482.18,,,ES061C,ES,,2015,cars_per_1000,Number of registered cars per 1000 population
A,TT1057I,ES061C,2016,495.49,,,ES061C,ES,,2016,cars_per_1000,Number of registered cars per 1000 population
A,TT1057I,ES061C,2017,483.25,,,ES061C,ES,,2017,cars_per_1000,Number of registered cars per 1000 population
A,TT1057I,ES061C,2018,492.55,,,ES061C,ES,,2018,cars_per_1000,Number of registered cars per 1000 population
A,TT1057I,ES061C,2019,501.14,,,ES061C,ES,,2019,cars_per_1000,Number of registered cars per 1000 population
A,TT1057I,ES061C,2020,503.95,,,ES061C,ES,,2020,cars_per_1000,Number of registered cars per 1000 population
A,TT1057I,ES061C,2021,508.47,,,ES061C,ES,,2021,cars_per_1000,Number of registered cars per 1000 population
A,TT1057I,ES061C,2022,510.91,,,ES061C,ES,,2022,cars_per_1000,Number of registered cars per 1000 population
A,TT1057I,ES061C,2023,510.58,,,ES061C,ES,,2023,cars_per_1000,Number of registered cars per 1000 population
A,TT1057I,ES062C,2015,453.67,,,ES062C,ES,,2015,cars_per_1000,Number of registered cars per 1000 population
A,TT1057I,ES062C,2016,461.36,,,ES062C,ES,,2016,cars_per_1000,Number of registered cars per 1000 population
A,TT1057I,ES062C,2017,449.59,,,ES062C,ES,,2017,cars_per_1000,Number of registered cars per 1000 population
A,TT1057I,ES062C,2018,459.34,,,ES062C,ES,,2018,cars_per_1000,Number of registered cars per 1000 population
A,TT1057I,ES062C,2019,469.31,,,ES062C,ES,,2019,cars_per_1000,Number of registered cars per 1000 population
A,TT1057I,ES062C,2020,473.81,,,ES062C,ES,,2020,cars_per_1000,Number of registered cars per 1000 population
A,TT1057I,ES062C,2021,480.34,,,ES062C,ES,,2021,cars_per_1000,Number of registered cars per 1000 population
A,TT1057I,ES062C,2022,484.96,,,ES062C,ES,,2022,cars_per_1000,Number of registered cars per 1000 population
A,TT1057I,ES062C,2023,484.17,,,ES062C,ES,,2023,cars_per_1000,Number of registered cars per 1000 population
A,TT1057I,ES063C,2015,403.43,,,ES063C,ES,,2015,cars_per_1000,Number of registered cars per 1000 population
A,TT1057I,ES063C,2016,408.77,,,ES063C,ES,,2016,cars_per_1000,Number of registered cars per 1000 population
A,TT1057I,ES063C,2017,389.31,,,ES063C,ES,,2017,cars_per_1000,Number of registered cars per 1000 population
A,TT1057I,ES063C,2018,392.51,,,ES063C,ES,,2018,cars_per_1000,Number of registered cars per 1000 population
A,TT1057I,ES063C,2019,393.98,,,ES063C,ES,,2019,cars_per_1000,Number of registered cars per 1000 population
A,TT1057I,ES063C,2020,395.56,,,ES063C,ES,,2020,cars_per_1000,Number of registered cars per 1000 population
A,TT1057I,ES063C,2021,395.98,,,ES063C,ES,,2021,cars_per_1000,Number of registered cars per 1000 population
A,TT1057I,ES063C,2022,394.39,,,ES063C,ES,,2022,cars_per_1000,Number of registered cars per 1000 population
A,TT1057I,ES063C,2023,389.07,,,ES063C,ES,,2023,cars_per_1000,Number of registered cars per 1000 population
A,TT1057I,ES064C,2015,465.57,,,ES064C,ES,,2015,cars_per_1000,Number of registered cars per 1000 population
A,TT1057I,ES064C,2016,482.0,,,ES064C,ES,,2016,cars_per_1000,Number of registered cars per 1000 population
A,TT1057I,ES064C,2017,471.13,,,ES064C,ES,,2017,cars_per_1000,Number of registered cars per 1000 population
A,TT1057I,ES064C,2018,479.0,,,ES064C,ES,,2018,cars_per_1000,Number of registered cars per 1000 population
A,TT1057I,ES064C,2019,479.33,,,ES064C,ES,,2019,cars_per_1000,Number of registered cars per 1000 population
A,TT1057I,ES064C,2020,477.62,,,ES064C,ES,,2020,cars_per_1000,Number of registered cars per 1000 population
A,TT1057I,ES064C,2021,482.07,,,ES064C,ES,,2021,cars_per_1000,Number of registered cars per 1000 population
A,TT1057I,ES064C,2022,480.24,,,ES064C,ES,,2022,cars_per_1000,Number of registered cars per 1000 population
A,TT1057I,ES064C,2023,475.85,,,ES064C,ES,,2023,cars_per_1000,Number of registered cars per 1000 population
A,TT1057I,ES065C,2015,441.5,,,ES065C,ES,,2015,cars_per_1000,Number of registered cars per 1000 population
A,TT1057I,ES065C,2016,448.26,,,ES065C,ES,,2016,cars_per_1000,Number of registered cars per 1000 population
A,TT1057I,ES065C,2017,434.75,,,ES065C,ES,,2017,cars_per_1000,Number of registered cars per 1000 population
A,TT1057I,ES065C,2018,441.69,,,ES065C,ES,,2018,cars_per_1000,Number of registered cars per 1000 population
A,TT1057I,ES065C,2019,447.63,,,ES065C,ES,,2019,cars_per_1000,Number of registered cars per 1000 population
A,TT1057I,ES065C,2020,446.25,,,ES065C,ES,,2020,cars_per_1000,Number of registered cars per 1000 population
A,TT1057I,ES065C,2021,449.6,,,ES065C,ES,,2021,cars_per_1000,Number of registered cars per 1000 population
A,TT1057I,ES065C,2022,439.31,,,ES065C,ES,,2022,cars_per_1000,Number of registered cars per 1000 population
A,TT1057I,ES065C,2023,434.68,,,ES065C,ES,,2023,cars_per_1000,Number of registered cars per 1000 population
A,TT1057I,ES066C,2015,441.45,,,ES066C,ES,,2015,cars_per_1000,Number of registered cars per 1000 population
A,TT1057I,ES066C,2016,447.86,,,ES066C,ES,,2016,cars_per_1000,Number of registered cars per 1000 population
A,TT1057I,ES066C,2017,431.49,,,ES066C,ES,,2017,cars_per_1000,Number of registered cars per 1000 population
A,TT1057I,ES066C,2018,436.84,,,ES066C,ES,,2018,cars_per_1000,Number of registered cars per 1000 population
A,TT1057I,ES066C,2019,442.18,,,ES066C,ES,,2019,cars_per_1000,Number of registered cars per 1000 population
A,TT1057I,ES066C,2020,442.11,,,ES066C,ES,,2020,cars_per_1000,Number of registered cars per 1000 population
A,TT1057I,ES066C,2021,451.1,,,ES066C,ES,,2021,cars_per_1000,Number of registered cars per 1000 population
A,TT1057I,ES066C,2022,453.0,,,ES066C,ES,,2022,cars_per_1000,Number of registered cars per 1000 population
A,TT1057I,ES066C,2023,451.37,,,ES066C,ES,,2023,cars_per_1000,Number of registered cars per 1000 population
A,TT1057I,ES067C,2015,409.34,,,ES067C,ES,,2015,cars_per_1000,Number of registered cars per 1000 population
A,TT1057I,ES067C,2016,416.15,,,ES067C,ES,,2016,cars_per_1000,Number of registered cars per 1000 population
A,TT1057I,ES067C,2017,398.8,,,ES067C,ES,,2017,cars_per_1000,Number of registered cars per 1000 population
A,TT1057I,ES067C,2018,402.81,,,ES067C,ES,,2018,cars_per_1000,Number of registered cars per 1000 population
A,TT1057I,ES067C,2019,405.63,,,ES067C,ES,,2019,cars_per_1000,Number of registered cars per 1000 population
A,TT1057I,ES067C,2020,403.75,,,ES067C,ES,,2020,cars_per_1000,Number of registered cars per 1000 population
A,TT1057I,ES067C,2021,407.47,,,ES067C,ES,,2021,cars_per_1000,Number of registered cars per 1000 population
A,TT1057I,ES067C,2022,408.63,,,ES067C,ES,,2022,cars_per_1000,Number of registered cars per 1000 population
A,TT1057I,ES067C,2023,403.19,,,ES067C,ES,,2023,cars_per_1000,Number of registered cars per 1000 population
A,TT1057I,ES068C,2015,432.74,,,ES068C,ES,,2015,cars_per_1000,Number of registered cars per 1000 population
A,TT1057I,ES068C,2016,438.58,,,ES068C,ES,,2016,cars_per_1000,Number of registered cars per 1000 population
A,TT1057I,ES068C,2017,416.79,,,ES068C,ES,,2017,cars_per_1000,Number of registered cars per 1000 population
A,TT1057I,ES068C,2018,423.47,,,ES068C,ES,,2018,cars_per_1000,Number of registered cars per 1000 population
A,TT1057I,ES068C,2019,430.41,,,ES068C,ES,,2019,cars_per_1000,Number of registered cars per 1000 population
A,TT1057I,ES068C,2020,433.36,,,ES068C,ES,,2020,cars_per_1000,Number of registered cars per 1000 population
A,TT1057I,ES068C,2021,442.38,,,ES068C,ES,,2021,cars_per_1000,Number of registered cars per 1000 population
A,TT1057I,ES068C,2022,445.67,,,ES068C,ES,,2022,cars_per_1000,Number of registered cars per 1000 population
A,TT1057I,ES068C,2023,445.81,,,ES068C,ES,,2023,cars_per_1000,Number of registered cars per 1000 population
A,TT1057I,ES069C,2015,489.4,,,ES069C,ES,,2015,cars_per_1000,Number of registered cars per 1000 population
A,TT1057I,ES069C,2016,496.13,,,ES069C,ES,,2016,cars_per_1000,Number of registered cars per 1000 population
A,TT1057I,ES069C,2017,477.86,,,ES069C,ES,,2017,cars_per_1000,Number of registered cars per 1000 population
A,TT1057I,ES069C,2018,482.24,,,ES069C,ES,,2018,cars_per_1000,Number of registered cars per 1000 population
A,TT1057I,ES069C,2019,487.38,,,ES069C,ES,,2019,cars_per_1000,Number of registered cars per 1000 population
A,TT1057I,ES069C,2020,484.91,,,ES069C,ES,,2020,cars_per_1000,Number of registered cars per 1000 population
A,TT1057I,ES069C,2021,494.21,,,ES069C,ES,,2021,cars_per_1000,Number of registered cars per 1000 population
A,TT1057I,ES069C,2022,496.92,,,ES069C,ES,,2022,cars_per_1000,Number of registered cars per 1000 population
A,TT1057I,ES069C,2023,486.04,,,ES069C,ES,,2023,cars_per_1000,Number of registered cars per 1000 population
A,TT1057I,ES070C,2015,473.62,,,ES070C,ES,,2015,cars_per_1000,Number of registered cars per 1000 population
A,TT1057I,ES070C,2016,479.58,,,ES070C,ES,,2016,cars_per_1000,Number of registered cars per 1000 population
A,TT1057I,ES070C,2017,461.81,,,ES070C,ES,,2017,cars_per_1000,Number of registered cars per 1000 population
A,TT1057I,ES070C,2018,470.98,,,ES070C,ES,,2018,cars_per_1000,Number of registered cars per 1000 population
A,TT1057I,ES070C,2019,479.39,,,ES070C,ES,,2019,cars_per_1000,Number of registered cars per 1000 population
A,TT1057I,ES070C,2020,482.89,,,ES070C,ES,,2020,cars_per_1000,Number of registered cars per 1000 population
A,TT1057I,ES070C,2021,487.98,,,ES070C,ES,,2021,cars_per_1000,Number of registered cars per 1000 population
A,TT1057I,ES070C,2022,489.56,,,ES070C,ES,,2022,cars_per_1000,Number of registered cars per 1000 population
A,TT1057I,ES070C,2023,484.09,,,ES070C,ES,,2023,cars_per_1000,Number of registered cars per 1000 population
A,TT1057I,ES071C,2015,370.75,,,ES071C,ES,,2015,cars_per_1000,Number of registered cars per 1000 population
A,TT1057I,ES071C,2016,374.77,,,ES071C,ES,,2016,cars_per_1000,Number of registered cars per 1000 population
A,TT1057I,ES071C,2017,360.15,,,ES071C,ES,,2017,cars_per_1000,Number of registered cars per 1000 population
A,TT1057I,ES071C,2018,364.53,,,ES071C,ES,,2018,cars_per_1000,Number of registered cars per 1000 population
A,TT1057I,ES071C,2019,368.47,,,ES071C,ES,,2019,cars_per_1000,Number of registered cars per 1000 population
A,TT1057I,ES071C,2020,370.95,,,ES071C,ES,,2020,cars_per_1000,Number of registered cars per 1000 population
A,TT1057I,ES071C,2021,375.15,,,ES071C,ES,,2021,cars_per_1000,Number of registered cars per 1000 population
A,TT1057I,ES071C,2022,375.51,,,ES071C,ES,,2022,cars_per_1000,Number of registered cars per 1000 population
A,TT1057I,ES071C,2023,371.77,,,ES071C,ES,,2023,cars_per_1000,Number of registered cars per 1000 population
A,TT1057I,ES072C,2015,458.31,,,ES072C,ES,,2015,cars_per_1000,Number of registered cars per 1000 population
A,TT1057I,ES072C,2016,464.72,,,ES072C,ES,,2016,cars_per_1000,Number of registered cars per 1000 population
A,TT1057I,ES072C,2017,446.63,,,ES072C,ES,,2017,cars_per_1000,Number of registered cars per 1000 population
A,TT1057I,ES072C,2018,452.19,,,ES072C,ES,,2018,cars_per_1000,Number of registered cars per 1000 population
A,TT1057I,ES072C,2019,456.05,,,ES072C,ES,,2019,cars_per_1000,Number of registered cars per 1000 population
A,TT1057I,ES072C,2020,457.66,,,ES072C,ES,,2020,cars_per_1000,Number of registered cars per 1000 population
A,TT1057I,ES072C,2021,465.04,,,ES072C,ES,,2021,cars_per_1000,Number of registered cars per 1000 population
A,TT1057I,ES072C,2022,466.83,,,ES072C,ES,,2022,cars_per_1000,Number of registered cars per 1000 population
A,TT1057I,ES072C,2023,461.26,,,ES072C,ES,,2023,cars_per_1000,Number of registered cars per 1000 population
A,TT1057I,ES073C,2015,451.06,,,ES073C,ES,,2015,cars_per_1000,Number of registered cars per 1000 population
A,TT1057I,ES073C,2016,457.77,,,ES073C,ES,,2016,cars_per_1000,Number of registered cars per 1000 population
A,TT1057I,ES073C,2017,438.91,,,ES073C,ES,,2017,cars_per_1000,Number of registered cars per 1000 population
A,TT1057I,ES073C,2018,444.25,,,ES073C,ES,,2018,cars_per_1000,Number of registered cars per 1000 population
A,TT1057I,ES073C,2019,443.42,,,ES073C,ES,,2019,cars_per_1000,Number of registered cars per 1000 population
A,TT1057I,ES073C,2020,441.76,,,ES073C,ES,,2020,cars_per_1000,Number of registered cars per 1000 population
A,TT1057I,ES073C,2021,444.99,,,ES073C,ES,,2021,cars_per_1000,Number of registered cars per 1000 population
A,TT1057I,ES073C,2022,447.42,,,ES073C,ES,,2022,cars_per_1000,Number of registered cars per 1000 population
A,TT1057I,ES073C,2023,438.48,,,ES073C,ES,,2023,cars_per_1000,Number of registered cars per 1000 population
A,TT1057I,ES074C,2015,433.2,,,ES074C,ES,,2015,cars_per_1000,Number of registered cars per 1000 population
A,TT1057I,ES074C,2016,441.63,,,ES074C,ES,,2016,cars_per_1000,Number of registered cars per 1000 population
A,TT1057I,ES074C,2017,427.55,,,ES074C,ES,,2017,cars_per_1000,Number of registered cars per 1000 population
A,TT1057I,ES074C,2018,438.54,,,ES074C,ES,,2018,cars_per_1000,Number of registered cars per 1000 population
A,TT1057I,ES074C,2019,445.06,,,ES074C,ES,,2019,cars_per_1000,Number of registered cars per 1000 population
A,TT1057I,ES074C,2020,450.14,,,ES074C,ES,,2020,cars_per_1000,Number of registered cars per 1000 population
A,TT1057I,ES074C,2021,454.52,,,ES074C,ES,,2021,cars_per_1000,Number of registered cars per 1000 population
A,TT1057I,ES074C,2022,455.32,,,ES074C,ES,,2022,cars_per_1000,Number of registered cars per 1000 population
A,TT1057I,ES074C,2023,455.46,,,ES074C,ES,,2023,cars_per_1000,Number of registered cars per 1000 population
A,TT1057I,ES075C,2015,411.82,,,ES075C,ES,,2015,cars_per_1000,Number of registered cars per 1000 population
A,TT1057I,ES075C,2016,423.58,,,ES075C,ES,,2016,cars_per_1000,Number of registered cars per 1000 population
A,TT1057I,ES075C,2017,401.72,,,ES075C,ES,,2017,cars_per_1000,Number of registered cars per 1000 population
A,TT1057I,ES075C,2018,408.64,,,ES075C,ES,,2018,cars_per_1000,Number of registered cars per 1000 population
A,TT1057I,ES075C,2019,415.87,,,ES075C,ES,,2019,cars_per_1000,Number of registered cars per 1000 population
A,TT1057I,ES075C,2020,417.07,,,ES075C,ES,,2020,cars_per_1000,Number of registered cars per 1000 population
A,TT1057I,ES075C,2021,417.37,,,ES075C,ES,,2021,cars_per_1000,Number of registered cars per 1000 population
A,TT1057I,ES075C,2022,411.71,,,ES075C,ES,,2022,cars_per_1000,Number of registered cars per 1000 population
A,TT1057I,ES075C,2023,405.99,,,ES075C,ES,,2023,cars_per_1000,Number of registered cars per 1000 population
A,TT1057I,ES076C,2015,498.32,,,ES076C,ES,,2015,cars_per_1000,Number of registered cars per 1000 population
A,TT1057I,ES076C,2016,503.55,,,ES076C,ES,,2016,cars_per_1000,Number of registered cars per 1000 population
A,TT1057I,ES076C,2017,480.82,,,ES076C,ES,,2017,cars_per_1000,Number of registered cars per 1000 population
A,TT1057I,ES076C,2018,487.44,,,ES076C,ES,,2018,cars_per_1000,Number of registered cars per 1000 population
A,TT1057I,ES076C,2019,493.19,,,ES076C,ES,,2019,cars_per_1000,Number of registered cars per 1000 population
A,TT1057I,ES076C,2020,494.15,,,ES076C,ES,,2020,cars_per_1000,Number of registered cars per 1000 population
A,TT1057I,ES076C,2021,500.69,,,ES076C,ES,,2021,cars_per_1000,Number of registered cars per 1000 population
A,TT1057I,ES076C,2022,502.92,,,ES076C,ES,,2022,cars_per_1000,Number of registered cars per 1000 population
A,TT1057I,ES076C,2023,498.33,,,ES076C,ES,,2023,cars_per_1000,Number of registered cars per 1000 population
A,TT1057I,ES077C,2015,392.99,,,ES077C,ES,,2015,cars_per_1000,Number of registered cars per 1000 population
A,TT1057I,ES077C,2016,402.01,,,ES077C,ES,,2016,cars_per_1000,Number of registered cars per 1000 population
A,TT1057I,ES077C,2017,387.15,,,ES077C,ES,,2017,cars_per_1000,Number of registered cars per 1000 population
A,TT1057I,ES077C,2018,391.11,,,ES077C,ES,,2018,cars_per_1000,Number of registered cars per 1000 population
A,TT1057I,ES077C,2019,389.76,,,ES077C,ES,,2019,cars_per_1000,Number of registered cars per 1000 population
A,TT1057I,ES077C,2020,386.16,,,ES077C,ES,,2020,cars_per_1000,Number of registered cars per 1000 population
A,TT1057I,ES077C,2021,385.18,,,ES077C,ES,,2021,cars_per_1000,Number of registered cars per 1000 population
A,TT1057I,ES077C,2022,383.63,,,ES077C,ES,,2022,cars_per_1000,Number of registered cars per 1000 population
A,TT1057I,ES077C,2023,382.41,,,ES077C,ES,,2023,cars_per_1000,Number of registered cars per 1000 population
A,TT1057I,ES078C,2015,479.8,,,ES078C,ES,,2015,cars_per_1000,Number of registered cars per 1000 population
A,TT1057I,ES078C,2016,489.66,,,ES078C,ES,,2016,cars_per_1000,Number of registered cars per 1000 population
A,TT1057I,ES078C,2017,480.7,,,ES078C,ES,,2017,cars_per_1000,Number of registered cars per 1000 population
A,TT1057I,ES078C,2018,488.95,,,ES078C,ES,,2018,cars_per_1000,Number of registered cars per 1000 population
A,TT1057I,ES078C,2019,497.06,,,ES078C,ES,,2019,cars_per_1000,Number of registered cars per 1000 population
A,TT1057I,ES078C,2020,501.4,,,ES078C,ES,,2020,cars_per_1000,Number of registered cars per 1000 population
A,TT1057I,ES078C,2021,504.62,,,ES078C,ES,,2021,cars_per_1000,Number of registered cars per 1000 population
A,TT1057I,ES078C,2022,506.8,,,ES078C,ES,,2022,cars_per_1000,Number of registered cars per 1000 population
A,TT1057I,ES078C,2023,509.21,,,ES078C,ES,,2023,cars_per_1000,Number of registered cars per 1000 population
A,TT1057I,ES079C,2015,471.8,,,ES079C,ES,,2015,cars_per_1000,Number of registered cars per 1000 population
A,TT1057I,ES079C,2016,473.97,,,ES079C,ES,,2016,cars_per_1000,Number of registered cars per 1000 population
A,TT1057I,ES079C,2017,465.17,,,ES079C,ES,,2017,cars_per_1000,Number of registered cars per 1000 population
A,TT1057I,ES079C,2018,473.12,,,ES079C,ES,,2018,cars_per_1000,Number of registered cars per 1000 population
A,TT1057I,ES079C,2019,479.23,,,ES079C,ES,,2019,cars_per_1000,Number of registered cars per 1000 population
A,TT1057I,ES079C,2020,480.06,,,ES079C,ES,,2020,cars_per_1000,Number of registered cars per 1000 population
A,TT1057I,ES079C,2021,481.99,,,ES079C,ES,,2021,cars_per_1000,Number of registered cars per 1000 population
A,TT1057I,ES079C,2022,484.46,,,ES079C,ES,,2022,cars_per_1000,Number of registered cars per 1000 population
A,TT1057I,ES079C,2023,480.07,,,ES079C,ES,,2023,cars_per_1000,Number of registered cars per 1000 population
A,TT1057I,ES080C,2015,562.68,,,ES080C,ES,,2015,cars_per_1000,Number of registered cars per 1000 population
A,TT1057I,ES080C,2016,572.1,,,ES080C,ES,,2016,cars_per_1000,Number of registered cars per 1000 population
A,TT1057I,ES080C,2017,522.67,,,ES080C,ES,,2017,cars_per_1000,Number of registered cars per 1000 population
A,TT1057I,ES080C,2018,535.39,,,ES080C,ES,,2018,cars_per_1000,Number of registered cars per 1000 population
A,TT1057I,ES080C,2019,537.14,,,ES080C,ES,,2019,cars_per_1000,Number of registered cars per 1000 population
A,TT1057I,ES080C,2020,524.05,,,ES080C,ES,,2020,cars_per_1000,Number of registered cars per 1000 population
A,TT1057I,ES080C,2021,527.48,,,ES080C,ES,,2021,cars_per_1000,Number of registered cars per 1000 population
A,TT1057I,ES080C,2022,526.3,,,ES080C,ES,,2022,cars_per_1000,Number of registered cars per 1000 population
A,TT1057I,ES080C,2023,503.72,,,ES080C,ES,,2023,cars_per_1000,Number of registered cars per 1000 population
A,TT1057I,ES081C,2015,494.01,,,ES081C,ES,,2015,cars_per_1000,Number of registered cars per 1000 population
A,TT1057I,ES081C,2016,506.06,,,ES081C,ES,,2016,cars_per_1000,Number of registered cars per 1000 population
A,TT1057I,ES081C,2017,455.08,,,ES081C,ES,,2017,cars_per_1000,Number of registered cars per 1000 population
A,TT1057I,ES081C,2018,460.15,,,ES081C,ES,,2018,cars_per_1000,Number of registered cars per 1000 population
A,TT1057I,ES081C,2019,464.24,,,ES081C,ES,,2019,cars_per_1000,Number of registered cars per 1000 population
A,TT1057I,ES081C,2020,464.45,,,ES081C,ES,,2020,cars_per_1000,Number of registered cars per 1000 population
A,TT1057I,ES081C,2021,470.08,,,ES081C,ES,,2021,cars_per_1000,Number of registered cars per 1000 population
A,TT1057I,ES081C,2022,466.57,,,ES081C,ES,,2022,cars_per_1000,Number of registered cars per 1000 population
A,TT1057I,ES081C,2023,456.72,,,ES081C,ES,,2023,cars_per_1000,Number of registered cars per 1000 population
A,TT1057I,ES082C,2015,452.4,,,ES082C,ES,,2015,cars_per_1000,Number of registered cars per 1000 population
A,TT1057I,ES082C,2016,462.16,,,ES082C,ES,,2016,cars_per_1000,Number of registered cars per 1000 population
A,TT1057I,ES082C,2017,439.96,,,ES082C,ES,,2017,cars_per_1000,Number of registered cars per 1000 population
A,TT1057I,ES082C,2018,449.51,,,ES082C,ES,,2018,cars_per_1000,Number of registered cars per 1000 population
A,TT1057I,ES082C,2019,459.38,,,ES082C,ES,,2019,cars_per_1000,Number of registered cars per 1000 population
A,TT1057I,ES082C,2020,464.63,,,ES082C,ES,,2020,cars_per_1000,Number of registered cars per 1000 population
A,TT1057I,ES082C,2021,471.09,,,ES082C,ES,,2021,cars_per_1000,Number of registered cars per 1000 population
A,TT1057I,ES082C,2022,474.68,,,ES082C,ES,,2022,cars_per_1000,Number of registered cars per 1000 population
A,TT1057I,ES082C,2023,475.77,,,ES082C,ES,,2023,cars_per_1000,Number of registered cars per 1000 population
A,TT1057I,ES083C,2015,460.84,,,ES083C,ES,,2015,cars_per_1000,Number of registered cars per 1000 population
A,TT1057I,ES083C,2016,472.55,,,ES083C,ES,,2016,cars_per_1000,Number of registered cars per 1000 population
A,TT1057I,ES083C,2017,461.88,,,ES083C,ES,,2017,cars_per_1000,Number of registered cars per 1000 population
A,TT1057I,ES083C,2018,470.1,,,ES083C,ES,,2018,cars_per_1000,Number of registered cars per 1000 population
A,TT1057I,ES083C,2019,475.0,,,ES083C,ES,,2019,cars_per_1000,Number of registered cars per 1000 population
A,TT1057I,ES083C,2020,475.0,,,ES083C,ES,,2020,cars_per_1000,Number of registered cars per 1000 population
A,TT1057I,ES083C,2021,480.26,,,ES083C,ES,,2021,cars_per_1000,Number of registered cars per 1000 population
A,TT1057I,ES083C,2022,482.16,,,ES083C,ES,,2022,cars_per_1000,Number of registered cars per 1000 population
A,TT1057I,ES083C,2023,476.92,,,ES083C,ES,,2023,cars_per_1000,Number of registered cars per 1000 population
A,TT1057I,ES084C,2015,494.91,,,ES084C,ES,,2015,cars_per_1000,Number of registered cars per 1000 population
A,TT1057I,ES084C,2016,505.31,,,ES084C,ES,,2016,cars_per_1000,Number of registered cars per 1000 population
A,TT1057I,ES084C,2017,490.0,,,ES084C,ES,,2017,cars_per_1000,Number of registered cars per 1000 population
A,TT1057I,ES084C,2018,500.65,,,ES084C,ES,,2018,cars_per_1000,Number of registered cars per 1000 population
A,TT1057I,ES084C,2019,509.11,,,ES084C,ES,,2019,cars_per_1000,Number of registered cars per 1000 population
A,TT1057I,ES084C,2020,508.15,,,ES084C,ES,,2020,cars_per_1000,Number of registered cars per 1000 population
A,TT1057I,ES084C,2021,519.75,,,ES084C,ES,,2021,cars_per_1000,Number of registered cars per 1000 population
A,TT1057I,ES084C,2022,523.19,,,ES084C,ES,,2022,cars_per_1000,Number of registered cars per 1000 population
A,TT1057I,ES084C,2023,515.8,,,ES084C,ES,,2023,cars_per_1000,Number of registered cars per 1000 population
A,TT1057I,ES085C,2015,435.93,,,ES085C,ES,,2015,cars_per_1000,Number of registered cars per 1000 population
A,TT1057I,ES085C,2016,450.06,,,ES085C,ES,,2016,cars_per_1000,Number of registered cars per 1000 population
A,TT1057I,ES085C,2017,437.92,,,ES085C,ES,,2017,cars_per_1000,Number of registered cars per 1000 population
A,TT1057I,ES085C,2018,462.63,,,ES085C,ES,,2018,cars_per_1000,Number of registered cars per 1000 population
A,TT1057I,ES085C,2019,476.49,,,ES085C,ES,,2019,cars_per_1000,Number of registered cars per 1000 population
A,TT1057I,ES085C,2020,475.6,,,ES085C,ES,,2020,cars_per_1000,Number of registered cars per 1000 population
A,TT1057I,ES085C,2021,480.68,,,ES085C,ES,,2021,cars_per_1000,Number of registered cars per 1000 population
A,TT1057I,ES085C,2022,477.28,,,ES085C,ES,,2022,cars_per_1000,Number of registered cars per 1000 population
A,TT1057I,ES085C,2023,458.29,,,ES085C,ES,,2023,cars_per_1000,Number of registered cars per 1000 population
A,TT1057I,ES086C,2015,414.44,,,ES086C,ES,,2015,cars_per_1000,Number of registered cars per 1000 population
A,TT1057I,ES086C,2016,426.73,,,ES086C,ES,,2016,cars_per_1000,Number of registered cars per 1000 population
A,TT1057I,ES086C,2017,424.32,,,ES086C,ES,,2017,cars_per_1000,Number of registered cars per 1000 population
A,TT1057I,ES086C,2018,437.01,,,ES086C,ES,,2018,cars_per_1000,Number of registered cars per 1000 population
A,TT1057I,ES086C,2019,449.95,,,ES086C,ES,,2019,cars_per_1000,Number of registered cars per 1000 population
A,TT1057I,ES086C,2020,455.3,,,ES086C,ES,,2020,cars_per_1000,Number of registered cars per 1000 population
A,TT1057I,ES086C,2021,458.22,,,ES086C,ES,,2021,cars_per_1000,Number of registered cars per 1000 population
A,TT1057I,ES086C,2022,462.93,,,ES086C,ES,,2022,cars_per_1000,Number of registered cars per 1000 population
A,TT1057I,ES086C,2023,467.74,,,ES086C,ES,,2023,cars_per_1000,Number of registered cars per 1000 population
A,TT1057I,ES087C,2015,465.61,,,ES087C,ES,,2015,cars_per_1000,Number of registered cars per 1000 population
A,TT1057I,ES087C,2016,481.94,,,ES087C,ES,,2016,cars_per_1000,Number of registered cars per 1000 population
A,TT1057I,ES087C,2017,466.6,,,ES087C,ES,,2017,cars_per_1000,Number of registered cars per 1000 population
A,TT1057I,ES087C,2018,471.26,,,ES087C,ES,,2018,cars_per_1000,Number of registered cars per 1000 population
A,TT1057I,ES087C,2019,477.39,,,ES087C,ES,,2019,cars_per_1000,Number of registered cars per 1000 population
A,TT1057I,ES087C,2020,479.84,,,ES087C,ES,,2020,cars_per_1000,Number of registered cars per 1000 population
A,TT1057I,ES087C,2021,490.11,,,ES087C,ES,,2021,cars_per_1000,Number of registered cars per 1000 population
A,TT1057I,ES087C,2022,490.78,,,ES087C,ES,,2022,cars_per_1000,Number of registered cars per 1000 population
A,TT1057I,ES087C,2023,478.99,,,ES087C,ES,,2023,cars_per_1000,Number of registered cars per 1000 population
A,TT1057I,ES088C,2015,454.36,,,ES088C,ES,,2015,cars_per_1000,Number of registered cars per 1000 population
A,TT1057I,ES088C,2016,466.55,,,ES088C,ES,,2016,cars_per_1000,Number of registered cars per 1000 population
A,TT1057I,ES088C,2017,454.1,,,ES088C,ES,,2017,cars_per_1000,Number of registered cars per 1000 population
A,TT1057I,ES088C,2018,466.05,,,ES088C,ES,,2018,cars_per_1000,Number of registered cars per 1000 population
A,TT1057I,ES088C,2019,477.11,,,ES088C,ES,,2019,cars_per_1000,Number of registered cars per 1000 population
A,TT1057I,ES088C,2020,484.03,,,ES088C,ES,,2020,cars_per_1000,Number of registered cars per 1000 population
A,TT1057I,ES088C,2021,493.28,,,ES088C,ES,,2021,cars_per_1000,Number of registered cars per 1000 population
A,TT1057I,ES088C,2022,499.95,,,ES088C,ES,,2022,cars_per_1000,Number of registered cars per 1000 population
A,TT1057I,ES088C,2023,500.13,,,ES088C,ES,,2023,cars_per_1000,Number of registered cars per 1000 population
A,TT1057I,ES089C,2015,571.27,,,ES089C,ES,,2015,cars_per_1000,Number of registered cars per 1000 population
A,TT1057I,ES089C,2016,593.45,,,ES089C,ES,,2016,cars_per_1000,Number of registered cars per 1000 population
A,TT1057I,ES089C,2017,537.66,,,ES089C,ES,,2017,cars_per_1000,Number of registered cars per 1000 population
A,TT1057I,ES089C,2018,551.93,,,ES089C,ES,,2018,cars_per_1000,Number of registered cars per 1000 population
A,TT1057I,ES089C,2019,563.77,,,ES089C,ES,,2019,cars_per_1000,Number of registered cars per 1000 population
A,TT1057I,ES089C,2020,548.45,,,ES089C,ES,,2020,cars_per_1000,Number of registered cars per 1000 population
A,TT1057I,ES089C,2021,556.11,,,ES089C,ES,,2021,cars_per_1000,Number of registered cars per 1000 population
A,TT1057I,ES089C,2022,568.81,,,ES089C,ES,,2022,cars_per_1000,Number of registered cars per 1000 population
A,TT1057I,ES089C,2023,553.75,,,ES089C,ES,,2023,cars_per_1000,Number of registered cars per 1000 population
A,TT1057I,ES090C,2015,424.49,,,ES090C,ES,,2015,cars_per_1000,Number of registered cars per 1000 population
A,TT1057I,ES090C,2016,438.25,,,ES090C,ES,,2016,cars_per_1000,Number of registered cars per 1000 population
A,TT1057I,ES090C,2017,438.78,,,ES090C,ES,,2017,cars_per_1000,Number of registered cars per 1000 population
A,TT1057I,ES090C,2018,450.69,,,ES090C,ES,,2018,cars_per_1000,Number of registered cars per 1000 population
A,TT1057I,ES090C,2019,460.03,,,ES090C,ES,,2019,cars_per_1000,Number of registered cars per 1000 population
A,TT1057I,ES090C,2020,464.93,,,ES090C,ES,,2020,cars_per_1000,Number of registered cars per 1000 population
A,TT1057I,ES090C,2021,475.24,,,ES090C,ES,,2021,cars_per_1000,Number of registered cars per 1000 population
A,TT1057I,ES090C,2022,481.01,,,ES090C,ES,,2022,cars_per_1000,Number of registered cars per 1000 population
A,TT1057I,ES090C,2023,488.03,,,ES090C,ES,,2023,cars_per_1000,Number of registered cars per 1000 population
A,TT1057I,ES091C,2015,461.59,,,ES091C,ES,,2015,cars_per_1000,Number of registered cars per 1000 population
A,TT1057I,ES091C,2016,473.9,,,ES091C,ES,,2016,cars_per_1000,Number of registered cars per 1000 population
A,TT1057I,ES091C,2017,451.09,,,ES091C,ES,,2017,cars_per_1000,Number of registered cars per 1000 population
A,TT1057I,ES091C,2018,459.04,,,ES091C,ES,,2018,cars_per_1000,Number of registered cars per 1000 population
A,TT1057I,ES091C,2019,466.24,,,ES091C,ES,,2019,cars_per_1000,Number of registered cars per 1000 population
A,TT1057I,ES091C,2020,470.17,,,ES091C,ES,,2020,cars_per_1000,Number of registered cars per 1000 population
A,TT1057I,ES091C,2021,475.28,,,ES091C,ES,,2021,cars_per_1000,Number of registered cars per 1000 population
A,TT1057I,ES091C,2022,477.6,,,ES091C,ES,,2022,cars_per_1000,Number of registered cars per 1000 population
A,TT1057I,ES091C,2023,481.18,,,ES091C,ES,,2023,cars_per_1000,Number of registered cars per 1000 population
A,TT1057I,ES092C,2015,487.17,,,ES092C,ES,,2015,cars_per_1000,Number of registered cars per 1000 population
A,TT1057I,ES092C,2016,497.65,,,ES092C,ES,,2016,cars_per_1000,Number of registered cars per 1000 population
A,TT1057I,ES092C,2017,466.89,,,ES092C,ES,,2017,cars_per_1000,Number of registered cars per 1000 population
A,TT1057I,ES092C,2018,476.02,,,ES092C,ES,,2018,cars_per_1000,Number of registered cars per 1000 population
A,TT1057I,ES092C,2019,488.8,,,ES092C,ES,,2019,cars_per_1000,Number of registered cars per 1000 population
A,TT1057I,ES092C,2020,493.97,,,ES092C,ES,,2020,cars_per_1000,Number of registered cars per 1000 population
A,TT1057I,ES092C,2021,503.72,,,ES092C,ES,,2021,cars_per_1000,Number of registered cars per 1000 population
A,TT1057I,ES092C,2022,508.38,,,ES092C,ES,,2022,cars_per_1000,Number of registered cars per 1000 population
A,TT1057I,ES092C,2023,510.52,,,ES092C,ES,,2023,cars_per_1000,Number of registered cars per 1000 population
A,TT1057I,ES093C,2015,490.56,,,ES093C,ES,,2015,cars_per_1000,Number of registered cars per 1000 population
A,TT1057I,ES093C,2016,502.3,,,ES093C,ES,,2016,cars_per_1000,Number of registered cars per 1000 population
A,TT1057I,ES093C,2017,490.62,,,ES093C,ES,,2017,cars_per_1000,Number of registered cars per 1000 population
A,TT1057I,ES093C,2018,496.46,,,ES093C,ES,,2018,cars_per_1000,Number of registered cars per 1000 population
A,TT1057I,ES093C,2019,500.85,,,ES093C,ES,,2019,cars_per_1000,Number of registered cars per 1000 population
A,TT1057I,ES093C,2020,499.02,,,ES093C,ES,,2020,cars_per_1000,Number of registered cars per 1000 population
A,TT1057I,ES093C,2021,506.24,,,ES093C,ES,,2021,cars_per_1000,Number of registered cars per 1000 population
A,TT1057I,ES093C,2022,503.91,,,ES093C,ES,,2022,cars_per_1000,Number of registered cars per 1000 population
A,TT1057I,ES093C,2023,490.92,,,ES093C,ES,,2023,cars_per_1000,Number of registered cars per 1000 population
A,TT1057I,ES094C,2015,460.2,,,ES094C,ES,,2015,cars_per_1000,Number of registered cars per 1000 population
A,TT1057I,ES094C,2016,470.29,,,ES094C,ES,,2016,cars_per_1000,Number of registered cars per 1000 population
A,TT1057I,ES094C,2017,465.04,,,ES094C,ES,,2017,cars_per_1000,Number of registered cars per 1000 population
A,TT1057I,ES094C,2018,473.25,,,ES094C,ES,,2018,cars_per_1000,Number of registered cars per 1000 population
A,TT1057I,ES094C,2019,480.6,,,ES094C,ES,,2019,cars_per_1000,Number of registered cars per 1000 population
A,TT1057I,ES094C,2020,483.11,,,ES094C,ES,,2020,cars_per_1000,Number of registered cars per 1000 population
A,TT1057I,ES094C,2021,488.36,,,ES094C,ES,,2021,cars_per_1000,Number of registered cars per 1000 population
A,TT1057I,ES094C,2022,489.03,,,ES094C,ES,,2022,cars_per_1000,Number of registered cars per 1000 population
A,TT1057I,ES094C,2023,485.03,,,ES094C,ES,,2023,cars_per_1000,Number of registered cars per 1000 population
A,TT1057I,ES095C,2015,415.16,,,ES095C,ES,,2015,cars_per_1000,Number of registered cars per 1000 population
A,TT1057I,ES095C,2016,431.92,,,ES095C,ES,,2016,cars_per_1000,Number of registered cars per 1000 population
A,TT1057I,ES095C,2017,421.42,,,ES095C,ES,,2017,cars_per_1000,Number of registered cars per 1000 population
A,TT1057I,ES095C,2018,431.31,,,ES095C,ES,,2018,cars_per_1000,Number of registered cars per 1000 population
A,TT1057I,ES095C,2019,438.58,,,ES095C,ES,,2019,cars_per_1000,Number of registered cars per 1000 population
A,TT1057I,ES095C,2020,438.06,,,ES095C,ES,,2020,cars_per_1000,Number of registered cars per 1000 population
A,TT1057I,ES095C,2021,444.84,,,ES095C,ES,,2021,cars_per_1000,Number of registered cars per 1000 population
A,TT1057I,ES095C,2022,445.49,,,ES095C,ES,,2022,cars_per_1000,Number of registered cars per 1000 population
A,TT1057I,ES095C,2023,442.87,,,ES095C,ES,,2023,cars_per_1000,Number of registered cars per 1000 population
A,TT1057I,ES096C,2015,556.94,,,ES096C,ES,,2015,cars_per_1000,Number of registered cars per 1000 population
A,TT1057I,ES096C,2016,564.44,,,ES096C,ES,,2016,cars_per_1000,Number of registered cars per 1000 population
A,TT1057I,ES096C,2017,502.88,,,ES096C,ES,,2017,cars_per_1000,Number of registered cars per 1000 population
A,TT1057I,ES096C,2018,509.21,,,ES096C,ES,,2018,cars_per_1000,Number of registered cars per 1000 population
A,TT1057I,ES096C,2019,520.13,,,ES096C,ES,,2019,cars_per_1000,Number of registered cars per 1000 population
A,TT1057I,ES096C,2020,521.36,,,ES096C,ES,,2020,cars_per_1000,Number of registered cars per 1000 population
A,TT1057I,ES096C,2021,526.84,,,ES096C,ES,,2021,cars_per_1000,Number of registered cars per 1000 population
A,TT1057I,ES096C,2022,527.39,,,ES096C,ES,,2022,cars_per_1000,Number of registered cars per 1000 population
A,TT1057I,ES096C,2023,520.2,,,ES096C,ES,,2023,cars_per_1000,Number of registered cars per 1000 population
A,TT1057I,ES097C,2015,488.36,,,ES097C,ES,,2015,cars_per_1000,Number of registered cars per 1000 population
A,TT1057I,ES097C,2016,497.25,,,ES097C,ES,,2016,cars_per_1000,Number of registered cars per 1000 population
A,TT1057I,ES097C,2017,483.16,,,ES097C,ES,,2017,cars_per_1000,Number of registered cars per 1000 population
A,TT1057I,ES097C,2018,491.67,,,ES097C,ES,,2018,cars_per_1000,Number of registered cars per 1000 population
A,TT1057I,ES097C,2019,496.37,,,ES097C,ES,,2019,cars_per_1000,Number of registered cars per 1000 population
A,TT1057I,ES097C,2020,489.59,,,ES097C,ES,,2020,cars_per_1000,Number of registered cars per 1000 population
A,TT1057I,ES097C,2021,488.3,,,ES097C,ES,,2021,cars_per_1000,Number of registered cars per 1000 population
A,TT1057I,ES097C,2022,488.9,,,ES097C,ES,,2022,cars_per_1000,Number of registered cars per 1000 population
A,TT1057I,ES097C,2023,485.23,,,ES097C,ES,,2023,cars_per_1000,Number of registered cars per 1000 population
A,TT1057I,ES098C,2015,429.06,,,ES098C,ES,,2015,cars_per_1000,Number of registered cars per 1000 population
A,TT1057I,ES098C,2016,440.62,,,ES098C,ES,,2016,cars_per_1000,Number of registered cars per 1000 population
A,TT1057I,ES098C,2017,431.55,,,ES098C,ES,,2017,cars_per_1000,Number of registered cars per 1000 population
A,TT1057I,ES098C,2018,441.6,,,ES098C,ES,,2018,cars_per_1000,Number of registered cars per 1000 population
A,TT1057I,ES098C,2019,448.87,,,ES098C,ES,,2019,cars_per_1000,Number of registered cars per 1000 population
A,TT1057I,ES098C,2020,451.3,,,ES098C,ES,,2020,cars_per_1000,Number of registered cars per 1000 population
A,TT1057I,ES098C,2021,457.04,,,ES098C,ES,,2021,cars_per_1000,Number of registered cars per 1000 population
A,TT1057I,ES098C,2022,459.23,,,ES098C,ES,,2022,cars_per_1000,Number of registered cars per 1000 population
A,TT1057I,ES098C,2023,459.68,,,ES098C,ES,,2023,cars_per_1000,Number of registered cars per 1000 population
A,TT1057I,FI,2015,437.67,,,FI,FI,,2015,cars_per_1000,Number of registered cars per 1000 population
A,TT1057I,FI,2016,439.77,,,FI,FI,,2016,cars_per_1000,Number of registered cars per 1000 population
A,TT1057I,FI,2017,441.53,,,FI,FI,,2017,cars_per_1000,Number of registered cars per 1000 population
A,TT1057I,FI,2018,448.24,,,FI,FI,,2018,cars_per_1000,Number of registered cars per 1000 population
A,TT1057I,FI001C,2015,268.85,,,FI001C,FI,,2015,cars_per_1000,Number of registered cars per 1000 population
A,TT1057I,FI001C,2016,269.35,,,FI001C,FI,,2016,cars_per_1000,Number of registered cars per 1000 population
A,TT1057I,FI001C,2017,268.98,,,FI001C,FI,,2017,cars_per_1000,Number of registered cars per 1000 population
A,TT1057I,FI001C,2018,269.08,,,FI001C,FI,,2018,cars_per_1000,Number of registered cars per 1000 population
A,TT1057I,FI001C,2019,269.85,,,FI001C,FI,,2019,cars_per_1000,Number of registered cars per 1000 population
A,TT1057I,FI001C,2020,276.55,,,FI001C,FI,,2020,cars_per_1000,Number of registered cars per 1000 population
A,TT1057I,FI001C,2021,277.54,,,FI001C,FI,,2021,cars_per_1000,Number of registered cars per 1000 population
A,TT1057I,FI001C,2022,272.03,,,FI001C,FI,,2022,cars_per_1000,Number of registered cars per 1000 population
A,TT1057I,FI001C,2023,267.94,,,FI001C,FI,,2023,cars_per_1000,Number of registered cars per 1000 population
A,TT1057I,FI002C,2015,362.37,,,FI002C,FI,,2015,cars_per_1000,Number of registered cars per 1000 population
A,TT1057I,FI002C,2016,363.57,,,FI002C,FI,,2016,cars_per_1000,Number of registered cars per 1000 population
A,TT1057I,FI002C,2017,363.33,,,FI002C,FI,,2017,cars_per_1000,Number of registered cars per 1000 population
A,TT1057I,FI002C,2018,366.49,,,FI002C,FI,,2018,cars_per_1000,Number of registered cars per 1000 population
A,TT1057I,FI002C,2019,370.75,,,FI002C,FI,,2019,cars_per_1000,Number of registered cars per 1000 population
A,TT1057I,FI002C,2020,375.64,,,FI002C,FI,,2020,cars_per_1000,Number of registered cars per 1000 population
A,TT1057I,FI002C,2021,374.55,,,FI002C,FI,,2021,cars_per_1000,Number of registered cars per 1000 population
A,TT1057I,FI002C,2022,366.65,,,FI002C,FI,,2022,cars_per_1000,Number of registered cars per 1000 population
A,TT1057I,FI002C,2023,361.87,,,FI002C,FI,,2023,cars_per_1000,Number of registered cars per 1000 population
A,TT1057I,FI003C,2015,375.71,,,FI003C,FI,,2015,cars_per_1000,Number of registered cars per 1000 population
A,TT1057I,FI003C,2016,375.93,,,FI003C,FI,,2016,cars_per_1000,Number of registered cars per 1000 population
A,TT1057I,FI003C,2017,375.83,,,FI003C,FI,,2017,cars_per_1000,Number of registered cars per 1000 population
A,TT1057I,FI003C,2018,379.89,,,FI003C,FI,,2018,cars_per_1000,Number of registered cars per 1000 population
A,TT1057I,FI003C,2019,386.49,,,FI003C,FI,,2019,cars_per_1000,Number of registered cars per 1000 population
A,TT1057I,FI003C,2020,389.36,,,FI003C,FI,,2020,cars_per_1000,Number of registered cars per 1000 population
A,TT1057I,FI003C,2021,388.14,,,FI003C,FI,,2021,cars_per_1000,Number of registered cars per 1000 population
A,TT1057I,FI003C,2022,384.39,,,FI003C,FI,,2022,cars_per_1000,Number of registered cars per 1000 population
A,TT1057I,FI003C,2023,380.21,,,FI003C,FI,,2023,cars_per_1000,Number of registered cars per 1000 population
A,TT1057I,FI004C,2015,402.08,,,FI004C,FI,,2015,cars_per_1000,Number of registered cars per 1000 population
A,TT1057I,FI004C,2016,405.77,,,FI004C,FI,,2016,cars_per_1000,Number of registered cars per 1000 population
A,TT1057I,FI004C,2017,406.93,,,FI004C,FI,,2017,cars_per_1000,Number of registered cars per 1000 population
A,TT1057I,FI004C,2018,412.91,,,FI004C,FI,,2018,cars_per_1000,Number of registered cars per 1000 population
A,TT1057I,FI004C,2019,424.08,,,FI004C,FI,,2019,cars_per_1000,Number of registered cars per 1000 population
A,TT1057I,FI004C,2020,428.41,,,FI004C,FI,,2020,cars_per_1000,Number of registered cars per 1000 population
A,TT1057I,FI004C,2021,428.87,,,FI004C,FI,,2021,cars_per_1000,Number of registered cars per 1000 population
A,TT1057I,FI004C,2022,421.47,,,FI004C,FI,,2022,cars_per_1000,Number of registered cars per 1000 population
A,TT1057I,FI004C,2023,419.67,,,FI004C,FI,,2023,cars_per_1000,Number of registered cars per 1000 population
A,TT1057I,FI005C,2015,357.93,,,FI005C,FI,,2015,cars_per_1000,Number of registered cars per 1000 population
A,TT1057I,FI005C,2016,359.13,,,FI005C,FI,,2016,cars_per_1000,Number of registered cars per 1000 population
A,TT1057I,FI005C,2017,359.91,,,FI005C,FI,,2017,cars_per_1000,Number of registered cars per 1000 population
A,TT1057I,FI005C,2018,362.57,,,FI005C,FI,,2018,cars_per_1000,Number of registered cars per 1000 population
A,TT1057I,FI005C,2019,370.92,,,FI005C,FI,,2019,cars_per_1000,Number of registered cars per 1000 population
A,TT1057I,FI005C,2020,372.35,,,FI005C,FI,,2020,cars_per_1000,Number of registered cars per 1000 population
A,TT1057I,FI005C,2021,373.35,,,FI005C,FI,,2021,cars_per_1000,Number of registered cars per 1000 population
A,TT1057I,FI005C,2022,368.01,,,FI005C,FI,,2022,cars_per_1000,Number of registered cars per 1000 population
A,TT1057I,FI005C,2023,361.92,,,FI005C,FI,,2023,cars_per_1000,Number of registered cars per 1000 population
A,TT1057I,FI006C,2015,370.7,,,FI006C,FI,,2015,cars_per_1000,Number of registered cars per 1000 population
A,TT1057I,FI006C,2016,373.37,,,FI006C,FI,,2016,cars_per_1000,Number of registered cars per 1000 population
A,TT1057I,FI006C,2017,372.89,,,FI006C,FI,,2017,cars_per_1000,Number of registered cars per 1000 population
A,TT1057I,FI006C,2018,377.37,,,FI006C,FI,,2018,cars_per_1000,Number of registered cars per 1000 population
A,TT1057I,FI006C,2019,384.16,,,FI006C,FI,,2019,cars_per_1000,Number of registered cars per 1000 population
A,TT1057I,FI006C,2020,384.29,,,FI006C,FI,,2020,cars_per_1000,Number of registered cars per 1000 population
A,TT1057I,FI006C,2021,381.59,,,FI006C,FI,,2021,cars_per_1000,Number of registered cars per 1000 population
A,TT1057I,FI006C,2022,374.94,,,FI006C,FI,,2022,cars_per_1000,Number of registered cars per 1000 population
A,TT1057I,FI006C,2023,371.84,,,FI006C,FI,,2023,cars_per_1000,Number of registered cars per 1000 population
A,TT1057I,FI007C,2015,470.67,,,FI007C,FI,,2015,cars_per_1000,Number of registered cars per 1000 population
A,TT1057I,FI007C,2016,415.5,,,FI007C,FI,,2016,cars_per_1000,Number of registered cars per 1000 population
A,TT1057I,FI007C,2017,418.17,,,FI007C,FI,,2017,cars_per_1000,Number of registered cars per 1000 population
A,TT1057I,FI007C,2018,425.47,,,FI007C,FI,,2018,cars_per_1000,Number of registered cars per 1000 population
A,TT1057I,FI007C,2019,431.58,,,FI007C,FI,,2019,cars_per_1000,Number of registered cars per 1000 population
A,TT1057I,FI007C,2020,440.09,,,FI007C,FI,,2020,cars_per_1000,Number of registered cars per 1000 population
A,TT1057I,FI007C,2021,441.03,,,FI007C,FI,,2021,cars_per_1000,Number of registered cars per 1000 population
A,TT1057I,FI007C,2022,435.37,,,FI007C,FI,,2022,cars_per_1000,Number of registered cars per 1000 population
A,TT1057I,FI007C,2023,434.28,,,FI007C,FI,,2023,cars_per_1000,Number of registered cars per 1000 population
A,TT1057I,FI008C,2015,436.47,,,FI008C,FI,,2015,cars_per_1000,Number of registered cars per 1000 population
A,TT1057I,FI008C,2016,438.47,,,FI008C,FI,,2016,cars_per_1000,Number of registered cars per 1000 population
A,TT1057I,FI008C,2017,420.77,,,FI008C,FI,,2017,cars_per_1000,Number of registered cars per 1000 population
A,TT1057I,FI008C,2018,426.6,,,FI008C,FI,,2018,cars_per_1000,Number of registered cars per 1000 population
A,TT1057I,FI008C,2019,433.64,,,FI008C,FI,,2019,cars_per_1000,Number of registered cars per 1000 population
A,TT1057I,FI008C,2020,440.28,,,FI008C,FI,,2020,cars_per_1000,Number of registered cars per 1000 population
A,TT1057I,FI008C,2021,440.68,,,FI008C,FI,,2021,cars_per_1000,Number of registered cars per 1000 population
A,TT1057I,FI008C,2022,432.91,,,FI008C,FI,,2022,cars_per_1000,Number of registered cars per 1000 population
A,TT1057I,FI008C,2023,431.01,,,FI008C,FI,,2023,cars_per_1000,Number of registered cars per 1000 population
A,TT1057I,FI009C,2015,410.5,,,FI009C,FI,,2015,cars_per_1000,Number of registered cars per 1000 population
A,TT1057I,FI009C,2016,412.61,,,FI009C,FI,,2016,cars_per_1000,Number of registered cars per 1000 population
A,TT1057I,FI009C,2017,413.8,,,FI009C,FI,,2017,cars_per_1000,Number of registered cars per 1000 population
A,TT1057I,FI009C,2018,418.82,,,FI009C,FI,,2018,cars_per_1000,Number of registered cars per 1000 population
A,TT1057I,FI009C,2019,423.45,,,FI009C,FI,,2019,cars_per_1000,Number of registered cars per 1000 population
A,TT1057I,FI009C,2020,426.38,,,FI009C,FI,,2020,cars_per_1000,Number of registered cars per 1000 population
A,TT1057I,FI009C,2021,427.1,,,FI009C,FI,,2021,cars_per_1000,Number of registered cars per 1000 population
A,TT1057I,FI009C,2022,422.12,,,FI009C,FI,,2022,cars_per_1000,Number of registered cars per 1000 population
A,TT1057I,FI009C,2023,420.74,,,FI009C,FI,,2023,cars_per_1000,Number of registered cars per 1000 population
A,TT1057I,FR,2015,522.47,,,FR,FR,,2015,cars_per_1000,Number of registered cars per 1000 population
A,TT1057I,FR,2016,526.64,,,FR,FR,,2016,cars_per_1000,Number of registered cars per 1000 population
A,TT1057I,FR,2017,539.63,,,FR,FR,,2017,cars_per_1000,Number of registered cars per 1000 population
A,TT1057I,FR,2018,534.61,,,FR,FR,,2018,cars_per_1000,Number of registered cars per 1000 population
A,TT1057I,FR,2019,535.6,,,FR,FR,,2019,cars_per_1000,Number of registered cars per 1000 population
A,TT1057I,FR,2020,540.66,,,FR,FR,,2020,cars_per_1000,Number of registered cars per 1000 population
A,TT1057I,FR,2021,544.43,,,FR,FR,,2021,cars_per_1000,Number of registered cars per 1000 population
A,TT1057I,FR,2022,548.84,,,FR,FR,,2022,cars_per_1000,Number of registered cars per 1000 population
A,TT1057I,FR001C,2015,356.75,,,FR001C,FR,,2015,cars_per_1000,Number of registered cars per 1000 population
A,TT1057I,FR001C,2016,356.51,,,FR001C,FR,,2016,cars_per_1000,Number of registered cars per 1000 population
A,TT1057I,FR001C,2017,355.69,,,FR001C,FR,,2017,cars_per_1000,Number of registered cars per 1000 population
A,TT1057I,FR001C,2018,355.24,,,FR001C,FR,,2018,cars_per_1000,Number of registered cars per 1000 population
A,TT1057I,FR001C,2019,356.2,,,FR001C,FR,,2019,cars_per_1000,Number of registered cars per 1000 population
A,TT1057I,FR001C,2020,356.89,,,FR001C,FR,,2020,cars_per_1000,Number of registered cars per 1000 population
A,TT1057I,FR001C,2021,356.01,,,FR001C,FR,,2021,cars_per_1000,Number of registered cars per 1000 population
A,TT1057I,FR001C,2022,356.17,,,FR001C,FR,,2022,cars_per_1000,Number of registered cars per 1000 population
A,TT1057I,FR002C,2015,429.18,,,FR002C,FR,,2015,cars_per_1000,Number of registered cars per 1000 population
A,TT1057I,FR002C,2016,428.73,,,FR002C,FR,,2016,cars_per_1000,Number of registered cars per 1000 population
A,TT1057I,FR002C,2017,429.04,,,FR002C,FR,,2017,cars_per_1000,Number of registered cars per 1000 population
A,TT1057I,FR002C,2018,430.11,,,FR002C,FR,,2018,cars_per_1000,Number of registered cars per 1000 population
A,TT1057I,FR002C,2019,431.0,,,FR002C,FR,,2019,cars_per_1000,Number of registered cars per 1000 population
A,TT1057I,FR002C,2020,432.76,,,FR002C,FR,,2020,cars_per_1000,Number of registered cars per 1000 population
A,TT1057I,FR002C,2021,433.02,,,FR002C,FR,,2021,cars_per_1000,Number of registered cars per 1000 population
A,TT1057I,FR002C,2022,431.68,,,FR002C,FR,,2022,cars_per_1000,Number of registered cars per 1000 population
A,TT1057I,FR003C,2015,435.4,,,FR003C,FR,,2015,cars_per_1000,Number of registered cars per 1000 population
A,TT1057I,FR003C,2016,439.74,,,FR003C,FR,,2016,cars_per_1000,Number of registered cars per 1000 population
A,TT1057I,FR003C,2017,442.9,,,FR003C,FR,,2017,cars_per_1000,Number of registered cars per 1000 population
A,TT1057I,FR003C,2018,446.64,,,FR003C,FR,,2018,cars_per_1000,Number of registered cars per 1000 population
A,TT1057I,FR003C,2019,447.56,,,FR003C,FR,,2019,cars_per_1000,Number of registered cars per 1000 population
A,TT1057I,FR003C,2020,450.85,,,FR003C,FR,,2020,cars_per_1000,Number of registered cars per 1000 population
A,TT1057I,FR003C,2021,453.17,,,FR003C,FR,,2021,cars_per_1000,Number of registered cars per 1000 population
A,TT1057I,FR003C,2022,456.62,,,FR003C,FR,,2022,cars_per_1000,Number of registered cars per 1000 population
A,TT1057I,FR004C,2015,414.79,,,FR004C,FR,,2015,cars_per_1000,Number of registered cars per 1000 population
A,TT1057I,FR004C,2016,415.88,,,FR004C,FR,,2016,cars_per_1000,Number of registered cars per 1000 population
A,TT1057I,FR004C,2017,416.58,,,FR004C,FR,,2017,cars_per_1000,Number of registered cars per 1000 population
A,TT1057I,FR004C,2018,417.97,,,FR004C,FR,,2018,cars_per_1000,Number of registered cars per 1000 population
A,TT1057I,FR004C,2019,419.37,,,FR004C,FR,,2019,cars_per_1000,Number of registered cars per 1000 population
A,TT1057I,FR004C,2020,423.94,,,FR004C,FR,,2020,cars_per_1000,Number of registered cars per 1000 population
A,TT1057I,FR004C,2021,424.93,,,FR004C,FR,,2021,cars_per_1000,Number of registered cars per 1000 population
A,TT1057I,FR004C,2022,427.17,,,FR004C,FR,,2022,cars_per_1000,Number of registered cars per 1000 population
A,TT1057I,FR005C,2015,517.77,,,FR005C,FR,,2015,cars_per_1000,Number of registered cars per 1000 population
A,TT1057I,FR005C,2016,519.28,,,FR005C,FR,,2016,cars_per_1000,Number of registered cars per 1000 population
A,TT1057I,FR005C,2017,519.43,,,FR005C,FR,,2017,cars_per_1000,Number of registered cars per 1000 population
A,TT1057I,FR005C,2018,519.59,,,FR005C,FR,,2018,cars_per_1000,Number of registered cars per 1000 population
A,TT1057I,FR005C,2019,520.58,,,FR005C,FR,,2019,cars_per_1000,Number of registered cars per 1000 population
A,TT1057I,FR005C,2020,525.27,,,FR005C,FR,,2020,cars_per_1000,Number of registered cars per 1000 population
A,TT1057I,FR005C,2021,524.2,,,FR005C,FR,,2021,cars_per_1000,Number of registered cars per 1000 population
A,TT1057I,FR005C,2022,525.67,,,FR005C,FR,,2022,cars_per_1000,Number of registered cars per 1000 population
A,TT1057I,FR006C,2015,525.67,,,FR006C,FR,,2015,cars_per_1000,Number of registered cars per 1000 population
A,TT1057I,FR006C,2016,525.48,,,FR006C,FR,,2016,cars_per_1000,Number of registered cars per 1000 population
A,TT1057I,FR006C,2017,526.5,,,FR006C,FR,,2017,cars_per_1000,Number of registered cars per 1000 population
A,TT1057I,FR006C,2018,524.51,,,FR006C,FR,,2018,cars_per_1000,Number of registered cars per 1000 population
A,TT1057I,FR006C,2019,526.58,,,FR006C,FR,,2019,cars_per_1000,Number of registered cars per 1000 population
A,TT1057I,FR006C,2020,526.95,,,FR006C,FR,,2020,cars_per_1000,Number of registered cars per 1000 population
A,TT1057I,FR006C,2021,523.78,,,FR006C,FR,,2021,cars_per_1000,Number of registered cars per 1000 population
A,TT1057I,FR006C,2022,519.19,,,FR006C,FR,,2022,cars_per_1000,Number of registered cars per 1000 population
A,TT1057I,FR007C,2015,501.9,,,FR007C,FR,,2015,cars_per_1000,Number of registered cars per 1000 population
A,TT1057I,FR007C,2016,503.71,,,FR007C,FR,,2016,cars_per_1000,Number of registered cars per 1000 population
A,TT1057I,FR007C,2017,505.27,,,FR007C,FR,,2017,cars_per_1000,Number of registered cars per 1000 population
A,TT1057I,FR007C,2018,502.51,,,FR007C,FR,,2018,cars_per_1000,Number of registered cars per 1000 population
A,TT1057I,FR007C,2019,503.2,,,FR007C,FR,,2019,cars_per_1000,Number of registered cars per 1000 population
A,TT1057I,FR007C,2020,503.88,,,FR007C,FR,,2020,cars_per_1000,Number of registered cars per 1000 population
A,TT1057I,FR007C,2021,499.23,,,FR007C,FR,,2021,cars_per_1000,Number of registered cars per 1000 population
A,TT1057I,FR007C,2022,497.63,,,FR007C,FR,,2022,cars_per_1000,Number of registered cars per 1000 population
A,TT1057I,FR008C,2015,439.46,,,FR008C,FR,,2015,cars_per_1000,Number of registered cars per 1000 population
A,TT1057I,FR008C,2016,440.77,,,FR008C,FR,,2016,cars_per_1000,Number of registered cars per 1000 population
A,TT1057I,FR008C,2017,441.01,,,FR008C,FR,,2017,cars_per_1000,Number of registered cars per 1000 population
A,TT1057I,FR008C,2018,441.48,,,FR008C,FR,,2018,cars_per_1000,Number of registered cars per 1000 population
A,TT1057I,FR008C,2019,442.42,,,FR008C,FR,,2019,cars_per_1000,Number of registered cars per 1000 population
A,TT1057I,FR008C,2020,440.96,,,FR008C,FR,,2020,cars_per_1000,Number of registered cars per 1000 population
A,TT1057I,FR008C,2021,439.31,,,FR008C,FR,,2021,cars_per_1000,Number of registered cars per 1000 population
A,TT1057I,FR008C,2022,438.06,,,FR008C,FR,,2022,cars_per_1000,Number of registered cars per 1000 population
A,TT1057I,FR009C,2015,417.87,,,FR009C,FR,,2015,cars_per_1000,Number of registered cars per 1000 population
A,TT1057I,FR009C,2016,421.18,,,FR009C,FR,,2016,cars_per_1000,Number of registered cars per 1000 population
A,TT1057I,FR009C,2017,423.72,,,FR009C,FR,,2017,cars_per_1000,Number of registered cars per 1000 population
A,TT1057I,FR009C,2018,425.1,,,FR009C,FR,,2018,cars_per_1000,Number of registered cars per 1000 population
A,TT1057I,FR009C,2019,425.68,,,FR009C,FR,,2019,cars_per_1000,Number of registered cars per 1000 population
A,TT1057I,FR009C,2020,425.68,,,FR009C,FR,,2020,cars_per_1000,Number of registered cars per 1000 population
A,TT1057I,FR009C,2021,424.28,,,FR009C,FR,,2021,cars_per_1000,Number of registered cars per 1000 population
A,TT1057I,FR009C,2022,421.78,,,FR009C,FR,,2022,cars_per_1000,Number of registered cars per 1000 population
A,TT1057I,FR010C,2015,471.68,,,FR010C,FR,,2015,cars_per_1000,Number of registered cars per 1000 population
A,TT1057I,FR010C,2016,472.77,,,FR010C,FR,,2016,cars_per_1000,Number of registered cars per 1000 population
A,TT1057I,FR010C,2017,475.45,,,FR010C,FR,,2017,cars_per_1000,Number of registered cars per 1000 population
A,TT1057I,FR010C,2018,474.58,,,FR010C,FR,,2018,cars_per_1000,Number of registered cars per 1000 population
A,TT1057I,FR010C,2019,476.31,,,FR010C,FR,,2019,cars_per_1000,Number of registered cars per 1000 population
A,TT1057I,FR010C,2020,479.68,,,FR010C,FR,,2020,cars_per_1000,Number of registered cars per 1000 population
A,TT1057I,FR010C,2021,478.97,,,FR010C,FR,,2021,cars_per_1000,Number of registered cars per 1000 population
A,TT1057I,FR010C,2022,476.95,,,FR010C,FR,,2022,cars_per_1000,Number of registered cars per 1000 population
A,TT1057I,FR011C,2015,478.32,,,FR011C,FR,,2015,cars_per_1000,Number of registered cars per 1000 population
A,TT1057I,FR011C,2016,478.67,,,FR011C,FR,,2016,cars_per_1000,Number of registered cars per 1000 population
A,TT1057I,FR011C,2017,478.98,,,FR011C,FR,,2017,cars_per_1000,Number of registered cars per 1000 population
A,TT1057I,FR011C,2018,479.76,,,FR011C,FR,,2018,cars_per_1000,Number of registered cars per 1000 population
A,TT1057I,FR011C,2019,481.14,,,FR011C,FR,,2019,cars_per_1000,Number of registered cars per 1000 population
A,TT1057I,FR011C,2020,484.43,,,FR011C,FR,,2020,cars_per_1000,Number of registered cars per 1000 population
A,TT1057I,FR011C,2021,486.97,,,FR011C,FR,,2021,cars_per_1000,Number of registered cars per 1000 population
A,TT1057I,FR011C,2022,487.52,,,FR011C,FR,,2022,cars_per_1000,Number of registered cars per 1000 population
A,TT1057I,FR012C,2015,473.68,,,FR012C,FR,,2015,cars_per_1000,Number of registered cars per 1000 population
A,TT1057I,FR012C,2016,475.48,,,FR012C,FR,,2016,cars_per_1000,Number of registered cars per 1000 population
A,TT1057I,FR012C,2017,474.55,,,FR012C,FR,,2017,cars_per_1000,Number of registered cars per 1000 population
A,TT1057I,FR012C,2018,472.73,,,FR012C,FR,,2018,cars_per_1000,Number of registered cars per 1000 population
A,TT1057I,FR012C,2019,473.6,,,FR012C,FR,,2019,cars_per_1000,Number of registered cars per 1000 population
A,TT1057I,FR012C,2020,472.89,,,FR012C,FR,,2020,cars_per_1000,Number of registered cars per 1000 population
A,TT1057I,FR012C,2021,471.07,,,FR012C,FR,,2021,cars_per_1000,Number of registered cars per 1000 population
A,TT1057I,FR012C,2022,471.85,,,FR012C,FR,,2022,cars_per_1000,Number of registered cars per 1000 population
A,TT1057I,FR013C,2015,505.63,,,FR013C,FR,,2015,cars_per_1000,Number of registered cars per 1000 population
A,TT1057I,FR013C,2016,509.84,,,FR013C,FR,,2016,cars_per_1000,Number of registered cars per 1000 population
A,TT1057I,FR013C,2017,511.48,,,FR013C,FR,,2017,cars_per_1000,Number of registered cars per 1000 population
A,TT1057I,FR013C,2018,514.53,,,FR013C,FR,,2018,cars_per_1000,Number of registered cars per 1000 population
A,TT1057I,FR013C,2019,515.17,,,FR013C,FR,,2019,cars_per_1000,Number of registered cars per 1000 population
A,TT1057I,FR013C,2020,520.83,,,FR013C,FR,,2020,cars_per_1000,Number of registered cars per 1000 population
A,TT1057I,FR013C,2021,522.92,,,FR013C,FR,,2021,cars_per_1000,Number of registered cars per 1000 population
A,TT1057I,FR013C,2022,523.33,,,FR013C,FR,,2022,cars_per_1000,Number of registered cars per 1000 population
A,TT1057I,FR014C,2015,513.89,,,FR014C,FR,,2015,cars_per_1000,Number of registered cars per 1000 population
A,TT1057I,FR014C,2016,514.81,,,FR014C,FR,,2016,cars_per_1000,Number of registered cars per 1000 population
A,TT1057I,FR014C,2017,516.69,,,FR014C,FR,,2017,cars_per_1000,Number of registered cars per 1000 population
A,TT1057I,FR014C,2018,518.9,,,FR014C,FR,,2018,cars_per_1000,Number of registered cars per 1000 population
A,TT1057I,FR014C,2019,518.92,,,FR014C,FR,,2019,cars_per_1000,Number of registered cars per 1000 population
A,TT1057I,FR014C,2020,521.71,,,FR014C,FR,,2020,cars_per_1000,Number of registered cars per 1000 population
A,TT1057I,FR014C,2021,523.7,,,FR014C,FR,,2021,cars_per_1000,Number of registered cars per 1000 population
A,TT1057I,FR014C,2022,528.28,,,FR014C,FR,,2022,cars_per_1000,Number of registered cars per 1000 population
A,TT1057I,FR015C,2015,491.66,,,FR015C,FR,,2015,cars_per_1000,Number of registered cars per 1000 population
A,TT1057I,FR015C,2016,493.43,,,FR015C,FR,,2016,cars_per_1000,Number of registered cars per 1000 population
A,TT1057I,FR015C,2017,498.83,,,FR015C,FR,,2017,cars_per_1000,Number of registered cars per 1000 population
A,TT1057I,FR015C,2018,499.55,,,FR015C,FR,,2018,cars_per_1000,Number of registered cars per 1000 population
A,TT1057I,FR015C,2019,501.37,,,FR015C,FR,,2019,cars_per_1000,Number of registered cars per 1000 population
A,TT1057I,FR015C,2020,503.84,,,FR015C,FR,,2020,cars_per_1000,Number of registered cars per 1000 population
A,TT1057I,FR015C,2021,505.78,,,FR015C,FR,,2021,cars_per_1000,Number of registered cars per 1000 population
A,TT1057I,FR015C,2022,510.14,,,FR015C,FR,,2022,cars_per_1000,Number of registered cars per 1000 population
A,TT1057I,FR016C,2015,484.23,,,FR016C,FR,,2015,cars_per_1000,Number of registered cars per 1000 population
A,TT1057I,FR016C,2016,484.72,,,FR016C,FR,,2016,cars_per_1000,Number of registered cars per 1000 population
A,TT1057I,FR016C,2017,487.73,,,FR016C,FR,,2017,cars_per_1000,Number of registered cars per 1000 population
A,TT1057I,FR016C,2018,489.65,,,FR016C,FR,,2018,cars_per_1000,Number of registered cars per 1000 population
A,TT1057I,FR016C,2019,490.1,,,FR016C,FR,,2019,cars_per_1000,Number of registered cars per 1000 population
A,TT1057I,FR016C,2020,493.34,,,FR016C,FR,,2020,cars_per_1000,Number of registered cars per 1000 population
A,TT1057I,FR016C,2021,489.61,,,FR016C,FR,,2021,cars_per_1000,Number of registered cars per 1000 population
A,TT1057I,FR016C,2022,487.51,,,FR016C,FR,,2022,cars_per_1000,Number of registered cars per 1000 population
A,TT1057I,FR017C,2015,474.64,,,FR017C,FR,,2015,cars_per_1000,Number of registered cars per 1000 population
A,TT1057I,FR017C,2016,479.61,,,FR017C,FR,,2016,cars_per_1000,Number of registered cars per 1000 population
A,TT1057I,FR017C,2017,480.09,,,FR017C,FR,,2017,cars_per_1000,Number of registered cars per 1000 population
A,TT1057I,FR017C,2018,485.04,,,FR017C,FR,,2018,cars_per_1000,Number of registered cars per 1000 population
A,TT1057I,FR017C,2019,486.92,,,FR017C,FR,,2019,cars_per_1000,Number of registered cars per 1000 population
A,TT1057I,FR017C,2020,492.08,,,FR017C,FR,,2020,cars_per_1000,Number of registered cars per 1000 population
A,TT1057I,FR017C,2021,494.27,,,FR017C,FR,,2021,cars_per_1000,Number of registered cars per 1000 population
A,TT1057I,FR017C,2022,497.78,,,FR017C,FR,,2022,cars_per_1000,Number of registered cars per 1000 population
A,TT1057I,FR018C,2015,519.92,,,FR018C,FR,,2015,cars_per_1000,Number of registered cars per 1000 population
A,TT1057I,FR018C,2016,520.09,,,FR018C,FR,,2016,cars_per_1000,Number of registered cars per 1000 population
A,TT1057I,FR018C,2017,518.48,,,FR018C,FR,,2017,cars_per_1000,Number of registered cars per 1000 population
A,TT1057I,FR018C,2018,520.83,,,FR018C,FR,,2018,cars_per_1000,Number of registered cars per 1000 population
A,TT1057I,FR018C,2019,521.8,,,FR018C,FR,,2019,cars_per_1000,Number of registered cars per 1000 population
A,TT1057I,FR018C,2020,524.57,,,FR018C,FR,,2020,cars_per_1000,Number of registered cars per 1000 population
A,TT1057I,FR018C,2021,527.28,,,FR018C,FR,,2021,cars_per_1000,Number of registered cars per 1000 population
A,TT1057I,FR018C,2022,529.34,,,FR018C,FR,,2022,cars_per_1000,Number of registered cars per 1000 population
A,TT1057I,FR019C,2015,460.67,,,FR019C,FR,,2015,cars_per_1000,Number of registered cars per 1000 population
A,TT1057I,FR019C,2016,466.35,,,FR019C,FR,,2016,cars_per_1000,Number of registered cars per 1000 population
A,TT1057I,FR019C,2017,473.28,,,FR019C,FR,,2017,cars_per_1000,Number of registered cars per 1000 population
A,TT1057I,FR019C,2018,475.56,,,FR019C,FR,,2018,cars_per_1000,Number of registered cars per 1000 population
A,TT1057I,FR019C,2019,476.66,,,FR019C,FR,,2019,cars_per_1000,Number of registered cars per 1000 population
A,TT1057I,FR019C,2020,483.92,,,FR019C,FR,,2020,cars_per_1000,Number of registered cars per 1000 population
A,TT1057I,FR019C,2021,484.67,,,FR019C,FR,,2021,cars_per_1000,Number of registered cars per 1000 population
A,TT1057I,FR019C,2022,486.03,,,FR019C,FR,,2022,cars_per_1000,Number of registered cars per 1000 population
A,TT1057I,FR020C,2015,495.02,,,FR020C,FR,,2015,cars_per_1000,Number of registered cars per 1000 population
A,TT1057I,FR020C,2016,495.22,,,FR020C,FR,,2016,cars_per_1000,Number of registered cars per 1000 population
A,TT1057I,FR020C,2017,495.11,,,FR020C,FR,,2017,cars_per_1000,Number of registered cars per 1000 population
A,TT1057I,FR020C,2018,497.45,,,FR020C,FR,,2018,cars_per_1000,Number of registered cars per 1000 population
A,TT1057I,FR020C,2019,498.81,,,FR020C,FR,,2019,cars_per_1000,Number of registered cars per 1000 population
A,TT1057I,FR020C,2020,499.63,,,FR020C,FR,,2020,cars_per_1000,Number of registered cars per 1000 population
A,TT1057I,FR020C,2021,502.16,,,FR020C,FR,,2021,cars_per_1000,Number of registered cars per 1000 population
A,TT1057I,FR020C,2022,507.55,,,FR020C,FR,,2022,cars_per_1000,Number of registered cars per 1000 population
A,TT1057I,FR021C,2015,529.07,,,FR021C,FR,,2015,cars_per_1000,Number of registered cars per 1000 population
A,TT1057I,FR021C,2016,530.94,,,FR021C,FR,,2016,cars_per_1000,Number of registered cars per 1000 population
A,TT1057I,FR021C,2017,532.03,,,FR021C,FR,,2017,cars_per_1000,Number of registered cars per 1000 population
A,TT1057I,FR021C,2018,526.41,,,FR021C,FR,,2018,cars_per_1000,Number of registered cars per 1000 population
A,TT1057I,FR021C,2019,526.74,,,FR021C,FR,,2019,cars_per_1000,Number of registered cars per 1000 population
A,TT1057I,FR021C,2020,527.68,,,FR021C,FR,,2020,cars_per_1000,Number of registered cars per 1000 population
A,TT1057I,FR021C,2021,528.44,,,FR021C,FR,,2021,cars_per_1000,Number of registered cars per 1000 population
A,TT1057I,FR021C,2022,530.16,,,FR021C,FR,,2022,cars_per_1000,Number of registered cars per 1000 population
A,TT1057I,FR022C,2015,446.18,,,FR022C,FR,,2015,cars_per_1000,Number of registered cars per 1000 population
A,TT1057I,FR022C,2016,451.01,,,FR022C,FR,,2016,cars_per_1000,Number of registered cars per 1000 population
A,TT1057I,FR022C,2017,449.85,,,FR022C,FR,,2017,cars_per_1000,Number of registered cars per 1000 population
A,TT1057I,FR022C,2018,449.38,,,FR022C,FR,,2018,cars_per_1000,Number of registered cars per 1000 population
A,TT1057I,FR022C,2019,450.36,,,FR022C,FR,,2019,cars_per_1000,Number of registered cars per 1000 population
A,TT1057I,FR022C,2020,458.36,,,FR022C,FR,,2020,cars_per_1000,Number of registered cars per 1000 population
A,TT1057I,FR022C,2021,459.92,,,FR022C,FR,,2021,cars_per_1000,Number of registered cars per 1000 population
A,TT1057I,FR022C,2022,460.85,,,FR022C,FR,,2022,cars_per_1000,Number of registered cars per 1000 population
A,TT1057I,FR023C,2015,463.04,,,FR023C,FR,,2015,cars_per_1000,Number of registered cars per 1000 population
A,TT1057I,FR023C,2016,463.11,,,FR023C,FR,,2016,cars_per_1000,Number of registered cars per 1000 population
A,TT1057I,FR023C,2017,465.7,,,FR023C,FR,,2017,cars_per_1000,Number of registered cars per 1000 population
A,TT1057I,FR023C,2018,468.22,,,FR023C,FR,,2018,cars_per_1000,Number of registered cars per 1000 population
A,TT1057I,FR023C,2019,468.15,,,FR023C,FR,,2019,cars_per_1000,Number of registered cars per 1000 population
A,TT1057I,FR023C,2020,468.36,,,FR023C,FR,,2020,cars_per_1000,Number of registered cars per 1000 population
A,TT1057I,FR023C,2021,469.79,,,FR023C,FR,,2021,cars_per_1000,Number of registered cars per 1000 population
A,TT1057I,FR023C,2022,469.47,,,FR023C,FR,,2022,cars_per_1000,Number of registered cars per 1000 population
A,TT1057I,FR024C,2015,495.06,,,FR024C,FR,,2015,cars_per_1000,Number of registered cars per 1000 population
A,TT1057I,FR024C,2016,500.2,,,FR024C,FR,,2016,cars_per_1000,Number of registered cars per 1000 population
A,TT1057I,FR024C,2017,503.87,,,FR024C,FR,,2017,cars_per_1000,Number of registered cars per 1000 population
A,TT1057I,FR024C,2018,507.18,,,FR024C,FR,,2018,cars_per_1000,Number of registered cars per 1000 population
A,TT1057I,FR024C,2019,508.37,,,FR024C,FR,,2019,cars_per_1000,Number of registered cars per 1000 population
A,TT1057I,FR024C,2020,515.12,,,FR024C,FR,,2020,cars_per_1000,Number of registered cars per 1000 population
A,TT1057I,FR024C,2021,514.37,,,FR024C,FR,,2021,cars_per_1000,Number of registered cars per 1000 population
A,TT1057I,FR024C,2022,516.87,,,FR024C,FR,,2022,cars_per_1000,Number of registered cars per 1000 population
A,TT1057I,FR025C,2015,484.91,,,FR025C,FR,,2015,cars_per_1000,Number of registered cars per 1000 population
A,TT1057I,FR025C,2016,489.72,,,FR025C,FR,,2016,cars_per_1000,Number of registered cars per 1000 population
A,TT1057I,FR025C,2017,488.94,,,FR025C,FR,,2017,cars_per_1000,Number of registered cars per 1000 population
A,TT1057I,FR025C,2018,493.97,,,FR025C,FR,,2018,cars_per_1000,Number of registered cars per 1000 population
A,TT1057I,FR025C,2019,494.97,,,FR025C,FR,,2019,cars_per_1000,Number of registered cars per 1000 population
A,TT1057I,FR025C,2020,503.51,,,FR025C,FR,,2020,cars_per_1000,Number of registered cars per 1000 population
A,TT1057I,FR025C,2021,506.84,,,FR025C,FR,,2021,cars_per_1000,Number of registered cars per 1000 population
A,TT1057I,FR025C,2022,515.71,,,FR025C,FR,,2022,cars_per_1000,Number of registered cars per 1000 population
A,TT1057I,FR026C,2015,440.57,,,FR026C,FR,,2015,cars_per_1000,Number of registered cars per 1000 population
A,TT1057I,FR026C,2016,445.76,,,FR026C,FR,,2016,cars_per_1000,Number of registered cars per 1000 population
A,TT1057I,FR026C,2017,451.13,,,FR026C,FR,,2017,cars_per_1000,Number of registered cars per 1000 population
A,TT1057I,FR026C,2018,454.69,,,FR026C,FR,,2018,cars_per_1000,Number of registered cars per 1000 population
A,TT1057I,FR026C,2019,455.8,,,FR026C,FR,,2019,cars_per_1000,Number of registered cars per 1000 population
A,TT1057I,FR026C,2020,464.39,,,FR026C,FR,,2020,cars_per_1000,Number of registered cars per 1000 population
A,TT1057I,FR026C,2021,475.52,,,FR026C,FR,,2021,cars_per_1000,Number of registered cars per 1000 population
A,TT1057I,FR026C,2022,485.26,,,FR026C,FR,,2022,cars_per_1000,Number of registered cars per 1000 population
A,TT1057I,FR027C,2015,471.71,,,FR027C,FR,,2015,cars_per_1000,Number of registered cars per 1000 population
A,TT1057I,FR027C,2016,472.07,,,FR027C,FR,,2016,cars_per_1000,Number of registered cars per 1000 population
A,TT1057I,FR027C,2017,477.11,,,FR027C,FR,,2017,cars_per_1000,Number of registered cars per 1000 population
A,TT1057I,FR027C,2018,480.41,,,FR027C,FR,,2018,cars_per_1000,Number of registered cars per 1000 population
A,TT1057I,FR027C,2019,480.76,,,FR027C,FR,,2019,cars_per_1000,Number of registered cars per 1000 population
A,TT1057I,FR027C,2020,484.57,,,FR027C,FR,,2020,cars_per_1000,Number of registered cars per 1000 population
A,TT1057I,FR027C,2021,488.38,,,FR027C,FR,,2021,cars_per_1000,Number of registered cars per 1000 population
A,TT1057I,FR027C,2022,490.02,,,FR027C,FR,,2022,cars_per_1000,Number of registered cars per 1000 population
A,TT1057I,FR028C,2015,460.52,,,FR028C,FR,,2015,cars_per_1000,Number of registered cars per 1000 population
A,TT1057I,FR028C,2016,462.02,,,FR028C,FR,,2016,cars_per_1000,Number of registered cars per 1000 population
A,TT1057I,FR028C,2017,467.89,,,FR028C,FR,,2017,cars_per_1000,Number of registered cars per 1000 population
A,TT1057I,FR028C,2018,467.66,,,FR028C,FR,,2018,cars_per_1000,Number of registered cars per 1000 population
A,TT1057I,FR028C,2019,469.37,,,FR028C,FR,,2019,cars_per_1000,Number of registered cars per 1000 population
A,TT1057I,FR028C,2020,476.21,,,FR028C,FR,,2020,cars_per_1000,Number of registered cars per 1000 population
A,TT1057I,FR028C,2021,482.03,,,FR028C,FR,,2021,cars_per_1000,Number of registered cars per 1000 population
A,TT1057I,FR028C,2022,486.57,,,FR028C,FR,,2022,cars_per_1000,Number of registered cars per 1000 population
A,TT1057I,FR029C,2015,483.14,,,FR029C,FR,,2015,cars_per_1000,Number of registered cars per 1000 population
A,TT1057I,FR029C,2016,487.34,,,FR029C,FR,,2016,cars_per_1000,Number of registered cars per 1000 population
A,TT1057I,FR029C,2017,489.49,,,FR029C,FR,,2017,cars_per_1000,Number of registered cars per 1000 population
A,TT1057I,FR029C,2018,490.12,,,FR029C,FR,,2018,cars_per_1000,Number of registered cars per 1000 population
A,TT1057I,FR029C,2019,490.46,,,FR029C,FR,,2019,cars_per_1000,Number of registered cars per 1000 population
A,TT1057I,FR029C,2020,490.0,,,FR029C,FR,,2020,cars_per_1000,Number of registered cars per 1000 population
A,TT1057I,FR029C,2021,488.98,,,FR029C,FR,,2021,cars_per_1000,Number of registered cars per 1000 population
A,TT1057I,FR029C,2022,490.77,,,FR029C,FR,,2022,cars_per_1000,Number of registered cars per 1000 population
A,TT1057I,FR030C,2015,383.3,,,FR030C,FR,,2015,cars_per_1000,Number of registered cars per 1000 population
A,TT1057I,FR030C,2016,391.63,,,FR030C,FR,,2016,cars_per_1000,Number of registered cars per 1000 population
A,TT1057I,FR030C,2017,403.82,,,FR030C,FR,,2017,cars_per_1000,Number of registered cars per 1000 population
A,TT1057I,FR030C,2018,402.88,,,FR030C,FR,,2018,cars_per_1000,Number of registered cars per 1000 population
A,TT1057I,FR030C,2019,401.21,,,FR030C,FR,,2019,cars_per_1000,Number of registered cars per 1000 population
A,TT1057I,FR030C,2020,406.6,,,FR030C,FR,,2020,cars_per_1000,Number of registered cars per 1000 population
A,TT1057I,FR030C,2021,412.09,,,FR030C,FR,,2021,cars_per_1000,Number of registered cars per 1000 population
A,TT1057I,FR030C,2022,422.8,,,FR030C,FR,,2022,cars_per_1000,Number of registered cars per 1000 population
A,TT1057I,FR031C,2015,500.18,,,FR031C,FR,,2015,cars_per_1000,Number of registered cars per 1000 population
A,TT1057I,FR031C,2016,503.57,,,FR031C,FR,,2016,cars_per_1000,Number of registered cars per 1000 population
A,TT1057I,FR031C,2017,504.53,,,FR031C,FR,,2017,cars_per_1000,Number of registered cars per 1000 population
A,TT1057I,FR031C,2018,507.87,,,FR031C,FR,,2018,cars_per_1000,Number of registered cars per 1000 population
A,TT1057I,FR031C,2019,509.31,,,FR031C,FR,,2019,cars_per_1000,Number of registered cars per 1000 population
A,TT1057I,FR031C,2020,516.41,,,FR031C,FR,,2020,cars_per_1000,Number of registered cars per 1000 population
A,TT1057I,FR031C,2021,518.98,,,FR031C,FR,,2021,cars_per_1000,Number of registered cars per 1000 population
A,TT1057I,FR031C,2022,524.36,,,FR031C,FR,,2022,cars_per_1000,Number of registered cars per 1000 population
A,TT1057I,FR032C,2015,544.71,,,FR032C,FR,,2015,cars_per_1000,Number of registered cars per 1000 population
A,TT1057I,FR032C,2016,546.91,,,FR032C,FR,,2016,cars_per_1000,Number of registered cars per 1000 population
A,TT1057I,FR032C,2017,548.58,,,FR032C,FR,,2017,cars_per_1000,Number of registered cars per 1000 population
A,TT1057I,FR032C,2018,553.75,,,FR032C,FR,,2018,cars_per_1000,Number of registered cars per 1000 population
A,TT1057I,FR032C,2019,554.92,,,FR032C,FR,,2019,cars_per_1000,Number of registered cars per 1000 population
A,TT1057I,FR032C,2020,558.24,,,FR032C,FR,,2020,cars_per_1000,Number of registered cars per 1000 population
A,TT1057I,FR032C,2021,562.21,,,FR032C,FR,,2021,cars_per_1000,Number of registered cars per 1000 population
A,TT1057I,FR032C,2022,565.45,,,FR032C,FR,,2022,cars_per_1000,Number of registered cars per 1000 population
A,TT1057I,FR033C,2015,523.66,,,FR033C,FR,,2015,cars_per_1000,Number of registered cars per 1000 population
A,TT1057I,FR033C,2016,526.25,,,FR033C,FR,,2016,cars_per_1000,Number of registered cars per 1000 population
A,TT1057I,FR033C,2017,527.48,,,FR033C,FR,,2017,cars_per_1000,Number of registered cars per 1000 population
A,TT1057I,FR033C,2018,528.22,,,FR033C,FR,,2018,cars_per_1000,Number of registered cars per 1000 population
A,TT1057I,FR033C,2019,530.77,,,FR033C,FR,,2019,cars_per_1000,Number of registered cars per 1000 population
A,TT1057I,FR033C,2020,532.78,,,FR033C,FR,,2020,cars_per_1000,Number of registered cars per 1000 population
A,TT1057I,FR033C,2021,534.05,,,FR033C,FR,,2021,cars_per_1000,Number of registered cars per 1000 population
A,TT1057I,FR033C,2022,540.42,,,FR033C,FR,,2022,cars_per_1000,Number of registered cars per 1000 population
A,TT1057I,FR034C,2015,516.13,,,FR034C,FR,,2015,cars_per_1000,Number of registered cars per 1000 population
A,TT1057I,FR034C,2016,516.52,,,FR034C,FR,,2016,cars_per_1000,Number of registered cars per 1000 population
A,TT1057I,FR034C,2017,519.69,,,FR034C,FR,,2017,cars_per_1000,Number of registered cars per 1000 population
A,TT1057I,FR034C,2018,522.96,,,FR034C,FR,,2018,cars_per_1000,Number of registered cars per 1000 population
A,TT1057I,FR034C,2019,524.89,,,FR034C,FR,,2019,cars_per_1000,Number of registered cars per 1000 population
A,TT1057I,FR034C,2020,529.11,,,FR034C,FR,,2020,cars_per_1000,Number of registered cars per 1000 population
A,TT1057I,FR034C,2021,530.2,,,FR034C,FR,,2021,cars_per_1000,Number of registered cars per 1000 population
A,TT1057I,FR034C,2022,528.39,,,FR034C,FR,,2022,cars_per_1000,Number of registered cars per 1000 population
A,TT1057I,FR035C,2015,434.49,,,FR035C,FR,,2015,cars_per_1000,Number of registered cars per 1000 population
A,TT1057I,FR035C,2016,435.51,,,FR035C,FR,,2016,cars_per_1000,Number of registered cars per 1000 population
A,TT1057I,FR035C,2017,436.73,,,FR035C,FR,,2017,cars_per_1000,Number of registered cars per 1000 population
A,TT1057I,FR035C,2018,439.41,,,FR035C,FR,,2018,cars_per_1000,Number of registered cars per 1000 population
A,TT1057I,FR035C,2019,441.99,,,FR035C,FR,,2019,cars_per_1000,Number of registered cars per 1000 population
A,TT1057I,FR035C,2020,445.51,,,FR035C,FR,,2020,cars_per_1000,Number of registered cars per 1000 population
A,TT1057I,FR035C,2021,448.96,,,FR035C,FR,,2021,cars_per_1000,Number of registered cars per 1000 population
A,TT1057I,FR035C,2022,450.99,,,FR035C,FR,,2022,cars_per_1000,Number of registered cars per 1000 population
A,TT1057I,FR036C,2015,468.93,,,FR036C,FR,,2015,cars_per_1000,Number of registered cars per 1000 population
A,TT1057I,FR036C,2016,473.92,,,FR036C,FR,,2016,cars_per_1000,Number of registered cars per 1000 population
A,TT1057I,FR036C,2017,479.09,,,FR036C,FR,,2017,cars_per_1000,Number of registered cars per 1000 population
A,TT1057I,FR036C,2018,481.19,,,FR036C,FR,,2018,cars_per_1000,Number of registered cars per 1000 population
A,TT1057I,FR036C,2019,482.51,,,FR036C,FR,,2019,cars_per_1000,Number of registered cars per 1000 population
A,TT1057I,FR036C,2020,489.52,,,FR036C,FR,,2020,cars_per_1000,Number of registered cars per 1000 population
A,TT1057I,FR036C,2021,492.15,,,FR036C,FR,,2021,cars_per_1000,Number of registered cars per 1000 population
A,TT1057I,FR036C,2022,496.46,,,FR036C,FR,,2022,cars_per_1000,Number of registered cars per 1000 population
A,TT1057I,FR037C,2015,474.02,,,FR037C,FR,,2015,cars_per_1000,Number of registered cars per 1000 population
A,TT1057I,FR037C,2016,480.9,,,FR037C,FR,,2016,cars_per_1000,Number of registered cars per 1000 population
A,TT1057I,FR037C,2017,486.19,,,FR037C,FR,,2017,cars_per_1000,Number of registered cars per 1000 population
A,TT1057I,FR037C,2018,488.78,,,FR037C,FR,,2018,cars_per_1000,Number of registered cars per 1000 population
A,TT1057I,FR037C,2019,490.22,,,FR037C,FR,,2019,cars_per_1000,Number of registered cars per 1000 population
A,TT1057I,FR037C,2020,495.01,,,FR037C,FR,,2020,cars_per_1000,Number of registered cars per 1000 population
A,TT1057I,FR037C,2021,495.96,,,FR037C,FR,,2021,cars_per_1000,Number of registered cars per 1000 population
A,TT1057I,FR037C,2022,499.51,,,FR037C,FR,,2022,cars_per_1000,Number of registered cars per 1000 population
A,TT1057I,FR038C,2015,555.7,,,FR038C,FR,,2015,cars_per_1000,Number of registered cars per 1000 population
A,TT1057I,FR038C,2016,559.58,,,FR038C,FR,,2016,cars_per_1000,Number of registered cars per 1000 population
A,TT1057I,FR038C,2017,561.54,,,FR038C,FR,,2017,cars_per_1000,Number of registered cars per 1000 population
A,TT1057I,FR038C,2018,563.79,,,FR038C,FR,,2018,cars_per_1000,Number of registered cars per 1000 population
A,TT1057I,FR038C,2019,566.85,,,FR038C,FR,,2019,cars_per_1000,Number of registered cars per 1000 population
A,TT1057I,FR038C,2020,569.29,,,FR038C,FR,,2020,cars_per_1000,Number of registered cars per 1000 population
A,TT1057I,FR038C,2021,568.47,,,FR038C,FR,,2021,cars_per_1000,Number of registered cars per 1000 population
A,TT1057I,FR038C,2022,567.86,,,FR038C,FR,,2022,cars_per_1000,Number of registered cars per 1000 population
A,TT1057I,FR039C,2015,484.89,,,FR039C,FR,,2015,cars_per_1000,Number of registered cars per 1000 population
A,TT1057I,FR039C,2016,484.73,,,FR039C,FR,,2016,cars_per_1000,Number of registered cars per 1000 population
A,TT1057I,FR039C,2017,486.41,,,FR039C,FR,,2017,cars_per_1000,Number of registered cars per 1000 population
A,TT1057I,FR039C,2018,486.94,,,FR039C,FR,,2018,cars_per_1000,Number of registered cars per 1000 population
A,TT1057I,FR039C,2019,488.01,,,FR039C,FR,,2019,cars_per_1000,Number of registered cars per 1000 population
A,TT1057I,FR039C,2020,492.47,,,FR039C,FR,,2020,cars_per_1000,Number of registered cars per 1000 population
A,TT1057I,FR039C,2021,497.55,,,FR039C,FR,,2021,cars_per_1000,Number of registered cars per 1000 population
A,TT1057I,FR039C,2022,500.17,,,FR039C,FR,,2022,cars_per_1000,Number of registered cars per 1000 population
A,TT1057I,FR040C,2015,591.37,,,FR040C,FR,,2015,cars_per_1000,Number of registered cars per 1000 population
A,TT1057I,FR040C,2016,596.68,,,FR040C,FR,,2016,cars_per_1000,Number of registered cars per 1000 population
A,TT1057I,FR040C,2017,600.66,,,FR040C,FR,,2017,cars_per_1000,Number of registered cars per 1000 population
A,TT1057I,FR040C,2018,612.0,,,FR040C,FR,,2018,cars_per_1000,Number of registered cars per 1000 population
A,TT1057I,FR040C,2019,612.7,,,FR040C,FR,,2019,cars_per_1000,Number of registered cars per 1000 population
A,TT1057I,FR040C,2020,619.19,,,FR040C,FR,,2020,cars_per_1000,Number of registered cars per 1000 population
A,TT1057I,FR040C,2021,622.0,,,FR040C,FR,,2021,cars_per_1000,Number of registered cars per 1000 population
A,TT1057I,FR040C,2022,627.65,,,FR040C,FR,,2022,cars_per_1000,Number of registered cars per 1000 population
A,TT1057I,FR041C,2015,566.56,,,FR041C,FR,,2015,cars_per_1000,Number of registered cars per 1000 population
A,TT1057I,FR041C,2016,569.43,,,FR041C,FR,,2016,cars_per_1000,Number of registered cars per 1000 population
A,TT1057I,FR041C,2017,573.96,,,FR041C,FR,,2017,cars_per_1000,Number of registered cars per 1000 population
A,TT1057I,FR041C,2018,579.91,,,FR041C,FR,,2018,cars_per_1000,Number of registered cars per 1000 population
A,TT1057I,FR041C,2019,582.04,,,FR041C,FR,,2019,cars_per_1000,Number of registered cars per 1000 population
A,TT1057I,FR041C,2020,590.65,,,FR041C,FR,,2020,cars_per_1000,Number of registered cars per 1000 population
A,TT1057I,FR041C,2021,596.76,,,FR041C,FR,,2021,cars_per_1000,Number of registered cars per 1000 population
A,TT1057I,FR041C,2022,604.96,,,FR041C,FR,,2022,cars_per_1000,Number of registered cars per 1000 population
A,TT1057I,FR042C,2015,562.7,,,FR042C,FR,,2015,cars_per_1000,Number of registered cars per 1000 population
A,TT1057I,FR042C,2016,567.41,,,FR042C,FR,,2016,cars_per_1000,Number of registered cars per 1000 population
A,TT1057I,FR042C,2017,571.75,,,FR042C,FR,,2017,cars_per_1000,Number of registered cars per 1000 population
A,TT1057I,FR042C,2018,574.68,,,FR042C,FR,,2018,cars_per_1000,Number of registered cars per 1000 population
A,TT1057I,FR042C,2019,577.45,,,FR042C,FR,,2019,cars_per_1000,Number of registered cars per 1000 population
A,TT1057I,FR042C,2020,579.51,,,FR042C,FR,,2020,cars_per_1000,Number of registered cars per 1000 population
A,TT1057I,FR042C,2021,577.14,,,FR042C,FR,,2021,cars_per_1000,Number of registered cars per 1000 population
A,TT1057I,FR042C,2022,575.34,,,FR042C,FR,,2022,cars_per_1000,Number of registered cars per 1000 population
A,TT1057I,FR043C,2015,512.42,,,FR043C,FR,,2015,cars_per_1000,Number of registered cars per 1000 population
A,TT1057I,FR043C,2016,515.77,,,FR043C,FR,,2016,cars_per_1000,Number of registered cars per 1000 population
A,TT1057I,FR043C,2017,516.39,,,FR043C,FR,,2017,cars_per_1000,Number of registered cars per 1000 population
A,TT1057I,FR043C,2018,519.11,,,FR043C,FR,,2018,cars_per_1000,Number of registered cars per 1000 population
A,TT1057I,FR043C,2019,521.6,,,FR043C,FR,,2019,cars_per_1000,Number of registered cars per 1000 population
A,TT1057I,FR043C,2020,526.65,,,FR043C,FR,,2020,cars_per_1000,Number of registered cars per 1000 population
A,TT1057I,FR043C,2021,530.87,,,FR043C,FR,,2021,cars_per_1000,Number of registered cars per 1000 population
A,TT1057I,FR043C,2022,529.86,,,FR043C,FR,,2022,cars_per_1000,Number of registered cars per 1000 population
A,TT1057I,FR044C,2015,477.62,,,FR044C,FR,,2015,cars_per_1000,Number of registered cars per 1000 population
A,TT1057I,FR044C,2016,479.03,,,FR044C,FR,,2016,cars_per_1000,Number of registered cars per 1000 population
A,TT1057I,FR044C,2017,480.17,,,FR044C,FR,,2017,cars_per_1000,Number of registered cars per 1000 population
A,TT1057I,FR044C,2018,480.51,,,FR044C,FR,,2018,cars_per_1000,Number of registered cars per 1000 population
A,TT1057I,FR044C,2019,481.42,,,FR044C,FR,,2019,cars_per_1000,Number of registered cars per 1000 population
A,TT1057I,FR044C,2020,478.14,,,FR044C,FR,,2020,cars_per_1000,Number of registered cars per 1000 population
A,TT1057I,FR044C,2021,481.48,,,FR044C,FR,,2021,cars_per_1000,Number of registered cars per 1000 population
A,TT1057I,FR044C,2022,485.83,,,FR044C,FR,,2022,cars_per_1000,Number of registered cars per 1000 population
A,TT1057I,FR045C,2015,448.82,,,FR045C,FR,,2015,cars_per_1000,Number of registered cars per 1000 population
A,TT1057I,FR045C,2016,453.15,,,FR045C,FR,,2016,cars_per_1000,Number of registered cars per 1000 population
A,TT1057I,FR045C,2017,456.79,,,FR045C,FR,,2017,cars_per_1000,Number of registered cars per 1000 population
A,TT1057I,FR045C,2018,457.83,,,FR045C,FR,,2018,cars_per_1000,Number of registered cars per 1000 population
A,TT1057I,FR045C,2019,458.77,,,FR045C,FR,,2019,cars_per_1000,Number of registered cars per 1000 population
A,TT1057I,FR045C,2020,465.98,,,FR045C,FR,,2020,cars_per_1000,Number of registered cars per 1000 population
A,TT1057I,FR045C,2021,472.08,,,FR045C,FR,,2021,cars_per_1000,Number of registered cars per 1000 population
A,TT1057I,FR045C,2022,482.05,,,FR045C,FR,,2022,cars_per_1000,Number of registered cars per 1000 population
A,TT1057I,FR046C,2015,423.38,,,FR046C,FR,,2015,cars_per_1000,Number of registered cars per 1000 population
A,TT1057I,FR046C,2016,431.55,,,FR046C,FR,,2016,cars_per_1000,Number of registered cars per 1000 population
A,TT1057I,FR046C,2017,439.61,,,FR046C,FR,,2017,cars_per_1000,Number of registered cars per 1000 population
A,TT1057I,FR046C,2018,452.15,,,FR046C,FR,,2018,cars_per_1000,Number of registered cars per 1000 population
A,TT1057I,FR046C,2019,454.14,,,FR046C,FR,,2019,cars_per_1000,Number of registered cars per 1000 population
A,TT1057I,FR046C,2020,460.97,,,FR046C,FR,,2020,cars_per_1000,Number of registered cars per 1000 population
A,TT1057I,FR046C,2021,467.97,,,FR046C,FR,,2021,cars_per_1000,Number of registered cars per 1000 population
A,TT1057I,FR046C,2022,474.22,,,FR046C,FR,,2022,cars_per_1000,Number of registered cars per 1000 population
A,TT1057I,FR047C,2015,524.29,,,FR047C,FR,,2015,cars_per_1000,Number of registered cars per 1000 population
A,TT1057I,FR047C,2016,528.93,,,FR047C,FR,,2016,cars_per_1000,Number of registered cars per 1000 population
A,TT1057I,FR047C,2017,527.84,,,FR047C,FR,,2017,cars_per_1000,Number of registered cars per 1000 population
A,TT1057I,FR047C,2018,526.87,,,FR047C,FR,,2018,cars_per_1000,Number of registered cars per 1000 population
A,TT1057I,FR047C,2019,527.97,,,FR047C,FR,,2019,cars_per_1000,Number of registered cars per 1000 population
A,TT1057I,FR047C,2020,518.96,,,FR047C,FR,,2020,cars_per_1000,Number of registered cars per 1000 population
A,TT1057I,FR047C,2021,515.77,,,FR047C,FR,,2021,cars_per_1000,Number of registered cars per 1000 population
A,TT1057I,FR047C,2022,512.11,,,FR047C,FR,,2022,cars_per_1000,Number of registered cars per 1000 population
A,TT1057I,FR048C,2015,520.57,,,FR048C,FR,,2015,cars_per_1000,Number of registered cars per 1000 population
A,TT1057I,FR048C,2016,521.05,,,FR048C,FR,,2016,cars_per_1000,Number of registered cars per 1000 population
A,TT1057I,FR048C,2017,525.5,,,FR048C,FR,,2017,cars_per_1000,Number of registered cars per 1000 population
A,TT1057I,FR048C,2018,527.91,,,FR048C,FR,,2018,cars_per_1000,Number of registered cars per 1000 population
A,TT1057I,FR048C,2019,530.14,,,FR048C,FR,,2019,cars_per_1000,Number of registered cars per 1000 population
A,TT1057I,FR048C,2020,537.01,,,FR048C,FR,,2020,cars_per_1000,Number of registered cars per 1000 population
A,TT1057I,FR048C,2021,541.31,,,FR048C,FR,,2021,cars_per_1000,Number of registered cars per 1000 population
A,TT1057I,FR048C,2022,543.49,,,FR048C,FR,,2022,cars_per_1000,Number of registered cars per 1000 population
A,TT1057I,FR049C,2015,580.51,,,FR049C,FR,,2015,cars_per_1000,Number of registered cars per 1000 population
A,TT1057I,FR049C,2016,580.82,,,FR049C,FR,,2016,cars_per_1000,Number of registered cars per 1000 population
A,TT1057I,FR049C,2017,585.88,,,FR049C,FR,,2017,cars_per_1000,Number of registered cars per 1000 population
A,TT1057I,FR049C,2018,591.24,,,FR049C,FR,,2018,cars_per_1000,Number of registered cars per 1000 population
A,TT1057I,FR049C,2019,593.84,,,FR049C,FR,,2019,cars_per_1000,Number of registered cars per 1000 population
A,TT1057I,FR049C,2020,596.06,,,FR049C,FR,,2020,cars_per_1000,Number of registered cars per 1000 population
A,TT1057I,FR049C,2021,605.93,,,FR049C,FR,,2021,cars_per_1000,Number of registered cars per 1000 population
A,TT1057I,FR049C,2022,610.11,,,FR049C,FR,,2022,cars_per_1000,Number of registered cars per 1000 population
A,TT1057I,FR050C,2015,536.17,,,FR050C,FR,,2015,cars_per_1000,Number of registered cars per 1000 population
A,TT1057I,FR050C,2016,538.42,,,FR050C,FR,,2016,cars_per_1000,Number of registered cars per 1000 population
A,TT1057I,FR050C,2017,541.56,,,FR050C,FR,,2017,cars_per_1000,Number of registered cars per 1000 population
A,TT1057I,FR050C,2018,545.08,,,FR050C,FR,,2018,cars_per_1000,Number of registered cars per 1000 population
A,TT1057I,FR050C,2019,547.0,,,FR050C,FR,,2019,cars_per_1000,Number of registered cars per 1000 population
A,TT1057I,FR050C,2020,551.64,,,FR050C,FR,,2020,cars_per_1000,Number of registered cars per 1000 population
A,TT1057I,FR050C,2021,556.61,,,FR050C,FR,,2021,cars_per_1000,Number of registered cars per 1000 population
A,TT1057I,FR050C,2022,558.66,,,FR050C,FR,,2022,cars_per_1000,Number of registered cars per 1000 population
A,TT1057I,FR051C,2015,400.58,,,FR051C,FR,,2015,cars_per_1000,Number of registered cars per 1000 population
A,TT1057I,FR051C,2016,402.52,,,FR051C,FR,,2016,cars_per_1000,Number of registered cars per 1000 population
A,TT1057I,FR051C,2017,399.93,,,FR051C,FR,,2017,cars_per_1000,Number of registered cars per 1000 population
A,TT1057I,FR051C,2018,399.68,,,FR051C,FR,,2018,cars_per_1000,Number of registered cars per 1000 population
A,TT1057I,FR051C,2019,399.56,,,FR051C,FR,,2019,cars_per_1000,Number of registered cars per 1000 population
A,TT1057I,FR051C,2020,404.37,,,FR051C,FR,,2020,cars_per_1000,Number of registered cars per 1000 population
A,TT1057I,FR051C,2021,402.11,,,FR051C,FR,,2021,cars_per_1000,Number of registered cars per 1000 population
A,TT1057I,FR051C,2022,403.16,,,FR051C,FR,,2022,cars_per_1000,Number of registered cars per 1000 population
A,TT1057I,FR052C,2015,445.46,,,FR052C,FR,,2015,cars_per_1000,Number of registered cars per 1000 population
A,TT1057I,FR052C,2016,449.09,,,FR052C,FR,,2016,cars_per_1000,Number of registered cars per 1000 population
A,TT1057I,FR052C,2017,454.46,,,FR052C,FR,,2017,cars_per_1000,Number of registered cars per 1000 population
A,TT1057I,FR052C,2018,457.66,,,FR052C,FR,,2018,cars_per_1000,Number of registered cars per 1000 population
A,TT1057I,FR052C,2019,458.16,,,FR052C,FR,,2019,cars_per_1000,Number of registered cars per 1000 population
A,TT1057I,FR052C,2020,462.71,,,FR052C,FR,,2020,cars_per_1000,Number of registered cars per 1000 population
A,TT1057I,FR052C,2021,468.41,,,FR052C,FR,,2021,cars_per_1000,Number of registered cars per 1000 population
A,TT1057I,FR052C,2022,474.54,,,FR052C,FR,,2022,cars_per_1000,Number of registered cars per 1000 population
A,TT1057I,FR053C,2015,426.43,,,FR053C,FR,,2015,cars_per_1000,Number of registered cars per 1000 population
A,TT1057I,FR053C,2016,426.07,,,FR053C,FR,,2016,cars_per_1000,Number of registered cars per 1000 population
A,TT1057I,FR053C,2017,425.25,,,FR053C,FR,,2017,cars_per_1000,Number of registered cars per 1000 population
A,TT1057I,FR053C,2018,426.4,,,FR053C,FR,,2018,cars_per_1000,Number of registered cars per 1000 population
A,TT1057I,FR053C,2019,427.57,,,FR053C,FR,,2019,cars_per_1000,Number of registered cars per 1000 population
A,TT1057I,FR053C,2020,433.13,,,FR053C,FR,,2020,cars_per_1000,Number of registered cars per 1000 population
A,TT1057I,FR053C,2021,432.76,,,FR053C,FR,,2021,cars_per_1000,Number of registered cars per 1000 population
A,TT1057I,FR053C,2022,434.69,,,FR053C,FR,,2022,cars_per_1000,Number of registered cars per 1000 population
A,TT1057I,FR054C,2015,532.13,,,FR054C,FR,,2015,cars_per_1000,Number of registered cars per 1000 population
A,TT1057I,FR054C,2016,532.72,,,FR054C,FR,,2016,cars_per_1000,Number of registered cars per 1000 population
A,TT1057I,FR054C,2017,535.22,,,FR054C,FR,,2017,cars_per_1000,Number of registered cars per 1000 population
A,TT1057I,FR054C,2018,535.83,,,FR054C,FR,,2018,cars_per_1000,Number of registered cars per 1000 population
A,TT1057I,FR054C,2019,536.3,,,FR054C,FR,,2019,cars_per_1000,Number of registered cars per 1000 population
A,TT1057I,FR054C,2020,541.51,,,FR054C,FR,,2020,cars_per_1000,Number of registered cars per 1000 population
A,TT1057I,FR054C,2021,541.61,,,FR054C,FR,,2021,cars_per_1000,Number of registered cars per 1000 population
A,TT1057I,FR054C,2022,542.21,,,FR054C,FR,,2022,cars_per_1000,Number of registered cars per 1000 population
A,TT1057I,FR055C,2015,521.97,,,FR055C,FR,,2015,cars_per_1000,Number of registered cars per 1000 population
A,TT1057I,FR055C,2016,526.29,,,FR055C,FR,,2016,cars_per_1000,Number of registered cars per 1000 population
A,TT1057I,FR055C,2017,528.69,,,FR055C,FR,,2017,cars_per_1000,Number of registered cars per 1000 population
A,TT1057I,FR055C,2018,534.2,,,FR055C,FR,,2018,cars_per_1000,Number of registered cars per 1000 population
A,TT1057I,FR055C,2019,534.17,,,FR055C,FR,,2019,cars_per_1000,Number of registered cars per 1000 population
A,TT1057I,FR055C,2020,539.4,,,FR055C,FR,,2020,cars_per_1000,Number of registered cars per 1000 population
A,TT1057I,FR055C,2021,539.19,,,FR055C,FR,,2021,cars_per_1000,Number of registered cars per 1000 population
A,TT1057I,FR055C,2022,543.08,,,FR055C,FR,,2022,cars_per_1000,Number of registered cars per 1000 population
A,TT1057I,FR056C,2015,533.14,,,FR056C,FR,,2015,cars_per_1000,Number of registered cars per 1000 population
A,TT1057I,FR056C,2016,540.69,,,FR056C,FR,,2016,cars_per_1000,Number of registered cars per 1000 population
A,TT1057I,FR056C,2017,554.84,,,FR056C,FR,,2017,cars_per_1000,Number of registered cars per 1000 population
A,TT1057I,FR056C,2018,564.07,,,FR056C,FR,,2018,cars_per_1000,Number of registered cars per 1000 population
A,TT1057I,FR056C,2019,566.14,,,FR056C,FR,,2019,cars_per_1000,Number of registered cars per 1000 population
A,TT1057I,FR056C,2020,579.53,,,FR056C,FR,,2020,cars_per_1000,Number of registered cars per 1000 population
A,TT1057I,FR056C,2021,578.26,,,FR056C,FR,,2021,cars_per_1000,Number of registered cars per 1000 population
A,TT1057I,FR056C,2022,579.61,,,FR056C,FR,,2022,cars_per_1000,Number of registered cars per 1000 population
A,TT1057I,FR057C,2015,444.85,,,FR057C,FR,,2015,cars_per_1000,Number of registered cars per 1000 population
A,TT1057I,FR057C,2016,450.77,,,FR057C,FR,,2016,cars_per_1000,Number of registered cars per 1000 population
A,TT1057I,FR057C,2017,455.67,,,FR057C,FR,,2017,cars_per_1000,Number of registered cars per 1000 population
A,TT1057I,FR057C,2018,461.4,,,FR057C,FR,,2018,cars_per_1000,Number of registered cars per 1000 population
A,TT1057I,FR057C,2019,462.16,,,FR057C,FR,,2019,cars_per_1000,Number of registered cars per 1000 population
A,TT1057I,FR057C,2020,467.25,,,FR057C,FR,,2020,cars_per_1000,Number of registered cars per 1000 population
A,TT1057I,FR057C,2021,469.93,,,FR057C,FR,,2021,cars_per_1000,Number of registered cars per 1000 population
A,TT1057I,FR057C,2022,473.61,,,FR057C,FR,,2022,cars_per_1000,Number of registered cars per 1000 population
A,TT1057I,FR058C,2015,497.26,,,FR058C,FR,,2015,cars_per_1000,Number of registered cars per 1000 population
A,TT1057I,FR058C,2016,503.57,,,FR058C,FR,,2016,cars_per_1000,Number of registered cars per 1000 population
A,TT1057I,FR058C,2017,510.9,,,FR058C,FR,,2017,cars_per_1000,Number of registered cars per 1000 population
A,TT1057I,FR058C,2018,515.75,,,FR058C,FR,,2018,cars_per_1000,Number of registered cars per 1000 population
A,TT1057I,FR058C,2019,515.8,,,FR058C,FR,,2019,cars_per_1000,Number of registered cars per 1000 population
A,TT1057I,FR058C,2020,519.53,,,FR058C,FR,,2020,cars_per_1000,Number of registered cars per 1000 population
A,TT1057I,FR058C,2021,523.58,,,FR058C,FR,,2021,cars_per_1000,Number of registered cars per 1000 population
A,TT1057I,FR058C,2022,527.42,,,FR058C,FR,,2022,cars_per_1000,Number of registered cars per 1000 population
A,TT1057I,FR059C,2015,373.69,,,FR059C,FR,,2015,cars_per_1000,Number of registered cars per 1000 population
A,TT1057I,FR059C,2016,377.23,,,FR059C,FR,,2016,cars_per_1000,Number of registered cars per 1000 population
A,TT1057I,FR059C,2017,378.36,,,FR059C,FR,,2017,cars_per_1000,Number of registered cars per 1000 population
A,TT1057I,FR059C,2018,376.45,,,FR059C,FR,,2018,cars_per_1000,Number of registered cars per 1000 population
A,TT1057I,FR059C,2019,376.29,,,FR059C,FR,,2019,cars_per_1000,Number of registered cars per 1000 population
A,TT1057I,FR059C,2020,380.88,,,FR059C,FR,,2020,cars_per_1000,Number of registered cars per 1000 population
A,TT1057I,FR059C,2021,379.04,,,FR059C,FR,,2021,cars_per_1000,Number of registered cars per 1000 population
A,TT1057I,FR059C,2022,378.23,,,FR059C,FR,,2022,cars_per_1000,Number of registered cars per 1000 population
A,TT1057I,FR060C,2015,408.11,,,FR060C,FR,,2015,cars_per_1000,Number of registered cars per 1000 population
A,TT1057I,FR060C,2016,412.47,,,FR060C,FR,,2016,cars_per_1000,Number of registered cars per 1000 population
A,TT1057I,FR060C,2017,421.3,,,FR060C,FR,,2017,cars_per_1000,Number of registered cars per 1000 population
A,TT1057I,FR060C,2018,429.59,,,FR060C,FR,,2018,cars_per_1000,Number of registered cars per 1000 population
A,TT1057I,FR060C,2019,430.83,,,FR060C,FR,,2019,cars_per_1000,Number of registered cars per 1000 population
A,TT1057I,FR060C,2020,435.99,,,FR060C,FR,,2020,cars_per_1000,Number of registered cars per 1000 population
A,TT1057I,FR060C,2021,442.3,,,FR060C,FR,,2021,cars_per_1000,Number of registered cars per 1000 population
A,TT1057I,FR060C,2022,446.83,,,FR060C,FR,,2022,cars_per_1000,Number of registered cars per 1000 population
A,TT1057I,FR061C,2015,389.65,,,FR061C,FR,,2015,cars_per_1000,Number of registered cars per 1000 population
A,TT1057I,FR061C,2016,401.29,,,FR061C,FR,,2016,cars_per_1000,Number of registered cars per 1000 population
A,TT1057I,FR061C,2017,406.38,,,FR061C,FR,,2017,cars_per_1000,Number of registered cars per 1000 population
A,TT1057I,FR061C,2018,414.18,,,FR061C,FR,,2018,cars_per_1000,Number of registered cars per 1000 population
A,TT1057I,FR061C,2019,414.94,,,FR061C,FR,,2019,cars_per_1000,Number of registered cars per 1000 population
A,TT1057I,FR061C,2020,453.65,,,FR061C,FR,,2020,cars_per_1000,Number of registered cars per 1000 population
A,TT1057I,FR061C,2021,454.39,,,FR061C,FR,,2021,cars_per_1000,Number of registered cars per 1000 population
A,TT1057I,FR061C,2022,457.19,,,FR061C,FR,,2022,cars_per_1000,Number of registered cars per 1000 population
A,TT1057I,FR062C,2017,72.06,,,FR062C,FR,,2017,cars_per_1000,Number of registered cars per 1000 population
A,TT1057I,FR063C,2015,511.46,,,FR063C,FR,,2015,cars_per_1000,Number of registered cars per 1000 population
A,TT1057I,FR063C,2016,514.15,,,FR063C,FR,,2016,cars_per_1000,Number of registered cars per 1000 population
A,TT1057I,FR063C,2017,516.21,,,FR063C,FR,,2017,cars_per_1000,Number of registered cars per 1000 population
A,TT1057I,FR063C,2018,517.59,,,FR063C,FR,,2018,cars_per_1000,Number of registered cars per 1000 population
A,TT1057I,FR063C,2019,519.12,,,FR063C,FR,,2019,cars_per_1000,Number of registered cars per 1000 population
A,TT1057I,FR063C,2020,520.53,,,FR063C,FR,,2020,cars_per_1000,Number of registered cars per 1000 population
A,TT1057I,FR063C,2021,524.32,,,FR063C,FR,,2021,cars_per_1000,Number of registered cars per 1000 population
A,TT1057I,FR063C,2022,525.66,,,FR063C,FR,,2022,cars_per_1000,Number of registered cars per 1000 population
A,TT1057I,FR064C,2015,473.37,,,FR064C,FR,,2015,cars_per_1000,Number of registered cars per 1000 population
A,TT1057I,FR064C,2016,477.02,,,FR064C,FR,,2016,cars_per_1000,Number of registered cars per 1000 population
A,TT1057I,FR064C,2017,482.0,,,FR064C,FR,,2017,cars_per_1000,Number of registered cars per 1000 population
A,TT1057I,FR064C,2018,485.45,,,FR064C,FR,,2018,cars_per_1000,Number of registered cars per 1000 population
A,TT1057I,FR064C,2019,486.08,,,FR064C,FR,,2019,cars_per_1000,Number of registered cars per 1000 population
A,TT1057I,FR064C,2020,489.42,,,FR064C,FR,,2020,cars_per_1000,Number of registered cars per 1000 population
A,TT1057I,FR064C,2021,491.74,,,FR064C,FR,,2021,cars_per_1000,Number of registered cars per 1000 population
A,TT1057I,FR064C,2022,495.95,,,FR064C,FR,,2022,cars_per_1000,Number of registered cars per 1000 population
A,TT1057I,FR065C,2015,489.88,,,FR065C,FR,,2015,cars_per_1000,Number of registered cars per 1000 population
A,TT1057I,FR065C,2016,494.63,,,FR065C,FR,,2016,cars_per_1000,Number of registered cars per 1000 population
A,TT1057I,FR065C,2017,499.63,,,FR065C,FR,,2017,cars_per_1000,Number of registered cars per 1000 population
A,TT1057I,FR065C,2018,506.51,,,FR065C,FR,,2018,cars_per_1000,Number of registered cars per 1000 population
A,TT1057I,FR065C,2019,508.82,,,FR065C,FR,,2019,cars_per_1000,Number of registered cars per 1000 population
A,TT1057I,FR065C,2020,513.94,,,FR065C,FR,,2020,cars_per_1000,Number of registered cars per 1000 population
A,TT1057I,FR065C,2021,514.57,,,FR065C,FR,,2021,cars_per_1000,Number of registered cars per 1000 population
A,TT1057I,FR065C,2022,518.53,,,FR065C,FR,,2022,cars_per_1000,Number of registered cars per 1000 population
A,TT1057I,FR066C,2015,553.26,,,FR066C,FR,,2015,cars_per_1000,Number of registered cars per 1000 population
A,TT1057I,FR066C,2016,563.16,,,FR066C,FR,,2016,cars_per_1000,Number of registered cars per 1000 population
A,TT1057I,FR066C,2017,565.68,,,FR066C,FR,,2017,cars_per_1000,Number of registered cars per 1000 population
A,TT1057I,FR066C,2018,572.62,,,FR066C,FR,,2018,cars_per_1000,Number of registered cars per 1000 population
A,TT1057I,FR066C,2019,573.74,,,FR066C,FR,,2019,cars_per_1000,Number of registered cars per 1000 population
A,TT1057I,FR066C,2020,577.37,,,FR066C,FR,,2020,cars_per_1000,Number of registered cars per 1000 population
A,TT1057I,FR066C,2021,575.47,,,FR066C,FR,,2021,cars_per_1000,Number of registered cars per 1000 population
A,TT1057I,FR066C,2022,577.88,,,FR066C,FR,,2022,cars_per_1000,Number of registered cars per 1000 population
A,TT1057I,FR067C,2015,398.49,,,FR067C,FR,,2015,cars_per_1000,Number of registered cars per 1000 population
A,TT1057I,FR067C,2016,399.3,,,FR067C,FR,,2016,cars_per_1000,Number of registered cars per 1000 population
A,TT1057I,FR067C,2017,395.93,,,FR067C,FR,,2017,cars_per_1000,Number of registered cars per 1000 population
A,TT1057I,FR067C,2018,399.41,,,FR067C,FR,,2018,cars_per_1000,Number of registered cars per 1000 population
A,TT1057I,FR067C,2019,401.42,,,FR067C,FR,,2019,cars_per_1000,Number of registered cars per 1000 population
A,TT1057I,FR067C,2020,407.89,,,FR067C,FR,,2020,cars_per_1000,Number of registered cars per 1000 population
A,TT1057I,FR067C,2021,409.54,,,FR067C,FR,,2021,cars_per_1000,Number of registered cars per 1000 population
A,TT1057I,FR067C,2022,411.15,,,FR067C,FR,,2022,cars_per_1000,Number of registered cars per 1000 population
A,TT1057I,FR068C,2015,525.13,,,FR068C,FR,,2015,cars_per_1000,Number of registered cars per 1000 population
A,TT1057I,FR068C,2016,531.68,,,FR068C,FR,,2016,cars_per_1000,Number of registered cars per 1000 population
A,TT1057I,FR068C,2017,540.47,,,FR068C,FR,,2017,cars_per_1000,Number of registered cars per 1000 population
A,TT1057I,FR068C,2018,548.56,,,FR068C,FR,,2018,cars_per_1000,Number of registered cars per 1000 population
A,TT1057I,FR068C,2019,550.05,,,FR068C,FR,,2019,cars_per_1000,Number of registered cars per 1000 population
A,TT1057I,FR068C,2020,555.5,,,FR068C,FR,,2020,cars_per_1000,Number of registered cars per 1000 population
A,TT1057I,FR068C,2021,555.79,,,FR068C,FR,,2021,cars_per_1000,Number of registered cars per 1000 population
A,TT1057I,FR068C,2022,556.76,,,FR068C,FR,,2022,cars_per_1000,Number of registered cars per 1000 population
A,TT1057I,FR069C,2015,553.1,,,FR069C,FR,,2015,cars_per_1000,Number of registered cars per 1000 population
A,TT1057I,FR069C,2016,553.41,,,FR069C,FR,,2016,cars_per_1000,Number of registered cars per 1000 population
A,TT1057I,FR069C,2017,559.35,,,FR069C,FR,,2017,cars_per_1000,Number of registered cars per 1000 population
A,TT1057I,FR069C,2018,566.18,,,FR069C,FR,,2018,cars_per_1000,Number of registered cars per 1000 population
A,TT1057I,FR069C,2019,569.03,,,FR069C,FR,,2019,cars_per_1000,Number of registered cars per 1000 population
A,TT1057I,FR069C,2020,573.94,,,FR069C,FR,,2020,cars_per_1000,Number of registered cars per 1000 population
A,TT1057I,FR069C,2021,581.3,,,FR069C,FR,,2021,cars_per_1000,Number of registered cars per 1000 population
A,TT1057I,FR069C,2022,582.31,,,FR069C,FR,,2022,cars_per_1000,Number of registered cars per 1000 population
A,TT1057I,FR070C,2015,581.71,,,FR070C,FR,,2015,cars_per_1000,Number of registered cars per 1000 population
A,TT1057I,FR070C,2016,589.8,,,FR070C,FR,,2016,cars_per_1000,Number of registered cars per 1000 population
A,TT1057I,FR070C,2017,592.27,,,FR070C,FR,,2017,cars_per_1000,Number of registered cars per 1000 population
A,TT1057I,FR070C,2018,597.08,,,FR070C,FR,,2018,cars_per_1000,Number of registered cars per 1000 population
A,TT1057I,FR070C,2019,599.2,,,FR070C,FR,,2019,cars_per_1000,Number of registered cars per 1000 population
A,TT1057I,FR070C,2020,604.26,,,FR070C,FR,,2020,cars_per_1000,Number of registered cars per 1000 population
A,TT1057I,FR070C,2021,604.1,,,FR070C,FR,,2021,cars_per_1000,Number of registered cars per 1000 population
A,TT1057I,FR070C,2022,608.66,,,FR070C,FR,,2022,cars_per_1000,Number of registered cars per 1000 population
A,TT1057I,FR071C,2015,483.35,,,FR071C,FR,,2015,cars_per_1000,Number of registered cars per 1000 population
A,TT1057I,FR071C,2016,488.31,,,FR071C,FR,,2016,cars_per_1000,Number of registered cars per 1000 population
A,TT1057I,FR071C,2017,496.69,,,FR071C,FR,,2017,cars_per_1000,Number of registered cars per 1000 population
A,TT1057I,FR071C,2018,503.39,,,FR071C,FR,,2018,cars_per_1000,Number of registered cars per 1000 population
A,TT1057I,FR071C,2019,504.84,,,FR071C,FR,,2019,cars_per_1000,Number of registered cars per 1000 population
A,TT1057I,FR071C,2020,504.09,,,FR071C,FR,,2020,cars_per_1000,Number of registered cars per 1000 population
A,TT1057I,FR071C,2021,503.67,,,FR071C,FR,,2021,cars_per_1000,Number of registered cars per 1000 population
A,TT1057I,FR071C,2022,500.62,,,FR071C,FR,,2022,cars_per_1000,Number of registered cars per 1000 population
A,TT1057I,FR072C,2015,289.2,,,FR072C,FR,,2015,cars_per_1000,Number of registered cars per 1000 population
A,TT1057I,FR072C,2016,283.38,,,FR072C,FR,,2016,cars_per_1000,Number of registered cars per 1000 population
A,TT1057I,FR072C,2017,278.09,,,FR072C,FR,,2017,cars_per_1000,Number of registered cars per 1000 population
A,TT1057I,FR072C,2018,270.93,,,FR072C,FR,,2018,cars_per_1000,Number of registered cars per 1000 population
A,TT1057I,FR072C,2019,271.28,,,FR072C,FR,,2019,cars_per_1000,Number of registered cars per 1000 population
A,TT1057I,FR072C,2020,271.8,,,FR072C,FR,,2020,cars_per_1000,Number of registered cars per 1000 population
A,TT1057I,FR072C,2021,275.9,,,FR072C,FR,,2021,cars_per_1000,Number of registered cars per 1000 population
A,TT1057I,FR072C,2022,272.34,,,FR072C,FR,,2022,cars_per_1000,Number of registered cars per 1000 population
A,TT1057I,FR073C,2015,528.7,,,FR073C,FR,,2015,cars_per_1000,Number of registered cars per 1000 population
A,TT1057I,FR073C,2016,535.15,,,FR073C,FR,,2016,cars_per_1000,Number of registered cars per 1000 population
A,TT1057I,FR073C,2017,540.8,,,FR073C,FR,,2017,cars_per_1000,Number of registered cars per 1000 population
A,TT1057I,FR073C,2018,546.9,,,FR073C,FR,,2018,cars_per_1000,Number of registered cars per 1000 population
A,TT1057I,FR073C,2019,547.04,,,FR073C,FR,,2019,cars_per_1000,Number of registered cars per 1000 population
A,TT1057I,FR073C,2020,559.28,,,FR073C,FR,,2020,cars_per_1000,Number of registered cars per 1000 population
A,TT1057I,FR073C,2021,564.15,,,FR073C,FR,,2021,cars_per_1000,Number of registered cars per 1000 population
A,TT1057I,FR073C,2022,570.81,,,FR073C,FR,,2022,cars_per_1000,Number of registered cars per 1000 population
A,TT1057I,FR074C,2015,313.75,,,FR074C,FR,,2015,cars_per_1000,Number of registered cars per 1000 population
A,TT1057I,FR074C,2016,323.75,,,FR074C,FR,,2016,cars_per_1000,Number of registered cars per 1000 population
A,TT1057I,FR074C,2017,330.89,,,FR074C,FR,,2017,cars_per_1000,Number of registered cars per 1000 population
A,TT1057I,FR074C,2018,336.6,,,FR074C,FR,,2018,cars_per_1000,Number of registered cars per 1000 population
A,TT1057I,FR074C,2019,338.63,,,FR074C,FR,,2019,cars_per_1000,Number of registered cars per 1000 population
A,TT1057I,FR074C,2020,348.34,,,FR074C,FR,,2020,cars_per_1000,Number of registered cars per 1000 population
A,TT1057I,FR074C,2021,360.01,,,FR074C,FR,,2021,cars_per_1000,Number of registered cars per 1000 population
A,TT1057I,FR074C,2022,367.1,,,FR074C,FR,,2022,cars_per_1000,Number of registered cars per 1000 population
A,TT1057I,FR075C,2015,558.74,,,FR075C,FR,,2015,cars_per_1000,Number of registered cars per 1000 population
A,TT1057I,FR075C,2016,567.63,,,FR075C,FR,,2016,cars_per_1000,Number of registered cars per 1000 population
A,TT1057I,FR075C,2017,571.97,,,FR075C,FR,,2017,cars_per_1000,Number of registered cars per 1000 population
A,TT1057I,FR075C,2018,571.48,,,FR075C,FR,,2018,cars_per_1000,Number of registered cars per 1000 population
A,TT1057I,FR075C,2019,575.2,,,FR075C,FR,,2019,cars_per_1000,Number of registered cars per 1000 population
A,TT1057I,FR075C,2020,584.17,,,FR075C,FR,,2020,cars_per_1000,Number of registered cars per 1000 population
A,TT1057I,FR075C,2021,582.1,,,FR075C,FR,,2021,cars_per_1000,Number of registered cars per 1000 population
A,TT1057I,FR075C,2022,580.73,,,FR075C,FR,,2022,cars_per_1000,Number of registered cars per 1000 population
A,TT1057I,FR076C,2015,503.22,,,FR076C,FR,,2015,cars_per_1000,Number of registered cars per 1000 population
A,TT1057I,FR076C,2016,506.25,,,FR076C,FR,,2016,cars_per_1000,Number of registered cars per 1000 population
A,TT1057I,FR076C,2017,502.15,,,FR076C,FR,,2017,cars_per_1000,Number of registered cars per 1000 population
A,TT1057I,FR076C,2018,503.48,,,FR076C,FR,,2018,cars_per_1000,Number of registered cars per 1000 population
A,TT1057I,FR076C,2019,506.46,,,FR076C,FR,,2019,cars_per_1000,Number of registered cars per 1000 population
A,TT1057I,FR076C,2020,502.0,,,FR076C,FR,,2020,cars_per_1000,Number of registered cars per 1000 population
A,TT1057I,FR076C,2021,500.85,,,FR076C,FR,,2021,cars_per_1000,Number of registered cars per 1000 population
A,TT1057I,FR076C,2022,497.71,,,FR076C,FR,,2022,cars_per_1000,Number of registered cars per 1000 population
A,TT1057I,FR077C,2015,553.92,,,FR077C,FR,,2015,cars_per_1000,Number of registered cars per 1000 population
A,TT1057I,FR077C,2016,554.5,,,FR077C,FR,,2016,cars_per_1000,Number of registered cars per 1000 population
A,TT1057I,FR077C,2017,550.87,,,FR077C,FR,,2017,cars_per_1000,Number of registered cars per 1000 population
A,TT1057I,FR077C,2018,557.41,,,FR077C,FR,,2018,cars_per_1000,Number of registered cars per 1000 population
A,TT1057I,FR077C,2019,555.36,,,FR077C,FR,,2019,cars_per_1000,Number of registered cars per 1000 population
A,TT1057I,FR077C,2020,560.4,,,FR077C,FR,,2020,cars_per_1000,Number of registered cars per 1000 population
A,TT1057I,FR077C,2021,559.6,,,FR077C,FR,,2021,cars_per_1000,Number of registered cars per 1000 population
A,TT1057I,FR077C,2022,562.8,,,FR077C,FR,,2022,cars_per_1000,Number of registered cars per 1000 population
A,TT1057I,HR001C,2015,298.19,,,HR001C,HR,,2015,cars_per_1000,Number of registered cars per 1000 population
A,TT1057I,HR001C,2016,306.34,,,HR001C,HR,,2016,cars_per_1000,Number of registered cars per 1000 population
A,TT1057I,HR001C,2017,312.97,,,HR001C,HR,,2017,cars_per_1000,Number of registered cars per 1000 population
A,TT1057I,HR001C,2018,351.02,,,HR001C,HR,,2018,cars_per_1000,Number of registered cars per 1000 population
A,TT1057I,HR001C,2019,360.29,,,HR001C,HR,,2019,cars_per_1000,Number of registered cars per 1000 population
A,TT1057I,HR001C,2020,366.95,,,HR001C,HR,,2020,cars_per_1000,Number of registered cars per 1000 population
A,TT1057I,HR001C,2021,342.53,e,,HR001C,HR,,2021,cars_per_1000,Number of registered cars per 1000 population
A,TT1057I,HR001C,2022,366.88,e,,HR001C,HR,,2022,cars_per_1000,Number of registered cars per 1000 population
A,TT1057I,HR002C,2015,365.94,,,HR002C,HR,,2015,cars_per_1000,Number of registered cars per 1000 population
A,TT1057I,HR002C,2016,377.31,,,HR002C,HR,,2016,cars_per_1000,Number of registered cars per 1000 population
A,TT1057I,HR002C,2017,385.74,,,HR002C,HR,,2017,cars_per_1000,Number of registered cars per 1000 population
A,TT1057I,HR002C,2018,435.43,,,HR002C,HR,,2018,cars_per_1000,Number of registered cars per 1000 population
A,TT1057I,HR002C,2019,445.3,,,HR002C,HR,,2019,cars_per_1000,Number of registered cars per 1000 population
A,TT1057I,HR002C,2020,454.98,,,HR002C,HR,,2020,cars_per_1000,Number of registered cars per 1000 population
A,TT1057I,HR002C,2021,422.88,e,,HR002C,HR,,2021,cars_per_1000,Number of registered cars per 1000 population
A,TT1057I,HR002C,2022,458.37,e,,HR002C,HR,,2022,cars_per_1000,Number of registered cars per 1000 population
A,TT1057I,HR003C,2015,279.31,,,HR003C,HR,,2015,cars_per_1000,Number of registered cars per 1000 population
A,TT1057I,HR003C,2016,289.67,,,HR003C,HR,,2016,cars_per_1000,Number of registered cars per 1000 population
A,TT1057I,HR003C,2017,299.83,,,HR003C,HR,,2017,cars_per_1000,Number of registered cars per 1000 population
A,TT1057I,HR003C,2018,364.42,,,HR003C,HR,,2018,cars_per_1000,Number of registered cars per 1000 population
A,TT1057I,HR003C,2019,379.03,,,HR003C,HR,,2019,cars_per_1000,Number of registered cars per 1000 population
A,TT1057I,HR003C,2020,390.02,,,HR003C,HR,,2020,cars_per_1000,Number of registered cars per 1000 population
A,TT1057I,HR003C,2021,349.58,e,,HR003C,HR,,2021,cars_per_1000,Number of registered cars per 1000 population
A,TT1057I,HR003C,2022,376.89,e,,HR003C,HR,,2022,cars_per_1000,Number of registered cars per 1000 population
A,TT1057I,HR004C,2015,270.93,,,HR004C,HR,,2015,cars_per_1000,Number of registered cars per 1000 population
A,TT1057I,HR004C,2016,279.95,,,HR004C,HR,,2016,cars_per_1000,Number of registered cars per 1000 population
A,TT1057I,HR004C,2017,286.11,,,HR004C,HR,,2017,cars_per_1000,Number of registered cars per 1000 population
A,TT1057I,HR004C,2018,329.77,,,HR004C,HR,,2018,cars_per_1000,Number of registered cars per 1000 population
A,TT1057I,HR004C,2019,340.61,,,HR004C,HR,,2019,cars_per_1000,Number of registered cars per 1000 population
A,TT1057I,HR004C,2020,349.27,,,HR004C,HR,,2020,cars_per_1000,Number of registered cars per 1000 population
A,TT1057I,HR004C,2021,324.09,e,,HR004C,HR,,2021,cars_per_1000,Number of registered cars per 1000 population
A,TT1057I,HR004C,2022,353.71,e,,HR004C,HR,,2022,cars_per_1000,Number of registered cars per 1000 population
A,TT1057I,HR005C,2015,321.42,,,HR005C,HR,,2015,cars_per_1000,Number of registered cars per 1000 population
A,TT1057I,HR005C,2016,333.0,,,HR005C,HR,,2016,cars_per_1000,Number of registered cars per 1000 population
A,TT1057I,HR005C,2017,342.65,,,HR005C,HR,,2017,cars_per_1000,Number of registered cars per 1000 population
A,TT1057I,HR005C,2018,413.13,,,HR005C,HR,,2018,cars_per_1000,Number of registered cars per 1000 population
A,TT1057I,HR005C,2019,424.91,,,HR005C,HR,,2019,cars_per_1000,Number of registered cars per 1000 population
A,TT1057I,HR005C,2020,428.15,,,HR005C,HR,,2020,cars_per_1000,Number of registered cars per 1000 population
A,TT1057I,HR005C,2021,375.14,e,,HR005C,HR,,2021,cars_per_1000,Number of registered cars per 1000 population
A,TT1057I,HR005C,2022,402.12,e,,HR005C,HR,,2022,cars_per_1000,Number of registered cars per 1000 population
A,TT1057I,HR006C,2015,386.23,,,HR006C,HR,,2015,cars_per_1000,Number of registered cars per 1000 population
A,TT1057I,HR006C,2016,427.61,,,HR006C,HR,,2016,cars_per_1000,Number of registered cars per 1000 population
A,TT1057I,HR006C,2017,407.05,,,HR006C,HR,,2017,cars_per_1000,Number of registered cars per 1000 population
A,TT1057I,HR006C,2018,490.82,,,HR006C,HR,,2018,cars_per_1000,Number of registered cars per 1000 population
A,TT1057I,HR006C,2019,496.69,,,HR006C,HR,,2019,cars_per_1000,Number of registered cars per 1000 population
A,TT1057I,HR006C,2020,498.04,,,HR006C,HR,,2020,cars_per_1000,Number of registered cars per 1000 population
A,TT1057I,HR006C,2021,430.99,e,,HR006C,HR,,2021,cars_per_1000,Number of registered cars per 1000 population
A,TT1057I,HR006C,2022,474.68,e,,HR006C,HR,,2022,cars_per_1000,Number of registered cars per 1000 population
A,TT1057I,HR007C,2015,289.79,,,HR007C,HR,,2015,cars_per_1000,Number of registered cars per 1000 population
A,TT1057I,HR007C,2016,298.4,,,HR007C,HR,,2016,cars_per_1000,Number of registered cars per 1000 population
A,TT1057I,HR007C,2017,331.12,,,HR007C,HR,,2017,cars_per_1000,Number of registered cars per 1000 population
A,TT1057I,HR007C,2018,395.32,,,HR007C,HR,,2018,cars_per_1000,Number of registered cars per 1000 population
A,TT1057I,HR007C,2019,408.24,,,HR007C,HR,,2019,cars_per_1000,Number of registered cars per 1000 population
A,TT1057I,HR007C,2020,413.91,,,HR007C,HR,,2020,cars_per_1000,Number of registered cars per 1000 population
A,TT1057I,HR007C,2021,373.76,e,,HR007C,HR,,2021,cars_per_1000,Number of registered cars per 1000 population
A,TT1057I,HR007C,2022,405.51,e,,HR007C,HR,,2022,cars_per_1000,Number of registered cars per 1000 population
A,TT1057I,HU,2015,324.37,,,HU,HU,,2015,cars_per_1000,Number of registered cars per 1000 population
A,TT1057I,HU,2016,337.0,,,HU,HU,,2016,cars_per_1000,Number of registered cars per 1000 population
A,TT1057I,HU,2017,354.34,,,HU,HU,,2017,cars_per_1000,Number of registered cars per 1000 population
A,TT1057I,HU,2018,372.44,,,HU,HU,,2018,cars_per_1000,Number of registered cars per 1000 population
A,TT1057I,HU001C,2015,339.86,,,HU001C,HU,,2015,cars_per_1000,Number of registered cars per 1000 population
A,TT1057I,HU001C,2016,347.81,,,HU001C,HU,,2016,cars_per_1000,Number of registered cars per 1000 population
A,TT1057I,HU001C,2017,361.47,,,HU001C,HU,,2017,cars_per_1000,Number of registered cars per 1000 population
A,TT1057I,HU001C,2018,376.92,,,HU001C,HU,,2018,cars_per_1000,Number of registered cars per 1000 population
A,TT1057I,HU001C,2019,390.46,,,HU001C,HU,,2019,cars_per_1000,Number of registered cars per 1000 population
A,TT1057I,HU001C,2020,394.56,,,HU001C,HU,,2020,cars_per_1000,Number of registered cars per 1000 population
A,TT1057I,HU001C,2021,407.73,,,HU001C,HU,,2021,cars_per_1000,Number of registered cars per 1000 population
A,TT1057I,HU001C,2022,416.41,,,HU001C,HU,,2022,cars_per_1000,Number of registered cars per 1000 population
A,TT1057I,HU001C,2023,426.42,,,HU001C,HU,,2023,cars_per_1000,Number of registered cars per 1000 population
A,TT1057I,HU002C,2015,284.35,,,HU002C,HU,,2015,cars_per_1000,Number of registered cars per 1000 population
A,TT1057I,HU002C,2016,295.71,,,HU002C,HU,,2016,cars_per_1000,Number of registered cars per 1000 population
A,TT1057I,HU002C,2017,309.62,,,HU002C,HU,,2017,cars_per_1000,Number of registered cars per 1000 population
A,TT1057I,HU002C,2018,326.34,,,HU002C,HU,,2018,cars_per_1000,Number of registered cars per 1000 population
A,TT1057I,HU002C,2019,341.51,,,HU002C,HU,,2019,cars_per_1000,Number of registered cars per 1000 population
A,TT1057I,HU002C,2020,355.41,,,HU002C,HU,,2020,cars_per_1000,Number of registered cars per 1000 population
A,TT1057I,HU002C,2021,369.45,,,HU002C,HU,,2021,cars_per_1000,Number of registered cars per 1000 population
A,TT1057I,HU002C,2022,382.05,,,HU002C,HU,,2022,cars_per_1000,Number of registered cars per 1000 population
A,TT1057I,HU002C,2023,383.28,,,HU002C,HU,,2023,cars_per_1000,Number of registered cars per 1000 population
A,TT1057I,HU003C,2015,335.29,,,HU003C,HU,,2015,cars_per_1000,Number of registered cars per 1000 population
A,TT1057I,HU003C,2016,349.17,,,HU003C,HU,,2016,cars_per_1000,Number of registered cars per 1000 population
A,TT1057I,HU003C,2017,365.71,,,HU003C,HU,,2017,cars_per_1000,Number of registered cars per 1000 population
A,TT1057I,HU003C,2018,382.55,,,HU003C,HU,,2018,cars_per_1000,Number of registered cars per 1000 population
A,TT1057I,HU003C,2019,397.96,,,HU003C,HU,,2019,cars_per_1000,Number of registered cars per 1000 population
A,TT1057I,HU003C,2020,408.51,,,HU003C,HU,,2020,cars_per_1000,Number of registered cars per 1000 population
A,TT1057I,HU003C,2021,417.09,,,HU003C,HU,,2021,cars_per_1000,Number of registered cars per 1000 population
A,TT1057I,HU003C,2022,428.61,,,HU003C,HU,,2022,cars_per_1000,Number of registered cars per 1000 population
A,TT1057I,HU003C,2023,435.78,,,HU003C,HU,,2023,cars_per_1000,Number of registered cars per 1000 population
A,TT1057I,HU004C,2015,329.68,,,HU004C,HU,,2015,cars_per_1000,Number of registered cars per 1000 population
A,TT1057I,HU004C,2016,337.36,,,HU004C,HU,,2016,cars_per_1000,Number of registered cars per 1000 population
A,TT1057I,HU004C,2017,351.21,,,HU004C,HU,,2017,cars_per_1000,Number of registered cars per 1000 population
A,TT1057I,HU004C,2018,363.43,,,HU004C,HU,,2018,cars_per_1000,Number of registered cars per 1000 population
A,TT1057I,HU004C,2019,378.31,,,HU004C,HU,,2019,cars_per_1000,Number of registered cars per 1000 population
A,TT1057I,HU004C,2020,388.58,,,HU004C,HU,,2020,cars_per_1000,Number of registered cars per 1000 population
A,TT1057I,HU004C,2021,401.87,,,HU004C,HU,,2021,cars_per_1000,Number of registered cars per 1000 population
A,TT1057I,HU004C,2022,411.44,,,HU004C,HU,,2022,cars_per_1000,Number of registered cars per 1000 population
A,TT1057I,HU004C,2023,398.37,,,HU004C,HU,,2023,cars_per_1000,Number of registered cars per 1000 population
A,TT1057I,HU005C,2015,316.92,,,HU005C,HU,,2015,cars_per_1000,Number of registered cars per 1000 population
A,TT1057I,HU005C,2016,327.8,,,HU005C,HU,,2016,cars_per_1000,Number of registered cars per 1000 population
A,TT1057I,HU005C,2017,342.63,,,HU005C,HU,,2017,cars_per_1000,Number of registered cars per 1000 population
A,TT1057I,HU005C,2018,355.12,,,HU005C,HU,,2018,cars_per_1000,Number of registered cars per 1000 population
A,TT1057I,HU005C,2019,370.61,,,HU005C,HU,,2019,cars_per_1000,Number of registered cars per 1000 population
A,TT1057I,HU005C,2020,383.33,,,HU005C,HU,,2020,cars_per_1000,Number of registered cars per 1000 population
A,TT1057I,HU005C,2021,391.92,,,HU005C,HU,,2021,cars_per_1000,Number of registered cars per 1000 population
A,TT1057I,HU005C,2022,399.08,,,HU005C,HU,,2022,cars_per_1000,Number of registered cars per 1000 population
A,TT1057I,HU005C,2023,396.85,,,HU005C,HU,,2023,cars_per_1000,Number of registered cars per 1000 population
A,TT1057I,HU006C,2015,301.65,,,HU006C,HU,,2015,cars_per_1000,Number of registered cars per 1000 population
A,TT1057I,HU006C,2016,308.71,,,HU006C,HU,,2016,cars_per_1000,Number of registered cars per 1000 population
A,TT1057I,HU006C,2017,327.36,,,HU006C,HU,,2017,cars_per_1000,Number of registered cars per 1000 population
A,TT1057I,HU006C,2018,342.23,,,HU006C,HU,,2018,cars_per_1000,Number of registered cars per 1000 population
A,TT1057I,HU006C,2019,355.22,,,HU006C,HU,,2019,cars_per_1000,Number of registered cars per 1000 population
A,TT1057I,HU006C,2020,364.92,,,HU006C,HU,,2020,cars_per_1000,Number of registered cars per 1000 population
A,TT1057I,HU006C,2021,376.33,,,HU006C,HU,,2021,cars_per_1000,Number of registered cars per 1000 population
A,TT1057I,HU006C,2022,384.76,,,HU006C,HU,,2022,cars_per_1000,Number of registered cars per 1000 population
A,TT1057I,HU006C,2023,378.37,,,HU006C,HU,,2023,cars_per_1000,Number of registered cars per 1000 population
A,TT1057I,HU007C,2015,353.66,,,HU007C,HU,,2015,cars_per_1000,Number of registered cars per 1000 population
A,TT1057I,HU007C,2016,364.25,,,HU007C,HU,,2016,cars_per_1000,Number of registered cars per 1000 population
A,TT1057I,HU007C,2017,380.7,,,HU007C,HU,,2017,cars_per_1000,Number of registered cars per 1000 population
A,TT1057I,HU007C,2018,391.73,,,HU007C,HU,,2018,cars_per_1000,Number of registered cars per 1000 population
A,TT1057I,HU007C,2019,398.95,,,HU007C,HU,,2019,cars_per_1000,Number of registered cars per 1000 population
A,TT1057I,HU007C,2020,401.83,,,HU007C,HU,,2020,cars_per_1000,Number of registered cars per 1000 population
A,TT1057I,HU007C,2021,421.61,,,HU007C,HU,,2021,cars_per_1000,Number of registered cars per 1000 population
A,TT1057I,HU007C,2022,438.01,,,HU007C,HU,,2022,cars_per_1000,Number of registered cars per 1000 population
A,TT1057I,HU007C,2023,453.83,,,HU007C,HU,,2023,cars_per_1000,Number of registered cars per 1000 population
A,TT1057I,HU008C,2015,365.31,,,HU008C,HU,,2015,cars_per_1000,Number of registered cars per 1000 population
A,TT1057I,HU008C,2016,386.72,,,HU008C,HU,,2016,cars_per_1000,Number of registered cars per 1000 population
A,TT1057I,HU008C,2017,400.53,,,HU008C,HU,,2017,cars_per_1000,Number of registered cars per 1000 population
A,TT1057I,HU008C,2018,420.62,,,HU008C,HU,,2018,cars_per_1000,Number of registered cars per 1000 population
A,TT1057I,HU008C,2019,435.57,,,HU008C,HU,,2019,cars_per_1000,Number of registered cars per 1000 population
A,TT1057I,HU008C,2020,447.71,,,HU008C,HU,,2020,cars_per_1000,Number of registered cars per 1000 population
A,TT1057I,HU008C,2021,464.29,,,HU008C,HU,,2021,cars_per_1000,Number of registered cars per 1000 population
A,TT1057I,HU008C,2022,468.51,,,HU008C,HU,,2022,cars_per_1000,Number of registered cars per 1000 population
A,TT1057I,HU008C,2023,471.25,,,HU008C,HU,,2023,cars_per_1000,Number of registered cars per 1000 population
A,TT1057I,HU009C,2015,386.22,,,HU009C,HU,,2015,cars_per_1000,Number of registered cars per 1000 population
A,TT1057I,HU009C,2016,400.98,,,HU009C,HU,,2016,cars_per_1000,Number of registered cars per 1000 population
A,TT1057I,HU009C,2017,420.7,,,HU009C,HU,,2017,cars_per_1000,Number of registered cars per 1000 population
A,TT1057I,HU009C,2018,439.55,,,HU009C,HU,,2018,cars_per_1000,Number of registered cars per 1000 population
A,TT1057I,HU009C,2019,456.59,,,HU009C,HU,,2019,cars_per_1000,Number of registered cars per 1000 population
A,TT1057I,HU009C,2020,460.38,,,HU009C,HU,,2020,cars_per_1000,Number of registered cars per 1000 population
A,TT1057I,HU009C,2021,469.78,,,HU009C,HU,,2021,cars_per_1000,Number of registered cars per 1000 population
A,TT1057I,HU009C,2022,476.52,,,HU009C,HU,,2022,cars_per_1000,Number of registered cars per 1000 population
A,TT1057I,HU009C,2023,459.45,,,HU009C,HU,,2023,cars_per_1000,Number of registered cars per 1000 population
A,TT1057I,HU010C,2015,380.85,,,HU010C,HU,,2015,cars_per_1000,Number of registered cars per 1000 population
A,TT1057I,HU010C,2016,391.03,,,HU010C,HU,,2016,cars_per_1000,Number of registered cars per 1000 population
A,TT1057I,HU010C,2017,404.65,,,HU010C,HU,,2017,cars_per_1000,Number of registered cars per 1000 population
A,TT1057I,HU010C,2018,419.32,,,HU010C,HU,,2018,cars_per_1000,Number of registered cars per 1000 population
A,TT1057I,HU010C,2019,431.22,,,HU010C,HU,,2019,cars_per_1000,Number of registered cars per 1000 population
A,TT1057I,HU010C,2020,438.31,,,HU010C,HU,,2020,cars_per_1000,Number of registered cars per 1000 population
A,TT1057I,HU010C,2021,447.28,,,HU010C,HU,,2021,cars_per_1000,Number of registered cars per 1000 population
A,TT1057I,HU010C,2022,458.38,,,HU010C,HU,,2022,cars_per_1000,Number of registered cars per 1000 population
A,TT1057I,HU010C,2023,460.23,,,HU010C,HU,,2023,cars_per_1000,Number of registered cars per 1000 population
A,TT1057I,HU011C,2015,300.95,,,HU011C,HU,,2015,cars_per_1000,Number of registered cars per 1000 population
A,TT1057I,HU011C,2016,309.87,,,HU011C,HU,,2016,cars_per_1000,Number of registered cars per 1000 population
A,TT1057I,HU011C,2017,326.77,,,HU011C,HU,,2017,cars_per_1000,Number of registered cars per 1000 population
A,TT1057I,HU011C,2018,347.17,,,HU011C,HU,,2018,cars_per_1000,Number of registered cars per 1000 population
A,TT1057I,HU011C,2019,357.47,,,HU011C,HU,,2019,cars_per_1000,Number of registered cars per 1000 population
A,TT1057I,HU011C,2020,371.62,,,HU011C,HU,,2020,cars_per_1000,Number of registered cars per 1000 population
A,TT1057I,HU011C,2021,382.73,,,HU011C,HU,,2021,cars_per_1000,Number of registered cars per 1000 population
A,TT1057I,HU011C,2022,391.56,,,HU011C,HU,,2022,cars_per_1000,Number of registered cars per 1000 population
A,TT1057I,HU011C,2023,396.45,,,HU011C,HU,,2023,cars_per_1000,Number of registered cars per 1000 population
A,TT1057I,HU012C,2015,333.4,,,HU012C,HU,,2015,cars_per_1000,Number of registered cars per 1000 population
A,TT1057I,HU012C,2016,351.56,,,HU012C,HU,,2016,cars_per_1000,Number of registered cars per 1000 population
A,TT1057I,HU012C,2017,371.76,,,HU012C,HU,,2017,cars_per_1000,Number of registered cars per 1000 population
A,TT1057I,HU012C,2018,391.21,,,HU012C,HU,,2018,cars_per_1000,Number of registered cars per 1000 population
A,TT1057I,HU012C,2019,421.35,,,HU012C,HU,,2019,cars_per_1000,Number of registered cars per 1000 population
A,TT1057I,HU012C,2020,414.81,,,HU012C,HU,,2020,cars_per_1000,Number of registered cars per 1000 population
A,TT1057I,HU012C,2021,437.93,,,HU012C,HU,,2021,cars_per_1000,Number of registered cars per 1000 population
A,TT1057I,HU012C,2022,433.7,,,HU012C,HU,,2022,cars_per_1000,Number of registered cars per 1000 population
A,TT1057I,HU012C,2023,418.5,,,HU012C,HU,,2023,cars_per_1000,Number of registered cars per 1000 population
A,TT1057I,HU013C,2015,340.84,,,HU013C,HU,,2015,cars_per_1000,Number of registered cars per 1000 population
A,TT1057I,HU013C,2016,355.36,,,HU013C,HU,,2016,cars_per_1000,Number of registered cars per 1000 population
A,TT1057I,HU013C,2017,374.12,,,HU013C,HU,,2017,cars_per_1000,Number of registered cars per 1000 population
A,TT1057I,HU013C,2018,388.64,,,HU013C,HU,,2018,cars_per_1000,Number of registered cars per 1000 population
A,TT1057I,HU013C,2019,401.69,,,HU013C,HU,,2019,cars_per_1000,Number of registered cars per 1000 population
A,TT1057I,HU013C,2020,413.07,,,HU013C,HU,,2020,cars_per_1000,Number of registered cars per 1000 population
A,TT1057I,HU013C,2021,439.01,,,HU013C,HU,,2021,cars_per_1000,Number of registered cars per 1000 population
A,TT1057I,HU013C,2022,437.48,,,HU013C,HU,,2022,cars_per_1000,Number of registered cars per 1000 population
A,TT1057I,HU013C,2023,430.86,,,HU013C,HU,,2023,cars_per_1000,Number of registered cars per 1000 population
A,TT1057I,HU014C,2015,335.96,,,HU014C,HU,,2015,cars_per_1000,Number of registered cars per 1000 population
A,TT1057I,HU014C,2016,340.2,,,HU014C,HU,,2016,cars_per_1000,Number of registered cars per 1000 population
A,TT1057I,HU014C,2017,357.51,,,HU014C,HU,,2017,cars_per_1000,Number of registered cars per 1000 population
A,TT1057I,HU014C,2018,373.89,,,HU014C,HU,,2018,cars_per_1000,Number of registered cars per 1000 population
A,TT1057I,HU014C,2019,389.86,,,HU014C,HU,,2019,cars_per_1000,Number of registered cars per 1000 population
A,TT1057I,HU014C,2020,402.82,,,HU014C,HU,,2020,cars_per_1000,Number of registered cars per 1000 population
A,TT1057I,HU014C,2021,418.43,,,HU014C,HU,,2021,cars_per_1000,Number of registered cars per 1000 population
A,TT1057I,HU014C,2022,426.8,,,HU014C,HU,,2022,cars_per_1000,Number of registered cars per 1000 population
A,TT1057I,HU014C,2023,445.92,,,HU014C,HU,,2023,cars_per_1000,Number of registered cars per 1000 population
A,TT1057I,HU015C,2015,337.72,,,HU015C,HU,,2015,cars_per_1000,Number of registered cars per 1000 population
A,TT1057I,HU015C,2016,345.57,,,HU015C,HU,,2016,cars_per_1000,Number of registered cars per 1000 population
A,TT1057I,HU015C,2017,364.15,,,HU015C,HU,,2017,cars_per_1000,Number of registered cars per 1000 population
A,TT1057I,HU015C,2018,384.58,,,HU015C,HU,,2018,cars_per_1000,Number of registered cars per 1000 population
A,TT1057I,HU015C,2019,401.05,,,HU015C,HU,,2019,cars_per_1000,Number of registered cars per 1000 population
A,TT1057I,HU015C,2020,409.09,,,HU015C,HU,,2020,cars_per_1000,Number of registered cars per 1000 population
A,TT1057I,HU015C,2021,424.44,,,HU015C,HU,,2021,cars_per_1000,Number of registered cars per 1000 population
A,TT1057I,HU015C,2022,437.18,,,HU015C,HU,,2022,cars_per_1000,Number of registered cars per 1000 population
A,TT1057I,HU015C,2023,438.32,,,HU015C,HU,,2023,cars_per_1000,Number of registered cars per 1000 population
A,TT1057I,HU016C,2015,325.18,,,HU016C,HU,,2015,cars_per_1000,Number of registered cars per 1000 population
A,TT1057I,HU016C,2016,335.24,,,HU016C,HU,,2016,cars_per_1000,Number of registered cars per 1000 population
A,TT1057I,HU016C,2017,354.94,,,HU016C,HU,,2017,cars_per_1000,Number of registered cars per 1000 population
A,TT1057I,HU016C,2018,370.24,,,HU016C,HU,,2018,cars_per_1000,Number of registered cars per 1000 population
A,TT1057I,HU016C,2019,383.28,,,HU016C,HU,,2019,cars_per_1000,Number of registered cars per 1000 population
A,TT1057I,HU016C,2020,397.68,,,HU016C,HU,,2020,cars_per_1000,Number of registered cars per 1000 population
A,TT1057I,HU016C,2021,406.41,,,HU016C,HU,,2021,cars_per_1000,Number of registered cars per 1000 population
A,TT1057I,HU016C,2022,415.23,,,HU016C,HU,,2022,cars_per_1000,Number of registered cars per 1000 population
A,TT1057I,HU016C,2023,414.65,,,HU016C,HU,,2023,cars_per_1000,Number of registered cars per 1000 population
A,TT1057I,HU017C,2015,300.36,,,HU017C,HU,,2015,cars_per_1000,Number of registered cars per 1000 population
A,TT1057I,HU017C,2016,314.79,,,HU017C,HU,,2016,cars_per_1000,Number of registered cars per 1000 population
A,TT1057I,HU017C,2017,335.57,,,HU017C,HU,,2017,cars_per_1000,Number of registered cars per 1000 population
A,TT1057I,HU017C,2018,352.63,,,HU017C,HU,,2018,cars_per_1000,Number of registered cars per 1000 population
A,TT1057I,HU017C,2019,365.27,,,HU017C,HU,,2019,cars_per_1000,Number of registered cars per 1000 population
A,TT1057I,HU017C,2020,381.27,,,HU017C,HU,,2020,cars_per_1000,Number of registered cars per 1000 population
A,TT1057I,HU017C,2021,404.52,,,HU017C,HU,,2021,cars_per_1000,Number of registered cars per 1000 population
A,TT1057I,HU017C,2022,408.51,,,HU017C,HU,,2022,cars_per_1000,Number of registered cars per 1000 population
A,TT1057I,HU017C,2023,387.22,,,HU017C,HU,,2023,cars_per_1000,Number of registered cars per 1000 population
A,TT1057I,HU018C,2015,359.3,,,HU018C,HU,,2015,cars_per_1000,Number of registered cars per 1000 population
A,TT1057I,HU018C,2016,374.0,,,HU018C,HU,,2016,cars_per_1000,Number of registered cars per 1000 population
A,TT1057I,HU018C,2017,396.12,,,HU018C,HU,,2017,cars_per_1000,Number of registered cars per 1000 population
A,TT1057I,HU018C,2018,413.67,,,HU018C,HU,,2018,cars_per_1000,Number of registered cars per 1000 population
A,TT1057I,HU018C,2019,429.51,,,HU018C,HU,,2019,cars_per_1000,Number of registered cars per 1000 population
A,TT1057I,HU018C,2020,444.43,,,HU018C,HU,,2020,cars_per_1000,Number of registered cars per 1000 population
A,TT1057I,HU018C,2021,463.1,,,HU018C,HU,,2021,cars_per_1000,Number of registered cars per 1000 population
A,TT1057I,HU018C,2022,473.52,,,HU018C,HU,,2022,cars_per_1000,Number of registered cars per 1000 population
A,TT1057I,HU018C,2023,474.12,,,HU018C,HU,,2023,cars_per_1000,Number of registered cars per 1000 population
A,TT1057I,HU019C,2015,375.07,,,HU019C,HU,,2015,cars_per_1000,Number of registered cars per 1000 population
A,TT1057I,HU019C,2016,390.95,,,HU019C,HU,,2016,cars_per_1000,Number of registered cars per 1000 population
A,TT1057I,HU019C,2017,401.57,,,HU019C,HU,,2017,cars_per_1000,Number of registered cars per 1000 population
A,TT1057I,HU019C,2018,415.03,,,HU019C,HU,,2018,cars_per_1000,Number of registered cars per 1000 population
A,TT1057I,HU019C,2019,424.42,,,HU019C,HU,,2019,cars_per_1000,Number of registered cars per 1000 population
A,TT1057I,HU019C,2020,428.08,,,HU019C,HU,,2020,cars_per_1000,Number of registered cars per 1000 population
A,TT1057I,HU019C,2021,437.06,,,HU019C,HU,,2021,cars_per_1000,Number of registered cars per 1000 population
A,TT1057I,HU019C,2022,453.78,,,HU019C,HU,,2022,cars_per_1000,Number of registered cars per 1000 population
A,TT1057I,HU019C,2023,454.7,,,HU019C,HU,,2023,cars_per_1000,Number of registered cars per 1000 population
A,TT1057I,IT,2015,614.37,d,,IT,IT,,2015,cars_per_1000,Number of registered cars per 1000 population
A,TT1057I,IT,2016,624.34,,,IT,IT,,2016,cars_per_1000,Number of registered cars per 1000 population
A,TT1057I,IT,2017,635.76,d,,IT,IT,,2017,cars_per_1000,Number of registered cars per 1000 population
A,TT1057I,IT,2018,645.1,d,,IT,IT,,2018,cars_per_1000,Number of registered cars per 1000 population
A,TT1057I,IT,2019,661.11,,,IT,IT,,2019,cars_per_1000,Number of registered cars per 1000 population
A,TT1057I,IT,2020,665.94,d,,IT,IT,,2020,cars_per_1000,Number of registered cars per 1000 population
A,TT1057I,IT,2021,672.27,d,,IT,IT,,2021,cars_per_1000,Number of registered cars per 1000 population
A,TT1057I,IT,2022,681.23,d,,IT,IT,,2022,cars_per_1000,Number of registered cars per 1000 population
A,TT1057I,IT,2023,693.51,d,,IT,IT,,2023,cars_per_1000,Number of registered cars per 1000 population
A,TT1057I,IT001C,2015,611.04,,,IT001C,IT,,2015,cars_per_1000,Number of registered cars per 1000 population
A,TT1057I,IT001C,2016,614.23,,,IT001C,IT,,2016,cars_per_1000,Number of registered cars per 1000 population
A,TT1057I,IT001C,2017,614.07,,,IT001C,IT,,2017,cars_per_1000,Number of registered cars per 1000 population
A,TT1057I,IT001C,2018,612.26,,,IT001C,IT,,2018,cars_per_1000,Number of registered cars per 1000 population
A,TT1057I,IT001C,2019,628.31,b,,IT001C,IT,,2019,cars_per_1000,Number of registered cars per 1000 population
A,TT1057I,IT001C,2020,623.44,,,IT001C,IT,,2020,cars_per_1000,Number of registered cars per 1000 population
A,TT1057I,IT001C,2021,628.45,,,IT001C,IT,,2021,cars_per_1000,Number of registered cars per 1000 population
A,TT1057I,IT001C,2022,644.51,,,IT001C,IT,,2022,cars_per_1000,Number of registered cars per 1000 population
A,TT1057I,IT001C,2023,661.69,,,IT001C,IT,,2023,cars_per_1000,Number of registered cars per 1000 population
A,TT1057I,IT002C,2015,564.83,,,IT002C,IT,,2015,cars_per_1000,Number of registered cars per 1000 population
A,TT1057I,IT002C,2016,568.71,,,IT002C,IT,,2016,cars_per_1000,Number of registered cars per 1000 population
A,TT1057I,IT002C,2017,574.13,,,IT002C,IT,,2017,cars_per_1000,Number of registered cars per 1000 population
A,TT1057I,IT002C,2018,500.1,b,,IT002C,IT,,2018,cars_per_1000,Number of registered cars per 1000 population
A,TT1057I,IT002C,2019,573.34,b,,IT002C,IT,,2019,cars_per_1000,Number of registered cars per 1000 population
A,TT1057I,IT002C,2020,570.63,,,IT002C,IT,,2020,cars_per_1000,Number of registered cars per 1000 population
A,TT1057I,IT002C,2021,571.32,,,IT002C,IT,,2021,cars_per_1000,Number of registered cars per 1000 population
A,TT1057I,IT002C,2022,579.49,,,IT002C,IT,,2022,cars_per_1000,Number of registered cars per 1000 population
A,TT1057I,IT002C,2023,586.61,,,IT002C,IT,,2023,cars_per_1000,Number of registered cars per 1000 population
A,TT1057I,IT003C,2015,552.21,,,IT003C,IT,,2015,cars_per_1000,Number of registered cars per 1000 population
A,TT1057I,IT003C,2016,559.74,,,IT003C,IT,,2016,cars_per_1000,Number of registered cars per 1000 population
A,TT1057I,IT003C,2017,569.02,,,IT003C,IT,,2017,cars_per_1000,Number of registered cars per 1000 population
A,TT1057I,IT003C,2018,546.59,b,,IT003C,IT,,2018,cars_per_1000,Number of registered cars per 1000 population
A,TT1057I,IT003C,2019,599.92,b,,IT003C,IT,,2019,cars_per_1000,Number of registered cars per 1000 population
A,TT1057I,IT003C,2020,607.33,,,IT003C,IT,,2020,cars_per_1000,Number of registered cars per 1000 population
A,TT1057I,IT003C,2021,617.24,,,IT003C,IT,,2021,cars_per_1000,Number of registered cars per 1000 population
A,TT1057I,IT003C,2022,620.58,,,IT003C,IT,,2022,cars_per_1000,Number of registered cars per 1000 population
A,TT1057I,IT003C,2023,631.25,,,IT003C,IT,,2023,cars_per_1000,Number of registered cars per 1000 population
A,TT1057I,IT004C,2015,614.89,,,IT004C,IT,,2015,cars_per_1000,Number of registered cars per 1000 population
A,TT1057I,IT004C,2016,636.51,,,IT004C,IT,,2016,cars_per_1000,Number of registered cars per 1000 population
A,TT1057I,IT004C,2017,673.8,,,IT004C,IT,,2017,cars_per_1000,Number of registered cars per 1000 population
A,TT1057I,IT004C,2018,653.32,,,IT004C,IT,,2018,cars_per_1000,Number of registered cars per 1000 population
A,TT1057I,IT004C,2019,644.08,b,,IT004C,IT,,2019,cars_per_1000,Number of registered cars per 1000 population
A,TT1057I,IT004C,2020,616.72,,,IT004C,IT,,2020,cars_per_1000,Number of registered cars per 1000 population
A,TT1057I,IT004C,2021,580.92,,,IT004C,IT,,2021,cars_per_1000,Number of registered cars per 1000 population
A,TT1057I,IT004C,2022,604.05,,,IT004C,IT,,2022,cars_per_1000,Number of registered cars per 1000 population
A,TT1057I,IT004C,2023,688.49,,,IT004C,IT,,2023,cars_per_1000,Number of registered cars per 1000 population
A,TT1057I,IT005C,2015,563.52,,,IT005C,IT,,2015,cars_per_1000,Number of registered cars per 1000 population
A,TT1057I,IT005C,2016,571.0,,,IT005C,IT,,2016,cars_per_1000,Number of registered cars per 1000 population
A,TT1057I,IT005C,2017,577.36,,,IT005C,IT,,2017,cars_per_1000,Number of registered cars per 1000 population
A,TT1057I,IT005C,2018,585.23,,,IT005C,IT,,2018,cars_per_1000,Number of registered cars per 1000 population
A,TT1057I,IT005C,2019,602.93,b,,IT005C,IT,,2019,cars_per_1000,Number of registered cars per 1000 population
A,TT1057I,IT005C,2020,609.88,,,IT005C,IT,,2020,cars_per_1000,Number of registered cars per 1000 population
A,TT1057I,IT005C,2021,620.24,,,IT005C,IT,,2021,cars_per_1000,Number of registered cars per 1000 population
A,TT1057I,IT005C,2022,621.6,,,IT005C,IT,,2022,cars_per_1000,Number of registered cars per 1000 population
A,TT1057I,IT005C,2023,626.52,,,IT005C,IT,,2023,cars_per_1000,Number of registered cars per 1000 population
A,TT1057I,IT006C,2015,455.87,,,IT006C,IT,,2015,cars_per_1000,Number of registered cars per 1000 population
A,TT1057I,IT006C,2016,461.53,,,IT006C,IT,,2016,cars_per_1000,Number of registered cars per 1000 population
A,TT1057I,IT006C,2017,465.97,,,IT006C,IT,,2017,cars_per_1000,Number of registered cars per 1000 population
A,TT1057I,IT006C,2018,467.81,,,IT006C,IT,,2018,cars_per_1000,Number of registered cars per 1000 population
A,TT1057I,IT006C,2019,475.93,b,,IT006C,IT,,2019,cars_per_1000,Number of registered cars per 1000 population
A,TT1057I,IT006C,2020,476.34,,,IT006C,IT,,2020,cars_per_1000,Number of registered cars per 1000 population
A,TT1057I,IT006C,2021,472.84,,,IT006C,IT,,2021,cars_per_1000,Number of registered cars per 1000 population
A,TT1057I,IT006C,2022,475.05,,,IT006C,IT,,2022,cars_per_1000,Number of registered cars per 1000 population
A,TT1057I,IT006C,2023,475.15,,,IT006C,IT,,2023,cars_per_1000,Number of registered cars per 1000 population
A,TT1057I,IT007C,2015,509.17,,,IT007C,IT,,2015,cars_per_1000,Number of registered cars per 1000 population
A,TT1057I,IT007C,2016,514.29,,,IT007C,IT,,2016,cars_per_1000,Number of registered cars per 1000 population
A,TT1057I,IT007C,2017,516.23,,,IT007C,IT,,2017,cars_per_1000,Number of registered cars per 1000 population
A,TT1057I,IT007C,2018,520.97,,,IT007C,IT,,2018,cars_per_1000,Number of registered cars per 1000 population
A,TT1057I,IT007C,2019,540.39,b,,IT007C,IT,,2019,cars_per_1000,Number of registered cars per 1000 population
A,TT1057I,IT007C,2020,539.66,,,IT007C,IT,,2020,cars_per_1000,Number of registered cars per 1000 population
A,TT1057I,IT007C,2021,535.0,,,IT007C,IT,,2021,cars_per_1000,Number of registered cars per 1000 population
A,TT1057I,IT007C,2022,549.55,,,IT007C,IT,,2022,cars_per_1000,Number of registered cars per 1000 population
A,TT1057I,IT007C,2023,553.19,,,IT007C,IT,,2023,cars_per_1000,Number of registered cars per 1000 population
A,TT1057I,IT008C,2015,536.99,,,IT008C,IT,,2015,cars_per_1000,Number of registered cars per 1000 population
A,TT1057I,IT008C,2016,541.7,,,IT008C,IT,,2016,cars_per_1000,Number of registered cars per 1000 population
A,TT1057I,IT008C,2017,550.65,,,IT008C,IT,,2017,cars_per_1000,Number of registered cars per 1000 population
A,TT1057I,IT008C,2018,557.02,,,IT008C,IT,,2018,cars_per_1000,Number of registered cars per 1000 population
A,TT1057I,IT008C,2019,578.94,b,,IT008C,IT,,2019,cars_per_1000,Number of registered cars per 1000 population
A,TT1057I,IT008C,2020,580.51,,,IT008C,IT,,2020,cars_per_1000,Number of registered cars per 1000 population
A,TT1057I,IT008C,2021,574.17,,,IT008C,IT,,2021,cars_per_1000,Number of registered cars per 1000 population
A,TT1057I,IT008C,2022,578.89,,,IT008C,IT,,2022,cars_per_1000,Number of registered cars per 1000 population
A,TT1057I,IT008C,2023,583.33,,,IT008C,IT,,2023,cars_per_1000,Number of registered cars per 1000 population
A,TT1057I,IT009C,2015,515.15,,,IT009C,IT,,2015,cars_per_1000,Number of registered cars per 1000 population
A,TT1057I,IT009C,2016,521.0,,,IT009C,IT,,2016,cars_per_1000,Number of registered cars per 1000 population
A,TT1057I,IT009C,2017,531.42,,,IT009C,IT,,2017,cars_per_1000,Number of registered cars per 1000 population
A,TT1057I,IT009C,2018,533.06,,,IT009C,IT,,2018,cars_per_1000,Number of registered cars per 1000 population
A,TT1057I,IT009C,2019,530.17,b,,IT009C,IT,,2019,cars_per_1000,Number of registered cars per 1000 population
A,TT1057I,IT009C,2020,525.47,,,IT009C,IT,,2020,cars_per_1000,Number of registered cars per 1000 population
A,TT1057I,IT009C,2021,526.35,,,IT009C,IT,,2021,cars_per_1000,Number of registered cars per 1000 population
A,TT1057I,IT009C,2022,533.68,,,IT009C,IT,,2022,cars_per_1000,Number of registered cars per 1000 population
A,TT1057I,IT009C,2023,536.1,,,IT009C,IT,,2023,cars_per_1000,Number of registered cars per 1000 population
A,TT1057I,IT010C,2015,676.47,,,IT010C,IT,,2015,cars_per_1000,Number of registered cars per 1000 population
A,TT1057I,IT010C,2016,685.32,,,IT010C,IT,,2016,cars_per_1000,Number of registered cars per 1000 population
A,TT1057I,IT010C,2017,698.5,,,IT010C,IT,,2017,cars_per_1000,Number of registered cars per 1000 population
A,TT1057I,IT010C,2018,715.22,,,IT010C,IT,,2018,cars_per_1000,Number of registered cars per 1000 population
A,TT1057I,IT010C,2019,766.2,b,,IT010C,IT,,2019,cars_per_1000,Number of registered cars per 1000 population
A,TT1057I,IT010C,2020,777.39,,,IT010C,IT,,2020,cars_per_1000,Number of registered cars per 1000 population
A,TT1057I,IT010C,2021,773.04,,,IT010C,IT,,2021,cars_per_1000,Number of registered cars per 1000 population
A,TT1057I,IT010C,2022,775.5,,,IT010C,IT,,2022,cars_per_1000,Number of registered cars per 1000 population
A,TT1057I,IT010C,2023,787.56,,,IT010C,IT,,2023,cars_per_1000,Number of registered cars per 1000 population
A,TT1057I,IT011C,2015,416.45,,,IT011C,IT,,2015,cars_per_1000,Number of registered cars per 1000 population
A,TT1057I,IT011C,2016,421.98,,,IT011C,IT,,2016,cars_per_1000,Number of registered cars per 1000 population
A,TT1057I,IT011C,2017,426.54,,,IT011C,IT,,2017,cars_per_1000,Number of registered cars per 1000 population
A,TT1057I,IT011C,2018,428.8,,,IT011C,IT,,2018,cars_per_1000,Number of registered cars per 1000 population
A,TT1057I,IT011C,2019,424.91,b,,IT011C,IT,,2019,cars_per_1000,Number of registered cars per 1000 population
A,TT1057I,IT011C,2020,424.65,,,IT011C,IT,,2020,cars_per_1000,Number of registered cars per 1000 population
A,TT1057I,IT011C,2021,426.77,,,IT011C,IT,,2021,cars_per_1000,Number of registered cars per 1000 population
A,TT1057I,IT011C,2022,435.11,,,IT011C,IT,,2022,cars_per_1000,Number of registered cars per 1000 population
A,TT1057I,IT011C,2023,441.64,,,IT011C,IT,,2023,cars_per_1000,Number of registered cars per 1000 population
A,TT1057I,IT012C,2015,605.42,,,IT012C,IT,,2015,cars_per_1000,Number of registered cars per 1000 population
A,TT1057I,IT012C,2016,633.48,,,IT012C,IT,,2016,cars_per_1000,Number of registered cars per 1000 population
A,TT1057I,IT012C,2017,638.56,,,IT012C,IT,,2017,cars_per_1000,Number of registered cars per 1000 population
A,TT1057I,IT012C,2018,651.84,,,IT012C,IT,,2018,cars_per_1000,Number of registered cars per 1000 population
A,TT1057I,IT012C,2019,645.93,b,,IT012C,IT,,2019,cars_per_1000,Number of registered cars per 1000 population
A,TT1057I,IT012C,2020,632.63,,,IT012C,IT,,2020,cars_per_1000,Number of registered cars per 1000 population
A,TT1057I,IT012C,2021,633.37,,,IT012C,IT,,2021,cars_per_1000,Number of registered cars per 1000 population
A,TT1057I,IT012C,2022,659.14,,,IT012C,IT,,2022,cars_per_1000,Number of registered cars per 1000 population
A,TT1057I,IT012C,2023,659.53,,,IT012C,IT,,2023,cars_per_1000,Number of registered cars per 1000 population
A,TT1057I,IT013C,2015,589.63,,,IT013C,IT,,2015,cars_per_1000,Number of registered cars per 1000 population
A,TT1057I,IT013C,2016,595.17,,,IT013C,IT,,2016,cars_per_1000,Number of registered cars per 1000 population
A,TT1057I,IT013C,2017,607.17,,,IT013C,IT,,2017,cars_per_1000,Number of registered cars per 1000 population
A,TT1057I,IT013C,2018,612.18,,,IT013C,IT,,2018,cars_per_1000,Number of registered cars per 1000 population
A,TT1057I,IT013C,2019,619.23,b,,IT013C,IT,,2019,cars_per_1000,Number of registered cars per 1000 population
A,TT1057I,IT013C,2020,619.43,,,IT013C,IT,,2020,cars_per_1000,Number of registered cars per 1000 population
A,TT1057I,IT013C,2021,626.1,,,IT013C,IT,,2021,cars_per_1000,Number of registered cars per 1000 population
A,TT1057I,IT013C,2022,636.48,,,IT013C,IT,,2022,cars_per_1000,Number of registered cars per 1000 population
A,TT1057I,IT013C,2023,646.27,,,IT013C,IT,,2023,cars_per_1000,Number of registered cars per 1000 population
A,TT1057I,IT014C,2015,1818.3,,,IT014C,IT,,2015,cars_per_1000,Number of registered cars per 1000 population
A,TT1057I,IT014C,2016,2089.58,,,IT014C,IT,,2016,cars_per_1000,Number of registered cars per 1000 population
A,TT1057I,IT014C,2017,2480.98,,,IT014C,IT,,2017,cars_per_1000,Number of registered cars per 1000 population
A,TT1057I,IT014C,2018,3073.64,,,IT014C,IT,,2018,cars_per_1000,Number of registered cars per 1000 population
A,TT1057I,IT014C,2019,3410.35,b,,IT014C,IT,,2019,cars_per_1000,Number of registered cars per 1000 population
A,TT1057I,IT014C,2020,3516.08,,,IT014C,IT,,2020,cars_per_1000,Number of registered cars per 1000 population
A,TT1057I,IT014C,2021,3865.11,,,IT014C,IT,,2021,cars_per_1000,Number of registered cars per 1000 population
A,TT1057I,IT014C,2022,4237.2,,,IT014C,IT,,2022,cars_per_1000,Number of registered cars per 1000 population
A,TT1057I,IT014C,2023,4620.04,,,IT014C,IT,,2023,cars_per_1000,Number of registered cars per 1000 population
A,TT1057I,IT015C,2015,514.54,,,IT015C,IT,,2015,cars_per_1000,Number of registered cars per 1000 population
A,TT1057I,IT015C,2016,519.32,,,IT015C,IT,,2016,cars_per_1000,Number of registered cars per 1000 population
A,TT1057I,IT015C,2017,525.21,,,IT015C,IT,,2017,cars_per_1000,Number of registered cars per 1000 population
A,TT1057I,IT015C,2018,528.05,,,IT015C,IT,,2018,cars_per_1000,Number of registered cars per 1000 population
A,TT1057I,IT015C,2019,535.61,b,,IT015C,IT,,2019,cars_per_1000,Number of registered cars per 1000 population
A,TT1057I,IT015C,2020,537.52,,,IT015C,IT,,2020,cars_per_1000,Number of registered cars per 1000 population
A,TT1057I,IT015C,2021,542.71,,,IT015C,IT,,2021,cars_per_1000,Number of registered cars per 1000 population
A,TT1057I,IT015C,2022,548.33,,,IT015C,IT,,2022,cars_per_1000,Number of registered cars per 1000 population
A,TT1057I,IT015C,2023,552.78,,,IT015C,IT,,2023,cars_per_1000,Number of registered cars per 1000 population
A,TT1057I,IT016C,2015,704.54,,,IT016C,IT,,2015,cars_per_1000,Number of registered cars per 1000 population
A,TT1057I,IT016C,2016,714.6,,,IT016C,IT,,2016,cars_per_1000,Number of registered cars per 1000 population
A,TT1057I,IT016C,2017,722.41,,,IT016C,IT,,2017,cars_per_1000,Number of registered cars per 1000 population
A,TT1057I,IT016C,2018,739.47,,,IT016C,IT,,2018,cars_per_1000,Number of registered cars per 1000 population
A,TT1057I,IT016C,2019,750.96,b,,IT016C,IT,,2019,cars_per_1000,Number of registered cars per 1000 population
A,TT1057I,IT016C,2020,750.05,,,IT016C,IT,,2020,cars_per_1000,Number of registered cars per 1000 population
A,TT1057I,IT016C,2021,742.95,,,IT016C,IT,,2021,cars_per_1000,Number of registered cars per 1000 population
A,TT1057I,IT016C,2022,757.7,,,IT016C,IT,,2022,cars_per_1000,Number of registered cars per 1000 population
A,TT1057I,IT016C,2023,769.27,,,IT016C,IT,,2023,cars_per_1000,Number of registered cars per 1000 population
A,TT1057I,IT017C,2015,595.82,,,IT017C,IT,,2015,cars_per_1000,Number of registered cars per 1000 population
A,TT1057I,IT017C,2016,604.59,,,IT017C,IT,,2016,cars_per_1000,Number of registered cars per 1000 population
A,TT1057I,IT017C,2017,615.6,,,IT017C,IT,,2017,cars_per_1000,Number of registered cars per 1000 population
A,TT1057I,IT017C,2018,618.35,,,IT017C,IT,,2018,cars_per_1000,Number of registered cars per 1000 population
A,TT1057I,IT017C,2019,626.07,b,,IT017C,IT,,2019,cars_per_1000,Number of registered cars per 1000 population
A,TT1057I,IT017C,2020,623.2,,,IT017C,IT,,2020,cars_per_1000,Number of registered cars per 1000 population
A,TT1057I,IT017C,2021,619.03,,,IT017C,IT,,2021,cars_per_1000,Number of registered cars per 1000 population
A,TT1057I,IT017C,2022,627.49,,,IT017C,IT,,2022,cars_per_1000,Number of registered cars per 1000 population
A,TT1057I,IT017C,2023,636.7,,,IT017C,IT,,2023,cars_per_1000,Number of registered cars per 1000 population
A,TT1057I,IT018C,2015,588.34,,,IT018C,IT,,2015,cars_per_1000,Number of registered cars per 1000 population
A,TT1057I,IT018C,2016,593.44,,,IT018C,IT,,2016,cars_per_1000,Number of registered cars per 1000 population
A,TT1057I,IT018C,2017,603.29,,,IT018C,IT,,2017,cars_per_1000,Number of registered cars per 1000 population
A,TT1057I,IT018C,2018,613.29,,,IT018C,IT,,2018,cars_per_1000,Number of registered cars per 1000 population
A,TT1057I,IT018C,2019,614.19,b,,IT018C,IT,,2019,cars_per_1000,Number of registered cars per 1000 population
A,TT1057I,IT018C,2020,615.76,,,IT018C,IT,,2020,cars_per_1000,Number of registered cars per 1000 population
A,TT1057I,IT018C,2021,621.2,,,IT018C,IT,,2021,cars_per_1000,Number of registered cars per 1000 population
A,TT1057I,IT018C,2022,622.39,,,IT018C,IT,,2022,cars_per_1000,Number of registered cars per 1000 population
A,TT1057I,IT018C,2023,627.94,,,IT018C,IT,,2023,cars_per_1000,Number of registered cars per 1000 population
A,TT1057I,IT019C,2015,690.33,,,IT019C,IT,,2015,cars_per_1000,Number of registered cars per 1000 population
A,TT1057I,IT019C,2016,695.92,,,IT019C,IT,,2016,cars_per_1000,Number of registered cars per 1000 population
A,TT1057I,IT019C,2017,706.55,,,IT019C,IT,,2017,cars_per_1000,Number of registered cars per 1000 population
A,TT1057I,IT019C,2018,718.1,,,IT019C,IT,,2018,cars_per_1000,Number of registered cars per 1000 population
A,TT1057I,IT019C,2019,729.41,b,,IT019C,IT,,2019,cars_per_1000,Number of registered cars per 1000 population
A,TT1057I,IT019C,2020,738.3,,,IT019C,IT,,2020,cars_per_1000,Number of registered cars per 1000 population
A,TT1057I,IT019C,2021,746.42,,,IT019C,IT,,2021,cars_per_1000,Number of registered cars per 1000 population
A,TT1057I,IT019C,2022,742.32,,,IT019C,IT,,2022,cars_per_1000,Number of registered cars per 1000 population
A,TT1057I,IT019C,2023,748.8,,,IT019C,IT,,2023,cars_per_1000,Number of registered cars per 1000 population
A,TT1057I,IT020C,2015,588.99,,,IT020C,IT,,2015,cars_per_1000,Number of registered cars per 1000 population
A,TT1057I,IT020C,2016,592.34,,,IT020C,IT,,2016,cars_per_1000,Number of registered cars per 1000 population
A,TT1057I,IT020C,2017,594.9,,,IT020C,IT,,2017,cars_per_1000,Number of registered cars per 1000 population
A,TT1057I,IT020C,2018,602.71,,,IT020C,IT,,2018,cars_per_1000,Number of registered cars per 1000 population
A,TT1057I,IT020C,2019,616.26,b,,IT020C,IT,,2019,cars_per_1000,Number of registered cars per 1000 population
A,TT1057I,IT020C,2020,622.65,,,IT020C,IT,,2020,cars_per_1000,Number of registered cars per 1000 population
A,TT1057I,IT020C,2021,634.93,,,IT020C,IT,,2021,cars_per_1000,Number of registered cars per 1000 population
A,TT1057I,IT020C,2022,631.94,,,IT020C,IT,,2022,cars_per_1000,Number of registered cars per 1000 population
A,TT1057I,IT020C,2023,637.96,,,IT020C,IT,,2023,cars_per_1000,Number of registered cars per 1000 population
A,TT1057I,IT021C,2015,529.16,,,IT021C,IT,,2015,cars_per_1000,Number of registered cars per 1000 population
A,TT1057I,IT021C,2016,534.93,,,IT021C,IT,,2016,cars_per_1000,Number of registered cars per 1000 population
A,TT1057I,IT021C,2017,543.57,,,IT021C,IT,,2017,cars_per_1000,Number of registered cars per 1000 population
A,TT1057I,IT021C,2018,552.95,,,IT021C,IT,,2018,cars_per_1000,Number of registered cars per 1000 population
A,TT1057I,IT021C,2019,572.02,b,,IT021C,IT,,2019,cars_per_1000,Number of registered cars per 1000 population
A,TT1057I,IT021C,2020,581.73,,,IT021C,IT,,2020,cars_per_1000,Number of registered cars per 1000 population
A,TT1057I,IT021C,2021,583.39,,,IT021C,IT,,2021,cars_per_1000,Number of registered cars per 1000 population
A,TT1057I,IT021C,2022,587.04,,,IT021C,IT,,2022,cars_per_1000,Number of registered cars per 1000 population
A,TT1057I,IT021C,2023,594.9,,,IT021C,IT,,2023,cars_per_1000,Number of registered cars per 1000 population
A,TT1057I,IT022C,2015,728.46,,,IT022C,IT,,2015,cars_per_1000,Number of registered cars per 1000 population
A,TT1057I,IT022C,2016,739.83,,,IT022C,IT,,2016,cars_per_1000,Number of registered cars per 1000 population
A,TT1057I,IT022C,2017,751.07,,,IT022C,IT,,2017,cars_per_1000,Number of registered cars per 1000 population
A,TT1057I,IT022C,2018,756.62,,,IT022C,IT,,2018,cars_per_1000,Number of registered cars per 1000 population
A,TT1057I,IT022C,2019,758.97,b,,IT022C,IT,,2019,cars_per_1000,Number of registered cars per 1000 population
A,TT1057I,IT022C,2020,762.47,,,IT022C,IT,,2020,cars_per_1000,Number of registered cars per 1000 population
A,TT1057I,IT022C,2021,772.0,,,IT022C,IT,,2021,cars_per_1000,Number of registered cars per 1000 population
A,TT1057I,IT022C,2022,780.12,,,IT022C,IT,,2022,cars_per_1000,Number of registered cars per 1000 population
A,TT1057I,IT022C,2023,791.08,,,IT022C,IT,,2023,cars_per_1000,Number of registered cars per 1000 population
A,TT1057I,IT023C,2015,632.9,,,IT023C,IT,,2015,cars_per_1000,Number of registered cars per 1000 population
A,TT1057I,IT023C,2016,639.21,,,IT023C,IT,,2016,cars_per_1000,Number of registered cars per 1000 population
A,TT1057I,IT023C,2017,649.69,,,IT023C,IT,,2017,cars_per_1000,Number of registered cars per 1000 population
A,TT1057I,IT023C,2018,664.83,,,IT023C,IT,,2018,cars_per_1000,Number of registered cars per 1000 population
A,TT1057I,IT023C,2019,686.04,b,,IT023C,IT,,2019,cars_per_1000,Number of registered cars per 1000 population
A,TT1057I,IT023C,2020,690.89,,,IT023C,IT,,2020,cars_per_1000,Number of registered cars per 1000 population
A,TT1057I,IT023C,2021,698.78,,,IT023C,IT,,2021,cars_per_1000,Number of registered cars per 1000 population
A,TT1057I,IT023C,2022,703.65,,,IT023C,IT,,2022,cars_per_1000,Number of registered cars per 1000 population
A,TT1057I,IT023C,2023,719.71,,,IT023C,IT,,2023,cars_per_1000,Number of registered cars per 1000 population
A,TT1057I,IT024C,2015,604.77,,,IT024C,IT,,2015,cars_per_1000,Number of registered cars per 1000 population
A,TT1057I,IT024C,2016,609.91,,,IT024C,IT,,2016,cars_per_1000,Number of registered cars per 1000 population
A,TT1057I,IT024C,2017,618.78,,,IT024C,IT,,2017,cars_per_1000,Number of registered cars per 1000 population
A,TT1057I,IT024C,2018,626.83,,,IT024C,IT,,2018,cars_per_1000,Number of registered cars per 1000 population
A,TT1057I,IT024C,2019,648.79,b,,IT024C,IT,,2019,cars_per_1000,Number of registered cars per 1000 population
A,TT1057I,IT024C,2020,659.88,,,IT024C,IT,,2020,cars_per_1000,Number of registered cars per 1000 population
A,TT1057I,IT024C,2021,671.17,,,IT024C,IT,,2021,cars_per_1000,Number of registered cars per 1000 population
A,TT1057I,IT024C,2022,675.26,,,IT024C,IT,,2022,cars_per_1000,Number of registered cars per 1000 population
A,TT1057I,IT024C,2023,686.0,,,IT024C,IT,,2023,cars_per_1000,Number of registered cars per 1000 population
A,TT1057I,IT025C,2015,629.74,,,IT025C,IT,,2015,cars_per_1000,Number of registered cars per 1000 population
A,TT1057I,IT025C,2016,633.4,,,IT025C,IT,,2016,cars_per_1000,Number of registered cars per 1000 population
A,TT1057I,IT025C,2017,637.02,,,IT025C,IT,,2017,cars_per_1000,Number of registered cars per 1000 population
A,TT1057I,IT025C,2018,645.97,,,IT025C,IT,,2018,cars_per_1000,Number of registered cars per 1000 population
A,TT1057I,IT025C,2019,657.33,b,,IT025C,IT,,2019,cars_per_1000,Number of registered cars per 1000 population
A,TT1057I,IT025C,2020,665.77,,,IT025C,IT,,2020,cars_per_1000,Number of registered cars per 1000 population
A,TT1057I,IT025C,2021,684.62,,,IT025C,IT,,2021,cars_per_1000,Number of registered cars per 1000 population
A,TT1057I,IT025C,2022,691.81,,,IT025C,IT,,2022,cars_per_1000,Number of registered cars per 1000 population
A,TT1057I,IT025C,2023,698.86,,,IT025C,IT,,2023,cars_per_1000,Number of registered cars per 1000 population
A,TT1057I,IT026C,2015,644.71,,,IT026C,IT,,2015,cars_per_1000,Number of registered cars per 1000 population
A,TT1057I,IT026C,2016,645.42,,,IT026C,IT,,2016,cars_per_1000,Number of registered cars per 1000 population
A,TT1057I,IT026C,2017,652.89,,,IT026C,IT,,2017,cars_per_1000,Number of registered cars per 1000 population
A,TT1057I,IT026C,2018,654.44,,,IT026C,IT,,2018,cars_per_1000,Number of registered cars per 1000 population
A,TT1057I,IT026C,2019,666.56,b,,IT026C,IT,,2019,cars_per_1000,Number of registered cars per 1000 population
A,TT1057I,IT026C,2020,668.28,,,IT026C,IT,,2020,cars_per_1000,Number of registered cars per 1000 population
A,TT1057I,IT026C,2021,673.55,,,IT026C,IT,,2021,cars_per_1000,Number of registered cars per 1000 population
A,TT1057I,IT026C,2022,677.28,,,IT026C,IT,,2022,cars_per_1000,Number of registered cars per 1000 population
A,TT1057I,IT026C,2023,687.33,,,IT026C,IT,,2023,cars_per_1000,Number of registered cars per 1000 population
A,TT1057I,IT027C,2015,578.11,,,IT027C,IT,,2015,cars_per_1000,Number of registered cars per 1000 population
A,TT1057I,IT027C,2016,586.63,,,IT027C,IT,,2016,cars_per_1000,Number of registered cars per 1000 population
A,TT1057I,IT027C,2017,597.31,,,IT027C,IT,,2017,cars_per_1000,Number of registered cars per 1000 population
A,TT1057I,IT027C,2018,599.22,,,IT027C,IT,,2018,cars_per_1000,Number of registered cars per 1000 population
A,TT1057I,IT027C,2019,605.62,b,,IT027C,IT,,2019,cars_per_1000,Number of registered cars per 1000 population
A,TT1057I,IT027C,2020,607.29,,,IT027C,IT,,2020,cars_per_1000,Number of registered cars per 1000 population
A,TT1057I,IT027C,2021,603.41,,,IT027C,IT,,2021,cars_per_1000,Number of registered cars per 1000 population
A,TT1057I,IT027C,2022,615.22,,,IT027C,IT,,2022,cars_per_1000,Number of registered cars per 1000 population
A,TT1057I,IT027C,2023,619.49,,,IT027C,IT,,2023,cars_per_1000,Number of registered cars per 1000 population
A,TT1057I,IT028C,2015,591.49,,,IT028C,IT,,2015,cars_per_1000,Number of registered cars per 1000 population
A,TT1057I,IT028C,2016,598.47,,,IT028C,IT,,2016,cars_per_1000,Number of registered cars per 1000 population
A,TT1057I,IT028C,2017,609.25,,,IT028C,IT,,2017,cars_per_1000,Number of registered cars per 1000 population
A,TT1057I,IT028C,2018,611.5,,,IT028C,IT,,2018,cars_per_1000,Number of registered cars per 1000 population
A,TT1057I,IT028C,2019,619.52,b,,IT028C,IT,,2019,cars_per_1000,Number of registered cars per 1000 population
A,TT1057I,IT028C,2020,616.83,,,IT028C,IT,,2020,cars_per_1000,Number of registered cars per 1000 population
A,TT1057I,IT028C,2021,611.44,,,IT028C,IT,,2021,cars_per_1000,Number of registered cars per 1000 population
A,TT1057I,IT028C,2022,622.5,,,IT028C,IT,,2022,cars_per_1000,Number of registered cars per 1000 population
A,TT1057I,IT028C,2023,629.73,,,IT028C,IT,,2023,cars_per_1000,Number of registered cars per 1000 population
A,TT1057I,IT029C,2015,630.27,,,IT029C,IT,,2015,cars_per_1000,Number of registered cars per 1000 population
A,TT1057I,IT029C,2016,637.31,,,IT029C,IT,,2016,cars_per_1000,Number of registered cars per 1000 population
A,TT1057I,IT029C,2017,648.83,,,IT029C,IT,,2017,cars_per_1000,Number of registered cars per 1000 population
A,TT1057I,IT029C,2018,656.81,,,IT029C,IT,,2018,cars_per_1000,Number of registered cars per 1000 population
A,TT1057I,IT029C,2019,657.34,b,,IT029C,IT,,2019,cars_per_1000,Number of registered cars per 1000 population
A,TT1057I,IT029C,2020,653.92,,,IT029C,IT,,2020,cars_per_1000,Number of registered cars per 1000 population
A,TT1057I,IT029C,2021,658.42,,,IT029C,IT,,2021,cars_per_1000,Number of registered cars per 1000 population
A,TT1057I,IT029C,2022,665.24,,,IT029C,IT,,2022,cars_per_1000,Number of registered cars per 1000 population
A,TT1057I,IT029C,2023,677.58,,,IT029C,IT,,2023,cars_per_1000,Number of registered cars per 1000 population
A,TT1057I,IT030C,2015,543.4,,,IT030C,IT,,2015,cars_per_1000,Number of registered cars per 1000 population
A,TT1057I,IT030C,2016,553.95,,,IT030C,IT,,2016,cars_per_1000,Number of registered cars per 1000 population
A,TT1057I,IT030C,2017,564.98,,,IT030C,IT,,2017,cars_per_1000,Number of registered cars per 1000 population
A,TT1057I,IT030C,2018,576.09,,,IT030C,IT,,2018,cars_per_1000,Number of registered cars per 1000 population
A,TT1057I,IT030C,2019,588.54,b,,IT030C,IT,,2019,cars_per_1000,Number of registered cars per 1000 population
A,TT1057I,IT030C,2020,600.61,,,IT030C,IT,,2020,cars_per_1000,Number of registered cars per 1000 population
A,TT1057I,IT030C,2021,610.6,,,IT030C,IT,,2021,cars_per_1000,Number of registered cars per 1000 population
A,TT1057I,IT030C,2022,616.54,,,IT030C,IT,,2022,cars_per_1000,Number of registered cars per 1000 population
A,TT1057I,IT030C,2023,629.44,,,IT030C,IT,,2023,cars_per_1000,Number of registered cars per 1000 population
A,TT1057I,IT031C,2015,557.35,,,IT031C,IT,,2015,cars_per_1000,Number of registered cars per 1000 population
A,TT1057I,IT031C,2016,559.88,,,IT031C,IT,,2016,cars_per_1000,Number of registered cars per 1000 population
A,TT1057I,IT031C,2017,563.46,,,IT031C,IT,,2017,cars_per_1000,Number of registered cars per 1000 population
A,TT1057I,IT031C,2018,571.67,,,IT031C,IT,,2018,cars_per_1000,Number of registered cars per 1000 population
A,TT1057I,IT031C,2019,588.85,b,,IT031C,IT,,2019,cars_per_1000,Number of registered cars per 1000 population
A,TT1057I,IT031C,2020,588.65,,,IT031C,IT,,2020,cars_per_1000,Number of registered cars per 1000 population
A,TT1057I,IT031C,2021,600.25,,,IT031C,IT,,2021,cars_per_1000,Number of registered cars per 1000 population
A,TT1057I,IT031C,2022,614.98,,,IT031C,IT,,2022,cars_per_1000,Number of registered cars per 1000 population
A,TT1057I,IT031C,2023,627.38,,,IT031C,IT,,2023,cars_per_1000,Number of registered cars per 1000 population
A,TT1057I,IT032C,2015,607.48,,,IT032C,IT,,2015,cars_per_1000,Number of registered cars per 1000 population
A,TT1057I,IT032C,2016,615.52,,,IT032C,IT,,2016,cars_per_1000,Number of registered cars per 1000 population
A,TT1057I,IT032C,2017,624.48,,,IT032C,IT,,2017,cars_per_1000,Number of registered cars per 1000 population
A,TT1057I,IT032C,2018,624.92,,,IT032C,IT,,2018,cars_per_1000,Number of registered cars per 1000 population
A,TT1057I,IT032C,2019,627.27,b,,IT032C,IT,,2019,cars_per_1000,Number of registered cars per 1000 population
A,TT1057I,IT032C,2020,621.66,,,IT032C,IT,,2020,cars_per_1000,Number of registered cars per 1000 population
A,TT1057I,IT032C,2021,624.27,,,IT032C,IT,,2021,cars_per_1000,Number of registered cars per 1000 population
A,TT1057I,IT032C,2022,630.43,,,IT032C,IT,,2022,cars_per_1000,Number of registered cars per 1000 population
A,TT1057I,IT032C,2023,639.52,,,IT032C,IT,,2023,cars_per_1000,Number of registered cars per 1000 population
A,TT1057I,IT033C,2015,1833.95,,,IT033C,IT,,2015,cars_per_1000,Number of registered cars per 1000 population
A,TT1057I,IT033C,2016,2104.01,,,IT033C,IT,,2016,cars_per_1000,Number of registered cars per 1000 population
A,TT1057I,IT033C,2017,2422.49,,,IT033C,IT,,2017,cars_per_1000,Number of registered cars per 1000 population
A,TT1057I,IT033C,2018,2229.4,,,IT033C,IT,,2018,cars_per_1000,Number of registered cars per 1000 population
A,TT1057I,IT033C,2019,2167.41,b,,IT033C,IT,,2019,cars_per_1000,Number of registered cars per 1000 population
A,TT1057I,IT033C,2020,1930.81,,,IT033C,IT,,2020,cars_per_1000,Number of registered cars per 1000 population
A,TT1057I,IT033C,2021,2038.97,,,IT033C,IT,,2021,cars_per_1000,Number of registered cars per 1000 population
A,TT1057I,IT033C,2022,2229.27,,,IT033C,IT,,2022,cars_per_1000,Number of registered cars per 1000 population
A,TT1057I,IT033C,2023,2102.72,,,IT033C,IT,,2023,cars_per_1000,Number of registered cars per 1000 population
A,TT1057I,IT034C,2015,644.53,,,IT034C,IT,,2015,cars_per_1000,Number of registered cars per 1000 population
A,TT1057I,IT034C,2016,655.04,,,IT034C,IT,,2016,cars_per_1000,Number of registered cars per 1000 population
A,TT1057I,IT034C,2017,668.22,,,IT034C,IT,,2017,cars_per_1000,Number of registered cars per 1000 population
A,TT1057I,IT034C,2018,663.4,,,IT034C,IT,,2018,cars_per_1000,Number of registered cars per 1000 population
A,TT1057I,IT034C,2019,662.75,b,,IT034C,IT,,2019,cars_per_1000,Number of registered cars per 1000 population
A,TT1057I,IT034C,2020,657.76,,,IT034C,IT,,2020,cars_per_1000,Number of registered cars per 1000 population
A,TT1057I,IT034C,2021,673.27,,,IT034C,IT,,2021,cars_per_1000,Number of registered cars per 1000 population
A,TT1057I,IT034C,2022,680.01,,,IT034C,IT,,2022,cars_per_1000,Number of registered cars per 1000 population
A,TT1057I,IT034C,2023,683.1,,,IT034C,IT,,2023,cars_per_1000,Number of registered cars per 1000 population
A,TT1057I,IT035C,2015,499.83,,,IT035C,IT,,2015,cars_per_1000,Number of registered cars per 1000 population
A,TT1057I,IT035C,2016,501.94,,,IT035C,IT,,2016,cars_per_1000,Number of registered cars per 1000 population
A,TT1057I,IT035C,2017,507.73,,,IT035C,IT,,2017,cars_per_1000,Number of registered cars per 1000 population
A,TT1057I,IT035C,2018,513.33,,,IT035C,IT,,2018,cars_per_1000,Number of registered cars per 1000 population
A,TT1057I,IT035C,2019,522.42,b,,IT035C,IT,,2019,cars_per_1000,Number of registered cars per 1000 population
A,TT1057I,IT035C,2020,525.34,,,IT035C,IT,,2020,cars_per_1000,Number of registered cars per 1000 population
A,TT1057I,IT035C,2021,528.68,,,IT035C,IT,,2021,cars_per_1000,Number of registered cars per 1000 population
A,TT1057I,IT035C,2022,531.71,,,IT035C,IT,,2022,cars_per_1000,Number of registered cars per 1000 population
A,TT1057I,IT035C,2023,531.93,,,IT035C,IT,,2023,cars_per_1000,Number of registered cars per 1000 population
A,TT1057I,IT036C,2015,675.99,,,IT036C,IT,,2015,cars_per_1000,Number of registered cars per 1000 population
A,TT1057I,IT036C,2016,677.44,,,IT036C,IT,,2016,cars_per_1000,Number of registered cars per 1000 population
A,TT1057I,IT036C,2017,687.94,,,IT036C,IT,,2017,cars_per_1000,Number of registered cars per 1000 population
A,TT1057I,IT036C,2018,691.12,,,IT036C,IT,,2018,cars_per_1000,Number of registered cars per 1000 population
A,TT1057I,IT036C,2019,717.16,b,,IT036C,IT,,2019,cars_per_1000,Number of registered cars per 1000 population
A,TT1057I,IT036C,2020,712.89,,,IT036C,IT,,2020,cars_per_1000,Number of registered cars per 1000 population
A,TT1057I,IT036C,2021,705.87,,,IT036C,IT,,2021,cars_per_1000,Number of registered cars per 1000 population
A,TT1057I,IT036C,2022,709.84,,,IT036C,IT,,2022,cars_per_1000,Number of registered cars per 1000 population
A,TT1057I,IT036C,2023,723.18,,,IT036C,IT,,2023,cars_per_1000,Number of registered cars per 1000 population
A,TT1057I,IT037C,2015,499.04,,,IT037C,IT,,2015,cars_per_1000,Number of registered cars per 1000 population
A,TT1057I,IT037C,2016,507.41,,,IT037C,IT,,2016,cars_per_1000,Number of registered cars per 1000 population
A,TT1057I,IT037C,2017,516.98,,,IT037C,IT,,2017,cars_per_1000,Number of registered cars per 1000 population
A,TT1057I,IT037C,2018,528.51,,,IT037C,IT,,2018,cars_per_1000,Number of registered cars per 1000 population
A,TT1057I,IT037C,2019,544.46,b,,IT037C,IT,,2019,cars_per_1000,Number of registered cars per 1000 population
A,TT1057I,IT037C,2020,552.39,,,IT037C,IT,,2020,cars_per_1000,Number of registered cars per 1000 population
A,TT1057I,IT037C,2021,560.14,,,IT037C,IT,,2021,cars_per_1000,Number of registered cars per 1000 population
A,TT1057I,IT037C,2022,566.49,,,IT037C,IT,,2022,cars_per_1000,Number of registered cars per 1000 population
A,TT1057I,IT037C,2023,573.16,,,IT037C,IT,,2023,cars_per_1000,Number of registered cars per 1000 population
A,TT1057I,IT038C,2015,619.19,,,IT038C,IT,,2015,cars_per_1000,Number of registered cars per 1000 population
A,TT1057I,IT038C,2016,627.9,,,IT038C,IT,,2016,cars_per_1000,Number of registered cars per 1000 population
A,TT1057I,IT038C,2017,635.78,,,IT038C,IT,,2017,cars_per_1000,Number of registered cars per 1000 population
A,TT1057I,IT038C,2018,645.64,,,IT038C,IT,,2018,cars_per_1000,Number of registered cars per 1000 population
A,TT1057I,IT038C,2019,651.88,b,,IT038C,IT,,2019,cars_per_1000,Number of registered cars per 1000 population
A,TT1057I,IT038C,2020,659.8,,,IT038C,IT,,2020,cars_per_1000,Number of registered cars per 1000 population
A,TT1057I,IT038C,2021,653.94,,,IT038C,IT,,2021,cars_per_1000,Number of registered cars per 1000 population
A,TT1057I,IT038C,2022,659.23,,,IT038C,IT,,2022,cars_per_1000,Number of registered cars per 1000 population
A,TT1057I,IT038C,2023,672.86,,,IT038C,IT,,2023,cars_per_1000,Number of registered cars per 1000 population
A,TT1057I,IT039C,2015,605.23,,,IT039C,IT,,2015,cars_per_1000,Number of registered cars per 1000 population
A,TT1057I,IT039C,2016,612.41,,,IT039C,IT,,2016,cars_per_1000,Number of registered cars per 1000 population
A,TT1057I,IT039C,2017,620.56,,,IT039C,IT,,2017,cars_per_1000,Number of registered cars per 1000 population
A,TT1057I,IT039C,2018,632.77,,,IT039C,IT,,2018,cars_per_1000,Number of registered cars per 1000 population
A,TT1057I,IT039C,2019,618.01,b,,IT039C,IT,,2019,cars_per_1000,Number of registered cars per 1000 population
A,TT1057I,IT039C,2020,619.34,,,IT039C,IT,,2020,cars_per_1000,Number of registered cars per 1000 population
A,TT1057I,IT039C,2021,621.93,,,IT039C,IT,,2021,cars_per_1000,Number of registered cars per 1000 population
A,TT1057I,IT039C,2022,634.4,,,IT039C,IT,,2022,cars_per_1000,Number of registered cars per 1000 population
A,TT1057I,IT039C,2023,642.49,,,IT039C,IT,,2023,cars_per_1000,Number of registered cars per 1000 population
A,TT1057I,IT040C,2015,584.73,,,IT040C,IT,,2015,cars_per_1000,Number of registered cars per 1000 population
A,TT1057I,IT040C,2016,602.46,,,IT040C,IT,,2016,cars_per_1000,Number of registered cars per 1000 population
A,TT1057I,IT040C,2017,599.77,,,IT040C,IT,,2017,cars_per_1000,Number of registered cars per 1000 population
A,TT1057I,IT040C,2018,613.23,,,IT040C,IT,,2018,cars_per_1000,Number of registered cars per 1000 population
A,TT1057I,IT040C,2019,621.49,b,,IT040C,IT,,2019,cars_per_1000,Number of registered cars per 1000 population
A,TT1057I,IT040C,2020,619.25,,,IT040C,IT,,2020,cars_per_1000,Number of registered cars per 1000 population
A,TT1057I,IT040C,2021,615.46,,,IT040C,IT,,2021,cars_per_1000,Number of registered cars per 1000 population
A,TT1057I,IT040C,2022,622.57,,,IT040C,IT,,2022,cars_per_1000,Number of registered cars per 1000 population
A,TT1057I,IT040C,2023,628.02,,,IT040C,IT,,2023,cars_per_1000,Number of registered cars per 1000 population
A,TT1057I,IT041C,2015,591.32,,,IT041C,IT,,2015,cars_per_1000,Number of registered cars per 1000 population
A,TT1057I,IT041C,2016,599.65,,,IT041C,IT,,2016,cars_per_1000,Number of registered cars per 1000 population
A,TT1057I,IT041C,2017,601.5,,,IT041C,IT,,2017,cars_per_1000,Number of registered cars per 1000 population
A,TT1057I,IT041C,2018,600.68,,,IT041C,IT,,2018,cars_per_1000,Number of registered cars per 1000 population
A,TT1057I,IT041C,2019,604.79,b,,IT041C,IT,,2019,cars_per_1000,Number of registered cars per 1000 population
A,TT1057I,IT041C,2020,605.31,,,IT041C,IT,,2020,cars_per_1000,Number of registered cars per 1000 population
A,TT1057I,IT041C,2021,611.64,,,IT041C,IT,,2021,cars_per_1000,Number of registered cars per 1000 population
A,TT1057I,IT041C,2022,620.17,,,IT041C,IT,,2022,cars_per_1000,Number of registered cars per 1000 population
A,TT1057I,IT041C,2023,625.46,,,IT041C,IT,,2023,cars_per_1000,Number of registered cars per 1000 population
A,TT1057I,IT042C,2015,637.41,,,IT042C,IT,,2015,cars_per_1000,Number of registered cars per 1000 population
A,TT1057I,IT042C,2016,644.77,,,IT042C,IT,,2016,cars_per_1000,Number of registered cars per 1000 population
A,TT1057I,IT042C,2017,648.56,,,IT042C,IT,,2017,cars_per_1000,Number of registered cars per 1000 population
A,TT1057I,IT042C,2018,651.21,,,IT042C,IT,,2018,cars_per_1000,Number of registered cars per 1000 population
A,TT1057I,IT042C,2019,653.57,b,,IT042C,IT,,2019,cars_per_1000,Number of registered cars per 1000 population
A,TT1057I,IT042C,2020,655.74,,,IT042C,IT,,2020,cars_per_1000,Number of registered cars per 1000 population
A,TT1057I,IT042C,2021,662.8,,,IT042C,IT,,2021,cars_per_1000,Number of registered cars per 1000 population
A,TT1057I,IT042C,2022,671.58,,,IT042C,IT,,2022,cars_per_1000,Number of registered cars per 1000 population
A,TT1057I,IT042C,2023,676.97,,,IT042C,IT,,2023,cars_per_1000,Number of registered cars per 1000 population
A,TT1057I,IT043C,2015,632.84,,,IT043C,IT,,2015,cars_per_1000,Number of registered cars per 1000 population
A,TT1057I,IT043C,2016,644.75,,,IT043C,IT,,2016,cars_per_1000,Number of registered cars per 1000 population
A,TT1057I,IT043C,2017,652.38,,,IT043C,IT,,2017,cars_per_1000,Number of registered cars per 1000 population
A,TT1057I,IT043C,2018,662.53,,,IT043C,IT,,2018,cars_per_1000,Number of registered cars per 1000 population
A,TT1057I,IT043C,2019,675.08,b,,IT043C,IT,,2019,cars_per_1000,Number of registered cars per 1000 population
A,TT1057I,IT043C,2020,681.02,,,IT043C,IT,,2020,cars_per_1000,Number of registered cars per 1000 population
A,TT1057I,IT043C,2021,682.79,,,IT043C,IT,,2021,cars_per_1000,Number of registered cars per 1000 population
A,TT1057I,IT043C,2022,683.56,,,IT043C,IT,,2022,cars_per_1000,Number of registered cars per 1000 population
A,TT1057I,IT043C,2023,694.35,,,IT043C,IT,,2023,cars_per_1000,Number of registered cars per 1000 population
A,TT1057I,IT044C,2015,564.3,,,IT044C,IT,,2015,cars_per_1000,Number of registered cars per 1000 population
A,TT1057I,IT044C,2016,561.71,,,IT044C,IT,,2016,cars_per_1000,Number of registered cars per 1000 population
A,TT1057I,IT044C,2017,569.62,,,IT044C,IT,,2017,cars_per_1000,Number of registered cars per 1000 population
A,TT1057I,IT044C,2018,572.56,,,IT044C,IT,,2018,cars_per_1000,Number of registered cars per 1000 population
A,TT1057I,IT044C,2019,585.44,b,,IT044C,IT,,2019,cars_per_1000,Number of registered cars per 1000 population
A,TT1057I,IT044C,2020,585.57,,,IT044C,IT,,2020,cars_per_1000,Number of registered cars per 1000 population
A,TT1057I,IT044C,2021,589.2,,,IT044C,IT,,2021,cars_per_1000,Number of registered cars per 1000 population
A,TT1057I,IT044C,2022,596.42,,,IT044C,IT,,2022,cars_per_1000,Number of registered cars per 1000 population
A,TT1057I,IT044C,2023,598.53,,,IT044C,IT,,2023,cars_per_1000,Number of registered cars per 1000 population
A,TT1057I,IT045C,2015,598.56,,,IT045C,IT,,2015,cars_per_1000,Number of registered cars per 1000 population
A,TT1057I,IT045C,2016,606.72,,,IT045C,IT,,2016,cars_per_1000,Number of registered cars per 1000 population
A,TT1057I,IT045C,2017,612.73,,,IT045C,IT,,2017,cars_per_1000,Number of registered cars per 1000 population
A,TT1057I,IT045C,2018,618.36,,,IT045C,IT,,2018,cars_per_1000,Number of registered cars per 1000 population
A,TT1057I,IT045C,2019,635.41,b,,IT045C,IT,,2019,cars_per_1000,Number of registered cars per 1000 population
A,TT1057I,IT045C,2020,645.44,,,IT045C,IT,,2020,cars_per_1000,Number of registered cars per 1000 population
A,TT1057I,IT045C,2021,649.18,,,IT045C,IT,,2021,cars_per_1000,Number of registered cars per 1000 population
A,TT1057I,IT045C,2022,662.34,,,IT045C,IT,,2022,cars_per_1000,Number of registered cars per 1000 population
A,TT1057I,IT045C,2023,674.75,,,IT045C,IT,,2023,cars_per_1000,Number of registered cars per 1000 population
A,TT1057I,IT046C,2015,645.33,,,IT046C,IT,,2015,cars_per_1000,Number of registered cars per 1000 population
A,TT1057I,IT046C,2016,654.87,,,IT046C,IT,,2016,cars_per_1000,Number of registered cars per 1000 population
A,TT1057I,IT046C,2017,664.82,,,IT046C,IT,,2017,cars_per_1000,Number of registered cars per 1000 population
A,TT1057I,IT046C,2018,677.08,,,IT046C,IT,,2018,cars_per_1000,Number of registered cars per 1000 population
A,TT1057I,IT046C,2019,696.88,b,,IT046C,IT,,2019,cars_per_1000,Number of registered cars per 1000 population
A,TT1057I,IT046C,2020,709.43,,,IT046C,IT,,2020,cars_per_1000,Number of registered cars per 1000 population
A,TT1057I,IT046C,2021,730.34,,,IT046C,IT,,2021,cars_per_1000,Number of registered cars per 1000 population
A,TT1057I,IT046C,2022,728.72,,,IT046C,IT,,2022,cars_per_1000,Number of registered cars per 1000 population
A,TT1057I,IT046C,2023,732.78,,,IT046C,IT,,2023,cars_per_1000,Number of registered cars per 1000 population
A,TT1057I,IT047C,2015,545.03,,,IT047C,IT,,2015,cars_per_1000,Number of registered cars per 1000 population
A,TT1057I,IT047C,2016,548.68,,,IT047C,IT,,2016,cars_per_1000,Number of registered cars per 1000 population
A,TT1057I,IT047C,2017,553.79,,,IT047C,IT,,2017,cars_per_1000,Number of registered cars per 1000 population
A,TT1057I,IT047C,2018,560.05,,,IT047C,IT,,2018,cars_per_1000,Number of registered cars per 1000 population
A,TT1057I,IT047C,2019,569.37,b,,IT047C,IT,,2019,cars_per_1000,Number of registered cars per 1000 population
A,TT1057I,IT047C,2020,572.02,,,IT047C,IT,,2020,cars_per_1000,Number of registered cars per 1000 population
A,TT1057I,IT047C,2021,573.95,,,IT047C,IT,,2021,cars_per_1000,Number of registered cars per 1000 population
A,TT1057I,IT047C,2022,575.77,,,IT047C,IT,,2022,cars_per_1000,Number of registered cars per 1000 population
A,TT1057I,IT047C,2023,585.33,,,IT047C,IT,,2023,cars_per_1000,Number of registered cars per 1000 population
A,TT1057I,IT048C,2015,623.06,,,IT048C,IT,,2015,cars_per_1000,Number of registered cars per 1000 population
A,TT1057I,IT048C,2016,629.05,,,IT048C,IT,,2016,cars_per_1000,Number of registered cars per 1000 population
A,TT1057I,IT048C,2017,639.54,,,IT048C,IT,,2017,cars_per_1000,Number of registered cars per 1000 population
A,TT1057I,IT048C,2018,644.5,,,IT048C,IT,,2018,cars_per_1000,Number of registered cars per 1000 population
A,TT1057I,IT048C,2019,646.78,b,,IT048C,IT,,2019,cars_per_1000,Number of registered cars per 1000 population
A,TT1057I,IT048C,2020,647.22,,,IT048C,IT,,2020,cars_per_1000,Number of registered cars per 1000 population
A,TT1057I,IT048C,2021,652.36,,,IT048C,IT,,2021,cars_per_1000,Number of registered cars per 1000 population
A,TT1057I,IT048C,2022,653.03,,,IT048C,IT,,2022,cars_per_1000,Number of registered cars per 1000 population
A,TT1057I,IT048C,2023,659.85,,,IT048C,IT,,2023,cars_per_1000,Number of registered cars per 1000 population
A,TT1057I,IT049C,2015,728.0,,,IT049C,IT,,2015,cars_per_1000,Number of registered cars per 1000 population
A,TT1057I,IT049C,2016,741.5,,,IT049C,IT,,2016,cars_per_1000,Number of registered cars per 1000 population
A,TT1057I,IT049C,2017,751.3,,,IT049C,IT,,2017,cars_per_1000,Number of registered cars per 1000 population
A,TT1057I,IT049C,2018,766.61,,,IT049C,IT,,2018,cars_per_1000,Number of registered cars per 1000 population
A,TT1057I,IT049C,2019,795.02,b,,IT049C,IT,,2019,cars_per_1000,Number of registered cars per 1000 population
A,TT1057I,IT049C,2020,804.46,,,IT049C,IT,,2020,cars_per_1000,Number of registered cars per 1000 population
A,TT1057I,IT049C,2021,817.65,,,IT049C,IT,,2021,cars_per_1000,Number of registered cars per 1000 population
A,TT1057I,IT049C,2022,816.1,,,IT049C,IT,,2022,cars_per_1000,Number of registered cars per 1000 population
A,TT1057I,IT049C,2023,822.89,,,IT049C,IT,,2023,cars_per_1000,Number of registered cars per 1000 population
A,TT1057I,IT050C,2015,606.8,,,IT050C,IT,,2015,cars_per_1000,Number of registered cars per 1000 population
A,TT1057I,IT050C,2016,613.3,,,IT050C,IT,,2016,cars_per_1000,Number of registered cars per 1000 population
A,TT1057I,IT050C,2017,620.19,,,IT050C,IT,,2017,cars_per_1000,Number of registered cars per 1000 population
A,TT1057I,IT050C,2018,626.53,,,IT050C,IT,,2018,cars_per_1000,Number of registered cars per 1000 population
A,TT1057I,IT050C,2019,633.33,b,,IT050C,IT,,2019,cars_per_1000,Number of registered cars per 1000 population
A,TT1057I,IT050C,2020,640.5,,,IT050C,IT,,2020,cars_per_1000,Number of registered cars per 1000 population
A,TT1057I,IT050C,2021,641.32,,,IT050C,IT,,2021,cars_per_1000,Number of registered cars per 1000 population
A,TT1057I,IT050C,2022,646.35,,,IT050C,IT,,2022,cars_per_1000,Number of registered cars per 1000 population
A,TT1057I,IT050C,2023,656.98,,,IT050C,IT,,2023,cars_per_1000,Number of registered cars per 1000 population
A,TT1057I,IT051C,2015,684.44,,,IT051C,IT,,2015,cars_per_1000,Number of registered cars per 1000 population
A,TT1057I,IT051C,2016,703.7,,,IT051C,IT,,2016,cars_per_1000,Number of registered cars per 1000 population
A,TT1057I,IT051C,2017,724.81,,,IT051C,IT,,2017,cars_per_1000,Number of registered cars per 1000 population
A,TT1057I,IT051C,2018,734.23,,,IT051C,IT,,2018,cars_per_1000,Number of registered cars per 1000 population
A,TT1057I,IT051C,2019,730.12,b,,IT051C,IT,,2019,cars_per_1000,Number of registered cars per 1000 population
A,TT1057I,IT051C,2020,714.24,,,IT051C,IT,,2020,cars_per_1000,Number of registered cars per 1000 population
A,TT1057I,IT051C,2021,707.2,,,IT051C,IT,,2021,cars_per_1000,Number of registered cars per 1000 population
A,TT1057I,IT051C,2022,708.35,,,IT051C,IT,,2022,cars_per_1000,Number of registered cars per 1000 population
A,TT1057I,IT051C,2023,717.76,,,IT051C,IT,,2023,cars_per_1000,Number of registered cars per 1000 population
A,TT1057I,IT052C,2015,577.68,,,IT052C,IT,,2015,cars_per_1000,Number of registered cars per 1000 population
A,TT1057I,IT052C,2016,584.7,,,IT052C,IT,,2016,cars_per_1000,Number of registered cars per 1000 population
A,TT1057I,IT052C,2017,587.94,,,IT052C,IT,,2017,cars_per_1000,Number of registered cars per 1000 population
A,TT1057I,IT052C,2018,594.85,,,IT052C,IT,,2018,cars_per_1000,Number of registered cars per 1000 population
A,TT1057I,IT052C,2019,597.93,b,,IT052C,IT,,2019,cars_per_1000,Number of registered cars per 1000 population
A,TT1057I,IT052C,2020,600.57,,,IT052C,IT,,2020,cars_per_1000,Number of registered cars per 1000 population
A,TT1057I,IT052C,2021,604.54,,,IT052C,IT,,2021,cars_per_1000,Number of registered cars per 1000 population
A,TT1057I,IT052C,2022,614.32,,,IT052C,IT,,2022,cars_per_1000,Number of registered cars per 1000 population
A,TT1057I,IT052C,2023,620.49,,,IT052C,IT,,2023,cars_per_1000,Number of registered cars per 1000 population
A,TT1057I,IT053C,2015,484.17,,,IT053C,IT,,2015,cars_per_1000,Number of registered cars per 1000 population
A,TT1057I,IT053C,2016,492.36,,,IT053C,IT,,2016,cars_per_1000,Number of registered cars per 1000 population
A,TT1057I,IT053C,2017,503.19,,,IT053C,IT,,2017,cars_per_1000,Number of registered cars per 1000 population
A,TT1057I,IT053C,2018,519.07,,,IT053C,IT,,2018,cars_per_1000,Number of registered cars per 1000 population
A,TT1057I,IT053C,2019,537.31,b,,IT053C,IT,,2019,cars_per_1000,Number of registered cars per 1000 population
A,TT1057I,IT053C,2020,543.74,,,IT053C,IT,,2020,cars_per_1000,Number of registered cars per 1000 population
A,TT1057I,IT053C,2021,551.94,,,IT053C,IT,,2021,cars_per_1000,Number of registered cars per 1000 population
A,TT1057I,IT053C,2022,559.23,,,IT053C,IT,,2022,cars_per_1000,Number of registered cars per 1000 population
A,TT1057I,IT053C,2023,568.61,,,IT053C,IT,,2023,cars_per_1000,Number of registered cars per 1000 population
A,TT1057I,IT054C,2015,490.3,,,IT054C,IT,,2015,cars_per_1000,Number of registered cars per 1000 population
A,TT1057I,IT054C,2016,500.0,,,IT054C,IT,,2016,cars_per_1000,Number of registered cars per 1000 population
A,TT1057I,IT054C,2017,510.03,,,IT054C,IT,,2017,cars_per_1000,Number of registered cars per 1000 population
A,TT1057I,IT054C,2018,521.98,,,IT054C,IT,,2018,cars_per_1000,Number of registered cars per 1000 population
A,TT1057I,IT054C,2019,554.21,b,,IT054C,IT,,2019,cars_per_1000,Number of registered cars per 1000 population
A,TT1057I,IT054C,2020,562.61,,,IT054C,IT,,2020,cars_per_1000,Number of registered cars per 1000 population
A,TT1057I,IT054C,2021,559.22,,,IT054C,IT,,2021,cars_per_1000,Number of registered cars per 1000 population
A,TT1057I,IT054C,2022,563.43,,,IT054C,IT,,2022,cars_per_1000,Number of registered cars per 1000 population
A,TT1057I,IT054C,2023,571.22,,,IT054C,IT,,2023,cars_per_1000,Number of registered cars per 1000 population
A,TT1057I,IT055C,2015,485.7,,,IT055C,IT,,2015,cars_per_1000,Number of registered cars per 1000 population
A,TT1057I,IT055C,2016,493.74,,,IT055C,IT,,2016,cars_per_1000,Number of registered cars per 1000 population
A,TT1057I,IT055C,2017,503.72,,,IT055C,IT,,2017,cars_per_1000,Number of registered cars per 1000 population
A,TT1057I,IT055C,2018,512.75,,,IT055C,IT,,2018,cars_per_1000,Number of registered cars per 1000 population
A,TT1057I,IT055C,2019,528.16,b,,IT055C,IT,,2019,cars_per_1000,Number of registered cars per 1000 population
A,TT1057I,IT055C,2020,529.13,,,IT055C,IT,,2020,cars_per_1000,Number of registered cars per 1000 population
A,TT1057I,IT055C,2021,534.12,,,IT055C,IT,,2021,cars_per_1000,Number of registered cars per 1000 population
A,TT1057I,IT055C,2022,539.39,,,IT055C,IT,,2022,cars_per_1000,Number of registered cars per 1000 population
A,TT1057I,IT055C,2023,548.35,,,IT055C,IT,,2023,cars_per_1000,Number of registered cars per 1000 population
A,TT1057I,IT056C,2015,595.9,,,IT056C,IT,,2015,cars_per_1000,Number of registered cars per 1000 population
A,TT1057I,IT056C,2016,600.24,,,IT056C,IT,,2016,cars_per_1000,Number of registered cars per 1000 population
A,TT1057I,IT056C,2017,607.81,,,IT056C,IT,,2017,cars_per_1000,Number of registered cars per 1000 population
A,TT1057I,IT056C,2018,618.53,,,IT056C,IT,,2018,cars_per_1000,Number of registered cars per 1000 population
A,TT1057I,IT056C,2019,629.23,b,,IT056C,IT,,2019,cars_per_1000,Number of registered cars per 1000 population
A,TT1057I,IT056C,2020,639.03,,,IT056C,IT,,2020,cars_per_1000,Number of registered cars per 1000 population
A,TT1057I,IT056C,2021,652.02,,,IT056C,IT,,2021,cars_per_1000,Number of registered cars per 1000 population
A,TT1057I,IT056C,2022,656.39,,,IT056C,IT,,2022,cars_per_1000,Number of registered cars per 1000 population
A,TT1057I,IT056C,2023,667.15,,,IT056C,IT,,2023,cars_per_1000,Number of registered cars per 1000 population
A,TT1057I,IT057C,2015,551.33,,,IT057C,IT,,2015,cars_per_1000,Number of registered cars per 1000 population
A,TT1057I,IT057C,2016,559.53,,,IT057C,IT,,2016,cars_per_1000,Number of registered cars per 1000 population
A,TT1057I,IT057C,2017,568.14,,,IT057C,IT,,2017,cars_per_1000,Number of registered cars per 1000 population
A,TT1057I,IT057C,2018,575.84,,,IT057C,IT,,2018,cars_per_1000,Number of registered cars per 1000 population
A,TT1057I,IT057C,2019,589.64,b,,IT057C,IT,,2019,cars_per_1000,Number of registered cars per 1000 population
A,TT1057I,IT057C,2020,596.4,,,IT057C,IT,,2020,cars_per_1000,Number of registered cars per 1000 population
A,TT1057I,IT057C,2021,609.41,,,IT057C,IT,,2021,cars_per_1000,Number of registered cars per 1000 population
A,TT1057I,IT057C,2022,612.42,,,IT057C,IT,,2022,cars_per_1000,Number of registered cars per 1000 population
A,TT1057I,IT057C,2023,620.66,,,IT057C,IT,,2023,cars_per_1000,Number of registered cars per 1000 population
A,TT1057I,IT058C,2015,601.06,,,IT058C,IT,,2015,cars_per_1000,Number of registered cars per 1000 population
A,TT1057I,IT058C,2016,606.42,,,IT058C,IT,,2016,cars_per_1000,Number of registered cars per 1000 population
A,TT1057I,IT058C,2017,610.41,,,IT058C,IT,,2017,cars_per_1000,Number of registered cars per 1000 population
A,TT1057I,IT058C,2018,617.63,,,IT058C,IT,,2018,cars_per_1000,Number of registered cars per 1000 population
A,TT1057I,IT058C,2019,621.58,b,,IT058C,IT,,2019,cars_per_1000,Number of registered cars per 1000 population
A,TT1057I,IT058C,2020,625.31,,,IT058C,IT,,2020,cars_per_1000,Number of registered cars per 1000 population
A,TT1057I,IT058C,2021,635.69,,,IT058C,IT,,2021,cars_per_1000,Number of registered cars per 1000 population
A,TT1057I,IT058C,2022,645.98,,,IT058C,IT,,2022,cars_per_1000,Number of registered cars per 1000 population
A,TT1057I,IT058C,2023,647.98,,,IT058C,IT,,2023,cars_per_1000,Number of registered cars per 1000 population
A,TT1057I,IT059C,2015,552.09,,,IT059C,IT,,2015,cars_per_1000,Number of registered cars per 1000 population
A,TT1057I,IT059C,2016,563.0,,,IT059C,IT,,2016,cars_per_1000,Number of registered cars per 1000 population
A,TT1057I,IT059C,2017,577.63,,,IT059C,IT,,2017,cars_per_1000,Number of registered cars per 1000 population
A,TT1057I,IT059C,2018,595.44,,,IT059C,IT,,2018,cars_per_1000,Number of registered cars per 1000 population
A,TT1057I,IT059C,2019,639.01,b,,IT059C,IT,,2019,cars_per_1000,Number of registered cars per 1000 population
A,TT1057I,IT059C,2020,655.14,,,IT059C,IT,,2020,cars_per_1000,Number of registered cars per 1000 population
A,TT1057I,IT059C,2021,640.55,,,IT059C,IT,,2021,cars_per_1000,Number of registered cars per 1000 population
A,TT1057I,IT059C,2022,648.03,,,IT059C,IT,,2022,cars_per_1000,Number of registered cars per 1000 population
A,TT1057I,IT059C,2023,662.15,,,IT059C,IT,,2023,cars_per_1000,Number of registered cars per 1000 population
A,TT1057I,IT060C,2015,530.77,,,IT060C,IT,,2015,cars_per_1000,Number of registered cars per 1000 population
A,TT1057I,IT060C,2016,542.06,,,IT060C,IT,,2016,cars_per_1000,Number of registered cars per 1000 population
A,TT1057I,IT060C,2017,552.73,,,IT060C,IT,,2017,cars_per_1000,Number of registered cars per 1000 population
A,TT1057I,IT060C,2018,566.62,,,IT060C,IT,,2018,cars_per_1000,Number of registered cars per 1000 population
A,TT1057I,IT060C,2019,585.39,b,,IT060C,IT,,2019,cars_per_1000,Number of registered cars per 1000 population
A,TT1057I,IT060C,2020,595.73,,,IT060C,IT,,2020,cars_per_1000,Number of registered cars per 1000 population
A,TT1057I,IT060C,2021,601.65,,,IT060C,IT,,2021,cars_per_1000,Number of registered cars per 1000 population
A,TT1057I,IT060C,2022,611.6,,,IT060C,IT,,2022,cars_per_1000,Number of registered cars per 1000 population
A,TT1057I,IT060C,2023,623.34,,,IT060C,IT,,2023,cars_per_1000,Number of registered cars per 1000 population
A,TT1057I,IT061C,2015,545.54,,,IT061C,IT,,2015,cars_per_1000,Number of registered cars per 1000 population
A,TT1057I,IT061C,2016,555.02,,,IT061C,IT,,2016,cars_per_1000,Number of registered cars per 1000 population
A,TT1057I,IT061C,2017,561.9,,,IT061C,IT,,2017,cars_per_1000,Number of registered cars per 1000 population
A,TT1057I,IT061C,2018,573.91,,,IT061C,IT,,2018,cars_per_1000,Number of registered cars per 1000 population
A,TT1057I,IT061C,2019,603.1,b,,IT061C,IT,,2019,cars_per_1000,Number of registered cars per 1000 population
A,TT1057I,IT061C,2020,612.26,,,IT061C,IT,,2020,cars_per_1000,Number of registered cars per 1000 population
A,TT1057I,IT061C,2021,621.67,,,IT061C,IT,,2021,cars_per_1000,Number of registered cars per 1000 population
A,TT1057I,IT061C,2022,621.37,,,IT061C,IT,,2022,cars_per_1000,Number of registered cars per 1000 population
A,TT1057I,IT061C,2023,628.88,,,IT061C,IT,,2023,cars_per_1000,Number of registered cars per 1000 population
A,TT1057I,IT062C,2015,656.91,,,IT062C,IT,,2015,cars_per_1000,Number of registered cars per 1000 population
A,TT1057I,IT062C,2016,662.47,,,IT062C,IT,,2016,cars_per_1000,Number of registered cars per 1000 population
A,TT1057I,IT062C,2017,671.94,,,IT062C,IT,,2017,cars_per_1000,Number of registered cars per 1000 population
A,TT1057I,IT062C,2018,675.18,,,IT062C,IT,,2018,cars_per_1000,Number of registered cars per 1000 population
A,TT1057I,IT062C,2019,733.56,b,,IT062C,IT,,2019,cars_per_1000,Number of registered cars per 1000 population
A,TT1057I,IT062C,2020,735.68,,,IT062C,IT,,2020,cars_per_1000,Number of registered cars per 1000 population
A,TT1057I,IT062C,2021,672.81,,,IT062C,IT,,2021,cars_per_1000,Number of registered cars per 1000 population
A,TT1057I,IT062C,2022,675.68,,,IT062C,IT,,2022,cars_per_1000,Number of registered cars per 1000 population
A,TT1057I,IT062C,2023,679.86,,,IT062C,IT,,2023,cars_per_1000,Number of registered cars per 1000 population
A,TT1057I,IT063C,2015,675.8,,,IT063C,IT,,2015,cars_per_1000,Number of registered cars per 1000 population
A,TT1057I,IT063C,2016,693.51,,,IT063C,IT,,2016,cars_per_1000,Number of registered cars per 1000 population
A,TT1057I,IT063C,2017,707.67,,,IT063C,IT,,2017,cars_per_1000,Number of registered cars per 1000 population
A,TT1057I,IT063C,2018,727.38,,,IT063C,IT,,2018,cars_per_1000,Number of registered cars per 1000 population
A,TT1057I,IT063C,2019,719.34,b,,IT063C,IT,,2019,cars_per_1000,Number of registered cars per 1000 population
A,TT1057I,IT063C,2020,729.73,,,IT063C,IT,,2020,cars_per_1000,Number of registered cars per 1000 population
A,TT1057I,IT063C,2021,706.77,,,IT063C,IT,,2021,cars_per_1000,Number of registered cars per 1000 population
A,TT1057I,IT063C,2022,720.55,,,IT063C,IT,,2022,cars_per_1000,Number of registered cars per 1000 population
A,TT1057I,IT063C,2023,730.44,,,IT063C,IT,,2023,cars_per_1000,Number of registered cars per 1000 population
A,TT1057I,IT064C,2015,590.61,,,IT064C,IT,,2015,cars_per_1000,Number of registered cars per 1000 population
A,TT1057I,IT064C,2016,600.31,,,IT064C,IT,,2016,cars_per_1000,Number of registered cars per 1000 population
A,TT1057I,IT064C,2017,610.0,,,IT064C,IT,,2017,cars_per_1000,Number of registered cars per 1000 population
A,TT1057I,IT064C,2018,619.72,,,IT064C,IT,,2018,cars_per_1000,Number of registered cars per 1000 population
A,TT1057I,IT064C,2019,633.48,b,,IT064C,IT,,2019,cars_per_1000,Number of registered cars per 1000 population
A,TT1057I,IT064C,2020,641.85,,,IT064C,IT,,2020,cars_per_1000,Number of registered cars per 1000 population
A,TT1057I,IT064C,2021,657.44,,,IT064C,IT,,2021,cars_per_1000,Number of registered cars per 1000 population
A,TT1057I,IT064C,2022,659.91,,,IT064C,IT,,2022,cars_per_1000,Number of registered cars per 1000 population
A,TT1057I,IT064C,2023,666.64,,,IT064C,IT,,2023,cars_per_1000,Number of registered cars per 1000 population
A,TT1057I,IT065C,2015,601.68,,,IT065C,IT,,2015,cars_per_1000,Number of registered cars per 1000 population
A,TT1057I,IT065C,2016,607.25,,,IT065C,IT,,2016,cars_per_1000,Number of registered cars per 1000 population
A,TT1057I,IT065C,2017,611.31,,,IT065C,IT,,2017,cars_per_1000,Number of registered cars per 1000 population
A,TT1057I,IT065C,2018,613.64,,,IT065C,IT,,2018,cars_per_1000,Number of registered cars per 1000 population
A,TT1057I,IT065C,2019,618.27,b,,IT065C,IT,,2019,cars_per_1000,Number of registered cars per 1000 population
A,TT1057I,IT065C,2020,613.58,,,IT065C,IT,,2020,cars_per_1000,Number of registered cars per 1000 population
A,TT1057I,IT065C,2021,587.14,,,IT065C,IT,,2021,cars_per_1000,Number of registered cars per 1000 population
A,TT1057I,IT065C,2022,609.19,,,IT065C,IT,,2022,cars_per_1000,Number of registered cars per 1000 population
A,TT1057I,IT065C,2023,615.35,,,IT065C,IT,,2023,cars_per_1000,Number of registered cars per 1000 population
A,TT1057I,IT066C,2015,592.24,,,IT066C,IT,,2015,cars_per_1000,Number of registered cars per 1000 population
A,TT1057I,IT066C,2016,595.94,,,IT066C,IT,,2016,cars_per_1000,Number of registered cars per 1000 population
A,TT1057I,IT066C,2017,603.65,,,IT066C,IT,,2017,cars_per_1000,Number of registered cars per 1000 population
A,TT1057I,IT066C,2018,607.52,,,IT066C,IT,,2018,cars_per_1000,Number of registered cars per 1000 population
A,TT1057I,IT066C,2019,609.95,b,,IT066C,IT,,2019,cars_per_1000,Number of registered cars per 1000 population
A,TT1057I,IT066C,2020,606.43,,,IT066C,IT,,2020,cars_per_1000,Number of registered cars per 1000 population
A,TT1057I,IT066C,2021,625.47,,,IT066C,IT,,2021,cars_per_1000,Number of registered cars per 1000 population
A,TT1057I,IT066C,2022,629.09,,,IT066C,IT,,2022,cars_per_1000,Number of registered cars per 1000 population
A,TT1057I,IT066C,2023,633.4,,,IT066C,IT,,2023,cars_per_1000,Number of registered cars per 1000 population
A,TT1057I,IT067C,2015,534.64,,,IT067C,IT,,2015,cars_per_1000,Number of registered cars per 1000 population
A,TT1057I,IT067C,2016,538.35,,,IT067C,IT,,2016,cars_per_1000,Number of registered cars per 1000 population
A,TT1057I,IT067C,2017,544.29,,,IT067C,IT,,2017,cars_per_1000,Number of registered cars per 1000 population
A,TT1057I,IT067C,2018,549.29,,,IT067C,IT,,2018,cars_per_1000,Number of registered cars per 1000 population
A,TT1057I,IT067C,2019,555.1,b,,IT067C,IT,,2019,cars_per_1000,Number of registered cars per 1000 population
A,TT1057I,IT067C,2020,557.96,,,IT067C,IT,,2020,cars_per_1000,Number of registered cars per 1000 population
A,TT1057I,IT067C,2021,564.61,,,IT067C,IT,,2021,cars_per_1000,Number of registered cars per 1000 population
A,TT1057I,IT067C,2022,570.41,,,IT067C,IT,,2022,cars_per_1000,Number of registered cars per 1000 population
A,TT1057I,IT067C,2023,580.36,,,IT067C,IT,,2023,cars_per_1000,Number of registered cars per 1000 population
A,TT1057I,IT068C,2015,657.06,,,IT068C,IT,,2015,cars_per_1000,Number of registered cars per 1000 population
A,TT1057I,IT068C,2016,652.51,,,IT068C,IT,,2016,cars_per_1000,Number of registered cars per 1000 population
A,TT1057I,IT068C,2017,649.77,,,IT068C,IT,,2017,cars_per_1000,Number of registered cars per 1000 population
A,TT1057I,IT068C,2018,643.01,,,IT068C,IT,,2018,cars_per_1000,Number of registered cars per 1000 population
A,TT1057I,IT068C,2019,645.46,b,,IT068C,IT,,2019,cars_per_1000,Number of registered cars per 1000 population
A,TT1057I,IT068C,2020,642.2,,,IT068C,IT,,2020,cars_per_1000,Number of registered cars per 1000 population
A,TT1057I,IT068C,2021,642.48,,,IT068C,IT,,2021,cars_per_1000,Number of registered cars per 1000 population
A,TT1057I,IT068C,2022,703.16,,,IT068C,IT,,2022,cars_per_1000,Number of registered cars per 1000 population
A,TT1057I,IT068C,2023,878.04,,,IT068C,IT,,2023,cars_per_1000,Number of registered cars per 1000 population
A,TT1057I,IT069C,2015,660.46,,,IT069C,IT,,2015,cars_per_1000,Number of registered cars per 1000 population
A,TT1057I,IT069C,2016,670.38,,,IT069C,IT,,2016,cars_per_1000,Number of registered cars per 1000 population
A,TT1057I,IT069C,2017,682.06,,,IT069C,IT,,2017,cars_per_1000,Number of registered cars per 1000 population
A,TT1057I,IT069C,2018,689.36,,,IT069C,IT,,2018,cars_per_1000,Number of registered cars per 1000 population
A,TT1057I,IT069C,2019,703.06,b,,IT069C,IT,,2019,cars_per_1000,Number of registered cars per 1000 population
A,TT1057I,IT069C,2020,708.55,,,IT069C,IT,,2020,cars_per_1000,Number of registered cars per 1000 population
A,TT1057I,IT069C,2021,712.65,,,IT069C,IT,,2021,cars_per_1000,Number of registered cars per 1000 population
A,TT1057I,IT069C,2022,720.08,,,IT069C,IT,,2022,cars_per_1000,Number of registered cars per 1000 population
A,TT1057I,IT069C,2023,731.23,,,IT069C,IT,,2023,cars_per_1000,Number of registered cars per 1000 population
A,TT1057I,IT070C,2015,624.02,,,IT070C,IT,,2015,cars_per_1000,Number of registered cars per 1000 population
A,TT1057I,IT070C,2016,631.8,,,IT070C,IT,,2016,cars_per_1000,Number of registered cars per 1000 population
A,TT1057I,IT070C,2017,643.51,,,IT070C,IT,,2017,cars_per_1000,Number of registered cars per 1000 population
A,TT1057I,IT070C,2018,646.26,,,IT070C,IT,,2018,cars_per_1000,Number of registered cars per 1000 population
A,TT1057I,IT070C,2019,646.59,b,,IT070C,IT,,2019,cars_per_1000,Number of registered cars per 1000 population
A,TT1057I,IT070C,2020,647.69,,,IT070C,IT,,2020,cars_per_1000,Number of registered cars per 1000 population
A,TT1057I,IT070C,2021,652.33,,,IT070C,IT,,2021,cars_per_1000,Number of registered cars per 1000 population
A,TT1057I,IT070C,2022,660.48,,,IT070C,IT,,2022,cars_per_1000,Number of registered cars per 1000 population
A,TT1057I,IT070C,2023,663.72,,,IT070C,IT,,2023,cars_per_1000,Number of registered cars per 1000 population
A,TT1057I,IT071C,2015,588.88,,,IT071C,IT,,2015,cars_per_1000,Number of registered cars per 1000 population
A,TT1057I,IT071C,2016,597.56,,,IT071C,IT,,2016,cars_per_1000,Number of registered cars per 1000 population
A,TT1057I,IT071C,2017,602.3,,,IT071C,IT,,2017,cars_per_1000,Number of registered cars per 1000 population
A,TT1057I,IT071C,2018,607.73,,,IT071C,IT,,2018,cars_per_1000,Number of registered cars per 1000 population
A,TT1057I,IT071C,2019,622.58,b,,IT071C,IT,,2019,cars_per_1000,Number of registered cars per 1000 population
A,TT1057I,IT071C,2020,622.41,,,IT071C,IT,,2020,cars_per_1000,Number of registered cars per 1000 population
A,TT1057I,IT071C,2021,618.68,,,IT071C,IT,,2021,cars_per_1000,Number of registered cars per 1000 population
A,TT1057I,IT071C,2022,627.86,,,IT071C,IT,,2022,cars_per_1000,Number of registered cars per 1000 population
A,TT1057I,IT071C,2023,635.9,,,IT071C,IT,,2023,cars_per_1000,Number of registered cars per 1000 population
A,TT1057I,IT072C,2015,653.84,,,IT072C,IT,,2015,cars_per_1000,Number of registered cars per 1000 population
A,TT1057I,IT072C,2016,660.55,,,IT072C,IT,,2016,cars_per_1000,Number of registered cars per 1000 population
A,TT1057I,IT072C,2017,666.99,,,IT072C,IT,,2017,cars_per_1000,Number of registered cars per 1000 population
A,TT1057I,IT072C,2018,678.89,,,IT072C,IT,,2018,cars_per_1000,Number of registered cars per 1000 population
A,TT1057I,IT072C,2019,696.37,b,,IT072C,IT,,2019,cars_per_1000,Number of registered cars per 1000 population
A,TT1057I,IT072C,2020,703.9,,,IT072C,IT,,2020,cars_per_1000,Number of registered cars per 1000 population
A,TT1057I,IT072C,2021,716.99,,,IT072C,IT,,2021,cars_per_1000,Number of registered cars per 1000 population
A,TT1057I,IT072C,2022,716.96,,,IT072C,IT,,2022,cars_per_1000,Number of registered cars per 1000 population
A,TT1057I,IT072C,2023,725.89,,,IT072C,IT,,2023,cars_per_1000,Number of registered cars per 1000 population
A,TT1057I,IT073C,2015,584.44,,,IT073C,IT,,2015,cars_per_1000,Number of registered cars per 1000 population
A,TT1057I,IT073C,2016,594.14,,,IT073C,IT,,2016,cars_per_1000,Number of registered cars per 1000 population
A,TT1057I,IT073C,2017,600.25,,,IT073C,IT,,2017,cars_per_1000,Number of registered cars per 1000 population
A,TT1057I,IT073C,2018,606.25,,,IT073C,IT,,2018,cars_per_1000,Number of registered cars per 1000 population
A,TT1057I,IT073C,2019,620.16,b,,IT073C,IT,,2019,cars_per_1000,Number of registered cars per 1000 population
A,TT1057I,IT073C,2020,611.21,,,IT073C,IT,,2020,cars_per_1000,Number of registered cars per 1000 population
A,TT1057I,IT073C,2021,608.64,,,IT073C,IT,,2021,cars_per_1000,Number of registered cars per 1000 population
A,TT1057I,IT073C,2022,617.17,,,IT073C,IT,,2022,cars_per_1000,Number of registered cars per 1000 population
A,TT1057I,IT073C,2023,624.89,,,IT073C,IT,,2023,cars_per_1000,Number of registered cars per 1000 population
A,TT1057I,IT074C,2015,626.09,,,IT074C,IT,,2015,cars_per_1000,Number of registered cars per 1000 population
A,TT1057I,IT074C,2016,633.12,,,IT074C,IT,,2016,cars_per_1000,Number of registered cars per 1000 population
A,TT1057I,IT074C,2017,639.32,,,IT074C,IT,,2017,cars_per_1000,Number of registered cars per 1000 population
A,TT1057I,IT074C,2018,645.5,,,IT074C,IT,,2018,cars_per_1000,Number of registered cars per 1000 population
A,TT1057I,IT074C,2019,649.87,b,,IT074C,IT,,2019,cars_per_1000,Number of registered cars per 1000 population
A,TT1057I,IT074C,2020,651.66,,,IT074C,IT,,2020,cars_per_1000,Number of registered cars per 1000 population
A,TT1057I,IT074C,2021,655.06,,,IT074C,IT,,2021,cars_per_1000,Number of registered cars per 1000 population
A,TT1057I,IT074C,2022,660.98,,,IT074C,IT,,2022,cars_per_1000,Number of registered cars per 1000 population
A,TT1057I,IT074C,2023,664.34,,,IT074C,IT,,2023,cars_per_1000,Number of registered cars per 1000 population
A,TT1057I,IT075C,2015,683.76,,,IT075C,IT,,2015,cars_per_1000,Number of registered cars per 1000 population
A,TT1057I,IT075C,2016,686.3,,,IT075C,IT,,2016,cars_per_1000,Number of registered cars per 1000 population
A,TT1057I,IT075C,2017,690.73,,,IT075C,IT,,2017,cars_per_1000,Number of registered cars per 1000 population
A,TT1057I,IT075C,2018,690.76,,,IT075C,IT,,2018,cars_per_1000,Number of registered cars per 1000 population
A,TT1057I,IT075C,2019,700.83,b,,IT075C,IT,,2019,cars_per_1000,Number of registered cars per 1000 population
A,TT1057I,IT075C,2020,709.15,,,IT075C,IT,,2020,cars_per_1000,Number of registered cars per 1000 population
A,TT1057I,IT075C,2021,703.86,,,IT075C,IT,,2021,cars_per_1000,Number of registered cars per 1000 population
A,TT1057I,IT075C,2022,700.57,,,IT075C,IT,,2022,cars_per_1000,Number of registered cars per 1000 population
A,TT1057I,IT075C,2023,712.14,,,IT075C,IT,,2023,cars_per_1000,Number of registered cars per 1000 population
A,TT1057I,IT076C,2015,597.36,,,IT076C,IT,,2015,cars_per_1000,Number of registered cars per 1000 population
A,TT1057I,IT076C,2016,607.12,,,IT076C,IT,,2016,cars_per_1000,Number of registered cars per 1000 population
A,TT1057I,IT076C,2017,619.88,,,IT076C,IT,,2017,cars_per_1000,Number of registered cars per 1000 population
A,TT1057I,IT076C,2018,627.32,,,IT076C,IT,,2018,cars_per_1000,Number of registered cars per 1000 population
A,TT1057I,IT076C,2019,644.05,b,,IT076C,IT,,2019,cars_per_1000,Number of registered cars per 1000 population
A,TT1057I,IT076C,2020,640.84,,,IT076C,IT,,2020,cars_per_1000,Number of registered cars per 1000 population
A,TT1057I,IT076C,2021,633.9,,,IT076C,IT,,2021,cars_per_1000,Number of registered cars per 1000 population
A,TT1057I,IT076C,2022,642.23,,,IT076C,IT,,2022,cars_per_1000,Number of registered cars per 1000 population
A,TT1057I,IT076C,2023,648.69,,,IT076C,IT,,2023,cars_per_1000,Number of registered cars per 1000 population
A,TT1057I,IT077C,2015,638.28,,,IT077C,IT,,2015,cars_per_1000,Number of registered cars per 1000 population
A,TT1057I,IT077C,2016,645.39,,,IT077C,IT,,2016,cars_per_1000,Number of registered cars per 1000 population
A,TT1057I,IT077C,2017,651.32,,,IT077C,IT,,2017,cars_per_1000,Number of registered cars per 1000 population
A,TT1057I,IT077C,2018,657.73,,,IT077C,IT,,2018,cars_per_1000,Number of registered cars per 1000 population
A,TT1057I,IT077C,2019,666.43,b,,IT077C,IT,,2019,cars_per_1000,Number of registered cars per 1000 population
A,TT1057I,IT077C,2020,668.86,,,IT077C,IT,,2020,cars_per_1000,Number of registered cars per 1000 population
A,TT1057I,IT077C,2021,682.2,,,IT077C,IT,,2021,cars_per_1000,Number of registered cars per 1000 population
A,TT1057I,IT077C,2022,686.82,,,IT077C,IT,,2022,cars_per_1000,Number of registered cars per 1000 population
A,TT1057I,IT077C,2023,694.53,,,IT077C,IT,,2023,cars_per_1000,Number of registered cars per 1000 population
A,TT1057I,IT078C,2015,589.96,,,IT078C,IT,,2015,cars_per_1000,Number of registered cars per 1000 population
A,TT1057I,IT078C,2016,595.45,,,IT078C,IT,,2016,cars_per_1000,Number of registered cars per 1000 population
A,TT1057I,IT078C,2017,602.4,,,IT078C,IT,,2017,cars_per_1000,Number of registered cars per 1000 population
A,TT1057I,IT078C,2018,608.18,,,IT078C,IT,,2018,cars_per_1000,Number of registered cars per 1000 population
A,TT1057I,IT078C,2019,613.42,b,,IT078C,IT,,2019,cars_per_1000,Number of registered cars per 1000 population
A,TT1057I,IT078C,2020,617.97,,,IT078C,IT,,2020,cars_per_1000,Number of registered cars per 1000 population
A,TT1057I,IT078C,2021,625.22,,,IT078C,IT,,2021,cars_per_1000,Number of registered cars per 1000 population
A,TT1057I,IT078C,2022,632.45,,,IT078C,IT,,2022,cars_per_1000,Number of registered cars per 1000 population
A,TT1057I,IT078C,2023,633.12,,,IT078C,IT,,2023,cars_per_1000,Number of registered cars per 1000 population
A,TT1057I,IT079C,2015,606.05,,,IT079C,IT,,2015,cars_per_1000,Number of registered cars per 1000 population
A,TT1057I,IT079C,2016,614.77,,,IT079C,IT,,2016,cars_per_1000,Number of registered cars per 1000 population
A,TT1057I,IT079C,2017,625.93,,,IT079C,IT,,2017,cars_per_1000,Number of registered cars per 1000 population
A,TT1057I,IT079C,2018,628.53,,,IT079C,IT,,2018,cars_per_1000,Number of registered cars per 1000 population
A,TT1057I,IT079C,2019,640.96,b,,IT079C,IT,,2019,cars_per_1000,Number of registered cars per 1000 population
A,TT1057I,IT079C,2020,645.56,,,IT079C,IT,,2020,cars_per_1000,Number of registered cars per 1000 population
A,TT1057I,IT079C,2021,654.95,,,IT079C,IT,,2021,cars_per_1000,Number of registered cars per 1000 population
A,TT1057I,IT079C,2022,658.48,,,IT079C,IT,,2022,cars_per_1000,Number of registered cars per 1000 population
A,TT1057I,IT079C,2023,662.07,,,IT079C,IT,,2023,cars_per_1000,Number of registered cars per 1000 population
A,TT1057I,IT080C,2015,655.75,,,IT080C,IT,,2015,cars_per_1000,Number of registered cars per 1000 population
A,TT1057I,IT080C,2016,663.51,,,IT080C,IT,,2016,cars_per_1000,Number of registered cars per 1000 population
A,TT1057I,IT080C,2017,671.72,,,IT080C,IT,,2017,cars_per_1000,Number of registered cars per 1000 population
A,TT1057I,IT080C,2018,675.34,,,IT080C,IT,,2018,cars_per_1000,Number of registered cars per 1000 population
A,TT1057I,IT080C,2019,688.65,b,,IT080C,IT,,2019,cars_per_1000,Number of registered cars per 1000 population
A,TT1057I,IT080C,2020,692.68,,,IT080C,IT,,2020,cars_per_1000,Number of registered cars per 1000 population
A,TT1057I,IT080C,2021,694.61,,,IT080C,IT,,2021,cars_per_1000,Number of registered cars per 1000 population
A,TT1057I,IT080C,2022,700.74,,,IT080C,IT,,2022,cars_per_1000,Number of registered cars per 1000 population
A,TT1057I,IT080C,2023,709.25,,,IT080C,IT,,2023,cars_per_1000,Number of registered cars per 1000 population
A,TT1057I,IT081C,2015,635.42,,,IT081C,IT,,2015,cars_per_1000,Number of registered cars per 1000 population
A,TT1057I,IT081C,2016,636.89,,,IT081C,IT,,2016,cars_per_1000,Number of registered cars per 1000 population
A,TT1057I,IT081C,2017,645.45,,,IT081C,IT,,2017,cars_per_1000,Number of registered cars per 1000 population
A,TT1057I,IT081C,2018,652.8,,,IT081C,IT,,2018,cars_per_1000,Number of registered cars per 1000 population
A,TT1057I,IT081C,2019,660.59,b,,IT081C,IT,,2019,cars_per_1000,Number of registered cars per 1000 population
A,TT1057I,IT081C,2020,669.17,,,IT081C,IT,,2020,cars_per_1000,Number of registered cars per 1000 population
A,TT1057I,IT081C,2021,673.91,,,IT081C,IT,,2021,cars_per_1000,Number of registered cars per 1000 population
A,TT1057I,IT081C,2022,677.47,,,IT081C,IT,,2022,cars_per_1000,Number of registered cars per 1000 population
A,TT1057I,IT081C,2023,687.2,,,IT081C,IT,,2023,cars_per_1000,Number of registered cars per 1000 population
A,TT1057I,IT082C,2015,570.9,,,IT082C,IT,,2015,cars_per_1000,Number of registered cars per 1000 population
A,TT1057I,IT082C,2016,577.48,,,IT082C,IT,,2016,cars_per_1000,Number of registered cars per 1000 population
A,TT1057I,IT082C,2017,590.08,,,IT082C,IT,,2017,cars_per_1000,Number of registered cars per 1000 population
A,TT1057I,IT082C,2018,605.05,,,IT082C,IT,,2018,cars_per_1000,Number of registered cars per 1000 population
A,TT1057I,IT082C,2019,624.01,b,,IT082C,IT,,2019,cars_per_1000,Number of registered cars per 1000 population
A,TT1057I,IT082C,2020,630.04,,,IT082C,IT,,2020,cars_per_1000,Number of registered cars per 1000 population
A,TT1057I,IT082C,2021,635.89,,,IT082C,IT,,2021,cars_per_1000,Number of registered cars per 1000 population
A,TT1057I,IT082C,2022,640.93,,,IT082C,IT,,2022,cars_per_1000,Number of registered cars per 1000 population
A,TT1057I,IT082C,2023,650.3,,,IT082C,IT,,2023,cars_per_1000,Number of registered cars per 1000 population
A,TT1057I,IT083C,2015,577.06,,,IT083C,IT,,2015,cars_per_1000,Number of registered cars per 1000 population
A,TT1057I,IT083C,2016,586.32,,,IT083C,IT,,2016,cars_per_1000,Number of registered cars per 1000 population
A,TT1057I,IT083C,2017,599.16,,,IT083C,IT,,2017,cars_per_1000,Number of registered cars per 1000 population
A,TT1057I,IT083C,2018,613.75,,,IT083C,IT,,2018,cars_per_1000,Number of registered cars per 1000 population
A,TT1057I,IT083C,2019,634.0,b,,IT083C,IT,,2019,cars_per_1000,Number of registered cars per 1000 population
A,TT1057I,IT083C,2020,639.72,,,IT083C,IT,,2020,cars_per_1000,Number of registered cars per 1000 population
A,TT1057I,IT083C,2021,636.25,,,IT083C,IT,,2021,cars_per_1000,Number of registered cars per 1000 population
A,TT1057I,IT083C,2022,737.87,,,IT083C,IT,,2022,cars_per_1000,Number of registered cars per 1000 population
A,TT1057I,IT083C,2023,736.6,,,IT083C,IT,,2023,cars_per_1000,Number of registered cars per 1000 population
A,TT1057I,IT084C,2015,688.18,,,IT084C,IT,,2015,cars_per_1000,Number of registered cars per 1000 population
A,TT1057I,IT084C,2016,693.86,,,IT084C,IT,,2016,cars_per_1000,Number of registered cars per 1000 population
A,TT1057I,IT084C,2017,702.3,,,IT084C,IT,,2017,cars_per_1000,Number of registered cars per 1000 population
A,TT1057I,IT084C,2018,708.19,,,IT084C,IT,,2018,cars_per_1000,Number of registered cars per 1000 population
A,TT1057I,IT084C,2019,739.68,b,,IT084C,IT,,2019,cars_per_1000,Number of registered cars per 1000 population
A,TT1057I,IT084C,2020,744.31,,,IT084C,IT,,2020,cars_per_1000,Number of registered cars per 1000 population
A,TT1057I,IT084C,2021,732.25,,,IT084C,IT,,2021,cars_per_1000,Number of registered cars per 1000 population
A,TT1057I,IT084C,2022,737.41,,,IT084C,IT,,2022,cars_per_1000,Number of registered cars per 1000 population
A,TT1057I,IT084C,2023,742.76,,,IT084C,IT,,2023,cars_per_1000,Number of registered cars per 1000 population
A,TT1057I,IT085C,2015,532.36,,,IT085C,IT,,2015,cars_per_1000,Number of registered cars per 1000 population
A,TT1057I,IT085C,2016,542.43,,,IT085C,IT,,2016,cars_per_1000,Number of registered cars per 1000 population
A,TT1057I,IT085C,2017,553.23,,,IT085C,IT,,2017,cars_per_1000,Number of registered cars per 1000 population
A,TT1057I,IT085C,2018,566.8,,,IT085C,IT,,2018,cars_per_1000,Number of registered cars per 1000 population
A,TT1057I,IT085C,2019,582.49,b,,IT085C,IT,,2019,cars_per_1000,Number of registered cars per 1000 population
A,TT1057I,IT085C,2020,591.7,,,IT085C,IT,,2020,cars_per_1000,Number of registered cars per 1000 population
A,TT1057I,IT085C,2021,602.48,,,IT085C,IT,,2021,cars_per_1000,Number of registered cars per 1000 population
A,TT1057I,IT085C,2022,606.39,,,IT085C,IT,,2022,cars_per_1000,Number of registered cars per 1000 population
A,TT1057I,IT085C,2023,617.44,,,IT085C,IT,,2023,cars_per_1000,Number of registered cars per 1000 population
A,TT1057I,IT086C,2015,559.72,,,IT086C,IT,,2015,cars_per_1000,Number of registered cars per 1000 population
A,TT1057I,IT086C,2016,566.89,,,IT086C,IT,,2016,cars_per_1000,Number of registered cars per 1000 population
A,TT1057I,IT086C,2017,578.59,,,IT086C,IT,,2017,cars_per_1000,Number of registered cars per 1000 population
A,TT1057I,IT086C,2018,588.87,,,IT086C,IT,,2018,cars_per_1000,Number of registered cars per 1000 population
A,TT1057I,IT086C,2019,596.39,b,,IT086C,IT,,2019,cars_per_1000,Number of registered cars per 1000 population
A,TT1057I,IT086C,2020,603.41,,,IT086C,IT,,2020,cars_per_1000,Number of registered cars per 1000 population
A,TT1057I,IT086C,2021,616.14,,,IT086C,IT,,2021,cars_per_1000,Number of registered cars per 1000 population
A,TT1057I,IT086C,2022,619.48,,,IT086C,IT,,2022,cars_per_1000,Number of registered cars per 1000 population
A,TT1057I,IT086C,2023,626.74,,,IT086C,IT,,2023,cars_per_1000,Number of registered cars per 1000 population
A,TT1057I,IT087C,2015,753.07,,,IT087C,IT,,2015,cars_per_1000,Number of registered cars per 1000 population
A,TT1057I,IT087C,2016,759.05,,,IT087C,IT,,2016,cars_per_1000,Number of registered cars per 1000 population
A,TT1057I,IT087C,2017,763.59,,,IT087C,IT,,2017,cars_per_1000,Number of registered cars per 1000 population
A,TT1057I,IT087C,2018,768.62,,,IT087C,IT,,2018,cars_per_1000,Number of registered cars per 1000 population
A,TT1057I,IT087C,2019,770.5,b,,IT087C,IT,,2019,cars_per_1000,Number of registered cars per 1000 population
A,TT1057I,IT087C,2020,776.82,,,IT087C,IT,,2020,cars_per_1000,Number of registered cars per 1000 population
A,TT1057I,IT087C,2021,785.27,,,IT087C,IT,,2021,cars_per_1000,Number of registered cars per 1000 population
A,TT1057I,IT087C,2022,790.91,,,IT087C,IT,,2022,cars_per_1000,Number of registered cars per 1000 population
A,TT1057I,IT087C,2023,796.88,,,IT087C,IT,,2023,cars_per_1000,Number of registered cars per 1000 population
A,TT1057I,LT,2015,380.71,,,LT,LT,,2015,cars_per_1000,Number of registered cars per 1000 population
A,TT1057I,LT,2016,396.5,,,LT,LT,,2016,cars_per_1000,Number of registered cars per 1000 population
A,TT1057I,LT,2017,412.7,,,LT,LT,,2017,cars_per_1000,Number of registered cars per 1000 population
A,TT1057I,LT,2018,437.15,e,,LT,LT,,2018,cars_per_1000,Number of registered cars per 1000 population
A,TT1057I,LT001C,2015,335.04,,,LT001C,LT,,2015,cars_per_1000,Number of registered cars per 1000 population
A,TT1057I,LT001C,2016,345.32,,,LT001C,LT,,2016,cars_per_1000,Number of registered cars per 1000 population
A,TT1057I,LT001C,2017,352.27,,,LT001C,LT,,2017,cars_per_1000,Number of registered cars per 1000 population
A,TT1057I,LT001C,2018,363.74,e,,LT001C,LT,,2018,cars_per_1000,Number of registered cars per 1000 population
A,TT1057I,LT001C,2019,379.33,e,,LT001C,LT,,2019,cars_per_1000,Number of registered cars per 1000 population
A,TT1057I,LT001C,2020,388.48,e,,LT001C,LT,,2020,cars_per_1000,Number of registered cars per 1000 population
A,TT1057I,LT001C,2021,407.45,,,LT001C,LT,,2021,cars_per_1000,Number of registered cars per 1000 population
A,TT1057I,LT001C,2022,413.95,,,LT001C,LT,,2022,cars_per_1000,Number of registered cars per 1000 population
A,TT1057I,LT001C,2023,417.08,,,LT001C,LT,,2023,cars_per_1000,Number of registered cars per 1000 population
A,TT1057I,LT002C,2015,367.96,,,LT002C,LT,,2015,cars_per_1000,Number of registered cars per 1000 population
A,TT1057I,LT002C,2016,386.53,,,LT002C,LT,,2016,cars_per_1000,Number of registered cars per 1000 population
A,TT1057I,LT002C,2017,403.52,,,LT002C,LT,,2017,cars_per_1000,Number of registered cars per 1000 population
A,TT1057I,LT002C,2018,419.5,e,,LT002C,LT,,2018,cars_per_1000,Number of registered cars per 1000 population
A,TT1057I,LT002C,2019,435.54,e,,LT002C,LT,,2019,cars_per_1000,Number of registered cars per 1000 population
A,TT1057I,LT002C,2020,453.02,e,,LT002C,LT,,2020,cars_per_1000,Number of registered cars per 1000 population
A,TT1057I,LT002C,2021,455.39,,,LT002C,LT,,2021,cars_per_1000,Number of registered cars per 1000 population
A,TT1057I,LT002C,2022,460.34,,,LT002C,LT,,2022,cars_per_1000,Number of registered cars per 1000 population
A,TT1057I,LT002C,2023,468.72,,,LT002C,LT,,2023,cars_per_1000,Number of registered cars per 1000 population
A,TT1057I,LT003C,2015,375.14,,,LT003C,LT,,2015,cars_per_1000,Number of registered cars per 1000 population
A,TT1057I,LT003C,2016,388.96,,,LT003C,LT,,2016,cars_per_1000,Number of registered cars per 1000 population
A,TT1057I,LT003C,2017,405.06,,,LT003C,LT,,2017,cars_per_1000,Number of registered cars per 1000 population
A,TT1057I,LT003C,2018,427.58,e,,LT003C,LT,,2018,cars_per_1000,Number of registered cars per 1000 population
A,TT1057I,LT003C,2019,453.26,e,,LT003C,LT,,2019,cars_per_1000,Number of registered cars per 1000 population
A,TT1057I,LT003C,2020,473.88,e,,LT003C,LT,,2020,cars_per_1000,Number of registered cars per 1000 population
A,TT1057I,LT003C,2021,469.96,,,LT003C,LT,,2021,cars_per_1000,Number of registered cars per 1000 population
A,TT1057I,LT003C,2022,489.06,,,LT003C,LT,,2022,cars_per_1000,Number of registered cars per 1000 population
A,TT1057I,LT003C,2023,482.64,,,LT003C,LT,,2023,cars_per_1000,Number of registered cars per 1000 population
A,TT1057I,LT004C,2015,395.44,,,LT004C,LT,,2015,cars_per_1000,Number of registered cars per 1000 population
A,TT1057I,LT004C,2016,413.07,,,LT004C,LT,,2016,cars_per_1000,Number of registered cars per 1000 population
A,TT1057I,LT004C,2017,433.74,,,LT004C,LT,,2017,cars_per_1000,Number of registered cars per 1000 population
A,TT1057I,LT004C,2018,457.35,e,,LT004C,LT,,2018,cars_per_1000,Number of registered cars per 1000 population
A,TT1057I,LT004C,2019,488.52,e,,LT004C,LT,,2019,cars_per_1000,Number of registered cars per 1000 population
A,TT1057I,LT004C,2020,507.47,e,,LT004C,LT,,2020,cars_per_1000,Number of registered cars per 1000 population
A,TT1057I,LT004C,2021,495.17,,,LT004C,LT,,2021,cars_per_1000,Number of registered cars per 1000 population
A,TT1057I,LT004C,2022,521.58,,,LT004C,LT,,2022,cars_per_1000,Number of registered cars per 1000 population
A,TT1057I,LT004C,2023,500.15,,,LT004C,LT,,2023,cars_per_1000,Number of registered cars per 1000 population
A,TT1057I,LT005C,2015,333.4,,,LT005C,LT,,2015,cars_per_1000,Number of registered cars per 1000 population
A,TT1057I,LT005C,2016,345.44,,,LT005C,LT,,2016,cars_per_1000,Number of registered cars per 1000 population
A,TT1057I,LT005C,2017,357.47,,,LT005C,LT,,2017,cars_per_1000,Number of registered cars per 1000 population
A,TT1057I,LT005C,2018,374.35,e,,LT005C,LT,,2018,cars_per_1000,Number of registered cars per 1000 population
A,TT1057I,LT005C,2019,393.38,e,,LT005C,LT,,2019,cars_per_1000,Number of registered cars per 1000 population
A,TT1057I,LT005C,2020,406.27,e,,LT005C,LT,,2020,cars_per_1000,Number of registered cars per 1000 population
A,TT1057I,LT005C,2021,410.33,,,LT005C,LT,,2021,cars_per_1000,Number of registered cars per 1000 population
A,TT1057I,LT005C,2022,413.84,,,LT005C,LT,,2022,cars_per_1000,Number of registered cars per 1000 population
A,TT1057I,LT005C,2023,412.8,,,LT005C,LT,,2023,cars_per_1000,Number of registered cars per 1000 population
A,TT1057I,LT006C,2015,341.98,,,LT006C,LT,,2015,cars_per_1000,Number of registered cars per 1000 population
A,TT1057I,LT006C,2016,359.0,,,LT006C,LT,,2016,cars_per_1000,Number of registered cars per 1000 population
A,TT1057I,LT006C,2017,376.45,,,LT006C,LT,,2017,cars_per_1000,Number of registered cars per 1000 population
A,TT1057I,LT006C,2018,393.64,e,,LT006C,LT,,2018,cars_per_1000,Number of registered cars per 1000 population
A,TT1057I,LT006C,2019,415.05,e,,LT006C,LT,,2019,cars_per_1000,Number of registered cars per 1000 population
A,TT1057I,LT006C,2020,430.74,e,,LT006C,LT,,2020,cars_per_1000,Number of registered cars per 1000 population
A,TT1057I,LT006C,2021,445.06,,,LT006C,LT,,2021,cars_per_1000,Number of registered cars per 1000 population
A,TT1057I,LT006C,2022,451.44,,,LT006C,LT,,2022,cars_per_1000,Number of registered cars per 1000 population
A,TT1057I,LT006C,2023,432.96,,,LT006C,LT,,2023,cars_per_1000,Number of registered cars per 1000 population
A,TT1057I,LV,2015,297.63,,,LV,LV,,2015,cars_per_1000,Number of registered cars per 1000 population
A,TT1057I,LV,2016,311.06,,,LV,LV,,2016,cars_per_1000,Number of registered cars per 1000 population
A,TT1057I,LV,2018,321.97,,,LV,LV,,2018,cars_per_1000,Number of registered cars per 1000 population
A,TT1057I,LV,2023,553.79,,,LV,LV,,2023,cars_per_1000,Number of registered cars per 1000 population
A,TT1057I,LV001C,2015,254.77,,,LV001C,LV,,2015,cars_per_1000,Number of registered cars per 1000 population
A,TT1057I,LV001C,2016,264.36,,,LV001C,LV,,2016,cars_per_1000,Number of registered cars per 1000 population
A,TT1057I,LV001C,2018,275.54,,,LV001C,LV,,2018,cars_per_1000,Number of registered cars per 1000 population
A,TT1057I,LV001C,2019,346.66,,,LV001C,LV,,2019,cars_per_1000,Number of registered cars per 1000 population
A,TT1057I,LV001C,2020,354.55,,,LV001C,LV,,2020,cars_per_1000,Number of registered cars per 1000 population
A,TT1057I,LV001C,2021,367.98,,,LV001C,LV,,2021,cars_per_1000,Number of registered cars per 1000 population
A,TT1057I,LV001C,2022,376.29,,,LV001C,LV,,2022,cars_per_1000,Number of registered cars per 1000 population
A,TT1057I,LV001C,2023,493.88,,,LV001C,LV,,2023,cars_per_1000,Number of registered cars per 1000 population
A,TT1057I,LV002C,2015,252.7,,,LV002C,LV,,2015,cars_per_1000,Number of registered cars per 1000 population
A,TT1057I,LV002C,2016,262.51,,,LV002C,LV,,2016,cars_per_1000,Number of registered cars per 1000 population
A,TT1057I,LV002C,2018,275.89,,,LV002C,LV,,2018,cars_per_1000,Number of registered cars per 1000 population
A,TT1057I,LV002C,2019,304.07,,,LV002C,LV,,2019,cars_per_1000,Number of registered cars per 1000 population
A,TT1057I,LV002C,2020,318.8,,,LV002C,LV,,2020,cars_per_1000,Number of registered cars per 1000 population
A,TT1057I,LV002C,2021,345.65,,,LV002C,LV,,2021,cars_per_1000,Number of registered cars per 1000 population
A,TT1057I,LV002C,2022,352.08,,,LV002C,LV,,2022,cars_per_1000,Number of registered cars per 1000 population
A,TT1057I,LV002C,2023,460.23,,,LV002C,LV,,2023,cars_per_1000,Number of registered cars per 1000 population
A,TT1057I,LV003C,2015,290.17,,,LV003C,LV,,2015,cars_per_1000,Number of registered cars per 1000 population
A,TT1057I,LV003C,2016,300.52,,,LV003C,LV,,2016,cars_per_1000,Number of registered cars per 1000 population
A,TT1057I,LV003C,2018,318.89,,,LV003C,LV,,2018,cars_per_1000,Number of registered cars per 1000 population
A,TT1057I,LV003C,2019,355.45,,,LV003C,LV,,2019,cars_per_1000,Number of registered cars per 1000 population
A,TT1057I,LV003C,2020,364.93,,,LV003C,LV,,2020,cars_per_1000,Number of registered cars per 1000 population
A,TT1057I,LV003C,2021,384.09,,,LV003C,LV,,2021,cars_per_1000,Number of registered cars per 1000 population
A,TT1057I,LV003C,2022,391.74,,,LV003C,LV,,2022,cars_per_1000,Number of registered cars per 1000 population
A,TT1057I,LV004C,2015,257.96,,,LV004C,LV,,2015,cars_per_1000,Number of registered cars per 1000 population
A,TT1057I,LV004C,2016,267.06,,,LV004C,LV,,2016,cars_per_1000,Number of registered cars per 1000 population
A,TT1057I,LV004C,2018,278.33,,,LV004C,LV,,2018,cars_per_1000,Number of registered cars per 1000 population
A,TT1057I,LV004C,2019,298.04,,,LV004C,LV,,2019,cars_per_1000,Number of registered cars per 1000 population
A,TT1057I,LV004C,2020,308.59,,,LV004C,LV,,2020,cars_per_1000,Number of registered cars per 1000 population
A,TT1057I,LV004C,2021,330.62,,,LV004C,LV,,2021,cars_per_1000,Number of registered cars per 1000 population
A,TT1057I,LV004C,2022,340.82,,,LV004C,LV,,2022,cars_per_1000,Number of registered cars per 1000 population
A,TT1057I,LV004C,2023,440.85,,,LV004C,LV,,2023,cars_per_1000,Number of registered cars per 1000 population
A,TT1057I,MT,2015,626.3,,,MT,MT,,2015,cars_per_1000,Number of registered cars per 1000 population
A,TT1057I,MT,2016,628.16,,,MT,MT,,2016,cars_per_1000,Number of registered cars per 1000 population
A,TT1057I,MT,2017,633.64,,,MT,MT,,2017,cars_per_1000,Number of registered cars per 1000 population
A,TT1057I,MT,2018,630.94,,,MT,MT,,2018,cars_per_1000,Number of registered cars per 1000 population
A,TT1057I,MT001C,2015,605.36,,,MT001C,MT,,2015,cars_per_1000,Number of registered cars per 1000 population
A,TT1057I,MT001C,2016,598.42,,,MT001C,MT,,2016,cars_per_1000,Number of registered cars per 1000 population
A,TT1057I,MT001C,2017,596.8,,,MT001C,MT,,2017,cars_per_1000,Number of registered cars per 1000 population
A,TT1057I,MT001C,2018,586.53,,,MT001C,MT,,2018,cars_per_1000,Number of registered cars per 1000 population
A,TT1057I,MT001C,2019,556.67,,,MT001C,MT,,2019,cars_per_1000,Number of registered cars per 1000 population
A,TT1057I,MT001C,2020,528.79,,,MT001C,MT,,2020,cars_per_1000,Number of registered cars per 1000 population
A,TT1057I,MT001C,2021,531.79,,,MT001C,MT,,2021,cars_per_1000,Number of registered cars per 1000 population
A,TT1057I,MT001C,2022,544.57,,,MT001C,MT,,2022,cars_per_1000,Number of registered cars per 1000 population
A,TT1057I,NL,2019,436.05,,,NL,NL,,2019,cars_per_1000,Number of registered cars per 1000 population
A,TT1057I,NL,2020,438.79,,,NL,NL,,2020,cars_per_1000,Number of registered cars per 1000 population
A,TT1057I,NL,2021,445.6,,,NL,NL,,2021,cars_per_1000,Number of registered cars per 1000 population
A,TT1057I,NL,2022,443.64,,,NL,NL,,2022,cars_per_1000,Number of registered cars per 1000 population
A,TT1057I,NL,2023,500.64,,,NL,NL,,2023,cars_per_1000,Number of registered cars per 1000 population
A,TT1057I,NL001C,2019,258.11,,,NL001C,NL,,2019,cars_per_1000,Number of registered cars per 1000 population
A,TT1057I,NL001C,2020,255.07,,,NL001C,NL,,2020,cars_per_1000,Number of registered cars per 1000 population
A,TT1057I,NL001C,2021,259.94,,,NL001C,NL,,2021,cars_per_1000,Number of registered cars per 1000 population
A,TT1057I,NL001C,2022,257.24,,,NL001C,NL,,2022,cars_per_1000,Number of registered cars per 1000 population
A,TT1057I,NL001C,2023,300.5,,,NL001C,NL,,2023,cars_per_1000,Number of registered cars per 1000 population
A,TT1057I,NL002C,2019,432.84,,,NL002C,NL,,2019,cars_per_1000,Number of registered cars per 1000 population
A,TT1057I,NL002C,2020,437.3,,,NL002C,NL,,2020,cars_per_1000,Number of registered cars per 1000 population
A,TT1057I,NL002C,2021,444.03,,,NL002C,NL,,2021,cars_per_1000,Number of registered cars per 1000 population
A,TT1057I,NL002C,2022,453.74,,,NL002C,NL,,2022,cars_per_1000,Number of registered cars per 1000 population
A,TT1057I,NL002C,2023,517.16,,,NL002C,NL,,2023,cars_per_1000,Number of registered cars per 1000 population
A,TT1057I,NL003C,2019,439.39,,,NL003C,NL,,2019,cars_per_1000,Number of registered cars per 1000 population
A,TT1057I,NL003C,2020,443.06,,,NL003C,NL,,2020,cars_per_1000,Number of registered cars per 1000 population
A,TT1057I,NL003C,2021,452.66,,,NL003C,NL,,2021,cars_per_1000,Number of registered cars per 1000 population
A,TT1057I,NL003C,2022,451.81,,,NL003C,NL,,2022,cars_per_1000,Number of registered cars per 1000 population
A,TT1057I,NL003C,2023,486.89,,,NL003C,NL,,2023,cars_per_1000,Number of registered cars per 1000 population
A,TT1057I,NL004C,2019,392.07,,,NL004C,NL,,2019,cars_per_1000,Number of registered cars per 1000 population
A,TT1057I,NL004C,2020,395.08,,,NL004C,NL,,2020,cars_per_1000,Number of registered cars per 1000 population
A,TT1057I,NL004C,2021,404.45,,,NL004C,NL,,2021,cars_per_1000,Number of registered cars per 1000 population
A,TT1057I,NL004C,2022,407.29,,,NL004C,NL,,2022,cars_per_1000,Number of registered cars per 1000 population
A,TT1057I,NL004C,2023,1156.65,,,NL004C,NL,,2023,cars_per_1000,Number of registered cars per 1000 population
A,TT1057I,NL005C,2019,446.98,,,NL005C,NL,,2019,cars_per_1000,Number of registered cars per 1000 population
A,TT1057I,NL005C,2020,452.59,,,NL005C,NL,,2020,cars_per_1000,Number of registered cars per 1000 population
A,TT1057I,NL005C,2021,458.88,,,NL005C,NL,,2021,cars_per_1000,Number of registered cars per 1000 population
A,TT1057I,NL005C,2022,459.69,,,NL005C,NL,,2022,cars_per_1000,Number of registered cars per 1000 population
A,TT1057I,NL005C,2023,485.68,,,NL005C,NL,,2023,cars_per_1000,Number of registered cars per 1000 population
A,TT1057I,NL006C,2019,393.64,,,NL006C,NL,,2019,cars_per_1000,Number of registered cars per 1000 population
A,TT1057I,NL006C,2020,396.33,,,NL006C,NL,,2020,cars_per_1000,Number of registered cars per 1000 population
A,TT1057I,NL006C,2021,402.26,,,NL006C,NL,,2021,cars_per_1000,Number of registered cars per 1000 population
A,TT1057I,NL006C,2022,404.24,,,NL006C,NL,,2022,cars_per_1000,Number of registered cars per 1000 population
A,TT1057I,NL006C,2023,836.25,,,NL006C,NL,,2023,cars_per_1000,Number of registered cars per 1000 population
A,TT1057I,NL007C,2019,450.05,,,NL007C,NL,,2019,cars_per_1000,Number of registered cars per 1000 population
A,TT1057I,NL007C,2020,453.49,,,NL007C,NL,,2020,cars_per_1000,Number of registered cars per 1000 population
A,TT1057I,NL007C,2021,459.85,,,NL007C,NL,,2021,cars_per_1000,Number of registered cars per 1000 population
A,TT1057I,NL007C,2022,460.03,,,NL007C,NL,,2022,cars_per_1000,Number of registered cars per 1000 population
A,TT1057I,NL007C,2023,511.71,,,NL007C,NL,,2023,cars_per_1000,Number of registered cars per 1000 population
A,TT1057I,NL008C,2019,389.79,,,NL008C,NL,,2019,cars_per_1000,Number of registered cars per 1000 population
A,TT1057I,NL008C,2020,390.09,,,NL008C,NL,,2020,cars_per_1000,Number of registered cars per 1000 population
A,TT1057I,NL008C,2021,397.8,,,NL008C,NL,,2021,cars_per_1000,Number of registered cars per 1000 population
A,TT1057I,NL008C,2022,400.11,,,NL008C,NL,,2022,cars_per_1000,Number of registered cars per 1000 population
A,TT1057I,NL008C,2023,424.63,,,NL008C,NL,,2023,cars_per_1000,Number of registered cars per 1000 population
A,TT1057I,NL009C,2019,446.01,,,NL009C,NL,,2019,cars_per_1000,Number of registered cars per 1000 population
A,TT1057I,NL009C,2020,450.68,,,NL009C,NL,,2020,cars_per_1000,Number of registered cars per 1000 population
A,TT1057I,NL009C,2021,458.61,,,NL009C,NL,,2021,cars_per_1000,Number of registered cars per 1000 population
A,TT1057I,NL009C,2022,461.44,,,NL009C,NL,,2022,cars_per_1000,Number of registered cars per 1000 population
A,TT1057I,NL009C,2023,492.44,,,NL009C,NL,,2023,cars_per_1000,Number of registered cars per 1000 population
A,TT1057I,NL010C,2019,461.74,,,NL010C,NL,,2019,cars_per_1000,Number of registered cars per 1000 population
A,TT1057I,NL010C,2020,464.19,,,NL010C,NL,,2020,cars_per_1000,Number of registered cars per 1000 population
A,TT1057I,NL010C,2021,471.1,,,NL010C,NL,,2021,cars_per_1000,Number of registered cars per 1000 population
A,TT1057I,NL010C,2022,470.72,,,NL010C,NL,,2022,cars_per_1000,Number of registered cars per 1000 population
A,TT1057I,NL010C,2023,492.19,,,NL010C,NL,,2023,cars_per_1000,Number of registered cars per 1000 population
A,TT1057I,NL011C,2019,434.45,,,NL011C,NL,,2019,cars_per_1000,Number of registered cars per 1000 population
A,TT1057I,NL011C,2020,436.6,,,NL011C,NL,,2020,cars_per_1000,Number of registered cars per 1000 population
A,TT1057I,NL011C,2021,442.84,,,NL011C,NL,,2021,cars_per_1000,Number of registered cars per 1000 population
A,TT1057I,NL011C,2022,442.42,,,NL011C,NL,,2022,cars_per_1000,Number of registered cars per 1000 population
A,TT1057I,NL011C,2023,820.33,,,NL011C,NL,,2023,cars_per_1000,Number of registered cars per 1000 population
A,TT1057I,NL012C,2019,415.23,,,NL012C,NL,,2019,cars_per_1000,Number of registered cars per 1000 population
A,TT1057I,NL012C,2020,417.7,,,NL012C,NL,,2020,cars_per_1000,Number of registered cars per 1000 population
A,TT1057I,NL012C,2021,425.42,,,NL012C,NL,,2021,cars_per_1000,Number of registered cars per 1000 population
A,TT1057I,NL012C,2022,429.4,,,NL012C,NL,,2022,cars_per_1000,Number of registered cars per 1000 population
A,TT1057I,NL012C,2023,456.9,,,NL012C,NL,,2023,cars_per_1000,Number of registered cars per 1000 population
A,TT1057I,NL013C,2019,416.35,,,NL013C,NL,,2019,cars_per_1000,Number of registered cars per 1000 population
A,TT1057I,NL013C,2020,418.78,,,NL013C,NL,,2020,cars_per_1000,Number of registered cars per 1000 population
A,TT1057I,NL013C,2021,424.18,,,NL013C,NL,,2021,cars_per_1000,Number of registered cars per 1000 population
A,TT1057I,NL013C,2022,421.45,,,NL013C,NL,,2022,cars_per_1000,Number of registered cars per 1000 population
A,TT1057I,NL013C,2023,463.41,,,NL013C,NL,,2023,cars_per_1000,Number of registered cars per 1000 population
A,TT1057I,NL014C,2019,419.06,,,NL014C,NL,,2019,cars_per_1000,Number of registered cars per 1000 population
A,TT1057I,NL014C,2020,417.35,,,NL014C,NL,,2020,cars_per_1000,Number of registered cars per 1000 population
A,TT1057I,NL014C,2021,420.14,,,NL014C,NL,,2021,cars_per_1000,Number of registered cars per 1000 population
A,TT1057I,NL014C,2022,415.47,,,NL014C,NL,,2022,cars_per_1000,Number of registered cars per 1000 population
A,TT1057I,NL014C,2023,440.27,,,NL014C,NL,,2023,cars_per_1000,Number of registered cars per 1000 population
A,TT1057I,NL015C,2019,403.93,,,NL015C,NL,,2019,cars_per_1000,Number of registered cars per 1000 population
A,TT1057I,NL015C,2020,406.03,,,NL015C,NL,,2020,cars_per_1000,Number of registered cars per 1000 population
A,TT1057I,NL015C,2021,413.44,,,NL015C,NL,,2021,cars_per_1000,Number of registered cars per 1000 population
A,TT1057I,NL015C,2022,410.6,,,NL015C,NL,,2022,cars_per_1000,Number of registered cars per 1000 population
A,TT1057I,NL015C,2023,433.39,,,NL015C,NL,,2023,cars_per_1000,Number of registered cars per 1000 population
A,TT1057I,NL016C,2019,363.35,,,NL016C,NL,,2019,cars_per_1000,Number of registered cars per 1000 population
A,TT1057I,NL016C,2020,366.15,,,NL016C,NL,,2020,cars_per_1000,Number of registered cars per 1000 population
A,TT1057I,NL016C,2021,374.93,,,NL016C,NL,,2021,cars_per_1000,Number of registered cars per 1000 population
A,TT1057I,NL016C,2022,377.95,,,NL016C,NL,,2022,cars_per_1000,Number of registered cars per 1000 population
A,TT1057I,NL016C,2023,392.41,,,NL016C,NL,,2023,cars_per_1000,Number of registered cars per 1000 population
A,TT1057I,NL017C,2019,327.63,,,NL017C,NL,,2019,cars_per_1000,Number of registered cars per 1000 population
A,TT1057I,NL017C,2020,326.04,,,NL017C,NL,,2020,cars_per_1000,Number of registered cars per 1000 population
A,TT1057I,NL017C,2021,331.37,,,NL017C,NL,,2021,cars_per_1000,Number of registered cars per 1000 population
A,TT1057I,NL017C,2022,327.62,,,NL017C,NL,,2022,cars_per_1000,Number of registered cars per 1000 population
A,TT1057I,NL017C,2023,368.27,,,NL017C,NL,,2023,cars_per_1000,Number of registered cars per 1000 population
A,TT1057I,NL018C,2019,320.56,,,NL018C,NL,,2019,cars_per_1000,Number of registered cars per 1000 population
A,TT1057I,NL018C,2020,321.65,,,NL018C,NL,,2020,cars_per_1000,Number of registered cars per 1000 population
A,TT1057I,NL018C,2021,330.33,,,NL018C,NL,,2021,cars_per_1000,Number of registered cars per 1000 population
A,TT1057I,NL018C,2022,331.45,,,NL018C,NL,,2022,cars_per_1000,Number of registered cars per 1000 population
A,TT1057I,NL018C,2023,410.06,,,NL018C,NL,,2023,cars_per_1000,Number of registered cars per 1000 population
A,TT1057I,NL019C,2019,404.8,,,NL019C,NL,,2019,cars_per_1000,Number of registered cars per 1000 population
A,TT1057I,NL019C,2020,404.24,,,NL019C,NL,,2020,cars_per_1000,Number of registered cars per 1000 population
A,TT1057I,NL019C,2021,410.13,,,NL019C,NL,,2021,cars_per_1000,Number of registered cars per 1000 population
A,TT1057I,NL019C,2022,408.35,,,NL019C,NL,,2022,cars_per_1000,Number of registered cars per 1000 population
A,TT1057I,NL019C,2023,432.67,,,NL019C,NL,,2023,cars_per_1000,Number of registered cars per 1000 population
A,TT1057I,NL020C,2019,460.67,,,NL020C,NL,,2019,cars_per_1000,Number of registered cars per 1000 population
A,TT1057I,NL020C,2020,461.57,,,NL020C,NL,,2020,cars_per_1000,Number of registered cars per 1000 population
A,TT1057I,NL020C,2021,466.59,,,NL020C,NL,,2021,cars_per_1000,Number of registered cars per 1000 population
A,TT1057I,NL020C,2022,463.76,,,NL020C,NL,,2022,cars_per_1000,Number of registered cars per 1000 population
A,TT1057I,NL020C,2023,790.87,,,NL020C,NL,,2023,cars_per_1000,Number of registered cars per 1000 population
A,TT1057I,NL021C,2019,449.03,,,NL021C,NL,,2019,cars_per_1000,Number of registered cars per 1000 population
A,TT1057I,NL021C,2020,453.69,,,NL021C,NL,,2020,cars_per_1000,Number of registered cars per 1000 population
A,TT1057I,NL021C,2021,460.4,,,NL021C,NL,,2021,cars_per_1000,Number of registered cars per 1000 population
A,TT1057I,NL021C,2022,462.95,,,NL021C,NL,,2022,cars_per_1000,Number of registered cars per 1000 population
A,TT1057I,NL021C,2023,481.39,,,NL021C,NL,,2023,cars_per_1000,Number of registered cars per 1000 population
A,TT1057I,NL022C,2019,510.24,,,NL022C,NL,,2019,cars_per_1000,Number of registered cars per 1000 population
A,TT1057I,NL022C,2020,515.4,,,NL022C,NL,,2020,cars_per_1000,Number of registered cars per 1000 population
A,TT1057I,NL022C,2021,522.52,,,NL022C,NL,,2021,cars_per_1000,Number of registered cars per 1000 population
A,TT1057I,NL022C,2022,519.15,,,NL022C,NL,,2022,cars_per_1000,Number of registered cars per 1000 population
A,TT1057I,NL022C,2023,535.24,,,NL022C,NL,,2023,cars_per_1000,Number of registered cars per 1000 population
A,TT1057I,NL023C,2019,452.9,,,NL023C,NL,,2019,cars_per_1000,Number of registered cars per 1000 population
A,TT1057I,NL023C,2020,456.04,,,NL023C,NL,,2020,cars_per_1000,Number of registered cars per 1000 population
A,TT1057I,NL023C,2021,464.27,,,NL023C,NL,,2021,cars_per_1000,Number of registered cars per 1000 population
A,TT1057I,NL023C,2022,464.95,,,NL023C,NL,,2022,cars_per_1000,Number of registered cars per 1000 population
A,TT1057I,NL023C,2023,487.37,,,NL023C,NL,,2023,cars_per_1000,Number of registered cars per 1000 population
A,TT1057I,NL024C,2019,457.64,,,NL024C,NL,,2019,cars_per_1000,Number of registered cars per 1000 population
A,TT1057I,NL024C,2020,459.56,,,NL024C,NL,,2020,cars_per_1000,Number of registered cars per 1000 population
A,TT1057I,NL024C,2021,466.73,,,NL024C,NL,,2021,cars_per_1000,Number of registered cars per 1000 population
A,TT1057I,NL024C,2022,467.89,,,NL024C,NL,,2022,cars_per_1000,Number of registered cars per 1000 population
A,TT1057I,NL024C,2023,588.63,,,NL024C,NL,,2023,cars_per_1000,Number of registered cars per 1000 population
A,TT1057I,NL025C,2019,440.42,,,NL025C,NL,,2019,cars_per_1000,Number of registered cars per 1000 population
A,TT1057I,NL025C,2020,442.59,,,NL025C,NL,,2020,cars_per_1000,Number of registered cars per 1000 population
A,TT1057I,NL025C,2021,449.77,,,NL025C,NL,,2021,cars_per_1000,Number of registered cars per 1000 population
A,TT1057I,NL025C,2022,448.85,,,NL025C,NL,,2022,cars_per_1000,Number of registered cars per 1000 population
A,TT1057I,NL025C,2023,541.33,,,NL025C,NL,,2023,cars_per_1000,Number of registered cars per 1000 population
A,TT1057I,NL026C,2019,402.83,,,NL026C,NL,,2019,cars_per_1000,Number of registered cars per 1000 population
A,TT1057I,NL026C,2020,403.02,,,NL026C,NL,,2020,cars_per_1000,Number of registered cars per 1000 population
A,TT1057I,NL026C,2021,406.26,,,NL026C,NL,,2021,cars_per_1000,Number of registered cars per 1000 population
A,TT1057I,NL026C,2022,403.57,,,NL026C,NL,,2022,cars_per_1000,Number of registered cars per 1000 population
A,TT1057I,NL026C,2023,436.15,,,NL026C,NL,,2023,cars_per_1000,Number of registered cars per 1000 population
A,TT1057I,NL027C,2019,413.91,,,NL027C,NL,,2019,cars_per_1000,Number of registered cars per 1000 population
A,TT1057I,NL027C,2020,419.53,,,NL027C,NL,,2020,cars_per_1000,Number of registered cars per 1000 population
A,TT1057I,NL027C,2021,429.96,,,NL027C,NL,,2021,cars_per_1000,Number of registered cars per 1000 population
A,TT1057I,NL027C,2022,431.37,,,NL027C,NL,,2022,cars_per_1000,Number of registered cars per 1000 population
A,TT1057I,NL027C,2023,458.43,,,NL027C,NL,,2023,cars_per_1000,Number of registered cars per 1000 population
A,TT1057I,NL028C,2019,407.04,,,NL028C,NL,,2019,cars_per_1000,Number of registered cars per 1000 population
A,TT1057I,NL028C,2020,411.37,,,NL028C,NL,,2020,cars_per_1000,Number of registered cars per 1000 population
A,TT1057I,NL028C,2021,420.03,,,NL028C,NL,,2021,cars_per_1000,Number of registered cars per 1000 population
A,TT1057I,NL028C,2022,419.95,,,NL028C,NL,,2022,cars_per_1000,Number of registered cars per 1000 population
A,TT1057I,NL028C,2023,456.91,,,NL028C,NL,,2023,cars_per_1000,Number of registered cars per 1000 population
A,TT1057I,NL029C,2019,357.62,,,NL029C,NL,,2019,cars_per_1000,Number of registered cars per 1000 population
A,TT1057I,NL029C,2020,358.85,,,NL029C,NL,,2020,cars_per_1000,Number of registered cars per 1000 population
A,TT1057I,NL029C,2021,364.42,,,NL029C,NL,,2021,cars_per_1000,Number of registered cars per 1000 population
A,TT1057I,NL029C,2022,362.95,,,NL029C,NL,,2022,cars_per_1000,Number of registered cars per 1000 population
A,TT1057I,NL029C,2023,375.53,,,NL029C,NL,,2023,cars_per_1000,Number of registered cars per 1000 population
A,TT1057I,NL030C,2019,421.04,,,NL030C,NL,,2019,cars_per_1000,Number of registered cars per 1000 population
A,TT1057I,NL030C,2020,427.59,,,NL030C,NL,,2020,cars_per_1000,Number of registered cars per 1000 population
A,TT1057I,NL030C,2021,434.64,,,NL030C,NL,,2021,cars_per_1000,Number of registered cars per 1000 population
A,TT1057I,NL030C,2022,432.25,,,NL030C,NL,,2022,cars_per_1000,Number of registered cars per 1000 population
A,TT1057I,NL030C,2023,455.04,,,NL030C,NL,,2023,cars_per_1000,Number of registered cars per 1000 population
A,TT1057I,NL031C,2019,358.8,,,NL031C,NL,,2019,cars_per_1000,Number of registered cars per 1000 population
A,TT1057I,NL031C,2020,360.9,,,NL031C,NL,,2020,cars_per_1000,Number of registered cars per 1000 population
A,TT1057I,NL031C,2021,369.49,,,NL031C,NL,,2021,cars_per_1000,Number of registered cars per 1000 population
A,TT1057I,NL031C,2022,366.2,,,NL031C,NL,,2022,cars_per_1000,Number of registered cars per 1000 population
A,TT1057I,NL031C,2023,376.55,,,NL031C,NL,,2023,cars_per_1000,Number of registered cars per 1000 population
A,TT1057I,NL032C,2019,441.59,,,NL032C,NL,,2019,cars_per_1000,Number of registered cars per 1000 population
A,TT1057I,NL032C,2020,444.98,,,NL032C,NL,,2020,cars_per_1000,Number of registered cars per 1000 population
A,TT1057I,NL032C,2021,453.45,,,NL032C,NL,,2021,cars_per_1000,Number of registered cars per 1000 population
A,TT1057I,NL032C,2022,452.55,,,NL032C,NL,,2022,cars_per_1000,Number of registered cars per 1000 population
A,TT1057I,NL032C,2023,470.46,,,NL032C,NL,,2023,cars_per_1000,Number of registered cars per 1000 population
A,TT1057I,NL033C,2019,365.99,,,NL033C,NL,,2019,cars_per_1000,Number of registered cars per 1000 population
A,TT1057I,NL033C,2020,367.27,,,NL033C,NL,,2020,cars_per_1000,Number of registered cars per 1000 population
A,TT1057I,NL033C,2021,375.89,,,NL033C,NL,,2021,cars_per_1000,Number of registered cars per 1000 population
A,TT1057I,NL033C,2022,377.34,,,NL033C,NL,,2022,cars_per_1000,Number of registered cars per 1000 population
A,TT1057I,NL033C,2023,392.21,,,NL033C,NL,,2023,cars_per_1000,Number of registered cars per 1000 population
A,TT1057I,NL034C,2019,452.28,,,NL034C,NL,,2019,cars_per_1000,Number of registered cars per 1000 population
A,TT1057I,NL034C,2020,456.33,,,NL034C,NL,,2020,cars_per_1000,Number of registered cars per 1000 population
A,TT1057I,NL034C,2021,461.92,,,NL034C,NL,,2021,cars_per_1000,Number of registered cars per 1000 population
A,TT1057I,NL034C,2022,462.29,,,NL034C,NL,,2022,cars_per_1000,Number of registered cars per 1000 population
A,TT1057I,NL034C,2023,488.85,,,NL034C,NL,,2023,cars_per_1000,Number of registered cars per 1000 population
A,TT1057I,NL035C,2019,485.2,,,NL035C,NL,,2019,cars_per_1000,Number of registered cars per 1000 population
A,TT1057I,NL035C,2020,490.24,,,NL035C,NL,,2020,cars_per_1000,Number of registered cars per 1000 population
A,TT1057I,NL035C,2021,495.98,,,NL035C,NL,,2021,cars_per_1000,Number of registered cars per 1000 population
A,TT1057I,NL035C,2022,494.24,,,NL035C,NL,,2022,cars_per_1000,Number of registered cars per 1000 population
A,TT1057I,NL035C,2023,525.94,,,NL035C,NL,,2023,cars_per_1000,Number of registered cars per 1000 population
A,TT1057I,NL036C,2019,419.46,,,NL036C,NL,,2019,cars_per_1000,Number of registered cars per 1000 population
A,TT1057I,NL036C,2020,422.81,,,NL036C,NL,,2020,cars_per_1000,Number of registered cars per 1000 population
A,TT1057I,NL036C,2021,431.86,,,NL036C,NL,,2021,cars_per_1000,Number of registered cars per 1000 population
A,TT1057I,NL036C,2022,441.78,,,NL036C,NL,,2022,cars_per_1000,Number of registered cars per 1000 population
A,TT1057I,NL036C,2023,490.85,,,NL036C,NL,,2023,cars_per_1000,Number of registered cars per 1000 population
A,TT1057I,NL037C,2019,364.25,,,NL037C,NL,,2019,cars_per_1000,Number of registered cars per 1000 population
A,TT1057I,NL037C,2020,365.14,,,NL037C,NL,,2020,cars_per_1000,Number of registered cars per 1000 population
A,TT1057I,NL037C,2021,371.51,,,NL037C,NL,,2021,cars_per_1000,Number of registered cars per 1000 population
A,TT1057I,NL037C,2022,370.08,,,NL037C,NL,,2022,cars_per_1000,Number of registered cars per 1000 population
A,TT1057I,NL037C,2023,413.18,,,NL037C,NL,,2023,cars_per_1000,Number of registered cars per 1000 population
A,TT1057I,NL038C,2019,474.59,,,NL038C,NL,,2019,cars_per_1000,Number of registered cars per 1000 population
A,TT1057I,NL038C,2020,477.2,,,NL038C,NL,,2020,cars_per_1000,Number of registered cars per 1000 population
A,TT1057I,NL038C,2021,484.72,,,NL038C,NL,,2021,cars_per_1000,Number of registered cars per 1000 population
A,TT1057I,NL038C,2022,484.09,,,NL038C,NL,,2022,cars_per_1000,Number of registered cars per 1000 population
A,TT1057I,NL038C,2023,516.95,,,NL038C,NL,,2023,cars_per_1000,Number of registered cars per 1000 population
A,TT1057I,NL039C,2019,526.53,,,NL039C,NL,,2019,cars_per_1000,Number of registered cars per 1000 population
A,TT1057I,NL039C,2020,531.4,,,NL039C,NL,,2020,cars_per_1000,Number of registered cars per 1000 population
A,TT1057I,NL039C,2021,538.93,,,NL039C,NL,,2021,cars_per_1000,Number of registered cars per 1000 population
A,TT1057I,NL039C,2022,537.08,,,NL039C,NL,,2022,cars_per_1000,Number of registered cars per 1000 population
A,TT1057I,NL039C,2023,576.06,,,NL039C,NL,,2023,cars_per_1000,Number of registered cars per 1000 population
A,TT1057I,NL040C,2019,477.63,,,NL040C,NL,,2019,cars_per_1000,Number of registered cars per 1000 population
A,TT1057I,NL040C,2020,481.34,,,NL040C,NL,,2020,cars_per_1000,Number of registered cars per 1000 population
A,TT1057I,NL040C,2021,488.09,,,NL040C,NL,,2021,cars_per_1000,Number of registered cars per 1000 population
A,TT1057I,NL040C,2022,487.14,,,NL040C,NL,,2022,cars_per_1000,Number of registered cars per 1000 population
A,TT1057I,NL040C,2023,516.02,,,NL040C,NL,,2023,cars_per_1000,Number of registered cars per 1000 population
A,TT1057I,NL041C,2019,417.01,,,NL041C,NL,,2019,cars_per_1000,Number of registered cars per 1000 population
A,TT1057I,NL041C,2020,418.39,,,NL041C,NL,,2020,cars_per_1000,Number of registered cars per 1000 population
A,TT1057I,NL041C,2021,425.27,,,NL041C,NL,,2021,cars_per_1000,Number of registered cars per 1000 population
A,TT1057I,NL041C,2022,423.81,,,NL041C,NL,,2022,cars_per_1000,Number of registered cars per 1000 population
A,TT1057I,NL041C,2023,541.71,,,NL041C,NL,,2023,cars_per_1000,Number of registered cars per 1000 population
A,TT1057I,NL042C,2019,324.49,,,NL042C,NL,,2019,cars_per_1000,Number of registered cars per 1000 population
A,TT1057I,NL042C,2020,324.81,,,NL042C,NL,,2020,cars_per_1000,Number of registered cars per 1000 population
A,TT1057I,NL042C,2021,331.4,,,NL042C,NL,,2021,cars_per_1000,Number of registered cars per 1000 population
A,TT1057I,NL042C,2022,330.52,,,NL042C,NL,,2022,cars_per_1000,Number of registered cars per 1000 population
A,TT1057I,NL042C,2023,391.22,,,NL042C,NL,,2023,cars_per_1000,Number of registered cars per 1000 population
A,TT1057I,NL043C,2019,422.91,,,NL043C,NL,,2019,cars_per_1000,Number of registered cars per 1000 population
A,TT1057I,NL043C,2020,425.38,,,NL043C,NL,,2020,cars_per_1000,Number of registered cars per 1000 population
A,TT1057I,NL043C,2021,432.97,,,NL043C,NL,,2021,cars_per_1000,Number of registered cars per 1000 population
A,TT1057I,NL043C,2022,432.58,,,NL043C,NL,,2022,cars_per_1000,Number of registered cars per 1000 population
A,TT1057I,NL043C,2023,482.25,,,NL043C,NL,,2023,cars_per_1000,Number of registered cars per 1000 population
A,TT1057I,NL044C,2019,457.63,,,NL044C,NL,,2019,cars_per_1000,Number of registered cars per 1000 population
A,TT1057I,NL044C,2020,463.33,,,NL044C,NL,,2020,cars_per_1000,Number of registered cars per 1000 population
A,TT1057I,NL044C,2021,471.52,,,NL044C,NL,,2021,cars_per_1000,Number of registered cars per 1000 population
A,TT1057I,NL044C,2022,468.41,,,NL044C,NL,,2022,cars_per_1000,Number of registered cars per 1000 population
A,TT1057I,NL044C,2023,487.39,,,NL044C,NL,,2023,cars_per_1000,Number of registered cars per 1000 population
A,TT1057I,NL045C,2019,400.95,,,NL045C,NL,,2019,cars_per_1000,Number of registered cars per 1000 population
A,TT1057I,NL045C,2020,404.41,,,NL045C,NL,,2020,cars_per_1000,Number of registered cars per 1000 population
A,TT1057I,NL045C,2021,412.55,,,NL045C,NL,,2021,cars_per_1000,Number of registered cars per 1000 population
A,TT1057I,NL045C,2022,412.75,,,NL045C,NL,,2022,cars_per_1000,Number of registered cars per 1000 population
A,TT1057I,NL045C,2023,426.04,,,NL045C,NL,,2023,cars_per_1000,Number of registered cars per 1000 population
A,TT1057I,NL046C,2019,432.86,,,NL046C,NL,,2019,cars_per_1000,Number of registered cars per 1000 population
A,TT1057I,NL046C,2020,434.82,,,NL046C,NL,,2020,cars_per_1000,Number of registered cars per 1000 population
A,TT1057I,NL046C,2021,439.65,,,NL046C,NL,,2021,cars_per_1000,Number of registered cars per 1000 population
A,TT1057I,NL046C,2022,438.23,,,NL046C,NL,,2022,cars_per_1000,Number of registered cars per 1000 population
A,TT1057I,NL046C,2023,459.63,,,NL046C,NL,,2023,cars_per_1000,Number of registered cars per 1000 population
A,TT1057I,NL047C,2019,386.74,,,NL047C,NL,,2019,cars_per_1000,Number of registered cars per 1000 population
A,TT1057I,NL047C,2020,388.58,,,NL047C,NL,,2020,cars_per_1000,Number of registered cars per 1000 population
A,TT1057I,NL047C,2021,394.7,,,NL047C,NL,,2021,cars_per_1000,Number of registered cars per 1000 population
A,TT1057I,NL047C,2022,396.46,,,NL047C,NL,,2022,cars_per_1000,Number of registered cars per 1000 population
A,TT1057I,NL047C,2023,440.63,,,NL047C,NL,,2023,cars_per_1000,Number of registered cars per 1000 population
A,TT1057I,PL,2017,585.52,d,,PL,PL,,2017,cars_per_1000,Number of registered cars per 1000 population
A,TT1057I,PL,2018,609.95,d,,PL,PL,,2018,cars_per_1000,Number of registered cars per 1000 population
A,TT1057I,PL,2019,634.67,,,PL,PL,,2019,cars_per_1000,Number of registered cars per 1000 population
A,TT1057I,PL,2020,659.35,,,PL,PL,,2020,cars_per_1000,Number of registered cars per 1000 population
A,TT1057I,PL,2021,682.44,,,PL,PL,,2021,cars_per_1000,Number of registered cars per 1000 population
A,TT1057I,PL001C,2017,715.06,d,,PL001C,PL,,2017,cars_per_1000,Number of registered cars per 1000 population
A,TT1057I,PL001C,2018,749.69,d,,PL001C,PL,,2018,cars_per_1000,Number of registered cars per 1000 population
A,TT1057I,PL001C,2019,778.05,,,PL001C,PL,,2019,cars_per_1000,Number of registered cars per 1000 population
A,TT1057I,PL001C,2020,765.65,,,PL001C,PL,,2020,cars_per_1000,Number of registered cars per 1000 population
A,TT1057I,PL001C,2021,783.92,,,PL001C,PL,,2021,cars_per_1000,Number of registered cars per 1000 population
A,TT1057I,PL002C,2017,550.77,d,,PL002C,PL,,2017,cars_per_1000,Number of registered cars per 1000 population
A,TT1057I,PL002C,2018,578.37,d,,PL002C,PL,,2018,cars_per_1000,Number of registered cars per 1000 population
A,TT1057I,PL002C,2019,605.36,,,PL002C,PL,,2019,cars_per_1000,Number of registered cars per 1000 population
A,TT1057I,PL002C,2020,623.72,,,PL002C,PL,,2020,cars_per_1000,Number of registered cars per 1000 population
A,TT1057I,PL002C,2021,644.85,,,PL002C,PL,,2021,cars_per_1000,Number of registered cars per 1000 population
A,TT1057I,PL003C,2017,610.75,d,,PL003C,PL,,2017,cars_per_1000,Number of registered cars per 1000 population
A,TT1057I,PL003C,2018,639.4,d,,PL003C,PL,,2018,cars_per_1000,Number of registered cars per 1000 population
A,TT1057I,PL003C,2019,659.8,,,PL003C,PL,,2019,cars_per_1000,Number of registered cars per 1000 population
A,TT1057I,PL003C,2020,663.57,,,PL003C,PL,,2020,cars_per_1000,Number of registered cars per 1000 population
A,TT1057I,PL003C,2021,685.29,,,PL003C,PL,,2021,cars_per_1000,Number of registered cars per 1000 population
A,TT1057I,PL004C,2017,659.17,d,,PL004C,PL,,2017,cars_per_1000,Number of registered cars per 1000 population
A,TT1057I,PL004C,2018,689.93,d,,PL004C,PL,,2018,cars_per_1000,Number of registered cars per 1000 population
A,TT1057I,PL004C,2019,715.37,,,PL004C,PL,,2019,cars_per_1000,Number of registered cars per 1000 population
A,TT1057I,PL004C,2020,707.35,,,PL004C,PL,,2020,cars_per_1000,Number of registered cars per 1000 population
A,TT1057I,PL004C,2021,730.25,,,PL004C,PL,,2021,cars_per_1000,Number of registered cars per 1000 population
A,TT1057I,PL005C,2017,689.91,d,,PL005C,PL,,2017,cars_per_1000,Number of registered cars per 1000 population
A,TT1057I,PL005C,2018,725.08,d,,PL005C,PL,,2018,cars_per_1000,Number of registered cars per 1000 population
A,TT1057I,PL005C,2019,757.75,,,PL005C,PL,,2019,cars_per_1000,Number of registered cars per 1000 population
A,TT1057I,PL005C,2020,758.3,,,PL005C,PL,,2020,cars_per_1000,Number of registered cars per 1000 population
A,TT1057I,PL005C,2021,778.21,,,PL005C,PL,,2021,cars_per_1000,Number of registered cars per 1000 population
A,TT1057I,PL006C,2017,593.25,d,,PL006C,PL,,2017,cars_per_1000,Number of registered cars per 1000 population
A,TT1057I,PL006C,2018,618.01,d,,PL006C,PL,,2018,cars_per_1000,Number of registered cars per 1000 population
A,TT1057I,PL006C,2019,639.71,,,PL006C,PL,,2019,cars_per_1000,Number of registered cars per 1000 population
A,TT1057I,PL006C,2020,640.81,,,PL006C,PL,,2020,cars_per_1000,Number of registered cars per 1000 population
A,TT1057I,PL006C,2021,663.95,,,PL006C,PL,,2021,cars_per_1000,Number of registered cars per 1000 population
A,TT1057I,PL007C,2017,530.04,d,,PL007C,PL,,2017,cars_per_1000,Number of registered cars per 1000 population
A,TT1057I,PL007C,2018,554.48,d,,PL007C,PL,,2018,cars_per_1000,Number of registered cars per 1000 population
A,TT1057I,PL007C,2019,575.02,,,PL007C,PL,,2019,cars_per_1000,Number of registered cars per 1000 population
A,TT1057I,PL007C,2020,595.81,,,PL007C,PL,,2020,cars_per_1000,Number of registered cars per 1000 population
A,TT1057I,PL007C,2021,614.79,,,PL007C,PL,,2021,cars_per_1000,Number of registered cars per 1000 population
A,TT1057I,PL008C,2017,569.25,d,,PL008C,PL,,2017,cars_per_1000,Number of registered cars per 1000 population
A,TT1057I,PL008C,2018,595.96,d,,PL008C,PL,,2018,cars_per_1000,Number of registered cars per 1000 population
A,TT1057I,PL008C,2019,619.14,,,PL008C,PL,,2019,cars_per_1000,Number of registered cars per 1000 population
A,TT1057I,PL008C,2020,652.36,,,PL008C,PL,,2020,cars_per_1000,Number of registered cars per 1000 population
A,TT1057I,PL008C,2021,674.93,,,PL008C,PL,,2021,cars_per_1000,Number of registered cars per 1000 population
A,TT1057I,PL009C,2017,530.82,d,,PL009C,PL,,2017,cars_per_1000,Number of registered cars per 1000 population
A,TT1057I,PL009C,2018,557.23,d,,PL009C,PL,,2018,cars_per_1000,Number of registered cars per 1000 population
A,TT1057I,PL009C,2019,577.86,,,PL009C,PL,,2019,cars_per_1000,Number of registered cars per 1000 population
A,TT1057I,PL009C,2020,605.52,,,PL009C,PL,,2020,cars_per_1000,Number of registered cars per 1000 population
A,TT1057I,PL009C,2021,629.75,,,PL009C,PL,,2021,cars_per_1000,Number of registered cars per 1000 population
A,TT1057I,PL010C,2017,704.16,d,,PL010C,PL,,2017,cars_per_1000,Number of registered cars per 1000 population
A,TT1057I,PL010C,2018,734.6,d,,PL010C,PL,,2018,cars_per_1000,Number of registered cars per 1000 population
A,TT1057I,PL010C,2019,761.7,,,PL010C,PL,,2019,cars_per_1000,Number of registered cars per 1000 population
A,TT1057I,PL010C,2020,789.48,,,PL010C,PL,,2020,cars_per_1000,Number of registered cars per 1000 population
A,TT1057I,PL010C,2021,810.84,,,PL010C,PL,,2021,cars_per_1000,Number of registered cars per 1000 population
A,TT1057I,PL011C,2017,430.45,d,,PL011C,PL,,2017,cars_per_1000,Number of registered cars per 1000 population
A,TT1057I,PL011C,2018,452.51,d,,PL011C,PL,,2018,cars_per_1000,Number of registered cars per 1000 population
A,TT1057I,PL011C,2019,474.02,,,PL011C,PL,,2019,cars_per_1000,Number of registered cars per 1000 population
A,TT1057I,PL011C,2020,495.09,,,PL011C,PL,,2020,cars_per_1000,Number of registered cars per 1000 population
A,TT1057I,PL011C,2021,516.53,,,PL011C,PL,,2021,cars_per_1000,Number of registered cars per 1000 population
A,TT1057I,PL012C,2017,518.68,d,,PL012C,PL,,2017,cars_per_1000,Number of registered cars per 1000 population
A,TT1057I,PL012C,2018,547.63,d,,PL012C,PL,,2018,cars_per_1000,Number of registered cars per 1000 population
A,TT1057I,PL012C,2019,572.75,,,PL012C,PL,,2019,cars_per_1000,Number of registered cars per 1000 population
A,TT1057I,PL012C,2020,612.38,,,PL012C,PL,,2020,cars_per_1000,Number of registered cars per 1000 population
A,TT1057I,PL012C,2021,637.49,,,PL012C,PL,,2021,cars_per_1000,Number of registered cars per 1000 population
A,TT1057I,PL013C,2017,510.89,d,,PL013C,PL,,2017,cars_per_1000,Number of registered cars per 1000 population
A,TT1057I,PL013C,2018,534.99,d,,PL013C,PL,,2018,cars_per_1000,Number of registered cars per 1000 population
A,TT1057I,PL013C,2019,557.56,,,PL013C,PL,,2019,cars_per_1000,Number of registered cars per 1000 population
A,TT1057I,PL013C,2020,580.5,,,PL013C,PL,,2020,cars_per_1000,Number of registered cars per 1000 population
A,TT1057I,PL013C,2021,601.58,,,PL013C,PL,,2021,cars_per_1000,Number of registered cars per 1000 population
A,TT1057I,PL014C,2017,506.14,d,,PL014C,PL,,2017,cars_per_1000,Number of registered cars per 1000 population
A,TT1057I,PL014C,2018,531.46,d,,PL014C,PL,,2018,cars_per_1000,Number of registered cars per 1000 population
A,TT1057I,PL014C,2019,554.96,,,PL014C,PL,,2019,cars_per_1000,Number of registered cars per 1000 population
A,TT1057I,PL014C,2020,579.86,,,PL014C,PL,,2020,cars_per_1000,Number of registered cars per 1000 population
A,TT1057I,PL014C,2021,601.75,,,PL014C,PL,,2021,cars_per_1000,Number of registered cars per 1000 population
A,TT1057I,PL015C,2017,543.37,d,,PL015C,PL,,2017,cars_per_1000,Number of registered cars per 1000 population
A,TT1057I,PL015C,2018,567.7,d,,PL015C,PL,,2018,cars_per_1000,Number of registered cars per 1000 population
A,TT1057I,PL015C,2019,586.54,,,PL015C,PL,,2019,cars_per_1000,Number of registered cars per 1000 population
A,TT1057I,PL015C,2020,613.19,,,PL015C,PL,,2020,cars_per_1000,Number of registered cars per 1000 population
A,TT1057I,PL015C,2021,625.49,,,PL015C,PL,,2021,cars_per_1000,Number of registered cars per 1000 population
A,TT1057I,PL016C,2017,650.7,d,,PL016C,PL,,2017,cars_per_1000,Number of registered cars per 1000 population
A,TT1057I,PL016C,2018,687.98,d,,PL016C,PL,,2018,cars_per_1000,Number of registered cars per 1000 population
A,TT1057I,PL016C,2019,724.55,,,PL016C,PL,,2019,cars_per_1000,Number of registered cars per 1000 population
A,TT1057I,PL016C,2020,759.73,,,PL016C,PL,,2020,cars_per_1000,Number of registered cars per 1000 population
A,TT1057I,PL016C,2021,792.23,,,PL016C,PL,,2021,cars_per_1000,Number of registered cars per 1000 population
A,TT1057I,PL017C,2017,558.1,d,,PL017C,PL,,2017,cars_per_1000,Number of registered cars per 1000 population
A,TT1057I,PL017C,2018,588.79,d,,PL017C,PL,,2018,cars_per_1000,Number of registered cars per 1000 population
A,TT1057I,PL017C,2019,618.3,,,PL017C,PL,,2019,cars_per_1000,Number of registered cars per 1000 population
A,TT1057I,PL017C,2020,662.42,,,PL017C,PL,,2020,cars_per_1000,Number of registered cars per 1000 population
A,TT1057I,PL017C,2021,697.73,,,PL017C,PL,,2021,cars_per_1000,Number of registered cars per 1000 population
A,TT1057I,PL018C,2017,537.66,d,,PL018C,PL,,2017,cars_per_1000,Number of registered cars per 1000 population
A,TT1057I,PL018C,2018,572.61,d,,PL018C,PL,,2018,cars_per_1000,Number of registered cars per 1000 population
A,TT1057I,PL018C,2019,602.63,,,PL018C,PL,,2019,cars_per_1000,Number of registered cars per 1000 population
A,TT1057I,PL018C,2020,628.73,,,PL018C,PL,,2020,cars_per_1000,Number of registered cars per 1000 population
A,TT1057I,PL018C,2021,654.15,,,PL018C,PL,,2021,cars_per_1000,Number of registered cars per 1000 population
A,TT1057I,PL019C,2017,584.02,d,,PL019C,PL,,2017,cars_per_1000,Number of registered cars per 1000 population
A,TT1057I,PL019C,2018,607.96,d,,PL019C,PL,,2018,cars_per_1000,Number of registered cars per 1000 population
A,TT1057I,PL019C,2019,635.77,,,PL019C,PL,,2019,cars_per_1000,Number of registered cars per 1000 population
A,TT1057I,PL019C,2020,666.94,,,PL019C,PL,,2020,cars_per_1000,Number of registered cars per 1000 population
A,TT1057I,PL019C,2021,690.88,,,PL019C,PL,,2021,cars_per_1000,Number of registered cars per 1000 population
A,TT1057I,PL020C,2017,483.6,d,,PL020C,PL,,2017,cars_per_1000,Number of registered cars per 1000 population
A,TT1057I,PL020C,2018,512.62,d,,PL020C,PL,,2018,cars_per_1000,Number of registered cars per 1000 population
A,TT1057I,PL020C,2019,537.34,,,PL020C,PL,,2019,cars_per_1000,Number of registered cars per 1000 population
A,TT1057I,PL020C,2020,580.18,,,PL020C,PL,,2020,cars_per_1000,Number of registered cars per 1000 population
A,TT1057I,PL020C,2021,606.12,,,PL020C,PL,,2021,cars_per_1000,Number of registered cars per 1000 population
A,TT1057I,PL021C,2017,465.34,d,,PL021C,PL,,2017,cars_per_1000,Number of registered cars per 1000 population
A,TT1057I,PL021C,2018,483.08,d,,PL021C,PL,,2018,cars_per_1000,Number of registered cars per 1000 population
A,TT1057I,PL021C,2019,500.53,,,PL021C,PL,,2019,cars_per_1000,Number of registered cars per 1000 population
A,TT1057I,PL021C,2020,520.61,,,PL021C,PL,,2020,cars_per_1000,Number of registered cars per 1000 population
A,TT1057I,PL021C,2021,541.71,,,PL021C,PL,,2021,cars_per_1000,Number of registered cars per 1000 population
A,TT1057I,PL022C,2017,573.23,d,,PL022C,PL,,2017,cars_per_1000,Number of registered cars per 1000 population
A,TT1057I,PL022C,2018,595.51,d,,PL022C,PL,,2018,cars_per_1000,Number of registered cars per 1000 population
A,TT1057I,PL022C,2019,620.45,,,PL022C,PL,,2019,cars_per_1000,Number of registered cars per 1000 population
A,TT1057I,PL022C,2020,668.65,,,PL022C,PL,,2020,cars_per_1000,Number of registered cars per 1000 population
A,TT1057I,PL022C,2021,693.38,,,PL022C,PL,,2021,cars_per_1000,Number of registered cars per 1000 population
A,TT1057I,PL023C,2017,549.6,d,,PL023C,PL,,2017,cars_per_1000,Number of registered cars per 1000 population
A,TT1057I,PL023C,2018,565.6,d,,PL023C,PL,,2018,cars_per_1000,Number of registered cars per 1000 population
A,TT1057I,PL023C,2019,581.04,,,PL023C,PL,,2019,cars_per_1000,Number of registered cars per 1000 population
A,TT1057I,PL023C,2020,601.18,,,PL023C,PL,,2020,cars_per_1000,Number of registered cars per 1000 population
A,TT1057I,PL023C,2021,615.37,,,PL023C,PL,,2021,cars_per_1000,Number of registered cars per 1000 population
A,TT1057I,PL024C,2017,539.99,d,,PL024C,PL,,2017,cars_per_1000,Number of registered cars per 1000 population
A,TT1057I,PL024C,2018,563.53,d,,PL024C,PL,,2018,cars_per_1000,Number of registered cars per 1000 population
A,TT1057I,PL024C,2019,586.87,,,PL024C,PL,,2019,cars_per_1000,Number of registered cars per 1000 population
A,TT1057I,PL024C,2020,623.3,,,PL024C,PL,,2020,cars_per_1000,Number of registered cars per 1000 population
A,TT1057I,PL024C,2021,648.74,,,PL024C,PL,,2021,cars_per_1000,Number of registered cars per 1000 population
A,TT1057I,PL025C,2017,489.99,d,,PL025C,PL,,2017,cars_per_1000,Number of registered cars per 1000 population
A,TT1057I,PL025C,2018,513.08,d,,PL025C,PL,,2018,cars_per_1000,Number of registered cars per 1000 population
A,TT1057I,PL025C,2019,535.07,,,PL025C,PL,,2019,cars_per_1000,Number of registered cars per 1000 population
A,TT1057I,PL025C,2020,576.26,,,PL025C,PL,,2020,cars_per_1000,Number of registered cars per 1000 population
A,TT1057I,PL025C,2021,598.87,,,PL025C,PL,,2021,cars_per_1000,Number of registered cars per 1000 population
A,TT1057I,PL026C,2017,619.27,d,,PL026C,PL,,2017,cars_per_1000,Number of registered cars per 1000 population
A,TT1057I,PL026C,2018,651.69,d,,PL026C,PL,,2018,cars_per_1000,Number of registered cars per 1000 population
A,TT1057I,PL026C,2019,678.82,,,PL026C,PL,,2019,cars_per_1000,Number of registered cars per 1000 population
A,TT1057I,PL026C,2020,724.24,,,PL026C,PL,,2020,cars_per_1000,Number of registered cars per 1000 population
A,TT1057I,PL026C,2021,748.23,,,PL026C,PL,,2021,cars_per_1000,Number of registered cars per 1000 population
A,TT1057I,PL027C,2017,648.49,d,,PL027C,PL,,2017,cars_per_1000,Number of registered cars per 1000 population
A,TT1057I,PL027C,2018,684.48,d,,PL027C,PL,,2018,cars_per_1000,Number of registered cars per 1000 population
A,TT1057I,PL027C,2019,720.16,,,PL027C,PL,,2019,cars_per_1000,Number of registered cars per 1000 population
A,TT1057I,PL027C,2020,775.51,,,PL027C,PL,,2020,cars_per_1000,Number of registered cars per 1000 population
A,TT1057I,PL027C,2021,793.38,,,PL027C,PL,,2021,cars_per_1000,Number of registered cars per 1000 population
A,TT1057I,PL028C,2017,497.66,d,,PL028C,PL,,2017,cars_per_1000,Number of registered cars per 1000 population
A,TT1057I,PL028C,2018,523.84,d,,PL028C,PL,,2018,cars_per_1000,Number of registered cars per 1000 population
A,TT1057I,PL028C,2019,546.43,,,PL028C,PL,,2019,cars_per_1000,Number of registered cars per 1000 population
A,TT1057I,PL028C,2020,569.45,,,PL028C,PL,,2020,cars_per_1000,Number of registered cars per 1000 population
A,TT1057I,PL028C,2021,592.39,,,PL028C,PL,,2021,cars_per_1000,Number of registered cars per 1000 population
A,TT1057I,PL029C,2017,506.12,d,,PL029C,PL,,2017,cars_per_1000,Number of registered cars per 1000 population
A,TT1057I,PL029C,2018,528.73,d,,PL029C,PL,,2018,cars_per_1000,Number of registered cars per 1000 population
A,TT1057I,PL029C,2019,548.79,,,PL029C,PL,,2019,cars_per_1000,Number of registered cars per 1000 population
A,TT1057I,PL029C,2020,581.85,,,PL029C,PL,,2020,cars_per_1000,Number of registered cars per 1000 population
A,TT1057I,PL029C,2021,600.75,,,PL029C,PL,,2021,cars_per_1000,Number of registered cars per 1000 population
A,TT1057I,PL030C,2017,524.62,d,,PL030C,PL,,2017,cars_per_1000,Number of registered cars per 1000 population
A,TT1057I,PL030C,2018,542.7,d,,PL030C,PL,,2018,cars_per_1000,Number of registered cars per 1000 population
A,TT1057I,PL030C,2019,561.49,,,PL030C,PL,,2019,cars_per_1000,Number of registered cars per 1000 population
A,TT1057I,PL030C,2020,594.36,,,PL030C,PL,,2020,cars_per_1000,Number of registered cars per 1000 population
A,TT1057I,PL030C,2021,612.9,,,PL030C,PL,,2021,cars_per_1000,Number of registered cars per 1000 population
A,TT1057I,PL031C,2017,510.48,d,,PL031C,PL,,2017,cars_per_1000,Number of registered cars per 1000 population
A,TT1057I,PL031C,2018,535.79,d,,PL031C,PL,,2018,cars_per_1000,Number of registered cars per 1000 population
A,TT1057I,PL031C,2019,558.64,,,PL031C,PL,,2019,cars_per_1000,Number of registered cars per 1000 population
A,TT1057I,PL031C,2020,596.85,,,PL031C,PL,,2020,cars_per_1000,Number of registered cars per 1000 population
A,TT1057I,PL031C,2021,620.56,,,PL031C,PL,,2021,cars_per_1000,Number of registered cars per 1000 population
A,TT1057I,PL032C,2017,525.49,d,,PL032C,PL,,2017,cars_per_1000,Number of registered cars per 1000 population
A,TT1057I,PL032C,2018,548.99,d,,PL032C,PL,,2018,cars_per_1000,Number of registered cars per 1000 population
A,TT1057I,PL032C,2019,578.1,,,PL032C,PL,,2019,cars_per_1000,Number of registered cars per 1000 population
A,TT1057I,PL032C,2020,635.32,,,PL032C,PL,,2020,cars_per_1000,Number of registered cars per 1000 population
A,TT1057I,PL032C,2021,661.84,,,PL032C,PL,,2021,cars_per_1000,Number of registered cars per 1000 population
A,TT1057I,PL040C,2017,762.72,d,,PL040C,PL,,2017,cars_per_1000,Number of registered cars per 1000 population
A,TT1057I,PL040C,2018,838.27,d,,PL040C,PL,,2018,cars_per_1000,Number of registered cars per 1000 population
A,TT1057I,PL040C,2019,812.73,,,PL040C,PL,,2019,cars_per_1000,Number of registered cars per 1000 population
A,TT1057I,PL040C,2020,861.68,,,PL040C,PL,,2020,cars_per_1000,Number of registered cars per 1000 population
A,TT1057I,PL040C,2021,880.28,,,PL040C,PL,,2021,cars_per_1000,Number of registered cars per 1000 population
A,TT1057I,PL041C,2017,475.82,d,,PL041C,PL,,2017,cars_per_1000,Number of registered cars per 1000 population
A,TT1057I,PL041C,2018,499.22,d,,PL041C,PL,,2018,cars_per_1000,Number of registered cars per 1000 population
A,TT1057I,PL041C,2019,516.17,,,PL041C,PL,,2019,cars_per_1000,Number of registered cars per 1000 population
A,TT1057I,PL041C,2020,560.05,,,PL041C,PL,,2020,cars_per_1000,Number of registered cars per 1000 population
A,TT1057I,PL041C,2021,578.07,,,PL041C,PL,,2021,cars_per_1000,Number of registered cars per 1000 population
A,TT1057I,PL042C,2017,569.06,d,,PL042C,PL,,2017,cars_per_1000,Number of registered cars per 1000 population
A,TT1057I,PL042C,2018,599.25,d,,PL042C,PL,,2018,cars_per_1000,Number of registered cars per 1000 population
A,TT1057I,PL042C,2019,611.54,,,PL042C,PL,,2019,cars_per_1000,Number of registered cars per 1000 population
A,TT1057I,PL042C,2020,653.72,,,PL042C,PL,,2020,cars_per_1000,Number of registered cars per 1000 population
A,TT1057I,PL042C,2021,677.77,,,PL042C,PL,,2021,cars_per_1000,Number of registered cars per 1000 population
A,TT1057I,PL047C,2017,452.58,d,,PL047C,PL,,2017,cars_per_1000,Number of registered cars per 1000 population
A,TT1057I,PL047C,2018,467.35,d,,PL047C,PL,,2018,cars_per_1000,Number of registered cars per 1000 population
A,TT1057I,PL047C,2019,479.97,,,PL047C,PL,,2019,cars_per_1000,Number of registered cars per 1000 population
A,TT1057I,PL047C,2020,505.96,,,PL047C,PL,,2020,cars_per_1000,Number of registered cars per 1000 population
A,TT1057I,PL047C,2021,523.17,,,PL047C,PL,,2021,cars_per_1000,Number of registered cars per 1000 population
A,TT1057I,PL048C,2017,545.85,d,,PL048C,PL,,2017,cars_per_1000,Number of registered cars per 1000 population
A,TT1057I,PL048C,2018,571.41,d,,PL048C,PL,,2018,cars_per_1000,Number of registered cars per 1000 population
A,TT1057I,PL048C,2019,596.43,,,PL048C,PL,,2019,cars_per_1000,Number of registered cars per 1000 population
A,TT1057I,PL048C,2020,632.43,,,PL048C,PL,,2020,cars_per_1000,Number of registered cars per 1000 population
A,TT1057I,PL048C,2021,652.21,,,PL048C,PL,,2021,cars_per_1000,Number of registered cars per 1000 population
A,TT1057I,PL053C,2017,584.31,d,,PL053C,PL,,2017,cars_per_1000,Number of registered cars per 1000 population
A,TT1057I,PL053C,2018,601.85,d,,PL053C,PL,,2018,cars_per_1000,Number of registered cars per 1000 population
A,TT1057I,PL053C,2019,622.05,,,PL053C,PL,,2019,cars_per_1000,Number of registered cars per 1000 population
A,TT1057I,PL053C,2020,637.04,,,PL053C,PL,,2020,cars_per_1000,Number of registered cars per 1000 population
A,TT1057I,PL053C,2021,660.53,,,PL053C,PL,,2021,cars_per_1000,Number of registered cars per 1000 population
A,TT1057I,PL054C,2017,537.76,d,,PL054C,PL,,2017,cars_per_1000,Number of registered cars per 1000 population
A,TT1057I,PL054C,2018,551.47,d,,PL054C,PL,,2018,cars_per_1000,Number of registered cars per 1000 population
A,TT1057I,PL054C,2019,569.4,,,PL054C,PL,,2019,cars_per_1000,Number of registered cars per 1000 population
A,TT1057I,PL054C,2020,595.99,,,PL054C,PL,,2020,cars_per_1000,Number of registered cars per 1000 population
A,TT1057I,PL054C,2021,614.99,,,PL054C,PL,,2021,cars_per_1000,Number of registered cars per 1000 population
A,TT1057I,PL055C,2017,603.95,d,,PL055C,PL,,2017,cars_per_1000,Number of registered cars per 1000 population
A,TT1057I,PL055C,2018,667.72,d,,PL055C,PL,,2018,cars_per_1000,Number of registered cars per 1000 population
A,TT1057I,PL055C,2019,691.61,,,PL055C,PL,,2019,cars_per_1000,Number of registered cars per 1000 population
A,TT1057I,PL055C,2020,725.35,,,PL055C,PL,,2020,cars_per_1000,Number of registered cars per 1000 population
A,TT1057I,PL055C,2021,743.87,,,PL055C,PL,,2021,cars_per_1000,Number of registered cars per 1000 population
A,TT1057I,PL056C,2017,481.46,d,,PL056C,PL,,2017,cars_per_1000,Number of registered cars per 1000 population
A,TT1057I,PL056C,2018,497.2,d,,PL056C,PL,,2018,cars_per_1000,Number of registered cars per 1000 population
A,TT1057I,PL056C,2019,515.97,,,PL056C,PL,,2019,cars_per_1000,Number of registered cars per 1000 population
A,TT1057I,PL056C,2020,573.02,,,PL056C,PL,,2020,cars_per_1000,Number of registered cars per 1000 population
A,TT1057I,PL056C,2021,592.98,,,PL056C,PL,,2021,cars_per_1000,Number of registered cars per 1000 population
A,TT1057I,PL057C,2017,460.66,d,,PL057C,PL,,2017,cars_per_1000,Number of registered cars per 1000 population
A,TT1057I,PL057C,2018,476.51,d,,PL057C,PL,,2018,cars_per_1000,Number of registered cars per 1000 population
A,TT1057I,PL057C,2019,493.79,,,PL057C,PL,,2019,cars_per_1000,Number of registered cars per 1000 population
A,TT1057I,PL057C,2020,541.83,,,PL057C,PL,,2020,cars_per_1000,Number of registered cars per 1000 population
A,TT1057I,PL057C,2021,559.61,,,PL057C,PL,,2021,cars_per_1000,Number of registered cars per 1000 population
A,TT1057I,PL058C,2017,619.26,d,,PL058C,PL,,2017,cars_per_1000,Number of registered cars per 1000 population
A,TT1057I,PL058C,2018,650.86,d,,PL058C,PL,,2018,cars_per_1000,Number of registered cars per 1000 population
A,TT1057I,PL058C,2019,681.3,,,PL058C,PL,,2019,cars_per_1000,Number of registered cars per 1000 population
A,TT1057I,PL058C,2020,706.16,,,PL058C,PL,,2020,cars_per_1000,Number of registered cars per 1000 population
A,TT1057I,PL058C,2021,731.27,,,PL058C,PL,,2021,cars_per_1000,Number of registered cars per 1000 population
A,TT1057I,PL059C,2017,487.26,d,,PL059C,PL,,2017,cars_per_1000,Number of registered cars per 1000 population
A,TT1057I,PL059C,2018,503.88,d,,PL059C,PL,,2018,cars_per_1000,Number of registered cars per 1000 population
A,TT1057I,PL059C,2019,521.03,,,PL059C,PL,,2019,cars_per_1000,Number of registered cars per 1000 population
A,TT1057I,PL059C,2020,541.85,,,PL059C,PL,,2020,cars_per_1000,Number of registered cars per 1000 population
A,TT1057I,PL059C,2021,559.74,,,PL059C,PL,,2021,cars_per_1000,Number of registered cars per 1000 population
A,TT1057I,PL060C,2017,555.07,d,,PL060C,PL,,2017,cars_per_1000,Number of registered cars per 1000 population
A,TT1057I,PL060C,2018,575.02,d,,PL060C,PL,,2018,cars_per_1000,Number of registered cars per 1000 population
A,TT1057I,PL060C,2019,599.27,,,PL060C,PL,,2019,cars_per_1000,Number of registered cars per 1000 population
A,TT1057I,PL060C,2020,630.56,,,PL060C,PL,,2020,cars_per_1000,Number of registered cars per 1000 population
A,TT1057I,PL060C,2021,648.92,,,PL060C,PL,,2021,cars_per_1000,Number of registered cars per 1000 population
A,TT1057I,PL061C,2017,553.49,d,,PL061C,PL,,2017,cars_per_1000,Number of registered cars per 1000 population
A,TT1057I,PL061C,2018,602.8,d,,PL061C,PL,,2018,cars_per_1000,Number of registered cars per 1000 population
A,TT1057I,PL061C,2019,641.24,,,PL061C,PL,,2019,cars_per_1000,Number of registered cars per 1000 population
A,TT1057I,PL061C,2020,680.27,,,PL061C,PL,,2020,cars_per_1000,Number of registered cars per 1000 population
A,TT1057I,PL061C,2021,697.51,,,PL061C,PL,,2021,cars_per_1000,Number of registered cars per 1000 population
A,TT1057I,PL062C,2017,276.03,d,,PL062C,PL,,2017,cars_per_1000,Number of registered cars per 1000 population
A,TT1057I,PL062C,2018,313.89,d,,PL062C,PL,,2018,cars_per_1000,Number of registered cars per 1000 population
A,TT1057I,PL062C,2019,339.74,,,PL062C,PL,,2019,cars_per_1000,Number of registered cars per 1000 population
A,TT1057I,PL062C,2020,375.37,,,PL062C,PL,,2020,cars_per_1000,Number of registered cars per 1000 population
A,TT1057I,PL062C,2021,394.91,,,PL062C,PL,,2021,cars_per_1000,Number of registered cars per 1000 population
A,TT1057I,PL063C,2017,472.58,d,,PL063C,PL,,2017,cars_per_1000,Number of registered cars per 1000 population
A,TT1057I,PL063C,2018,496.25,d,,PL063C,PL,,2018,cars_per_1000,Number of registered cars per 1000 population
A,TT1057I,PL063C,2019,521.36,,,PL063C,PL,,2019,cars_per_1000,Number of registered cars per 1000 population
A,TT1057I,PL063C,2020,553.61,,,PL063C,PL,,2020,cars_per_1000,Number of registered cars per 1000 population
A,TT1057I,PL063C,2021,573.71,,,PL063C,PL,,2021,cars_per_1000,Number of registered cars per 1000 population
A,TT1057I,PL064C,2017,491.68,d,,PL064C,PL,,2017,cars_per_1000,Number of registered cars per 1000 population
A,TT1057I,PL064C,2018,513.22,d,,PL064C,PL,,2018,cars_per_1000,Number of registered cars per 1000 population
A,TT1057I,PL064C,2019,535.53,,,PL064C,PL,,2019,cars_per_1000,Number of registered cars per 1000 population
A,TT1057I,PL064C,2020,570.84,,,PL064C,PL,,2020,cars_per_1000,Number of registered cars per 1000 population
A,TT1057I,PL064C,2021,597.47,,,PL064C,PL,,2021,cars_per_1000,Number of registered cars per 1000 population
A,TT1057I,PL065C,2017,483.66,d,,PL065C,PL,,2017,cars_per_1000,Number of registered cars per 1000 population
A,TT1057I,PL065C,2018,505.23,d,,PL065C,PL,,2018,cars_per_1000,Number of registered cars per 1000 population
A,TT1057I,PL065C,2019,522.2,,,PL065C,PL,,2019,cars_per_1000,Number of registered cars per 1000 population
A,TT1057I,PL065C,2020,548.29,,,PL065C,PL,,2020,cars_per_1000,Number of registered cars per 1000 population
A,TT1057I,PL065C,2021,567.89,,,PL065C,PL,,2021,cars_per_1000,Number of registered cars per 1000 population
A,TT1057I,PL066C,2017,437.09,d,,PL066C,PL,,2017,cars_per_1000,Number of registered cars per 1000 population
A,TT1057I,PL066C,2018,449.21,d,,PL066C,PL,,2018,cars_per_1000,Number of registered cars per 1000 population
A,TT1057I,PL066C,2019,464.69,,,PL066C,PL,,2019,cars_per_1000,Number of registered cars per 1000 population
A,TT1057I,PL066C,2020,490.56,,,PL066C,PL,,2020,cars_per_1000,Number of registered cars per 1000 population
A,TT1057I,PL066C,2021,506.01,,,PL066C,PL,,2021,cars_per_1000,Number of registered cars per 1000 population
A,TT1057I,PL067C,2017,508.6,d,,PL067C,PL,,2017,cars_per_1000,Number of registered cars per 1000 population
A,TT1057I,PL067C,2018,528.15,d,,PL067C,PL,,2018,cars_per_1000,Number of registered cars per 1000 population
A,TT1057I,PL067C,2019,549.0,,,PL067C,PL,,2019,cars_per_1000,Number of registered cars per 1000 population
A,TT1057I,PL067C,2020,591.67,,,PL067C,PL,,2020,cars_per_1000,Number of registered cars per 1000 population
A,TT1057I,PL067C,2021,615.13,,,PL067C,PL,,2021,cars_per_1000,Number of registered cars per 1000 population
A,TT1057I,PL068C,2017,430.04,d,,PL068C,PL,,2017,cars_per_1000,Number of registered cars per 1000 population
A,TT1057I,PL068C,2018,446.98,d,,PL068C,PL,,2018,cars_per_1000,Number of registered cars per 1000 population
A,TT1057I,PL068C,2019,463.34,,,PL068C,PL,,2019,cars_per_1000,Number of registered cars per 1000 population
A,TT1057I,PL068C,2020,492.41,,,PL068C,PL,,2020,cars_per_1000,Number of registered cars per 1000 population
A,TT1057I,PL068C,2021,512.26,,,PL068C,PL,,2021,cars_per_1000,Number of registered cars per 1000 population
A,TT1057I,RO,2015,195.77,,,RO,RO,,2015,cars_per_1000,Number of registered cars per 1000 population
A,TT1057I,RO,2017,231.22,d,,RO,RO,,2017,cars_per_1000,Number of registered cars per 1000 population
A,TT1057I,SE,2017,374.93,,,SE,SE,,2017,cars_per_1000,Number of registered cars per 1000 population
A,TT1057I,SE,2018,376.66,,,SE,SE,,2018,cars_per_1000,Number of registered cars per 1000 population
A,TT1057I,SE001C,2017,275.0,,,SE001C,SE,,2017,cars_per_1000,Number of registered cars per 1000 population
A,TT1057I,SE001C,2018,269.79,,,SE001C,SE,,2018,cars_per_1000,Number of registered cars per 1000 population
A,TT1057I,SE002C,2017,223.47,,,SE002C,SE,,2017,cars_per_1000,Number of registered cars per 1000 population
A,TT1057I,SE002C,2018,218.24,,,SE002C,SE,,2018,cars_per_1000,Number of registered cars per 1000 population
A,TT1057I,SE003C,2017,287.92,,,SE003C,SE,,2017,cars_per_1000,Number of registered cars per 1000 population
A,TT1057I,SE003C,2018,276.23,,,SE003C,SE,,2018,cars_per_1000,Number of registered cars per 1000 population
A,TT1057I,SE004C,2017,401.38,,,SE004C,SE,,2017,cars_per_1000,Number of registered cars per 1000 population
A,TT1057I,SE004C,2018,402.14,,,SE004C,SE,,2018,cars_per_1000,Number of registered cars per 1000 population
A,TT1057I,SE005C,2017,351.49,,,SE005C,SE,,2017,cars_per_1000,Number of registered cars per 1000 population
A,TT1057I,SE005C,2018,349.82,,,SE005C,SE,,2018,cars_per_1000,Number of registered cars per 1000 population
A,TT1057I,SE006C,2017,318.86,,,SE006C,SE,,2017,cars_per_1000,Number of registered cars per 1000 population
A,TT1057I,SE006C,2018,313.71,,,SE006C,SE,,2018,cars_per_1000,Number of registered cars per 1000 population
A,TT1057I,SE007C,2017,357.17,,,SE007C,SE,,2017,cars_per_1000,Number of registered cars per 1000 population
A,TT1057I,SE007C,2018,355.24,,,SE007C,SE,,2018,cars_per_1000,Number of registered cars per 1000 population
A,TT1057I,SE008C,2017,362.75,,,SE008C,SE,,2017,cars_per_1000,Number of registered cars per 1000 population
A,TT1057I,SE008C,2018,360.5,,,SE008C,SE,,2018,cars_per_1000,Number of registered cars per 1000 population
A,TT1057I,SE010C,2017,399.91,,,SE010C,SE,,2017,cars_per_1000,Number of registered cars per 1000 population
A,TT1057I,SE010C,2018,398.3,,,SE010C,SE,,2018,cars_per_1000,Number of registered cars per 1000 population
A,TT1057I,SE011C,2017,380.13,,,SE011C,SE,,2017,cars_per_1000,Number of registered cars per 1000 population
A,TT1057I,SE011C,2018,380.76,,,SE011C,SE,,2018,cars_per_1000,Number of registered cars per 1000 population
A,TT1057I,SE012C,2017,359.43,,,SE012C,SE,,2017,cars_per_1000,Number of registered cars per 1000 population
A,TT1057I,SE012C,2018,357.03,,,SE012C,SE,,2018,cars_per_1000,Number of registered cars per 1000 population
A,TT1057I,SE013C,2017,302.69,,,SE013C,SE,,2017,cars_per_1000,Number of registered cars per 1000 population
A,TT1057I,SE013C,2018,298.83,,,SE013C,SE,,2018,cars_per_1000,Number of registered cars per 1000 population
A,TT1057I,SE014C,2017,394.91,,,SE014C,SE,,2017,cars_per_1000,Number of registered cars per 1000 population
A,TT1057I,SE014C,2018,396.26,,,SE014C,SE,,2018,cars_per_1000,Number of registered cars per 1000 population
A,TT1057I,SI,2015,495.01,d,,SI,SI,,2015,cars_per_1000,Number of registered cars per 1000 population
A,TT1057I,SI,2016,502.32,d,,SI,SI,,2016,cars_per_1000,Number of registered cars per 1000 population
A,TT1057I,SI,2017,510.69,d,,SI,SI,,2017,cars_per_1000,Number of registered cars per 1000 population
A,TT1057I,SI,2018,521.63,d,,SI,SI,,2018,cars_per_1000,Number of registered cars per 1000 population
A,TT1057I,SI,2021,564.0,d,,SI,SI,,2021,cars_per_1000,Number of registered cars per 1000 population
A,TT1057I,SI,2022,573.16,d,,SI,SI,,2022,cars_per_1000,Number of registered cars per 1000 population
A,TT1057I,SI,2023,581.29,d,,SI,SI,,2023,cars_per_1000,Number of registered cars per 1000 population
A,TT1057I,SI001C,2015,424.58,d,,SI001C,SI,,2015,cars_per_1000,Number of registered cars per 1000 population
A,TT1057I,SI001C,2016,428.48,d,,SI001C,SI,,2016,cars_per_1000,Number of registered cars per 1000 population
A,TT1057I,SI001C,2017,433.42,d,,SI001C,SI,,2017,cars_per_1000,Number of registered cars per 1000 population
A,TT1057I,SI001C,2018,430.31,d,,SI001C,SI,,2018,cars_per_1000,Number of registered cars per 1000 population
A,TT1057I,SI001C,2019,523.44,d,,SI001C,SI,,2019,cars_per_1000,Number of registered cars per 1000 population
A,TT1057I,SI001C,2020,515.14,d,,SI001C,SI,,2020,cars_per_1000,Number of registered cars per 1000 population
A,TT1057I,SI001C,2021,527.09,d,,SI001C,SI,,2021,cars_per_1000,Number of registered cars per 1000 population
A,TT1057I,SI001C,2022,536.69,d,,SI001C,SI,,2022,cars_per_1000,Number of registered cars per 1000 population
A,TT1057I,SI001C,2023,541.32,d,,SI001C,SI,,2023,cars_per_1000,Number of registered cars per 1000 population
A,TT1057I,SI002C,2015,431.02,d,,SI002C,SI,,2015,cars_per_1000,Number of registered cars per 1000 population
A,TT1057I,SI002C,2016,439.32,d,,SI002C,SI,,2016,cars_per_1000,Number of registered cars per 1000 population
A,TT1057I,SI002C,2017,444.76,d,,SI002C,SI,,2017,cars_per_1000,Number of registered cars per 1000 population
A,TT1057I,SI002C,2018,447.35,d,,SI002C,SI,,2018,cars_per_1000,Number of registered cars per 1000 population
A,TT1057I,SI002C,2019,487.07,d,,SI002C,SI,,2019,cars_per_1000,Number of registered cars per 1000 population
A,TT1057I,SI002C,2020,490.3,d,,SI002C,SI,,2020,cars_per_1000,Number of registered cars per 1000 population
A,TT1057I,SI002C,2021,493.61,d,,SI002C,SI,,2021,cars_per_1000,Number of registered cars per 1000 population
A,TT1057I,SI002C,2022,505.86,d,,SI002C,SI,,2022,cars_per_1000,Number of registered cars per 1000 population
A,TT1057I,SI002C,2023,517.73,d,,SI002C,SI,,2023,cars_per_1000,Number of registered cars per 1000 population
A,TT1057I,SK,2015,299.35,,,SK,SK,,2015,cars_per_1000,Number of registered cars per 1000 population
A,TT1057I,SK,2016,311.17,,,SK,SK,,2016,cars_per_1000,Number of registered cars per 1000 population
A,TT1057I,SK,2017,321.89,,,SK,SK,,2017,cars_per_1000,Number of registered cars per 1000 population
A,TT1057I,SK,2018,335.13,,,SK,SK,,2018,cars_per_1000,Number of registered cars per 1000 population
A,TT1057I,SK,2019,347.84,,,SK,SK,,2019,cars_per_1000,Number of registered cars per 1000 population
A,TT1057I,SK,2020,375.57,,,SK,SK,,2020,cars_per_1000,Number of registered cars per 1000 population
A,TT1057I,SK,2021,447.76,,,SK,SK,,2021,cars_per_1000,Number of registered cars per 1000 population
A,TT1057I,SK001C,2015,373.91,,,SK001C,SK,,2015,cars_per_1000,Number of registered cars per 1000 population
A,TT1057I,SK001C,2016,380.31,,,SK001C,SK,,2016,cars_per_1000,Number of registered cars per 1000 population
A,TT1057I,SK001C,2017,385.46,,,SK001C,SK,,2017,cars_per_1000,Number of registered cars per 1000 population
A,TT1057I,SK001C,2018,393.15,,,SK001C,SK,,2018,cars_per_1000,Number of registered cars per 1000 population
A,TT1057I,SK001C,2019,401.34,,,SK001C,SK,,2019,cars_per_1000,Number of registered cars per 1000 population
A,TT1057I,SK001C,2020,407.91,,,SK001C,SK,,2020,cars_per_1000,Number of registered cars per 1000 population
A,TT1057I,SK001C,2021,400.28,,,SK001C,SK,,2021,cars_per_1000,Number of registered cars per 1000 population
A,TT1057I,SK002C,2015,274.55,,,SK002C,SK,,2015,cars_per_1000,Number of registered cars per 1000 population
A,TT1057I,SK002C,2016,280.94,,,SK002C,SK,,2016,cars_per_1000,Number of registered cars per 1000 population
A,TT1057I,SK002C,2017,286.18,,,SK002C,SK,,2017,cars_per_1000,Number of registered cars per 1000 population
A,TT1057I,SK002C,2018,293.08,,,SK002C,SK,,2018,cars_per_1000,Number of registered cars per 1000 population
A,TT1057I,SK002C,2019,299.84,,,SK002C,SK,,2019,cars_per_1000,Number of registered cars per 1000 population
A,TT1057I,SK002C,2020,306.82,,,SK002C,SK,,2020,cars_per_1000,Number of registered cars per 1000 population
A,TT1057I,SK002C,2021,317.52,,,SK002C,SK,,2021,cars_per_1000,Number of registered cars per 1000 population
A,TT1057I,SK003C,2019,313.08,,,SK003C,SK,,2019,cars_per_1000,Number of registered cars per 1000 population
A,TT1057I,SK003C,2020,330.53,,,SK003C,SK,,2020,cars_per_1000,Number of registered cars per 1000 population
A,TT1057I,SK003C,2021,338.46,,,SK003C,SK,,2021,cars_per_1000,Number of registered cars per 1000 population
A,TT1057I,SK004C,2019,364.97,,,SK004C,SK,,2019,cars_per_1000,Number of registered cars per 1000 population
A,TT1057I,SK004C,2020,390.82,,,SK004C,SK,,2020,cars_per_1000,Number of registered cars per 1000 population
A,TT1057I,SK004C,2021,376.89,,,SK004C,SK,,2021,cars_per_1000,Number of registered cars per 1000 population
A,TT1057I,SK005C,2019,266.2,,,SK005C,SK,,2019,cars_per_1000,Number of registered cars per 1000 population
A,TT1057I,SK005C,2020,280.22,,,SK005C,SK,,2020,cars_per_1000,Number of registered cars per 1000 population
A,TT1057I,SK005C,2021,292.63,,,SK005C,SK,,2021,cars_per_1000,Number of registered cars per 1000 population
A,TT1057I,SK006C,2019,326.2,,,SK006C,SK,,2019,cars_per_1000,Number of registered cars per 1000 population
A,TT1057I,SK006C,2020,341.46,,,SK006C,SK,,2020,cars_per_1000,Number of registered cars per 1000 population
A,TT1057I,SK006C,2021,329.91,,,SK006C,SK,,2021,cars_per_1000,Number of registered cars per 1000 population
A,TT1057I,SK007C,2019,360.76,,,SK007C,SK,,2019,cars_per_1000,Number of registered cars per 1000 population
A,TT1057I,SK007C,2020,385.65,,,SK007C,SK,,2020,cars_per_1000,Number of registered cars per 1000 population
A,TT1057I,SK007C,2021,390.3,,,SK007C,SK,,2021,cars_per_1000,Number of registered cars per 1000 population
A,TT1057I,SK008C,2019,324.53,,,SK008C,SK,,2019,cars_per_1000,Number of registered cars per 1000 population
A,TT1057I,SK008C,2020,349.08,,,SK008C,SK,,2020,cars_per_1000,Number of registered cars per 1000 population
A,TT1057I,SK008C,2021,355.22,,,SK008C,SK,,2021,cars_per_1000,Number of registered cars per 1000 population
A,TT1057I,UK001C,2015,288.68,b,,UK001C,UK,,2015,cars_per_1000,Number of registered cars per 1000 population
A,TT1057I,UK001C,2016,287.84,,,UK001C,UK,,2016,cars_per_1000,Number of registered cars per 1000 population
A,TT1057I,UK001C,2017,285.77,b,,UK001C,UK,,2017,cars_per_1000,Number of registered cars per 1000 population
A,TT1057I,UK001C,2018,282.79,,,UK001C,UK,,2018,cars_per_1000,Number of registered cars per 1000 population
A,TT1057I,UK002C,2015,320.53,b,,UK002C,UK,,2015,cars_per_1000,Number of registered cars per 1000 population
A,TT1057I,UK002C,2016,325.17,,,UK002C,UK,,2016,cars_per_1000,Number of registered cars per 1000 population
A,TT1057I,UK002C,2017,326.7,b,,UK002C,UK,,2017,cars_per_1000,Number of registered cars per 1000 population
A,TT1057I,UK002C,2018,330.57,,,UK002C,UK,,2018,cars_per_1000,Number of registered cars per 1000 population
A,TT1057I,UK003C,2015,367.11,b,,UK003C,UK,,2015,cars_per_1000,Number of registered cars per 1000 population
A,TT1057I,UK003C,2016,370.01,,,UK003C,UK,,2016,cars_per_1000,Number of registered cars per 1000 population
A,TT1057I,UK003C,2017,373.09,b,,UK003C,UK,,2017,cars_per_1000,Number of registered cars per 1000 population
A,TT1057I,UK003C,2018,376.69,,,UK003C,UK,,2018,cars_per_1000,Number of registered cars per 1000 population
A,TT1057I,UK004C,2015,278.24,b,,UK004C,UK,,2015,cars_per_1000,Number of registered cars per 1000 population
A,TT1057I,UK004C,2016,283.82,,,UK004C,UK,,2016,cars_per_1000,Number of registered cars per 1000 population
A,TT1057I,UK004C,2017,288.12,,,UK004C,UK,,2017,cars_per_1000,Number of registered cars per 1000 population
A,TT1057I,UK004C,2018,291.15,,,UK004C,UK,,2018,cars_per_1000,Number of registered cars per 1000 population
A,TT1057I,UK005C,2015,340.84,b,,UK005C,UK,,2015,cars_per_1000,Number of registered cars per 1000 population
A,TT1057I,UK005C,2016,345.29,,,UK005C,UK,,2016,cars_per_1000,Number of registered cars per 1000 population
A,TT1057I,UK005C,2017,350.75,b,,UK005C,UK,,2017,cars_per_1000,Number of registered cars per 1000 population
A,TT1057I,UK005C,2018,356.83,,,UK005C,UK,,2018,cars_per_1000,Number of registered cars per 1000 population
A,TT1057I,UK006C,2015,262.98,b,,UK006C,UK,,2015,cars_per_1000,Number of registered cars per 1000 population
A,TT1057I,UK006C,2016,268.08,,,UK006C,UK,,2016,cars_per_1000,Number of registered cars per 1000 population
A,TT1057I,UK006C,2017,271.07,b,,UK006C,UK,,2017,cars_per_1000,Number of registered cars per 1000 population
A,TT1057I,UK006C,2018,276.33,,,UK006C,UK,,2018,cars_per_1000,Number of registered cars per 1000 population
A,TT1057I,UK007C,2015,326.96,b,,UK007C,UK,,2015,cars_per_1000,Number of registered cars per 1000 population
A,TT1057I,UK007C,2016,328.63,,,UK007C,UK,,2016,cars_per_1000,Number of registered cars per 1000 population
A,TT1057I,UK007C,2017,328.72,,,UK007C,UK,,2017,cars_per_1000,Number of registered cars per 1000 population
A,TT1057I,UK007C,2018,326.51,,,UK007C,UK,,2018,cars_per_1000,Number of registered cars per 1000 population
A,TT1057I,UK008C,2015,245.15,b,,UK008C,UK,,2015,cars_per_1000,Number of registered cars per 1000 population
A,TT1057I,UK008C,2016,248.63,,,UK008C,UK,,2016,cars_per_1000,Number of registered cars per 1000 population
A,TT1057I,UK008C,2017,251.66,b,,UK008C,UK,,2017,cars_per_1000,Number of registered cars per 1000 population
A,TT1057I,UK008C,2018,258.06,,,UK008C,UK,,2018,cars_per_1000,Number of registered cars per 1000 population
A,TT1057I,UK009C,2015,366.62,b,,UK009C,UK,,2015,cars_per_1000,Number of registered cars per 1000 population
A,TT1057I,UK009C,2016,368.0,,,UK009C,UK,,2016,cars_per_1000,Number of registered cars per 1000 population
A,TT1057I,UK009C,2017,368.85,b,,UK009C,UK,,2017,cars_per_1000,Number of registered cars per 1000 population
A,TT1057I,UK009C,2018,370.02,,,UK009C,UK,,2018,cars_per_1000,Number of registered cars per 1000 population
A,TT1057I,UK010C,2015,343.32,b,,UK010C,UK,,2015,cars_per_1000,Number of registered cars per 1000 population
A,TT1057I,UK010C,2016,345.81,,,UK010C,UK,,2016,cars_per_1000,Number of registered cars per 1000 population
A,TT1057I,UK010C,2017,348.05,b,,UK010C,UK,,2017,cars_per_1000,Number of registered cars per 1000 population
A,TT1057I,UK010C,2018,351.1,,,UK010C,UK,,2018,cars_per_1000,Number of registered cars per 1000 population
A,TT1057I,UK011C,2015,378.08,b,,UK011C,UK,,2015,cars_per_1000,Number of registered cars per 1000 population
A,TT1057I,UK011C,2016,379.78,,,UK011C,UK,,2016,cars_per_1000,Number of registered cars per 1000 population
A,TT1057I,UK011C,2017,378.49,b,,UK011C,UK,,2017,cars_per_1000,Number of registered cars per 1000 population
A,TT1057I,UK011C,2018,377.65,,,UK011C,UK,,2018,cars_per_1000,Number of registered cars per 1000 population
A,TT1057I,UK012C,2015,317.32,b,,UK012C,UK,,2015,cars_per_1000,Number of registered cars per 1000 population
A,TT1057I,UK012C,2016,323.17,,,UK012C,UK,,2016,cars_per_1000,Number of registered cars per 1000 population
A,TT1057I,UK012C,2017,326.95,,,UK012C,UK,,2017,cars_per_1000,Number of registered cars per 1000 population
A,TT1057I,UK012C,2018,329.06,,,UK012C,UK,,2018,cars_per_1000,Number of registered cars per 1000 population
A,TT1057I,UK013C,2015,286.17,b,,UK013C,UK,,2015,cars_per_1000,Number of registered cars per 1000 population
A,TT1057I,UK013C,2016,289.1,,,UK013C,UK,,2016,cars_per_1000,Number of registered cars per 1000 population
A,TT1057I,UK013C,2017,293.99,b,,UK013C,UK,,2017,cars_per_1000,Number of registered cars per 1000 population
A,TT1057I,UK013C,2018,294.91,,,UK013C,UK,,2018,cars_per_1000,Number of registered cars per 1000 population
A,TT1057I,UK014C,2015,312.82,b,,UK014C,UK,,2015,cars_per_1000,Number of registered cars per 1000 population
A,TT1057I,UK014C,2016,318.66,,,UK014C,UK,,2016,cars_per_1000,Number of registered cars per 1000 population
A,TT1057I,UK014C,2017,318.82,b,,UK014C,UK,,2017,cars_per_1000,Number of registered cars per 1000 population
A,TT1057I,UK014C,2018,322.51,,,UK014C,UK,,2018,cars_per_1000,Number of registered cars per 1000 population
A,TT1057I,UK015C,2015,390.74,b,,UK015C,UK,,2015,cars_per_1000,Number of registered cars per 1000 population
A,TT1057I,UK015C,2016,389.16,,,UK015C,UK,,2016,cars_per_1000,Number of registered cars per 1000 population
A,TT1057I,UK015C,2017,391.25,,,UK015C,UK,,2017,cars_per_1000,Number of registered cars per 1000 population
A,TT1057I,UK015C,2018,394.73,,,UK015C,UK,,2018,cars_per_1000,Number of registered cars per 1000 population
A,TT1057I,UK016C,2015,291.9,b,,UK016C,UK,,2015,cars_per_1000,Number of registered cars per 1000 population
A,TT1057I,UK016C,2016,293.05,,,UK016C,UK,,2016,cars_per_1000,Number of registered cars per 1000 population
A,TT1057I,UK016C,2017,312.14,b,,UK016C,UK,,2017,cars_per_1000,Number of registered cars per 1000 population
A,TT1057I,UK016C,2018,313.88,,,UK016C,UK,,2018,cars_per_1000,Number of registered cars per 1000 population
A,TT1057I,UK017C,2015,360.17,b,,UK017C,UK,,2015,cars_per_1000,Number of registered cars per 1000 population
A,TT1057I,UK017C,2016,358.32,,,UK017C,UK,,2016,cars_per_1000,Number of registered cars per 1000 population
A,TT1057I,UK017C,2017,364.59,b,,UK017C,UK,,2017,cars_per_1000,Number of registered cars per 1000 population
A,TT1057I,UK017C,2018,364.72,,,UK017C,UK,,2018,cars_per_1000,Number of registered cars per 1000 population
A,TT1057I,UK018C,2015,363.24,b,,UK018C,UK,,2015,cars_per_1000,Number of registered cars per 1000 population
A,TT1057I,UK018C,2016,366.01,,,UK018C,UK,,2016,cars_per_1000,Number of registered cars per 1000 population
A,TT1057I,UK018C,2017,370.31,b,,UK018C,UK,,2017,cars_per_1000,Number of registered cars per 1000 population
A,TT1057I,UK018C,2018,368.89,,,UK018C,UK,,2018,cars_per_1000,Number of registered cars per 1000 population
A,TT1057I,UK019C,2015,448.91,b,,UK019C,UK,,2015,cars_per_1000,Number of registered cars per 1000 population
A,TT1057I,UK019C,2016,452.35,,,UK019C,UK,,2016,cars_per_1000,Number of registered cars per 1000 population
A,TT1057I,UK019C,2017,456.31,b,,UK019C,UK,,2017,cars_per_1000,Number of registered cars per 1000 population
A,TT1057I,UK019C,2018,459.98,,,UK019C,UK,,2018,cars_per_1000,Number of registered cars per 1000 population
A,TT1057I,UK020C,2015,453.99,b,,UK020C,UK,,2015,cars_per_1000,Number of registered cars per 1000 population
A,TT1057I,UK020C,2016,461.35,,,UK020C,UK,,2016,cars_per_1000,Number of registered cars per 1000 population
A,TT1057I,UK020C,2017,460.31,b,,UK020C,UK,,2017,cars_per_1000,Number of registered cars per 1000 population
A,TT1057I,UK020C,2018,461.09,,,UK020C,UK,,2018,cars_per_1000,Number of registered cars per 1000 population
A,TT1057I,UK021C,2015,464.28,b,,UK021C,UK,,2015,cars_per_1000,Number of registered cars per 1000 population
A,TT1057I,UK021C,2016,472.6,,,UK021C,UK,,2016,cars_per_1000,Number of registered cars per 1000 population
A,TT1057I,UK021C,2017,479.75,b,,UK021C,UK,,2017,cars_per_1000,Number of registered cars per 1000 population
A,TT1057I,UK021C,2018,483.05,,,UK021C,UK,,2018,cars_per_1000,Number of registered cars per 1000 population
A,TT1057I,UK022C,2015,336.33,b,,UK022C,UK,,2015,cars_per_1000,Number of registered cars per 1000 population
A,TT1057I,UK022C,2016,339.47,,,UK022C,UK,,2016,cars_per_1000,Number of registered cars per 1000 population
A,TT1057I,UK022C,2017,341.14,b,,UK022C,UK,,2017,cars_per_1000,Number of registered cars per 1000 population
A,TT1057I,UK022C,2018,343.34,,,UK022C,UK,,2018,cars_per_1000,Number of registered cars per 1000 population
A,TT1057I,UK023C,2015,454.04,b,,UK023C,UK,,2015,cars_per_1000,Number of registered cars per 1000 population
A,TT1057I,UK023C,2016,463.34,,,UK023C,UK,,2016,cars_per_1000,Number of registered cars per 1000 population
A,TT1057I,UK023C,2017,469.89,b,,UK023C,UK,,2017,cars_per_1000,Number of registered cars per 1000 population
A,TT1057I,UK023C,2018,472.62,,,UK023C,UK,,2018,cars_per_1000,Number of registered cars per 1000 population
A,TT1057I,UK024C,2015,364.81,b,,UK024C,UK,,2015,cars_per_1000,Number of registered cars per 1000 population
A,TT1057I,UK024C,2016,365.13,,,UK024C,UK,,2016,cars_per_1000,Number of registered cars per 1000 population
A,TT1057I,UK024C,2017,361.06,b,,UK024C,UK,,2017,cars_per_1000,Number of registered cars per 1000 population
A,TT1057I,UK024C,2018,359.94,,,UK024C,UK,,2018,cars_per_1000,Number of registered cars per 1000 population
A,TT1057I,UK025C,2015,320.02,b,,UK025C,UK,,2015,cars_per_1000,Number of registered cars per 1000 population
A,TT1057I,UK025C,2016,328.42,,,UK025C,UK,,2016,cars_per_1000,Number of registered cars per 1000 population
A,TT1057I,UK025C,2017,335.63,b,,UK025C,UK,,2017,cars_per_1000,Number of registered cars per 1000 population
A,TT1057I,UK025C,2018,340.84,,,UK025C,UK,,2018,cars_per_1000,Number of registered cars per 1000 population
A,TT1057I,UK026C,2015,387.6,b,,UK026C,UK,,2015,cars_per_1000,Number of registered cars per 1000 population
A,TT1057I,UK026C,2016,395.05,,,UK026C,UK,,2016,cars_per_1000,Number of registered cars per 1000 population
A,TT1057I,UK026C,2017,397.84,b,,UK026C,UK,,2017,cars_per_1000,Number of registered cars per 1000 population
A,TT1057I,UK026C,2018,401.29,,,UK026C,UK,,2018,cars_per_1000,Number of registered cars per 1000 population
A,TT1057I,UK027C,2015,378.29,b,,UK027C,UK,,2015,cars_per_1000,Number of registered cars per 1000 population
A,TT1057I,UK027C,2016,386.88,,,UK027C,UK,,2016,cars_per_1000,Number of registered cars per 1000 population
A,TT1057I,UK027C,2017,390.5,b,,UK027C,UK,,2017,cars_per_1000,Number of registered cars per 1000 population
A,TT1057I,UK027C,2018,392.38,,,UK027C,UK,,2018,cars_per_1000,Number of registered cars per 1000 population
A,TT1057I,UK028C,2015,264.74,b,,UK028C,UK,,2015,cars_per_1000,Number of registered cars per 1000 population
A,TT1057I,UK028C,2016,268.14,,,UK028C,UK,,2016,cars_per_1000,Number of registered cars per 1000 population
A,TT1057I,UK028C,2017,268.87,b,,UK028C,UK,,2017,cars_per_1000,Number of registered cars per 1000 population
A,TT1057I,UK028C,2018,271.13,,,UK028C,UK,,2018,cars_per_1000,Number of registered cars per 1000 population
A,TT1057I,UK029C,2015,423.42,b,,UK029C,UK,,2015,cars_per_1000,Number of registered cars per 1000 population
A,TT1057I,UK029C,2016,428.48,,,UK029C,UK,,2016,cars_per_1000,Number of registered cars per 1000 population
A,TT1057I,UK029C,2017,431.73,b,,UK029C,UK,,2017,cars_per_1000,Number of registered cars per 1000 population
A,TT1057I,UK029C,2018,436.94,,,UK029C,UK,,2018,cars_per_1000,Number of registered cars per 1000 population
A,TT1057I,UK030C,2015,449.17,b,,UK030C,UK,,2015,cars_per_1000,Number of registered cars per 1000 population
A,TT1057I,UK030C,2016,449.23,,,UK030C,UK,,2016,cars_per_1000,Number of registered cars per 1000 population
A,TT1057I,UK030C,2017,450.03,b,,UK030C,UK,,2017,cars_per_1000,Number of registered cars per 1000 population
A,TT1057I,UK030C,2018,448.11,,,UK030C,UK,,2018,cars_per_1000,Number of registered cars per 1000 population
A,TT1057I,UK031C,2015,461.28,b,,UK031C,UK,,2015,cars_per_1000,Number of registered cars per 1000 population
A,TT1057I,UK031C,2016,468.29,,,UK031C,UK,,2016,cars_per_1000,Number of registered cars per 1000 population
A,TT1057I,UK031C,2017,465.73,b,,UK031C,UK,,2017,cars_per_1000,Number of registered cars per 1000 population
A,TT1057I,UK031C,2018,465.92,,,UK031C,UK,,2018,cars_per_1000,Number of registered cars per 1000 population
A,TT1057I,UK032C,2015,512.4,b,,UK032C,UK,,2015,cars_per_1000,Number of registered cars per 1000 population
A,TT1057I,UK032C,2016,507.1,,,UK032C,UK,,2016,cars_per_1000,Number of registered cars per 1000 population
A,TT1057I,UK032C,2017,505.69,b,,UK032C,UK,,2017,cars_per_1000,Number of registered cars per 1000 population
A,TT1057I,UK032C,2018,506.33,,,UK032C,UK,,2018,cars_per_1000,Number of registered cars per 1000 population
A,TT1057I,UK033C,2015,420.4,b,,UK033C,UK,,2015,cars_per_1000,Number of registered cars per 1000 population
A,TT1057I,UK033C,2016,426.47,,,UK033C,UK,,2016,cars_per_1000,Number of registered cars per 1000 population
A,TT1057I,UK033C,2017,429.95,b,,UK033C,UK,,2017,cars_per_1000,Number of registered cars per 1000 population
A,TT1057I,UK033C,2018,431.77,,,UK033C,UK,,2018,cars_per_1000,Number of registered cars per 1000 population
A,TT1057I,UK034C,2015,478.98,b,,UK034C,UK,,2015,cars_per_1000,Number of registered cars per 1000 population
A,TT1057I,UK034C,2016,487.79,,,UK034C,UK,,2016,cars_per_1000,Number of registered cars per 1000 population
A,TT1057I,UK034C,2017,488.75,b,,UK034C,UK,,2017,cars_per_1000,Number of registered cars per 1000 population
A,TT1057I,UK034C,2018,492.79,,,UK034C,UK,,2018,cars_per_1000,Number of registered cars per 1000 population
A,TT1057I,UK035C,2015,490.85,b,,UK035C,UK,,2015,cars_per_1000,Number of registered cars per 1000 population
A,TT1057I,UK035C,2016,496.27,,,UK035C,UK,,2016,cars_per_1000,Number of registered cars per 1000 population
A,TT1057I,UK035C,2017,495.56,b,,UK035C,UK,,2017,cars_per_1000,Number of registered cars per 1000 population
A,TT1057I,UK035C,2018,498.63,,,UK035C,UK,,2018,cars_per_1000,Number of registered cars per 1000 population
A,TT1057I,UK036C,2015,507.97,b,,UK036C,UK,,2015,cars_per_1000,Number of registered cars per 1000 population
A,TT1057I,UK036C,2016,514.46,,,UK036C,UK,,2016,cars_per_1000,Number of registered cars per 1000 population
A,TT1057I,UK036C,2017,519.09,b,,UK036C,UK,,2017,cars_per_1000,Number of registered cars per 1000 population
A,TT1057I,UK036C,2018,519.66,,,UK036C,UK,,2018,cars_per_1000,Number of registered cars per 1000 population
A,TT1057I,UK037C,2015,473.41,b,,UK037C,UK,,2015,cars_per_1000,Number of registered cars per 1000 population
A,TT1057I,UK037C,2016,482.16,,,UK037C,UK,,2016,cars_per_1000,Number of registered cars per 1000 population
A,TT1057I,UK037C,2017,486.11,b,,UK037C,UK,,2017,cars_per_1000,Number of registered cars per 1000 population
A,TT1057I,UK037C,2018,492.43,,,UK037C,UK,,2018,cars_per_1000,Number of registered cars per 1000 population
A,TT1057I,UK038C,2015,422.76,b,,UK038C,UK,,2015,cars_per_1000,Number of registered cars per 1000 population
A,TT1057I,UK038C,2016,429.69,,,UK038C,UK,,2016,cars_per_1000,Number of registered cars per 1000 population
A,TT1057I,UK038C,2017,431.4,b,,UK038C,UK,,2017,cars_per_1000,Number of registered cars per 1000 population
A,TT1057I,UK038C,2018,435.05,,,UK038C,UK,,2018,cars_per_1000,Number of registered cars per 1000 population
A,TT1057I,UK039C,2015,462.46,b,,UK039C,UK,,2015,cars_per_1000,Number of registered cars per 1000 population
A,TT1057I,UK039C,2016,468.53,,,UK039C,UK,,2016,cars_per_1000,Number of registered cars per 1000 population
A,TT1057I,UK039C,2017,467.66,b,,UK039C,UK,,2017,cars_per_1000,Number of registered cars per 1000 population
A,TT1057I,UK039C,2018,471.82,,,UK039C,UK,,2018,cars_per_1000,Number of registered cars per 1000 population
A,TT1057I,UK040C,2015,445.86,b,,UK040C,UK,,2015,cars_per_1000,Number of registered cars per 1000 population
A,TT1057I,UK040C,2016,451.28,,,UK040C,UK,,2016,cars_per_1000,Number of registered cars per 1000 population
A,TT1057I,UK040C,2017,452.47,b,,UK040C,UK,,2017,cars_per_1000,Number of registered cars per 1000 population
A,TT1057I,UK040C,2018,457.01,,,UK040C,UK,,2018,cars_per_1000,Number of registered cars per 1000 population
A,TT1057I,UK041C,2015,439.38,b,,UK041C,UK,,2015,cars_per_1000,Number of registered cars per 1000 population
A,TT1057I,UK041C,2016,446.13,,,UK041C,UK,,2016,cars_per_1000,Number of registered cars per 1000 population
A,TT1057I,UK041C,2017,449.22,b,,UK041C,UK,,2017,cars_per_1000,Number of registered cars per 1000 population
A,TT1057I,UK041C,2018,454.26,,,UK041C,UK,,2018,cars_per_1000,Number of registered cars per 1000 population
A,TT1057I,UK042C,2015,378.08,b,,UK042C,UK,,2015,cars_per_1000,Number of registered cars per 1000 population
A,TT1057I,UK042C,2016,385.12,,,UK042C,UK,,2016,cars_per_1000,Number of registered cars per 1000 population
A,TT1057I,UK042C,2017,391.94,b,,UK042C,UK,,2017,cars_per_1000,Number of registered cars per 1000 population
A,TT1057I,UK042C,2018,395.01,,,UK042C,UK,,2018,cars_per_1000,Number of registered cars per 1000 population
A,TT1057I,UK043C,2015,437.02,b,,UK043C,UK,,2015,cars_per_1000,Number of registered cars per 1000 population
A,TT1057I,UK043C,2016,443.85,,,UK043C,UK,,2016,cars_per_1000,Number of registered cars per 1000 population
A,TT1057I,UK043C,2017,448.24,b,,UK043C,UK,,2017,cars_per_1000,Number of registered cars per 1000 population
A,TT1057I,UK043C,2018,451.13,,,UK043C,UK,,2018,cars_per_1000,Number of registered cars per 1000 population
A,TT1057I,UK044C,2015,530.27,b,,UK044C,UK,,2015,cars_per_1000,Number of registered cars per 1000 population
A,TT1057I,UK044C,2016,537.13,,,UK044C,UK,,2016,cars_per_1000,Number of registered cars per 1000 population
A,TT1057I,UK044C,2017,530.46,b,,UK044C,UK,,2017,cars_per_1000,Number of registered cars per 1000 population
A,TT1057I,UK044C,2018,533.63,,,UK044C,UK,,2018,cars_per_1000,Number of registered cars per 1000 population
A,TT1057I,UK045C,2015,385.45,b,,UK045C,UK,,2015,cars_per_1000,Number of registered cars per 1000 population
A,TT1057I,UK045C,2016,392.22,,,UK045C,UK,,2016,cars_per_1000,Number of registered cars per 1000 population
A,TT1057I,UK045C,2017,397.56,b,,UK045C,UK,,2017,cars_per_1000,Number of registered cars per 1000 population
A,TT1057I,UK045C,2018,404.62,,,UK045C,UK,,2018,cars_per_1000,Number of registered cars per 1000 population
A,TT1057I,UK046C,2015,472.71,b,,UK046C,UK,,2015,cars_per_1000,Number of registered cars per 1000 population
A,TT1057I,UK046C,2016,479.93,,,UK046C,UK,,2016,cars_per_1000,Number of registered cars per 1000 population
A,TT1057I,UK046C,2017,486.46,b,,UK046C,UK,,2017,cars_per_1000,Number of registered cars per 1000 population
A,TT1057I,UK046C,2018,489.92,,,UK046C,UK,,2018,cars_per_1000,Number of registered cars per 1000 population
A,TT1057I,UK047C,2015,411.17,b,,UK047C,UK,,2015,cars_per_1000,Number of registered cars per 1000 population
A,TT1057I,UK047C,2016,417.86,,,UK047C,UK,,2016,cars_per_1000,Number of registered cars per 1000 population
A,TT1057I,UK047C,2017,419.91,b,,UK047C,UK,,2017,cars_per_1000,Number of registered cars per 1000 population
A,TT1057I,UK047C,2018,421.75,,,UK047C,UK,,2018,cars_per_1000,Number of registered cars per 1000 population
A,TT1057I,UK048C,2015,392.55,b,,UK048C,UK,,2015,cars_per_1000,Number of registered cars per 1000 population
A,TT1057I,UK048C,2016,400.55,,,UK048C,UK,,2016,cars_per_1000,Number of registered cars per 1000 population
A,TT1057I,UK048C,2017,401.94,b,,UK048C,UK,,2017,cars_per_1000,Number of registered cars per 1000 population
A,TT1057I,UK048C,2018,401.02,,,UK048C,UK,,2018,cars_per_1000,Number of registered cars per 1000 population
A,TT1057I,UK049C,2015,395.24,b,,UK049C,UK,,2015,cars_per_1000,Number of registered cars per 1000 population
A,TT1057I,UK049C,2016,402.15,,,UK049C,UK,,2016,cars_per_1000,Number of registered cars per 1000 population
A,TT1057I,UK049C,2017,409.04,b,,UK049C,UK,,2017,cars_per_1000,Number of registered cars per 1000 population
A,TT1057I,UK049C,2018,414.05,,,UK049C,UK,,2018,cars_per_1000,Number of registered cars per 1000 population
A,TT1057I,UK050C,2015,486.45,b,,UK050C,UK,,2015,cars_per_1000,Number of registered cars per 1000 population
A,TT1057I,UK050C,2016,492.15,,,UK050C,UK,,2016,cars_per_1000,Number of registered cars per 1000 population
A,TT1057I,UK050C,2017,493.76,b,,UK050C,UK,,2017,cars_per_1000,Number of registered cars per 1000 population
A,TT1057I,UK050C,2018,499.71,,,UK050C,UK,,2018,cars_per_1000,Number of registered cars per 1000 population
A,TT1057I,UK051C,2015,460.75,b,,UK051C,UK,,2015,cars_per_1000,Number of registered cars per 1000 population
A,TT1057I,UK051C,2016,466.88,,,UK051C,UK,,2016,cars_per_1000,Number of registered cars per 1000 population
A,TT1057I,UK051C,2017,471.83,b,,UK051C,UK,,2017,cars_per_1000,Number of registered cars per 1000 population
A,TT1057I,UK051C,2018,477.84,,,UK051C,UK,,2018,cars_per_1000,Number of registered cars per 1000 population
A,TT1057I,UK052C,2015,454.97,b,,UK052C,UK,,2015,cars_per_1000,Number of registered cars per 1000 population
A,TT1057I,UK052C,2016,460.81,,,UK052C,UK,,2016,cars_per_1000,Number of registered cars per 1000 population
A,TT1057I,UK052C,2017,466.09,b,,UK052C,UK,,2017,cars_per_1000,Number of registered cars per 1000 population
A,TT1057I,UK052C,2018,467.38,,,UK052C,UK,,2018,cars_per_1000,Number of registered cars per 1000 population
A,TT1057I,UK053C,2015,420.52,b,,UK053C,UK,,2015,cars_per_1000,Number of registered cars per 1000 population
A,TT1057I,UK053C,2016,427.12,,,UK053C,UK,,2016,cars_per_1000,Number of registered cars per 1000 population
A,TT1057I,UK053C,2017,437.66,b,,UK053C,UK,,2017,cars_per_1000,Number of registered cars per 1000 population
A,TT1057I,UK053C,2018,445.75,,,UK053C,UK,,2018,cars_per_1000,Number of registered cars per 1000 population
A,TT1057I,UK054C,2015,399.11,b,,UK054C,UK,,2015,cars_per_1000,Number of registered cars per 1000 population
A,TT1057I,UK054C,2016,402.39,,,UK054C,UK,,2016,cars_per_1000,Number of registered cars per 1000 population
A,TT1057I,UK054C,2017,408.49,b,,UK054C,UK,,2017,cars_per_1000,Number of registered cars per 1000 population
A,TT1057I,UK054C,2018,412.92,,,UK054C,UK,,2018,cars_per_1000,Number of registered cars per 1000 population
A,TT1057I,UK055C,2015,393.03,b,,UK055C,UK,,2015,cars_per_1000,Number of registered cars per 1000 population
A,TT1057I,UK055C,2016,402.54,,,UK055C,UK,,2016,cars_per_1000,Number of registered cars per 1000 population
A,TT1057I,UK055C,2017,409.28,,,UK055C,UK,,2017,cars_per_1000,Number of registered cars per 1000 population
A,TT1057I,UK055C,2018,413.75,,,UK055C,UK,,2018,cars_per_1000,Number of registered cars per 1000 population
A,TT1057I,UK056C,2015,424.82,b,,UK056C,UK,,2015,cars_per_1000,Number of registered cars per 1000 population
A,TT1057I,UK056C,2016,433.39,,,UK056C,UK,,2016,cars_per_1000,Number of registered cars per 1000 population
A,TT1057I,UK056C,2017,439.44,b,,UK056C,UK,,2017,cars_per_1000,Number of registered cars per 1000 population
A,TT1057I,UK056C,2018,446.32,,,UK056C,UK,,2018,cars_per_1000,Number of registered cars per 1000 population
A,TT1057I,UK057C,2015,456.39,b,,UK057C,UK,,2015,cars_per_1000,Number of registered cars per 1000 population
A,TT1057I,UK057C,2016,463.5,,,UK057C,UK,,2016,cars_per_1000,Number of registered cars per 1000 population
A,TT1057I,UK057C,2017,465.54,b,,UK057C,UK,,2017,cars_per_1000,Number of registered cars per 1000 population
A,TT1057I,UK057C,2018,468.01,,,UK057C,UK,,2018,cars_per_1000,Number of registered cars per 1000 population
A,TT1057I,UK058C,2015,425.66,b,,UK058C,UK,,2015,cars_per_1000,Number of registered cars per 1000 population
A,TT1057I,UK058C,2016,431.26,,,UK058C,UK,,2016,cars_per_1000,Number of registered cars per 1000 population
A,TT1057I,UK058C,2017,435.21,b,,UK058C,UK,,2017,cars_per_1000,Number of registered cars per 1000 population
A,TT1057I,UK058C,2018,441.3,,,UK058C,UK,,2018,cars_per_1000,Number of registered cars per 1000 population
A,TT1057I,UK059C,2015,425.93,b,,UK059C,UK,,2015,cars_per_1000,Number of registered cars per 1000 population
A,TT1057I,UK059C,2016,436.22,,,UK059C,UK,,2016,cars_per_1000,Number of registered cars per 1000 population
A,TT1057I,UK059C,2017,439.06,b,,UK059C,UK,,2017,cars_per_1000,Number of registered cars per 1000 population
A,TT1057I,UK059C,2018,443.89,,,UK059C,UK,,2018,cars_per_1000,Number of registered cars per 1000 population
A,TT1057I,UK060C,2015,472.13,b,,UK060C,UK,,2015,cars_per_1000,Number of registered cars per 1000 population
A,TT1057I,UK060C,2016,471.69,,,UK060C,UK,,2016,cars_per_1000,Number of registered cars per 1000 population
A,TT1057I,UK060C,2017,472.07,b,,UK060C,UK,,2017,cars_per_1000,Number of registered cars per 1000 population
A,TT1057I,UK060C,2018,474.6,,,UK060C,UK,,2018,cars_per_1000,Number of registered cars per 1000 population
A,TT1057I,UK061C,2015,410.4,b,,UK061C,UK,,2015,cars_per_1000,Number of registered cars per 1000 population
A,TT1057I,UK061C,2016,413.62,,,UK061C,UK,,2016,cars_per_1000,Number of registered cars per 1000 population
A,TT1057I,UK061C,2017,417.18,b,,UK061C,UK,,2017,cars_per_1000,Number of registered cars per 1000 population
A,TT1057I,UK061C,2018,420.7,,,UK061C,UK,,2018,cars_per_1000,Number of registered cars per 1000 population
A,TT1057I,UK062C,2015,355.59,b,,UK062C,UK,,2015,cars_per_1000,Number of registered cars per 1000 population
A,TT1057I,UK062C,2016,362.44,,,UK062C,UK,,2016,cars_per_1000,Number of registered cars per 1000 population
A,TT1057I,UK062C,2017,367.27,b,,UK062C,UK,,2017,cars_per_1000,Number of registered cars per 1000 population
A,TT1057I,UK062C,2018,373.16,,,UK062C,UK,,2018,cars_per_1000,Number of registered cars per 1000 population
A,TT1057I,UK063C,2015,365.55,b,,UK063C,UK,,2015,cars_per_1000,Number of registered cars per 1000 population
A,TT1057I,UK063C,2016,373.49,,,UK063C,UK,,2016,cars_per_1000,Number of registered cars per 1000 population
A,TT1057I,UK063C,2017,378.26,b,,UK063C,UK,,2017,cars_per_1000,Number of registered cars per 1000 population
A,TT1057I,UK063C,2018,384.53,,,UK063C,UK,,2018,cars_per_1000,Number of registered cars per 1000 population
A,TT1057I,UK064C,2015,388.81,b,,UK064C,UK,,2015,cars_per_1000,Number of registered cars per 1000 population
A,TT1057I,UK064C,2016,395.35,,,UK064C,UK,,2016,cars_per_1000,Number of registered cars per 1000 population
A,TT1057I,UK064C,2017,398.2,b,,UK064C,UK,,2017,cars_per_1000,Number of registered cars per 1000 population
A,TT1057I,UK064C,2018,403.46,,,UK064C,UK,,2018,cars_per_1000,Number of registered cars per 1000 population
A,TT1057I,UK065C,2015,397.8,b,,UK065C,UK,,2015,cars_per_1000,Number of registered cars per 1000 population
A,TT1057I,UK065C,2016,404.37,,,UK065C,UK,,2016,cars_per_1000,Number of registered cars per 1000 population
A,TT1057I,UK065C,2017,405.85,b,,UK065C,UK,,2017,cars_per_1000,Number of registered cars per 1000 population
A,TT1057I,UK065C,2018,410.55,,,UK065C,UK,,2018,cars_per_1000,Number of registered cars per 1000 population
A,TT1057I,UK066C,2015,449.13,b,,UK066C,UK,,2015,cars_per_1000,Number of registered cars per 1000 population
A,TT1057I,UK066C,2016,453.78,,,UK066C,UK,,2016,cars_per_1000,Number of registered cars per 1000 population
A,TT1057I,UK066C,2017,459.11,b,,UK066C,UK,,2017,cars_per_1000,Number of registered cars per 1000 population
A,TT1057I,UK066C,2018,461.1,,,UK066C,UK,,2018,cars_per_1000,Number of registered cars per 1000 population
A,TT1057I,UK067C,2015,433.0,b,,UK067C,UK,,2015,cars_per_1000,Number of registered cars per 1000 population
A,TT1057I,UK067C,2016,440.54,,,UK067C,UK,,2016,cars_per_1000,Number of registered cars per 1000 population
A,TT1057I,UK067C,2017,444.77,b,,UK067C,UK,,2017,cars_per_1000,Number of registered cars per 1000 population
A,TT1057I,UK067C,2018,447.82,,,UK067C,UK,,2018,cars_per_1000,Number of registered cars per 1000 population
A,TT1057I,UK068C,2015,312.54,b,,UK068C,UK,,2015,cars_per_1000,Number of registered cars per 1000 population
A,TT1057I,UK068C,2016,312.1,,,UK068C,UK,,2016,cars_per_1000,Number of registered cars per 1000 population
A,TT1057I,UK068C,2017,312.13,b,,UK068C,UK,,2017,cars_per_1000,Number of registered cars per 1000 population
A,TT1057I,UK068C,2018,309.97,,,UK068C,UK,,2018,cars_per_1000,Number of registered cars per 1000 population
A,TT1057I,UK069C,2015,394.17,b,,UK069C,UK,,2015,cars_per_1000,Number of registered cars per 1000 population
A,TT1057I,UK069C,2016,400.32,,,UK069C,UK,,2016,cars_per_1000,Number of registered cars per 1000 population
A,TT1057I,UK069C,2017,407.09,b,,UK069C,UK,,2017,cars_per_1000,Number of registered cars per 1000 population
A,TT1057I,UK069C,2018,410.63,,,UK069C,UK,,2018,cars_per_1000,Number of registered cars per 1000 population
A,TT1057I,UK070C,2015,451.72,b,,UK070C,UK,,2015,cars_per_1000,Number of registered cars per 1000 population
A,TT1057I,UK070C,2016,460.21,,,UK070C,UK,,2016,cars_per_1000,Number of registered cars per 1000 population
A,TT1057I,UK070C,2017,460.31,b,,UK070C,UK,,2017,cars_per_1000,Number of registered cars per 1000 population
A,TT1057I,UK070C,2018,466.6,,,UK070C,UK,,2018,cars_per_1000,Number of registered cars per 1000 population
A,TT1057I,UK071C,2015,391.51,b,,UK071C,UK,,2015,cars_per_1000,Number of registered cars per 1000 population
A,TT1057I,UK071C,2016,395.49,,,UK071C,UK,,2016,cars_per_1000,Number of registered cars per 1000 population
A,TT1057I,UK071C,2017,399.69,b,,UK071C,UK,,2017,cars_per_1000,Number of registered cars per 1000 population
A,TT1057I,UK071C,2018,401.95,,,UK071C,UK,,2018,cars_per_1000,Number of registered cars per 1000 population
A,TT1057I,UK072C,2015,424.23,b,,UK072C,UK,,2015,cars_per_1000,Number of registered cars per 1000 population
A,TT1057I,UK072C,2016,431.65,,,UK072C,UK,,2016,cars_per_1000,Number of registered cars per 1000 population
A,TT1057I,UK072C,2017,436.93,b,,UK072C,UK,,2017,cars_per_1000,Number of registered cars per 1000 population
A,TT1057I,UK072C,2018,441.98,,,UK072C,UK,,2018,cars_per_1000,Number of registered cars per 1000 population
A,TT1057I,UK073C,2015,361.35,b,,UK073C,UK,,2015,cars_per_1000,Number of registered cars per 1000 population
A,TT1057I,UK073C,2016,363.56,,,UK073C,UK,,2016,cars_per_1000,Number of registered cars per 1000 population
A,TT1057I,UK073C,2017,367.54,b,,UK073C,UK,,2017,cars_per_1000,Number of registered cars per 1000 population
A,TT1057I,UK073C,2018,368.41,,,UK073C,UK,,2018,cars_per_1000,Number of registered cars per 1000 population
A,TT1057I,UK074C,2015,352.92,b,,UK074C,UK,,2015,cars_per_1000,Number of registered cars per 1000 population
A,TT1057I,UK074C,2016,357.89,,,UK074C,UK,,2016,cars_per_1000,Number of registered cars per 1000 population
A,TT1057I,UK074C,2017,360.78,b,,UK074C,UK,,2017,cars_per_1000,Number of registered cars per 1000 population
A,TT1057I,UK074C,2018,365.71,,,UK074C,UK,,2018,cars_per_1000,Number of registered cars per 1000 population
A,TT1057I,UK075C,2015,329.49,b,,UK075C,UK,,2015,cars_per_1000,Number of registered cars per 1000 population
A,TT1057I,UK075C,2016,335.55,,,UK075C,UK,,2016,cars_per_1000,Number of registered cars per 1000 population
A,TT1057I,UK075C,2017,339.73,b,,UK075C,UK,,2017,cars_per_1000,Number of registered cars per 1000 population
A,TT1057I,UK075C,2018,343.18,,,UK075C,UK,,2018,cars_per_1000,Number of registered cars per 1000 population
A,TT1057I,UK076C,2015,399.31,b,,UK076C,UK,,2015,cars_per_1000,Number of registered cars per 1000 population
A,TT1057I,UK076C,2016,405.24,,,UK076C,UK,,2016,cars_per_1000,Number of registered cars per 1000 population
A,TT1057I,UK076C,2017,409.43,b,,UK076C,UK,,2017,cars_per_1000,Number of registered cars per 1000 population
A,TT1057I,UK076C,2018,414.43,,,UK076C,UK,,2018,cars_per_1000,Number of registered cars per 1000 population
A,TT1057I,UK077C,2015,445.24,b,,UK077C,UK,,2015,cars_per_1000,Number of registered cars per 1000 population
A,TT1057I,UK077C,2016,448.13,,,UK077C,UK,,2016,cars_per_1000,Number of registered cars per 1000 population
A,TT1057I,UK077C,2017,449.59,b,,UK077C,UK,,2017,cars_per_1000,Number of registered cars per 1000 population
A,TT1057I,UK077C,2018,451.32,,,UK077C,UK,,2018,cars_per_1000,Number of registered cars per 1000 population
A,TT1057I,UK078C,2015,462.32,b,,UK078C,UK,,2015,cars_per_1000,Number of registered cars per 1000 population
A,TT1057I,UK078C,2016,467.29,,,UK078C,UK,,2016,cars_per_1000,Number of registered cars per 1000 population
A,TT1057I,UK078C,2017,466.3,b,,UK078C,UK,,2017,cars_per_1000,Number of registered cars per 1000 population
A,TT1057I,UK078C,2018,471.4,,,UK078C,UK,,2018,cars_per_1000,Number of registered cars per 1000 population
A,TT1057I,UK079C,2015,372.87,b,,UK079C,UK,,2015,cars_per_1000,Number of registered cars per 1000 population
A,TT1057I,UK079C,2016,380.4,,,UK079C,UK,,2016,cars_per_1000,Number of registered cars per 1000 population
A,TT1057I,UK079C,2017,383.93,b,,UK079C,UK,,2017,cars_per_1000,Number of registered cars per 1000 population
A,TT1057I,UK079C,2018,387.77,,,UK079C,UK,,2018,cars_per_1000,Number of registered cars per 1000 population
A,TT1057I,UK080C,2015,505.24,b,,UK080C,UK,,2015,cars_per_1000,Number of registered cars per 1000 population
A,TT1057I,UK080C,2016,509.53,,,UK080C,UK,,2016,cars_per_1000,Number of registered cars per 1000 population
A,TT1057I,UK080C,2017,506.26,b,,UK080C,UK,,2017,cars_per_1000,Number of registered cars per 1000 population
A,TT1057I,UK080C,2018,508.43,,,UK080C,UK,,2018,cars_per_1000,Number of registered cars per 1000 population
A,TT1057I,UK081C,2015,451.86,b,,UK081C,UK,,2015,cars_per_1000,Number of registered cars per 1000 population
A,TT1057I,UK081C,2016,462.12,,,UK081C,UK,,2016,cars_per_1000,Number of registered cars per 1000 population
A,TT1057I,UK081C,2017,467.05,b,,UK081C,UK,,2017,cars_per_1000,Number of registered cars per 1000 population
A,TT1057I,UK081C,2018,469.75,,,UK081C,UK,,2018,cars_per_1000,Number of registered cars per 1000 population
A,TT1057I,UK082C,2015,393.61,b,,UK082C,UK,,2015,cars_per_1000,Number of registered cars per 1000 population
A,TT1057I,UK082C,2016,401.64,,,UK082C,UK,,2016,cars_per_1000,Number of registered cars per 1000 population
A,TT1057I,UK082C,2017,406.62,b,,UK082C,UK,,2017,cars_per_1000,Number of registered cars per 1000 population
A,TT1057I,UK082C,2018,411.05,,,UK082C,UK,,2018,cars_per_1000,Number of registered cars per 1000 population
A,TT1057I,UK083C,2015,351.24,b,,UK083C,UK,,2015,cars_per_1000,Number of registered cars per 1000 population
A,TT1057I,UK083C,2016,356.13,,,UK083C,UK,,2016,cars_per_1000,Number of registered cars per 1000 population
A,TT1057I,UK083C,2017,359.28,b,,UK083C,UK,,2017,cars_per_1000,Number of registered cars per 1000 population
A,TT1057I,UK083C,2018,363.69,,,UK083C,UK,,2018,cars_per_1000,Number of registered cars per 1000 population
A,TT1057I,UK084C,2015,485.12,b,,UK084C,UK,,2015,cars_per_1000,Number of registered cars per 1000 population
A,TT1057I,UK084C,2016,491.43,,,UK084C,UK,,2016,cars_per_1000,Number of registered cars per 1000 population
A,TT1057I,UK084C,2017,493.49,b,,UK084C,UK,,2017,cars_per_1000,Number of registered cars per 1000 population
A,TT1057I,UK084C,2018,498.48,,,UK084C,UK,,2018,cars_per_1000,Number of registered cars per 1000 population
A,TT1057I,UK085C,2015,364.1,b,,UK085C,UK,,2015,cars_per_1000,Number of registered cars per 1000 population
A,TT1057I,UK085C,2016,366.28,,,UK085C,UK,,2016,cars_per_1000,Number of registered cars per 1000 population
A,TT1057I,UK085C,2017,367.92,b,,UK085C,UK,,2017,cars_per_1000,Number of registered cars per 1000 population
A,TT1057I,UK085C,2018,374.9,,,UK085C,UK,,2018,cars_per_1000,Number of registered cars per 1000 population
A,TT1057I,UK086C,2015,384.68,b,,UK086C,UK,,2015,cars_per_1000,Number of registered cars per 1000 population
A,TT1057I,UK086C,2016,387.39,,,UK086C,UK,,2016,cars_per_1000,Number of registered cars per 1000 population
A,TT1057I,UK086C,2017,391.09,b,,UK086C,UK,,2017,cars_per_1000,Number of registered cars per 1000 population
A,TT1057I,UK086C,2018,390.19,,,UK086C,UK,,2018,cars_per_1000,Number of registered cars per 1000 population
A,TT1057I,UK087C,2015,423.47,b,,UK087C,UK,,2015,cars_per_1000,Number of registered cars per 1000 population
A,TT1057I,UK087C,2016,428.85,,,UK087C,UK,,2016,cars_per_1000,Number of registered cars per 1000 population
A,TT1057I,UK087C,2017,430.41,b,,UK087C,UK,,2017,cars_per_1000,Number of registered cars per 1000 population
A,TT1057I,UK087C,2018,432.41,,,UK087C,UK,,2018,cars_per_1000,Number of registered cars per 1000 population
A,TT1057I,UK088C,2015,453.05,b,,UK088C,UK,,2015,cars_per_1000,Number of registered cars per 1000 population
A,TT1057I,UK088C,2016,463.21,,,UK088C,UK,,2016,cars_per_1000,Number of registered cars per 1000 population
A,TT1057I,UK088C,2017,464.56,b,,UK088C,UK,,2017,cars_per_1000,Number of registered cars per 1000 population
A,TT1057I,UK088C,2018,468.93,,,UK088C,UK,,2018,cars_per_1000,Number of registered cars per 1000 population
A,TT1057I,UK089C,2015,434.16,b,,UK089C,UK,,2015,cars_per_1000,Number of registered cars per 1000 population
A,TT1057I,UK089C,2016,437.73,,,UK089C,UK,,2016,cars_per_1000,Number of registered cars per 1000 population
A,TT1057I,UK089C,2017,440.58,b,,UK089C,UK,,2017,cars_per_1000,Number of registered cars per 1000 population
A,TT1057I,UK089C,2018,444.65,,,UK089C,UK,,2018,cars_per_1000,Number of registered cars per 1000 population
A,TT1057I,UK090C,2015,430.48,b,,UK090C,UK,,2015,cars_per_1000,Number of registered cars per 1000 population
A,TT1057I,UK090C,2016,438.78,,,UK090C,UK,,2016,cars_per_1000,Number of registered cars per 1000 population
A,TT1057I,UK090C,2017,443.79,b,,UK090C,UK,,2017,cars_per_1000,Number of registered cars per 1000 population
A,TT1057I,UK090C,2018,448.67,,,UK090C,UK,,2018,cars_per_1000,Number of registered cars per 1000 population
A,TT1057I,UK091C,2015,463.01,b,,UK091C,UK,,2015,cars_per_1000,Number of registered cars per 1000 population
A,TT1057I,UK091C,2016,467.33,,,UK091C,UK,,2016,cars_per_1000,Number of registered cars per 1000 population
A,TT1057I,UK091C,2017,467.49,b,,UK091C,UK,,2017,cars_per_1000,Number of registered cars per 1000 population
A,TT1057I,UK091C,2018,468.71,,,UK091C,UK,,2018,cars_per_1000,Number of registered cars per 1000 population
A,TT1057I,UK092C,2015,420.23,b,,UK092C,UK,,2015,cars_per_1000,Number of registered cars per 1000 population
A,TT1057I,UK092C,2016,422.77,,,UK092C,UK,,2016,cars_per_1000,Number of registered cars per 1000 population
A,TT1057I,UK092C,2017,430.6,b,,UK092C,UK,,2017,cars_per_1000,Number of registered cars per 1000 population
A,TT1057I,UK092C,2018,431.73,,,UK092C,UK,,2018,cars_per_1000,Number of registered cars per 1000 population
A,TT1057I,UK093C,2015,421.61,b,,UK093C,UK,,2015,cars_per_1000,Number of registered cars per 1000 population
A,TT1057I,UK093C,2016,428.05,,,UK093C,UK,,2016,cars_per_1000,Number of registered cars per 1000 population
A,TT1057I,UK093C,2017,428.26,b,,UK093C,UK,,2017,cars_per_1000,Number of registered cars per 1000 population
A,TT1057I,UK093C,2018,428.74,,,UK093C,UK,,2018,cars_per_1000,Number of registered cars per 1000 population
A,TT1057I,UK094C,2015,457.08,b,,UK094C,UK,,2015,cars_per_1000,Number of registered cars per 1000 population
A,TT1057I,UK094C,2016,462.81,,,UK094C,UK,,2016,cars_per_1000,Number of registered cars per 1000 population
A,TT1057I,UK094C,2017,464.49,b,,UK094C,UK,,2017,cars_per_1000,Number of registered cars per 1000 population
A,TT1057I,UK094C,2018,468.96,,,UK094C,UK,,2018,cars_per_1000,Number of registered cars per 1000 population
A,TT1057I,UK095C,2015,400.95,b,,UK095C,UK,,2015,cars_per_1000,Number of registered cars per 1000 population
A,TT1057I,UK095C,2016,410.26,,,UK095C,UK,,2016,cars_per_1000,Number of registered cars per 1000 population
A,TT1057I,UK095C,2017,415.87,b,,UK095C,UK,,2017,cars_per_1000,Number of registered cars per 1000 population
A,TT1057I,UK095C,2018,419.9,,,UK095C,UK,,2018,cars_per_1000,Number of registered cars per 1000 population
A,TT1057I,UK096C,2015,515.65,b,,UK096C,UK,,2015,cars_per_1000,Number of registered cars per 1000 population
A,TT1057I,UK096C,2016,519.93,,,UK096C,UK,,2016,cars_per_1000,Number of registered cars per 1000 population
A,TT1057I,UK096C,2017,520.05,b,,UK096C,UK,,2017,cars_per_1000,Number of registered cars per 1000 population
A,TT1057I,UK096C,2018,520.38,,,UK096C,UK,,2018,cars_per_1000,Number of registered cars per 1000 population
A,TT1057I,UK097C,2015,427.15,b,,UK097C,UK,,2015,cars_per_1000,Number of registered cars per 1000 population
A,TT1057I,UK097C,2016,452.32,,,UK097C,UK,,2016,cars_per_1000,Number of registered cars per 1000 population
A,TT1057I,UK097C,2017,454.78,b,,UK097C,UK,,2017,cars_per_1000,Number of registered cars per 1000 population
A,TT1057I,UK097C,2018,445.23,,,UK097C,UK,,2018,cars_per_1000,Number of registered cars per 1000 population
A,TT1057I,UK098C,2015,462.1,b,,UK098C,UK,,2015,cars_per_1000,Number of registered cars per 1000 population
A,TT1057I,UK098C,2016,463.6,,,UK098C,UK,,2016,cars_per_1000,Number of registered cars per 1000 population
A,TT1057I,UK098C,2017,463.34,b,,UK098C,UK,,2017,cars_per_1000,Number of registered cars per 1000 population
A,TT1057I,UK098C,2018,464.28,,,UK098C,UK,,2018,cars_per_1000,Number of registered cars per 1000 population
A,TT1057I,UK099C,2015,358.29,b,,UK099C,UK,,2015,cars_per_1000,Number of registered cars per 1000 population
A,TT1057I,UK099C,2016,364.63,,,UK099C,UK,,2016,cars_per_1000,Number of registered cars per 1000 population
A,TT1057I,UK099C,2017,371.57,b,,UK099C,UK,,2017,cars_per_1000,Number of registered cars per 1000 population
A,TT1057I,UK099C,2018,377.77,,,UK099C,UK,,2018,cars_per_1000,Number of registered cars per 1000 population
A,TT1057I,UK100C,2015,531.76,b,,UK100C,UK,,2015,cars_per_1000,Number of registered cars per 1000 population
A,TT1057I,UK100C,2016,536.06,,,UK100C,UK,,2016,cars_per_1000,Number of registered cars per 1000 population
A,TT1057I,UK100C,2017,537.79,b,,UK100C,UK,,2017,cars_per_1000,Number of registered cars per 1000 population
A,TT1057I,UK100C,2018,542.36,,,UK100C,UK,,2018,cars_per_1000,Number of registered cars per 1000 population
A,TT1057I,UK101C,2015,486.55,b,,UK101C,UK,,2015,cars_per_1000,Number of registered cars per 1000 population
A,TT1057I,UK101C,2016,494.6,,,UK101C,UK,,2016,cars_per_1000,Number of registered cars per 1000 population
A,TT1057I,UK101C,2017,497.84,b,,UK101C,UK,,2017,cars_per_1000,Number of registered cars per 1000 population
A,TT1057I,UK101C,2018,503.05,,,UK101C,UK,,2018,cars_per_1000,Number of registered cars per 1000 population
A,TT1057I,UK102C,2015,338.47,b,,UK102C,UK,,2015,cars_per_1000,Number of registered cars per 1000 population
A,TT1057I,UK102C,2016,346.19,,,UK102C,UK,,2016,cars_per_1000,Number of registered cars per 1000 population
A,TT1057I,UK102C,2017,351.42,,,UK102C,UK,,2017,cars_per_1000,Number of registered cars per 1000 population
A,TT1057I,UK102C,2018,353.95,,,UK102C,UK,,2018,cars_per_1000,Number of registered cars per 1000 population
A,TT1057I,UK103C,2015,456.81,b,,UK103C,UK,,2015,cars_per_1000,Number of registered cars per 1000 population
A,TT1057I,UK103C,2016,465.91,,,UK103C,UK,,2016,cars_per_1000,Number of registered cars per 1000 population
A,TT1057I,UK103C,2017,471.88,,,UK103C,UK,,2017,cars_per_1000,Number of registered cars per 1000 population
A,TT1057I,UK103C,2018,476.01,,,UK103C,UK,,2018,cars_per_1000,Number of registered cars per 1000 population
A,TT1057I,UK104C,2015,385.41,b,,UK104C,UK,,2015,cars_per_1000,Number of registered cars per 1000 population
A,TT1057I,UK104C,2016,388.66,,,UK104C,UK,,2016,cars_per_1000,Number of registered cars per 1000 population
A,TT1057I,UK104C,2017,389.37,b,,UK104C,UK,,2017,cars_per_1000,Number of registered cars per 1000 population
A,TT1057I,UK104C,2018,389.23,,,UK104C,UK,,2018,cars_per_1000,Number of registered cars per 1000 population
A,TT1057I,UK105C,2015,371.37,b,,UK105C,UK,,2015,cars_per_1000,Number of registered cars per 1000 population
A,TT1057I,UK105C,2016,378.08,,,UK105C,UK,,2016,cars_per_1000,Number of registered cars per 1000 population
A,TT1057I,UK105C,2017,379.46,b,,UK105C,UK,,2017,cars_per_1000,Number of registered cars per 1000 population
A,TT1057I,UK105C,2018,383.45,,,UK105C,UK,,2018,cars_per_1000,Number of registered cars per 1000 population
A,TT1057I,UK106C,2015,510.16,b,,UK106C,UK,,2015,cars_per_1000,Number of registered cars per 1000 population
A,TT1057I,UK106C,2016,512.59,,,UK106C,UK,,2016,cars_per_1000,Number of registered cars per 1000 population
A,TT1057I,UK106C,2017,518.25,b,,UK106C,UK,,2017,cars_per_1000,Number of registered cars per 1000 population
A,TT1057I,UK106C,2018,519.49,,,UK106C,UK,,2018,cars_per_1000,Number of registered cars per 1000 population
A,TT1057I,UK107C,2015,512.87,b,,UK107C,UK,,2015,cars_per_1000,Number of registered cars per 1000 population
A,TT1057I,UK107C,2016,514.74,,,UK107C,UK,,2016,cars_per_1000,Number of registered cars per 1000 population
A,TT1057I,UK107C,2017,516.6,b,,UK107C,UK,,2017,cars_per_1000,Number of registered cars per 1000 population
A,TT1057I,UK107C,2018,517.86,,,UK107C,UK,,2018,cars_per_1000,Number of registered cars per 1000 population
A,TT1057I,UK108C,2015,353.73,b,,UK108C,UK,,2015,cars_per_1000,Number of registered cars per 1000 population
A,TT1057I,UK108C,2016,361.05,,,UK108C,UK,,2016,cars_per_1000,Number of registered cars per 1000 population
A,TT1057I,UK108C,2017,363.41,b,,UK108C,UK,,2017,cars_per_1000,Number of registered cars per 1000 population
A,TT1057I,UK108C,2018,368.96,,,UK108C,UK,,2018,cars_per_1000,Number of registered cars per 1000 population
A,TT1057I,UK109C,2015,433.37,b,,UK109C,UK,,2015,cars_per_1000,Number of registered cars per 1000 population
A,TT1057I,UK109C,2016,444.06,,,UK109C,UK,,2016,cars_per_1000,Number of registered cars per 1000 population
A,TT1057I,UK109C,2017,452.32,b,,UK109C,UK,,2017,cars_per_1000,Number of registered cars per 1000 population
A,TT1057I,UK109C,2018,456.45,,,UK109C,UK,,2018,cars_per_1000,Number of registered cars per 1000 population
A,TT1057I,UK110C,2015,350.85,b,,UK110C,UK,,2015,cars_per_1000,Number of registered cars per 1000 population
A,TT1057I,UK110C,2016,354.61,,,UK110C,UK,,2016,cars_per_1000,Number of registered cars per 1000 population
A,TT1057I,UK110C,2017,359.11,b,,UK110C,UK,,2017,cars_per_1000,Number of registered cars per 1000 population
A,TT1057I,UK110C,2018,366.64,,,UK110C,UK,,2018,cars_per_1000,Number of registered cars per 1000 population
A,TT1057I,UK111C,2015,288.36,b,,UK111C,UK,,2015,cars_per_1000,Number of registered cars per 1000 population
A,TT1057I,UK111C,2016,287.22,,,UK111C,UK,,2016,cars_per_1000,Number of registered cars per 1000 population
A,TT1057I,UK111C,2017,298.01,b,,UK111C,UK,,2017,cars_per_1000,Number of registered cars per 1000 population
A,TT1057I,UK111C,2018,300.12,,,UK111C,UK,,2018,cars_per_1000,Number of registered cars per 1000 population
A,TT1057I,UK112C,2015,461.51,b,,UK112C,UK,,2015,cars_per_1000,Number of registered cars per 1000 population
A,TT1057I,UK112C,2016,467.51,,,UK112C,UK,,2016,cars_per_1000,Number of registered cars per 1000 population
A,TT1057I,UK112C,2017,470.2,b,,UK112C,UK,,2017,cars_per_1000,Number of registered cars per 1000 population
A,TT1057I,UK112C,2018,472.68,,,UK112C,UK,,2018,cars_per_1000,Number of registered cars per 1000 population
A,TT1057I,UK113C,2015,365.06,b,,UK113C,UK,,2015,cars_per_1000,Number of registered cars per 1000 population
A,TT1057I,UK113C,2016,370.06,,,UK113C,UK,,2016,cars_per_1000,Number of registered cars per 1000 population
A,TT1057I,UK113C,2017,377.72,b,,UK113C,UK,,2017,cars_per_1000,Number of registered cars per 1000 population
A,TT1057I,UK113C,2018,383.76,,,UK113C,UK,,2018,cars_per_1000,Number of registered cars per 1000 population
A,TT1057I,UK114C,2015,515.42,b,,UK114C,UK,,2015,cars_per_1000,Number of registered cars per 1000 population
A,TT1057I,UK114C,2016,517.04,,,UK114C,UK,,2016,cars_per_1000,Number of registered cars per 1000 population
A,TT1057I,UK114C,2017,514.65,b,,UK114C,UK,,2017,cars_per_1000,Number of registered cars per 1000 population
A,TT1057I,UK114C,2018,515.41,,,UK114C,UK,,2018,cars_per_1000,Number of registered cars per 1000 population
A,TT1057I,UK115C,2015,494.53,b,,UK115C,UK,,2015,cars_per_1000,Number of registered cars per 1000 population
A,TT1057I,UK115C,2016,499.6,,,UK115C,UK,,2016,cars_per_1000,Number of registered cars per 1000 population
A,TT1057I,UK115C,2017,506.45,b,,UK115C,UK,,2017,cars_per_1000,Number of registered cars per 1000 population
A,TT1057I,UK115C,2018,508.67,,,UK115C,UK,,2018,cars_per_1000,Number of registered cars per 1000 population
A,TT1057I,UK116C,2015,452.89,b,,UK116C,UK,,2015,cars_per_1000,Number of registered cars per 1000 population
A,TT1057I,UK116C,2016,454.39,,,UK116C,UK,,2016,cars_per_1000,Number of registered cars per 1000 population
A,TT1057I,UK116C,2017,455.5,b,,UK116C,UK,,2017,cars_per_1000,Number of registered cars per 1000 population
A,TT1057I,UK116C,2018,456.07,,,UK116C,UK,,2018,cars_per_1000,Number of registered cars per 1000 population
A,TT1057I,UK117C,2015,348.99,b,,UK117C,UK,,2015,cars_per_1000,Number of registered cars per 1000 population
A,TT1057I,UK117C,2016,349.81,,,UK117C,UK,,2016,cars_per_1000,Number of registered cars per 1000 population
A,TT1057I,UK117C,2017,351.81,b,,UK117C,UK,,2017,cars_per_1000,Number of registered cars per 1000 population
A,TT1057I,UK117C,2018,350.29,,,UK117C,UK,,2018,cars_per_1000,Number of registered cars per 1000 population
A,TT1057I,UK118C,2015,410.74,b,,UK118C,UK,,2015,cars_per_1000,Number of registered cars per 1000 population
A,TT1057I,UK118C,2016,414.23,,,UK118C,UK,,2016,cars_per_1000,Number of registered cars per 1000 population
A,TT1057I,UK118C,2017,412.79,b,,UK118C,UK,,2017,cars_per_1000,Number of registered cars per 1000 population
A,TT1057I,UK118C,2018,415.43,,,UK118C,UK,,2018,cars_per_1000,Number of registered cars per 1000 population
A,TT1057I,UK119C,2015,509.38,b,,UK119C,UK,,2015,cars_per_1000,Number of registered cars per 1000 population
A,TT1057I,UK119C,2016,515.31,,,UK119C,UK,,2016,cars_per_1000,Number of registered cars per 1000 population
A,TT1057I,UK119C,2017,519.41,b,,UK119C,UK,,2017,cars_per_1000,Number of registered cars per 1000 population
A,TT1057I,UK119C,2018,523.94,,,UK119C,UK,,2018,cars_per_1000,Number of registered cars per 1000 population
A,TT1057I,UK120C,2015,414.07,b,,UK120C,UK,,2015,cars_per_1000,Number of registered cars per 1000 population
A,TT1057I,UK120C,2016,423.67,,,UK120C,UK,,2016,cars_per_1000,Number of registered cars per 1000 population
A,TT1057I,UK120C,2017,420.53,b,,UK120C,UK,,2017,cars_per_1000,Number of registered cars per 1000 population
A,TT1057I,UK120C,2018,425.66,,,UK120C,UK,,2018,cars_per_1000,Number of registered cars per 1000 population
A,TT1057I,UK121C,2015,458.96,b,,UK121C,UK,,2015,cars_per_1000,Number of registered cars per 1000 population
A,TT1057I,UK121C,2016,464.56,,,UK121C,UK,,2016,cars_per_1000,Number of registered cars per 1000 population
A,TT1057I,UK121C,2017,468.46,b,,UK121C,UK,,2017,cars_per_1000,Number of registered cars per 1000 population
A,TT1057I,UK121C,2018,472.4,,,UK121C,UK,,2018,cars_per_1000,Number of registered cars per 1000 population
A,TT1057I,UK122C,2015,460.79,b,,UK122C,UK,,2015,cars_per_1000,Number of registered cars per 1000 population
A,TT1057I,UK122C,2016,464.71,,,UK122C,UK,,2016,cars_per_1000,Number of registered cars per 1000 population
A,TT1057I,UK122C,2017,467.38,b,,UK122C,UK,,2017,cars_per_1000,Number of registered cars per 1000 population
A,TT1057I,UK122C,2018,469.26,,,UK122C,UK,,2018,cars_per_1000,Number of registered cars per 1000 population
A,TT1057I,UK123C,2015,533.85,b,,UK123C,UK,,2015,cars_per_1000,Number of registered cars per 1000 population
A,TT1057I,UK123C,2016,539.81,,,UK123C,UK,,2016,cars_per_1000,Number of registered cars per 1000 population
A,TT1057I,UK123C,2017,539.56,b,,UK123C,UK,,2017,cars_per_1000,Number of registered cars per 1000 population
A,TT1057I,UK123C,2018,539.22,,,UK123C,UK,,2018,cars_per_1000,Number of registered cars per 1000 population
A,TT1057I,UK124C,2015,435.88,b,,UK124C,UK,,2015,cars_per_1000,Number of registered cars per 1000 population
A,TT1057I,UK124C,2016,443.5,,,UK124C,UK,,2016,cars_per_1000,Number of registered cars per 1000 population
A,TT1057I,UK124C,2017,450.55,b,,UK124C,UK,,2017,cars_per_1000,Number of registered cars per 1000 population
A,TT1057I,UK124C,2018,456.54,,,UK124C,UK,,2018,cars_per_1000,Number of registered cars per 1000 population
A,TT1057I,UK125C,2015,436.61,b,,UK125C,UK,,2015,cars_per_1000,Number of registered cars per 1000 population
A,TT1057I,UK125C,2016,445.63,,,UK125C,UK,,2016,cars_per_1000,Number of registered cars per 1000 population
A,TT1057I,UK125C,2017,449.68,b,,UK125C,UK,,2017,cars_per_1000,Number of registered cars per 1000 population
A,TT1057I,UK125C,2018,449.41,,,UK125C,UK,,2018,cars_per_1000,Number of registered cars per 1000 population
A,TT1057I,UK126C,2015,428.53,,,UK126C,UK,,2015,cars_per_1000,Number of registered cars per 1000 population
A,TT1057I,UK126C,2016,429.93,,,UK126C,UK,,2016,cars_per_1000,Number of registered cars per 1000 population
A,TT1057I,UK126C,2017,430.37,b,,UK126C,UK,,2017,cars_per_1000,Number of registered cars per 1000 population
A,TT1057I,UK126C,2018,430.33,,,UK126C,UK,,2018,cars_per_1000,Number of registered cars per 1000 population
A,TT1057I,UK127C,2015,431.12,,,UK127C,UK,,2015,cars_per_1000,Number of registered cars per 1000 population
A,TT1057I,UK127C,2016,439.19,,,UK127C,UK,,2016,cars_per_1000,Number of registered cars per 1000 population
A,TT1057I,UK127C,2017,441.11,b,,UK127C,UK,,2017,cars_per_1000,Number of registered cars per 1000 population
A,TT1057I,UK127C,2018,443.23,,,UK127C,UK,,2018,cars_per_1000,Number of registered cars per 1000 population
A,TT1057I,UK128C,2015,524.51,,,UK128C,UK,,2015,cars_per_1000,Number of registered cars per 1000 population
A,TT1057I,UK128C,2016,531.52,,,UK128C,UK,,2016,cars_per_1000,Number of registered cars per 1000 population
A,TT1057I,UK128C,2017,534.66,b,,UK128C,UK,,2017,cars_per_1000,Number of registered cars per 1000 population
A,TT1057I,UK128C,2018,537.23,,,UK128C,UK,,2018,cars_per_1000,Number of registered cars per 1000 population
A,TT1057I,UK129C,2015,488.53,,,UK129C,UK,,2015,cars_per_1000,Number of registered cars per 1000 population
A,TT1057I,UK129C,2016,495.91,,,UK129C,UK,,2016,cars_per_1000,Number of registered cars per 1000 population
A,TT1057I,UK129C,2017,497.43,b,,UK129C,UK,,2017,cars_per_1000,Number of registered cars per 1000 population
A,TT1057I,UK129C,2018,502.44,,,UK129C,UK,,2018,cars_per_1000,Number of registered cars per 1000 population
A,TT1057I,UK130C,2015,517.45,,,UK130C,UK,,2015,cars_per_1000,Number of registered cars per 1000 population
A,TT1057I,UK130C,2016,525.96,,,UK130C,UK,,2016,cars_per_1000,Number of registered cars per 1000 population
A,TT1057I,UK130C,2017,520.72,b,,UK130C,UK,,2017,cars_per_1000,Number of registered cars per 1000 population
A,TT1057I,UK130C,2018,527.51,,,UK130C,UK,,2018,cars_per_1000,Number of registered cars per 1000 population
A,TT1057I,UK131C,2015,439.39,,,UK131C,UK,,2015,cars_per_1000,Number of registered cars per 1000 population
A,TT1057I,UK131C,2016,452.38,,,UK131C,UK,,2016,cars_per_1000,Number of registered cars per 1000 population
A,TT1057I,UK131C,2017,457.14,b,,UK131C,UK,,2017,cars_per_1000,Number of registered cars per 1000 population
A,TT1057I,UK131C,2018,464.14,,,UK131C,UK,,2018,cars_per_1000,Number of registered cars per 1000 population
A,TT1057I,UK132C,2015,496.75,,,UK132C,UK,,2015,cars_per_1000,Number of registered cars per 1000 population
A,TT1057I,UK132C,2016,506.89,,,UK132C,UK,,2016,cars_per_1000,Number of registered cars per 1000 population
A,TT1057I,UK132C,2017,511.52,b,,UK132C,UK,,2017,cars_per_1000,Number of registered cars per 1000 population
A,TT1057I,UK132C,2018,514.03,,,UK132C,UK,,2018,cars_per_1000,Number of registered cars per 1000 population
A,TT1057I,UK133C,2016,407.71,,,UK133C,UK,,2016,cars_per_1000,Number of registered cars per 1000 population
A,TT1057I,UK133C,2017,416.74,,,UK133C,UK,,2017,cars_per_1000,Number of registered cars per 1000 population
A,TT1057I,UK133C,2018,421.5,,,UK133C,UK,,2018,cars_per_1000,Number of registered cars per 1000 population
A,TT1057I,UK134C,2016,420.01,,,UK134C,UK,,2016,cars_per_1000,Number of registered cars per 1000 population
A,TT1057I,UK134C,2017,428.19,,,UK134C,UK,,2017,cars_per_1000,Number of registered cars per 1000 population
A,TT1057I,UK134C,2018,434.7,,,UK134C,UK,,2018,cars_per_1000,Number of registered cars per 1000 population
A,TT1057I,UK135C,2015,408.7,b,,UK135C,UK,,2015,cars_per_1000,Number of registered cars per 1000 population
A,TT1057I,UK135C,2016,420.36,,,UK135C,UK,,2016,cars_per_1000,Number of registered cars per 1000 population
A,TT1057I,UK135C,2017,428.57,,,UK135C,UK,,2017,cars_per_1000,Number of registered cars per 1000 population
A,TT1057I,UK135C,2018,434.88,,,UK135C,UK,,2018,cars_per_1000,Number of registered cars per 1000 population
