freq,indic_ur,location_code,time_period,obs_value,obs_flag,conf_status,city_name,country_code,country_name,year,indicator,indicator_desc
A,DE2009V,BE,2015,1811697.0,,,BE,BE,,2015,foreign_population,Population by citizenship - foreigners
A,DE2009V,BE,2016,1850457.0,,,BE,BE,,2016,foreign_population,Population by citizenship - foreigners
A,DE2009V,BE,2017,1880810.0,,,BE,BE,,2017,foreign_population,Population by citizenship - foreigners
A,DE2009V,BE,2018,1920463.0,,,BE,BE,,2018,foreign_population,Population by citizenship - foreigners
A,DE2009V,BE,2019,1973016.0,,,BE,BE,,2019,foreign_population,Population by citizenship - foreigners
A,DE2009V,BE,2020,2032153.0,,,BE,BE,,2020,foreign_population,Population by citizenship - foreigners
A,DE2009V,BE,2021,2070685.0,,,BE,BE,,2021,foreign_population,Population by citizenship - foreigners
A,DE2009V,BE,2022,2125712.0,,,BE,BE,,2022,foreign_population,Population by citizenship - foreigners
A,DE2009V,BE,2023,2254285.0,,,BE,BE,,2023,foreign_population,Population by citizenship - foreigners
A,DE2009V,BE001C,2015,538100.0,,,BE001C,BE,,2015,foreign_population,Population by citizenship - foreigners
A,DE2009V,BE001C,2016,541954.0,,,BE001C,BE,,2016,foreign_population,Population by citizenship - foreigners
A,DE2009V,BE001C,2017,539814.0,,,BE001C,BE,,2017,foreign_population,Population by citizenship - foreigners
A,DE2009V,BE001C,2018,546413.0,,,BE001C,BE,,2018,foreign_population,Population by citizenship - foreigners
A,DE2009V,BE001C,2019,556367.0,,,BE001C,BE,,2019,foreign_population,Population by citizenship - foreigners
A,DE2009V,BE001C,2020,564780.0,,,BE001C,BE,,2020,foreign_population,Population by citizenship - foreigners
A,DE2009V,BE001C,2021,570350.0,,,BE001C,BE,,2021,foreign_population,Population by citizenship - foreigners
A,DE2009V,BE001C,2022,576756.0,,,BE001C,BE,,2022,foreign_population,Population by citizenship - foreigners
A,DE2009V,BE001C,2023,605723.0,,,BE001C,BE,,2023,foreign_population,Population by citizenship - foreigners
A,DE2009V,BE002C,2015,147058.0,,,BE002C,BE,,2015,foreign_population,Population by citizenship - foreigners
A,DE2009V,BE002C,2016,149909.0,,,BE002C,BE,,2016,foreign_population,Population by citizenship - foreigners
A,DE2009V,BE002C,2017,153432.0,,,BE002C,BE,,2017,foreign_population,Population by citizenship - foreigners
A,DE2009V,BE002C,2018,157282.0,,,BE002C,BE,,2018,foreign_population,Population by citizenship - foreigners
A,DE2009V,BE002C,2019,160798.0,,,BE002C,BE,,2019,foreign_population,Population by citizenship - foreigners
A,DE2009V,BE002C,2020,165531.0,,,BE002C,BE,,2020,foreign_population,Population by citizenship - foreigners
A,DE2009V,BE002C,2021,168160.0,,,BE002C,BE,,2021,foreign_population,Population by citizenship - foreigners
A,DE2009V,BE002C,2022,171825.0,,,BE002C,BE,,2022,foreign_population,Population by citizenship - foreigners
A,DE2009V,BE002C,2023,183424.0,,,BE002C,BE,,2023,foreign_population,Population by citizenship - foreigners
A,DE2009V,BE003C,2015,50172.0,,,BE003C,BE,,2015,foreign_population,Population by citizenship - foreigners
A,DE2009V,BE003C,2016,52399.0,,,BE003C,BE,,2016,foreign_population,Population by citizenship - foreigners
A,DE2009V,BE003C,2017,53629.0,,,BE003C,BE,,2017,foreign_population,Population by citizenship - foreigners
A,DE2009V,BE003C,2018,54315.0,,,BE003C,BE,,2018,foreign_population,Population by citizenship - foreigners
A,DE2009V,BE003C,2019,56329.0,,,BE003C,BE,,2019,foreign_population,Population by citizenship - foreigners
A,DE2009V,BE003C,2020,58317.0,,,BE003C,BE,,2020,foreign_population,Population by citizenship - foreigners
A,DE2009V,BE003C,2021,59342.0,,,BE003C,BE,,2021,foreign_population,Population by citizenship - foreigners
A,DE2009V,BE003C,2022,61280.0,,,BE003C,BE,,2022,foreign_population,Population by citizenship - foreigners
A,DE2009V,BE003C,2023,65450.0,,,BE003C,BE,,2023,foreign_population,Population by citizenship - foreigners
A,DE2009V,BE004C,2015,38976.0,,,BE004C,BE,,2015,foreign_population,Population by citizenship - foreigners
A,DE2009V,BE004C,2016,38843.0,,,BE004C,BE,,2016,foreign_population,Population by citizenship - foreigners
A,DE2009V,BE004C,2017,38881.0,,,BE004C,BE,,2017,foreign_population,Population by citizenship - foreigners
A,DE2009V,BE004C,2018,39252.0,,,BE004C,BE,,2018,foreign_population,Population by citizenship - foreigners
A,DE2009V,BE004C,2019,39629.0,,,BE004C,BE,,2019,foreign_population,Population by citizenship - foreigners
A,DE2009V,BE004C,2020,40268.0,,,BE004C,BE,,2020,foreign_population,Population by citizenship - foreigners
A,DE2009V,BE004C,2021,46303.0,,,BE004C,BE,,2021,foreign_population,Population by citizenship - foreigners
A,DE2009V,BE004C,2022,47197.0,,,BE004C,BE,,2022,foreign_population,Population by citizenship - foreigners
A,DE2009V,BE004C,2023,48760.0,,,BE004C,BE,,2023,foreign_population,Population by citizenship - foreigners
A,DE2009V,BE005C,2015,96298.0,,,BE005C,BE,,2015,foreign_population,Population by citizenship - foreigners
A,DE2009V,BE005C,2016,96182.0,,,BE005C,BE,,2016,foreign_population,Population by citizenship - foreigners
A,DE2009V,BE005C,2017,97780.0,,,BE005C,BE,,2017,foreign_population,Population by citizenship - foreigners
A,DE2009V,BE005C,2018,98825.0,,,BE005C,BE,,2018,foreign_population,Population by citizenship - foreigners
A,DE2009V,BE005C,2019,99511.0,,,BE005C,BE,,2019,foreign_population,Population by citizenship - foreigners
A,DE2009V,BE005C,2020,100721.0,,,BE005C,BE,,2020,foreign_population,Population by citizenship - foreigners
A,DE2009V,BE005C,2021,106337.0,,,BE005C,BE,,2021,foreign_population,Population by citizenship - foreigners
A,DE2009V,BE005C,2022,107725.0,,,BE005C,BE,,2022,foreign_population,Population by citizenship - foreigners
A,DE2009V,BE005C,2023,110540.0,,,BE005C,BE,,2023,foreign_population,Population by citizenship - foreigners
A,DE2009V,BE006C,2015,10063.0,,,BE006C,BE,,2015,foreign_population,Population by citizenship - foreigners
A,DE2009V,BE006C,2016,10307.0,,,BE006C,BE,,2016,foreign_population,Population by citizenship - foreigners
A,DE2009V,BE006C,2017,10993.0,,,BE006C,BE,,2017,foreign_population,Population by citizenship - foreigners
A,DE2009V,BE006C,2018,11706.0,,,BE006C,BE,,2018,foreign_population,Population by citizenship - foreigners
A,DE2009V,BE006C,2019,12395.0,,,BE006C,BE,,2019,foreign_population,Population by citizenship - foreigners
A,DE2009V,BE006C,2020,13156.0,,,BE006C,BE,,2020,foreign_population,Population by citizenship - foreigners
A,DE2009V,BE006C,2021,13557.0,,,BE006C,BE,,2021,foreign_population,Population by citizenship - foreigners
A,DE2009V,BE006C,2022,14043.0,,,BE006C,BE,,2022,foreign_population,Population by citizenship - foreigners
A,DE2009V,BE006C,2023,15704.0,,,BE006C,BE,,2023,foreign_population,Population by citizenship - foreigners
A,DE2009V,BE007C,2015,17051.0,,,BE007C,BE,,2015,foreign_population,Population by citizenship - foreigners
A,DE2009V,BE007C,2016,16970.0,,,BE007C,BE,,2016,foreign_population,Population by citizenship - foreigners
A,DE2009V,BE007C,2017,17569.0,,,BE007C,BE,,2017,foreign_population,Population by citizenship - foreigners
A,DE2009V,BE007C,2018,17887.0,,,BE007C,BE,,2018,foreign_population,Population by citizenship - foreigners
A,DE2009V,BE007C,2019,18299.0,,,BE007C,BE,,2019,foreign_population,Population by citizenship - foreigners
A,DE2009V,BE007C,2020,19078.0,,,BE007C,BE,,2020,foreign_population,Population by citizenship - foreigners
A,DE2009V,BE007C,2021,19448.0,,,BE007C,BE,,2021,foreign_population,Population by citizenship - foreigners
A,DE2009V,BE007C,2022,20448.0,,,BE007C,BE,,2022,foreign_population,Population by citizenship - foreigners
A,DE2009V,BE007C,2023,21762.0,,,BE007C,BE,,2023,foreign_population,Population by citizenship - foreigners
A,DE2009V,BE008C,2015,21696.0,,,BE008C,BE,,2015,foreign_population,Population by citizenship - foreigners
A,DE2009V,BE008C,2016,22593.0,,,BE008C,BE,,2016,foreign_population,Population by citizenship - foreigners
A,DE2009V,BE008C,2017,23147.0,,,BE008C,BE,,2017,foreign_population,Population by citizenship - foreigners
A,DE2009V,BE008C,2018,24222.0,,,BE008C,BE,,2018,foreign_population,Population by citizenship - foreigners
A,DE2009V,BE008C,2019,25172.0,,,BE008C,BE,,2019,foreign_population,Population by citizenship - foreigners
A,DE2009V,BE008C,2020,26065.0,,,BE008C,BE,,2020,foreign_population,Population by citizenship - foreigners
A,DE2009V,BE008C,2021,25720.0,,,BE008C,BE,,2021,foreign_population,Population by citizenship - foreigners
A,DE2009V,BE008C,2022,27264.0,,,BE008C,BE,,2022,foreign_population,Population by citizenship - foreigners
A,DE2009V,BE008C,2023,29060.0,,,BE008C,BE,,2023,foreign_population,Population by citizenship - foreigners
A,DE2009V,BE009C,2015,18670.0,,,BE009C,BE,,2015,foreign_population,Population by citizenship - foreigners
A,DE2009V,BE009C,2016,18514.0,,,BE009C,BE,,2016,foreign_population,Population by citizenship - foreigners
A,DE2009V,BE009C,2017,18916.0,,,BE009C,BE,,2017,foreign_population,Population by citizenship - foreigners
A,DE2009V,BE009C,2018,18945.0,,,BE009C,BE,,2018,foreign_population,Population by citizenship - foreigners
A,DE2009V,BE009C,2019,19554.0,,,BE009C,BE,,2019,foreign_population,Population by citizenship - foreigners
A,DE2009V,BE009C,2020,20123.0,,,BE009C,BE,,2020,foreign_population,Population by citizenship - foreigners
A,DE2009V,BE009C,2021,29172.0,,,BE009C,BE,,2021,foreign_population,Population by citizenship - foreigners
A,DE2009V,BE009C,2022,29939.0,,,BE009C,BE,,2022,foreign_population,Population by citizenship - foreigners
A,DE2009V,BE009C,2023,30341.0,,,BE009C,BE,,2023,foreign_population,Population by citizenship - foreigners
A,DE2009V,BE010C,2015,8267.0,,,BE010C,BE,,2015,foreign_population,Population by citizenship - foreigners
A,DE2009V,BE010C,2016,8474.0,,,BE010C,BE,,2016,foreign_population,Population by citizenship - foreigners
A,DE2009V,BE010C,2017,8880.0,,,BE010C,BE,,2017,foreign_population,Population by citizenship - foreigners
A,DE2009V,BE010C,2018,9381.0,,,BE010C,BE,,2018,foreign_population,Population by citizenship - foreigners
A,DE2009V,BE010C,2019,9819.0,,,BE010C,BE,,2019,foreign_population,Population by citizenship - foreigners
A,DE2009V,BE010C,2020,10137.0,,,BE010C,BE,,2020,foreign_population,Population by citizenship - foreigners
A,DE2009V,BE010C,2021,10569.0,,,BE010C,BE,,2021,foreign_population,Population by citizenship - foreigners
A,DE2009V,BE010C,2022,11230.0,,,BE010C,BE,,2022,foreign_population,Population by citizenship - foreigners
A,DE2009V,BE010C,2023,12445.0,,,BE010C,BE,,2023,foreign_population,Population by citizenship - foreigners
A,DE2009V,BE011C,2015,9770.0,,,BE011C,BE,,2015,foreign_population,Population by citizenship - foreigners
A,DE2009V,BE011C,2016,10147.0,,,BE011C,BE,,2016,foreign_population,Population by citizenship - foreigners
A,DE2009V,BE011C,2017,10830.0,,,BE011C,BE,,2017,foreign_population,Population by citizenship - foreigners
A,DE2009V,BE011C,2018,11430.0,,,BE011C,BE,,2018,foreign_population,Population by citizenship - foreigners
A,DE2009V,BE011C,2019,11915.0,,,BE011C,BE,,2019,foreign_population,Population by citizenship - foreigners
A,DE2009V,BE011C,2020,12437.0,,,BE011C,BE,,2020,foreign_population,Population by citizenship - foreigners
A,DE2009V,BE011C,2021,12868.0,,,BE011C,BE,,2021,foreign_population,Population by citizenship - foreigners
A,DE2009V,BE011C,2022,13181.0,,,BE011C,BE,,2022,foreign_population,Population by citizenship - foreigners
A,DE2009V,BE011C,2023,14328.0,,,BE011C,BE,,2023,foreign_population,Population by citizenship - foreigners
A,DE2009V,BE012C,2021,16429.0,,,BE012C,BE,,2021,foreign_population,Population by citizenship - foreigners
A,DE2009V,BE012C,2022,16676.0,,,BE012C,BE,,2022,foreign_population,Population by citizenship - foreigners
A,DE2009V,BE012C,2023,18081.0,,,BE012C,BE,,2023,foreign_population,Population by citizenship - foreigners
A,DE2009V,BE013C,2021,18798.0,,,BE013C,BE,,2021,foreign_population,Population by citizenship - foreigners
A,DE2009V,BE013C,2022,19213.0,,,BE013C,BE,,2022,foreign_population,Population by citizenship - foreigners
A,DE2009V,BE013C,2023,19838.0,,,BE013C,BE,,2023,foreign_population,Population by citizenship - foreigners
A,DE2009V,BE014C,2021,19051.0,,,BE014C,BE,,2021,foreign_population,Population by citizenship - foreigners
A,DE2009V,BE014C,2022,19199.0,,,BE014C,BE,,2022,foreign_population,Population by citizenship - foreigners
A,DE2009V,BE014C,2023,19608.0,,,BE014C,BE,,2023,foreign_population,Population by citizenship - foreigners
A,DE2009V,BE015C,2021,15610.0,,,BE015C,BE,,2021,foreign_population,Population by citizenship - foreigners
A,DE2009V,BE015C,2022,15657.0,,,BE015C,BE,,2022,foreign_population,Population by citizenship - foreigners
A,DE2009V,BE015C,2023,16237.0,,,BE015C,BE,,2023,foreign_population,Population by citizenship - foreigners
A,DE2009V,BG,2015,124809.0,,,BG,BG,,2015,foreign_population,Population by citizenship - foreigners
A,DE2009V,BG,2016,137815.0,,,BG,BG,,2016,foreign_population,Population by citizenship - foreigners
A,DE2009V,BG,2017,147083.0,,,BG,BG,,2017,foreign_population,Population by citizenship - foreigners
A,DE2009V,BG,2018,158499.0,,,BG,BG,,2018,foreign_population,Population by citizenship - foreigners
A,DE2009V,BG001C,2015,35258.0,,,BG001C,BG,,2015,foreign_population,Population by citizenship - foreigners
A,DE2009V,BG001C,2016,38219.0,,,BG001C,BG,,2016,foreign_population,Population by citizenship - foreigners
A,DE2009V,BG001C,2017,39926.0,,,BG001C,BG,,2017,foreign_population,Population by citizenship - foreigners
A,DE2009V,BG001C,2018,42000.0,,,BG001C,BG,,2018,foreign_population,Population by citizenship - foreigners
A,DE2009V,BG001C,2019,45038.0,,,BG001C,BG,,2019,foreign_population,Population by citizenship - foreigners
A,DE2009V,BG001C,2020,48201.0,,,BG001C,BG,,2020,foreign_population,Population by citizenship - foreigners
A,DE2009V,BG001C,2021,51448.0,,,BG001C,BG,,2021,foreign_population,Population by citizenship - foreigners
A,DE2009V,BG001C,2022,57267.0,,,BG001C,BG,,2022,foreign_population,Population by citizenship - foreigners
A,DE2009V,BG002C,2015,6740.0,,,BG002C,BG,,2015,foreign_population,Population by citizenship - foreigners
A,DE2009V,BG002C,2016,7201.0,,,BG002C,BG,,2016,foreign_population,Population by citizenship - foreigners
A,DE2009V,BG002C,2017,7545.0,,,BG002C,BG,,2017,foreign_population,Population by citizenship - foreigners
A,DE2009V,BG002C,2018,8006.0,,,BG002C,BG,,2018,foreign_population,Population by citizenship - foreigners
A,DE2009V,BG002C,2019,8788.0,,,BG002C,BG,,2019,foreign_population,Population by citizenship - foreigners
A,DE2009V,BG002C,2020,9638.0,,,BG002C,BG,,2020,foreign_population,Population by citizenship - foreigners
A,DE2009V,BG002C,2021,10337.0,,,BG002C,BG,,2021,foreign_population,Population by citizenship - foreigners
A,DE2009V,BG002C,2022,11662.0,,,BG002C,BG,,2022,foreign_population,Population by citizenship - foreigners
A,DE2009V,BG003C,2015,9306.0,,,BG003C,BG,,2015,foreign_population,Population by citizenship - foreigners
A,DE2009V,BG003C,2016,10000.0,,,BG003C,BG,,2016,foreign_population,Population by citizenship - foreigners
A,DE2009V,BG003C,2017,10766.0,,,BG003C,BG,,2017,foreign_population,Population by citizenship - foreigners
A,DE2009V,BG003C,2018,11491.0,,,BG003C,BG,,2018,foreign_population,Population by citizenship - foreigners
A,DE2009V,BG003C,2019,12666.0,,,BG003C,BG,,2019,foreign_population,Population by citizenship - foreigners
A,DE2009V,BG003C,2020,14000.0,,,BG003C,BG,,2020,foreign_population,Population by citizenship - foreigners
A,DE2009V,BG003C,2021,14955.0,,,BG003C,BG,,2021,foreign_population,Population by citizenship - foreigners
A,DE2009V,BG003C,2022,16361.0,,,BG003C,BG,,2022,foreign_population,Population by citizenship - foreigners
A,DE2009V,BG004C,2015,3737.0,,,BG004C,BG,,2015,foreign_population,Population by citizenship - foreigners
A,DE2009V,BG004C,2016,4322.0,,,BG004C,BG,,2016,foreign_population,Population by citizenship - foreigners
A,DE2009V,BG004C,2017,4866.0,,,BG004C,BG,,2017,foreign_population,Population by citizenship - foreigners
A,DE2009V,BG004C,2018,5507.0,,,BG004C,BG,,2018,foreign_population,Population by citizenship - foreigners
A,DE2009V,BG004C,2019,6322.0,,,BG004C,BG,,2019,foreign_population,Population by citizenship - foreigners
A,DE2009V,BG004C,2020,7122.0,,,BG004C,BG,,2020,foreign_population,Population by citizenship - foreigners
A,DE2009V,BG004C,2021,7791.0,,,BG004C,BG,,2021,foreign_population,Population by citizenship - foreigners
A,DE2009V,BG004C,2022,8447.0,,,BG004C,BG,,2022,foreign_population,Population by citizenship - foreigners
A,DE2009V,BG005C,2015,1718.0,,,BG005C,BG,,2015,foreign_population,Population by citizenship - foreigners
A,DE2009V,BG005C,2016,1828.0,,,BG005C,BG,,2016,foreign_population,Population by citizenship - foreigners
A,DE2009V,BG005C,2017,1862.0,,,BG005C,BG,,2017,foreign_population,Population by citizenship - foreigners
A,DE2009V,BG005C,2018,2004.0,,,BG005C,BG,,2018,foreign_population,Population by citizenship - foreigners
A,DE2009V,BG005C,2019,2184.0,,,BG005C,BG,,2019,foreign_population,Population by citizenship - foreigners
A,DE2009V,BG005C,2020,2336.0,,,BG005C,BG,,2020,foreign_population,Population by citizenship - foreigners
A,DE2009V,BG005C,2021,2398.0,,,BG005C,BG,,2021,foreign_population,Population by citizenship - foreigners
A,DE2009V,BG005C,2022,2494.0,,,BG005C,BG,,2022,foreign_population,Population by citizenship - foreigners
A,DE2009V,BG006C,2015,2278.0,,,BG006C,BG,,2015,foreign_population,Population by citizenship - foreigners
A,DE2009V,BG006C,2016,2476.0,,,BG006C,BG,,2016,foreign_population,Population by citizenship - foreigners
A,DE2009V,BG006C,2017,2658.0,,,BG006C,BG,,2017,foreign_population,Population by citizenship - foreigners
A,DE2009V,BG006C,2018,2828.0,,,BG006C,BG,,2018,foreign_population,Population by citizenship - foreigners
A,DE2009V,BG006C,2019,3048.0,,,BG006C,BG,,2019,foreign_population,Population by citizenship - foreigners
A,DE2009V,BG006C,2020,3239.0,,,BG006C,BG,,2020,foreign_population,Population by citizenship - foreigners
A,DE2009V,BG006C,2021,3342.0,,,BG006C,BG,,2021,foreign_population,Population by citizenship - foreigners
A,DE2009V,BG006C,2022,3543.0,,,BG006C,BG,,2022,foreign_population,Population by citizenship - foreigners
A,DE2009V,BG007C,2015,634.0,,,BG007C,BG,,2015,foreign_population,Population by citizenship - foreigners
A,DE2009V,BG007C,2016,663.0,,,BG007C,BG,,2016,foreign_population,Population by citizenship - foreigners
A,DE2009V,BG007C,2017,690.0,,,BG007C,BG,,2017,foreign_population,Population by citizenship - foreigners
A,DE2009V,BG007C,2018,755.0,,,BG007C,BG,,2018,foreign_population,Population by citizenship - foreigners
A,DE2009V,BG007C,2019,811.0,,,BG007C,BG,,2019,foreign_population,Population by citizenship - foreigners
A,DE2009V,BG007C,2020,887.0,,,BG007C,BG,,2020,foreign_population,Population by citizenship - foreigners
A,DE2009V,BG007C,2021,917.0,,,BG007C,BG,,2021,foreign_population,Population by citizenship - foreigners
A,DE2009V,BG007C,2022,994.0,,,BG007C,BG,,2022,foreign_population,Population by citizenship - foreigners
A,DE2009V,BG008C,2015,2490.0,,,BG008C,BG,,2015,foreign_population,Population by citizenship - foreigners
A,DE2009V,BG008C,2016,2890.0,,,BG008C,BG,,2016,foreign_population,Population by citizenship - foreigners
A,DE2009V,BG008C,2017,3196.0,,,BG008C,BG,,2017,foreign_population,Population by citizenship - foreigners
A,DE2009V,BG008C,2018,3404.0,,,BG008C,BG,,2018,foreign_population,Population by citizenship - foreigners
A,DE2009V,BG008C,2019,3549.0,,,BG008C,BG,,2019,foreign_population,Population by citizenship - foreigners
A,DE2009V,BG008C,2020,3725.0,,,BG008C,BG,,2020,foreign_population,Population by citizenship - foreigners
A,DE2009V,BG008C,2021,3817.0,,,BG008C,BG,,2021,foreign_population,Population by citizenship - foreigners
A,DE2009V,BG008C,2022,4054.0,,,BG008C,BG,,2022,foreign_population,Population by citizenship - foreigners
A,DE2009V,BG009C,2015,1004.0,,,BG009C,BG,,2015,foreign_population,Population by citizenship - foreigners
A,DE2009V,BG009C,2016,1101.0,,,BG009C,BG,,2016,foreign_population,Population by citizenship - foreigners
A,DE2009V,BG009C,2017,1218.0,,,BG009C,BG,,2017,foreign_population,Population by citizenship - foreigners
A,DE2009V,BG009C,2018,1320.0,,,BG009C,BG,,2018,foreign_population,Population by citizenship - foreigners
A,DE2009V,BG009C,2019,1440.0,,,BG009C,BG,,2019,foreign_population,Population by citizenship - foreigners
A,DE2009V,BG009C,2020,1562.0,,,BG009C,BG,,2020,foreign_population,Population by citizenship - foreigners
A,DE2009V,BG009C,2021,1645.0,,,BG009C,BG,,2021,foreign_population,Population by citizenship - foreigners
A,DE2009V,BG009C,2022,1722.0,,,BG009C,BG,,2022,foreign_population,Population by citizenship - foreigners
A,DE2009V,BG010C,2015,1752.0,,,BG010C,BG,,2015,foreign_population,Population by citizenship - foreigners
A,DE2009V,BG010C,2016,1815.0,,,BG010C,BG,,2016,foreign_population,Population by citizenship - foreigners
A,DE2009V,BG010C,2017,1837.0,,,BG010C,BG,,2017,foreign_population,Population by citizenship - foreigners
A,DE2009V,BG010C,2018,1866.0,,,BG010C,BG,,2018,foreign_population,Population by citizenship - foreigners
A,DE2009V,BG010C,2019,1932.0,,,BG010C,BG,,2019,foreign_population,Population by citizenship - foreigners
A,DE2009V,BG010C,2020,2050.0,,,BG010C,BG,,2020,foreign_population,Population by citizenship - foreigners
A,DE2009V,BG010C,2021,2103.0,,,BG010C,BG,,2021,foreign_population,Population by citizenship - foreigners
A,DE2009V,BG010C,2022,2143.0,,,BG010C,BG,,2022,foreign_population,Population by citizenship - foreigners
A,DE2009V,BG011C,2015,1548.0,,,BG011C,BG,,2015,foreign_population,Population by citizenship - foreigners
A,DE2009V,BG011C,2016,1690.0,,,BG011C,BG,,2016,foreign_population,Population by citizenship - foreigners
A,DE2009V,BG011C,2017,1811.0,,,BG011C,BG,,2017,foreign_population,Population by citizenship - foreigners
A,DE2009V,BG011C,2018,1909.0,,,BG011C,BG,,2018,foreign_population,Population by citizenship - foreigners
A,DE2009V,BG011C,2019,2110.0,,,BG011C,BG,,2019,foreign_population,Population by citizenship - foreigners
A,DE2009V,BG011C,2020,2315.0,,,BG011C,BG,,2020,foreign_population,Population by citizenship - foreigners
A,DE2009V,BG011C,2021,2443.0,,,BG011C,BG,,2021,foreign_population,Population by citizenship - foreigners
A,DE2009V,BG011C,2022,2618.0,,,BG011C,BG,,2022,foreign_population,Population by citizenship - foreigners
A,DE2009V,BG012C,2015,736.0,,,BG012C,BG,,2015,foreign_population,Population by citizenship - foreigners
A,DE2009V,BG012C,2016,758.0,,,BG012C,BG,,2016,foreign_population,Population by citizenship - foreigners
A,DE2009V,BG012C,2017,792.0,,,BG012C,BG,,2017,foreign_population,Population by citizenship - foreigners
A,DE2009V,BG012C,2018,848.0,,,BG012C,BG,,2018,foreign_population,Population by citizenship - foreigners
A,DE2009V,BG012C,2019,923.0,,,BG012C,BG,,2019,foreign_population,Population by citizenship - foreigners
A,DE2009V,BG012C,2020,983.0,,,BG012C,BG,,2020,foreign_population,Population by citizenship - foreigners
A,DE2009V,BG012C,2021,1032.0,,,BG012C,BG,,2021,foreign_population,Population by citizenship - foreigners
A,DE2009V,BG012C,2022,1102.0,,,BG012C,BG,,2022,foreign_population,Population by citizenship - foreigners
A,DE2009V,BG013C,2015,853.0,,,BG013C,BG,,2015,foreign_population,Population by citizenship - foreigners
A,DE2009V,BG013C,2016,896.0,,,BG013C,BG,,2016,foreign_population,Population by citizenship - foreigners
A,DE2009V,BG013C,2017,929.0,,,BG013C,BG,,2017,foreign_population,Population by citizenship - foreigners
A,DE2009V,BG013C,2018,1006.0,,,BG013C,BG,,2018,foreign_population,Population by citizenship - foreigners
A,DE2009V,BG013C,2019,1099.0,,,BG013C,BG,,2019,foreign_population,Population by citizenship - foreigners
A,DE2009V,BG013C,2020,1211.0,,,BG013C,BG,,2020,foreign_population,Population by citizenship - foreigners
A,DE2009V,BG013C,2021,1252.0,,,BG013C,BG,,2021,foreign_population,Population by citizenship - foreigners
A,DE2009V,BG013C,2022,1334.0,,,BG013C,BG,,2022,foreign_population,Population by citizenship - foreigners
A,DE2009V,BG014C,2015,781.0,,,BG014C,BG,,2015,foreign_population,Population by citizenship - foreigners
A,DE2009V,BG014C,2016,852.0,,,BG014C,BG,,2016,foreign_population,Population by citizenship - foreigners
A,DE2009V,BG014C,2017,899.0,,,BG014C,BG,,2017,foreign_population,Population by citizenship - foreigners
A,DE2009V,BG014C,2018,1006.0,,,BG014C,BG,,2018,foreign_population,Population by citizenship - foreigners
A,DE2009V,BG014C,2019,1113.0,,,BG014C,BG,,2019,foreign_population,Population by citizenship - foreigners
A,DE2009V,BG014C,2020,1249.0,,,BG014C,BG,,2020,foreign_population,Population by citizenship - foreigners
A,DE2009V,BG014C,2021,1324.0,,,BG014C,BG,,2021,foreign_population,Population by citizenship - foreigners
A,DE2009V,BG014C,2022,1475.0,,,BG014C,BG,,2022,foreign_population,Population by citizenship - foreigners
A,DE2009V,BG015C,2015,1125.0,,,BG015C,BG,,2015,foreign_population,Population by citizenship - foreigners
A,DE2009V,BG015C,2016,1217.0,,,BG015C,BG,,2016,foreign_population,Population by citizenship - foreigners
A,DE2009V,BG015C,2017,1293.0,,,BG015C,BG,,2017,foreign_population,Population by citizenship - foreigners
A,DE2009V,BG015C,2018,1368.0,,,BG015C,BG,,2018,foreign_population,Population by citizenship - foreigners
A,DE2009V,BG015C,2019,1479.0,,,BG015C,BG,,2019,foreign_population,Population by citizenship - foreigners
A,DE2009V,BG015C,2020,1639.0,,,BG015C,BG,,2020,foreign_population,Population by citizenship - foreigners
A,DE2009V,BG015C,2021,1788.0,,,BG015C,BG,,2021,foreign_population,Population by citizenship - foreigners
A,DE2009V,BG015C,2022,1902.0,,,BG015C,BG,,2022,foreign_population,Population by citizenship - foreigners
A,DE2009V,BG016C,2015,1983.0,,,BG016C,BG,,2015,foreign_population,Population by citizenship - foreigners
A,DE2009V,BG016C,2016,2034.0,,,BG016C,BG,,2016,foreign_population,Population by citizenship - foreigners
A,DE2009V,BG016C,2017,2070.0,,,BG016C,BG,,2017,foreign_population,Population by citizenship - foreigners
A,DE2009V,BG016C,2018,2137.0,,,BG016C,BG,,2018,foreign_population,Population by citizenship - foreigners
A,DE2009V,BG016C,2019,2356.0,,,BG016C,BG,,2019,foreign_population,Population by citizenship - foreigners
A,DE2009V,BG016C,2020,2620.0,,,BG016C,BG,,2020,foreign_population,Population by citizenship - foreigners
A,DE2009V,BG016C,2021,2779.0,,,BG016C,BG,,2021,foreign_population,Population by citizenship - foreigners
A,DE2009V,BG016C,2022,3024.0,,,BG016C,BG,,2022,foreign_population,Population by citizenship - foreigners
A,DE2009V,BG017C,2015,1073.0,,,BG017C,BG,,2015,foreign_population,Population by citizenship - foreigners
A,DE2009V,BG017C,2016,1120.0,,,BG017C,BG,,2016,foreign_population,Population by citizenship - foreigners
A,DE2009V,BG017C,2017,1177.0,,,BG017C,BG,,2017,foreign_population,Population by citizenship - foreigners
A,DE2009V,BG017C,2018,1254.0,,,BG017C,BG,,2018,foreign_population,Population by citizenship - foreigners
A,DE2009V,BG017C,2019,1350.0,,,BG017C,BG,,2019,foreign_population,Population by citizenship - foreigners
A,DE2009V,BG017C,2020,1426.0,,,BG017C,BG,,2020,foreign_population,Population by citizenship - foreigners
A,DE2009V,BG017C,2021,1485.0,,,BG017C,BG,,2021,foreign_population,Population by citizenship - foreigners
A,DE2009V,BG017C,2022,1574.0,,,BG017C,BG,,2022,foreign_population,Population by citizenship - foreigners
A,DE2009V,BG018C,2015,617.0,,,BG018C,BG,,2015,foreign_population,Population by citizenship - foreigners
A,DE2009V,BG018C,2016,647.0,,,BG018C,BG,,2016,foreign_population,Population by citizenship - foreigners
A,DE2009V,BG018C,2017,680.0,,,BG018C,BG,,2017,foreign_population,Population by citizenship - foreigners
A,DE2009V,BG018C,2018,715.0,,,BG018C,BG,,2018,foreign_population,Population by citizenship - foreigners
A,DE2009V,BG018C,2019,748.0,,,BG018C,BG,,2019,foreign_population,Population by citizenship - foreigners
A,DE2009V,BG018C,2020,781.0,,,BG018C,BG,,2020,foreign_population,Population by citizenship - foreigners
A,DE2009V,BG018C,2021,816.0,,,BG018C,BG,,2021,foreign_population,Population by citizenship - foreigners
A,DE2009V,BG018C,2022,860.0,,,BG018C,BG,,2022,foreign_population,Population by citizenship - foreigners
A,DE2009V,CH,2015,2354837.0,,,CH,CH,,2015,foreign_population,Population by citizenship - foreigners
A,DE2009V,CH,2016,2416394.0,,,CH,CH,,2016,foreign_population,Population by citizenship - foreigners
A,DE2009V,CH001C,2015,59988.0,,,CH001C,CH,,2015,foreign_population,Population by citizenship - foreigners
A,DE2009V,CH001C,2016,61582.0,,,CH001C,CH,,2016,foreign_population,Population by citizenship - foreigners
A,DE2009V,CH001C,2017,63468.0,,,CH001C,CH,,2017,foreign_population,Population by citizenship - foreigners
A,DE2009V,CH001C,2018,63889.0,,,CH001C,CH,,2018,foreign_population,Population by citizenship - foreigners
A,DE2009V,CH001C,2019,63868.0,,,CH001C,CH,,2019,foreign_population,Population by citizenship - foreigners
A,DE2009V,CH001C,2020,64302.0,,,CH001C,CH,,2020,foreign_population,Population by citizenship - foreigners
A,DE2009V,CH001C,2021,64556.0,,,CH001C,CH,,2021,foreign_population,Population by citizenship - foreigners
A,DE2009V,CH001C,2022,64496.0,,,CH001C,CH,,2022,foreign_population,Population by citizenship - foreigners
A,DE2009V,CH002C,2015,257591.0,,,CH002C,CH,,2015,foreign_population,Population by citizenship - foreigners
A,DE2009V,CH002C,2016,265034.0,,,CH002C,CH,,2016,foreign_population,Population by citizenship - foreigners
A,DE2009V,CH002C,2017,272277.0,,,CH002C,CH,,2017,foreign_population,Population by citizenship - foreigners
A,DE2009V,CH002C,2018,278143.0,,,CH002C,CH,,2018,foreign_population,Population by citizenship - foreigners
A,DE2009V,CH002C,2019,284357.0,,,CH002C,CH,,2019,foreign_population,Population by citizenship - foreigners
A,DE2009V,CH002C,2020,290864.0,,,CH002C,CH,,2020,foreign_population,Population by citizenship - foreigners
A,DE2009V,CH002C,2021,295124.0,,,CH002C,CH,,2021,foreign_population,Population by citizenship - foreigners
A,DE2009V,CH002C,2022,299007.0,,,CH002C,CH,,2022,foreign_population,Population by citizenship - foreigners
A,DE2009V,CH003C,2015,201594.0,,,CH003C,CH,,2015,foreign_population,Population by citizenship - foreigners
A,DE2009V,CH003C,2016,206140.0,,,CH003C,CH,,2016,foreign_population,Population by citizenship - foreigners
A,DE2009V,CH003C,2017,208879.0,,,CH003C,CH,,2017,foreign_population,Population by citizenship - foreigners
A,DE2009V,CH003C,2018,212433.0,,,CH003C,CH,,2018,foreign_population,Population by citizenship - foreigners
A,DE2009V,CH003C,2019,215144.0,,,CH003C,CH,,2019,foreign_population,Population by citizenship - foreigners
A,DE2009V,CH003C,2020,218277.0,,,CH003C,CH,,2020,foreign_population,Population by citizenship - foreigners
A,DE2009V,CH003C,2021,219366.0,,,CH003C,CH,,2021,foreign_population,Population by citizenship - foreigners
A,DE2009V,CH003C,2022,220932.0,,,CH003C,CH,,2022,foreign_population,Population by citizenship - foreigners
A,DE2009V,CH004C,2015,118502.0,,,CH004C,CH,,2015,foreign_population,Population by citizenship - foreigners
A,DE2009V,CH004C,2016,120720.0,,,CH004C,CH,,2016,foreign_population,Population by citizenship - foreigners
A,DE2009V,CH004C,2017,123277.0,,,CH004C,CH,,2017,foreign_population,Population by citizenship - foreigners
A,DE2009V,CH004C,2018,124901.0,,,CH004C,CH,,2018,foreign_population,Population by citizenship - foreigners
A,DE2009V,CH004C,2019,126391.0,,,CH004C,CH,,2019,foreign_population,Population by citizenship - foreigners
A,DE2009V,CH004C,2020,128265.0,,,CH004C,CH,,2020,foreign_population,Population by citizenship - foreigners
A,DE2009V,CH004C,2021,129938.0,,,CH004C,CH,,2021,foreign_population,Population by citizenship - foreigners
A,DE2009V,CH004C,2022,130275.0,,,CH004C,CH,,2022,foreign_population,Population by citizenship - foreigners
A,DE2009V,CH005C,2015,114370.0,,,CH005C,CH,,2015,foreign_population,Population by citizenship - foreigners
A,DE2009V,CH005C,2016,116225.0,,,CH005C,CH,,2016,foreign_population,Population by citizenship - foreigners
A,DE2009V,CH005C,2017,118765.0,,,CH005C,CH,,2017,foreign_population,Population by citizenship - foreigners
A,DE2009V,CH005C,2018,120662.0,,,CH005C,CH,,2018,foreign_population,Population by citizenship - foreigners
A,DE2009V,CH005C,2019,121521.0,,,CH005C,CH,,2019,foreign_population,Population by citizenship - foreigners
A,DE2009V,CH005C,2020,121731.0,,,CH005C,CH,,2020,foreign_population,Population by citizenship - foreigners
A,DE2009V,CH005C,2021,124149.0,,,CH005C,CH,,2021,foreign_population,Population by citizenship - foreigners
A,DE2009V,CH005C,2022,125750.0,,,CH005C,CH,,2022,foreign_population,Population by citizenship - foreigners
A,DE2009V,CH006C,2015,43082.0,,,CH006C,CH,,2015,foreign_population,Population by citizenship - foreigners
A,DE2009V,CH006C,2016,43733.0,,,CH006C,CH,,2016,foreign_population,Population by citizenship - foreigners
A,DE2009V,CH006C,2017,44843.0,,,CH006C,CH,,2017,foreign_population,Population by citizenship - foreigners
A,DE2009V,CH006C,2018,45462.0,,,CH006C,CH,,2018,foreign_population,Population by citizenship - foreigners
A,DE2009V,CH006C,2019,46360.0,,,CH006C,CH,,2019,foreign_population,Population by citizenship - foreigners
A,DE2009V,CH006C,2020,47376.0,,,CH006C,CH,,2020,foreign_population,Population by citizenship - foreigners
A,DE2009V,CH006C,2021,47863.0,,,CH006C,CH,,2021,foreign_population,Population by citizenship - foreigners
A,DE2009V,CH006C,2022,49051.0,,,CH006C,CH,,2022,foreign_population,Population by citizenship - foreigners
A,DE2009V,CH007C,2015,32293.0,,,CH007C,CH,,2015,foreign_population,Population by citizenship - foreigners
A,DE2009V,CH007C,2016,33081.0,,,CH007C,CH,,2016,foreign_population,Population by citizenship - foreigners
A,DE2009V,CH007C,2017,33860.0,,,CH007C,CH,,2017,foreign_population,Population by citizenship - foreigners
A,DE2009V,CH007C,2018,34494.0,,,CH007C,CH,,2018,foreign_population,Population by citizenship - foreigners
A,DE2009V,CH007C,2019,35018.0,,,CH007C,CH,,2019,foreign_population,Population by citizenship - foreigners
A,DE2009V,CH007C,2020,35728.0,,,CH007C,CH,,2020,foreign_population,Population by citizenship - foreigners
A,DE2009V,CH007C,2021,36197.0,,,CH007C,CH,,2021,foreign_population,Population by citizenship - foreigners
A,DE2009V,CH007C,2022,36724.0,,,CH007C,CH,,2022,foreign_population,Population by citizenship - foreigners
A,DE2009V,CH008C,2015,40791.0,,,CH008C,CH,,2015,foreign_population,Population by citizenship - foreigners
A,DE2009V,CH008C,2016,41126.0,,,CH008C,CH,,2016,foreign_population,Population by citizenship - foreigners
A,DE2009V,CH008C,2017,41540.0,,,CH008C,CH,,2017,foreign_population,Population by citizenship - foreigners
A,DE2009V,CH008C,2018,41246.0,,,CH008C,CH,,2018,foreign_population,Population by citizenship - foreigners
A,DE2009V,CH008C,2019,41351.0,,,CH008C,CH,,2019,foreign_population,Population by citizenship - foreigners
A,DE2009V,CH008C,2020,41090.0,,,CH008C,CH,,2020,foreign_population,Population by citizenship - foreigners
A,DE2009V,CH008C,2021,41399.0,,,CH008C,CH,,2021,foreign_population,Population by citizenship - foreigners
A,DE2009V,CH008C,2022,41744.0,,,CH008C,CH,,2022,foreign_population,Population by citizenship - foreigners
A,DE2009V,CH009C,2015,25799.0,,,CH009C,CH,,2015,foreign_population,Population by citizenship - foreigners
A,DE2009V,CH009C,2016,26081.0,,,CH009C,CH,,2016,foreign_population,Population by citizenship - foreigners
A,DE2009V,CH009C,2017,26165.0,,,CH009C,CH,,2017,foreign_population,Population by citizenship - foreigners
A,DE2009V,CH009C,2018,26377.0,,,CH009C,CH,,2018,foreign_population,Population by citizenship - foreigners
A,DE2009V,CH009C,2019,26611.0,,,CH009C,CH,,2019,foreign_population,Population by citizenship - foreigners
A,DE2009V,CH009C,2020,26853.0,,,CH009C,CH,,2020,foreign_population,Population by citizenship - foreigners
A,DE2009V,CH009C,2021,27071.0,,,CH009C,CH,,2021,foreign_population,Population by citizenship - foreigners
A,DE2009V,CH009C,2022,27298.0,,,CH009C,CH,,2022,foreign_population,Population by citizenship - foreigners
A,DE2009V,DE002C,2015,406700.0,,,DE002C,DE,,2015,foreign_population,Population by citizenship - foreigners
A,DE2009V,DE002C,2016,427100.0,,,DE002C,DE,,2016,foreign_population,Population by citizenship - foreigners
A,DE2009V,DE002C,2017,450700.0,e,,DE002C,DE,,2017,foreign_population,Population by citizenship - foreigners
A,DE2009V,DE002C,2018,462500.0,e,,DE002C,DE,,2018,foreign_population,Population by citizenship - foreigners
A,DE2009V,DE002C,2019,469700.0,e,,DE002C,DE,,2019,foreign_population,Population by citizenship - foreigners
A,DE2009V,DE002C,2020,473200.0,e,,DE002C,DE,,2020,foreign_population,Population by citizenship - foreigners
A,DE2009V,DE002C,2023,527400.0,e,,DE002C,DE,,2023,foreign_population,Population by citizenship - foreigners
A,DE2009V,DE003C,2019,424400.0,e,,DE003C,DE,,2019,foreign_population,Population by citizenship - foreigners
A,DE2009V,DE003C,2020,451900.0,e,,DE003C,DE,,2020,foreign_population,Population by citizenship - foreigners
A,DE2009V,DE003C,2021,93700.0,e,,DE003C,DE,,2021,foreign_population,Population by citizenship - foreigners
A,DE2009V,DE003C,2022,464000.0,e,,DE003C,DE,,2022,foreign_population,Population by citizenship - foreigners
A,DE2009V,DE003C,2023,494800.0,e,,DE003C,DE,,2023,foreign_population,Population by citizenship - foreigners
A,DE2009V,DE004C,2015,254600.0,,,DE004C,DE,,2015,foreign_population,Population by citizenship - foreigners
A,DE2009V,DE004C,2016,262700.0,,,DE004C,DE,,2016,foreign_population,Population by citizenship - foreigners
A,DE2009V,DE004C,2017,271600.0,e,,DE004C,DE,,2017,foreign_population,Population by citizenship - foreigners
A,DE2009V,DE004C,2018,273400.0,e,,DE004C,DE,,2018,foreign_population,Population by citizenship - foreigners
A,DE2009V,DE004C,2019,276700.0,e,,DE004C,DE,,2019,foreign_population,Population by citizenship - foreigners
A,DE2009V,DE004C,2020,277600.0,e,,DE004C,DE,,2020,foreign_population,Population by citizenship - foreigners
A,DE2009V,DE004C,2021,16000.0,e,,DE004C,DE,,2021,foreign_population,Population by citizenship - foreigners
A,DE2009V,DE005C,2015,254700.0,,,DE005C,DE,,2015,foreign_population,Population by citizenship - foreigners
A,DE2009V,DE005C,2016,266200.0,,,DE005C,DE,,2016,foreign_population,Population by citizenship - foreigners
A,DE2009V,DE005C,2017,268800.0,e,,DE005C,DE,,2017,foreign_population,Population by citizenship - foreigners
A,DE2009V,DE005C,2018,276500.0,e,,DE005C,DE,,2018,foreign_population,Population by citizenship - foreigners
A,DE2009V,DE005C,2019,280200.0,e,,DE005C,DE,,2019,foreign_population,Population by citizenship - foreigners
A,DE2009V,DE005C,2020,285800.0,e,,DE005C,DE,,2020,foreign_population,Population by citizenship - foreigners
A,DE2009V,DE005C,2021,20300.0,e,,DE005C,DE,,2021,foreign_population,Population by citizenship - foreigners
A,DE2009V,DE005C,2022,283000.0,e,,DE005C,DE,,2022,foreign_population,Population by citizenship - foreigners
A,DE2009V,DE005C,2023,297900.0,e,,DE005C,DE,,2023,foreign_population,Population by citizenship - foreigners
A,DE2009V,DE006C,2015,112700.0,,,DE006C,DE,,2015,foreign_population,Population by citizenship - foreigners
A,DE2009V,DE006C,2016,124900.0,,,DE006C,DE,,2016,foreign_population,Population by citizenship - foreigners
A,DE2009V,DE006C,2017,131400.0,e,,DE006C,DE,,2017,foreign_population,Population by citizenship - foreigners
A,DE2009V,DE006C,2018,133700.0,e,,DE006C,DE,,2018,foreign_population,Population by citizenship - foreigners
A,DE2009V,DE006C,2019,135800.0,e,,DE006C,DE,,2019,foreign_population,Population by citizenship - foreigners
A,DE2009V,DE006C,2020,137000.0,e,,DE006C,DE,,2020,foreign_population,Population by citizenship - foreigners
A,DE2009V,DE006C,2022,138400.0,e,,DE006C,DE,,2022,foreign_population,Population by citizenship - foreigners
A,DE2009V,DE006C,2023,147000.0,e,,DE006C,DE,,2023,foreign_population,Population by citizenship - foreigners
A,DE2009V,DE007C,2015,183100.0,,,DE007C,DE,,2015,foreign_population,Population by citizenship - foreigners
A,DE2009V,DE007C,2016,192600.0,,,DE007C,DE,,2016,foreign_population,Population by citizenship - foreigners
A,DE2009V,DE007C,2017,197100.0,e,,DE007C,DE,,2017,foreign_population,Population by citizenship - foreigners
A,DE2009V,DE007C,2018,199500.0,e,,DE007C,DE,,2018,foreign_population,Population by citizenship - foreigners
A,DE2009V,DE007C,2019,201100.0,e,,DE007C,DE,,2019,foreign_population,Population by citizenship - foreigners
A,DE2009V,DE007C,2020,202100.0,e,,DE007C,DE,,2020,foreign_population,Population by citizenship - foreigners
A,DE2009V,DE007C,2021,95800.0,e,,DE007C,DE,,2021,foreign_population,Population by citizenship - foreigners
A,DE2009V,DE007C,2022,200200.0,e,,DE007C,DE,,2022,foreign_population,Population by citizenship - foreigners
A,DE2009V,DE007C,2023,212400.0,e,,DE007C,DE,,2023,foreign_population,Population by citizenship - foreigners
A,DE2009V,DE008C,2015,26000.0,,,DE008C,DE,,2015,foreign_population,Population by citizenship - foreigners
A,DE2009V,DE008C,2016,34300.0,,,DE008C,DE,,2016,foreign_population,Population by citizenship - foreigners
A,DE2009V,DE008C,2017,40100.0,e,,DE008C,DE,,2017,foreign_population,Population by citizenship - foreigners
A,DE2009V,DE008C,2020,55700.0,e,,DE008C,DE,,2020,foreign_population,Population by citizenship - foreigners
A,DE2009V,DE008C,2023,84600.0,e,,DE008C,DE,,2023,foreign_population,Population by citizenship - foreigners
A,DE2009V,DE009C,2015,49200.0,,,DE009C,DE,,2015,foreign_population,Population by citizenship - foreigners
A,DE2009V,DE009C,2016,55400.0,,,DE009C,DE,,2016,foreign_population,Population by citizenship - foreigners
A,DE2009V,DE009C,2017,57800.0,e,,DE009C,DE,,2017,foreign_population,Population by citizenship - foreigners
A,DE2009V,DE009C,2018,61000.0,e,,DE009C,DE,,2018,foreign_population,Population by citizenship - foreigners
A,DE2009V,DE009C,2022,68800.0,e,,DE009C,DE,,2022,foreign_population,Population by citizenship - foreigners
A,DE2009V,DE010C,2015,136100.0,,,DE010C,DE,,2015,foreign_population,Population by citizenship - foreigners
A,DE2009V,DE010C,2016,143000.0,,,DE010C,DE,,2016,foreign_population,Population by citizenship - foreigners
A,DE2009V,DE010C,2017,135100.0,e,,DE010C,DE,,2017,foreign_population,Population by citizenship - foreigners
A,DE2009V,DE010C,2018,137100.0,e,,DE010C,DE,,2018,foreign_population,Population by citizenship - foreigners
A,DE2009V,DE010C,2019,153000.0,e,,DE010C,DE,,2019,foreign_population,Population by citizenship - foreigners
A,DE2009V,DE010C,2020,155000.0,e,,DE010C,DE,,2020,foreign_population,Population by citizenship - foreigners
A,DE2009V,DE010C,2022,148800.0,e,,DE010C,DE,,2022,foreign_population,Population by citizenship - foreigners
A,DE2009V,DE010C,2023,162300.0,e,,DE010C,DE,,2023,foreign_population,Population by citizenship - foreigners
A,DE2009V,DE011C,2015,174000.0,,,DE011C,DE,,2015,foreign_population,Population by citizenship - foreigners
A,DE2009V,DE011C,2016,182200.0,,,DE011C,DE,,2016,foreign_population,Population by citizenship - foreigners
A,DE2009V,DE011C,2017,156500.0,e,,DE011C,DE,,2017,foreign_population,Population by citizenship - foreigners
A,DE2009V,DE011C,2018,160600.0,e,,DE011C,DE,,2018,foreign_population,Population by citizenship - foreigners
A,DE2009V,DE011C,2019,164600.0,e,,DE011C,DE,,2019,foreign_population,Population by citizenship - foreigners
A,DE2009V,DE011C,2020,168800.0,e,,DE011C,DE,,2020,foreign_population,Population by citizenship - foreigners
A,DE2009V,DE011C,2021,4300.0,e,,DE011C,DE,,2021,foreign_population,Population by citizenship - foreigners
A,DE2009V,DE011C,2022,172100.0,e,,DE011C,DE,,2022,foreign_population,Population by citizenship - foreigners
A,DE2009V,DE011C,2023,206200.0,e,,DE011C,DE,,2023,foreign_population,Population by citizenship - foreigners
A,DE2009V,DE012C,2015,129200.0,,,DE012C,DE,,2015,foreign_population,Population by citizenship - foreigners
A,DE2009V,DE012C,2016,139600.0,,,DE012C,DE,,2016,foreign_population,Population by citizenship - foreigners
A,DE2009V,DE012C,2017,147200.0,e,,DE012C,DE,,2017,foreign_population,Population by citizenship - foreigners
A,DE2009V,DE012C,2018,150500.0,e,,DE012C,DE,,2018,foreign_population,Population by citizenship - foreigners
A,DE2009V,DE012C,2019,153200.0,e,,DE012C,DE,,2019,foreign_population,Population by citizenship - foreigners
A,DE2009V,DE012C,2020,153500.0,e,,DE012C,DE,,2020,foreign_population,Population by citizenship - foreigners
A,DE2009V,DE012C,2021,52200.0,e,,DE012C,DE,,2021,foreign_population,Population by citizenship - foreigners
A,DE2009V,DE012C,2022,153000.0,e,,DE012C,DE,,2022,foreign_population,Population by citizenship - foreigners
A,DE2009V,DE012C,2023,162800.0,e,,DE012C,DE,,2023,foreign_population,Population by citizenship - foreigners
A,DE2009V,DE013C,2019,149600.0,e,,DE013C,DE,,2019,foreign_population,Population by citizenship - foreigners
A,DE2009V,DE013C,2020,150000.0,e,,DE013C,DE,,2020,foreign_population,Population by citizenship - foreigners
A,DE2009V,DE013C,2021,150800.0,e,,DE013C,DE,,2021,foreign_population,Population by citizenship - foreigners
A,DE2009V,DE013C,2022,150100.0,e,,DE013C,DE,,2022,foreign_population,Population by citizenship - foreigners
A,DE2009V,DE013C,2023,138200.0,e,,DE013C,DE,,2023,foreign_population,Population by citizenship - foreigners
A,DE2009V,DE014C,2015,152200.0,,,DE014C,DE,,2015,foreign_population,Population by citizenship - foreigners
A,DE2009V,DE014C,2016,161900.0,,,DE014C,DE,,2016,foreign_population,Population by citizenship - foreigners
A,DE2009V,DE014C,2017,164600.0,e,,DE014C,DE,,2017,foreign_population,Population by citizenship - foreigners
A,DE2009V,DE014C,2018,168300.0,e,,DE014C,DE,,2018,foreign_population,Population by citizenship - foreigners
A,DE2009V,DE014C,2019,171700.0,e,,DE014C,DE,,2019,foreign_population,Population by citizenship - foreigners
A,DE2009V,DE014C,2021,32500.0,e,,DE014C,DE,,2021,foreign_population,Population by citizenship - foreigners
A,DE2009V,DE014C,2022,172400.0,e,,DE014C,DE,,2022,foreign_population,Population by citizenship - foreigners
A,DE2009V,DE014C,2023,185500.0,e,,DE014C,DE,,2023,foreign_population,Population by citizenship - foreigners
A,DE2009V,DE015C,2021,24900.0,e,,DE015C,DE,,2021,foreign_population,Population by citizenship - foreigners
A,DE2009V,DE016C,2015,86400.0,,,DE016C,DE,,2015,foreign_population,Population by citizenship - foreigners
A,DE2009V,DE016C,2016,90100.0,,,DE016C,DE,,2016,foreign_population,Population by citizenship - foreigners
A,DE2009V,DE016C,2017,90200.0,e,,DE016C,DE,,2017,foreign_population,Population by citizenship - foreigners
A,DE2009V,DE016C,2018,90500.0,e,,DE016C,DE,,2018,foreign_population,Population by citizenship - foreigners
A,DE2009V,DE016C,2019,91600.0,e,,DE016C,DE,,2019,foreign_population,Population by citizenship - foreigners
A,DE2009V,DE016C,2020,91100.0,e,,DE016C,DE,,2020,foreign_population,Population by citizenship - foreigners
A,DE2009V,DE016C,2021,33300.0,e,,DE016C,DE,,2021,foreign_population,Population by citizenship - foreigners
A,DE2009V,DE016C,2022,91500.0,e,,DE016C,DE,,2022,foreign_population,Population by citizenship - foreigners
A,DE2009V,DE016C,2023,96100.0,e,,DE016C,DE,,2023,foreign_population,Population by citizenship - foreigners
A,DE2009V,DE017C,2015,14200.0,,,DE017C,DE,,2015,foreign_population,Population by citizenship - foreigners
A,DE2009V,DE017C,2016,20100.0,,,DE017C,DE,,2016,foreign_population,Population by citizenship - foreigners
A,DE2009V,DE017C,2017,22900.0,e,,DE017C,DE,,2017,foreign_population,Population by citizenship - foreigners
A,DE2009V,DE017C,2018,31800.0,e,,DE017C,DE,,2018,foreign_population,Population by citizenship - foreigners
A,DE2009V,DE017C,2019,32000.0,e,,DE017C,DE,,2019,foreign_population,Population by citizenship - foreigners
A,DE2009V,DE017C,2020,32100.0,e,,DE017C,DE,,2020,foreign_population,Population by citizenship - foreigners
A,DE2009V,DE017C,2021,5100.0,e,,DE017C,DE,,2021,foreign_population,Population by citizenship - foreigners
A,DE2009V,DE017C,2022,33600.0,e,,DE017C,DE,,2022,foreign_population,Population by citizenship - foreigners
A,DE2009V,DE017C,2023,39400.0,e,,DE017C,DE,,2023,foreign_population,Population by citizenship - foreigners
A,DE2009V,DE018C,2015,22900.0,,,DE018C,DE,,2015,foreign_population,Population by citizenship - foreigners
A,DE2009V,DE018C,2016,24800.0,,,DE018C,DE,,2016,foreign_population,Population by citizenship - foreigners
A,DE2009V,DE018C,2017,29200.0,e,,DE018C,DE,,2017,foreign_population,Population by citizenship - foreigners
A,DE2009V,DE018C,2018,30500.0,e,,DE018C,DE,,2018,foreign_population,Population by citizenship - foreigners
A,DE2009V,DE018C,2019,31400.0,e,,DE018C,DE,,2019,foreign_population,Population by citizenship - foreigners
A,DE2009V,DE018C,2020,31800.0,e,,DE018C,DE,,2020,foreign_population,Population by citizenship - foreigners
A,DE2009V,DE018C,2021,150100.0,e,,DE018C,DE,,2021,foreign_population,Population by citizenship - foreigners
A,DE2009V,DE018C,2022,33200.0,e,,DE018C,DE,,2022,foreign_population,Population by citizenship - foreigners
A,DE2009V,DE018C,2023,38100.0,e,,DE018C,DE,,2023,foreign_population,Population by citizenship - foreigners
A,DE2009V,DE019C,2015,66600.0,,,DE019C,DE,,2015,foreign_population,Population by citizenship - foreigners
A,DE2009V,DE019C,2016,67400.0,,,DE019C,DE,,2016,foreign_population,Population by citizenship - foreigners
A,DE2009V,DE019C,2017,69300.0,e,,DE019C,DE,,2017,foreign_population,Population by citizenship - foreigners
A,DE2009V,DE019C,2018,72000.0,e,,DE019C,DE,,2018,foreign_population,Population by citizenship - foreigners
A,DE2009V,DE019C,2019,73900.0,e,,DE019C,DE,,2019,foreign_population,Population by citizenship - foreigners
A,DE2009V,DE019C,2020,75300.0,e,,DE019C,DE,,2020,foreign_population,Population by citizenship - foreigners
A,DE2009V,DE019C,2022,77600.0,e,,DE019C,DE,,2022,foreign_population,Population by citizenship - foreigners
A,DE2009V,DE019C,2023,81700.0,e,,DE019C,DE,,2023,foreign_population,Population by citizenship - foreigners
A,DE2009V,DE020C,2015,20600.0,,,DE020C,DE,,2015,foreign_population,Population by citizenship - foreigners
A,DE2009V,DE020C,2016,21700.0,,,DE020C,DE,,2016,foreign_population,Population by citizenship - foreigners
A,DE2009V,DE020C,2017,23000.0,e,,DE020C,DE,,2017,foreign_population,Population by citizenship - foreigners
A,DE2009V,DE020C,2018,23400.0,e,,DE020C,DE,,2018,foreign_population,Population by citizenship - foreigners
A,DE2009V,DE020C,2019,24000.0,e,,DE020C,DE,,2019,foreign_population,Population by citizenship - foreigners
A,DE2009V,DE020C,2020,24000.0,e,,DE020C,DE,,2020,foreign_population,Population by citizenship - foreigners
A,DE2009V,DE020C,2021,173300.0,e,,DE020C,DE,,2021,foreign_population,Population by citizenship - foreigners
A,DE2009V,DE021C,2015,32100.0,,,DE021C,DE,,2015,foreign_population,Population by citizenship - foreigners
A,DE2009V,DE021C,2016,34800.0,,,DE021C,DE,,2016,foreign_population,Population by citizenship - foreigners
A,DE2009V,DE021C,2017,36400.0,e,,DE021C,DE,,2017,foreign_population,Population by citizenship - foreigners
A,DE2009V,DE021C,2018,36700.0,e,,DE021C,DE,,2018,foreign_population,Population by citizenship - foreigners
A,DE2009V,DE021C,2022,38600.0,e,,DE021C,DE,,2022,foreign_population,Population by citizenship - foreigners
A,DE2009V,DE021C,2023,41300.0,e,,DE021C,DE,,2023,foreign_population,Population by citizenship - foreigners
A,DE2009V,DE022C,2015,19500.0,,,DE022C,DE,,2015,foreign_population,Population by citizenship - foreigners
A,DE2009V,DE022C,2016,21000.0,,,DE022C,DE,,2016,foreign_population,Population by citizenship - foreigners
A,DE2009V,DE022C,2017,20900.0,e,,DE022C,DE,,2017,foreign_population,Population by citizenship - foreigners
A,DE2009V,DE022C,2018,21100.0,e,,DE022C,DE,,2018,foreign_population,Population by citizenship - foreigners
A,DE2009V,DE022C,2019,21200.0,e,,DE022C,DE,,2019,foreign_population,Population by citizenship - foreigners
A,DE2009V,DE022C,2020,21400.0,e,,DE022C,DE,,2020,foreign_population,Population by citizenship - foreigners
A,DE2009V,DE022C,2022,22000.0,e,,DE022C,DE,,2022,foreign_population,Population by citizenship - foreigners
A,DE2009V,DE023C,2015,56700.0,,,DE023C,DE,,2015,foreign_population,Population by citizenship - foreigners
A,DE2009V,DE023C,2016,58900.0,,,DE023C,DE,,2016,foreign_population,Population by citizenship - foreigners
A,DE2009V,DE023C,2019,31300.0,e,,DE023C,DE,,2019,foreign_population,Population by citizenship - foreigners
A,DE2009V,DE023C,2021,22700.0,e,,DE023C,DE,,2021,foreign_population,Population by citizenship - foreigners
A,DE2009V,DE024C,2015,9600.0,,,DE024C,DE,,2015,foreign_population,Population by citizenship - foreigners
A,DE2009V,DE024C,2017,21900.0,e,,DE024C,DE,,2017,foreign_population,Population by citizenship - foreigners
A,DE2009V,DE024C,2018,22200.0,e,,DE024C,DE,,2018,foreign_population,Population by citizenship - foreigners
A,DE2009V,DE024C,2019,23000.0,e,,DE024C,DE,,2019,foreign_population,Population by citizenship - foreigners
A,DE2009V,DE024C,2020,24100.0,e,,DE024C,DE,,2020,foreign_population,Population by citizenship - foreigners
A,DE2009V,DE024C,2021,33500.0,e,,DE024C,DE,,2021,foreign_population,Population by citizenship - foreigners
A,DE2009V,DE024C,2022,24800.0,e,,DE024C,DE,,2022,foreign_population,Population by citizenship - foreigners
A,DE2009V,DE024C,2023,27500.0,e,,DE024C,DE,,2023,foreign_population,Population by citizenship - foreigners
A,DE2009V,DE025C,2015,49800.0,,,DE025C,DE,,2015,foreign_population,Population by citizenship - foreigners
A,DE2009V,DE025C,2016,53500.0,,,DE025C,DE,,2016,foreign_population,Population by citizenship - foreigners
A,DE2009V,DE025C,2017,54900.0,e,,DE025C,DE,,2017,foreign_population,Population by citizenship - foreigners
A,DE2009V,DE025C,2018,56100.0,e,,DE025C,DE,,2018,foreign_population,Population by citizenship - foreigners
A,DE2009V,DE025C,2019,56100.0,e,,DE025C,DE,,2019,foreign_population,Population by citizenship - foreigners
A,DE2009V,DE025C,2020,56400.0,e,,DE025C,DE,,2020,foreign_population,Population by citizenship - foreigners
A,DE2009V,DE025C,2021,143100.0,e,,DE025C,DE,,2021,foreign_population,Population by citizenship - foreigners
A,DE2009V,DE025C,2022,55900.0,e,,DE025C,DE,,2022,foreign_population,Population by citizenship - foreigners
A,DE2009V,DE025C,2023,59800.0,e,,DE025C,DE,,2023,foreign_population,Population by citizenship - foreigners
A,DE2009V,DE028C,2015,8800.0,,,DE028C,DE,,2015,foreign_population,Population by citizenship - foreigners
A,DE2009V,DE028C,2016,9600.0,,,DE028C,DE,,2016,foreign_population,Population by citizenship - foreigners
A,DE2009V,DE028C,2017,9000.0,e,,DE028C,DE,,2017,foreign_population,Population by citizenship - foreigners
A,DE2009V,DE028C,2018,9500.0,e,,DE028C,DE,,2018,foreign_population,Population by citizenship - foreigners
A,DE2009V,DE028C,2019,10000.0,e,,DE028C,DE,,2019,foreign_population,Population by citizenship - foreigners
A,DE2009V,DE028C,2020,10200.0,e,,DE028C,DE,,2020,foreign_population,Population by citizenship - foreigners
A,DE2009V,DE028C,2021,18600.0,e,,DE028C,DE,,2021,foreign_population,Population by citizenship - foreigners
A,DE2009V,DE028C,2022,10000.0,e,,DE028C,DE,,2022,foreign_population,Population by citizenship - foreigners
A,DE2009V,DE028C,2023,10900.0,e,,DE028C,DE,,2023,foreign_population,Population by citizenship - foreigners
A,DE2009V,DE029C,2020,10600.0,e,,DE029C,DE,,2020,foreign_population,Population by citizenship - foreigners
A,DE2009V,DE030C,2015,19600.0,,,DE030C,DE,,2015,foreign_population,Population by citizenship - foreigners
A,DE2009V,DE030C,2016,23000.0,,,DE030C,DE,,2016,foreign_population,Population by citizenship - foreigners
A,DE2009V,DE030C,2017,24000.0,e,,DE030C,DE,,2017,foreign_population,Population by citizenship - foreigners
A,DE2009V,DE030C,2018,25700.0,e,,DE030C,DE,,2018,foreign_population,Population by citizenship - foreigners
A,DE2009V,DE030C,2021,283100.0,e,,DE030C,DE,,2021,foreign_population,Population by citizenship - foreigners
A,DE2009V,DE030C,2022,24300.0,e,,DE030C,DE,,2022,foreign_population,Population by citizenship - foreigners
A,DE2009V,DE030C,2023,27800.0,e,,DE030C,DE,,2023,foreign_population,Population by citizenship - foreigners
A,DE2009V,DE031C,2015,86900.0,,,DE031C,DE,,2015,foreign_population,Population by citizenship - foreigners
A,DE2009V,DE031C,2016,90600.0,,,DE031C,DE,,2016,foreign_population,Population by citizenship - foreigners
A,DE2009V,DE031C,2017,93700.0,e,,DE031C,DE,,2017,foreign_population,Population by citizenship - foreigners
A,DE2009V,DE031C,2018,95900.0,e,,DE031C,DE,,2018,foreign_population,Population by citizenship - foreigners
A,DE2009V,DE031C,2019,97700.0,e,,DE031C,DE,,2019,foreign_population,Population by citizenship - foreigners
A,DE2009V,DE031C,2020,99300.0,e,,DE031C,DE,,2020,foreign_population,Population by citizenship - foreigners
A,DE2009V,DE031C,2021,55000.0,e,,DE031C,DE,,2021,foreign_population,Population by citizenship - foreigners
A,DE2009V,DE031C,2022,100100.0,e,,DE031C,DE,,2022,foreign_population,Population by citizenship - foreigners
A,DE2009V,DE031C,2023,105200.0,e,,DE031C,DE,,2023,foreign_population,Population by citizenship - foreigners
A,DE2009V,DE033C,2015,69500.0,,,DE033C,DE,,2015,foreign_population,Population by citizenship - foreigners
A,DE2009V,DE033C,2016,77100.0,,,DE033C,DE,,2016,foreign_population,Population by citizenship - foreigners
A,DE2009V,DE033C,2017,72800.0,e,,DE033C,DE,,2017,foreign_population,Population by citizenship - foreigners
A,DE2009V,DE033C,2018,73300.0,e,,DE033C,DE,,2018,foreign_population,Population by citizenship - foreigners
A,DE2009V,DE033C,2019,87800.0,e,,DE033C,DE,,2019,foreign_population,Population by citizenship - foreigners
A,DE2009V,DE033C,2020,86600.0,e,,DE033C,DE,,2020,foreign_population,Population by citizenship - foreigners
A,DE2009V,DE033C,2021,39100.0,e,,DE033C,DE,,2021,foreign_population,Population by citizenship - foreigners
A,DE2009V,DE033C,2022,83600.0,e,,DE033C,DE,,2022,foreign_population,Population by citizenship - foreigners
A,DE2009V,DE033C,2023,87300.0,e,,DE033C,DE,,2023,foreign_population,Population by citizenship - foreigners
A,DE2009V,DE034C,2015,52600.0,,,DE034C,DE,,2015,foreign_population,Population by citizenship - foreigners
A,DE2009V,DE034C,2016,56600.0,,,DE034C,DE,,2016,foreign_population,Population by citizenship - foreigners
A,DE2009V,DE034C,2017,59700.0,e,,DE034C,DE,,2017,foreign_population,Population by citizenship - foreigners
A,DE2009V,DE034C,2018,61900.0,e,,DE034C,DE,,2018,foreign_population,Population by citizenship - foreigners
A,DE2009V,DE034C,2019,62800.0,e,,DE034C,DE,,2019,foreign_population,Population by citizenship - foreigners
A,DE2009V,DE034C,2020,63700.0,e,,DE034C,DE,,2020,foreign_population,Population by citizenship - foreigners
A,DE2009V,DE034C,2021,56600.0,e,,DE034C,DE,,2021,foreign_population,Population by citizenship - foreigners
A,DE2009V,DE034C,2022,66500.0,e,,DE034C,DE,,2022,foreign_population,Population by citizenship - foreigners
A,DE2009V,DE034C,2023,71200.0,e,,DE034C,DE,,2023,foreign_population,Population by citizenship - foreigners
A,DE2009V,DE035C,2015,47500.0,,,DE035C,DE,,2015,foreign_population,Population by citizenship - foreigners
A,DE2009V,DE035C,2016,49800.0,,,DE035C,DE,,2016,foreign_population,Population by citizenship - foreigners
A,DE2009V,DE035C,2017,52800.0,e,,DE035C,DE,,2017,foreign_population,Population by citizenship - foreigners
A,DE2009V,DE035C,2018,53400.0,e,,DE035C,DE,,2018,foreign_population,Population by citizenship - foreigners
A,DE2009V,DE035C,2019,54400.0,e,,DE035C,DE,,2019,foreign_population,Population by citizenship - foreigners
A,DE2009V,DE035C,2020,54700.0,e,,DE035C,DE,,2020,foreign_population,Population by citizenship - foreigners
A,DE2009V,DE035C,2021,8600.0,e,,DE035C,DE,,2021,foreign_population,Population by citizenship - foreigners
A,DE2009V,DE035C,2022,54700.0,e,,DE035C,DE,,2022,foreign_population,Population by citizenship - foreigners
A,DE2009V,DE035C,2023,58300.0,e,,DE035C,DE,,2023,foreign_population,Population by citizenship - foreigners
A,DE2009V,DE036C,2015,34500.0,,,DE036C,DE,,2015,foreign_population,Population by citizenship - foreigners
A,DE2009V,DE036C,2016,38500.0,,,DE036C,DE,,2016,foreign_population,Population by citizenship - foreigners
A,DE2009V,DE036C,2017,41300.0,e,,DE036C,DE,,2017,foreign_population,Population by citizenship - foreigners
A,DE2009V,DE036C,2018,42200.0,e,,DE036C,DE,,2018,foreign_population,Population by citizenship - foreigners
A,DE2009V,DE036C,2019,49700.0,e,,DE036C,DE,,2019,foreign_population,Population by citizenship - foreigners
A,DE2009V,DE036C,2020,53800.0,e,,DE036C,DE,,2020,foreign_population,Population by citizenship - foreigners
A,DE2009V,DE036C,2022,50200.0,e,,DE036C,DE,,2022,foreign_population,Population by citizenship - foreigners
A,DE2009V,DE036C,2023,53000.0,e,,DE036C,DE,,2023,foreign_population,Population by citizenship - foreigners
A,DE2009V,DE037C,2015,36600.0,,,DE037C,DE,,2015,foreign_population,Population by citizenship - foreigners
A,DE2009V,DE037C,2016,40500.0,,,DE037C,DE,,2016,foreign_population,Population by citizenship - foreigners
A,DE2009V,DE037C,2017,44800.0,e,,DE037C,DE,,2017,foreign_population,Population by citizenship - foreigners
A,DE2009V,DE037C,2018,48200.0,e,,DE037C,DE,,2018,foreign_population,Population by citizenship - foreigners
A,DE2009V,DE037C,2019,50200.0,e,,DE037C,DE,,2019,foreign_population,Population by citizenship - foreigners
A,DE2009V,DE037C,2020,52100.0,e,,DE037C,DE,,2020,foreign_population,Population by citizenship - foreigners
A,DE2009V,DE037C,2021,27100.0,e,,DE037C,DE,,2021,foreign_population,Population by citizenship - foreigners
A,DE2009V,DE037C,2022,55200.0,e,,DE037C,DE,,2022,foreign_population,Population by citizenship - foreigners
A,DE2009V,DE037C,2023,66300.0,e,,DE037C,DE,,2023,foreign_population,Population by citizenship - foreigners
A,DE2009V,DE038C,2015,17900.0,,,DE038C,DE,,2015,foreign_population,Population by citizenship - foreigners
A,DE2009V,DE038C,2016,20000.0,,,DE038C,DE,,2016,foreign_population,Population by citizenship - foreigners
A,DE2009V,DE038C,2017,21900.0,e,,DE038C,DE,,2017,foreign_population,Population by citizenship - foreigners
A,DE2009V,DE038C,2018,23200.0,e,,DE038C,DE,,2018,foreign_population,Population by citizenship - foreigners
A,DE2009V,DE038C,2019,23800.0,e,,DE038C,DE,,2019,foreign_population,Population by citizenship - foreigners
A,DE2009V,DE038C,2023,29500.0,e,,DE038C,DE,,2023,foreign_population,Population by citizenship - foreigners
A,DE2009V,DE039C,2015,23900.0,,,DE039C,DE,,2015,foreign_population,Population by citizenship - foreigners
A,DE2009V,DE039C,2016,25000.0,,,DE039C,DE,,2016,foreign_population,Population by citizenship - foreigners
A,DE2009V,DE039C,2017,26100.0,e,,DE039C,DE,,2017,foreign_population,Population by citizenship - foreigners
A,DE2009V,DE039C,2018,26700.0,e,,DE039C,DE,,2018,foreign_population,Population by citizenship - foreigners
A,DE2009V,DE039C,2019,27400.0,e,,DE039C,DE,,2019,foreign_population,Population by citizenship - foreigners
A,DE2009V,DE039C,2020,27500.0,e,,DE039C,DE,,2020,foreign_population,Population by citizenship - foreigners
A,DE2009V,DE039C,2021,32600.0,e,,DE039C,DE,,2021,foreign_population,Population by citizenship - foreigners
A,DE2009V,DE039C,2022,28100.0,e,,DE039C,DE,,2022,foreign_population,Population by citizenship - foreigners
A,DE2009V,DE039C,2023,30500.0,e,,DE039C,DE,,2023,foreign_population,Population by citizenship - foreigners
A,DE2009V,DE040C,2019,17600.0,e,,DE040C,DE,,2019,foreign_population,Population by citizenship - foreigners
A,DE2009V,DE040C,2020,18200.0,e,,DE040C,DE,,2020,foreign_population,Population by citizenship - foreigners
A,DE2009V,DE040C,2023,22300.0,e,,DE040C,DE,,2023,foreign_population,Population by citizenship - foreigners
A,DE2009V,DE041C,2020,22300.0,e,,DE041C,DE,,2020,foreign_population,Population by citizenship - foreigners
A,DE2009V,DE041C,2023,26300.0,e,,DE041C,DE,,2023,foreign_population,Population by citizenship - foreigners
A,DE2009V,DE042C,2018,19300.0,e,,DE042C,DE,,2018,foreign_population,Population by citizenship - foreigners
A,DE2009V,DE042C,2019,19700.0,e,,DE042C,DE,,2019,foreign_population,Population by citizenship - foreigners
A,DE2009V,DE042C,2020,23000.0,e,,DE042C,DE,,2020,foreign_population,Population by citizenship - foreigners
A,DE2009V,DE043C,2017,35500.0,e,,DE043C,DE,,2017,foreign_population,Population by citizenship - foreigners
A,DE2009V,DE043C,2018,34400.0,e,,DE043C,DE,,2018,foreign_population,Population by citizenship - foreigners
A,DE2009V,DE043C,2019,24300.0,e,,DE043C,DE,,2019,foreign_population,Population by citizenship - foreigners
A,DE2009V,DE043C,2020,18500.0,e,,DE043C,DE,,2020,foreign_population,Population by citizenship - foreigners
A,DE2009V,DE043C,2021,38800.0,e,,DE043C,DE,,2021,foreign_population,Population by citizenship - foreigners
A,DE2009V,DE043C,2022,38700.0,e,,DE043C,DE,,2022,foreign_population,Population by citizenship - foreigners
A,DE2009V,DE043C,2023,36900.0,e,,DE043C,DE,,2023,foreign_population,Population by citizenship - foreigners
A,DE2009V,DE044C,2016,15700.0,,,DE044C,DE,,2016,foreign_population,Population by citizenship - foreigners
A,DE2009V,DE044C,2018,19400.0,e,,DE044C,DE,,2018,foreign_population,Population by citizenship - foreigners
A,DE2009V,DE045C,2015,9100.0,,,DE045C,DE,,2015,foreign_population,Population by citizenship - foreigners
A,DE2009V,DE045C,2016,10100.0,,,DE045C,DE,,2016,foreign_population,Population by citizenship - foreigners
A,DE2009V,DE045C,2017,13400.0,e,,DE045C,DE,,2017,foreign_population,Population by citizenship - foreigners
A,DE2009V,DE045C,2018,13800.0,e,,DE045C,DE,,2018,foreign_population,Population by citizenship - foreigners
A,DE2009V,DE045C,2019,14100.0,e,,DE045C,DE,,2019,foreign_population,Population by citizenship - foreigners
A,DE2009V,DE045C,2020,14300.0,e,,DE045C,DE,,2020,foreign_population,Population by citizenship - foreigners
A,DE2009V,DE045C,2021,46400.0,e,,DE045C,DE,,2021,foreign_population,Population by citizenship - foreigners
A,DE2009V,DE045C,2022,14200.0,e,,DE045C,DE,,2022,foreign_population,Population by citizenship - foreigners
A,DE2009V,DE045C,2023,15500.0,e,,DE045C,DE,,2023,foreign_population,Population by citizenship - foreigners
A,DE2009V,DE046C,2016,29100.0,,,DE046C,DE,,2016,foreign_population,Population by citizenship - foreigners
A,DE2009V,DE046C,2017,28900.0,e,,DE046C,DE,,2017,foreign_population,Population by citizenship - foreigners
A,DE2009V,DE046C,2018,29000.0,e,,DE046C,DE,,2018,foreign_population,Population by citizenship - foreigners
A,DE2009V,DE046C,2019,28000.0,e,,DE046C,DE,,2019,foreign_population,Population by citizenship - foreigners
A,DE2009V,DE046C,2020,28100.0,e,,DE046C,DE,,2020,foreign_population,Population by citizenship - foreigners
A,DE2009V,DE046C,2021,23500.0,e,,DE046C,DE,,2021,foreign_population,Population by citizenship - foreigners
A,DE2009V,DE046C,2023,29400.0,e,,DE046C,DE,,2023,foreign_population,Population by citizenship - foreigners
A,DE2009V,DE047C,2017,17000.0,e,,DE047C,DE,,2017,foreign_population,Population by citizenship - foreigners
A,DE2009V,DE047C,2018,18500.0,e,,DE047C,DE,,2018,foreign_population,Population by citizenship - foreigners
A,DE2009V,DE047C,2019,19300.0,e,,DE047C,DE,,2019,foreign_population,Population by citizenship - foreigners
A,DE2009V,DE047C,2020,19700.0,e,,DE047C,DE,,2020,foreign_population,Population by citizenship - foreigners
A,DE2009V,DE047C,2021,47300.0,e,,DE047C,DE,,2021,foreign_population,Population by citizenship - foreigners
A,DE2009V,DE047C,2022,19900.0,e,,DE047C,DE,,2022,foreign_population,Population by citizenship - foreigners
A,DE2009V,DE047C,2023,21300.0,e,,DE047C,DE,,2023,foreign_population,Population by citizenship - foreigners
A,DE2009V,DE048C,2015,26700.0,,,DE048C,DE,,2015,foreign_population,Population by citizenship - foreigners
A,DE2009V,DE048C,2016,29300.0,,,DE048C,DE,,2016,foreign_population,Population by citizenship - foreigners
A,DE2009V,DE048C,2017,28700.0,e,,DE048C,DE,,2017,foreign_population,Population by citizenship - foreigners
A,DE2009V,DE048C,2018,29100.0,e,,DE048C,DE,,2018,foreign_population,Population by citizenship - foreigners
A,DE2009V,DE048C,2019,29600.0,e,,DE048C,DE,,2019,foreign_population,Population by citizenship - foreigners
A,DE2009V,DE048C,2020,29800.0,e,,DE048C,DE,,2020,foreign_population,Population by citizenship - foreigners
A,DE2009V,DE048C,2021,16000.0,e,,DE048C,DE,,2021,foreign_population,Population by citizenship - foreigners
A,DE2009V,DE048C,2023,32100.0,e,,DE048C,DE,,2023,foreign_population,Population by citizenship - foreigners
A,DE2009V,DE049C,2016,14100.0,,,DE049C,DE,,2016,foreign_population,Population by citizenship - foreigners
A,DE2009V,DE049C,2023,28900.0,e,,DE049C,DE,,2023,foreign_population,Population by citizenship - foreigners
A,DE2009V,DE051C,2015,17100.0,,,DE051C,DE,,2015,foreign_population,Population by citizenship - foreigners
A,DE2009V,DE051C,2017,18700.0,e,,DE051C,DE,,2017,foreign_population,Population by citizenship - foreigners
A,DE2009V,DE051C,2018,19100.0,e,,DE051C,DE,,2018,foreign_population,Population by citizenship - foreigners
A,DE2009V,DE051C,2019,19500.0,e,,DE051C,DE,,2019,foreign_population,Population by citizenship - foreigners
A,DE2009V,DE051C,2020,19700.0,e,,DE051C,DE,,2020,foreign_population,Population by citizenship - foreigners
A,DE2009V,DE051C,2022,19800.0,e,,DE051C,DE,,2022,foreign_population,Population by citizenship - foreigners
A,DE2009V,DE051C,2023,21300.0,e,,DE051C,DE,,2023,foreign_population,Population by citizenship - foreigners
A,DE2009V,DE052C,2021,80500.0,e,,DE052C,DE,,2021,foreign_population,Population by citizenship - foreigners
A,DE2009V,DE052C,2022,16500.0,e,,DE052C,DE,,2022,foreign_population,Population by citizenship - foreigners
A,DE2009V,DE052C,2023,17400.0,e,,DE052C,DE,,2023,foreign_population,Population by citizenship - foreigners
A,DE2009V,DE053C,2015,1900.0,,,DE053C,DE,,2015,foreign_population,Population by citizenship - foreigners
A,DE2009V,DE053C,2016,2800.0,,,DE053C,DE,,2016,foreign_population,Population by citizenship - foreigners
A,DE2009V,DE053C,2017,3200.0,e,,DE053C,DE,,2017,foreign_population,Population by citizenship - foreigners
A,DE2009V,DE053C,2018,3600.0,e,,DE053C,DE,,2018,foreign_population,Population by citizenship - foreigners
A,DE2009V,DE053C,2019,4000.0,e,,DE053C,DE,,2019,foreign_population,Population by citizenship - foreigners
A,DE2009V,DE053C,2021,59300.0,e,,DE053C,DE,,2021,foreign_population,Population by citizenship - foreigners
A,DE2009V,DE053C,2022,4900.0,e,,DE053C,DE,,2022,foreign_population,Population by citizenship - foreigners
A,DE2009V,DE053C,2023,6400.0,e,,DE053C,DE,,2023,foreign_population,Population by citizenship - foreigners
A,DE2009V,DE056C,2015,12300.0,,,DE056C,DE,,2015,foreign_population,Population by citizenship - foreigners
A,DE2009V,DE056C,2016,12800.0,,,DE056C,DE,,2016,foreign_population,Population by citizenship - foreigners
A,DE2009V,DE056C,2017,13700.0,e,,DE056C,DE,,2017,foreign_population,Population by citizenship - foreigners
A,DE2009V,DE056C,2018,14500.0,e,,DE056C,DE,,2018,foreign_population,Population by citizenship - foreigners
A,DE2009V,DE056C,2019,14600.0,e,,DE056C,DE,,2019,foreign_population,Population by citizenship - foreigners
A,DE2009V,DE056C,2020,15600.0,e,,DE056C,DE,,2020,foreign_population,Population by citizenship - foreigners
A,DE2009V,DE056C,2021,68800.0,e,,DE056C,DE,,2021,foreign_population,Population by citizenship - foreigners
A,DE2009V,DE056C,2022,15100.0,e,,DE056C,DE,,2022,foreign_population,Population by citizenship - foreigners
A,DE2009V,DE056C,2023,16000.0,e,,DE056C,DE,,2023,foreign_population,Population by citizenship - foreigners
A,DE2009V,DE057C,2015,8500.0,,,DE057C,DE,,2015,foreign_population,Population by citizenship - foreigners
A,DE2009V,DE057C,2016,9800.0,,,DE057C,DE,,2016,foreign_population,Population by citizenship - foreigners
A,DE2009V,DE057C,2017,10100.0,e,,DE057C,DE,,2017,foreign_population,Population by citizenship - foreigners
A,DE2009V,DE057C,2018,10700.0,e,,DE057C,DE,,2018,foreign_population,Population by citizenship - foreigners
A,DE2009V,DE057C,2019,10700.0,e,,DE057C,DE,,2019,foreign_population,Population by citizenship - foreigners
A,DE2009V,DE057C,2020,11000.0,e,,DE057C,DE,,2020,foreign_population,Population by citizenship - foreigners
A,DE2009V,DE058C,2015,15300.0,,,DE058C,DE,,2015,foreign_population,Population by citizenship - foreigners
A,DE2009V,DE058C,2016,16000.0,,,DE058C,DE,,2016,foreign_population,Population by citizenship - foreigners
A,DE2009V,DE058C,2017,16400.0,e,,DE058C,DE,,2017,foreign_population,Population by citizenship - foreigners
A,DE2009V,DE058C,2018,16900.0,e,,DE058C,DE,,2018,foreign_population,Population by citizenship - foreigners
A,DE2009V,DE058C,2019,17800.0,e,,DE058C,DE,,2019,foreign_population,Population by citizenship - foreigners
A,DE2009V,DE058C,2020,17800.0,e,,DE058C,DE,,2020,foreign_population,Population by citizenship - foreigners
A,DE2009V,DE058C,2021,26800.0,e,,DE058C,DE,,2021,foreign_population,Population by citizenship - foreigners
A,DE2009V,DE058C,2022,21000.0,e,,DE058C,DE,,2022,foreign_population,Population by citizenship - foreigners
A,DE2009V,DE058C,2023,20500.0,e,,DE058C,DE,,2023,foreign_population,Population by citizenship - foreigners
A,DE2009V,DE061C,2017,4000.0,e,,DE061C,DE,,2017,foreign_population,Population by citizenship - foreigners
A,DE2009V,DE061C,2018,4400.0,e,,DE061C,DE,,2018,foreign_population,Population by citizenship - foreigners
A,DE2009V,DE061C,2019,4400.0,e,,DE061C,DE,,2019,foreign_population,Population by citizenship - foreigners
A,DE2009V,DE061C,2020,4300.0,e,,DE061C,DE,,2020,foreign_population,Population by citizenship - foreigners
A,DE2009V,DE061C,2023,6400.0,e,,DE061C,DE,,2023,foreign_population,Population by citizenship - foreigners
A,DE2009V,DE062C,2015,17100.0,,,DE062C,DE,,2015,foreign_population,Population by citizenship - foreigners
A,DE2009V,DE063C,2015,13100.0,,,DE063C,DE,,2015,foreign_population,Population by citizenship - foreigners
A,DE2009V,DE063C,2016,14400.0,,,DE063C,DE,,2016,foreign_population,Population by citizenship - foreigners
A,DE2009V,DE063C,2017,17900.0,e,,DE063C,DE,,2017,foreign_population,Population by citizenship - foreigners
A,DE2009V,DE064C,2016,18300.0,,,DE064C,DE,,2016,foreign_population,Population by citizenship - foreigners
A,DE2009V,DE065C,2015,21300.0,,,DE065C,DE,,2015,foreign_population,Population by citizenship - foreigners
A,DE2009V,DE065C,2016,22800.0,,,DE065C,DE,,2016,foreign_population,Population by citizenship - foreigners
A,DE2009V,DE065C,2017,23000.0,e,,DE065C,DE,,2017,foreign_population,Population by citizenship - foreigners
A,DE2009V,DE065C,2019,23500.0,e,,DE065C,DE,,2019,foreign_population,Population by citizenship - foreigners
A,DE2009V,DE065C,2020,23200.0,e,,DE065C,DE,,2020,foreign_population,Population by citizenship - foreigners
A,DE2009V,DE065C,2021,279100.0,e,,DE065C,DE,,2021,foreign_population,Population by citizenship - foreigners
A,DE2009V,DE065C,2023,24500.0,e,,DE065C,DE,,2023,foreign_population,Population by citizenship - foreigners
A,DE2009V,DE066C,2018,17200.0,e,,DE066C,DE,,2018,foreign_population,Population by citizenship - foreigners
A,DE2009V,DE066C,2019,17800.0,e,,DE066C,DE,,2019,foreign_population,Population by citizenship - foreigners
A,DE2009V,DE066C,2020,17900.0,e,,DE066C,DE,,2020,foreign_population,Population by citizenship - foreigners
A,DE2009V,DE066C,2021,19600.0,e,,DE066C,DE,,2021,foreign_population,Population by citizenship - foreigners
A,DE2009V,DE066C,2022,18300.0,e,,DE066C,DE,,2022,foreign_population,Population by citizenship - foreigners
A,DE2009V,DE066C,2023,19400.0,e,,DE066C,DE,,2023,foreign_population,Population by citizenship - foreigners
A,DE2009V,DE068C,2021,60000.0,e,,DE068C,DE,,2021,foreign_population,Population by citizenship - foreigners
A,DE2009V,DE070C,2019,17800.0,e,,DE070C,DE,,2019,foreign_population,Population by citizenship - foreigners
A,DE2009V,DE070C,2023,19200.0,e,,DE070C,DE,,2023,foreign_population,Population by citizenship - foreigners
A,DE2009V,DE071C,2019,7700.0,e,,DE071C,DE,,2019,foreign_population,Population by citizenship - foreigners
A,DE2009V,DE071C,2020,7900.0,e,,DE071C,DE,,2020,foreign_population,Population by citizenship - foreigners
A,DE2009V,DE071C,2021,41800.0,e,,DE071C,DE,,2021,foreign_population,Population by citizenship - foreigners
A,DE2009V,DE072C,2023,17700.0,e,,DE072C,DE,,2023,foreign_population,Population by citizenship - foreigners
A,DE2009V,DE073C,2021,27400.0,e,,DE073C,DE,,2021,foreign_population,Population by citizenship - foreigners
A,DE2009V,DE074C,2021,57300.0,e,,DE074C,DE,,2021,foreign_population,Population by citizenship - foreigners
A,DE2009V,DE075C,2021,32800.0,e,,DE075C,DE,,2021,foreign_population,Population by citizenship - foreigners
A,DE2009V,DE079C,2015,2300.0,,,DE079C,DE,,2015,foreign_population,Population by citizenship - foreigners
A,DE2009V,DE079C,2016,4100.0,,,DE079C,DE,,2016,foreign_population,Population by citizenship - foreigners
A,DE2009V,DE079C,2017,4500.0,e,,DE079C,DE,,2017,foreign_population,Population by citizenship - foreigners
A,DE2009V,DE079C,2018,4900.0,e,,DE079C,DE,,2018,foreign_population,Population by citizenship - foreigners
A,DE2009V,DE079C,2019,5000.0,e,,DE079C,DE,,2019,foreign_population,Population by citizenship - foreigners
A,DE2009V,DE079C,2020,5000.0,e,,DE079C,DE,,2020,foreign_population,Population by citizenship - foreigners
A,DE2009V,DE079C,2021,53400.0,e,,DE079C,DE,,2021,foreign_population,Population by citizenship - foreigners
A,DE2009V,DE079C,2022,5300.0,e,,DE079C,DE,,2022,foreign_population,Population by citizenship - foreigners
A,DE2009V,DE079C,2023,7300.0,e,,DE079C,DE,,2023,foreign_population,Population by citizenship - foreigners
A,DE2009V,DE080C,2015,114300.0,,,DE080C,DE,,2015,foreign_population,Population by citizenship - foreigners
A,DE2009V,DE080C,2016,152200.0,,,DE080C,DE,,2016,foreign_population,Population by citizenship - foreigners
A,DE2009V,DE080C,2017,158300.0,e,,DE080C,DE,,2017,foreign_population,Population by citizenship - foreigners
A,DE2009V,DE080C,2018,157300.0,e,,DE080C,DE,,2018,foreign_population,Population by citizenship - foreigners
A,DE2009V,DE080C,2019,153500.0,e,,DE080C,DE,,2019,foreign_population,Population by citizenship - foreigners
A,DE2009V,DE080C,2020,158400.0,e,,DE080C,DE,,2020,foreign_population,Population by citizenship - foreigners
A,DE2009V,DE080C,2021,102300.0,e,,DE080C,DE,,2021,foreign_population,Population by citizenship - foreigners
A,DE2009V,DE080C,2023,165600.0,e,,DE080C,DE,,2023,foreign_population,Population by citizenship - foreigners
A,DE2009V,DE081C,2015,91500.0,,,DE081C,DE,,2015,foreign_population,Population by citizenship - foreigners
A,DE2009V,DE081C,2016,97600.0,,,DE081C,DE,,2016,foreign_population,Population by citizenship - foreigners
A,DE2009V,DE081C,2017,96900.0,e,,DE081C,DE,,2017,foreign_population,Population by citizenship - foreigners
A,DE2009V,DE081C,2018,98500.0,e,,DE081C,DE,,2018,foreign_population,Population by citizenship - foreigners
A,DE2009V,DE081C,2019,99000.0,e,,DE081C,DE,,2019,foreign_population,Population by citizenship - foreigners
A,DE2009V,DE081C,2020,100300.0,e,,DE081C,DE,,2020,foreign_population,Population by citizenship - foreigners
A,DE2009V,DE081C,2021,64500.0,e,,DE081C,DE,,2021,foreign_population,Population by citizenship - foreigners
A,DE2009V,DE081C,2022,101900.0,e,,DE081C,DE,,2022,foreign_population,Population by citizenship - foreigners
A,DE2009V,DE081C,2023,107100.0,e,,DE081C,DE,,2023,foreign_population,Population by citizenship - foreigners
A,DE2009V,DE082C,2016,66400.0,,,DE082C,DE,,2016,foreign_population,Population by citizenship - foreigners
A,DE2009V,DE082C,2018,52100.0,e,,DE082C,DE,,2018,foreign_population,Population by citizenship - foreigners
A,DE2009V,DE082C,2019,65000.0,e,,DE082C,DE,,2019,foreign_population,Population by citizenship - foreigners
A,DE2009V,DE082C,2020,67000.0,e,,DE082C,DE,,2020,foreign_population,Population by citizenship - foreigners
A,DE2009V,DE082C,2021,468900.0,e,,DE082C,DE,,2021,foreign_population,Population by citizenship - foreigners
A,DE2009V,DE082C,2022,59700.0,e,,DE082C,DE,,2022,foreign_population,Population by citizenship - foreigners
A,DE2009V,DE082C,2023,63800.0,e,,DE082C,DE,,2023,foreign_population,Population by citizenship - foreigners
A,DE2009V,DE084C,2015,14100.0,,,DE084C,DE,,2015,foreign_population,Population by citizenship - foreigners
A,DE2009V,DE084C,2016,20300.0,,,DE084C,DE,,2016,foreign_population,Population by citizenship - foreigners
A,DE2009V,DE084C,2017,19900.0,e,,DE084C,DE,,2017,foreign_population,Population by citizenship - foreigners
A,DE2009V,DE084C,2018,22500.0,e,,DE084C,DE,,2018,foreign_population,Population by citizenship - foreigners
A,DE2009V,DE084C,2019,24400.0,e,,DE084C,DE,,2019,foreign_population,Population by citizenship - foreigners
A,DE2009V,DE084C,2020,25000.0,e,,DE084C,DE,,2020,foreign_population,Population by citizenship - foreigners
A,DE2009V,DE084C,2022,26300.0,e,,DE084C,DE,,2022,foreign_population,Population by citizenship - foreigners
A,DE2009V,DE084C,2023,33300.0,e,,DE084C,DE,,2023,foreign_population,Population by citizenship - foreigners
A,DE2009V,DE085C,2015,48300.0,,,DE085C,DE,,2015,foreign_population,Population by citizenship - foreigners
A,DE2009V,DE085C,2016,51500.0,,,DE085C,DE,,2016,foreign_population,Population by citizenship - foreigners
A,DE2009V,DE085C,2017,49600.0,e,,DE085C,DE,,2017,foreign_population,Population by citizenship - foreigners
A,DE2009V,DE085C,2018,50000.0,e,,DE085C,DE,,2018,foreign_population,Population by citizenship - foreigners
A,DE2009V,DE085C,2019,50700.0,e,,DE085C,DE,,2019,foreign_population,Population by citizenship - foreigners
A,DE2009V,DE085C,2020,51900.0,e,,DE085C,DE,,2020,foreign_population,Population by citizenship - foreigners
A,DE2009V,DE085C,2023,55700.0,e,,DE085C,DE,,2023,foreign_population,Population by citizenship - foreigners
A,DE2009V,DE086C,2017,62000.0,e,,DE086C,DE,,2017,foreign_population,Population by citizenship - foreigners
A,DE2009V,DE086C,2023,75800.0,e,,DE086C,DE,,2023,foreign_population,Population by citizenship - foreigners
A,DE2009V,DE087C,2015,49200.0,,,DE087C,DE,,2015,foreign_population,Population by citizenship - foreigners
A,DE2009V,DE087C,2016,52100.0,,,DE087C,DE,,2016,foreign_population,Population by citizenship - foreigners
A,DE2009V,DE087C,2017,54000.0,e,,DE087C,DE,,2017,foreign_population,Population by citizenship - foreigners
A,DE2009V,DE087C,2018,54900.0,e,,DE087C,DE,,2018,foreign_population,Population by citizenship - foreigners
A,DE2009V,DE087C,2019,56300.0,e,,DE087C,DE,,2019,foreign_population,Population by citizenship - foreigners
A,DE2009V,DE087C,2020,59200.0,e,,DE087C,DE,,2020,foreign_population,Population by citizenship - foreigners
A,DE2009V,DE087C,2022,59000.0,e,,DE087C,DE,,2022,foreign_population,Population by citizenship - foreigners
A,DE2009V,DE088C,2015,36200.0,,,DE088C,DE,,2015,foreign_population,Population by citizenship - foreigners
A,DE2009V,DE088C,2017,40100.0,e,,DE088C,DE,,2017,foreign_population,Population by citizenship - foreigners
A,DE2009V,DE088C,2018,41000.0,e,,DE088C,DE,,2018,foreign_population,Population by citizenship - foreigners
A,DE2009V,DE088C,2021,177100.0,e,,DE088C,DE,,2021,foreign_population,Population by citizenship - foreigners
A,DE2009V,DE088C,2023,44600.0,e,,DE088C,DE,,2023,foreign_population,Population by citizenship - foreigners
A,DE2009V,DE089C,2015,35200.0,,,DE089C,DE,,2015,foreign_population,Population by citizenship - foreigners
A,DE2009V,DE089C,2016,37700.0,,,DE089C,DE,,2016,foreign_population,Population by citizenship - foreigners
A,DE2009V,DE089C,2017,39100.0,e,,DE089C,DE,,2017,foreign_population,Population by citizenship - foreigners
A,DE2009V,DE089C,2018,39500.0,e,,DE089C,DE,,2018,foreign_population,Population by citizenship - foreigners
A,DE2009V,DE089C,2019,40000.0,e,,DE089C,DE,,2019,foreign_population,Population by citizenship - foreigners
A,DE2009V,DE089C,2021,40000.0,e,,DE089C,DE,,2021,foreign_population,Population by citizenship - foreigners
A,DE2009V,DE089C,2022,41500.0,e,,DE089C,DE,,2022,foreign_population,Population by citizenship - foreigners
A,DE2009V,DE089C,2023,45200.0,e,,DE089C,DE,,2023,foreign_population,Population by citizenship - foreigners
A,DE2009V,DE090C,2023,53600.0,e,,DE090C,DE,,2023,foreign_population,Population by citizenship - foreigners
A,DE2009V,DE091C,2015,50100.0,,,DE091C,DE,,2015,foreign_population,Population by citizenship - foreigners
A,DE2009V,DE091C,2016,53400.0,,,DE091C,DE,,2016,foreign_population,Population by citizenship - foreigners
A,DE2009V,DE091C,2017,55000.0,e,,DE091C,DE,,2017,foreign_population,Population by citizenship - foreigners
A,DE2009V,DE091C,2018,57000.0,e,,DE091C,DE,,2018,foreign_population,Population by citizenship - foreigners
A,DE2009V,DE091C,2019,58300.0,e,,DE091C,DE,,2019,foreign_population,Population by citizenship - foreigners
A,DE2009V,DE091C,2020,59100.0,e,,DE091C,DE,,2020,foreign_population,Population by citizenship - foreigners
A,DE2009V,DE091C,2022,59000.0,e,,DE091C,DE,,2022,foreign_population,Population by citizenship - foreigners
A,DE2009V,DE091C,2023,63400.0,e,,DE091C,DE,,2023,foreign_population,Population by citizenship - foreigners
A,DE2009V,DE093C,2015,32200.0,,,DE093C,DE,,2015,foreign_population,Population by citizenship - foreigners
A,DE2009V,DE093C,2016,34700.0,,,DE093C,DE,,2016,foreign_population,Population by citizenship - foreigners
A,DE2009V,DE093C,2017,36400.0,e,,DE093C,DE,,2017,foreign_population,Population by citizenship - foreigners
A,DE2009V,DE093C,2018,37100.0,e,,DE093C,DE,,2018,foreign_population,Population by citizenship - foreigners
A,DE2009V,DE093C,2019,37600.0,e,,DE093C,DE,,2019,foreign_population,Population by citizenship - foreigners
A,DE2009V,DE094C,2015,33800.0,,,DE094C,DE,,2015,foreign_population,Population by citizenship - foreigners
A,DE2009V,DE094C,2016,35900.0,,,DE094C,DE,,2016,foreign_population,Population by citizenship - foreigners
A,DE2009V,DE094C,2017,36500.0,e,,DE094C,DE,,2017,foreign_population,Population by citizenship - foreigners
A,DE2009V,DE094C,2018,37300.0,e,,DE094C,DE,,2018,foreign_population,Population by citizenship - foreigners
A,DE2009V,DE094C,2019,37400.0,e,,DE094C,DE,,2019,foreign_population,Population by citizenship - foreigners
A,DE2009V,DE094C,2020,37400.0,e,,DE094C,DE,,2020,foreign_population,Population by citizenship - foreigners
A,DE2009V,DE094C,2021,17900.0,e,,DE094C,DE,,2021,foreign_population,Population by citizenship - foreigners
A,DE2009V,DE094C,2022,37400.0,e,,DE094C,DE,,2022,foreign_population,Population by citizenship - foreigners
A,DE2009V,DE094C,2023,39400.0,e,,DE094C,DE,,2023,foreign_population,Population by citizenship - foreigners
A,DE2009V,DE095C,2015,36300.0,,,DE095C,DE,,2015,foreign_population,Population by citizenship - foreigners
A,DE2009V,DE095C,2018,49200.0,e,,DE095C,DE,,2018,foreign_population,Population by citizenship - foreigners
A,DE2009V,DE095C,2019,50300.0,e,,DE095C,DE,,2019,foreign_population,Population by citizenship - foreigners
A,DE2009V,DE095C,2020,51100.0,e,,DE095C,DE,,2020,foreign_population,Population by citizenship - foreigners
A,DE2009V,DE095C,2022,52400.0,e,,DE095C,DE,,2022,foreign_population,Population by citizenship - foreigners
A,DE2009V,DE095C,2023,43300.0,e,,DE095C,DE,,2023,foreign_population,Population by citizenship - foreigners
A,DE2009V,DE096C,2021,28500.0,e,,DE096C,DE,,2021,foreign_population,Population by citizenship - foreigners
A,DE2009V,DE096C,2022,58100.0,e,,DE096C,DE,,2022,foreign_population,Population by citizenship - foreigners
A,DE2009V,DE096C,2023,60800.0,e,,DE096C,DE,,2023,foreign_population,Population by citizenship - foreigners
A,DE2009V,DE097C,2021,33800.0,e,,DE097C,DE,,2021,foreign_population,Population by citizenship - foreigners
A,DE2009V,DE098C,2015,21500.0,,,DE098C,DE,,2015,foreign_population,Population by citizenship - foreigners
A,DE2009V,DE098C,2016,24300.0,,,DE098C,DE,,2016,foreign_population,Population by citizenship - foreigners
A,DE2009V,DE098C,2017,25100.0,e,,DE098C,DE,,2017,foreign_population,Population by citizenship - foreigners
A,DE2009V,DE098C,2018,26200.0,e,,DE098C,DE,,2018,foreign_population,Population by citizenship - foreigners
A,DE2009V,DE098C,2019,27100.0,e,,DE098C,DE,,2019,foreign_population,Population by citizenship - foreigners
A,DE2009V,DE098C,2020,28000.0,e,,DE098C,DE,,2020,foreign_population,Population by citizenship - foreigners
A,DE2009V,DE098C,2021,25100.0,e,,DE098C,DE,,2021,foreign_population,Population by citizenship - foreigners
A,DE2009V,DE098C,2022,29600.0,e,,DE098C,DE,,2022,foreign_population,Population by citizenship - foreigners
A,DE2009V,DE098C,2023,32300.0,e,,DE098C,DE,,2023,foreign_population,Population by citizenship - foreigners
A,DE2009V,DE100C,2015,42800.0,,,DE100C,DE,,2015,foreign_population,Population by citizenship - foreigners
A,DE2009V,DE100C,2017,47000.0,e,,DE100C,DE,,2017,foreign_population,Population by citizenship - foreigners
A,DE2009V,DE100C,2018,47300.0,e,,DE100C,DE,,2018,foreign_population,Population by citizenship - foreigners
A,DE2009V,DE100C,2019,47100.0,e,,DE100C,DE,,2019,foreign_population,Population by citizenship - foreigners
A,DE2009V,DE100C,2020,46700.0,e,,DE100C,DE,,2020,foreign_population,Population by citizenship - foreigners
A,DE2009V,DE100C,2021,32200.0,e,,DE100C,DE,,2021,foreign_population,Population by citizenship - foreigners
A,DE2009V,DE100C,2022,43800.0,e,,DE100C,DE,,2022,foreign_population,Population by citizenship - foreigners
A,DE2009V,DE100C,2023,47300.0,e,,DE100C,DE,,2023,foreign_population,Population by citizenship - foreigners
A,DE2009V,DE101C,2021,30500.0,e,,DE101C,DE,,2021,foreign_population,Population by citizenship - foreigners
A,DE2009V,DE101C,2023,40800.0,e,,DE101C,DE,,2023,foreign_population,Population by citizenship - foreigners
A,DE2009V,DE102C,2015,25900.0,,,DE102C,DE,,2015,foreign_population,Population by citizenship - foreigners
A,DE2009V,DE102C,2016,26600.0,,,DE102C,DE,,2016,foreign_population,Population by citizenship - foreigners
A,DE2009V,DE102C,2017,27700.0,e,,DE102C,DE,,2017,foreign_population,Population by citizenship - foreigners
A,DE2009V,DE102C,2018,28600.0,e,,DE102C,DE,,2018,foreign_population,Population by citizenship - foreigners
A,DE2009V,DE102C,2019,29300.0,e,,DE102C,DE,,2019,foreign_population,Population by citizenship - foreigners
A,DE2009V,DE102C,2020,29300.0,e,,DE102C,DE,,2020,foreign_population,Population by citizenship - foreigners
A,DE2009V,DE102C,2021,18100.0,e,,DE102C,DE,,2021,foreign_population,Population by citizenship - foreigners
A,DE2009V,DE102C,2022,29400.0,e,,DE102C,DE,,2022,foreign_population,Population by citizenship - foreigners
A,DE2009V,DE102C,2023,31100.0,e,,DE102C,DE,,2023,foreign_population,Population by citizenship - foreigners
A,DE2009V,DE103C,2021,17600.0,e,,DE103C,DE,,2021,foreign_population,Population by citizenship - foreigners
A,DE2009V,DE104C,2015,35400.0,,,DE104C,DE,,2015,foreign_population,Population by citizenship - foreigners
A,DE2009V,DE104C,2016,36700.0,,,DE104C,DE,,2016,foreign_population,Population by citizenship - foreigners
A,DE2009V,DE104C,2017,36800.0,e,,DE104C,DE,,2017,foreign_population,Population by citizenship - foreigners
A,DE2009V,DE104C,2018,36800.0,e,,DE104C,DE,,2018,foreign_population,Population by citizenship - foreigners
A,DE2009V,DE104C,2019,37200.0,e,,DE104C,DE,,2019,foreign_population,Population by citizenship - foreigners
A,DE2009V,DE104C,2020,37400.0,e,,DE104C,DE,,2020,foreign_population,Population by citizenship - foreigners
A,DE2009V,DE104C,2021,53600.0,e,,DE104C,DE,,2021,foreign_population,Population by citizenship - foreigners
A,DE2009V,DE104C,2022,37000.0,e,,DE104C,DE,,2022,foreign_population,Population by citizenship - foreigners
A,DE2009V,DE104C,2023,39300.0,e,,DE104C,DE,,2023,foreign_population,Population by citizenship - foreigners
A,DE2009V,DE105C,2015,26100.0,,,DE105C,DE,,2015,foreign_population,Population by citizenship - foreigners
A,DE2009V,DE105C,2016,30100.0,,,DE105C,DE,,2016,foreign_population,Population by citizenship - foreigners
A,DE2009V,DE105C,2017,30100.0,e,,DE105C,DE,,2017,foreign_population,Population by citizenship - foreigners
A,DE2009V,DE105C,2018,30900.0,e,,DE105C,DE,,2018,foreign_population,Population by citizenship - foreigners
A,DE2009V,DE105C,2019,31700.0,e,,DE105C,DE,,2019,foreign_population,Population by citizenship - foreigners
A,DE2009V,DE105C,2020,32000.0,e,,DE105C,DE,,2020,foreign_population,Population by citizenship - foreigners
A,DE2009V,DE105C,2021,29800.0,e,,DE105C,DE,,2021,foreign_population,Population by citizenship - foreigners
A,DE2009V,DE105C,2022,32800.0,e,,DE105C,DE,,2022,foreign_population,Population by citizenship - foreigners
A,DE2009V,DE105C,2023,35200.0,e,,DE105C,DE,,2023,foreign_population,Population by citizenship - foreigners
A,DE2009V,DE106C,2023,15600.0,e,,DE106C,DE,,2023,foreign_population,Population by citizenship - foreigners
A,DE2009V,DE107C,2023,50100.0,e,,DE107C,DE,,2023,foreign_population,Population by citizenship - foreigners
A,DE2009V,DE108C,2018,27800.0,e,,DE108C,DE,,2018,foreign_population,Population by citizenship - foreigners
A,DE2009V,DE108C,2022,29000.0,e,,DE108C,DE,,2022,foreign_population,Population by citizenship - foreigners
A,DE2009V,DE108C,2023,30400.0,e,,DE108C,DE,,2023,foreign_population,Population by citizenship - foreigners
A,DE2009V,DE109C,2015,50000.0,,,DE109C,DE,,2015,foreign_population,Population by citizenship - foreigners
A,DE2009V,DE109C,2016,52600.0,,,DE109C,DE,,2016,foreign_population,Population by citizenship - foreigners
A,DE2009V,DE109C,2017,53200.0,e,,DE109C,DE,,2017,foreign_population,Population by citizenship - foreigners
A,DE2009V,DE109C,2018,54800.0,e,,DE109C,DE,,2018,foreign_population,Population by citizenship - foreigners
A,DE2009V,DE109C,2019,56400.0,e,,DE109C,DE,,2019,foreign_population,Population by citizenship - foreigners
A,DE2009V,DE109C,2020,57800.0,e,,DE109C,DE,,2020,foreign_population,Population by citizenship - foreigners
A,DE2009V,DE109C,2021,21600.0,e,,DE109C,DE,,2021,foreign_population,Population by citizenship - foreigners
A,DE2009V,DE109C,2022,58900.0,e,,DE109C,DE,,2022,foreign_population,Population by citizenship - foreigners
A,DE2009V,DE109C,2023,61500.0,e,,DE109C,DE,,2023,foreign_population,Population by citizenship - foreigners
A,DE2009V,DE110C,2015,31900.0,,,DE110C,DE,,2015,foreign_population,Population by citizenship - foreigners
A,DE2009V,DE110C,2016,33200.0,,,DE110C,DE,,2016,foreign_population,Population by citizenship - foreigners
A,DE2009V,DE110C,2017,34500.0,e,,DE110C,DE,,2017,foreign_population,Population by citizenship - foreigners
A,DE2009V,DE110C,2018,35500.0,e,,DE110C,DE,,2018,foreign_population,Population by citizenship - foreigners
A,DE2009V,DE110C,2019,36200.0,e,,DE110C,DE,,2019,foreign_population,Population by citizenship - foreigners
A,DE2009V,DE110C,2021,38200.0,e,,DE110C,DE,,2021,foreign_population,Population by citizenship - foreigners
A,DE2009V,DE110C,2022,54400.0,e,,DE110C,DE,,2022,foreign_population,Population by citizenship - foreigners
A,DE2009V,DE112C,2015,41000.0,,,DE112C,DE,,2015,foreign_population,Population by citizenship - foreigners
A,DE2009V,DE112C,2016,42100.0,,,DE112C,DE,,2016,foreign_population,Population by citizenship - foreigners
A,DE2009V,DE112C,2017,43300.0,e,,DE112C,DE,,2017,foreign_population,Population by citizenship - foreigners
A,DE2009V,DE112C,2018,44700.0,e,,DE112C,DE,,2018,foreign_population,Population by citizenship - foreigners
A,DE2009V,DE112C,2019,46000.0,e,,DE112C,DE,,2019,foreign_population,Population by citizenship - foreigners
A,DE2009V,DE112C,2020,46400.0,e,,DE112C,DE,,2020,foreign_population,Population by citizenship - foreigners
A,DE2009V,DE112C,2022,47200.0,e,,DE112C,DE,,2022,foreign_population,Population by citizenship - foreigners
A,DE2009V,DE112C,2023,68300.0,e,,DE112C,DE,,2023,foreign_population,Population by citizenship - foreigners
A,DE2009V,DE113C,2016,8200.0,,,DE113C,DE,,2016,foreign_population,Population by citizenship - foreigners
A,DE2009V,DE113C,2017,7800.0,e,,DE113C,DE,,2017,foreign_population,Population by citizenship - foreigners
A,DE2009V,DE113C,2018,8600.0,e,,DE113C,DE,,2018,foreign_population,Population by citizenship - foreigners
A,DE2009V,DE113C,2019,8800.0,e,,DE113C,DE,,2019,foreign_population,Population by citizenship - foreigners
A,DE2009V,DE113C,2021,189700.0,e,,DE113C,DE,,2021,foreign_population,Population by citizenship - foreigners
A,DE2009V,DE114C,2015,25100.0,,,DE114C,DE,,2015,foreign_population,Population by citizenship - foreigners
A,DE2009V,DE114C,2016,26900.0,,,DE114C,DE,,2016,foreign_population,Population by citizenship - foreigners
A,DE2009V,DE114C,2017,29000.0,e,,DE114C,DE,,2017,foreign_population,Population by citizenship - foreigners
A,DE2009V,DE114C,2018,30400.0,e,,DE114C,DE,,2018,foreign_population,Population by citizenship - foreigners
A,DE2009V,DE114C,2019,30900.0,e,,DE114C,DE,,2019,foreign_population,Population by citizenship - foreigners
A,DE2009V,DE114C,2020,30100.0,e,,DE114C,DE,,2020,foreign_population,Population by citizenship - foreigners
A,DE2009V,DE114C,2021,23100.0,e,,DE114C,DE,,2021,foreign_population,Population by citizenship - foreigners
A,DE2009V,DE114C,2022,30300.0,e,,DE114C,DE,,2022,foreign_population,Population by citizenship - foreigners
A,DE2009V,DE114C,2023,31600.0,e,,DE114C,DE,,2023,foreign_population,Population by citizenship - foreigners
A,DE2009V,DE115C,2015,26100.0,,,DE115C,DE,,2015,foreign_population,Population by citizenship - foreigners
A,DE2009V,DE115C,2016,27700.0,,,DE115C,DE,,2016,foreign_population,Population by citizenship - foreigners
A,DE2009V,DE115C,2017,28600.0,e,,DE115C,DE,,2017,foreign_population,Population by citizenship - foreigners
A,DE2009V,DE115C,2018,29800.0,e,,DE115C,DE,,2018,foreign_population,Population by citizenship - foreigners
A,DE2009V,DE115C,2019,33300.0,e,,DE115C,DE,,2019,foreign_population,Population by citizenship - foreigners
A,DE2009V,DE115C,2020,30900.0,e,,DE115C,DE,,2020,foreign_population,Population by citizenship - foreigners
A,DE2009V,DE115C,2021,19000.0,e,,DE115C,DE,,2021,foreign_population,Population by citizenship - foreigners
A,DE2009V,DE115C,2022,31600.0,e,,DE115C,DE,,2022,foreign_population,Population by citizenship - foreigners
A,DE2009V,DE115C,2023,33200.0,e,,DE115C,DE,,2023,foreign_population,Population by citizenship - foreigners
A,DE2009V,DE116C,2015,32100.0,,,DE116C,DE,,2015,foreign_population,Population by citizenship - foreigners
A,DE2009V,DE116C,2016,34100.0,,,DE116C,DE,,2016,foreign_population,Population by citizenship - foreigners
A,DE2009V,DE116C,2017,35500.0,e,,DE116C,DE,,2017,foreign_population,Population by citizenship - foreigners
A,DE2009V,DE116C,2018,36100.0,e,,DE116C,DE,,2018,foreign_population,Population by citizenship - foreigners
A,DE2009V,DE116C,2019,36800.0,e,,DE116C,DE,,2019,foreign_population,Population by citizenship - foreigners
A,DE2009V,DE116C,2021,52700.0,e,,DE116C,DE,,2021,foreign_population,Population by citizenship - foreigners
A,DE2009V,DE116C,2022,37800.0,e,,DE116C,DE,,2022,foreign_population,Population by citizenship - foreigners
A,DE2009V,DE117C,2016,6600.0,,,DE117C,DE,,2016,foreign_population,Population by citizenship - foreigners
A,DE2009V,DE117C,2020,9700.0,e,,DE117C,DE,,2020,foreign_population,Population by citizenship - foreigners
A,DE2009V,DE118C,2021,29000.0,e,,DE118C,DE,,2021,foreign_population,Population by citizenship - foreigners
A,DE2009V,DE119C,2015,21300.0,,,DE119C,DE,,2015,foreign_population,Population by citizenship - foreigners
A,DE2009V,DE119C,2016,22000.0,,,DE119C,DE,,2016,foreign_population,Population by citizenship - foreigners
A,DE2009V,DE119C,2017,22200.0,e,,DE119C,DE,,2017,foreign_population,Population by citizenship - foreigners
A,DE2009V,DE119C,2020,13400.0,e,,DE119C,DE,,2020,foreign_population,Population by citizenship - foreigners
A,DE2009V,DE119C,2021,9900.0,e,,DE119C,DE,,2021,foreign_population,Population by citizenship - foreigners
A,DE2009V,DE119C,2022,20200.0,e,,DE119C,DE,,2022,foreign_population,Population by citizenship - foreigners
A,DE2009V,DE119C,2023,21800.0,e,,DE119C,DE,,2023,foreign_population,Population by citizenship - foreigners
A,DE2009V,DE120C,2015,20000.0,,,DE120C,DE,,2015,foreign_population,Population by citizenship - foreigners
A,DE2009V,DE120C,2016,21700.0,,,DE120C,DE,,2016,foreign_population,Population by citizenship - foreigners
A,DE2009V,DE120C,2018,22400.0,e,,DE120C,DE,,2018,foreign_population,Population by citizenship - foreigners
A,DE2009V,DE120C,2019,22800.0,e,,DE120C,DE,,2019,foreign_population,Population by citizenship - foreigners
A,DE2009V,DE120C,2021,78000.0,e,,DE120C,DE,,2021,foreign_population,Population by citizenship - foreigners
A,DE2009V,DE120C,2022,23200.0,e,,DE120C,DE,,2022,foreign_population,Population by citizenship - foreigners
A,DE2009V,DE120C,2023,25300.0,e,,DE120C,DE,,2023,foreign_population,Population by citizenship - foreigners
A,DE2009V,DE121C,2015,18500.0,,,DE121C,DE,,2015,foreign_population,Population by citizenship - foreigners
A,DE2009V,DE121C,2016,19400.0,,,DE121C,DE,,2016,foreign_population,Population by citizenship - foreigners
A,DE2009V,DE121C,2017,19900.0,e,,DE121C,DE,,2017,foreign_population,Population by citizenship - foreigners
A,DE2009V,DE121C,2018,19900.0,e,,DE121C,DE,,2018,foreign_population,Population by citizenship - foreigners
A,DE2009V,DE121C,2019,20000.0,e,,DE121C,DE,,2019,foreign_population,Population by citizenship - foreigners
A,DE2009V,DE121C,2020,20100.0,e,,DE121C,DE,,2020,foreign_population,Population by citizenship - foreigners
A,DE2009V,DE121C,2022,19800.0,e,,DE121C,DE,,2022,foreign_population,Population by citizenship - foreigners
A,DE2009V,DE121C,2023,21100.0,e,,DE121C,DE,,2023,foreign_population,Population by citizenship - foreigners
A,DE2009V,DE122C,2017,8500.0,e,,DE122C,DE,,2017,foreign_population,Population by citizenship - foreigners
A,DE2009V,DE123C,2015,25400.0,,,DE123C,DE,,2015,foreign_population,Population by citizenship - foreigners
A,DE2009V,DE123C,2016,29700.0,,,DE123C,DE,,2016,foreign_population,Population by citizenship - foreigners
A,DE2009V,DE123C,2017,31000.0,e,,DE123C,DE,,2017,foreign_population,Population by citizenship - foreigners
A,DE2009V,DE123C,2018,30700.0,e,,DE123C,DE,,2018,foreign_population,Population by citizenship - foreigners
A,DE2009V,DE123C,2019,31900.0,e,,DE123C,DE,,2019,foreign_population,Population by citizenship - foreigners
A,DE2009V,DE123C,2020,32600.0,e,,DE123C,DE,,2020,foreign_population,Population by citizenship - foreigners
A,DE2009V,DE123C,2021,14300.0,e,,DE123C,DE,,2021,foreign_population,Population by citizenship - foreigners
A,DE2009V,DE123C,2022,33400.0,e,,DE123C,DE,,2022,foreign_population,Population by citizenship - foreigners
A,DE2009V,DE124C,2015,69200.0,,,DE124C,DE,,2015,foreign_population,Population by citizenship - foreigners
A,DE2009V,DE124C,2016,77700.0,,,DE124C,DE,,2016,foreign_population,Population by citizenship - foreigners
A,DE2009V,DE125C,2015,12800.0,,,DE125C,DE,,2015,foreign_population,Population by citizenship - foreigners
A,DE2009V,DE125C,2016,14200.0,,,DE125C,DE,,2016,foreign_population,Population by citizenship - foreigners
A,DE2009V,DE125C,2017,15000.0,e,,DE125C,DE,,2017,foreign_population,Population by citizenship - foreigners
A,DE2009V,DE125C,2018,15700.0,e,,DE125C,DE,,2018,foreign_population,Population by citizenship - foreigners
A,DE2009V,DE125C,2019,16300.0,e,,DE125C,DE,,2019,foreign_population,Population by citizenship - foreigners
A,DE2009V,DE125C,2020,16500.0,e,,DE125C,DE,,2020,foreign_population,Population by citizenship - foreigners
A,DE2009V,DE125C,2021,38000.0,e,,DE125C,DE,,2021,foreign_population,Population by citizenship - foreigners
A,DE2009V,DE125C,2022,16700.0,e,,DE125C,DE,,2022,foreign_population,Population by citizenship - foreigners
A,DE2009V,DE125C,2023,18500.0,e,,DE125C,DE,,2023,foreign_population,Population by citizenship - foreigners
A,DE2009V,DE127C,2021,28900.0,e,,DE127C,DE,,2021,foreign_population,Population by citizenship - foreigners
A,DE2009V,EE,2015,193602.0,,,EE,EE,,2015,foreign_population,Population by citizenship - foreigners
A,DE2009V,EE,2016,193754.0,b,,EE,EE,,2016,foreign_population,Population by citizenship - foreigners
A,DE2009V,EE,2017,192541.0,,,EE,EE,,2017,foreign_population,Population by citizenship - foreigners
A,DE2009V,EE,2018,196207.0,,,EE,EE,,2018,foreign_population,Population by citizenship - foreigners
A,DE2009V,EE001C,2015,82085.0,,,EE001C,EE,,2015,foreign_population,Population by citizenship - foreigners
A,DE2009V,EE001C,2016,85829.0,b,,EE001C,EE,,2016,foreign_population,Population by citizenship - foreigners
A,DE2009V,EE001C,2017,86343.0,,,EE001C,EE,,2017,foreign_population,Population by citizenship - foreigners
A,DE2009V,EE001C,2018,88892.0,,,EE001C,EE,,2018,foreign_population,Population by citizenship - foreigners
A,DE2009V,EE001C,2019,90897.0,,,EE001C,EE,,2019,foreign_population,Population by citizenship - foreigners
A,DE2009V,EE001C,2020,93285.0,,,EE001C,EE,,2020,foreign_population,Population by citizenship - foreigners
A,DE2009V,EE001C,2021,93285.0,,,EE001C,EE,,2021,foreign_population,Population by citizenship - foreigners
A,DE2009V,EE001C,2022,96181.0,,,EE001C,EE,,2022,foreign_population,Population by citizenship - foreigners
A,DE2009V,EE001C,2023,113755.0,,,EE001C,EE,,2023,foreign_population,Population by citizenship - foreigners
A,DE2009V,EE002C,2015,8591.0,,,EE002C,EE,,2015,foreign_population,Population by citizenship - foreigners
A,DE2009V,EE002C,2016,9331.0,b,,EE002C,EE,,2016,foreign_population,Population by citizenship - foreigners
A,DE2009V,EE002C,2017,9456.0,,,EE002C,EE,,2017,foreign_population,Population by citizenship - foreigners
A,DE2009V,EE002C,2018,10606.0,b,,EE002C,EE,,2018,foreign_population,Population by citizenship - foreigners
A,DE2009V,EE002C,2019,10988.0,,,EE002C,EE,,2019,foreign_population,Population by citizenship - foreigners
A,DE2009V,EE002C,2020,10261.0,,,EE002C,EE,,2020,foreign_population,Population by citizenship - foreigners
A,DE2009V,EE002C,2021,10261.0,,,EE002C,EE,,2021,foreign_population,Population by citizenship - foreigners
A,DE2009V,EE002C,2022,10761.0,,,EE002C,EE,,2022,foreign_population,Population by citizenship - foreigners
A,DE2009V,EE002C,2023,13604.0,,,EE002C,EE,,2023,foreign_population,Population by citizenship - foreigners
A,DE2009V,EE003C,2015,25132.0,,,EE003C,EE,,2015,foreign_population,Population by citizenship - foreigners
A,DE2009V,EE003C,2016,24513.0,b,,EE003C,EE,,2016,foreign_population,Population by citizenship - foreigners
A,DE2009V,EE003C,2017,23761.0,,,EE003C,EE,,2017,foreign_population,Population by citizenship - foreigners
A,DE2009V,EE003C,2018,23283.0,,,EE003C,EE,,2018,foreign_population,Population by citizenship - foreigners
A,DE2009V,EE003C,2019,22694.0,,,EE003C,EE,,2019,foreign_population,Population by citizenship - foreigners
A,DE2009V,EE003C,2020,21502.0,,,EE003C,EE,,2020,foreign_population,Population by citizenship - foreigners
A,DE2009V,EE003C,2021,21502.0,,,EE003C,EE,,2021,foreign_population,Population by citizenship - foreigners
A,DE2009V,EE003C,2022,21092.0,,,EE003C,EE,,2022,foreign_population,Population by citizenship - foreigners
A,DE2009V,EE003C,2023,21213.0,,,EE003C,EE,,2023,foreign_population,Population by citizenship - foreigners
A,DE2009V,ES,2015,5891208.0,,,ES,ES,,2015,foreign_population,Population by citizenship - foreigners
A,DE2009V,ES,2016,5919157.0,,,ES,ES,,2016,foreign_population,Population by citizenship - foreigners
A,DE2009V,ES,2017,6024522.0,,,ES,ES,,2017,foreign_population,Population by citizenship - foreigners
A,DE2009V,ES,2018,6198833.0,,,ES,ES,,2018,foreign_population,Population by citizenship - foreigners
A,DE2009V,ES001C,2015,882235.0,,,ES001C,ES,,2015,foreign_population,Population by citizenship - foreigners
A,DE2009V,ES001C,2016,892475.0,,,ES001C,ES,,2016,foreign_population,Population by citizenship - foreigners
A,DE2009V,ES001C,2017,911934.0,,,ES001C,ES,,2017,foreign_population,Population by citizenship - foreigners
A,DE2009V,ES001C,2018,954334.0,,,ES001C,ES,,2018,foreign_population,Population by citizenship - foreigners
A,DE2009V,ES001C,2019,1011917.0,,,ES001C,ES,,2019,foreign_population,Population by citizenship - foreigners
A,DE2009V,ES001C,2020,1090514.0,,,ES001C,ES,,2020,foreign_population,Population by citizenship - foreigners
A,DE2009V,ES001C,2021,1100043.0,,,ES001C,ES,,2021,foreign_population,Population by citizenship - foreigners
A,DE2009V,ES001C,2022,1107310.0,,,ES001C,ES,,2022,foreign_population,Population by citizenship - foreigners
A,DE2009V,ES001C,2023,1205145.0,,,ES001C,ES,,2023,foreign_population,Population by citizenship - foreigners
A,DE2009V,ES002C,2015,671139.0,,,ES002C,ES,,2015,foreign_population,Population by citizenship - foreigners
A,DE2009V,ES002C,2016,686262.0,,,ES002C,ES,,2016,foreign_population,Population by citizenship - foreigners
A,DE2009V,ES002C,2017,717847.0,,,ES002C,ES,,2017,foreign_population,Population by citizenship - foreigners
A,DE2009V,ES002C,2018,745845.0,,,ES002C,ES,,2018,foreign_population,Population by citizenship - foreigners
A,DE2009V,ES002C,2019,797224.0,,,ES002C,ES,,2019,foreign_population,Population by citizenship - foreigners
A,DE2009V,ES002C,2020,867051.0,,,ES002C,ES,,2020,foreign_population,Population by citizenship - foreigners
A,DE2009V,ES002C,2021,867201.0,,,ES002C,ES,,2021,foreign_population,Population by citizenship - foreigners
A,DE2009V,ES002C,2022,897122.0,,,ES002C,ES,,2022,foreign_population,Population by citizenship - foreigners
A,DE2009V,ES002C,2023,965924.0,,,ES002C,ES,,2023,foreign_population,Population by citizenship - foreigners
A,DE2009V,ES003C,2015,188351.0,,,ES003C,ES,,2015,foreign_population,Population by citizenship - foreigners
A,DE2009V,ES003C,2016,192258.0,,,ES003C,ES,,2016,foreign_population,Population by citizenship - foreigners
A,DE2009V,ES003C,2017,191609.0,,,ES003C,ES,,2017,foreign_population,Population by citizenship - foreigners
A,DE2009V,ES003C,2018,200149.0,,,ES003C,ES,,2018,foreign_population,Population by citizenship - foreigners
A,DE2009V,ES003C,2019,213926.0,,,ES003C,ES,,2019,foreign_population,Population by citizenship - foreigners
A,DE2009V,ES003C,2020,231882.0,,,ES003C,ES,,2020,foreign_population,Population by citizenship - foreigners
A,DE2009V,ES003C,2021,232627.0,,,ES003C,ES,,2021,foreign_population,Population by citizenship - foreigners
A,DE2009V,ES003C,2022,247038.0,,,ES003C,ES,,2022,foreign_population,Population by citizenship - foreigners
A,DE2009V,ES003C,2023,277674.0,,,ES003C,ES,,2023,foreign_population,Population by citizenship - foreigners
A,DE2009V,ES004C,2015,61177.0,,,ES004C,ES,,2015,foreign_population,Population by citizenship - foreigners
A,DE2009V,ES004C,2016,59623.0,,,ES004C,ES,,2016,foreign_population,Population by citizenship - foreigners
A,DE2009V,ES004C,2017,60202.0,,,ES004C,ES,,2017,foreign_population,Population by citizenship - foreigners
A,DE2009V,ES004C,2018,62168.0,,,ES004C,ES,,2018,foreign_population,Population by citizenship - foreigners
A,DE2009V,ES004C,2019,65673.0,,,ES004C,ES,,2019,foreign_population,Population by citizenship - foreigners
A,DE2009V,ES004C,2020,71398.0,,,ES004C,ES,,2020,foreign_population,Population by citizenship - foreigners
A,DE2009V,ES004C,2021,72603.0,,,ES004C,ES,,2021,foreign_population,Population by citizenship - foreigners
A,DE2009V,ES004C,2022,75709.0,,,ES004C,ES,,2022,foreign_population,Population by citizenship - foreigners
A,DE2009V,ES004C,2023,81609.0,,,ES004C,ES,,2023,foreign_population,Population by citizenship - foreigners
A,DE2009V,ES005C,2015,84206.0,,,ES005C,ES,,2015,foreign_population,Population by citizenship - foreigners
A,DE2009V,ES005C,2016,80783.0,,,ES005C,ES,,2016,foreign_population,Population by citizenship - foreigners
A,DE2009V,ES005C,2017,84132.0,,,ES005C,ES,,2017,foreign_population,Population by citizenship - foreigners
A,DE2009V,ES005C,2018,86397.0,,,ES005C,ES,,2018,foreign_population,Population by citizenship - foreigners
A,DE2009V,ES005C,2019,95039.0,,,ES005C,ES,,2019,foreign_population,Population by citizenship - foreigners
A,DE2009V,ES005C,2020,102659.0,,,ES005C,ES,,2020,foreign_population,Population by citizenship - foreigners
A,DE2009V,ES005C,2021,101931.0,,,ES005C,ES,,2021,foreign_population,Population by citizenship - foreigners
A,DE2009V,ES005C,2022,103429.0,,,ES005C,ES,,2022,foreign_population,Population by citizenship - foreigners
A,DE2009V,ES005C,2023,116738.0,,,ES005C,ES,,2023,foreign_population,Population by citizenship - foreigners
A,DE2009V,ES006C,2015,64700.0,,,ES006C,ES,,2015,foreign_population,Population by citizenship - foreigners
A,DE2009V,ES006C,2016,64085.0,,,ES006C,ES,,2016,foreign_population,Population by citizenship - foreigners
A,DE2009V,ES006C,2017,64468.0,,,ES006C,ES,,2017,foreign_population,Population by citizenship - foreigners
A,DE2009V,ES006C,2018,66095.0,,,ES006C,ES,,2018,foreign_population,Population by citizenship - foreigners
A,DE2009V,ES006C,2019,69459.0,,,ES006C,ES,,2019,foreign_population,Population by citizenship - foreigners
A,DE2009V,ES006C,2020,73591.0,,,ES006C,ES,,2020,foreign_population,Population by citizenship - foreigners
A,DE2009V,ES006C,2021,74133.0,,,ES006C,ES,,2021,foreign_population,Population by citizenship - foreigners
A,DE2009V,ES006C,2022,77722.0,,,ES006C,ES,,2022,foreign_population,Population by citizenship - foreigners
A,DE2009V,ES006C,2023,86410.0,,,ES006C,ES,,2023,foreign_population,Population by citizenship - foreigners
A,DE2009V,ES007C,2015,53532.0,,,ES007C,ES,,2015,foreign_population,Population by citizenship - foreigners
A,DE2009V,ES007C,2016,53124.0,,,ES007C,ES,,2016,foreign_population,Population by citizenship - foreigners
A,DE2009V,ES007C,2017,53879.0,,,ES007C,ES,,2017,foreign_population,Population by citizenship - foreigners
A,DE2009V,ES007C,2018,56099.0,,,ES007C,ES,,2018,foreign_population,Population by citizenship - foreigners
A,DE2009V,ES007C,2019,60430.0,,,ES007C,ES,,2019,foreign_population,Population by citizenship - foreigners
A,DE2009V,ES007C,2020,65236.0,,,ES007C,ES,,2020,foreign_population,Population by citizenship - foreigners
A,DE2009V,ES007C,2021,66522.0,,,ES007C,ES,,2021,foreign_population,Population by citizenship - foreigners
A,DE2009V,ES007C,2022,68628.0,,,ES007C,ES,,2022,foreign_population,Population by citizenship - foreigners
A,DE2009V,ES007C,2023,72674.0,,,ES007C,ES,,2023,foreign_population,Population by citizenship - foreigners
A,DE2009V,ES008C,2015,43324.0,,,ES008C,ES,,2015,foreign_population,Population by citizenship - foreigners
A,DE2009V,ES008C,2016,43845.0,,,ES008C,ES,,2016,foreign_population,Population by citizenship - foreigners
A,DE2009V,ES008C,2017,44513.0,,,ES008C,ES,,2017,foreign_population,Population by citizenship - foreigners
A,DE2009V,ES008C,2018,46120.0,,,ES008C,ES,,2018,foreign_population,Population by citizenship - foreigners
A,DE2009V,ES008C,2019,48220.0,,,ES008C,ES,,2019,foreign_population,Population by citizenship - foreigners
A,DE2009V,ES008C,2020,50792.0,,,ES008C,ES,,2020,foreign_population,Population by citizenship - foreigners
A,DE2009V,ES008C,2021,50670.0,,,ES008C,ES,,2021,foreign_population,Population by citizenship - foreigners
A,DE2009V,ES008C,2022,51758.0,,,ES008C,ES,,2022,foreign_population,Population by citizenship - foreigners
A,DE2009V,ES008C,2023,56101.0,,,ES008C,ES,,2023,foreign_population,Population by citizenship - foreigners
A,DE2009V,ES009C,2015,21473.0,,,ES009C,ES,,2015,foreign_population,Population by citizenship - foreigners
A,DE2009V,ES009C,2016,21120.0,,,ES009C,ES,,2016,foreign_population,Population by citizenship - foreigners
A,DE2009V,ES009C,2017,20587.0,,,ES009C,ES,,2017,foreign_population,Population by citizenship - foreigners
A,DE2009V,ES009C,2018,21121.0,,,ES009C,ES,,2018,foreign_population,Population by citizenship - foreigners
A,DE2009V,ES009C,2019,22233.0,,,ES009C,ES,,2019,foreign_population,Population by citizenship - foreigners
A,DE2009V,ES009C,2020,24310.0,,,ES009C,ES,,2020,foreign_population,Population by citizenship - foreigners
A,DE2009V,ES009C,2021,25693.0,,,ES009C,ES,,2021,foreign_population,Population by citizenship - foreigners
A,DE2009V,ES009C,2022,26463.0,,,ES009C,ES,,2022,foreign_population,Population by citizenship - foreigners
A,DE2009V,ES009C,2023,29579.0,,,ES009C,ES,,2023,foreign_population,Population by citizenship - foreigners
A,DE2009V,ES010C,2015,87480.0,,,ES010C,ES,,2015,foreign_population,Population by citizenship - foreigners
A,DE2009V,ES010C,2016,88906.0,,,ES010C,ES,,2016,foreign_population,Population by citizenship - foreigners
A,DE2009V,ES010C,2017,90480.0,,,ES010C,ES,,2017,foreign_population,Population by citizenship - foreigners
A,DE2009V,ES010C,2018,93090.0,,,ES010C,ES,,2018,foreign_population,Population by citizenship - foreigners
A,DE2009V,ES010C,2019,98491.0,,,ES010C,ES,,2019,foreign_population,Population by citizenship - foreigners
A,DE2009V,ES010C,2020,105382.0,,,ES010C,ES,,2020,foreign_population,Population by citizenship - foreigners
A,DE2009V,ES010C,2021,105170.0,,,ES010C,ES,,2021,foreign_population,Population by citizenship - foreigners
A,DE2009V,ES010C,2022,104374.0,,,ES010C,ES,,2022,foreign_population,Population by citizenship - foreigners
A,DE2009V,ES010C,2023,119062.0,,,ES010C,ES,,2023,foreign_population,Population by citizenship - foreigners
A,DE2009V,ES011C,2015,8127.0,,,ES011C,ES,,2015,foreign_population,Population by citizenship - foreigners
A,DE2009V,ES011C,2016,8313.0,,,ES011C,ES,,2016,foreign_population,Population by citizenship - foreigners
A,DE2009V,ES011C,2017,8555.0,,,ES011C,ES,,2017,foreign_population,Population by citizenship - foreigners
A,DE2009V,ES011C,2018,8804.0,,,ES011C,ES,,2018,foreign_population,Population by citizenship - foreigners
A,DE2009V,ES011C,2019,9614.0,,,ES011C,ES,,2019,foreign_population,Population by citizenship - foreigners
A,DE2009V,ES011C,2020,10289.0,,,ES011C,ES,,2020,foreign_population,Population by citizenship - foreigners
A,DE2009V,ES011C,2021,10617.0,,,ES011C,ES,,2021,foreign_population,Population by citizenship - foreigners
A,DE2009V,ES011C,2022,11038.0,,,ES011C,ES,,2022,foreign_population,Population by citizenship - foreigners
A,DE2009V,ES011C,2023,11819.0,,,ES011C,ES,,2023,foreign_population,Population by citizenship - foreigners
A,DE2009V,ES012C,2015,28220.0,,,ES012C,ES,,2015,foreign_population,Population by citizenship - foreigners
A,DE2009V,ES012C,2016,28122.0,,,ES012C,ES,,2016,foreign_population,Population by citizenship - foreigners
A,DE2009V,ES012C,2017,29623.0,,,ES012C,ES,,2017,foreign_population,Population by citizenship - foreigners
A,DE2009V,ES012C,2018,31188.0,,,ES012C,ES,,2018,foreign_population,Population by citizenship - foreigners
A,DE2009V,ES012C,2019,33354.0,,,ES012C,ES,,2019,foreign_population,Population by citizenship - foreigners
A,DE2009V,ES012C,2020,35589.0,,,ES012C,ES,,2020,foreign_population,Population by citizenship - foreigners
A,DE2009V,ES012C,2021,36272.0,,,ES012C,ES,,2021,foreign_population,Population by citizenship - foreigners
A,DE2009V,ES012C,2022,37678.0,,,ES012C,ES,,2022,foreign_population,Population by citizenship - foreigners
A,DE2009V,ES012C,2023,40941.0,,,ES012C,ES,,2023,foreign_population,Population by citizenship - foreigners
A,DE2009V,ES013C,2015,23012.0,,,ES013C,ES,,2015,foreign_population,Population by citizenship - foreigners
A,DE2009V,ES013C,2016,22747.0,,,ES013C,ES,,2016,foreign_population,Population by citizenship - foreigners
A,DE2009V,ES013C,2017,23134.0,,,ES013C,ES,,2017,foreign_population,Population by citizenship - foreigners
A,DE2009V,ES013C,2018,23598.0,,,ES013C,ES,,2018,foreign_population,Population by citizenship - foreigners
A,DE2009V,ES013C,2019,24367.0,,,ES013C,ES,,2019,foreign_population,Population by citizenship - foreigners
A,DE2009V,ES013C,2020,25865.0,,,ES013C,ES,,2020,foreign_population,Population by citizenship - foreigners
A,DE2009V,ES013C,2021,26029.0,,,ES013C,ES,,2021,foreign_population,Population by citizenship - foreigners
A,DE2009V,ES013C,2022,26094.0,,,ES013C,ES,,2022,foreign_population,Population by citizenship - foreigners
A,DE2009V,ES013C,2023,29180.0,,,ES013C,ES,,2023,foreign_population,Population by citizenship - foreigners
A,DE2009V,ES014C,2015,47250.0,,,ES014C,ES,,2015,foreign_population,Population by citizenship - foreigners
A,DE2009V,ES014C,2016,47218.0,,,ES014C,ES,,2016,foreign_population,Population by citizenship - foreigners
A,DE2009V,ES014C,2017,48314.0,,,ES014C,ES,,2017,foreign_population,Population by citizenship - foreigners
A,DE2009V,ES014C,2018,50734.0,,,ES014C,ES,,2018,foreign_population,Population by citizenship - foreigners
A,DE2009V,ES014C,2019,54292.0,,,ES014C,ES,,2019,foreign_population,Population by citizenship - foreigners
A,DE2009V,ES014C,2020,57966.0,,,ES014C,ES,,2020,foreign_population,Population by citizenship - foreigners
A,DE2009V,ES014C,2021,58281.0,,,ES014C,ES,,2021,foreign_population,Population by citizenship - foreigners
A,DE2009V,ES014C,2022,59525.0,,,ES014C,ES,,2022,foreign_population,Population by citizenship - foreigners
A,DE2009V,ES014C,2023,64139.0,,,ES014C,ES,,2023,foreign_population,Population by citizenship - foreigners
A,DE2009V,ES015C,2015,19889.0,,,ES015C,ES,,2015,foreign_population,Population by citizenship - foreigners
A,DE2009V,ES015C,2016,19558.0,,,ES015C,ES,,2016,foreign_population,Population by citizenship - foreigners
A,DE2009V,ES015C,2017,19654.0,,,ES015C,ES,,2017,foreign_population,Population by citizenship - foreigners
A,DE2009V,ES015C,2018,20354.0,,,ES015C,ES,,2018,foreign_population,Population by citizenship - foreigners
A,DE2009V,ES015C,2019,21728.0,,,ES015C,ES,,2019,foreign_population,Population by citizenship - foreigners
A,DE2009V,ES015C,2020,23415.0,,,ES015C,ES,,2020,foreign_population,Population by citizenship - foreigners
A,DE2009V,ES015C,2021,23844.0,,,ES015C,ES,,2021,foreign_population,Population by citizenship - foreigners
A,DE2009V,ES015C,2022,24545.0,,,ES015C,ES,,2022,foreign_population,Population by citizenship - foreigners
A,DE2009V,ES015C,2023,26959.0,,,ES015C,ES,,2023,foreign_population,Population by citizenship - foreigners
A,DE2009V,ES016C,2015,7977.0,,,ES016C,ES,,2015,foreign_population,Population by citizenship - foreigners
A,DE2009V,ES016C,2016,8114.0,,,ES016C,ES,,2016,foreign_population,Population by citizenship - foreigners
A,DE2009V,ES016C,2017,8262.0,,,ES016C,ES,,2017,foreign_population,Population by citizenship - foreigners
A,DE2009V,ES016C,2018,8693.0,,,ES016C,ES,,2018,foreign_population,Population by citizenship - foreigners
A,DE2009V,ES016C,2019,9533.0,,,ES016C,ES,,2019,foreign_population,Population by citizenship - foreigners
A,DE2009V,ES016C,2020,10487.0,,,ES016C,ES,,2020,foreign_population,Population by citizenship - foreigners
A,DE2009V,ES016C,2021,10628.0,,,ES016C,ES,,2021,foreign_population,Population by citizenship - foreigners
A,DE2009V,ES016C,2022,10723.0,,,ES016C,ES,,2022,foreign_population,Population by citizenship - foreigners
A,DE2009V,ES016C,2023,11845.0,,,ES016C,ES,,2023,foreign_population,Population by citizenship - foreigners
A,DE2009V,ES017C,2015,7669.0,,,ES017C,ES,,2015,foreign_population,Population by citizenship - foreigners
A,DE2009V,ES017C,2016,7615.0,,,ES017C,ES,,2016,foreign_population,Population by citizenship - foreigners
A,DE2009V,ES017C,2017,7716.0,,,ES017C,ES,,2017,foreign_population,Population by citizenship - foreigners
A,DE2009V,ES017C,2018,7660.0,,,ES017C,ES,,2018,foreign_population,Population by citizenship - foreigners
A,DE2009V,ES017C,2019,7848.0,,,ES017C,ES,,2019,foreign_population,Population by citizenship - foreigners
A,DE2009V,ES017C,2020,8184.0,,,ES017C,ES,,2020,foreign_population,Population by citizenship - foreigners
A,DE2009V,ES017C,2021,8204.0,,,ES017C,ES,,2021,foreign_population,Population by citizenship - foreigners
A,DE2009V,ES017C,2022,8092.0,,,ES017C,ES,,2022,foreign_population,Population by citizenship - foreigners
A,DE2009V,ES017C,2023,8965.0,,,ES017C,ES,,2023,foreign_population,Population by citizenship - foreigners
A,DE2009V,ES018C,2015,21378.0,,,ES018C,ES,,2015,foreign_population,Population by citizenship - foreigners
A,DE2009V,ES018C,2016,20904.0,,,ES018C,ES,,2016,foreign_population,Population by citizenship - foreigners
A,DE2009V,ES018C,2017,20874.0,,,ES018C,ES,,2017,foreign_population,Population by citizenship - foreigners
A,DE2009V,ES018C,2018,20897.0,,,ES018C,ES,,2018,foreign_population,Population by citizenship - foreigners
A,DE2009V,ES018C,2019,21373.0,,,ES018C,ES,,2019,foreign_population,Population by citizenship - foreigners
A,DE2009V,ES018C,2020,22732.0,,,ES018C,ES,,2020,foreign_population,Population by citizenship - foreigners
A,DE2009V,ES018C,2021,22963.0,,,ES018C,ES,,2021,foreign_population,Population by citizenship - foreigners
A,DE2009V,ES018C,2022,23177.0,,,ES018C,ES,,2022,foreign_population,Population by citizenship - foreigners
A,DE2009V,ES018C,2023,24218.0,,,ES018C,ES,,2023,foreign_population,Population by citizenship - foreigners
A,DE2009V,ES019C,2017,69700.0,,,ES019C,ES,,2017,foreign_population,Population by citizenship - foreigners
A,DE2009V,ES019C,2018,73409.0,,,ES019C,ES,,2018,foreign_population,Population by citizenship - foreigners
A,DE2009V,ES019C,2019,79215.0,,,ES019C,ES,,2019,foreign_population,Population by citizenship - foreigners
A,DE2009V,ES019C,2020,87786.0,,,ES019C,ES,,2020,foreign_population,Population by citizenship - foreigners
A,DE2009V,ES019C,2021,90041.0,,,ES019C,ES,,2021,foreign_population,Population by citizenship - foreigners
A,DE2009V,ES019C,2022,92270.0,,,ES019C,ES,,2022,foreign_population,Population by citizenship - foreigners
A,DE2009V,ES019C,2023,101131.0,,,ES019C,ES,,2023,foreign_population,Population by citizenship - foreigners
A,DE2009V,ES020C,2015,12916.0,,,ES020C,ES,,2015,foreign_population,Population by citizenship - foreigners
A,DE2009V,ES020C,2016,12966.0,,,ES020C,ES,,2016,foreign_population,Population by citizenship - foreigners
A,DE2009V,ES020C,2017,13079.0,,,ES020C,ES,,2017,foreign_population,Population by citizenship - foreigners
A,DE2009V,ES020C,2018,13667.0,,,ES020C,ES,,2018,foreign_population,Population by citizenship - foreigners
A,DE2009V,ES020C,2019,14243.0,,,ES020C,ES,,2019,foreign_population,Population by citizenship - foreigners
A,DE2009V,ES020C,2020,15400.0,,,ES020C,ES,,2020,foreign_population,Population by citizenship - foreigners
A,DE2009V,ES020C,2021,14810.0,,,ES020C,ES,,2021,foreign_population,Population by citizenship - foreigners
A,DE2009V,ES020C,2022,14370.0,,,ES020C,ES,,2022,foreign_population,Population by citizenship - foreigners
A,DE2009V,ES020C,2023,17853.0,,,ES020C,ES,,2023,foreign_population,Population by citizenship - foreigners
A,DE2009V,ES021C,2015,58051.0,,,ES021C,ES,,2015,foreign_population,Population by citizenship - foreigners
A,DE2009V,ES021C,2016,60361.0,,,ES021C,ES,,2016,foreign_population,Population by citizenship - foreigners
A,DE2009V,ES021C,2017,60257.0,,,ES021C,ES,,2017,foreign_population,Population by citizenship - foreigners
A,DE2009V,ES021C,2018,62543.0,,,ES021C,ES,,2018,foreign_population,Population by citizenship - foreigners
A,DE2009V,ES021C,2019,66913.0,,,ES021C,ES,,2019,foreign_population,Population by citizenship - foreigners
A,DE2009V,ES021C,2020,70934.0,,,ES021C,ES,,2020,foreign_population,Population by citizenship - foreigners
A,DE2009V,ES021C,2021,71964.0,,,ES021C,ES,,2021,foreign_population,Population by citizenship - foreigners
A,DE2009V,ES021C,2022,74496.0,,,ES021C,ES,,2022,foreign_population,Population by citizenship - foreigners
A,DE2009V,ES021C,2023,87340.0,,,ES021C,ES,,2023,foreign_population,Population by citizenship - foreigners
A,DE2009V,ES022C,2015,29951.0,,,ES022C,ES,,2015,foreign_population,Population by citizenship - foreigners
A,DE2009V,ES022C,2016,29265.0,,,ES022C,ES,,2016,foreign_population,Population by citizenship - foreigners
A,DE2009V,ES022C,2017,29818.0,,,ES022C,ES,,2017,foreign_population,Population by citizenship - foreigners
A,DE2009V,ES022C,2018,30908.0,,,ES022C,ES,,2018,foreign_population,Population by citizenship - foreigners
A,DE2009V,ES022C,2019,32870.0,,,ES022C,ES,,2019,foreign_population,Population by citizenship - foreigners
A,DE2009V,ES022C,2020,35014.0,,,ES022C,ES,,2020,foreign_population,Population by citizenship - foreigners
A,DE2009V,ES022C,2021,34955.0,,,ES022C,ES,,2021,foreign_population,Population by citizenship - foreigners
A,DE2009V,ES022C,2022,35515.0,,,ES022C,ES,,2022,foreign_population,Population by citizenship - foreigners
A,DE2009V,ES022C,2023,39124.0,,,ES022C,ES,,2023,foreign_population,Population by citizenship - foreigners
A,DE2009V,ES023C,2015,23138.0,,,ES023C,ES,,2015,foreign_population,Population by citizenship - foreigners
A,DE2009V,ES023C,2016,23360.0,,,ES023C,ES,,2016,foreign_population,Population by citizenship - foreigners
A,DE2009V,ES023C,2017,23457.0,,,ES023C,ES,,2017,foreign_population,Population by citizenship - foreigners
A,DE2009V,ES023C,2018,24138.0,,,ES023C,ES,,2018,foreign_population,Population by citizenship - foreigners
A,DE2009V,ES023C,2019,25191.0,,,ES023C,ES,,2019,foreign_population,Population by citizenship - foreigners
A,DE2009V,ES023C,2020,26760.0,,,ES023C,ES,,2020,foreign_population,Population by citizenship - foreigners
A,DE2009V,ES023C,2021,26844.0,,,ES023C,ES,,2021,foreign_population,Population by citizenship - foreigners
A,DE2009V,ES023C,2022,27643.0,,,ES023C,ES,,2022,foreign_population,Population by citizenship - foreigners
A,DE2009V,ES023C,2023,31108.0,,,ES023C,ES,,2023,foreign_population,Population by citizenship - foreigners
A,DE2009V,ES024C,2015,44810.0,,,ES024C,ES,,2015,foreign_population,Population by citizenship - foreigners
A,DE2009V,ES024C,2016,45725.0,,,ES024C,ES,,2016,foreign_population,Population by citizenship - foreigners
A,DE2009V,ES024C,2017,46862.0,,,ES024C,ES,,2017,foreign_population,Population by citizenship - foreigners
A,DE2009V,ES024C,2018,49885.0,,,ES024C,ES,,2018,foreign_population,Population by citizenship - foreigners
A,DE2009V,ES024C,2019,54022.0,,,ES024C,ES,,2019,foreign_population,Population by citizenship - foreigners
A,DE2009V,ES024C,2020,57142.0,,,ES024C,ES,,2020,foreign_population,Population by citizenship - foreigners
A,DE2009V,ES024C,2021,56902.0,,,ES024C,ES,,2021,foreign_population,Population by citizenship - foreigners
A,DE2009V,ES024C,2022,57614.0,,,ES024C,ES,,2022,foreign_population,Population by citizenship - foreigners
A,DE2009V,ES024C,2023,58605.0,,,ES024C,ES,,2023,foreign_population,Population by citizenship - foreigners
A,DE2009V,ES025C,2015,25846.0,,,ES025C,ES,,2015,foreign_population,Population by citizenship - foreigners
A,DE2009V,ES025C,2016,26258.0,,,ES025C,ES,,2016,foreign_population,Population by citizenship - foreigners
A,DE2009V,ES025C,2017,27009.0,,,ES025C,ES,,2017,foreign_population,Population by citizenship - foreigners
A,DE2009V,ES025C,2018,28555.0,,,ES025C,ES,,2018,foreign_population,Population by citizenship - foreigners
A,DE2009V,ES025C,2019,30495.0,,,ES025C,ES,,2019,foreign_population,Population by citizenship - foreigners
A,DE2009V,ES025C,2020,33003.0,,,ES025C,ES,,2020,foreign_population,Population by citizenship - foreigners
A,DE2009V,ES025C,2021,33274.0,,,ES025C,ES,,2021,foreign_population,Population by citizenship - foreigners
A,DE2009V,ES025C,2022,34403.0,,,ES025C,ES,,2022,foreign_population,Population by citizenship - foreigners
A,DE2009V,ES025C,2023,37907.0,,,ES025C,ES,,2023,foreign_population,Population by citizenship - foreigners
A,DE2009V,ES026C,2015,17051.0,,,ES026C,ES,,2015,foreign_population,Population by citizenship - foreigners
A,DE2009V,ES026C,2016,16995.0,,,ES026C,ES,,2016,foreign_population,Population by citizenship - foreigners
A,DE2009V,ES026C,2017,16694.0,,,ES026C,ES,,2017,foreign_population,Population by citizenship - foreigners
A,DE2009V,ES026C,2018,17175.0,,,ES026C,ES,,2018,foreign_population,Population by citizenship - foreigners
A,DE2009V,ES026C,2019,18148.0,,,ES026C,ES,,2019,foreign_population,Population by citizenship - foreigners
A,DE2009V,ES026C,2020,19688.0,,,ES026C,ES,,2020,foreign_population,Population by citizenship - foreigners
A,DE2009V,ES026C,2021,20396.0,,,ES026C,ES,,2021,foreign_population,Population by citizenship - foreigners
A,DE2009V,ES026C,2022,21344.0,,,ES026C,ES,,2022,foreign_population,Population by citizenship - foreigners
A,DE2009V,ES026C,2023,23114.0,,,ES026C,ES,,2023,foreign_population,Population by citizenship - foreigners
A,DE2009V,ES027C,2015,5740.0,,,ES027C,ES,,2015,foreign_population,Population by citizenship - foreigners
A,DE2009V,ES027C,2016,5746.0,,,ES027C,ES,,2016,foreign_population,Population by citizenship - foreigners
A,DE2009V,ES027C,2017,5691.0,,,ES027C,ES,,2017,foreign_population,Population by citizenship - foreigners
A,DE2009V,ES027C,2018,5987.0,,,ES027C,ES,,2018,foreign_population,Population by citizenship - foreigners
A,DE2009V,ES027C,2019,6122.0,,,ES027C,ES,,2019,foreign_population,Population by citizenship - foreigners
A,DE2009V,ES027C,2020,6360.0,,,ES027C,ES,,2020,foreign_population,Population by citizenship - foreigners
A,DE2009V,ES027C,2021,6349.0,,,ES027C,ES,,2021,foreign_population,Population by citizenship - foreigners
A,DE2009V,ES027C,2022,6344.0,,,ES027C,ES,,2022,foreign_population,Population by citizenship - foreigners
A,DE2009V,ES027C,2023,7200.0,,,ES027C,ES,,2023,foreign_population,Population by citizenship - foreigners
A,DE2009V,ES028C,2015,8357.0,,,ES028C,ES,,2015,foreign_population,Population by citizenship - foreigners
A,DE2009V,ES028C,2016,8451.0,,,ES028C,ES,,2016,foreign_population,Population by citizenship - foreigners
A,DE2009V,ES028C,2017,8498.0,,,ES028C,ES,,2017,foreign_population,Population by citizenship - foreigners
A,DE2009V,ES028C,2018,8716.0,,,ES028C,ES,,2018,foreign_population,Population by citizenship - foreigners
A,DE2009V,ES028C,2019,9420.0,,,ES028C,ES,,2019,foreign_population,Population by citizenship - foreigners
A,DE2009V,ES028C,2020,10229.0,,,ES028C,ES,,2020,foreign_population,Population by citizenship - foreigners
A,DE2009V,ES028C,2021,10277.0,,,ES028C,ES,,2021,foreign_population,Population by citizenship - foreigners
A,DE2009V,ES028C,2022,10626.0,,,ES028C,ES,,2022,foreign_population,Population by citizenship - foreigners
A,DE2009V,ES028C,2023,12142.0,,,ES028C,ES,,2023,foreign_population,Population by citizenship - foreigners
A,DE2009V,ES029C,2015,2275.0,,,ES029C,ES,,2015,foreign_population,Population by citizenship - foreigners
A,DE2009V,ES029C,2016,2251.0,,,ES029C,ES,,2016,foreign_population,Population by citizenship - foreigners
A,DE2009V,ES029C,2017,2250.0,,,ES029C,ES,,2017,foreign_population,Population by citizenship - foreigners
A,DE2009V,ES029C,2018,2272.0,,,ES029C,ES,,2018,foreign_population,Population by citizenship - foreigners
A,DE2009V,ES029C,2019,2356.0,,,ES029C,ES,,2019,foreign_population,Population by citizenship - foreigners
A,DE2009V,ES029C,2020,2529.0,,,ES029C,ES,,2020,foreign_population,Population by citizenship - foreigners
A,DE2009V,ES029C,2021,2610.0,,,ES029C,ES,,2021,foreign_population,Population by citizenship - foreigners
A,DE2009V,ES029C,2022,2658.0,,,ES029C,ES,,2022,foreign_population,Population by citizenship - foreigners
A,DE2009V,ES029C,2023,2889.0,,,ES029C,ES,,2023,foreign_population,Population by citizenship - foreigners
A,DE2009V,ES030C,2015,20552.0,,,ES030C,ES,,2015,foreign_population,Population by citizenship - foreigners
A,DE2009V,ES030C,2016,20890.0,,,ES030C,ES,,2016,foreign_population,Population by citizenship - foreigners
A,DE2009V,ES030C,2017,21497.0,,,ES030C,ES,,2017,foreign_population,Population by citizenship - foreigners
A,DE2009V,ES030C,2018,22544.0,,,ES030C,ES,,2018,foreign_population,Population by citizenship - foreigners
A,DE2009V,ES030C,2019,24234.0,,,ES030C,ES,,2019,foreign_population,Population by citizenship - foreigners
A,DE2009V,ES030C,2020,26076.0,,,ES030C,ES,,2020,foreign_population,Population by citizenship - foreigners
A,DE2009V,ES030C,2021,25607.0,,,ES030C,ES,,2021,foreign_population,Population by citizenship - foreigners
A,DE2009V,ES030C,2022,26368.0,,,ES030C,ES,,2022,foreign_population,Population by citizenship - foreigners
A,DE2009V,ES030C,2023,27631.0,,,ES030C,ES,,2023,foreign_population,Population by citizenship - foreigners
A,DE2009V,ES031C,2015,3896.0,,,ES031C,ES,,2015,foreign_population,Population by citizenship - foreigners
A,DE2009V,ES031C,2016,3920.0,,,ES031C,ES,,2016,foreign_population,Population by citizenship - foreigners
A,DE2009V,ES031C,2017,3976.0,,,ES031C,ES,,2017,foreign_population,Population by citizenship - foreigners
A,DE2009V,ES031C,2018,4183.0,,,ES031C,ES,,2018,foreign_population,Population by citizenship - foreigners
A,DE2009V,ES031C,2019,4433.0,,,ES031C,ES,,2019,foreign_population,Population by citizenship - foreigners
A,DE2009V,ES031C,2020,4668.0,,,ES031C,ES,,2020,foreign_population,Population by citizenship - foreigners
A,DE2009V,ES031C,2021,4603.0,,,ES031C,ES,,2021,foreign_population,Population by citizenship - foreigners
A,DE2009V,ES031C,2022,4806.0,,,ES031C,ES,,2022,foreign_population,Population by citizenship - foreigners
A,DE2009V,ES031C,2023,5530.0,,,ES031C,ES,,2023,foreign_population,Population by citizenship - foreigners
A,DE2009V,ES032C,2015,41578.0,,,ES032C,ES,,2015,foreign_population,Population by citizenship - foreigners
A,DE2009V,ES032C,2016,37669.0,,,ES032C,ES,,2016,foreign_population,Population by citizenship - foreigners
A,DE2009V,ES032C,2017,36798.0,,,ES032C,ES,,2017,foreign_population,Population by citizenship - foreigners
A,DE2009V,ES032C,2018,36250.0,,,ES032C,ES,,2018,foreign_population,Population by citizenship - foreigners
A,DE2009V,ES032C,2019,37319.0,,,ES032C,ES,,2019,foreign_population,Population by citizenship - foreigners
A,DE2009V,ES032C,2020,39187.0,,,ES032C,ES,,2020,foreign_population,Population by citizenship - foreigners
A,DE2009V,ES032C,2021,37801.0,,,ES032C,ES,,2021,foreign_population,Population by citizenship - foreigners
A,DE2009V,ES032C,2022,38550.0,,,ES032C,ES,,2022,foreign_population,Population by citizenship - foreigners
A,DE2009V,ES032C,2023,45164.0,,,ES032C,ES,,2023,foreign_population,Population by citizenship - foreigners
A,DE2009V,ES033C,2015,4719.0,,,ES033C,ES,,2015,foreign_population,Population by citizenship - foreigners
A,DE2009V,ES033C,2016,4703.0,,,ES033C,ES,,2016,foreign_population,Population by citizenship - foreigners
A,DE2009V,ES033C,2017,4761.0,,,ES033C,ES,,2017,foreign_population,Population by citizenship - foreigners
A,DE2009V,ES033C,2018,4755.0,,,ES033C,ES,,2018,foreign_population,Population by citizenship - foreigners
A,DE2009V,ES033C,2019,4877.0,,,ES033C,ES,,2019,foreign_population,Population by citizenship - foreigners
A,DE2009V,ES033C,2020,5131.0,,,ES033C,ES,,2020,foreign_population,Population by citizenship - foreigners
A,DE2009V,ES033C,2021,5279.0,,,ES033C,ES,,2021,foreign_population,Population by citizenship - foreigners
A,DE2009V,ES033C,2022,5494.0,,,ES033C,ES,,2022,foreign_population,Population by citizenship - foreigners
A,DE2009V,ES033C,2023,6089.0,,,ES033C,ES,,2023,foreign_population,Population by citizenship - foreigners
A,DE2009V,ES034C,2015,4507.0,,,ES034C,ES,,2015,foreign_population,Population by citizenship - foreigners
A,DE2009V,ES034C,2016,4570.0,,,ES034C,ES,,2016,foreign_population,Population by citizenship - foreigners
A,DE2009V,ES034C,2017,4642.0,,,ES034C,ES,,2017,foreign_population,Population by citizenship - foreigners
A,DE2009V,ES034C,2018,4635.0,,,ES034C,ES,,2018,foreign_population,Population by citizenship - foreigners
A,DE2009V,ES034C,2019,4827.0,,,ES034C,ES,,2019,foreign_population,Population by citizenship - foreigners
A,DE2009V,ES034C,2020,5088.0,,,ES034C,ES,,2020,foreign_population,Population by citizenship - foreigners
A,DE2009V,ES034C,2021,5260.0,,,ES034C,ES,,2021,foreign_population,Population by citizenship - foreigners
A,DE2009V,ES034C,2022,5312.0,,,ES034C,ES,,2022,foreign_population,Population by citizenship - foreigners
A,DE2009V,ES034C,2023,6020.0,,,ES034C,ES,,2023,foreign_population,Population by citizenship - foreigners
A,DE2009V,ES035C,2015,9123.0,,,ES035C,ES,,2015,foreign_population,Population by citizenship - foreigners
A,DE2009V,ES035C,2016,8519.0,,,ES035C,ES,,2016,foreign_population,Population by citizenship - foreigners
A,DE2009V,ES035C,2017,8164.0,,,ES035C,ES,,2017,foreign_population,Population by citizenship - foreigners
A,DE2009V,ES035C,2018,8176.0,,,ES035C,ES,,2018,foreign_population,Population by citizenship - foreigners
A,DE2009V,ES035C,2019,8921.0,,,ES035C,ES,,2019,foreign_population,Population by citizenship - foreigners
A,DE2009V,ES035C,2020,9594.0,,,ES035C,ES,,2020,foreign_population,Population by citizenship - foreigners
A,DE2009V,ES035C,2021,9849.0,,,ES035C,ES,,2021,foreign_population,Population by citizenship - foreigners
A,DE2009V,ES035C,2022,9975.0,,,ES035C,ES,,2022,foreign_population,Population by citizenship - foreigners
A,DE2009V,ES035C,2023,11440.0,,,ES035C,ES,,2023,foreign_population,Population by citizenship - foreigners
A,DE2009V,ES036C,2015,4493.0,,,ES036C,ES,,2015,foreign_population,Population by citizenship - foreigners
A,DE2009V,ES036C,2016,4447.0,,,ES036C,ES,,2016,foreign_population,Population by citizenship - foreigners
A,DE2009V,ES036C,2017,4499.0,,,ES036C,ES,,2017,foreign_population,Population by citizenship - foreigners
A,DE2009V,ES036C,2018,4684.0,,,ES036C,ES,,2018,foreign_population,Population by citizenship - foreigners
A,DE2009V,ES036C,2019,5021.0,,,ES036C,ES,,2019,foreign_population,Population by citizenship - foreigners
A,DE2009V,ES036C,2020,5377.0,,,ES036C,ES,,2020,foreign_population,Population by citizenship - foreigners
A,DE2009V,ES036C,2021,5406.0,,,ES036C,ES,,2021,foreign_population,Population by citizenship - foreigners
A,DE2009V,ES036C,2022,5550.0,,,ES036C,ES,,2022,foreign_population,Population by citizenship - foreigners
A,DE2009V,ES036C,2023,6356.0,,,ES036C,ES,,2023,foreign_population,Population by citizenship - foreigners
A,DE2009V,ES037C,2015,3396.0,,,ES037C,ES,,2015,foreign_population,Population by citizenship - foreigners
A,DE2009V,ES037C,2016,3277.0,,,ES037C,ES,,2016,foreign_population,Population by citizenship - foreigners
A,DE2009V,ES037C,2017,3329.0,,,ES037C,ES,,2017,foreign_population,Population by citizenship - foreigners
A,DE2009V,ES037C,2018,3462.0,,,ES037C,ES,,2018,foreign_population,Population by citizenship - foreigners
A,DE2009V,ES037C,2019,3621.0,,,ES037C,ES,,2019,foreign_population,Population by citizenship - foreigners
A,DE2009V,ES037C,2020,3891.0,,,ES037C,ES,,2020,foreign_population,Population by citizenship - foreigners
A,DE2009V,ES037C,2021,4107.0,,,ES037C,ES,,2021,foreign_population,Population by citizenship - foreigners
A,DE2009V,ES037C,2022,4446.0,,,ES037C,ES,,2022,foreign_population,Population by citizenship - foreigners
A,DE2009V,ES037C,2023,5199.0,,,ES037C,ES,,2023,foreign_population,Population by citizenship - foreigners
A,DE2009V,ES038C,2015,6704.0,,,ES038C,ES,,2015,foreign_population,Population by citizenship - foreigners
A,DE2009V,ES038C,2016,6679.0,,,ES038C,ES,,2016,foreign_population,Population by citizenship - foreigners
A,DE2009V,ES038C,2017,6815.0,,,ES038C,ES,,2017,foreign_population,Population by citizenship - foreigners
A,DE2009V,ES038C,2018,7040.0,,,ES038C,ES,,2018,foreign_population,Population by citizenship - foreigners
A,DE2009V,ES038C,2019,7400.0,,,ES038C,ES,,2019,foreign_population,Population by citizenship - foreigners
A,DE2009V,ES038C,2020,7855.0,,,ES038C,ES,,2020,foreign_population,Population by citizenship - foreigners
A,DE2009V,ES038C,2021,7967.0,,,ES038C,ES,,2021,foreign_population,Population by citizenship - foreigners
A,DE2009V,ES038C,2022,8150.0,,,ES038C,ES,,2022,foreign_population,Population by citizenship - foreigners
A,DE2009V,ES038C,2023,8540.0,,,ES038C,ES,,2023,foreign_population,Population by citizenship - foreigners
A,DE2009V,ES039C,2015,10177.0,,,ES039C,ES,,2015,foreign_population,Population by citizenship - foreigners
A,DE2009V,ES039C,2016,10553.0,,,ES039C,ES,,2016,foreign_population,Population by citizenship - foreigners
A,DE2009V,ES039C,2017,10930.0,,,ES039C,ES,,2017,foreign_population,Population by citizenship - foreigners
A,DE2009V,ES039C,2018,11046.0,,,ES039C,ES,,2018,foreign_population,Population by citizenship - foreigners
A,DE2009V,ES039C,2019,10930.0,,,ES039C,ES,,2019,foreign_population,Population by citizenship - foreigners
A,DE2009V,ES039C,2020,10936.0,,,ES039C,ES,,2020,foreign_population,Population by citizenship - foreigners
A,DE2009V,ES039C,2021,10768.0,,,ES039C,ES,,2021,foreign_population,Population by citizenship - foreigners
A,DE2009V,ES039C,2022,10492.0,,,ES039C,ES,,2022,foreign_population,Population by citizenship - foreigners
A,DE2009V,ES039C,2023,10468.0,,,ES039C,ES,,2023,foreign_population,Population by citizenship - foreigners
A,DE2009V,ES040C,2015,17754.0,,,ES040C,ES,,2015,foreign_population,Population by citizenship - foreigners
A,DE2009V,ES040C,2016,17327.0,,,ES040C,ES,,2016,foreign_population,Population by citizenship - foreigners
A,DE2009V,ES040C,2017,16811.0,,,ES040C,ES,,2017,foreign_population,Population by citizenship - foreigners
A,DE2009V,ES040C,2018,16777.0,,,ES040C,ES,,2018,foreign_population,Population by citizenship - foreigners
A,DE2009V,ES040C,2019,17608.0,,,ES040C,ES,,2019,foreign_population,Population by citizenship - foreigners
A,DE2009V,ES040C,2020,18918.0,,,ES040C,ES,,2020,foreign_population,Population by citizenship - foreigners
A,DE2009V,ES040C,2021,19248.0,,,ES040C,ES,,2021,foreign_population,Population by citizenship - foreigners
A,DE2009V,ES040C,2022,19379.0,,,ES040C,ES,,2022,foreign_population,Population by citizenship - foreigners
A,DE2009V,ES040C,2023,21526.0,,,ES040C,ES,,2023,foreign_population,Population by citizenship - foreigners
A,DE2009V,ES041C,2015,12854.0,,,ES041C,ES,,2015,foreign_population,Population by citizenship - foreigners
A,DE2009V,ES041C,2016,12798.0,,,ES041C,ES,,2016,foreign_population,Population by citizenship - foreigners
A,DE2009V,ES041C,2017,12925.0,,,ES041C,ES,,2017,foreign_population,Population by citizenship - foreigners
A,DE2009V,ES041C,2018,13541.0,,,ES041C,ES,,2018,foreign_population,Population by citizenship - foreigners
A,DE2009V,ES041C,2019,14512.0,,,ES041C,ES,,2019,foreign_population,Population by citizenship - foreigners
A,DE2009V,ES041C,2020,15889.0,,,ES041C,ES,,2020,foreign_population,Population by citizenship - foreigners
A,DE2009V,ES041C,2021,16072.0,,,ES041C,ES,,2021,foreign_population,Population by citizenship - foreigners
A,DE2009V,ES041C,2022,16773.0,,,ES041C,ES,,2022,foreign_population,Population by citizenship - foreigners
A,DE2009V,ES041C,2023,18623.0,,,ES041C,ES,,2023,foreign_population,Population by citizenship - foreigners
A,DE2009V,ES042C,2015,13290.0,,,ES042C,ES,,2015,foreign_population,Population by citizenship - foreigners
A,DE2009V,ES042C,2016,13313.0,,,ES042C,ES,,2016,foreign_population,Population by citizenship - foreigners
A,DE2009V,ES042C,2017,13786.0,,,ES042C,ES,,2017,foreign_population,Population by citizenship - foreigners
A,DE2009V,ES042C,2018,14819.0,,,ES042C,ES,,2018,foreign_population,Population by citizenship - foreigners
A,DE2009V,ES042C,2019,16310.0,,,ES042C,ES,,2019,foreign_population,Population by citizenship - foreigners
A,DE2009V,ES042C,2020,17489.0,,,ES042C,ES,,2020,foreign_population,Population by citizenship - foreigners
A,DE2009V,ES042C,2021,18087.0,,,ES042C,ES,,2021,foreign_population,Population by citizenship - foreigners
A,DE2009V,ES042C,2022,18200.0,,,ES042C,ES,,2022,foreign_population,Population by citizenship - foreigners
A,DE2009V,ES042C,2023,19610.0,,,ES042C,ES,,2023,foreign_population,Population by citizenship - foreigners
A,DE2009V,ES043C,2015,4892.0,,,ES043C,ES,,2015,foreign_population,Population by citizenship - foreigners
A,DE2009V,ES043C,2016,4567.0,,,ES043C,ES,,2016,foreign_population,Population by citizenship - foreigners
A,DE2009V,ES043C,2017,4714.0,,,ES043C,ES,,2017,foreign_population,Population by citizenship - foreigners
A,DE2009V,ES043C,2018,4935.0,,,ES043C,ES,,2018,foreign_population,Population by citizenship - foreigners
A,DE2009V,ES043C,2019,5089.0,,,ES043C,ES,,2019,foreign_population,Population by citizenship - foreigners
A,DE2009V,ES043C,2020,5908.0,,,ES043C,ES,,2020,foreign_population,Population by citizenship - foreigners
A,DE2009V,ES043C,2021,5964.0,,,ES043C,ES,,2021,foreign_population,Population by citizenship - foreigners
A,DE2009V,ES043C,2022,6025.0,,,ES043C,ES,,2022,foreign_population,Population by citizenship - foreigners
A,DE2009V,ES043C,2023,6833.0,,,ES043C,ES,,2023,foreign_population,Population by citizenship - foreigners
A,DE2009V,ES044C,2015,22358.0,,,ES044C,ES,,2015,foreign_population,Population by citizenship - foreigners
A,DE2009V,ES044C,2016,19935.0,,,ES044C,ES,,2016,foreign_population,Population by citizenship - foreigners
A,DE2009V,ES044C,2017,20160.0,,,ES044C,ES,,2017,foreign_population,Population by citizenship - foreigners
A,DE2009V,ES044C,2018,20939.0,,,ES044C,ES,,2018,foreign_population,Population by citizenship - foreigners
A,DE2009V,ES044C,2019,22365.0,,,ES044C,ES,,2019,foreign_population,Population by citizenship - foreigners
A,DE2009V,ES044C,2020,23991.0,,,ES044C,ES,,2020,foreign_population,Population by citizenship - foreigners
A,DE2009V,ES044C,2021,23270.0,,,ES044C,ES,,2021,foreign_population,Population by citizenship - foreigners
A,DE2009V,ES044C,2022,24042.0,,,ES044C,ES,,2022,foreign_population,Population by citizenship - foreigners
A,DE2009V,ES044C,2023,26470.0,,,ES044C,ES,,2023,foreign_population,Population by citizenship - foreigners
A,DE2009V,ES045C,2015,20544.0,,,ES045C,ES,,2015,foreign_population,Population by citizenship - foreigners
A,DE2009V,ES045C,2016,20642.0,,,ES045C,ES,,2016,foreign_population,Population by citizenship - foreigners
A,DE2009V,ES045C,2017,20501.0,,,ES045C,ES,,2017,foreign_population,Population by citizenship - foreigners
A,DE2009V,ES045C,2018,20439.0,,,ES045C,ES,,2018,foreign_population,Population by citizenship - foreigners
A,DE2009V,ES045C,2019,20108.0,,,ES045C,ES,,2019,foreign_population,Population by citizenship - foreigners
A,DE2009V,ES045C,2020,20354.0,,,ES045C,ES,,2020,foreign_population,Population by citizenship - foreigners
A,DE2009V,ES045C,2021,19883.0,,,ES045C,ES,,2021,foreign_population,Population by citizenship - foreigners
A,DE2009V,ES045C,2022,19127.0,,,ES045C,ES,,2022,foreign_population,Population by citizenship - foreigners
A,DE2009V,ES045C,2023,19317.0,,,ES045C,ES,,2023,foreign_population,Population by citizenship - foreigners
A,DE2009V,ES046C,2015,6337.0,,,ES046C,ES,,2015,foreign_population,Population by citizenship - foreigners
A,DE2009V,ES046C,2016,6254.0,,,ES046C,ES,,2016,foreign_population,Population by citizenship - foreigners
A,DE2009V,ES046C,2017,6122.0,,,ES046C,ES,,2017,foreign_population,Population by citizenship - foreigners
A,DE2009V,ES046C,2018,6093.0,,,ES046C,ES,,2018,foreign_population,Population by citizenship - foreigners
A,DE2009V,ES046C,2019,6136.0,,,ES046C,ES,,2019,foreign_population,Population by citizenship - foreigners
A,DE2009V,ES046C,2020,6316.0,,,ES046C,ES,,2020,foreign_population,Population by citizenship - foreigners
A,DE2009V,ES046C,2021,6341.0,,,ES046C,ES,,2021,foreign_population,Population by citizenship - foreigners
A,DE2009V,ES046C,2022,6372.0,,,ES046C,ES,,2022,foreign_population,Population by citizenship - foreigners
A,DE2009V,ES046C,2023,6776.0,,,ES046C,ES,,2023,foreign_population,Population by citizenship - foreigners
A,DE2009V,ES047C,2015,3836.0,,,ES047C,ES,,2015,foreign_population,Population by citizenship - foreigners
A,DE2009V,ES047C,2016,3684.0,,,ES047C,ES,,2016,foreign_population,Population by citizenship - foreigners
A,DE2009V,ES047C,2017,3510.0,,,ES047C,ES,,2017,foreign_population,Population by citizenship - foreigners
A,DE2009V,ES047C,2018,3451.0,,,ES047C,ES,,2018,foreign_population,Population by citizenship - foreigners
A,DE2009V,ES047C,2019,3560.0,,,ES047C,ES,,2019,foreign_population,Population by citizenship - foreigners
A,DE2009V,ES047C,2020,3714.0,,,ES047C,ES,,2020,foreign_population,Population by citizenship - foreigners
A,DE2009V,ES047C,2021,3758.0,,,ES047C,ES,,2021,foreign_population,Population by citizenship - foreigners
A,DE2009V,ES047C,2022,3752.0,,,ES047C,ES,,2022,foreign_population,Population by citizenship - foreigners
A,DE2009V,ES047C,2023,4327.0,,,ES047C,ES,,2023,foreign_population,Population by citizenship - foreigners
A,DE2009V,ES048C,2015,30272.0,,,ES048C,ES,,2015,foreign_population,Population by citizenship - foreigners
A,DE2009V,ES048C,2016,30256.0,,,ES048C,ES,,2016,foreign_population,Population by citizenship - foreigners
A,DE2009V,ES048C,2017,27758.0,,,ES048C,ES,,2017,foreign_population,Population by citizenship - foreigners
A,DE2009V,ES048C,2018,27927.0,,,ES048C,ES,,2018,foreign_population,Population by citizenship - foreigners
A,DE2009V,ES048C,2019,32713.0,,,ES048C,ES,,2019,foreign_population,Population by citizenship - foreigners
A,DE2009V,ES048C,2020,35002.0,,,ES048C,ES,,2020,foreign_population,Population by citizenship - foreigners
A,DE2009V,ES048C,2021,34928.0,,,ES048C,ES,,2021,foreign_population,Population by citizenship - foreigners
A,DE2009V,ES048C,2022,35793.0,,,ES048C,ES,,2022,foreign_population,Population by citizenship - foreigners
A,DE2009V,ES048C,2023,37635.0,,,ES048C,ES,,2023,foreign_population,Population by citizenship - foreigners
A,DE2009V,ES049C,2015,1313.0,,,ES049C,ES,,2015,foreign_population,Population by citizenship - foreigners
A,DE2009V,ES049C,2016,1335.0,,,ES049C,ES,,2016,foreign_population,Population by citizenship - foreigners
A,DE2009V,ES049C,2017,1340.0,,,ES049C,ES,,2017,foreign_population,Population by citizenship - foreigners
A,DE2009V,ES049C,2018,1430.0,,,ES049C,ES,,2018,foreign_population,Population by citizenship - foreigners
A,DE2009V,ES049C,2019,1663.0,,,ES049C,ES,,2019,foreign_population,Population by citizenship - foreigners
A,DE2009V,ES049C,2020,1867.0,,,ES049C,ES,,2020,foreign_population,Population by citizenship - foreigners
A,DE2009V,ES049C,2021,1959.0,,,ES049C,ES,,2021,foreign_population,Population by citizenship - foreigners
A,DE2009V,ES049C,2022,2045.0,,,ES049C,ES,,2022,foreign_population,Population by citizenship - foreigners
A,DE2009V,ES049C,2023,2121.0,,,ES049C,ES,,2023,foreign_population,Population by citizenship - foreigners
A,DE2009V,ES050C,2015,9220.0,,,ES050C,ES,,2015,foreign_population,Population by citizenship - foreigners
A,DE2009V,ES050C,2016,9165.0,,,ES050C,ES,,2016,foreign_population,Population by citizenship - foreigners
A,DE2009V,ES050C,2017,9232.0,,,ES050C,ES,,2017,foreign_population,Population by citizenship - foreigners
A,DE2009V,ES050C,2018,9458.0,,,ES050C,ES,,2018,foreign_population,Population by citizenship - foreigners
A,DE2009V,ES050C,2019,9904.0,,,ES050C,ES,,2019,foreign_population,Population by citizenship - foreigners
A,DE2009V,ES050C,2020,10570.0,,,ES050C,ES,,2020,foreign_population,Population by citizenship - foreigners
A,DE2009V,ES050C,2021,10551.0,,,ES050C,ES,,2021,foreign_population,Population by citizenship - foreigners
A,DE2009V,ES050C,2022,11137.0,,,ES050C,ES,,2022,foreign_population,Population by citizenship - foreigners
A,DE2009V,ES050C,2023,11776.0,,,ES050C,ES,,2023,foreign_population,Population by citizenship - foreigners
A,DE2009V,ES051C,2015,5966.0,,,ES051C,ES,,2015,foreign_population,Population by citizenship - foreigners
A,DE2009V,ES051C,2016,6111.0,,,ES051C,ES,,2016,foreign_population,Population by citizenship - foreigners
A,DE2009V,ES051C,2017,6085.0,,,ES051C,ES,,2017,foreign_population,Population by citizenship - foreigners
A,DE2009V,ES051C,2018,6148.0,,,ES051C,ES,,2018,foreign_population,Population by citizenship - foreigners
A,DE2009V,ES051C,2019,6459.0,,,ES051C,ES,,2019,foreign_population,Population by citizenship - foreigners
A,DE2009V,ES051C,2020,6896.0,,,ES051C,ES,,2020,foreign_population,Population by citizenship - foreigners
A,DE2009V,ES051C,2021,6980.0,,,ES051C,ES,,2021,foreign_population,Population by citizenship - foreigners
A,DE2009V,ES051C,2022,7200.0,,,ES051C,ES,,2022,foreign_population,Population by citizenship - foreigners
A,DE2009V,ES051C,2023,8189.0,,,ES051C,ES,,2023,foreign_population,Population by citizenship - foreigners
A,DE2009V,ES052C,2015,18783.0,,,ES052C,ES,,2015,foreign_population,Population by citizenship - foreigners
A,DE2009V,ES052C,2016,18563.0,,,ES052C,ES,,2016,foreign_population,Population by citizenship - foreigners
A,DE2009V,ES052C,2017,17972.0,,,ES052C,ES,,2017,foreign_population,Population by citizenship - foreigners
A,DE2009V,ES052C,2018,18553.0,,,ES052C,ES,,2018,foreign_population,Population by citizenship - foreigners
A,DE2009V,ES052C,2019,18951.0,,,ES052C,ES,,2019,foreign_population,Population by citizenship - foreigners
A,DE2009V,ES052C,2020,19288.0,,,ES052C,ES,,2020,foreign_population,Population by citizenship - foreigners
A,DE2009V,ES052C,2021,18671.0,,,ES052C,ES,,2021,foreign_population,Population by citizenship - foreigners
A,DE2009V,ES052C,2022,19031.0,,,ES052C,ES,,2022,foreign_population,Population by citizenship - foreigners
A,DE2009V,ES052C,2023,20467.0,,,ES052C,ES,,2023,foreign_population,Population by citizenship - foreigners
A,DE2009V,ES053C,2015,7147.0,,,ES053C,ES,,2015,foreign_population,Population by citizenship - foreigners
A,DE2009V,ES053C,2016,7357.0,,,ES053C,ES,,2016,foreign_population,Population by citizenship - foreigners
A,DE2009V,ES053C,2017,7764.0,,,ES053C,ES,,2017,foreign_population,Population by citizenship - foreigners
A,DE2009V,ES053C,2018,8094.0,,,ES053C,ES,,2018,foreign_population,Population by citizenship - foreigners
A,DE2009V,ES053C,2019,8640.0,,,ES053C,ES,,2019,foreign_population,Population by citizenship - foreigners
A,DE2009V,ES053C,2020,9420.0,,,ES053C,ES,,2020,foreign_population,Population by citizenship - foreigners
A,DE2009V,ES053C,2021,9589.0,,,ES053C,ES,,2021,foreign_population,Population by citizenship - foreigners
A,DE2009V,ES053C,2022,9658.0,,,ES053C,ES,,2022,foreign_population,Population by citizenship - foreigners
A,DE2009V,ES053C,2023,9703.0,,,ES053C,ES,,2023,foreign_population,Population by citizenship - foreigners
A,DE2009V,ES054C,2015,11705.0,,,ES054C,ES,,2015,foreign_population,Population by citizenship - foreigners
A,DE2009V,ES054C,2016,11694.0,,,ES054C,ES,,2016,foreign_population,Population by citizenship - foreigners
A,DE2009V,ES054C,2017,11969.0,,,ES054C,ES,,2017,foreign_population,Population by citizenship - foreigners
A,DE2009V,ES054C,2018,12264.0,,,ES054C,ES,,2018,foreign_population,Population by citizenship - foreigners
A,DE2009V,ES054C,2019,12602.0,,,ES054C,ES,,2019,foreign_population,Population by citizenship - foreigners
A,DE2009V,ES054C,2020,13630.0,,,ES054C,ES,,2020,foreign_population,Population by citizenship - foreigners
A,DE2009V,ES054C,2021,13815.0,,,ES054C,ES,,2021,foreign_population,Population by citizenship - foreigners
A,DE2009V,ES054C,2022,13759.0,,,ES054C,ES,,2022,foreign_population,Population by citizenship - foreigners
A,DE2009V,ES054C,2023,14690.0,,,ES054C,ES,,2023,foreign_population,Population by citizenship - foreigners
A,DE2009V,ES055C,2015,14697.0,,,ES055C,ES,,2015,foreign_population,Population by citizenship - foreigners
A,DE2009V,ES055C,2016,15557.0,,,ES055C,ES,,2016,foreign_population,Population by citizenship - foreigners
A,DE2009V,ES055C,2017,16229.0,,,ES055C,ES,,2017,foreign_population,Population by citizenship - foreigners
A,DE2009V,ES055C,2018,17366.0,,,ES055C,ES,,2018,foreign_population,Population by citizenship - foreigners
A,DE2009V,ES055C,2019,18761.0,,,ES055C,ES,,2019,foreign_population,Population by citizenship - foreigners
A,DE2009V,ES055C,2020,20308.0,,,ES055C,ES,,2020,foreign_population,Population by citizenship - foreigners
A,DE2009V,ES055C,2021,20483.0,,,ES055C,ES,,2021,foreign_population,Population by citizenship - foreigners
A,DE2009V,ES055C,2022,20121.0,,,ES055C,ES,,2022,foreign_population,Population by citizenship - foreigners
A,DE2009V,ES055C,2023,21278.0,,,ES055C,ES,,2023,foreign_population,Population by citizenship - foreigners
A,DE2009V,ES056C,2015,5574.0,,,ES056C,ES,,2015,foreign_population,Population by citizenship - foreigners
A,DE2009V,ES056C,2016,5442.0,,,ES056C,ES,,2016,foreign_population,Population by citizenship - foreigners
A,DE2009V,ES056C,2017,5487.0,,,ES056C,ES,,2017,foreign_population,Population by citizenship - foreigners
A,DE2009V,ES056C,2018,5585.0,,,ES056C,ES,,2018,foreign_population,Population by citizenship - foreigners
A,DE2009V,ES056C,2019,6025.0,,,ES056C,ES,,2019,foreign_population,Population by citizenship - foreigners
A,DE2009V,ES056C,2020,6565.0,,,ES056C,ES,,2020,foreign_population,Population by citizenship - foreigners
A,DE2009V,ES056C,2021,6559.0,,,ES056C,ES,,2021,foreign_population,Population by citizenship - foreigners
A,DE2009V,ES056C,2022,6693.0,,,ES056C,ES,,2022,foreign_population,Population by citizenship - foreigners
A,DE2009V,ES056C,2023,7953.0,,,ES056C,ES,,2023,foreign_population,Population by citizenship - foreigners
A,DE2009V,ES057C,2015,14679.0,,,ES057C,ES,,2015,foreign_population,Population by citizenship - foreigners
A,DE2009V,ES057C,2016,14447.0,,,ES057C,ES,,2016,foreign_population,Population by citizenship - foreigners
A,DE2009V,ES057C,2017,15083.0,,,ES057C,ES,,2017,foreign_population,Population by citizenship - foreigners
A,DE2009V,ES057C,2018,16080.0,,,ES057C,ES,,2018,foreign_population,Population by citizenship - foreigners
A,DE2009V,ES057C,2019,17195.0,,,ES057C,ES,,2019,foreign_population,Population by citizenship - foreigners
A,DE2009V,ES057C,2020,18261.0,,,ES057C,ES,,2020,foreign_population,Population by citizenship - foreigners
A,DE2009V,ES057C,2021,17677.0,,,ES057C,ES,,2021,foreign_population,Population by citizenship - foreigners
A,DE2009V,ES057C,2022,18166.0,,,ES057C,ES,,2022,foreign_population,Population by citizenship - foreigners
A,DE2009V,ES057C,2023,20005.0,,,ES057C,ES,,2023,foreign_population,Population by citizenship - foreigners
A,DE2009V,ES058C,2015,7656.0,,,ES058C,ES,,2015,foreign_population,Population by citizenship - foreigners
A,DE2009V,ES058C,2016,7598.0,,,ES058C,ES,,2016,foreign_population,Population by citizenship - foreigners
A,DE2009V,ES058C,2017,7586.0,,,ES058C,ES,,2017,foreign_population,Population by citizenship - foreigners
A,DE2009V,ES058C,2018,7795.0,,,ES058C,ES,,2018,foreign_population,Population by citizenship - foreigners
A,DE2009V,ES058C,2019,8234.0,,,ES058C,ES,,2019,foreign_population,Population by citizenship - foreigners
A,DE2009V,ES058C,2020,8730.0,,,ES058C,ES,,2020,foreign_population,Population by citizenship - foreigners
A,DE2009V,ES058C,2021,8870.0,,,ES058C,ES,,2021,foreign_population,Population by citizenship - foreigners
A,DE2009V,ES058C,2022,9164.0,,,ES058C,ES,,2022,foreign_population,Population by citizenship - foreigners
A,DE2009V,ES058C,2023,9845.0,,,ES058C,ES,,2023,foreign_population,Population by citizenship - foreigners
A,DE2009V,ES059C,2015,33929.0,,,ES059C,ES,,2015,foreign_population,Population by citizenship - foreigners
A,DE2009V,ES059C,2016,34086.0,,,ES059C,ES,,2016,foreign_population,Population by citizenship - foreigners
A,DE2009V,ES059C,2017,33957.0,,,ES059C,ES,,2017,foreign_population,Population by citizenship - foreigners
A,DE2009V,ES059C,2018,34909.0,,,ES059C,ES,,2018,foreign_population,Population by citizenship - foreigners
A,DE2009V,ES059C,2019,36982.0,,,ES059C,ES,,2019,foreign_population,Population by citizenship - foreigners
A,DE2009V,ES059C,2020,39577.0,,,ES059C,ES,,2020,foreign_population,Population by citizenship - foreigners
A,DE2009V,ES059C,2021,40759.0,,,ES059C,ES,,2021,foreign_population,Population by citizenship - foreigners
A,DE2009V,ES059C,2022,40849.0,,,ES059C,ES,,2022,foreign_population,Population by citizenship - foreigners
A,DE2009V,ES059C,2023,45198.0,,,ES059C,ES,,2023,foreign_population,Population by citizenship - foreigners
A,DE2009V,ES060C,2015,26230.0,,,ES060C,ES,,2015,foreign_population,Population by citizenship - foreigners
A,DE2009V,ES060C,2016,26182.0,,,ES060C,ES,,2016,foreign_population,Population by citizenship - foreigners
A,DE2009V,ES060C,2017,26766.0,,,ES060C,ES,,2017,foreign_population,Population by citizenship - foreigners
A,DE2009V,ES060C,2018,28257.0,,,ES060C,ES,,2018,foreign_population,Population by citizenship - foreigners
A,DE2009V,ES060C,2019,30209.0,,,ES060C,ES,,2019,foreign_population,Population by citizenship - foreigners
A,DE2009V,ES060C,2020,32649.0,,,ES060C,ES,,2020,foreign_population,Population by citizenship - foreigners
A,DE2009V,ES060C,2021,32502.0,,,ES060C,ES,,2021,foreign_population,Population by citizenship - foreigners
A,DE2009V,ES060C,2022,34304.0,,,ES060C,ES,,2022,foreign_population,Population by citizenship - foreigners
A,DE2009V,ES060C,2023,37612.0,,,ES060C,ES,,2023,foreign_population,Population by citizenship - foreigners
A,DE2009V,ES061C,2015,29402.0,,,ES061C,ES,,2015,foreign_population,Population by citizenship - foreigners
A,DE2009V,ES061C,2016,27665.0,,,ES061C,ES,,2016,foreign_population,Population by citizenship - foreigners
A,DE2009V,ES061C,2017,26986.0,,,ES061C,ES,,2017,foreign_population,Population by citizenship - foreigners
A,DE2009V,ES061C,2018,26937.0,,,ES061C,ES,,2018,foreign_population,Population by citizenship - foreigners
A,DE2009V,ES061C,2019,27694.0,,,ES061C,ES,,2019,foreign_population,Population by citizenship - foreigners
A,DE2009V,ES061C,2020,29082.0,,,ES061C,ES,,2020,foreign_population,Population by citizenship - foreigners
A,DE2009V,ES061C,2021,29387.0,,,ES061C,ES,,2021,foreign_population,Population by citizenship - foreigners
A,DE2009V,ES061C,2022,30256.0,,,ES061C,ES,,2022,foreign_population,Population by citizenship - foreigners
A,DE2009V,ES061C,2023,31915.0,,,ES061C,ES,,2023,foreign_population,Population by citizenship - foreigners
A,DE2009V,ES062C,2015,7467.0,,,ES062C,ES,,2015,foreign_population,Population by citizenship - foreigners
A,DE2009V,ES062C,2016,7522.0,,,ES062C,ES,,2016,foreign_population,Population by citizenship - foreigners
A,DE2009V,ES062C,2017,7737.0,,,ES062C,ES,,2017,foreign_population,Population by citizenship - foreigners
A,DE2009V,ES062C,2018,8224.0,,,ES062C,ES,,2018,foreign_population,Population by citizenship - foreigners
A,DE2009V,ES062C,2019,8716.0,,,ES062C,ES,,2019,foreign_population,Population by citizenship - foreigners
A,DE2009V,ES062C,2020,9342.0,,,ES062C,ES,,2020,foreign_population,Population by citizenship - foreigners
A,DE2009V,ES062C,2021,9495.0,,,ES062C,ES,,2021,foreign_population,Population by citizenship - foreigners
A,DE2009V,ES062C,2022,9719.0,,,ES062C,ES,,2022,foreign_population,Population by citizenship - foreigners
A,DE2009V,ES062C,2023,11598.0,,,ES062C,ES,,2023,foreign_population,Population by citizenship - foreigners
A,DE2009V,ES063C,2015,17742.0,,,ES063C,ES,,2015,foreign_population,Population by citizenship - foreigners
A,DE2009V,ES063C,2016,18200.0,,,ES063C,ES,,2016,foreign_population,Population by citizenship - foreigners
A,DE2009V,ES063C,2017,18902.0,,,ES063C,ES,,2017,foreign_population,Population by citizenship - foreigners
A,DE2009V,ES063C,2018,19774.0,,,ES063C,ES,,2018,foreign_population,Population by citizenship - foreigners
A,DE2009V,ES063C,2019,21136.0,,,ES063C,ES,,2019,foreign_population,Population by citizenship - foreigners
A,DE2009V,ES063C,2020,22663.0,,,ES063C,ES,,2020,foreign_population,Population by citizenship - foreigners
A,DE2009V,ES063C,2021,23427.0,,,ES063C,ES,,2021,foreign_population,Population by citizenship - foreigners
A,DE2009V,ES063C,2022,24066.0,,,ES063C,ES,,2022,foreign_population,Population by citizenship - foreigners
A,DE2009V,ES063C,2023,25808.0,,,ES063C,ES,,2023,foreign_population,Population by citizenship - foreigners
A,DE2009V,ES064C,2015,39038.0,,,ES064C,ES,,2015,foreign_population,Population by citizenship - foreigners
A,DE2009V,ES064C,2016,36115.0,,,ES064C,ES,,2016,foreign_population,Population by citizenship - foreigners
A,DE2009V,ES064C,2017,34860.0,,,ES064C,ES,,2017,foreign_population,Population by citizenship - foreigners
A,DE2009V,ES064C,2018,34560.0,,,ES064C,ES,,2018,foreign_population,Population by citizenship - foreigners
A,DE2009V,ES064C,2019,36282.0,,,ES064C,ES,,2019,foreign_population,Population by citizenship - foreigners
A,DE2009V,ES064C,2020,37925.0,,,ES064C,ES,,2020,foreign_population,Population by citizenship - foreigners
A,DE2009V,ES064C,2021,37879.0,,,ES064C,ES,,2021,foreign_population,Population by citizenship - foreigners
A,DE2009V,ES064C,2022,38799.0,,,ES064C,ES,,2022,foreign_population,Population by citizenship - foreigners
A,DE2009V,ES064C,2023,40797.0,,,ES064C,ES,,2023,foreign_population,Population by citizenship - foreigners
A,DE2009V,ES065C,2015,24131.0,,,ES065C,ES,,2015,foreign_population,Population by citizenship - foreigners
A,DE2009V,ES065C,2016,23614.0,,,ES065C,ES,,2016,foreign_population,Population by citizenship - foreigners
A,DE2009V,ES065C,2017,23674.0,,,ES065C,ES,,2017,foreign_population,Population by citizenship - foreigners
A,DE2009V,ES065C,2018,24613.0,,,ES065C,ES,,2018,foreign_population,Population by citizenship - foreigners
A,DE2009V,ES065C,2019,26016.0,,,ES065C,ES,,2019,foreign_population,Population by citizenship - foreigners
A,DE2009V,ES065C,2020,28210.0,,,ES065C,ES,,2020,foreign_population,Population by citizenship - foreigners
A,DE2009V,ES065C,2021,27899.0,,,ES065C,ES,,2021,foreign_population,Population by citizenship - foreigners
A,DE2009V,ES065C,2022,26979.0,,,ES065C,ES,,2022,foreign_population,Population by citizenship - foreigners
A,DE2009V,ES065C,2023,28311.0,,,ES065C,ES,,2023,foreign_population,Population by citizenship - foreigners
A,DE2009V,ES066C,2015,16709.0,,,ES066C,ES,,2015,foreign_population,Population by citizenship - foreigners
A,DE2009V,ES066C,2016,16679.0,,,ES066C,ES,,2016,foreign_population,Population by citizenship - foreigners
A,DE2009V,ES066C,2017,16210.0,,,ES066C,ES,,2017,foreign_population,Population by citizenship - foreigners
A,DE2009V,ES066C,2018,16893.0,,,ES066C,ES,,2018,foreign_population,Population by citizenship - foreigners
A,DE2009V,ES066C,2019,17658.0,,,ES066C,ES,,2019,foreign_population,Population by citizenship - foreigners
A,DE2009V,ES066C,2020,18846.0,,,ES066C,ES,,2020,foreign_population,Population by citizenship - foreigners
A,DE2009V,ES066C,2021,18772.0,,,ES066C,ES,,2021,foreign_population,Population by citizenship - foreigners
A,DE2009V,ES066C,2022,19354.0,,,ES066C,ES,,2022,foreign_population,Population by citizenship - foreigners
A,DE2009V,ES066C,2023,21322.0,,,ES066C,ES,,2023,foreign_population,Population by citizenship - foreigners
A,DE2009V,ES067C,2015,11171.0,,,ES067C,ES,,2015,foreign_population,Population by citizenship - foreigners
A,DE2009V,ES067C,2016,11107.0,,,ES067C,ES,,2016,foreign_population,Population by citizenship - foreigners
A,DE2009V,ES067C,2017,11282.0,,,ES067C,ES,,2017,foreign_population,Population by citizenship - foreigners
A,DE2009V,ES067C,2018,11762.0,,,ES067C,ES,,2018,foreign_population,Population by citizenship - foreigners
A,DE2009V,ES067C,2019,12811.0,,,ES067C,ES,,2019,foreign_population,Population by citizenship - foreigners
A,DE2009V,ES067C,2020,14281.0,,,ES067C,ES,,2020,foreign_population,Population by citizenship - foreigners
A,DE2009V,ES067C,2021,14672.0,,,ES067C,ES,,2021,foreign_population,Population by citizenship - foreigners
A,DE2009V,ES067C,2022,15245.0,,,ES067C,ES,,2022,foreign_population,Population by citizenship - foreigners
A,DE2009V,ES067C,2023,17404.0,,,ES067C,ES,,2023,foreign_population,Population by citizenship - foreigners
A,DE2009V,ES068C,2015,13007.0,,,ES068C,ES,,2015,foreign_population,Population by citizenship - foreigners
A,DE2009V,ES068C,2016,12868.0,,,ES068C,ES,,2016,foreign_population,Population by citizenship - foreigners
A,DE2009V,ES068C,2017,12845.0,,,ES068C,ES,,2017,foreign_population,Population by citizenship - foreigners
A,DE2009V,ES068C,2018,13072.0,,,ES068C,ES,,2018,foreign_population,Population by citizenship - foreigners
A,DE2009V,ES068C,2019,13559.0,,,ES068C,ES,,2019,foreign_population,Population by citizenship - foreigners
A,DE2009V,ES068C,2020,14605.0,,,ES068C,ES,,2020,foreign_population,Population by citizenship - foreigners
A,DE2009V,ES068C,2021,14517.0,,,ES068C,ES,,2021,foreign_population,Population by citizenship - foreigners
A,DE2009V,ES068C,2022,14767.0,,,ES068C,ES,,2022,foreign_population,Population by citizenship - foreigners
A,DE2009V,ES068C,2023,16408.0,,,ES068C,ES,,2023,foreign_population,Population by citizenship - foreigners
A,DE2009V,ES069C,2015,30136.0,,,ES069C,ES,,2015,foreign_population,Population by citizenship - foreigners
A,DE2009V,ES069C,2016,29424.0,,,ES069C,ES,,2016,foreign_population,Population by citizenship - foreigners
A,DE2009V,ES069C,2017,28123.0,,,ES069C,ES,,2017,foreign_population,Population by citizenship - foreigners
A,DE2009V,ES069C,2018,29286.0,,,ES069C,ES,,2018,foreign_population,Population by citizenship - foreigners
A,DE2009V,ES069C,2019,30269.0,,,ES069C,ES,,2019,foreign_population,Population by citizenship - foreigners
A,DE2009V,ES069C,2020,32779.0,,,ES069C,ES,,2020,foreign_population,Population by citizenship - foreigners
A,DE2009V,ES069C,2021,32643.0,,,ES069C,ES,,2021,foreign_population,Population by citizenship - foreigners
A,DE2009V,ES069C,2022,32872.0,,,ES069C,ES,,2022,foreign_population,Population by citizenship - foreigners
A,DE2009V,ES069C,2023,36973.0,,,ES069C,ES,,2023,foreign_population,Population by citizenship - foreigners
A,DE2009V,ES070C,2015,9137.0,,,ES070C,ES,,2015,foreign_population,Population by citizenship - foreigners
A,DE2009V,ES070C,2016,8890.0,,,ES070C,ES,,2016,foreign_population,Population by citizenship - foreigners
A,DE2009V,ES070C,2017,8807.0,,,ES070C,ES,,2017,foreign_population,Population by citizenship - foreigners
A,DE2009V,ES070C,2018,8592.0,,,ES070C,ES,,2018,foreign_population,Population by citizenship - foreigners
A,DE2009V,ES070C,2019,8937.0,,,ES070C,ES,,2019,foreign_population,Population by citizenship - foreigners
A,DE2009V,ES070C,2020,9678.0,,,ES070C,ES,,2020,foreign_population,Population by citizenship - foreigners
A,DE2009V,ES070C,2021,9875.0,,,ES070C,ES,,2021,foreign_population,Population by citizenship - foreigners
A,DE2009V,ES070C,2022,10370.0,,,ES070C,ES,,2022,foreign_population,Population by citizenship - foreigners
A,DE2009V,ES070C,2023,12130.0,,,ES070C,ES,,2023,foreign_population,Population by citizenship - foreigners
A,DE2009V,ES071C,2015,3741.0,,,ES071C,ES,,2015,foreign_population,Population by citizenship - foreigners
A,DE2009V,ES071C,2016,3545.0,,,ES071C,ES,,2016,foreign_population,Population by citizenship - foreigners
A,DE2009V,ES071C,2017,3555.0,,,ES071C,ES,,2017,foreign_population,Population by citizenship - foreigners
A,DE2009V,ES071C,2018,3639.0,,,ES071C,ES,,2018,foreign_population,Population by citizenship - foreigners
A,DE2009V,ES071C,2019,3811.0,,,ES071C,ES,,2019,foreign_population,Population by citizenship - foreigners
A,DE2009V,ES071C,2020,4046.0,,,ES071C,ES,,2020,foreign_population,Population by citizenship - foreigners
A,DE2009V,ES071C,2021,4108.0,,,ES071C,ES,,2021,foreign_population,Population by citizenship - foreigners
A,DE2009V,ES071C,2022,4198.0,,,ES071C,ES,,2022,foreign_population,Population by citizenship - foreigners
A,DE2009V,ES071C,2023,4632.0,,,ES071C,ES,,2023,foreign_population,Population by citizenship - foreigners
A,DE2009V,ES072C,2015,10448.0,,,ES072C,ES,,2015,foreign_population,Population by citizenship - foreigners
A,DE2009V,ES072C,2016,9978.0,,,ES072C,ES,,2016,foreign_population,Population by citizenship - foreigners
A,DE2009V,ES072C,2017,9958.0,,,ES072C,ES,,2017,foreign_population,Population by citizenship - foreigners
A,DE2009V,ES072C,2018,10215.0,,,ES072C,ES,,2018,foreign_population,Population by citizenship - foreigners
A,DE2009V,ES072C,2019,10795.0,,,ES072C,ES,,2019,foreign_population,Population by citizenship - foreigners
A,DE2009V,ES072C,2020,11460.0,,,ES072C,ES,,2020,foreign_population,Population by citizenship - foreigners
A,DE2009V,ES072C,2021,11466.0,,,ES072C,ES,,2021,foreign_population,Population by citizenship - foreigners
A,DE2009V,ES072C,2022,11630.0,,,ES072C,ES,,2022,foreign_population,Population by citizenship - foreigners
A,DE2009V,ES072C,2023,13113.0,,,ES072C,ES,,2023,foreign_population,Population by citizenship - foreigners
A,DE2009V,ES073C,2015,23233.0,,,ES073C,ES,,2015,foreign_population,Population by citizenship - foreigners
A,DE2009V,ES073C,2016,23121.0,,,ES073C,ES,,2016,foreign_population,Population by citizenship - foreigners
A,DE2009V,ES073C,2017,23697.0,,,ES073C,ES,,2017,foreign_population,Population by citizenship - foreigners
A,DE2009V,ES073C,2018,24603.0,,,ES073C,ES,,2018,foreign_population,Population by citizenship - foreigners
A,DE2009V,ES073C,2019,27024.0,,,ES073C,ES,,2019,foreign_population,Population by citizenship - foreigners
A,DE2009V,ES073C,2020,29411.0,,,ES073C,ES,,2020,foreign_population,Population by citizenship - foreigners
A,DE2009V,ES073C,2021,29075.0,,,ES073C,ES,,2021,foreign_population,Population by citizenship - foreigners
A,DE2009V,ES073C,2022,29286.0,,,ES073C,ES,,2022,foreign_population,Population by citizenship - foreigners
A,DE2009V,ES073C,2023,32852.0,,,ES073C,ES,,2023,foreign_population,Population by citizenship - foreigners
A,DE2009V,ES074C,2015,4638.0,,,ES074C,ES,,2015,foreign_population,Population by citizenship - foreigners
A,DE2009V,ES074C,2016,4450.0,,,ES074C,ES,,2016,foreign_population,Population by citizenship - foreigners
A,DE2009V,ES074C,2017,4410.0,,,ES074C,ES,,2017,foreign_population,Population by citizenship - foreigners
A,DE2009V,ES074C,2018,4388.0,,,ES074C,ES,,2018,foreign_population,Population by citizenship - foreigners
A,DE2009V,ES074C,2019,4511.0,,,ES074C,ES,,2019,foreign_population,Population by citizenship - foreigners
A,DE2009V,ES074C,2020,4717.0,,,ES074C,ES,,2020,foreign_population,Population by citizenship - foreigners
A,DE2009V,ES074C,2021,4898.0,,,ES074C,ES,,2021,foreign_population,Population by citizenship - foreigners
A,DE2009V,ES074C,2022,5173.0,,,ES074C,ES,,2022,foreign_population,Population by citizenship - foreigners
A,DE2009V,ES074C,2023,5834.0,,,ES074C,ES,,2023,foreign_population,Population by citizenship - foreigners
A,DE2009V,ES075C,2015,28494.0,,,ES075C,ES,,2015,foreign_population,Population by citizenship - foreigners
A,DE2009V,ES075C,2016,28181.0,,,ES075C,ES,,2016,foreign_population,Population by citizenship - foreigners
A,DE2009V,ES075C,2017,27698.0,,,ES075C,ES,,2017,foreign_population,Population by citizenship - foreigners
A,DE2009V,ES075C,2018,28114.0,,,ES075C,ES,,2018,foreign_population,Population by citizenship - foreigners
A,DE2009V,ES075C,2019,29408.0,,,ES075C,ES,,2019,foreign_population,Population by citizenship - foreigners
A,DE2009V,ES075C,2020,30968.0,,,ES075C,ES,,2020,foreign_population,Population by citizenship - foreigners
A,DE2009V,ES075C,2021,31717.0,,,ES075C,ES,,2021,foreign_population,Population by citizenship - foreigners
A,DE2009V,ES075C,2022,33001.0,,,ES075C,ES,,2022,foreign_population,Population by citizenship - foreigners
A,DE2009V,ES075C,2023,35558.0,,,ES075C,ES,,2023,foreign_population,Population by citizenship - foreigners
A,DE2009V,ES076C,2015,11719.0,,,ES076C,ES,,2015,foreign_population,Population by citizenship - foreigners
A,DE2009V,ES076C,2016,11714.0,,,ES076C,ES,,2016,foreign_population,Population by citizenship - foreigners
A,DE2009V,ES076C,2017,11899.0,,,ES076C,ES,,2017,foreign_population,Population by citizenship - foreigners
A,DE2009V,ES076C,2018,12189.0,,,ES076C,ES,,2018,foreign_population,Population by citizenship - foreigners
A,DE2009V,ES076C,2019,12939.0,,,ES076C,ES,,2019,foreign_population,Population by citizenship - foreigners
A,DE2009V,ES076C,2020,14061.0,,,ES076C,ES,,2020,foreign_population,Population by citizenship - foreigners
A,DE2009V,ES076C,2021,14349.0,,,ES076C,ES,,2021,foreign_population,Population by citizenship - foreigners
A,DE2009V,ES076C,2022,14778.0,,,ES076C,ES,,2022,foreign_population,Population by citizenship - foreigners
A,DE2009V,ES076C,2023,15968.0,,,ES076C,ES,,2023,foreign_population,Population by citizenship - foreigners
A,DE2009V,ES077C,2015,20458.0,,,ES077C,ES,,2015,foreign_population,Population by citizenship - foreigners
A,DE2009V,ES077C,2016,20803.0,,,ES077C,ES,,2016,foreign_population,Population by citizenship - foreigners
A,DE2009V,ES077C,2017,21182.0,,,ES077C,ES,,2017,foreign_population,Population by citizenship - foreigners
A,DE2009V,ES077C,2018,21972.0,,,ES077C,ES,,2018,foreign_population,Population by citizenship - foreigners
A,DE2009V,ES077C,2019,23227.0,,,ES077C,ES,,2019,foreign_population,Population by citizenship - foreigners
A,DE2009V,ES077C,2020,24867.0,,,ES077C,ES,,2020,foreign_population,Population by citizenship - foreigners
A,DE2009V,ES077C,2021,24939.0,,,ES077C,ES,,2021,foreign_population,Population by citizenship - foreigners
A,DE2009V,ES077C,2022,25153.0,,,ES077C,ES,,2022,foreign_population,Population by citizenship - foreigners
A,DE2009V,ES077C,2023,26407.0,,,ES077C,ES,,2023,foreign_population,Population by citizenship - foreigners
A,DE2009V,ES078C,2015,5230.0,,,ES078C,ES,,2015,foreign_population,Population by citizenship - foreigners
A,DE2009V,ES078C,2016,5030.0,,,ES078C,ES,,2016,foreign_population,Population by citizenship - foreigners
A,DE2009V,ES078C,2017,5020.0,,,ES078C,ES,,2017,foreign_population,Population by citizenship - foreigners
A,DE2009V,ES078C,2018,5236.0,,,ES078C,ES,,2018,foreign_population,Population by citizenship - foreigners
A,DE2009V,ES078C,2019,5472.0,,,ES078C,ES,,2019,foreign_population,Population by citizenship - foreigners
A,DE2009V,ES078C,2020,5750.0,,,ES078C,ES,,2020,foreign_population,Population by citizenship - foreigners
A,DE2009V,ES078C,2021,5959.0,,,ES078C,ES,,2021,foreign_population,Population by citizenship - foreigners
A,DE2009V,ES078C,2022,6135.0,,,ES078C,ES,,2022,foreign_population,Population by citizenship - foreigners
A,DE2009V,ES078C,2023,6530.0,,,ES078C,ES,,2023,foreign_population,Population by citizenship - foreigners
A,DE2009V,ES079C,2015,11352.0,,,ES079C,ES,,2015,foreign_population,Population by citizenship - foreigners
A,DE2009V,ES079C,2016,11980.0,,,ES079C,ES,,2016,foreign_population,Population by citizenship - foreigners
A,DE2009V,ES079C,2017,12300.0,,,ES079C,ES,,2017,foreign_population,Population by citizenship - foreigners
A,DE2009V,ES079C,2018,12491.0,,,ES079C,ES,,2018,foreign_population,Population by citizenship - foreigners
A,DE2009V,ES079C,2019,13073.0,,,ES079C,ES,,2019,foreign_population,Population by citizenship - foreigners
A,DE2009V,ES079C,2020,13978.0,,,ES079C,ES,,2020,foreign_population,Population by citizenship - foreigners
A,DE2009V,ES079C,2021,14179.0,,,ES079C,ES,,2021,foreign_population,Population by citizenship - foreigners
A,DE2009V,ES079C,2022,14216.0,,,ES079C,ES,,2022,foreign_population,Population by citizenship - foreigners
A,DE2009V,ES079C,2023,15770.0,,,ES079C,ES,,2023,foreign_population,Population by citizenship - foreigners
A,DE2009V,ES080C,2015,42418.0,,,ES080C,ES,,2015,foreign_population,Population by citizenship - foreigners
A,DE2009V,ES080C,2016,42370.0,,,ES080C,ES,,2016,foreign_population,Population by citizenship - foreigners
A,DE2009V,ES080C,2017,42391.0,,,ES080C,ES,,2017,foreign_population,Population by citizenship - foreigners
A,DE2009V,ES080C,2018,42999.0,,,ES080C,ES,,2018,foreign_population,Population by citizenship - foreigners
A,DE2009V,ES080C,2019,44984.0,,,ES080C,ES,,2019,foreign_population,Population by citizenship - foreigners
A,DE2009V,ES080C,2020,48688.0,,,ES080C,ES,,2020,foreign_population,Population by citizenship - foreigners
A,DE2009V,ES080C,2021,49241.0,,,ES080C,ES,,2021,foreign_population,Population by citizenship - foreigners
A,DE2009V,ES080C,2022,52173.0,,,ES080C,ES,,2022,foreign_population,Population by citizenship - foreigners
A,DE2009V,ES080C,2023,57650.0,,,ES080C,ES,,2023,foreign_population,Population by citizenship - foreigners
A,DE2009V,ES081C,2015,26115.0,,,ES081C,ES,,2015,foreign_population,Population by citizenship - foreigners
A,DE2009V,ES081C,2016,25215.0,,,ES081C,ES,,2016,foreign_population,Population by citizenship - foreigners
A,DE2009V,ES081C,2017,25170.0,,,ES081C,ES,,2017,foreign_population,Population by citizenship - foreigners
A,DE2009V,ES081C,2018,25940.0,,,ES081C,ES,,2018,foreign_population,Population by citizenship - foreigners
A,DE2009V,ES081C,2019,26806.0,,,ES081C,ES,,2019,foreign_population,Population by citizenship - foreigners
A,DE2009V,ES081C,2020,27984.0,,,ES081C,ES,,2020,foreign_population,Population by citizenship - foreigners
A,DE2009V,ES081C,2021,28159.0,,,ES081C,ES,,2021,foreign_population,Population by citizenship - foreigners
A,DE2009V,ES081C,2022,29402.0,,,ES081C,ES,,2022,foreign_population,Population by citizenship - foreigners
A,DE2009V,ES081C,2023,32246.0,,,ES081C,ES,,2023,foreign_population,Population by citizenship - foreigners
A,DE2009V,ES082C,2015,2858.0,,,ES082C,ES,,2015,foreign_population,Population by citizenship - foreigners
A,DE2009V,ES082C,2016,2820.0,,,ES082C,ES,,2016,foreign_population,Population by citizenship - foreigners
A,DE2009V,ES082C,2017,2832.0,,,ES082C,ES,,2017,foreign_population,Population by citizenship - foreigners
A,DE2009V,ES082C,2018,2920.0,,,ES082C,ES,,2018,foreign_population,Population by citizenship - foreigners
A,DE2009V,ES082C,2019,2977.0,,,ES082C,ES,,2019,foreign_population,Population by citizenship - foreigners
A,DE2009V,ES082C,2020,3021.0,,,ES082C,ES,,2020,foreign_population,Population by citizenship - foreigners
A,DE2009V,ES082C,2021,3040.0,,,ES082C,ES,,2021,foreign_population,Population by citizenship - foreigners
A,DE2009V,ES082C,2022,3186.0,,,ES082C,ES,,2022,foreign_population,Population by citizenship - foreigners
A,DE2009V,ES082C,2023,3608.0,,,ES082C,ES,,2023,foreign_population,Population by citizenship - foreigners
A,DE2009V,ES083C,2015,3749.0,,,ES083C,ES,,2015,foreign_population,Population by citizenship - foreigners
A,DE2009V,ES083C,2016,3704.0,,,ES083C,ES,,2016,foreign_population,Population by citizenship - foreigners
A,DE2009V,ES083C,2017,3897.0,,,ES083C,ES,,2017,foreign_population,Population by citizenship - foreigners
A,DE2009V,ES083C,2018,4140.0,,,ES083C,ES,,2018,foreign_population,Population by citizenship - foreigners
A,DE2009V,ES083C,2019,4504.0,,,ES083C,ES,,2019,foreign_population,Population by citizenship - foreigners
A,DE2009V,ES083C,2020,5095.0,,,ES083C,ES,,2020,foreign_population,Population by citizenship - foreigners
A,DE2009V,ES083C,2021,5303.0,,,ES083C,ES,,2021,foreign_population,Population by citizenship - foreigners
A,DE2009V,ES083C,2022,5541.0,,,ES083C,ES,,2022,foreign_population,Population by citizenship - foreigners
A,DE2009V,ES083C,2023,6509.0,,,ES083C,ES,,2023,foreign_population,Population by citizenship - foreigners
A,DE2009V,ES084C,2015,5705.0,,,ES084C,ES,,2015,foreign_population,Population by citizenship - foreigners
A,DE2009V,ES084C,2016,5487.0,,,ES084C,ES,,2016,foreign_population,Population by citizenship - foreigners
A,DE2009V,ES084C,2017,5418.0,,,ES084C,ES,,2017,foreign_population,Population by citizenship - foreigners
A,DE2009V,ES084C,2018,5208.0,,,ES084C,ES,,2018,foreign_population,Population by citizenship - foreigners
A,DE2009V,ES084C,2019,5460.0,,,ES084C,ES,,2019,foreign_population,Population by citizenship - foreigners
A,DE2009V,ES084C,2020,6125.0,,,ES084C,ES,,2020,foreign_population,Population by citizenship - foreigners
A,DE2009V,ES084C,2021,5958.0,,,ES084C,ES,,2021,foreign_population,Population by citizenship - foreigners
A,DE2009V,ES084C,2022,5962.0,,,ES084C,ES,,2022,foreign_population,Population by citizenship - foreigners
A,DE2009V,ES084C,2023,7163.0,,,ES084C,ES,,2023,foreign_population,Population by citizenship - foreigners
A,DE2009V,ES085C,2015,21507.0,,,ES085C,ES,,2015,foreign_population,Population by citizenship - foreigners
A,DE2009V,ES085C,2016,21279.0,,,ES085C,ES,,2016,foreign_population,Population by citizenship - foreigners
A,DE2009V,ES085C,2017,22349.0,,,ES085C,ES,,2017,foreign_population,Population by citizenship - foreigners
A,DE2009V,ES085C,2018,20661.0,,,ES085C,ES,,2018,foreign_population,Population by citizenship - foreigners
A,DE2009V,ES085C,2019,20769.0,,,ES085C,ES,,2019,foreign_population,Population by citizenship - foreigners
A,DE2009V,ES085C,2020,21550.0,,,ES085C,ES,,2020,foreign_population,Population by citizenship - foreigners
A,DE2009V,ES085C,2021,22168.0,,,ES085C,ES,,2021,foreign_population,Population by citizenship - foreigners
A,DE2009V,ES085C,2022,24406.0,,,ES085C,ES,,2022,foreign_population,Population by citizenship - foreigners
A,DE2009V,ES085C,2023,27278.0,,,ES085C,ES,,2023,foreign_population,Population by citizenship - foreigners
A,DE2009V,ES086C,2015,4484.0,,,ES086C,ES,,2015,foreign_population,Population by citizenship - foreigners
A,DE2009V,ES086C,2016,4032.0,,,ES086C,ES,,2016,foreign_population,Population by citizenship - foreigners
A,DE2009V,ES086C,2017,4117.0,,,ES086C,ES,,2017,foreign_population,Population by citizenship - foreigners
A,DE2009V,ES086C,2018,4419.0,,,ES086C,ES,,2018,foreign_population,Population by citizenship - foreigners
A,DE2009V,ES086C,2019,4628.0,,,ES086C,ES,,2019,foreign_population,Population by citizenship - foreigners
A,DE2009V,ES086C,2020,5022.0,,,ES086C,ES,,2020,foreign_population,Population by citizenship - foreigners
A,DE2009V,ES086C,2021,5178.0,,,ES086C,ES,,2021,foreign_population,Population by citizenship - foreigners
A,DE2009V,ES086C,2022,5436.0,,,ES086C,ES,,2022,foreign_population,Population by citizenship - foreigners
A,DE2009V,ES086C,2023,5910.0,,,ES086C,ES,,2023,foreign_population,Population by citizenship - foreigners
A,DE2009V,ES087C,2015,14452.0,,,ES087C,ES,,2015,foreign_population,Population by citizenship - foreigners
A,DE2009V,ES087C,2016,13843.0,,,ES087C,ES,,2016,foreign_population,Population by citizenship - foreigners
A,DE2009V,ES087C,2017,14193.0,,,ES087C,ES,,2017,foreign_population,Population by citizenship - foreigners
A,DE2009V,ES087C,2018,14822.0,,,ES087C,ES,,2018,foreign_population,Population by citizenship - foreigners
A,DE2009V,ES087C,2019,15338.0,,,ES087C,ES,,2019,foreign_population,Population by citizenship - foreigners
A,DE2009V,ES087C,2020,16030.0,,,ES087C,ES,,2020,foreign_population,Population by citizenship - foreigners
A,DE2009V,ES087C,2021,15904.0,,,ES087C,ES,,2021,foreign_population,Population by citizenship - foreigners
A,DE2009V,ES087C,2022,16200.0,,,ES087C,ES,,2022,foreign_population,Population by citizenship - foreigners
A,DE2009V,ES087C,2023,17871.0,,,ES087C,ES,,2023,foreign_population,Population by citizenship - foreigners
A,DE2009V,ES088C,2015,5645.0,,,ES088C,ES,,2015,foreign_population,Population by citizenship - foreigners
A,DE2009V,ES088C,2016,5594.0,,,ES088C,ES,,2016,foreign_population,Population by citizenship - foreigners
A,DE2009V,ES088C,2017,5484.0,,,ES088C,ES,,2017,foreign_population,Population by citizenship - foreigners
A,DE2009V,ES088C,2018,5528.0,,,ES088C,ES,,2018,foreign_population,Population by citizenship - foreigners
A,DE2009V,ES088C,2019,5696.0,,,ES088C,ES,,2019,foreign_population,Population by citizenship - foreigners
A,DE2009V,ES088C,2020,6053.0,,,ES088C,ES,,2020,foreign_population,Population by citizenship - foreigners
A,DE2009V,ES088C,2021,5930.0,,,ES088C,ES,,2021,foreign_population,Population by citizenship - foreigners
A,DE2009V,ES088C,2022,5813.0,,,ES088C,ES,,2022,foreign_population,Population by citizenship - foreigners
A,DE2009V,ES088C,2023,6882.0,,,ES088C,ES,,2023,foreign_population,Population by citizenship - foreigners
A,DE2009V,ES089C,2015,14289.0,,,ES089C,ES,,2015,foreign_population,Population by citizenship - foreigners
A,DE2009V,ES089C,2016,14115.0,,,ES089C,ES,,2016,foreign_population,Population by citizenship - foreigners
A,DE2009V,ES089C,2017,14141.0,,,ES089C,ES,,2017,foreign_population,Population by citizenship - foreigners
A,DE2009V,ES089C,2018,14533.0,,,ES089C,ES,,2018,foreign_population,Population by citizenship - foreigners
A,DE2009V,ES089C,2019,14764.0,,,ES089C,ES,,2019,foreign_population,Population by citizenship - foreigners
A,DE2009V,ES089C,2020,16003.0,,,ES089C,ES,,2020,foreign_population,Population by citizenship - foreigners
A,DE2009V,ES089C,2021,15970.0,,,ES089C,ES,,2021,foreign_population,Population by citizenship - foreigners
A,DE2009V,ES089C,2022,16357.0,,,ES089C,ES,,2022,foreign_population,Population by citizenship - foreigners
A,DE2009V,ES089C,2023,17512.0,,,ES089C,ES,,2023,foreign_population,Population by citizenship - foreigners
A,DE2009V,ES090C,2015,2144.0,,,ES090C,ES,,2015,foreign_population,Population by citizenship - foreigners
A,DE2009V,ES090C,2016,1956.0,,,ES090C,ES,,2016,foreign_population,Population by citizenship - foreigners
A,DE2009V,ES090C,2017,1919.0,,,ES090C,ES,,2017,foreign_population,Population by citizenship - foreigners
A,DE2009V,ES090C,2018,1912.0,,,ES090C,ES,,2018,foreign_population,Population by citizenship - foreigners
A,DE2009V,ES090C,2019,2060.0,,,ES090C,ES,,2019,foreign_population,Population by citizenship - foreigners
A,DE2009V,ES090C,2020,2227.0,,,ES090C,ES,,2020,foreign_population,Population by citizenship - foreigners
A,DE2009V,ES090C,2021,2172.0,,,ES090C,ES,,2021,foreign_population,Population by citizenship - foreigners
A,DE2009V,ES090C,2022,2134.0,,,ES090C,ES,,2022,foreign_population,Population by citizenship - foreigners
A,DE2009V,ES090C,2023,2274.0,,,ES090C,ES,,2023,foreign_population,Population by citizenship - foreigners
A,DE2009V,ES091C,2015,19427.0,,,ES091C,ES,,2015,foreign_population,Population by citizenship - foreigners
A,DE2009V,ES091C,2016,19295.0,,,ES091C,ES,,2016,foreign_population,Population by citizenship - foreigners
A,DE2009V,ES091C,2017,19697.0,,,ES091C,ES,,2017,foreign_population,Population by citizenship - foreigners
A,DE2009V,ES091C,2018,20521.0,,,ES091C,ES,,2018,foreign_population,Population by citizenship - foreigners
A,DE2009V,ES091C,2019,21908.0,,,ES091C,ES,,2019,foreign_population,Population by citizenship - foreigners
A,DE2009V,ES091C,2020,22976.0,,,ES091C,ES,,2020,foreign_population,Population by citizenship - foreigners
A,DE2009V,ES091C,2021,23919.0,,,ES091C,ES,,2021,foreign_population,Population by citizenship - foreigners
A,DE2009V,ES091C,2022,24929.0,,,ES091C,ES,,2022,foreign_population,Population by citizenship - foreigners
A,DE2009V,ES091C,2023,25736.0,,,ES091C,ES,,2023,foreign_population,Population by citizenship - foreigners
A,DE2009V,ES092C,2015,2443.0,,,ES092C,ES,,2015,foreign_population,Population by citizenship - foreigners
A,DE2009V,ES092C,2016,2385.0,,,ES092C,ES,,2016,foreign_population,Population by citizenship - foreigners
A,DE2009V,ES092C,2017,2367.0,,,ES092C,ES,,2017,foreign_population,Population by citizenship - foreigners
A,DE2009V,ES092C,2018,2465.0,,,ES092C,ES,,2018,foreign_population,Population by citizenship - foreigners
A,DE2009V,ES092C,2019,2612.0,,,ES092C,ES,,2019,foreign_population,Population by citizenship - foreigners
A,DE2009V,ES092C,2020,2917.0,,,ES092C,ES,,2020,foreign_population,Population by citizenship - foreigners
A,DE2009V,ES092C,2021,2941.0,,,ES092C,ES,,2021,foreign_population,Population by citizenship - foreigners
A,DE2009V,ES092C,2022,2921.0,,,ES092C,ES,,2022,foreign_population,Population by citizenship - foreigners
A,DE2009V,ES092C,2023,3320.0,,,ES092C,ES,,2023,foreign_population,Population by citizenship - foreigners
A,DE2009V,ES093C,2015,8883.0,,,ES093C,ES,,2015,foreign_population,Population by citizenship - foreigners
A,DE2009V,ES093C,2016,8035.0,,,ES093C,ES,,2016,foreign_population,Population by citizenship - foreigners
A,DE2009V,ES093C,2017,8539.0,,,ES093C,ES,,2017,foreign_population,Population by citizenship - foreigners
A,DE2009V,ES093C,2018,8974.0,,,ES093C,ES,,2018,foreign_population,Population by citizenship - foreigners
A,DE2009V,ES093C,2019,9546.0,,,ES093C,ES,,2019,foreign_population,Population by citizenship - foreigners
A,DE2009V,ES093C,2020,10587.0,,,ES093C,ES,,2020,foreign_population,Population by citizenship - foreigners
A,DE2009V,ES093C,2021,10626.0,,,ES093C,ES,,2021,foreign_population,Population by citizenship - foreigners
A,DE2009V,ES093C,2022,11612.0,,,ES093C,ES,,2022,foreign_population,Population by citizenship - foreigners
A,DE2009V,ES093C,2023,14003.0,,,ES093C,ES,,2023,foreign_population,Population by citizenship - foreigners
A,DE2009V,ES094C,2015,5078.0,,,ES094C,ES,,2015,foreign_population,Population by citizenship - foreigners
A,DE2009V,ES094C,2016,4898.0,,,ES094C,ES,,2016,foreign_population,Population by citizenship - foreigners
A,DE2009V,ES094C,2017,4565.0,,,ES094C,ES,,2017,foreign_population,Population by citizenship - foreigners
A,DE2009V,ES094C,2018,4636.0,,,ES094C,ES,,2018,foreign_population,Population by citizenship - foreigners
A,DE2009V,ES094C,2019,4851.0,,,ES094C,ES,,2019,foreign_population,Population by citizenship - foreigners
A,DE2009V,ES094C,2020,5259.0,,,ES094C,ES,,2020,foreign_population,Population by citizenship - foreigners
A,DE2009V,ES094C,2021,5330.0,,,ES094C,ES,,2021,foreign_population,Population by citizenship - foreigners
A,DE2009V,ES094C,2022,5589.0,,,ES094C,ES,,2022,foreign_population,Population by citizenship - foreigners
A,DE2009V,ES094C,2023,6106.0,,,ES094C,ES,,2023,foreign_population,Population by citizenship - foreigners
A,DE2009V,ES095C,2015,11313.0,,,ES095C,ES,,2015,foreign_population,Population by citizenship - foreigners
A,DE2009V,ES095C,2016,10664.0,,,ES095C,ES,,2016,foreign_population,Population by citizenship - foreigners
A,DE2009V,ES095C,2017,10710.0,,,ES095C,ES,,2017,foreign_population,Population by citizenship - foreigners
A,DE2009V,ES095C,2018,10826.0,,,ES095C,ES,,2018,foreign_population,Population by citizenship - foreigners
A,DE2009V,ES095C,2019,11351.0,,,ES095C,ES,,2019,foreign_population,Population by citizenship - foreigners
A,DE2009V,ES095C,2020,12015.0,,,ES095C,ES,,2020,foreign_population,Population by citizenship - foreigners
A,DE2009V,ES095C,2021,12156.0,,,ES095C,ES,,2021,foreign_population,Population by citizenship - foreigners
A,DE2009V,ES095C,2022,12585.0,,,ES095C,ES,,2022,foreign_population,Population by citizenship - foreigners
A,DE2009V,ES095C,2023,14101.0,,,ES095C,ES,,2023,foreign_population,Population by citizenship - foreigners
A,DE2009V,ES096C,2015,9433.0,,,ES096C,ES,,2015,foreign_population,Population by citizenship - foreigners
A,DE2009V,ES096C,2016,9604.0,,,ES096C,ES,,2016,foreign_population,Population by citizenship - foreigners
A,DE2009V,ES096C,2017,10265.0,,,ES096C,ES,,2017,foreign_population,Population by citizenship - foreigners
A,DE2009V,ES096C,2018,10984.0,,,ES096C,ES,,2018,foreign_population,Population by citizenship - foreigners
A,DE2009V,ES096C,2019,11297.0,,,ES096C,ES,,2019,foreign_population,Population by citizenship - foreigners
A,DE2009V,ES096C,2020,11695.0,,,ES096C,ES,,2020,foreign_population,Population by citizenship - foreigners
A,DE2009V,ES096C,2021,11582.0,,,ES096C,ES,,2021,foreign_population,Population by citizenship - foreigners
A,DE2009V,ES096C,2022,11931.0,,,ES096C,ES,,2022,foreign_population,Population by citizenship - foreigners
A,DE2009V,ES096C,2023,13383.0,,,ES096C,ES,,2023,foreign_population,Population by citizenship - foreigners
A,DE2009V,ES097C,2015,7208.0,,,ES097C,ES,,2015,foreign_population,Population by citizenship - foreigners
A,DE2009V,ES097C,2016,7331.0,,,ES097C,ES,,2016,foreign_population,Population by citizenship - foreigners
A,DE2009V,ES097C,2017,7478.0,,,ES097C,ES,,2017,foreign_population,Population by citizenship - foreigners
A,DE2009V,ES097C,2018,7782.0,,,ES097C,ES,,2018,foreign_population,Population by citizenship - foreigners
A,DE2009V,ES097C,2019,8322.0,,,ES097C,ES,,2019,foreign_population,Population by citizenship - foreigners
A,DE2009V,ES097C,2020,9266.0,,,ES097C,ES,,2020,foreign_population,Population by citizenship - foreigners
A,DE2009V,ES097C,2021,9669.0,,,ES097C,ES,,2021,foreign_population,Population by citizenship - foreigners
A,DE2009V,ES097C,2022,9814.0,,,ES097C,ES,,2022,foreign_population,Population by citizenship - foreigners
A,DE2009V,ES097C,2023,10569.0,,,ES097C,ES,,2023,foreign_population,Population by citizenship - foreigners
A,DE2009V,ES098C,2015,5085.0,,,ES098C,ES,,2015,foreign_population,Population by citizenship - foreigners
A,DE2009V,ES098C,2016,5165.0,,,ES098C,ES,,2016,foreign_population,Population by citizenship - foreigners
A,DE2009V,ES098C,2017,5267.0,,,ES098C,ES,,2017,foreign_population,Population by citizenship - foreigners
A,DE2009V,ES098C,2018,5587.0,,,ES098C,ES,,2018,foreign_population,Population by citizenship - foreigners
A,DE2009V,ES098C,2019,5939.0,,,ES098C,ES,,2019,foreign_population,Population by citizenship - foreigners
A,DE2009V,ES098C,2020,6417.0,,,ES098C,ES,,2020,foreign_population,Population by citizenship - foreigners
A,DE2009V,ES098C,2021,6459.0,,,ES098C,ES,,2021,foreign_population,Population by citizenship - foreigners
A,DE2009V,ES098C,2022,6570.0,,,ES098C,ES,,2022,foreign_population,Population by citizenship - foreigners
A,DE2009V,ES098C,2023,7318.0,,,ES098C,ES,,2023,foreign_population,Population by citizenship - foreigners
A,DE2009V,FI,2015,321977.0,,,FI,FI,,2015,foreign_population,Population by citizenship - foreigners
A,DE2009V,FI,2016,337162.0,,,FI,FI,,2016,foreign_population,Population by citizenship - foreigners
A,DE2009V,FI,2017,357541.0,,,FI,FI,,2017,foreign_population,Population by citizenship - foreigners
A,DE2009V,FI,2018,372802.0,,,FI,FI,,2018,foreign_population,Population by citizenship - foreigners
A,DE2009V,FI001C,2015,78551.0,,,FI001C,FI,,2015,foreign_population,Population by citizenship - foreigners
A,DE2009V,FI001C,2016,81998.0,,,FI001C,FI,,2016,foreign_population,Population by citizenship - foreigners
A,DE2009V,FI001C,2017,86107.0,,,FI001C,FI,,2017,foreign_population,Population by citizenship - foreigners
A,DE2009V,FI001C,2018,89917.0,,,FI001C,FI,,2018,foreign_population,Population by citizenship - foreigners
A,DE2009V,FI001C,2019,92407.0,,,FI001C,FI,,2019,foreign_population,Population by citizenship - foreigners
A,DE2009V,FI001C,2020,95727.0,,,FI001C,FI,,2020,foreign_population,Population by citizenship - foreigners
A,DE2009V,FI001C,2021,98103.0,,,FI001C,FI,,2021,foreign_population,Population by citizenship - foreigners
A,DE2009V,FI001C,2022,102016.0,,,FI001C,FI,,2022,foreign_population,Population by citizenship - foreigners
A,DE2009V,FI001C,2023,108919.0,,,FI001C,FI,,2023,foreign_population,Population by citizenship - foreigners
A,DE2009V,FI002C,2015,14642.0,,,FI002C,FI,,2015,foreign_population,Population by citizenship - foreigners
A,DE2009V,FI002C,2016,15159.0,,,FI002C,FI,,2016,foreign_population,Population by citizenship - foreigners
A,DE2009V,FI002C,2017,16082.0,,,FI002C,FI,,2017,foreign_population,Population by citizenship - foreigners
A,DE2009V,FI002C,2018,16751.0,,,FI002C,FI,,2018,foreign_population,Population by citizenship - foreigners
A,DE2009V,FI002C,2019,17449.0,,,FI002C,FI,,2019,foreign_population,Population by citizenship - foreigners
A,DE2009V,FI002C,2020,18322.0,,,FI002C,FI,,2020,foreign_population,Population by citizenship - foreigners
A,DE2009V,FI002C,2021,18774.0,,,FI002C,FI,,2021,foreign_population,Population by citizenship - foreigners
A,DE2009V,FI002C,2022,19874.0,,,FI002C,FI,,2022,foreign_population,Population by citizenship - foreigners
A,DE2009V,FI002C,2023,22365.0,,,FI002C,FI,,2023,foreign_population,Population by citizenship - foreigners
A,DE2009V,FI003C,2015,16853.0,,,FI003C,FI,,2015,foreign_population,Population by citizenship - foreigners
A,DE2009V,FI003C,2016,17601.0,,,FI003C,FI,,2016,foreign_population,Population by citizenship - foreigners
A,DE2009V,FI003C,2017,18452.0,,,FI003C,FI,,2017,foreign_population,Population by citizenship - foreigners
A,DE2009V,FI003C,2018,19337.0,,,FI003C,FI,,2018,foreign_population,Population by citizenship - foreigners
A,DE2009V,FI003C,2019,19968.0,,,FI003C,FI,,2019,foreign_population,Population by citizenship - foreigners
A,DE2009V,FI003C,2020,20666.0,,,FI003C,FI,,2020,foreign_population,Population by citizenship - foreigners
A,DE2009V,FI003C,2021,21599.0,,,FI003C,FI,,2021,foreign_population,Population by citizenship - foreigners
A,DE2009V,FI003C,2022,22641.0,,,FI003C,FI,,2022,foreign_population,Population by citizenship - foreigners
A,DE2009V,FI003C,2023,24637.0,,,FI003C,FI,,2023,foreign_population,Population by citizenship - foreigners
A,DE2009V,FI004C,2015,8100.0,,,FI004C,FI,,2015,foreign_population,Population by citizenship - foreigners
A,DE2009V,FI004C,2016,8499.0,,,FI004C,FI,,2016,foreign_population,Population by citizenship - foreigners
A,DE2009V,FI004C,2017,9218.0,,,FI004C,FI,,2017,foreign_population,Population by citizenship - foreigners
A,DE2009V,FI004C,2018,9591.0,,,FI004C,FI,,2018,foreign_population,Population by citizenship - foreigners
A,DE2009V,FI004C,2019,10019.0,,,FI004C,FI,,2019,foreign_population,Population by citizenship - foreigners
A,DE2009V,FI004C,2020,10466.0,,,FI004C,FI,,2020,foreign_population,Population by citizenship - foreigners
A,DE2009V,FI004C,2021,10758.0,,,FI004C,FI,,2021,foreign_population,Population by citizenship - foreigners
A,DE2009V,FI004C,2022,11352.0,,,FI004C,FI,,2022,foreign_population,Population by citizenship - foreigners
A,DE2009V,FI004C,2023,12235.0,,,FI004C,FI,,2023,foreign_population,Population by citizenship - foreigners
A,DE2009V,FI005C,2015,32752.0,,,FI005C,FI,,2015,foreign_population,Population by citizenship - foreigners
A,DE2009V,FI005C,2016,35316.0,,,FI005C,FI,,2016,foreign_population,Population by citizenship - foreigners
A,DE2009V,FI005C,2017,37919.0,,,FI005C,FI,,2017,foreign_population,Population by citizenship - foreigners
A,DE2009V,FI005C,2018,40300.0,,,FI005C,FI,,2018,foreign_population,Population by citizenship - foreigners
A,DE2009V,FI005C,2019,43105.0,,,FI005C,FI,,2019,foreign_population,Population by citizenship - foreigners
A,DE2009V,FI005C,2020,46465.0,,,FI005C,FI,,2020,foreign_population,Population by citizenship - foreigners
A,DE2009V,FI005C,2021,49326.0,,,FI005C,FI,,2021,foreign_population,Population by citizenship - foreigners
A,DE2009V,FI005C,2022,52663.0,,,FI005C,FI,,2022,foreign_population,Population by citizenship - foreigners
A,DE2009V,FI005C,2023,59119.0,,,FI005C,FI,,2023,foreign_population,Population by citizenship - foreigners
A,DE2009V,FI006C,2015,26880.0,,,FI006C,FI,,2015,foreign_population,Population by citizenship - foreigners
A,DE2009V,FI006C,2016,29119.0,,,FI006C,FI,,2016,foreign_population,Population by citizenship - foreigners
A,DE2009V,FI006C,2017,31751.0,,,FI006C,FI,,2017,foreign_population,Population by citizenship - foreigners
A,DE2009V,FI006C,2018,34115.0,,,FI006C,FI,,2018,foreign_population,Population by citizenship - foreigners
A,DE2009V,FI006C,2019,37065.0,,,FI006C,FI,,2019,foreign_population,Population by citizenship - foreigners
A,DE2009V,FI006C,2020,40464.0,,,FI006C,FI,,2020,foreign_population,Population by citizenship - foreigners
A,DE2009V,FI006C,2021,43550.0,,,FI006C,FI,,2021,foreign_population,Population by citizenship - foreigners
A,DE2009V,FI006C,2022,46657.0,,,FI006C,FI,,2022,foreign_population,Population by citizenship - foreigners
A,DE2009V,FI006C,2023,51210.0,,,FI006C,FI,,2023,foreign_population,Population by citizenship - foreigners
A,DE2009V,FI007C,2015,6790.0,,,FI007C,FI,,2015,foreign_population,Population by citizenship - foreigners
A,DE2009V,FI007C,2016,6997.0,,,FI007C,FI,,2016,foreign_population,Population by citizenship - foreigners
A,DE2009V,FI007C,2017,7597.0,,,FI007C,FI,,2017,foreign_population,Population by citizenship - foreigners
A,DE2009V,FI007C,2018,7987.0,,,FI007C,FI,,2018,foreign_population,Population by citizenship - foreigners
A,DE2009V,FI007C,2019,8330.0,,,FI007C,FI,,2019,foreign_population,Population by citizenship - foreigners
A,DE2009V,FI007C,2020,8603.0,,,FI007C,FI,,2020,foreign_population,Population by citizenship - foreigners
A,DE2009V,FI007C,2021,8829.0,,,FI007C,FI,,2021,foreign_population,Population by citizenship - foreigners
A,DE2009V,FI007C,2022,9158.0,,,FI007C,FI,,2022,foreign_population,Population by citizenship - foreigners
A,DE2009V,FI007C,2023,9706.0,,,FI007C,FI,,2023,foreign_population,Population by citizenship - foreigners
A,DE2009V,FI008C,2015,3891.0,,,FI008C,FI,,2015,foreign_population,Population by citizenship - foreigners
A,DE2009V,FI008C,2016,4138.0,,,FI008C,FI,,2016,foreign_population,Population by citizenship - foreigners
A,DE2009V,FI008C,2017,4428.0,,,FI008C,FI,,2017,foreign_population,Population by citizenship - foreigners
A,DE2009V,FI008C,2018,4602.0,,,FI008C,FI,,2018,foreign_population,Population by citizenship - foreigners
A,DE2009V,FI008C,2019,4781.0,,,FI008C,FI,,2019,foreign_population,Population by citizenship - foreigners
A,DE2009V,FI008C,2020,4954.0,,,FI008C,FI,,2020,foreign_population,Population by citizenship - foreigners
A,DE2009V,FI008C,2021,5137.0,,,FI008C,FI,,2021,foreign_population,Population by citizenship - foreigners
A,DE2009V,FI008C,2022,5531.0,,,FI008C,FI,,2022,foreign_population,Population by citizenship - foreigners
A,DE2009V,FI008C,2023,6018.0,,,FI008C,FI,,2023,foreign_population,Population by citizenship - foreigners
A,DE2009V,FI009C,2015,6398.0,,,FI009C,FI,,2015,foreign_population,Population by citizenship - foreigners
A,DE2009V,FI009C,2016,6707.0,,,FI009C,FI,,2016,foreign_population,Population by citizenship - foreigners
A,DE2009V,FI009C,2017,7130.0,,,FI009C,FI,,2017,foreign_population,Population by citizenship - foreigners
A,DE2009V,FI009C,2018,7403.0,,,FI009C,FI,,2018,foreign_population,Population by citizenship - foreigners
A,DE2009V,FI009C,2019,7573.0,,,FI009C,FI,,2019,foreign_population,Population by citizenship - foreigners
A,DE2009V,FI009C,2020,7853.0,,,FI009C,FI,,2020,foreign_population,Population by citizenship - foreigners
A,DE2009V,FI009C,2021,8083.0,,,FI009C,FI,,2021,foreign_population,Population by citizenship - foreigners
A,DE2009V,FI009C,2022,8376.0,,,FI009C,FI,,2022,foreign_population,Population by citizenship - foreigners
A,DE2009V,FI009C,2023,8990.0,,,FI009C,FI,,2023,foreign_population,Population by citizenship - foreigners
A,DE2009V,FR,2015,7847499.0,,,FR,FR,,2015,foreign_population,Population by citizenship - foreigners
A,DE2009V,FR,2016,7956007.0,,,FR,FR,,2016,foreign_population,Population by citizenship - foreigners
A,DE2009V,FR,2017,8170150.0,,,FR,FR,,2017,foreign_population,Population by citizenship - foreigners
A,DE2009V,FR,2018,8196117.0,,,FR,FR,,2018,foreign_population,Population by citizenship - foreigners
A,DE2009V,FR,2019,8233756.0,,,FR,FR,,2019,foreign_population,Population by citizenship - foreigners
A,DE2009V,FR,2020,8349567.0,,,FR,FR,,2020,foreign_population,Population by citizenship - foreigners
A,DE2009V,FR,2021,8494415.0,,,FR,FR,,2021,foreign_population,Population by citizenship - foreigners
A,DE2009V,FR,2022,8703607.0,,,FR,FR,,2022,foreign_population,Population by citizenship - foreigners
A,DE2009V,FR001C,2015,2449048.0,,,FR001C,FR,,2015,foreign_population,Population by citizenship - foreigners
A,DE2009V,FR001C,2016,2478450.0,,,FR001C,FR,,2016,foreign_population,Population by citizenship - foreigners
A,DE2009V,FR001C,2017,2519283.0,,,FR001C,FR,,2017,foreign_population,Population by citizenship - foreigners
A,DE2009V,FR001C,2018,2547792.0,,,FR001C,FR,,2018,foreign_population,Population by citizenship - foreigners
A,DE2009V,FR001C,2019,2556203.0,,,FR001C,FR,,2019,foreign_population,Population by citizenship - foreigners
A,DE2009V,FR001C,2020,2587759.0,,,FR001C,FR,,2020,foreign_population,Population by citizenship - foreigners
A,DE2009V,FR001C,2021,2628999.0,,,FR001C,FR,,2021,foreign_population,Population by citizenship - foreigners
A,DE2009V,FR001C,2022,2694007.0,,,FR001C,FR,,2022,foreign_population,Population by citizenship - foreigners
A,DE2009V,FR002C,2015,229955.0,,,FR002C,FR,,2015,foreign_population,Population by citizenship - foreigners
A,DE2009V,FR002C,2016,236359.0,,,FR002C,FR,,2016,foreign_population,Population by citizenship - foreigners
A,DE2009V,FR002C,2017,240305.0,,,FR002C,FR,,2017,foreign_population,Population by citizenship - foreigners
A,DE2009V,FR002C,2018,243901.0,,,FR002C,FR,,2018,foreign_population,Population by citizenship - foreigners
A,DE2009V,FR002C,2019,246100.0,,,FR002C,FR,,2019,foreign_population,Population by citizenship - foreigners
A,DE2009V,FR002C,2020,248792.0,,,FR002C,FR,,2020,foreign_population,Population by citizenship - foreigners
A,DE2009V,FR002C,2021,252430.0,,,FR002C,FR,,2021,foreign_population,Population by citizenship - foreigners
A,DE2009V,FR002C,2022,259300.0,,,FR002C,FR,,2022,foreign_population,Population by citizenship - foreigners
A,DE2009V,FR003C,2015,118651.0,,,FR003C,FR,,2015,foreign_population,Population by citizenship - foreigners
A,DE2009V,FR003C,2016,121358.0,,,FR003C,FR,,2016,foreign_population,Population by citizenship - foreigners
A,DE2009V,FR003C,2017,123106.0,,,FR003C,FR,,2017,foreign_population,Population by citizenship - foreigners
A,DE2009V,FR003C,2018,126297.0,,,FR003C,FR,,2018,foreign_population,Population by citizenship - foreigners
A,DE2009V,FR003C,2019,127009.0,,,FR003C,FR,,2019,foreign_population,Population by citizenship - foreigners
A,DE2009V,FR003C,2020,129609.0,,,FR003C,FR,,2020,foreign_population,Population by citizenship - foreigners
A,DE2009V,FR003C,2021,132648.0,,,FR003C,FR,,2021,foreign_population,Population by citizenship - foreigners
A,DE2009V,FR003C,2022,136539.0,,,FR003C,FR,,2022,foreign_population,Population by citizenship - foreigners
A,DE2009V,FR004C,2015,206216.0,,,FR004C,FR,,2015,foreign_population,Population by citizenship - foreigners
A,DE2009V,FR004C,2016,208546.0,,,FR004C,FR,,2016,foreign_population,Population by citizenship - foreigners
A,DE2009V,FR004C,2017,212969.0,,,FR004C,FR,,2017,foreign_population,Population by citizenship - foreigners
A,DE2009V,FR004C,2018,216150.0,,,FR004C,FR,,2018,foreign_population,Population by citizenship - foreigners
A,DE2009V,FR004C,2019,216847.0,,,FR004C,FR,,2019,foreign_population,Population by citizenship - foreigners
A,DE2009V,FR004C,2020,216442.0,,,FR004C,FR,,2020,foreign_population,Population by citizenship - foreigners
A,DE2009V,FR004C,2021,219119.0,,,FR004C,FR,,2021,foreign_population,Population by citizenship - foreigners
A,DE2009V,FR004C,2022,222403.0,,,FR004C,FR,,2022,foreign_population,Population by citizenship - foreigners
A,DE2009V,FR005C,2015,95010.0,,,FR005C,FR,,2015,foreign_population,Population by citizenship - foreigners
A,DE2009V,FR005C,2016,97533.0,,,FR005C,FR,,2016,foreign_population,Population by citizenship - foreigners
A,DE2009V,FR005C,2017,100766.0,,,FR005C,FR,,2017,foreign_population,Population by citizenship - foreigners
A,DE2009V,FR005C,2018,104113.0,,,FR005C,FR,,2018,foreign_population,Population by citizenship - foreigners
A,DE2009V,FR005C,2019,105870.0,,,FR005C,FR,,2019,foreign_population,Population by citizenship - foreigners
A,DE2009V,FR005C,2020,107073.0,,,FR005C,FR,,2020,foreign_population,Population by citizenship - foreigners
A,DE2009V,FR005C,2021,110367.0,,,FR005C,FR,,2021,foreign_population,Population by citizenship - foreigners
A,DE2009V,FR005C,2022,113766.0,,,FR005C,FR,,2022,foreign_population,Population by citizenship - foreigners
A,DE2009V,FR006C,2015,124066.0,,,FR006C,FR,,2015,foreign_population,Population by citizenship - foreigners
A,DE2009V,FR006C,2016,126217.0,,,FR006C,FR,,2016,foreign_population,Population by citizenship - foreigners
A,DE2009V,FR006C,2017,127987.0,,,FR006C,FR,,2017,foreign_population,Population by citizenship - foreigners
A,DE2009V,FR006C,2018,132008.0,,,FR006C,FR,,2018,foreign_population,Population by citizenship - foreigners
A,DE2009V,FR006C,2019,133820.0,,,FR006C,FR,,2019,foreign_population,Population by citizenship - foreigners
A,DE2009V,FR006C,2020,136653.0,,,FR006C,FR,,2020,foreign_population,Population by citizenship - foreigners
A,DE2009V,FR006C,2021,140225.0,,,FR006C,FR,,2021,foreign_population,Population by citizenship - foreigners
A,DE2009V,FR006C,2022,146492.0,,,FR006C,FR,,2022,foreign_population,Population by citizenship - foreigners
A,DE2009V,FR007C,2015,47712.0,,,FR007C,FR,,2015,foreign_population,Population by citizenship - foreigners
A,DE2009V,FR007C,2016,49379.0,,,FR007C,FR,,2016,foreign_population,Population by citizenship - foreigners
A,DE2009V,FR007C,2017,50957.0,,,FR007C,FR,,2017,foreign_population,Population by citizenship - foreigners
A,DE2009V,FR007C,2018,54211.0,,,FR007C,FR,,2018,foreign_population,Population by citizenship - foreigners
A,DE2009V,FR007C,2019,54971.0,,,FR007C,FR,,2019,foreign_population,Population by citizenship - foreigners
A,DE2009V,FR007C,2020,58470.0,,,FR007C,FR,,2020,foreign_population,Population by citizenship - foreigners
A,DE2009V,FR007C,2021,61802.0,,,FR007C,FR,,2021,foreign_population,Population by citizenship - foreigners
A,DE2009V,FR007C,2022,64793.0,,,FR007C,FR,,2022,foreign_population,Population by citizenship - foreigners
A,DE2009V,FR008C,2015,111613.0,,,FR008C,FR,,2015,foreign_population,Population by citizenship - foreigners
A,DE2009V,FR008C,2016,112544.0,,,FR008C,FR,,2016,foreign_population,Population by citizenship - foreigners
A,DE2009V,FR008C,2017,112527.0,,,FR008C,FR,,2017,foreign_population,Population by citizenship - foreigners
A,DE2009V,FR008C,2018,114250.0,,,FR008C,FR,,2018,foreign_population,Population by citizenship - foreigners
A,DE2009V,FR008C,2019,115142.0,,,FR008C,FR,,2019,foreign_population,Population by citizenship - foreigners
A,DE2009V,FR008C,2020,116895.0,,,FR008C,FR,,2020,foreign_population,Population by citizenship - foreigners
A,DE2009V,FR008C,2021,118627.0,,,FR008C,FR,,2021,foreign_population,Population by citizenship - foreigners
A,DE2009V,FR008C,2022,123018.0,,,FR008C,FR,,2022,foreign_population,Population by citizenship - foreigners
A,DE2009V,FR009C,2015,89505.0,,,FR009C,FR,,2015,foreign_population,Population by citizenship - foreigners
A,DE2009V,FR009C,2016,91923.0,,,FR009C,FR,,2016,foreign_population,Population by citizenship - foreigners
A,DE2009V,FR009C,2017,93136.0,,,FR009C,FR,,2017,foreign_population,Population by citizenship - foreigners
A,DE2009V,FR009C,2018,95416.0,,,FR009C,FR,,2018,foreign_population,Population by citizenship - foreigners
A,DE2009V,FR009C,2019,96308.0,,,FR009C,FR,,2019,foreign_population,Population by citizenship - foreigners
A,DE2009V,FR009C,2020,98936.0,,,FR009C,FR,,2020,foreign_population,Population by citizenship - foreigners
A,DE2009V,FR009C,2021,100801.0,,,FR009C,FR,,2021,foreign_population,Population by citizenship - foreigners
A,DE2009V,FR009C,2022,104755.0,,,FR009C,FR,,2022,foreign_population,Population by citizenship - foreigners
A,DE2009V,FR010C,2015,38002.0,,,FR010C,FR,,2015,foreign_population,Population by citizenship - foreigners
A,DE2009V,FR010C,2016,38691.0,,,FR010C,FR,,2016,foreign_population,Population by citizenship - foreigners
A,DE2009V,FR010C,2017,39455.0,,,FR010C,FR,,2017,foreign_population,Population by citizenship - foreigners
A,DE2009V,FR010C,2018,40955.0,,,FR010C,FR,,2018,foreign_population,Population by citizenship - foreigners
A,DE2009V,FR010C,2019,40984.0,,,FR010C,FR,,2019,foreign_population,Population by citizenship - foreigners
A,DE2009V,FR010C,2020,42370.0,,,FR010C,FR,,2020,foreign_population,Population by citizenship - foreigners
A,DE2009V,FR010C,2021,43535.0,,,FR010C,FR,,2021,foreign_population,Population by citizenship - foreigners
A,DE2009V,FR010C,2022,46071.0,,,FR010C,FR,,2022,foreign_population,Population by citizenship - foreigners
A,DE2009V,FR011C,2015,70175.0,,,FR011C,FR,,2015,foreign_population,Population by citizenship - foreigners
A,DE2009V,FR011C,2016,71155.0,,,FR011C,FR,,2016,foreign_population,Population by citizenship - foreigners
A,DE2009V,FR011C,2017,73073.0,,,FR011C,FR,,2017,foreign_population,Population by citizenship - foreigners
A,DE2009V,FR011C,2018,75475.0,,,FR011C,FR,,2018,foreign_population,Population by citizenship - foreigners
A,DE2009V,FR011C,2019,76863.0,,,FR011C,FR,,2019,foreign_population,Population by citizenship - foreigners
A,DE2009V,FR011C,2020,79038.0,,,FR011C,FR,,2020,foreign_population,Population by citizenship - foreigners
A,DE2009V,FR011C,2021,81042.0,,,FR011C,FR,,2021,foreign_population,Population by citizenship - foreigners
A,DE2009V,FR011C,2022,82993.0,,,FR011C,FR,,2022,foreign_population,Population by citizenship - foreigners
A,DE2009V,FR012C,2015,71958.0,,,FR012C,FR,,2015,foreign_population,Population by citizenship - foreigners
A,DE2009V,FR012C,2016,72354.0,,,FR012C,FR,,2016,foreign_population,Population by citizenship - foreigners
A,DE2009V,FR012C,2017,74044.0,,,FR012C,FR,,2017,foreign_population,Population by citizenship - foreigners
A,DE2009V,FR012C,2018,73653.0,,,FR012C,FR,,2018,foreign_population,Population by citizenship - foreigners
A,DE2009V,FR012C,2019,73815.0,,,FR012C,FR,,2019,foreign_population,Population by citizenship - foreigners
A,DE2009V,FR012C,2020,75179.0,,,FR012C,FR,,2020,foreign_population,Population by citizenship - foreigners
A,DE2009V,FR012C,2021,75998.0,,,FR012C,FR,,2021,foreign_population,Population by citizenship - foreigners
A,DE2009V,FR012C,2022,76951.0,,,FR012C,FR,,2022,foreign_population,Population by citizenship - foreigners
A,DE2009V,FR013C,2015,31612.0,,,FR013C,FR,,2015,foreign_population,Population by citizenship - foreigners
A,DE2009V,FR013C,2016,32284.0,,,FR013C,FR,,2016,foreign_population,Population by citizenship - foreigners
A,DE2009V,FR013C,2017,32764.0,,,FR013C,FR,,2017,foreign_population,Population by citizenship - foreigners
A,DE2009V,FR013C,2018,33811.0,,,FR013C,FR,,2018,foreign_population,Population by citizenship - foreigners
A,DE2009V,FR013C,2019,34029.0,,,FR013C,FR,,2019,foreign_population,Population by citizenship - foreigners
A,DE2009V,FR013C,2020,33947.0,,,FR013C,FR,,2020,foreign_population,Population by citizenship - foreigners
A,DE2009V,FR013C,2021,34116.0,,,FR013C,FR,,2021,foreign_population,Population by citizenship - foreigners
A,DE2009V,FR013C,2022,35559.0,,,FR013C,FR,,2022,foreign_population,Population by citizenship - foreigners
A,DE2009V,FR014C,2015,51502.0,,,FR014C,FR,,2015,foreign_population,Population by citizenship - foreigners
A,DE2009V,FR014C,2016,51502.0,,,FR014C,FR,,2016,foreign_population,Population by citizenship - foreigners
A,DE2009V,FR014C,2017,51874.0,,,FR014C,FR,,2017,foreign_population,Population by citizenship - foreigners
A,DE2009V,FR014C,2018,51758.0,,,FR014C,FR,,2018,foreign_population,Population by citizenship - foreigners
A,DE2009V,FR014C,2019,52125.0,,,FR014C,FR,,2019,foreign_population,Population by citizenship - foreigners
A,DE2009V,FR014C,2020,52615.0,,,FR014C,FR,,2020,foreign_population,Population by citizenship - foreigners
A,DE2009V,FR014C,2021,53888.0,,,FR014C,FR,,2021,foreign_population,Population by citizenship - foreigners
A,DE2009V,FR014C,2022,53824.0,,,FR014C,FR,,2022,foreign_population,Population by citizenship - foreigners
A,DE2009V,FR015C,2015,38234.0,,,FR015C,FR,,2015,foreign_population,Population by citizenship - foreigners
A,DE2009V,FR015C,2016,38309.0,,,FR015C,FR,,2016,foreign_population,Population by citizenship - foreigners
A,DE2009V,FR015C,2017,39047.0,,,FR015C,FR,,2017,foreign_population,Population by citizenship - foreigners
A,DE2009V,FR015C,2018,39709.0,,,FR015C,FR,,2018,foreign_population,Population by citizenship - foreigners
A,DE2009V,FR015C,2019,40257.0,,,FR015C,FR,,2019,foreign_population,Population by citizenship - foreigners
A,DE2009V,FR015C,2020,40412.0,,,FR015C,FR,,2020,foreign_population,Population by citizenship - foreigners
A,DE2009V,FR015C,2021,40643.0,,,FR015C,FR,,2021,foreign_population,Population by citizenship - foreigners
A,DE2009V,FR015C,2022,40383.0,,,FR015C,FR,,2022,foreign_population,Population by citizenship - foreigners
A,DE2009V,FR016C,2015,30103.0,,,FR016C,FR,,2015,foreign_population,Population by citizenship - foreigners
A,DE2009V,FR016C,2016,31150.0,,,FR016C,FR,,2016,foreign_population,Population by citizenship - foreigners
A,DE2009V,FR016C,2017,33041.0,,,FR016C,FR,,2017,foreign_population,Population by citizenship - foreigners
A,DE2009V,FR016C,2018,33671.0,,,FR016C,FR,,2018,foreign_population,Population by citizenship - foreigners
A,DE2009V,FR016C,2019,34022.0,,,FR016C,FR,,2019,foreign_population,Population by citizenship - foreigners
A,DE2009V,FR016C,2020,34405.0,,,FR016C,FR,,2020,foreign_population,Population by citizenship - foreigners
A,DE2009V,FR016C,2021,35866.0,,,FR016C,FR,,2021,foreign_population,Population by citizenship - foreigners
A,DE2009V,FR016C,2022,37256.0,,,FR016C,FR,,2022,foreign_population,Population by citizenship - foreigners
A,DE2009V,FR017C,2015,24806.0,,,FR017C,FR,,2015,foreign_population,Population by citizenship - foreigners
A,DE2009V,FR017C,2016,25391.0,,,FR017C,FR,,2016,foreign_population,Population by citizenship - foreigners
A,DE2009V,FR017C,2017,26110.0,,,FR017C,FR,,2017,foreign_population,Population by citizenship - foreigners
A,DE2009V,FR017C,2018,26592.0,,,FR017C,FR,,2018,foreign_population,Population by citizenship - foreigners
A,DE2009V,FR017C,2019,26416.0,,,FR017C,FR,,2019,foreign_population,Population by citizenship - foreigners
A,DE2009V,FR017C,2020,26580.0,,,FR017C,FR,,2020,foreign_population,Population by citizenship - foreigners
A,DE2009V,FR017C,2021,26910.0,,,FR017C,FR,,2021,foreign_population,Population by citizenship - foreigners
A,DE2009V,FR017C,2022,27697.0,,,FR017C,FR,,2022,foreign_population,Population by citizenship - foreigners
A,DE2009V,FR018C,2015,39307.0,,,FR018C,FR,,2015,foreign_population,Population by citizenship - foreigners
A,DE2009V,FR018C,2016,40218.0,,,FR018C,FR,,2016,foreign_population,Population by citizenship - foreigners
A,DE2009V,FR018C,2017,42144.0,,,FR018C,FR,,2017,foreign_population,Population by citizenship - foreigners
A,DE2009V,FR018C,2018,42725.0,,,FR018C,FR,,2018,foreign_population,Population by citizenship - foreigners
A,DE2009V,FR018C,2019,42696.0,,,FR018C,FR,,2019,foreign_population,Population by citizenship - foreigners
A,DE2009V,FR018C,2020,43652.0,,,FR018C,FR,,2020,foreign_population,Population by citizenship - foreigners
A,DE2009V,FR018C,2021,44927.0,,,FR018C,FR,,2021,foreign_population,Population by citizenship - foreigners
A,DE2009V,FR018C,2022,46174.0,,,FR018C,FR,,2022,foreign_population,Population by citizenship - foreigners
A,DE2009V,FR019C,2015,29138.0,,,FR019C,FR,,2015,foreign_population,Population by citizenship - foreigners
A,DE2009V,FR019C,2016,30430.0,,,FR019C,FR,,2016,foreign_population,Population by citizenship - foreigners
A,DE2009V,FR019C,2017,30984.0,,,FR019C,FR,,2017,foreign_population,Population by citizenship - foreigners
A,DE2009V,FR019C,2018,32356.0,,,FR019C,FR,,2018,foreign_population,Population by citizenship - foreigners
A,DE2009V,FR019C,2019,32289.0,,,FR019C,FR,,2019,foreign_population,Population by citizenship - foreigners
A,DE2009V,FR019C,2020,32889.0,,,FR019C,FR,,2020,foreign_population,Population by citizenship - foreigners
A,DE2009V,FR019C,2021,32942.0,,,FR019C,FR,,2021,foreign_population,Population by citizenship - foreigners
A,DE2009V,FR019C,2022,34206.0,,,FR019C,FR,,2022,foreign_population,Population by citizenship - foreigners
A,DE2009V,FR020C,2015,26042.0,,,FR020C,FR,,2015,foreign_population,Population by citizenship - foreigners
A,DE2009V,FR020C,2016,26611.0,,,FR020C,FR,,2016,foreign_population,Population by citizenship - foreigners
A,DE2009V,FR020C,2017,27166.0,,,FR020C,FR,,2017,foreign_population,Population by citizenship - foreigners
A,DE2009V,FR020C,2018,28095.0,,,FR020C,FR,,2018,foreign_population,Population by citizenship - foreigners
A,DE2009V,FR020C,2019,28040.0,,,FR020C,FR,,2019,foreign_population,Population by citizenship - foreigners
A,DE2009V,FR020C,2020,29217.0,,,FR020C,FR,,2020,foreign_population,Population by citizenship - foreigners
A,DE2009V,FR020C,2021,29876.0,,,FR020C,FR,,2021,foreign_population,Population by citizenship - foreigners
A,DE2009V,FR020C,2022,30610.0,,,FR020C,FR,,2022,foreign_population,Population by citizenship - foreigners
A,DE2009V,FR021C,2015,26105.0,,,FR021C,FR,,2015,foreign_population,Population by citizenship - foreigners
A,DE2009V,FR021C,2016,26912.0,,,FR021C,FR,,2016,foreign_population,Population by citizenship - foreigners
A,DE2009V,FR021C,2017,28282.0,,,FR021C,FR,,2017,foreign_population,Population by citizenship - foreigners
A,DE2009V,FR021C,2018,29573.0,,,FR021C,FR,,2018,foreign_population,Population by citizenship - foreigners
A,DE2009V,FR021C,2019,29743.0,,,FR021C,FR,,2019,foreign_population,Population by citizenship - foreigners
A,DE2009V,FR021C,2020,31122.0,,,FR021C,FR,,2020,foreign_population,Population by citizenship - foreigners
A,DE2009V,FR021C,2021,31578.0,,,FR021C,FR,,2021,foreign_population,Population by citizenship - foreigners
A,DE2009V,FR021C,2022,32270.0,,,FR021C,FR,,2022,foreign_population,Population by citizenship - foreigners
A,DE2009V,FR022C,2015,17668.0,,,FR022C,FR,,2015,foreign_population,Population by citizenship - foreigners
A,DE2009V,FR022C,2016,18044.0,,,FR022C,FR,,2016,foreign_population,Population by citizenship - foreigners
A,DE2009V,FR022C,2017,18891.0,,,FR022C,FR,,2017,foreign_population,Population by citizenship - foreigners
A,DE2009V,FR022C,2018,19476.0,,,FR022C,FR,,2018,foreign_population,Population by citizenship - foreigners
A,DE2009V,FR022C,2019,19290.0,,,FR022C,FR,,2019,foreign_population,Population by citizenship - foreigners
A,DE2009V,FR022C,2020,19789.0,,,FR022C,FR,,2020,foreign_population,Population by citizenship - foreigners
A,DE2009V,FR022C,2021,20529.0,,,FR022C,FR,,2021,foreign_population,Population by citizenship - foreigners
A,DE2009V,FR022C,2022,21501.0,,,FR022C,FR,,2022,foreign_population,Population by citizenship - foreigners
A,DE2009V,FR023C,2015,35011.0,,,FR023C,FR,,2015,foreign_population,Population by citizenship - foreigners
A,DE2009V,FR023C,2016,35710.0,,,FR023C,FR,,2016,foreign_population,Population by citizenship - foreigners
A,DE2009V,FR023C,2017,36754.0,,,FR023C,FR,,2017,foreign_population,Population by citizenship - foreigners
A,DE2009V,FR023C,2018,37104.0,,,FR023C,FR,,2018,foreign_population,Population by citizenship - foreigners
A,DE2009V,FR023C,2019,37235.0,,,FR023C,FR,,2019,foreign_population,Population by citizenship - foreigners
A,DE2009V,FR023C,2020,38537.0,,,FR023C,FR,,2020,foreign_population,Population by citizenship - foreigners
A,DE2009V,FR023C,2021,39642.0,,,FR023C,FR,,2021,foreign_population,Population by citizenship - foreigners
A,DE2009V,FR023C,2022,40931.0,,,FR023C,FR,,2022,foreign_population,Population by citizenship - foreigners
A,DE2009V,FR024C,2015,20518.0,,,FR024C,FR,,2015,foreign_population,Population by citizenship - foreigners
A,DE2009V,FR024C,2016,20892.0,,,FR024C,FR,,2016,foreign_population,Population by citizenship - foreigners
A,DE2009V,FR024C,2017,22175.0,,,FR024C,FR,,2017,foreign_population,Population by citizenship - foreigners
A,DE2009V,FR024C,2018,22654.0,,,FR024C,FR,,2018,foreign_population,Population by citizenship - foreigners
A,DE2009V,FR024C,2019,22807.0,,,FR024C,FR,,2019,foreign_population,Population by citizenship - foreigners
A,DE2009V,FR024C,2020,22904.0,,,FR024C,FR,,2020,foreign_population,Population by citizenship - foreigners
A,DE2009V,FR024C,2021,23664.0,,,FR024C,FR,,2021,foreign_population,Population by citizenship - foreigners
A,DE2009V,FR024C,2022,24304.0,,,FR024C,FR,,2022,foreign_population,Population by citizenship - foreigners
A,DE2009V,FR025C,2015,44028.0,,,FR025C,FR,,2015,foreign_population,Population by citizenship - foreigners
A,DE2009V,FR025C,2016,43904.0,,,FR025C,FR,,2016,foreign_population,Population by citizenship - foreigners
A,DE2009V,FR025C,2017,44642.0,,,FR025C,FR,,2017,foreign_population,Population by citizenship - foreigners
A,DE2009V,FR025C,2018,45171.0,,,FR025C,FR,,2018,foreign_population,Population by citizenship - foreigners
A,DE2009V,FR025C,2019,44976.0,,,FR025C,FR,,2019,foreign_population,Population by citizenship - foreigners
A,DE2009V,FR025C,2020,44581.0,,,FR025C,FR,,2020,foreign_population,Population by citizenship - foreigners
A,DE2009V,FR025C,2021,44117.0,,,FR025C,FR,,2021,foreign_population,Population by citizenship - foreigners
A,DE2009V,FR025C,2022,44639.0,,,FR025C,FR,,2022,foreign_population,Population by citizenship - foreigners
A,DE2009V,FR026C,2015,10221.0,,,FR026C,FR,,2015,foreign_population,Population by citizenship - foreigners
A,DE2009V,FR026C,2016,10278.0,,,FR026C,FR,,2016,foreign_population,Population by citizenship - foreigners
A,DE2009V,FR026C,2017,10701.0,,,FR026C,FR,,2017,foreign_population,Population by citizenship - foreigners
A,DE2009V,FR026C,2018,10552.0,,,FR026C,FR,,2018,foreign_population,Population by citizenship - foreigners
A,DE2009V,FR026C,2019,10499.0,,,FR026C,FR,,2019,foreign_population,Population by citizenship - foreigners
A,DE2009V,FR026C,2020,10627.0,,,FR026C,FR,,2020,foreign_population,Population by citizenship - foreigners
A,DE2009V,FR026C,2021,10745.0,,,FR026C,FR,,2021,foreign_population,Population by citizenship - foreigners
A,DE2009V,FR026C,2022,10712.0,,,FR026C,FR,,2022,foreign_population,Population by citizenship - foreigners
A,DE2009V,FR027C,2015,26631.0,,,FR027C,FR,,2015,foreign_population,Population by citizenship - foreigners
A,DE2009V,FR027C,2016,27796.0,,,FR027C,FR,,2016,foreign_population,Population by citizenship - foreigners
A,DE2009V,FR027C,2017,28246.0,,,FR027C,FR,,2017,foreign_population,Population by citizenship - foreigners
A,DE2009V,FR027C,2018,29470.0,,,FR027C,FR,,2018,foreign_population,Population by citizenship - foreigners
A,DE2009V,FR027C,2019,29606.0,,,FR027C,FR,,2019,foreign_population,Population by citizenship - foreigners
A,DE2009V,FR027C,2020,31211.0,,,FR027C,FR,,2020,foreign_population,Population by citizenship - foreigners
A,DE2009V,FR027C,2021,32164.0,,,FR027C,FR,,2021,foreign_population,Population by citizenship - foreigners
A,DE2009V,FR027C,2022,33137.0,,,FR027C,FR,,2022,foreign_population,Population by citizenship - foreigners
A,DE2009V,FR028C,2015,30916.0,,,FR028C,FR,,2015,foreign_population,Population by citizenship - foreigners
A,DE2009V,FR028C,2016,31016.0,,,FR028C,FR,,2016,foreign_population,Population by citizenship - foreigners
A,DE2009V,FR028C,2017,30892.0,,,FR028C,FR,,2017,foreign_population,Population by citizenship - foreigners
A,DE2009V,FR028C,2018,30308.0,,,FR028C,FR,,2018,foreign_population,Population by citizenship - foreigners
A,DE2009V,FR028C,2019,30136.0,,,FR028C,FR,,2019,foreign_population,Population by citizenship - foreigners
A,DE2009V,FR028C,2020,30586.0,,,FR028C,FR,,2020,foreign_population,Population by citizenship - foreigners
A,DE2009V,FR028C,2021,30743.0,,,FR028C,FR,,2021,foreign_population,Population by citizenship - foreigners
A,DE2009V,FR028C,2022,31308.0,,,FR028C,FR,,2022,foreign_population,Population by citizenship - foreigners
A,DE2009V,FR029C,2015,15316.0,,,FR029C,FR,,2015,foreign_population,Population by citizenship - foreigners
A,DE2009V,FR029C,2016,15871.0,,,FR029C,FR,,2016,foreign_population,Population by citizenship - foreigners
A,DE2009V,FR029C,2017,16531.0,,,FR029C,FR,,2017,foreign_population,Population by citizenship - foreigners
A,DE2009V,FR029C,2018,17485.0,,,FR029C,FR,,2018,foreign_population,Population by citizenship - foreigners
A,DE2009V,FR029C,2019,17512.0,,,FR029C,FR,,2019,foreign_population,Population by citizenship - foreigners
A,DE2009V,FR029C,2020,18069.0,,,FR029C,FR,,2020,foreign_population,Population by citizenship - foreigners
A,DE2009V,FR029C,2021,18614.0,,,FR029C,FR,,2021,foreign_population,Population by citizenship - foreigners
A,DE2009V,FR029C,2022,19568.0,,,FR029C,FR,,2022,foreign_population,Population by citizenship - foreigners
A,DE2009V,FR030C,2015,13564.0,,,FR030C,FR,,2015,foreign_population,Population by citizenship - foreigners
A,DE2009V,FR030C,2016,13907.0,,,FR030C,FR,,2016,foreign_population,Population by citizenship - foreigners
A,DE2009V,FR030C,2017,14324.0,,,FR030C,FR,,2017,foreign_population,Population by citizenship - foreigners
A,DE2009V,FR030C,2018,15053.0,,,FR030C,FR,,2018,foreign_population,Population by citizenship - foreigners
A,DE2009V,FR030C,2019,15356.0,,,FR030C,FR,,2019,foreign_population,Population by citizenship - foreigners
A,DE2009V,FR030C,2020,15743.0,,,FR030C,FR,,2020,foreign_population,Population by citizenship - foreigners
A,DE2009V,FR030C,2021,16194.0,,,FR030C,FR,,2021,foreign_population,Population by citizenship - foreigners
A,DE2009V,FR030C,2022,16371.0,,,FR030C,FR,,2022,foreign_population,Population by citizenship - foreigners
A,DE2009V,FR031C,2015,15564.0,,,FR031C,FR,,2015,foreign_population,Population by citizenship - foreigners
A,DE2009V,FR031C,2016,16097.0,,,FR031C,FR,,2016,foreign_population,Population by citizenship - foreigners
A,DE2009V,FR031C,2017,16901.0,,,FR031C,FR,,2017,foreign_population,Population by citizenship - foreigners
A,DE2009V,FR031C,2018,17361.0,,,FR031C,FR,,2018,foreign_population,Population by citizenship - foreigners
A,DE2009V,FR031C,2019,17491.0,,,FR031C,FR,,2019,foreign_population,Population by citizenship - foreigners
A,DE2009V,FR031C,2020,18295.0,,,FR031C,FR,,2020,foreign_population,Population by citizenship - foreigners
A,DE2009V,FR031C,2021,19487.0,,,FR031C,FR,,2021,foreign_population,Population by citizenship - foreigners
A,DE2009V,FR031C,2022,20064.0,,,FR031C,FR,,2022,foreign_population,Population by citizenship - foreigners
A,DE2009V,FR032C,2015,19291.0,,,FR032C,FR,,2015,foreign_population,Population by citizenship - foreigners
A,DE2009V,FR032C,2016,19271.0,,,FR032C,FR,,2016,foreign_population,Population by citizenship - foreigners
A,DE2009V,FR032C,2017,19473.0,,,FR032C,FR,,2017,foreign_population,Population by citizenship - foreigners
A,DE2009V,FR032C,2018,19602.0,,,FR032C,FR,,2018,foreign_population,Population by citizenship - foreigners
A,DE2009V,FR032C,2019,19486.0,,,FR032C,FR,,2019,foreign_population,Population by citizenship - foreigners
A,DE2009V,FR032C,2020,19890.0,,,FR032C,FR,,2020,foreign_population,Population by citizenship - foreigners
A,DE2009V,FR032C,2021,19754.0,,,FR032C,FR,,2021,foreign_population,Population by citizenship - foreigners
A,DE2009V,FR032C,2022,20365.0,,,FR032C,FR,,2022,foreign_population,Population by citizenship - foreigners
A,DE2009V,FR033C,2015,27624.0,,,FR033C,FR,,2015,foreign_population,Population by citizenship - foreigners
A,DE2009V,FR033C,2016,25188.0,,,FR033C,FR,,2016,foreign_population,Population by citizenship - foreigners
A,DE2009V,FR033C,2017,24979.0,,,FR033C,FR,,2017,foreign_population,Population by citizenship - foreigners
A,DE2009V,FR033C,2018,24932.0,,,FR033C,FR,,2018,foreign_population,Population by citizenship - foreigners
A,DE2009V,FR033C,2019,25165.0,,,FR033C,FR,,2019,foreign_population,Population by citizenship - foreigners
A,DE2009V,FR033C,2020,25601.0,,,FR033C,FR,,2020,foreign_population,Population by citizenship - foreigners
A,DE2009V,FR033C,2021,25934.0,,,FR033C,FR,,2021,foreign_population,Population by citizenship - foreigners
A,DE2009V,FR033C,2022,28568.0,,,FR033C,FR,,2022,foreign_population,Population by citizenship - foreigners
A,DE2009V,FR034C,2015,11081.0,,,FR034C,FR,,2015,foreign_population,Population by citizenship - foreigners
A,DE2009V,FR034C,2016,11634.0,,,FR034C,FR,,2016,foreign_population,Population by citizenship - foreigners
A,DE2009V,FR034C,2017,12203.0,,,FR034C,FR,,2017,foreign_population,Population by citizenship - foreigners
A,DE2009V,FR034C,2018,12499.0,,,FR034C,FR,,2018,foreign_population,Population by citizenship - foreigners
A,DE2009V,FR034C,2019,12504.0,,,FR034C,FR,,2019,foreign_population,Population by citizenship - foreigners
A,DE2009V,FR034C,2020,13086.0,,,FR034C,FR,,2020,foreign_population,Population by citizenship - foreigners
A,DE2009V,FR034C,2021,13563.0,,,FR034C,FR,,2021,foreign_population,Population by citizenship - foreigners
A,DE2009V,FR034C,2022,14350.0,,,FR034C,FR,,2022,foreign_population,Population by citizenship - foreigners
A,DE2009V,FR035C,2015,16445.0,,,FR035C,FR,,2015,foreign_population,Population by citizenship - foreigners
A,DE2009V,FR035C,2016,17020.0,,,FR035C,FR,,2016,foreign_population,Population by citizenship - foreigners
A,DE2009V,FR035C,2017,17320.0,,,FR035C,FR,,2017,foreign_population,Population by citizenship - foreigners
A,DE2009V,FR035C,2018,17380.0,,,FR035C,FR,,2018,foreign_population,Population by citizenship - foreigners
A,DE2009V,FR035C,2019,17381.0,,,FR035C,FR,,2019,foreign_population,Population by citizenship - foreigners
A,DE2009V,FR035C,2020,17652.0,,,FR035C,FR,,2020,foreign_population,Population by citizenship - foreigners
A,DE2009V,FR035C,2021,18226.0,,,FR035C,FR,,2021,foreign_population,Population by citizenship - foreigners
A,DE2009V,FR035C,2022,18830.0,,,FR035C,FR,,2022,foreign_population,Population by citizenship - foreigners
A,DE2009V,FR036C,2015,12036.0,,,FR036C,FR,,2015,foreign_population,Population by citizenship - foreigners
A,DE2009V,FR036C,2016,12025.0,,,FR036C,FR,,2016,foreign_population,Population by citizenship - foreigners
A,DE2009V,FR036C,2017,12373.0,,,FR036C,FR,,2017,foreign_population,Population by citizenship - foreigners
A,DE2009V,FR036C,2018,12597.0,,,FR036C,FR,,2018,foreign_population,Population by citizenship - foreigners
A,DE2009V,FR036C,2019,12501.0,,,FR036C,FR,,2019,foreign_population,Population by citizenship - foreigners
A,DE2009V,FR036C,2020,11143.0,,,FR036C,FR,,2020,foreign_population,Population by citizenship - foreigners
A,DE2009V,FR036C,2021,11585.0,,,FR036C,FR,,2021,foreign_population,Population by citizenship - foreigners
A,DE2009V,FR036C,2022,11872.0,,,FR036C,FR,,2022,foreign_population,Population by citizenship - foreigners
A,DE2009V,FR037C,2015,30805.0,,,FR037C,FR,,2015,foreign_population,Population by citizenship - foreigners
A,DE2009V,FR037C,2016,30733.0,,,FR037C,FR,,2016,foreign_population,Population by citizenship - foreigners
A,DE2009V,FR037C,2017,30973.0,,,FR037C,FR,,2017,foreign_population,Population by citizenship - foreigners
A,DE2009V,FR037C,2018,30570.0,,,FR037C,FR,,2018,foreign_population,Population by citizenship - foreigners
A,DE2009V,FR037C,2019,30648.0,,,FR037C,FR,,2019,foreign_population,Population by citizenship - foreigners
A,DE2009V,FR037C,2020,29921.0,,,FR037C,FR,,2020,foreign_population,Population by citizenship - foreigners
A,DE2009V,FR037C,2021,30842.0,,,FR037C,FR,,2021,foreign_population,Population by citizenship - foreigners
A,DE2009V,FR037C,2022,31622.0,,,FR037C,FR,,2022,foreign_population,Population by citizenship - foreigners
A,DE2009V,FR038C,2015,17189.0,,,FR038C,FR,,2015,foreign_population,Population by citizenship - foreigners
A,DE2009V,FR038C,2016,17473.0,,,FR038C,FR,,2016,foreign_population,Population by citizenship - foreigners
A,DE2009V,FR038C,2017,18085.0,,,FR038C,FR,,2017,foreign_population,Population by citizenship - foreigners
A,DE2009V,FR038C,2018,18538.0,,,FR038C,FR,,2018,foreign_population,Population by citizenship - foreigners
A,DE2009V,FR038C,2019,18796.0,,,FR038C,FR,,2019,foreign_population,Population by citizenship - foreigners
A,DE2009V,FR038C,2020,19533.0,,,FR038C,FR,,2020,foreign_population,Population by citizenship - foreigners
A,DE2009V,FR038C,2021,19951.0,,,FR038C,FR,,2021,foreign_population,Population by citizenship - foreigners
A,DE2009V,FR038C,2022,20515.0,,,FR038C,FR,,2022,foreign_population,Population by citizenship - foreigners
A,DE2009V,FR039C,2015,17818.0,,,FR039C,FR,,2015,foreign_population,Population by citizenship - foreigners
A,DE2009V,FR039C,2016,18001.0,,,FR039C,FR,,2016,foreign_population,Population by citizenship - foreigners
A,DE2009V,FR039C,2017,17902.0,,,FR039C,FR,,2017,foreign_population,Population by citizenship - foreigners
A,DE2009V,FR039C,2018,18199.0,,,FR039C,FR,,2018,foreign_population,Population by citizenship - foreigners
A,DE2009V,FR039C,2019,18308.0,,,FR039C,FR,,2019,foreign_population,Population by citizenship - foreigners
A,DE2009V,FR039C,2020,18526.0,,,FR039C,FR,,2020,foreign_population,Population by citizenship - foreigners
A,DE2009V,FR039C,2021,19062.0,,,FR039C,FR,,2021,foreign_population,Population by citizenship - foreigners
A,DE2009V,FR039C,2022,19998.0,,,FR039C,FR,,2022,foreign_population,Population by citizenship - foreigners
A,DE2009V,FR040C,2015,13458.0,,,FR040C,FR,,2015,foreign_population,Population by citizenship - foreigners
A,DE2009V,FR040C,2016,13828.0,,,FR040C,FR,,2016,foreign_population,Population by citizenship - foreigners
A,DE2009V,FR040C,2017,14015.0,,,FR040C,FR,,2017,foreign_population,Population by citizenship - foreigners
A,DE2009V,FR040C,2018,14242.0,,,FR040C,FR,,2018,foreign_population,Population by citizenship - foreigners
A,DE2009V,FR040C,2019,14370.0,,,FR040C,FR,,2019,foreign_population,Population by citizenship - foreigners
A,DE2009V,FR040C,2020,14530.0,,,FR040C,FR,,2020,foreign_population,Population by citizenship - foreigners
A,DE2009V,FR040C,2021,14778.0,,,FR040C,FR,,2021,foreign_population,Population by citizenship - foreigners
A,DE2009V,FR040C,2022,15047.0,,,FR040C,FR,,2022,foreign_population,Population by citizenship - foreigners
A,DE2009V,FR041C,2015,18227.0,,,FR041C,FR,,2015,foreign_population,Population by citizenship - foreigners
A,DE2009V,FR041C,2016,18373.0,,,FR041C,FR,,2016,foreign_population,Population by citizenship - foreigners
A,DE2009V,FR041C,2017,18151.0,,,FR041C,FR,,2017,foreign_population,Population by citizenship - foreigners
A,DE2009V,FR041C,2018,18096.0,,,FR041C,FR,,2018,foreign_population,Population by citizenship - foreigners
A,DE2009V,FR041C,2019,18293.0,,,FR041C,FR,,2019,foreign_population,Population by citizenship - foreigners
A,DE2009V,FR041C,2020,18372.0,,,FR041C,FR,,2020,foreign_population,Population by citizenship - foreigners
A,DE2009V,FR041C,2021,18381.0,,,FR041C,FR,,2021,foreign_population,Population by citizenship - foreigners
A,DE2009V,FR041C,2022,18558.0,,,FR041C,FR,,2022,foreign_population,Population by citizenship - foreigners
A,DE2009V,FR042C,2015,17798.0,,,FR042C,FR,,2015,foreign_population,Population by citizenship - foreigners
A,DE2009V,FR042C,2016,17813.0,,,FR042C,FR,,2016,foreign_population,Population by citizenship - foreigners
A,DE2009V,FR042C,2017,18015.0,,,FR042C,FR,,2017,foreign_population,Population by citizenship - foreigners
A,DE2009V,FR042C,2018,18068.0,,,FR042C,FR,,2018,foreign_population,Population by citizenship - foreigners
A,DE2009V,FR042C,2019,17933.0,,,FR042C,FR,,2019,foreign_population,Population by citizenship - foreigners
A,DE2009V,FR042C,2020,18503.0,,,FR042C,FR,,2020,foreign_population,Population by citizenship - foreigners
A,DE2009V,FR042C,2021,19223.0,,,FR042C,FR,,2021,foreign_population,Population by citizenship - foreigners
A,DE2009V,FR042C,2022,20005.0,,,FR042C,FR,,2022,foreign_population,Population by citizenship - foreigners
A,DE2009V,FR043C,2015,28729.0,,,FR043C,FR,,2015,foreign_population,Population by citizenship - foreigners
A,DE2009V,FR043C,2016,29315.0,,,FR043C,FR,,2016,foreign_population,Population by citizenship - foreigners
A,DE2009V,FR043C,2017,29862.0,,,FR043C,FR,,2017,foreign_population,Population by citizenship - foreigners
A,DE2009V,FR043C,2018,29996.0,,,FR043C,FR,,2018,foreign_population,Population by citizenship - foreigners
A,DE2009V,FR043C,2019,29845.0,,,FR043C,FR,,2019,foreign_population,Population by citizenship - foreigners
A,DE2009V,FR043C,2020,30485.0,,,FR043C,FR,,2020,foreign_population,Population by citizenship - foreigners
A,DE2009V,FR043C,2021,30823.0,,,FR043C,FR,,2021,foreign_population,Population by citizenship - foreigners
A,DE2009V,FR043C,2022,31939.0,,,FR043C,FR,,2022,foreign_population,Population by citizenship - foreigners
A,DE2009V,FR044C,2015,16343.0,,,FR044C,FR,,2015,foreign_population,Population by citizenship - foreigners
A,DE2009V,FR044C,2016,16774.0,,,FR044C,FR,,2016,foreign_population,Population by citizenship - foreigners
A,DE2009V,FR044C,2017,17302.0,,,FR044C,FR,,2017,foreign_population,Population by citizenship - foreigners
A,DE2009V,FR044C,2018,17405.0,,,FR044C,FR,,2018,foreign_population,Population by citizenship - foreigners
A,DE2009V,FR044C,2019,17346.0,,,FR044C,FR,,2019,foreign_population,Population by citizenship - foreigners
A,DE2009V,FR044C,2020,18250.0,,,FR044C,FR,,2020,foreign_population,Population by citizenship - foreigners
A,DE2009V,FR044C,2021,18554.0,,,FR044C,FR,,2021,foreign_population,Population by citizenship - foreigners
A,DE2009V,FR044C,2022,19456.0,,,FR044C,FR,,2022,foreign_population,Population by citizenship - foreigners
A,DE2009V,FR045C,2015,9672.0,,,FR045C,FR,,2015,foreign_population,Population by citizenship - foreigners
A,DE2009V,FR045C,2016,9823.0,,,FR045C,FR,,2016,foreign_population,Population by citizenship - foreigners
A,DE2009V,FR045C,2017,10095.0,,,FR045C,FR,,2017,foreign_population,Population by citizenship - foreigners
A,DE2009V,FR045C,2018,10299.0,,,FR045C,FR,,2018,foreign_population,Population by citizenship - foreigners
A,DE2009V,FR045C,2019,10266.0,,,FR045C,FR,,2019,foreign_population,Population by citizenship - foreigners
A,DE2009V,FR045C,2020,10619.0,,,FR045C,FR,,2020,foreign_population,Population by citizenship - foreigners
A,DE2009V,FR045C,2021,11012.0,,,FR045C,FR,,2021,foreign_population,Population by citizenship - foreigners
A,DE2009V,FR045C,2022,11212.0,,,FR045C,FR,,2022,foreign_population,Population by citizenship - foreigners
A,DE2009V,FR046C,2015,7527.0,,,FR046C,FR,,2015,foreign_population,Population by citizenship - foreigners
A,DE2009V,FR046C,2016,7481.0,,,FR046C,FR,,2016,foreign_population,Population by citizenship - foreigners
A,DE2009V,FR046C,2017,7485.0,,,FR046C,FR,,2017,foreign_population,Population by citizenship - foreigners
A,DE2009V,FR046C,2018,7443.0,,,FR046C,FR,,2018,foreign_population,Population by citizenship - foreigners
A,DE2009V,FR046C,2019,7329.0,,,FR046C,FR,,2019,foreign_population,Population by citizenship - foreigners
A,DE2009V,FR046C,2020,7458.0,,,FR046C,FR,,2020,foreign_population,Population by citizenship - foreigners
A,DE2009V,FR046C,2021,7477.0,,,FR046C,FR,,2021,foreign_population,Population by citizenship - foreigners
A,DE2009V,FR046C,2022,7360.0,,,FR046C,FR,,2022,foreign_population,Population by citizenship - foreigners
A,DE2009V,FR047C,2015,11964.0,,,FR047C,FR,,2015,foreign_population,Population by citizenship - foreigners
A,DE2009V,FR047C,2016,12255.0,,,FR047C,FR,,2016,foreign_population,Population by citizenship - foreigners
A,DE2009V,FR047C,2017,12766.0,,,FR047C,FR,,2017,foreign_population,Population by citizenship - foreigners
A,DE2009V,FR047C,2018,12885.0,,,FR047C,FR,,2018,foreign_population,Population by citizenship - foreigners
A,DE2009V,FR047C,2019,12904.0,,,FR047C,FR,,2019,foreign_population,Population by citizenship - foreigners
A,DE2009V,FR047C,2020,13441.0,,,FR047C,FR,,2020,foreign_population,Population by citizenship - foreigners
A,DE2009V,FR047C,2021,14094.0,,,FR047C,FR,,2021,foreign_population,Population by citizenship - foreigners
A,DE2009V,FR047C,2022,14441.0,,,FR047C,FR,,2022,foreign_population,Population by citizenship - foreigners
A,DE2009V,FR048C,2015,14774.0,,,FR048C,FR,,2015,foreign_population,Population by citizenship - foreigners
A,DE2009V,FR048C,2016,14945.0,,,FR048C,FR,,2016,foreign_population,Population by citizenship - foreigners
A,DE2009V,FR048C,2017,15184.0,,,FR048C,FR,,2017,foreign_population,Population by citizenship - foreigners
A,DE2009V,FR048C,2018,15606.0,,,FR048C,FR,,2018,foreign_population,Population by citizenship - foreigners
A,DE2009V,FR048C,2019,15586.0,,,FR048C,FR,,2019,foreign_population,Population by citizenship - foreigners
A,DE2009V,FR048C,2020,15800.0,,,FR048C,FR,,2020,foreign_population,Population by citizenship - foreigners
A,DE2009V,FR048C,2021,16012.0,,,FR048C,FR,,2021,foreign_population,Population by citizenship - foreigners
A,DE2009V,FR048C,2022,16586.0,,,FR048C,FR,,2022,foreign_population,Population by citizenship - foreigners
A,DE2009V,FR049C,2015,15703.0,,,FR049C,FR,,2015,foreign_population,Population by citizenship - foreigners
A,DE2009V,FR049C,2016,15584.0,,,FR049C,FR,,2016,foreign_population,Population by citizenship - foreigners
A,DE2009V,FR049C,2017,15299.0,,,FR049C,FR,,2017,foreign_population,Population by citizenship - foreigners
A,DE2009V,FR049C,2018,15335.0,,,FR049C,FR,,2018,foreign_population,Population by citizenship - foreigners
A,DE2009V,FR049C,2019,15491.0,,,FR049C,FR,,2019,foreign_population,Population by citizenship - foreigners
A,DE2009V,FR049C,2020,15869.0,,,FR049C,FR,,2020,foreign_population,Population by citizenship - foreigners
A,DE2009V,FR049C,2021,16431.0,,,FR049C,FR,,2021,foreign_population,Population by citizenship - foreigners
A,DE2009V,FR049C,2022,16903.0,,,FR049C,FR,,2022,foreign_population,Population by citizenship - foreigners
A,DE2009V,FR050C,2015,15058.0,,,FR050C,FR,,2015,foreign_population,Population by citizenship - foreigners
A,DE2009V,FR050C,2016,15347.0,,,FR050C,FR,,2016,foreign_population,Population by citizenship - foreigners
A,DE2009V,FR050C,2017,15622.0,,,FR050C,FR,,2017,foreign_population,Population by citizenship - foreigners
A,DE2009V,FR050C,2018,15541.0,,,FR050C,FR,,2018,foreign_population,Population by citizenship - foreigners
A,DE2009V,FR050C,2019,15600.0,,,FR050C,FR,,2019,foreign_population,Population by citizenship - foreigners
A,DE2009V,FR050C,2020,15896.0,,,FR050C,FR,,2020,foreign_population,Population by citizenship - foreigners
A,DE2009V,FR050C,2021,16253.0,,,FR050C,FR,,2021,foreign_population,Population by citizenship - foreigners
A,DE2009V,FR050C,2022,16800.0,,,FR050C,FR,,2022,foreign_population,Population by citizenship - foreigners
A,DE2009V,FR051C,2015,22377.0,,,FR051C,FR,,2015,foreign_population,Population by citizenship - foreigners
A,DE2009V,FR051C,2016,22688.0,,,FR051C,FR,,2016,foreign_population,Population by citizenship - foreigners
A,DE2009V,FR051C,2017,23445.0,,,FR051C,FR,,2017,foreign_population,Population by citizenship - foreigners
A,DE2009V,FR051C,2018,23952.0,,,FR051C,FR,,2018,foreign_population,Population by citizenship - foreigners
A,DE2009V,FR051C,2019,23923.0,,,FR051C,FR,,2019,foreign_population,Population by citizenship - foreigners
A,DE2009V,FR051C,2020,24031.0,,,FR051C,FR,,2020,foreign_population,Population by citizenship - foreigners
A,DE2009V,FR051C,2021,25097.0,,,FR051C,FR,,2021,foreign_population,Population by citizenship - foreigners
A,DE2009V,FR051C,2022,25706.0,,,FR051C,FR,,2022,foreign_population,Population by citizenship - foreigners
A,DE2009V,FR052C,2015,5381.0,,,FR052C,FR,,2015,foreign_population,Population by citizenship - foreigners
A,DE2009V,FR052C,2016,5369.0,,,FR052C,FR,,2016,foreign_population,Population by citizenship - foreigners
A,DE2009V,FR052C,2017,5462.0,,,FR052C,FR,,2017,foreign_population,Population by citizenship - foreigners
A,DE2009V,FR052C,2018,5568.0,,,FR052C,FR,,2018,foreign_population,Population by citizenship - foreigners
A,DE2009V,FR052C,2019,5519.0,,,FR052C,FR,,2019,foreign_population,Population by citizenship - foreigners
A,DE2009V,FR052C,2020,5979.0,,,FR052C,FR,,2020,foreign_population,Population by citizenship - foreigners
A,DE2009V,FR052C,2021,6136.0,,,FR052C,FR,,2021,foreign_population,Population by citizenship - foreigners
A,DE2009V,FR052C,2022,6311.0,,,FR052C,FR,,2022,foreign_population,Population by citizenship - foreigners
A,DE2009V,FR053C,2015,22678.0,,,FR053C,FR,,2015,foreign_population,Population by citizenship - foreigners
A,DE2009V,FR053C,2016,23049.0,,,FR053C,FR,,2016,foreign_population,Population by citizenship - foreigners
A,DE2009V,FR053C,2017,23720.0,,,FR053C,FR,,2017,foreign_population,Population by citizenship - foreigners
A,DE2009V,FR053C,2018,24475.0,,,FR053C,FR,,2018,foreign_population,Population by citizenship - foreigners
A,DE2009V,FR053C,2019,24640.0,,,FR053C,FR,,2019,foreign_population,Population by citizenship - foreigners
A,DE2009V,FR053C,2020,25446.0,,,FR053C,FR,,2020,foreign_population,Population by citizenship - foreigners
A,DE2009V,FR053C,2021,26193.0,,,FR053C,FR,,2021,foreign_population,Population by citizenship - foreigners
A,DE2009V,FR053C,2022,27609.0,,,FR053C,FR,,2022,foreign_population,Population by citizenship - foreigners
A,DE2009V,FR054C,2015,8800.0,,,FR054C,FR,,2015,foreign_population,Population by citizenship - foreigners
A,DE2009V,FR054C,2016,9060.0,,,FR054C,FR,,2016,foreign_population,Population by citizenship - foreigners
A,DE2009V,FR054C,2017,9404.0,,,FR054C,FR,,2017,foreign_population,Population by citizenship - foreigners
A,DE2009V,FR054C,2018,9472.0,,,FR054C,FR,,2018,foreign_population,Population by citizenship - foreigners
A,DE2009V,FR054C,2019,9559.0,,,FR054C,FR,,2019,foreign_population,Population by citizenship - foreigners
A,DE2009V,FR054C,2020,9637.0,,,FR054C,FR,,2020,foreign_population,Population by citizenship - foreigners
A,DE2009V,FR054C,2021,9942.0,,,FR054C,FR,,2021,foreign_population,Population by citizenship - foreigners
A,DE2009V,FR054C,2022,10301.0,,,FR054C,FR,,2022,foreign_population,Population by citizenship - foreigners
A,DE2009V,FR055C,2015,6639.0,,,FR055C,FR,,2015,foreign_population,Population by citizenship - foreigners
A,DE2009V,FR055C,2016,6993.0,,,FR055C,FR,,2016,foreign_population,Population by citizenship - foreigners
A,DE2009V,FR055C,2017,7605.0,,,FR055C,FR,,2017,foreign_population,Population by citizenship - foreigners
A,DE2009V,FR055C,2018,7656.0,,,FR055C,FR,,2018,foreign_population,Population by citizenship - foreigners
A,DE2009V,FR055C,2019,7670.0,,,FR055C,FR,,2019,foreign_population,Population by citizenship - foreigners
A,DE2009V,FR055C,2020,7778.0,,,FR055C,FR,,2020,foreign_population,Population by citizenship - foreigners
A,DE2009V,FR055C,2021,8206.0,,,FR055C,FR,,2021,foreign_population,Population by citizenship - foreigners
A,DE2009V,FR055C,2022,8533.0,,,FR055C,FR,,2022,foreign_population,Population by citizenship - foreigners
A,DE2009V,FR056C,2015,3297.0,,,FR056C,FR,,2015,foreign_population,Population by citizenship - foreigners
A,DE2009V,FR056C,2016,3521.0,,,FR056C,FR,,2016,foreign_population,Population by citizenship - foreigners
A,DE2009V,FR056C,2017,3809.0,,,FR056C,FR,,2017,foreign_population,Population by citizenship - foreigners
A,DE2009V,FR056C,2018,4015.0,,,FR056C,FR,,2018,foreign_population,Population by citizenship - foreigners
A,DE2009V,FR056C,2019,3993.0,,,FR056C,FR,,2019,foreign_population,Population by citizenship - foreigners
A,DE2009V,FR056C,2020,4309.0,,,FR056C,FR,,2020,foreign_population,Population by citizenship - foreigners
A,DE2009V,FR056C,2021,4515.0,,,FR056C,FR,,2021,foreign_population,Population by citizenship - foreigners
A,DE2009V,FR056C,2022,4667.0,,,FR056C,FR,,2022,foreign_population,Population by citizenship - foreigners
A,DE2009V,FR057C,2015,15355.0,,,FR057C,FR,,2015,foreign_population,Population by citizenship - foreigners
A,DE2009V,FR057C,2016,15585.0,,,FR057C,FR,,2016,foreign_population,Population by citizenship - foreigners
A,DE2009V,FR057C,2017,15951.0,,,FR057C,FR,,2017,foreign_population,Population by citizenship - foreigners
A,DE2009V,FR057C,2018,16161.0,,,FR057C,FR,,2018,foreign_population,Population by citizenship - foreigners
A,DE2009V,FR057C,2019,16237.0,,,FR057C,FR,,2019,foreign_population,Population by citizenship - foreigners
A,DE2009V,FR057C,2020,16385.0,,,FR057C,FR,,2020,foreign_population,Population by citizenship - foreigners
A,DE2009V,FR057C,2021,16749.0,,,FR057C,FR,,2021,foreign_population,Population by citizenship - foreigners
A,DE2009V,FR057C,2022,17266.0,,,FR057C,FR,,2022,foreign_population,Population by citizenship - foreigners
A,DE2009V,FR058C,2015,9478.0,,,FR058C,FR,,2015,foreign_population,Population by citizenship - foreigners
A,DE2009V,FR058C,2016,9958.0,,,FR058C,FR,,2016,foreign_population,Population by citizenship - foreigners
A,DE2009V,FR058C,2017,10259.0,,,FR058C,FR,,2017,foreign_population,Population by citizenship - foreigners
A,DE2009V,FR058C,2018,10473.0,,,FR058C,FR,,2018,foreign_population,Population by citizenship - foreigners
A,DE2009V,FR058C,2019,10612.0,,,FR058C,FR,,2019,foreign_population,Population by citizenship - foreigners
A,DE2009V,FR058C,2020,11096.0,,,FR058C,FR,,2020,foreign_population,Population by citizenship - foreigners
A,DE2009V,FR058C,2021,11215.0,,,FR058C,FR,,2021,foreign_population,Population by citizenship - foreigners
A,DE2009V,FR058C,2022,11520.0,,,FR058C,FR,,2022,foreign_population,Population by citizenship - foreigners
A,DE2009V,FR059C,2015,20457.0,,,FR059C,FR,,2015,foreign_population,Population by citizenship - foreigners
A,DE2009V,FR059C,2016,20603.0,,,FR059C,FR,,2016,foreign_population,Population by citizenship - foreigners
A,DE2009V,FR059C,2017,20778.0,,,FR059C,FR,,2017,foreign_population,Population by citizenship - foreigners
A,DE2009V,FR059C,2018,21726.0,,,FR059C,FR,,2018,foreign_population,Population by citizenship - foreigners
A,DE2009V,FR059C,2019,22004.0,,,FR059C,FR,,2019,foreign_population,Population by citizenship - foreigners
A,DE2009V,FR059C,2020,22793.0,,,FR059C,FR,,2020,foreign_population,Population by citizenship - foreigners
A,DE2009V,FR059C,2021,23545.0,,,FR059C,FR,,2021,foreign_population,Population by citizenship - foreigners
A,DE2009V,FR059C,2022,24593.0,,,FR059C,FR,,2022,foreign_population,Population by citizenship - foreigners
A,DE2009V,FR060C,2015,2346.0,,,FR060C,FR,,2015,foreign_population,Population by citizenship - foreigners
A,DE2009V,FR060C,2016,2418.0,,,FR060C,FR,,2016,foreign_population,Population by citizenship - foreigners
A,DE2009V,FR060C,2017,2511.0,,,FR060C,FR,,2017,foreign_population,Population by citizenship - foreigners
A,DE2009V,FR060C,2018,2580.0,,,FR060C,FR,,2018,foreign_population,Population by citizenship - foreigners
A,DE2009V,FR060C,2019,2588.0,,,FR060C,FR,,2019,foreign_population,Population by citizenship - foreigners
A,DE2009V,FR060C,2020,2594.0,,,FR060C,FR,,2020,foreign_population,Population by citizenship - foreigners
A,DE2009V,FR060C,2021,2734.0,,,FR060C,FR,,2021,foreign_population,Population by citizenship - foreigners
A,DE2009V,FR060C,2022,2834.0,,,FR060C,FR,,2022,foreign_population,Population by citizenship - foreigners
A,DE2009V,FR061C,2015,6291.0,,,FR061C,FR,,2015,foreign_population,Population by citizenship - foreigners
A,DE2009V,FR061C,2016,6363.0,,,FR061C,FR,,2016,foreign_population,Population by citizenship - foreigners
A,DE2009V,FR061C,2017,6467.0,,,FR061C,FR,,2017,foreign_population,Population by citizenship - foreigners
A,DE2009V,FR061C,2018,6567.0,,,FR061C,FR,,2018,foreign_population,Population by citizenship - foreigners
A,DE2009V,FR061C,2019,6634.0,,,FR061C,FR,,2019,foreign_population,Population by citizenship - foreigners
A,DE2009V,FR061C,2020,2936.0,,,FR061C,FR,,2020,foreign_population,Population by citizenship - foreigners
A,DE2009V,FR061C,2021,3094.0,,,FR061C,FR,,2021,foreign_population,Population by citizenship - foreigners
A,DE2009V,FR061C,2022,3007.0,,,FR061C,FR,,2022,foreign_population,Population by citizenship - foreigners
A,DE2009V,FR062C,2017,31216.0,,,FR062C,FR,,2017,foreign_population,Population by citizenship - foreigners
A,DE2009V,FR063C,2015,13739.0,,,FR063C,FR,,2015,foreign_population,Population by citizenship - foreigners
A,DE2009V,FR063C,2016,14052.0,,,FR063C,FR,,2016,foreign_population,Population by citizenship - foreigners
A,DE2009V,FR063C,2017,14194.0,,,FR063C,FR,,2017,foreign_population,Population by citizenship - foreigners
A,DE2009V,FR063C,2018,14394.0,,,FR063C,FR,,2018,foreign_population,Population by citizenship - foreigners
A,DE2009V,FR063C,2019,14365.0,,,FR063C,FR,,2019,foreign_population,Population by citizenship - foreigners
A,DE2009V,FR063C,2020,14314.0,,,FR063C,FR,,2020,foreign_population,Population by citizenship - foreigners
A,DE2009V,FR063C,2021,14505.0,,,FR063C,FR,,2021,foreign_population,Population by citizenship - foreigners
A,DE2009V,FR063C,2022,14758.0,,,FR063C,FR,,2022,foreign_population,Population by citizenship - foreigners
A,DE2009V,FR064C,2015,3843.0,,,FR064C,FR,,2015,foreign_population,Population by citizenship - foreigners
A,DE2009V,FR064C,2016,3924.0,,,FR064C,FR,,2016,foreign_population,Population by citizenship - foreigners
A,DE2009V,FR064C,2017,4174.0,,,FR064C,FR,,2017,foreign_population,Population by citizenship - foreigners
A,DE2009V,FR064C,2018,4427.0,,,FR064C,FR,,2018,foreign_population,Population by citizenship - foreigners
A,DE2009V,FR064C,2019,4433.0,,,FR064C,FR,,2019,foreign_population,Population by citizenship - foreigners
A,DE2009V,FR064C,2020,4688.0,,,FR064C,FR,,2020,foreign_population,Population by citizenship - foreigners
A,DE2009V,FR064C,2021,4954.0,,,FR064C,FR,,2021,foreign_population,Population by citizenship - foreigners
A,DE2009V,FR064C,2022,5090.0,,,FR064C,FR,,2022,foreign_population,Population by citizenship - foreigners
A,DE2009V,FR065C,2015,12165.0,,,FR065C,FR,,2015,foreign_population,Population by citizenship - foreigners
A,DE2009V,FR065C,2016,12148.0,,,FR065C,FR,,2016,foreign_population,Population by citizenship - foreigners
A,DE2009V,FR065C,2017,12095.0,,,FR065C,FR,,2017,foreign_population,Population by citizenship - foreigners
A,DE2009V,FR065C,2018,12081.0,,,FR065C,FR,,2018,foreign_population,Population by citizenship - foreigners
A,DE2009V,FR065C,2019,12059.0,,,FR065C,FR,,2019,foreign_population,Population by citizenship - foreigners
A,DE2009V,FR065C,2020,11912.0,,,FR065C,FR,,2020,foreign_population,Population by citizenship - foreigners
A,DE2009V,FR065C,2021,11898.0,,,FR065C,FR,,2021,foreign_population,Population by citizenship - foreigners
A,DE2009V,FR065C,2022,11879.0,,,FR065C,FR,,2022,foreign_population,Population by citizenship - foreigners
A,DE2009V,FR066C,2015,11562.0,,,FR066C,FR,,2015,foreign_population,Population by citizenship - foreigners
A,DE2009V,FR066C,2016,11358.0,,,FR066C,FR,,2016,foreign_population,Population by citizenship - foreigners
A,DE2009V,FR066C,2017,11278.0,,,FR066C,FR,,2017,foreign_population,Population by citizenship - foreigners
A,DE2009V,FR066C,2018,11297.0,,,FR066C,FR,,2018,foreign_population,Population by citizenship - foreigners
A,DE2009V,FR066C,2019,11356.0,,,FR066C,FR,,2019,foreign_population,Population by citizenship - foreigners
A,DE2009V,FR066C,2020,11158.0,,,FR066C,FR,,2020,foreign_population,Population by citizenship - foreigners
A,DE2009V,FR066C,2021,11106.0,,,FR066C,FR,,2021,foreign_population,Population by citizenship - foreigners
A,DE2009V,FR066C,2022,11280.0,,,FR066C,FR,,2022,foreign_population,Population by citizenship - foreigners
A,DE2009V,FR067C,2015,12423.0,,,FR067C,FR,,2015,foreign_population,Population by citizenship - foreigners
A,DE2009V,FR067C,2016,13108.0,,,FR067C,FR,,2016,foreign_population,Population by citizenship - foreigners
A,DE2009V,FR067C,2017,13692.0,,,FR067C,FR,,2017,foreign_population,Population by citizenship - foreigners
A,DE2009V,FR067C,2018,14206.0,,,FR067C,FR,,2018,foreign_population,Population by citizenship - foreigners
A,DE2009V,FR067C,2019,14238.0,,,FR067C,FR,,2019,foreign_population,Population by citizenship - foreigners
A,DE2009V,FR067C,2020,14680.0,,,FR067C,FR,,2020,foreign_population,Population by citizenship - foreigners
A,DE2009V,FR067C,2021,14785.0,,,FR067C,FR,,2021,foreign_population,Population by citizenship - foreigners
A,DE2009V,FR067C,2022,15235.0,,,FR067C,FR,,2022,foreign_population,Population by citizenship - foreigners
A,DE2009V,FR068C,2015,7107.0,,,FR068C,FR,,2015,foreign_population,Population by citizenship - foreigners
A,DE2009V,FR068C,2016,7280.0,,,FR068C,FR,,2016,foreign_population,Population by citizenship - foreigners
A,DE2009V,FR068C,2017,7279.0,,,FR068C,FR,,2017,foreign_population,Population by citizenship - foreigners
A,DE2009V,FR068C,2018,7708.0,,,FR068C,FR,,2018,foreign_population,Population by citizenship - foreigners
A,DE2009V,FR068C,2019,7709.0,,,FR068C,FR,,2019,foreign_population,Population by citizenship - foreigners
A,DE2009V,FR068C,2020,7997.0,,,FR068C,FR,,2020,foreign_population,Population by citizenship - foreigners
A,DE2009V,FR068C,2021,8154.0,,,FR068C,FR,,2021,foreign_population,Population by citizenship - foreigners
A,DE2009V,FR068C,2022,8616.0,,,FR068C,FR,,2022,foreign_population,Population by citizenship - foreigners
A,DE2009V,FR069C,2015,5317.0,,,FR069C,FR,,2015,foreign_population,Population by citizenship - foreigners
A,DE2009V,FR069C,2016,5570.0,,,FR069C,FR,,2016,foreign_population,Population by citizenship - foreigners
A,DE2009V,FR069C,2017,5835.0,,,FR069C,FR,,2017,foreign_population,Population by citizenship - foreigners
A,DE2009V,FR069C,2018,6308.0,,,FR069C,FR,,2018,foreign_population,Population by citizenship - foreigners
A,DE2009V,FR069C,2019,6155.0,,,FR069C,FR,,2019,foreign_population,Population by citizenship - foreigners
A,DE2009V,FR069C,2020,6456.0,,,FR069C,FR,,2020,foreign_population,Population by citizenship - foreigners
A,DE2009V,FR069C,2021,6489.0,,,FR069C,FR,,2021,foreign_population,Population by citizenship - foreigners
A,DE2009V,FR069C,2022,6521.0,,,FR069C,FR,,2022,foreign_population,Population by citizenship - foreigners
A,DE2009V,FR070C,2015,4026.0,,,FR070C,FR,,2015,foreign_population,Population by citizenship - foreigners
A,DE2009V,FR070C,2016,4058.0,,,FR070C,FR,,2016,foreign_population,Population by citizenship - foreigners
A,DE2009V,FR070C,2017,4093.0,,,FR070C,FR,,2017,foreign_population,Population by citizenship - foreigners
A,DE2009V,FR070C,2018,4207.0,,,FR070C,FR,,2018,foreign_population,Population by citizenship - foreigners
A,DE2009V,FR070C,2019,4186.0,,,FR070C,FR,,2019,foreign_population,Population by citizenship - foreigners
A,DE2009V,FR070C,2020,4504.0,,,FR070C,FR,,2020,foreign_population,Population by citizenship - foreigners
A,DE2009V,FR070C,2021,4597.0,,,FR070C,FR,,2021,foreign_population,Population by citizenship - foreigners
A,DE2009V,FR070C,2022,4930.0,,,FR070C,FR,,2022,foreign_population,Population by citizenship - foreigners
A,DE2009V,FR071C,2015,10196.0,,,FR071C,FR,,2015,foreign_population,Population by citizenship - foreigners
A,DE2009V,FR071C,2016,10537.0,,,FR071C,FR,,2016,foreign_population,Population by citizenship - foreigners
A,DE2009V,FR071C,2017,10418.0,,,FR071C,FR,,2017,foreign_population,Population by citizenship - foreigners
A,DE2009V,FR071C,2018,10606.0,,,FR071C,FR,,2018,foreign_population,Population by citizenship - foreigners
A,DE2009V,FR071C,2019,10519.0,,,FR071C,FR,,2019,foreign_population,Population by citizenship - foreigners
A,DE2009V,FR071C,2020,10596.0,,,FR071C,FR,,2020,foreign_population,Population by citizenship - foreigners
A,DE2009V,FR071C,2021,10681.0,,,FR071C,FR,,2021,foreign_population,Population by citizenship - foreigners
A,DE2009V,FR071C,2022,11325.0,,,FR071C,FR,,2022,foreign_population,Population by citizenship - foreigners
A,DE2009V,FR072C,2015,17337.0,,,FR072C,FR,,2015,foreign_population,Population by citizenship - foreigners
A,DE2009V,FR072C,2016,19468.0,,,FR072C,FR,,2016,foreign_population,Population by citizenship - foreigners
A,DE2009V,FR072C,2017,20203.0,,,FR072C,FR,,2017,foreign_population,Population by citizenship - foreigners
A,DE2009V,FR072C,2018,22343.0,,,FR072C,FR,,2018,foreign_population,Population by citizenship - foreigners
A,DE2009V,FR072C,2019,22821.0,,,FR072C,FR,,2019,foreign_population,Population by citizenship - foreigners
A,DE2009V,FR072C,2020,23698.0,,,FR072C,FR,,2020,foreign_population,Population by citizenship - foreigners
A,DE2009V,FR072C,2021,23075.0,,,FR072C,FR,,2021,foreign_population,Population by citizenship - foreigners
A,DE2009V,FR072C,2022,23784.0,,,FR072C,FR,,2022,foreign_population,Population by citizenship - foreigners
A,DE2009V,FR073C,2015,11292.0,,,FR073C,FR,,2015,foreign_population,Population by citizenship - foreigners
A,DE2009V,FR073C,2016,11374.0,,,FR073C,FR,,2016,foreign_population,Population by citizenship - foreigners
A,DE2009V,FR073C,2017,11550.0,,,FR073C,FR,,2017,foreign_population,Population by citizenship - foreigners
A,DE2009V,FR073C,2018,11690.0,,,FR073C,FR,,2018,foreign_population,Population by citizenship - foreigners
A,DE2009V,FR073C,2019,11778.0,,,FR073C,FR,,2019,foreign_population,Population by citizenship - foreigners
A,DE2009V,FR073C,2020,12490.0,,,FR073C,FR,,2020,foreign_population,Population by citizenship - foreigners
A,DE2009V,FR073C,2021,12702.0,,,FR073C,FR,,2021,foreign_population,Population by citizenship - foreigners
A,DE2009V,FR073C,2022,12977.0,,,FR073C,FR,,2022,foreign_population,Population by citizenship - foreigners
A,DE2009V,FR074C,2015,1201.0,,,FR074C,FR,,2015,foreign_population,Population by citizenship - foreigners
A,DE2009V,FR074C,2016,1180.0,,,FR074C,FR,,2016,foreign_population,Population by citizenship - foreigners
A,DE2009V,FR074C,2017,1267.0,,,FR074C,FR,,2017,foreign_population,Population by citizenship - foreigners
A,DE2009V,FR074C,2018,1244.0,,,FR074C,FR,,2018,foreign_population,Population by citizenship - foreigners
A,DE2009V,FR074C,2019,1240.0,,,FR074C,FR,,2019,foreign_population,Population by citizenship - foreigners
A,DE2009V,FR074C,2020,1211.0,,,FR074C,FR,,2020,foreign_population,Population by citizenship - foreigners
A,DE2009V,FR074C,2021,1266.0,,,FR074C,FR,,2021,foreign_population,Population by citizenship - foreigners
A,DE2009V,FR074C,2022,1297.0,,,FR074C,FR,,2022,foreign_population,Population by citizenship - foreigners
A,DE2009V,FR075C,2015,4517.0,,,FR075C,FR,,2015,foreign_population,Population by citizenship - foreigners
A,DE2009V,FR075C,2016,4615.0,,,FR075C,FR,,2016,foreign_population,Population by citizenship - foreigners
A,DE2009V,FR075C,2017,4765.0,,,FR075C,FR,,2017,foreign_population,Population by citizenship - foreigners
A,DE2009V,FR075C,2018,4957.0,,,FR075C,FR,,2018,foreign_population,Population by citizenship - foreigners
A,DE2009V,FR075C,2019,4952.0,,,FR075C,FR,,2019,foreign_population,Population by citizenship - foreigners
A,DE2009V,FR075C,2020,4949.0,,,FR075C,FR,,2020,foreign_population,Population by citizenship - foreigners
A,DE2009V,FR075C,2021,5210.0,,,FR075C,FR,,2021,foreign_population,Population by citizenship - foreigners
A,DE2009V,FR075C,2022,5243.0,,,FR075C,FR,,2022,foreign_population,Population by citizenship - foreigners
A,DE2009V,FR076C,2015,19091.0,,,FR076C,FR,,2015,foreign_population,Population by citizenship - foreigners
A,DE2009V,FR076C,2016,19216.0,,,FR076C,FR,,2016,foreign_population,Population by citizenship - foreigners
A,DE2009V,FR076C,2017,19973.0,,,FR076C,FR,,2017,foreign_population,Population by citizenship - foreigners
A,DE2009V,FR076C,2018,20499.0,,,FR076C,FR,,2018,foreign_population,Population by citizenship - foreigners
A,DE2009V,FR076C,2019,20516.0,,,FR076C,FR,,2019,foreign_population,Population by citizenship - foreigners
A,DE2009V,FR076C,2020,21179.0,,,FR076C,FR,,2020,foreign_population,Population by citizenship - foreigners
A,DE2009V,FR076C,2021,21601.0,,,FR076C,FR,,2021,foreign_population,Population by citizenship - foreigners
A,DE2009V,FR076C,2022,22175.0,,,FR076C,FR,,2022,foreign_population,Population by citizenship - foreigners
A,DE2009V,FR077C,2015,11800.0,,,FR077C,FR,,2015,foreign_population,Population by citizenship - foreigners
A,DE2009V,FR077C,2016,12067.0,,,FR077C,FR,,2016,foreign_population,Population by citizenship - foreigners
A,DE2009V,FR077C,2017,12567.0,,,FR077C,FR,,2017,foreign_population,Population by citizenship - foreigners
A,DE2009V,FR077C,2018,13342.0,,,FR077C,FR,,2018,foreign_population,Population by citizenship - foreigners
A,DE2009V,FR077C,2019,13650.0,,,FR077C,FR,,2019,foreign_population,Population by citizenship - foreigners
A,DE2009V,FR077C,2020,13857.0,,,FR077C,FR,,2020,foreign_population,Population by citizenship - foreigners
A,DE2009V,FR077C,2021,13990.0,,,FR077C,FR,,2021,foreign_population,Population by citizenship - foreigners
A,DE2009V,FR077C,2022,14054.0,,,FR077C,FR,,2022,foreign_population,Population by citizenship - foreigners
A,DE2009V,HR001C,2015,141426.0,,,HR001C,HR,,2015,foreign_population,Population by citizenship - foreigners
A,DE2009V,HR001C,2016,141664.0,,,HR001C,HR,,2016,foreign_population,Population by citizenship - foreigners
A,DE2009V,HR001C,2017,141903.0,,,HR001C,HR,,2017,foreign_population,Population by citizenship - foreigners
A,DE2009V,HR001C,2018,142142.0,,,HR001C,HR,,2018,foreign_population,Population by citizenship - foreigners
A,DE2009V,HR001C,2019,142381.0,,,HR001C,HR,,2019,foreign_population,Population by citizenship - foreigners
A,DE2009V,HR001C,2020,142621.0,,,HR001C,HR,,2020,foreign_population,Population by citizenship - foreigners
A,DE2009V,HR001C,2021,142862.0,e,,HR001C,HR,,2021,foreign_population,Population by citizenship - foreigners
A,DE2009V,HR002C,2015,19686.0,,,HR002C,HR,,2015,foreign_population,Population by citizenship - foreigners
A,DE2009V,HR002C,2016,19407.0,,,HR002C,HR,,2016,foreign_population,Population by citizenship - foreigners
A,DE2009V,HR002C,2017,19133.0,,,HR002C,HR,,2017,foreign_population,Population by citizenship - foreigners
A,DE2009V,HR002C,2018,18862.0,,,HR002C,HR,,2018,foreign_population,Population by citizenship - foreigners
A,DE2009V,HR002C,2019,18595.0,,,HR002C,HR,,2019,foreign_population,Population by citizenship - foreigners
A,DE2009V,HR002C,2020,18332.0,,,HR002C,HR,,2020,foreign_population,Population by citizenship - foreigners
A,DE2009V,HR002C,2021,18073.0,e,,HR002C,HR,,2021,foreign_population,Population by citizenship - foreigners
A,DE2009V,HR003C,2015,16713.0,,,HR003C,HR,,2015,foreign_population,Population by citizenship - foreigners
A,DE2009V,HR003C,2016,16415.0,,,HR003C,HR,,2016,foreign_population,Population by citizenship - foreigners
A,DE2009V,HR003C,2017,16123.0,,,HR003C,HR,,2017,foreign_population,Population by citizenship - foreigners
A,DE2009V,HR003C,2018,15836.0,,,HR003C,HR,,2018,foreign_population,Population by citizenship - foreigners
A,DE2009V,HR003C,2019,15554.0,,,HR003C,HR,,2019,foreign_population,Population by citizenship - foreigners
A,DE2009V,HR003C,2020,15277.0,,,HR003C,HR,,2020,foreign_population,Population by citizenship - foreigners
A,DE2009V,HR003C,2021,15006.0,e,,HR003C,HR,,2021,foreign_population,Population by citizenship - foreigners
A,DE2009V,HR004C,2015,15699.0,,,HR004C,HR,,2015,foreign_population,Population by citizenship - foreigners
A,DE2009V,HR004C,2016,15597.0,,,HR004C,HR,,2016,foreign_population,Population by citizenship - foreigners
A,DE2009V,HR004C,2017,15496.0,,,HR004C,HR,,2017,foreign_population,Population by citizenship - foreigners
A,DE2009V,HR004C,2018,15396.0,,,HR004C,HR,,2018,foreign_population,Population by citizenship - foreigners
A,DE2009V,HR004C,2019,15296.0,,,HR004C,HR,,2019,foreign_population,Population by citizenship - foreigners
A,DE2009V,HR004C,2020,15197.0,,,HR004C,HR,,2020,foreign_population,Population by citizenship - foreigners
A,DE2009V,HR004C,2021,15099.0,e,,HR004C,HR,,2021,foreign_population,Population by citizenship - foreigners
A,DE2009V,HR005C,2016,18354.0,,,HR005C,HR,,2016,foreign_population,Population by citizenship - foreigners
A,DE2009V,HR005C,2017,18225.0,,,HR005C,HR,,2017,foreign_population,Population by citizenship - foreigners
A,DE2009V,HR005C,2018,18097.0,,,HR005C,HR,,2018,foreign_population,Population by citizenship - foreigners
A,DE2009V,HR005C,2019,17969.0,,,HR005C,HR,,2019,foreign_population,Population by citizenship - foreigners
A,DE2009V,HR005C,2020,17843.0,,,HR005C,HR,,2020,foreign_population,Population by citizenship - foreigners
A,DE2009V,HR005C,2021,17718.0,e,,HR005C,HR,,2021,foreign_population,Population by citizenship - foreigners
A,DE2009V,HR006C,2015,11961.0,,,HR006C,HR,,2015,foreign_population,Population by citizenship - foreigners
A,DE2009V,HR006C,2016,11932.0,,,HR006C,HR,,2016,foreign_population,Population by citizenship - foreigners
A,DE2009V,HR006C,2017,11903.0,,,HR006C,HR,,2017,foreign_population,Population by citizenship - foreigners
A,DE2009V,HR006C,2018,11874.0,,,HR006C,HR,,2018,foreign_population,Population by citizenship - foreigners
A,DE2009V,HR006C,2019,11845.0,,,HR006C,HR,,2019,foreign_population,Population by citizenship - foreigners
A,DE2009V,HR006C,2020,11817.0,,,HR006C,HR,,2020,foreign_population,Population by citizenship - foreigners
A,DE2009V,HR006C,2021,11788.0,e,,HR006C,HR,,2021,foreign_population,Population by citizenship - foreigners
A,DE2009V,HR007C,2015,8453.0,,,HR007C,HR,,2015,foreign_population,Population by citizenship - foreigners
A,DE2009V,HR007C,2016,8431.0,,,HR007C,HR,,2016,foreign_population,Population by citizenship - foreigners
A,DE2009V,HR007C,2017,8410.0,,,HR007C,HR,,2017,foreign_population,Population by citizenship - foreigners
A,DE2009V,HR007C,2018,8389.0,,,HR007C,HR,,2018,foreign_population,Population by citizenship - foreigners
A,DE2009V,HR007C,2019,8367.0,,,HR007C,HR,,2019,foreign_population,Population by citizenship - foreigners
A,DE2009V,HR007C,2020,8346.0,,,HR007C,HR,,2020,foreign_population,Population by citizenship - foreigners
A,DE2009V,HR007C,2021,8325.0,e,,HR007C,HR,,2021,foreign_population,Population by citizenship - foreigners
A,DE2009V,HU,2015,476077.0,,,HU,HU,,2015,foreign_population,Population by citizenship - foreigners
A,DE2009V,HU,2016,504302.0,,,HU,HU,,2016,foreign_population,Population by citizenship - foreigners
A,DE2009V,HU,2017,514127.0,,,HU,HU,,2017,foreign_population,Population by citizenship - foreigners
A,DE2009V,HU,2018,536578.0,,,HU,HU,,2018,foreign_population,Population by citizenship - foreigners
A,DE2009V,HU001C,2015,157355.0,,,HU001C,HU,,2015,foreign_population,Population by citizenship - foreigners
A,DE2009V,HU001C,2016,165027.0,,,HU001C,HU,,2016,foreign_population,Population by citizenship - foreigners
A,DE2009V,HU001C,2017,168048.0,,,HU001C,HU,,2017,foreign_population,Population by citizenship - foreigners
A,DE2009V,HU001C,2018,174015.0,,,HU001C,HU,,2018,foreign_population,Population by citizenship - foreigners
A,DE2009V,HU001C,2019,183592.0,,,HU001C,HU,,2019,foreign_population,Population by citizenship - foreigners
A,DE2009V,HU001C,2020,191522.0,,,HU001C,HU,,2020,foreign_population,Population by citizenship - foreigners
A,DE2009V,HU001C,2021,188034.0,,,HU001C,HU,,2021,foreign_population,Population by citizenship - foreigners
A,DE2009V,HU001C,2022,190212.0,,,HU001C,HU,,2022,foreign_population,Population by citizenship - foreigners
A,DE2009V,HU001C,2023,206432.0,,,HU001C,HU,,2023,foreign_population,Population by citizenship - foreigners
A,DE2009V,HU002C,2015,4343.0,,,HU002C,HU,,2015,foreign_population,Population by citizenship - foreigners
A,DE2009V,HU002C,2016,4495.0,,,HU002C,HU,,2016,foreign_population,Population by citizenship - foreigners
A,DE2009V,HU002C,2017,4421.0,,,HU002C,HU,,2017,foreign_population,Population by citizenship - foreigners
A,DE2009V,HU002C,2018,4604.0,,,HU002C,HU,,2018,foreign_population,Population by citizenship - foreigners
A,DE2009V,HU002C,2019,4813.0,,,HU002C,HU,,2019,foreign_population,Population by citizenship - foreigners
A,DE2009V,HU002C,2020,5153.0,,,HU002C,HU,,2020,foreign_population,Population by citizenship - foreigners
A,DE2009V,HU002C,2021,5269.0,,,HU002C,HU,,2021,foreign_population,Population by citizenship - foreigners
A,DE2009V,HU002C,2022,5271.0,,,HU002C,HU,,2022,foreign_population,Population by citizenship - foreigners
A,DE2009V,HU002C,2023,5637.0,,,HU002C,HU,,2023,foreign_population,Population by citizenship - foreigners
A,DE2009V,HU003C,2015,5665.0,,,HU003C,HU,,2015,foreign_population,Population by citizenship - foreigners
A,DE2009V,HU003C,2016,6100.0,,,HU003C,HU,,2016,foreign_population,Population by citizenship - foreigners
A,DE2009V,HU003C,2017,6151.0,,,HU003C,HU,,2017,foreign_population,Population by citizenship - foreigners
A,DE2009V,HU003C,2018,6330.0,,,HU003C,HU,,2018,foreign_population,Population by citizenship - foreigners
A,DE2009V,HU003C,2019,6501.0,,,HU003C,HU,,2019,foreign_population,Population by citizenship - foreigners
A,DE2009V,HU003C,2020,6768.0,,,HU003C,HU,,2020,foreign_population,Population by citizenship - foreigners
A,DE2009V,HU003C,2021,7071.0,,,HU003C,HU,,2021,foreign_population,Population by citizenship - foreigners
A,DE2009V,HU003C,2022,6956.0,,,HU003C,HU,,2022,foreign_population,Population by citizenship - foreigners
A,DE2009V,HU003C,2023,7393.0,,,HU003C,HU,,2023,foreign_population,Population by citizenship - foreigners
A,DE2009V,HU004C,2015,8533.0,,,HU004C,HU,,2015,foreign_population,Population by citizenship - foreigners
A,DE2009V,HU004C,2016,9150.0,,,HU004C,HU,,2016,foreign_population,Population by citizenship - foreigners
A,DE2009V,HU004C,2017,9814.0,,,HU004C,HU,,2017,foreign_population,Population by citizenship - foreigners
A,DE2009V,HU004C,2018,10555.0,,,HU004C,HU,,2018,foreign_population,Population by citizenship - foreigners
A,DE2009V,HU004C,2019,10299.0,,,HU004C,HU,,2019,foreign_population,Population by citizenship - foreigners
A,DE2009V,HU004C,2020,10754.0,,,HU004C,HU,,2020,foreign_population,Population by citizenship - foreigners
A,DE2009V,HU004C,2021,10441.0,,,HU004C,HU,,2021,foreign_population,Population by citizenship - foreigners
A,DE2009V,HU004C,2022,10686.0,,,HU004C,HU,,2022,foreign_population,Population by citizenship - foreigners
A,DE2009V,HU004C,2023,11413.0,,,HU004C,HU,,2023,foreign_population,Population by citizenship - foreigners
A,DE2009V,HU005C,2015,12788.0,,,HU005C,HU,,2015,foreign_population,Population by citizenship - foreigners
A,DE2009V,HU005C,2016,13421.0,,,HU005C,HU,,2016,foreign_population,Population by citizenship - foreigners
A,DE2009V,HU005C,2017,13687.0,,,HU005C,HU,,2017,foreign_population,Population by citizenship - foreigners
A,DE2009V,HU005C,2018,14486.0,,,HU005C,HU,,2018,foreign_population,Population by citizenship - foreigners
A,DE2009V,HU005C,2019,14686.0,,,HU005C,HU,,2019,foreign_population,Population by citizenship - foreigners
A,DE2009V,HU005C,2020,15568.0,,,HU005C,HU,,2020,foreign_population,Population by citizenship - foreigners
A,DE2009V,HU005C,2021,16204.0,,,HU005C,HU,,2021,foreign_population,Population by citizenship - foreigners
A,DE2009V,HU005C,2022,17103.0,,,HU005C,HU,,2022,foreign_population,Population by citizenship - foreigners
A,DE2009V,HU005C,2023,17997.0,,,HU005C,HU,,2023,foreign_population,Population by citizenship - foreigners
A,DE2009V,HU006C,2015,16208.0,,,HU006C,HU,,2015,foreign_population,Population by citizenship - foreigners
A,DE2009V,HU006C,2016,16862.0,,,HU006C,HU,,2016,foreign_population,Population by citizenship - foreigners
A,DE2009V,HU006C,2017,16250.0,,,HU006C,HU,,2017,foreign_population,Population by citizenship - foreigners
A,DE2009V,HU006C,2018,17002.0,,,HU006C,HU,,2018,foreign_population,Population by citizenship - foreigners
A,DE2009V,HU006C,2019,17425.0,,,HU006C,HU,,2019,foreign_population,Population by citizenship - foreigners
A,DE2009V,HU006C,2020,17990.0,,,HU006C,HU,,2020,foreign_population,Population by citizenship - foreigners
A,DE2009V,HU006C,2021,17237.0,,,HU006C,HU,,2021,foreign_population,Population by citizenship - foreigners
A,DE2009V,HU006C,2022,17653.0,,,HU006C,HU,,2022,foreign_population,Population by citizenship - foreigners
A,DE2009V,HU006C,2023,18071.0,,,HU006C,HU,,2023,foreign_population,Population by citizenship - foreigners
A,DE2009V,HU007C,2015,5903.0,,,HU007C,HU,,2015,foreign_population,Population by citizenship - foreigners
A,DE2009V,HU007C,2016,6243.0,,,HU007C,HU,,2016,foreign_population,Population by citizenship - foreigners
A,DE2009V,HU007C,2017,6223.0,,,HU007C,HU,,2017,foreign_population,Population by citizenship - foreigners
A,DE2009V,HU007C,2018,6807.0,,,HU007C,HU,,2018,foreign_population,Population by citizenship - foreigners
A,DE2009V,HU007C,2019,7452.0,,,HU007C,HU,,2019,foreign_population,Population by citizenship - foreigners
A,DE2009V,HU007C,2020,8488.0,,,HU007C,HU,,2020,foreign_population,Population by citizenship - foreigners
A,DE2009V,HU007C,2021,7901.0,,,HU007C,HU,,2021,foreign_population,Population by citizenship - foreigners
A,DE2009V,HU007C,2022,7997.0,,,HU007C,HU,,2022,foreign_population,Population by citizenship - foreigners
A,DE2009V,HU007C,2023,8730.0,,,HU007C,HU,,2023,foreign_population,Population by citizenship - foreigners
A,DE2009V,HU008C,2015,5358.0,,,HU008C,HU,,2015,foreign_population,Population by citizenship - foreigners
A,DE2009V,HU008C,2016,5566.0,,,HU008C,HU,,2016,foreign_population,Population by citizenship - foreigners
A,DE2009V,HU008C,2017,4814.0,,,HU008C,HU,,2017,foreign_population,Population by citizenship - foreigners
A,DE2009V,HU008C,2018,4986.0,,,HU008C,HU,,2018,foreign_population,Population by citizenship - foreigners
A,DE2009V,HU008C,2019,5599.0,,,HU008C,HU,,2019,foreign_population,Population by citizenship - foreigners
A,DE2009V,HU008C,2020,5706.0,,,HU008C,HU,,2020,foreign_population,Population by citizenship - foreigners
A,DE2009V,HU008C,2021,5569.0,,,HU008C,HU,,2021,foreign_population,Population by citizenship - foreigners
A,DE2009V,HU008C,2022,5709.0,,,HU008C,HU,,2022,foreign_population,Population by citizenship - foreigners
A,DE2009V,HU008C,2023,6132.0,,,HU008C,HU,,2023,foreign_population,Population by citizenship - foreigners
A,DE2009V,HU009C,2015,3457.0,,,HU009C,HU,,2015,foreign_population,Population by citizenship - foreigners
A,DE2009V,HU009C,2016,3561.0,,,HU009C,HU,,2016,foreign_population,Population by citizenship - foreigners
A,DE2009V,HU009C,2017,3585.0,,,HU009C,HU,,2017,foreign_population,Population by citizenship - foreigners
A,DE2009V,HU009C,2018,3893.0,,,HU009C,HU,,2018,foreign_population,Population by citizenship - foreigners
A,DE2009V,HU009C,2019,4496.0,,,HU009C,HU,,2019,foreign_population,Population by citizenship - foreigners
A,DE2009V,HU009C,2020,4624.0,,,HU009C,HU,,2020,foreign_population,Population by citizenship - foreigners
A,DE2009V,HU009C,2021,4188.0,,,HU009C,HU,,2021,foreign_population,Population by citizenship - foreigners
A,DE2009V,HU009C,2022,4543.0,,,HU009C,HU,,2022,foreign_population,Population by citizenship - foreigners
A,DE2009V,HU009C,2023,5060.0,,,HU009C,HU,,2023,foreign_population,Population by citizenship - foreigners
A,DE2009V,HU010C,2015,2034.0,,,HU010C,HU,,2015,foreign_population,Population by citizenship - foreigners
A,DE2009V,HU010C,2016,2101.0,,,HU010C,HU,,2016,foreign_population,Population by citizenship - foreigners
A,DE2009V,HU010C,2017,2078.0,,,HU010C,HU,,2017,foreign_population,Population by citizenship - foreigners
A,DE2009V,HU010C,2018,2270.0,,,HU010C,HU,,2018,foreign_population,Population by citizenship - foreigners
A,DE2009V,HU010C,2019,2482.0,,,HU010C,HU,,2019,foreign_population,Population by citizenship - foreigners
A,DE2009V,HU010C,2020,2644.0,,,HU010C,HU,,2020,foreign_population,Population by citizenship - foreigners
A,DE2009V,HU010C,2021,2816.0,,,HU010C,HU,,2021,foreign_population,Population by citizenship - foreigners
A,DE2009V,HU010C,2022,3285.0,,,HU010C,HU,,2022,foreign_population,Population by citizenship - foreigners
A,DE2009V,HU010C,2023,3842.0,,,HU010C,HU,,2023,foreign_population,Population by citizenship - foreigners
A,DE2009V,HU011C,2015,1739.0,,,HU011C,HU,,2015,foreign_population,Population by citizenship - foreigners
A,DE2009V,HU011C,2016,1794.0,,,HU011C,HU,,2016,foreign_population,Population by citizenship - foreigners
A,DE2009V,HU011C,2017,1847.0,,,HU011C,HU,,2017,foreign_population,Population by citizenship - foreigners
A,DE2009V,HU011C,2018,1970.0,,,HU011C,HU,,2018,foreign_population,Population by citizenship - foreigners
A,DE2009V,HU011C,2019,2125.0,,,HU011C,HU,,2019,foreign_population,Population by citizenship - foreigners
A,DE2009V,HU011C,2020,2224.0,,,HU011C,HU,,2020,foreign_population,Population by citizenship - foreigners
A,DE2009V,HU011C,2021,2180.0,,,HU011C,HU,,2021,foreign_population,Population by citizenship - foreigners
A,DE2009V,HU011C,2022,2267.0,,,HU011C,HU,,2022,foreign_population,Population by citizenship - foreigners
A,DE2009V,HU011C,2023,2584.0,,,HU011C,HU,,2023,foreign_population,Population by citizenship - foreigners
A,DE2009V,HU012C,2015,2420.0,,,HU012C,HU,,2015,foreign_population,Population by citizenship - foreigners
A,DE2009V,HU012C,2016,2510.0,,,HU012C,HU,,2016,foreign_population,Population by citizenship - foreigners
A,DE2009V,HU012C,2017,2517.0,,,HU012C,HU,,2017,foreign_population,Population by citizenship - foreigners
A,DE2009V,HU012C,2018,2588.0,,,HU012C,HU,,2018,foreign_population,Population by citizenship - foreigners
A,DE2009V,HU012C,2019,3074.0,,,HU012C,HU,,2019,foreign_population,Population by citizenship - foreigners
A,DE2009V,HU012C,2020,3737.0,,,HU012C,HU,,2020,foreign_population,Population by citizenship - foreigners
A,DE2009V,HU012C,2021,3633.0,,,HU012C,HU,,2021,foreign_population,Population by citizenship - foreigners
A,DE2009V,HU012C,2022,3689.0,,,HU012C,HU,,2022,foreign_population,Population by citizenship - foreigners
A,DE2009V,HU012C,2023,4239.0,,,HU012C,HU,,2023,foreign_population,Population by citizenship - foreigners
A,DE2009V,HU013C,2015,1918.0,,,HU013C,HU,,2015,foreign_population,Population by citizenship - foreigners
A,DE2009V,HU013C,2016,1991.0,,,HU013C,HU,,2016,foreign_population,Population by citizenship - foreigners
A,DE2009V,HU013C,2017,2031.0,,,HU013C,HU,,2017,foreign_population,Population by citizenship - foreigners
A,DE2009V,HU013C,2018,2378.0,,,HU013C,HU,,2018,foreign_population,Population by citizenship - foreigners
A,DE2009V,HU013C,2019,2828.0,,,HU013C,HU,,2019,foreign_population,Population by citizenship - foreigners
A,DE2009V,HU013C,2020,2816.0,,,HU013C,HU,,2020,foreign_population,Population by citizenship - foreigners
A,DE2009V,HU013C,2021,2639.0,,,HU013C,HU,,2021,foreign_population,Population by citizenship - foreigners
A,DE2009V,HU013C,2022,2806.0,,,HU013C,HU,,2022,foreign_population,Population by citizenship - foreigners
A,DE2009V,HU013C,2023,3244.0,,,HU013C,HU,,2023,foreign_population,Population by citizenship - foreigners
A,DE2009V,HU014C,2015,2221.0,,,HU014C,HU,,2015,foreign_population,Population by citizenship - foreigners
A,DE2009V,HU014C,2016,2301.0,,,HU014C,HU,,2016,foreign_population,Population by citizenship - foreigners
A,DE2009V,HU014C,2017,2298.0,,,HU014C,HU,,2017,foreign_population,Population by citizenship - foreigners
A,DE2009V,HU014C,2018,2315.0,,,HU014C,HU,,2018,foreign_population,Population by citizenship - foreigners
A,DE2009V,HU014C,2019,2462.0,,,HU014C,HU,,2019,foreign_population,Population by citizenship - foreigners
A,DE2009V,HU014C,2020,2549.0,,,HU014C,HU,,2020,foreign_population,Population by citizenship - foreigners
A,DE2009V,HU014C,2021,2476.0,,,HU014C,HU,,2021,foreign_population,Population by citizenship - foreigners
A,DE2009V,HU014C,2022,2370.0,,,HU014C,HU,,2022,foreign_population,Population by citizenship - foreigners
A,DE2009V,HU014C,2023,2483.0,,,HU014C,HU,,2023,foreign_population,Population by citizenship - foreigners
A,DE2009V,HU015C,2015,1842.0,,,HU015C,HU,,2015,foreign_population,Population by citizenship - foreigners
A,DE2009V,HU015C,2016,1864.0,,,HU015C,HU,,2016,foreign_population,Population by citizenship - foreigners
A,DE2009V,HU015C,2017,1801.0,,,HU015C,HU,,2017,foreign_population,Population by citizenship - foreigners
A,DE2009V,HU015C,2018,1758.0,,,HU015C,HU,,2018,foreign_population,Population by citizenship - foreigners
A,DE2009V,HU015C,2019,1788.0,,,HU015C,HU,,2019,foreign_population,Population by citizenship - foreigners
A,DE2009V,HU015C,2020,1805.0,,,HU015C,HU,,2020,foreign_population,Population by citizenship - foreigners
A,DE2009V,HU015C,2021,1810.0,,,HU015C,HU,,2021,foreign_population,Population by citizenship - foreigners
A,DE2009V,HU015C,2022,1779.0,,,HU015C,HU,,2022,foreign_population,Population by citizenship - foreigners
A,DE2009V,HU015C,2023,1868.0,,,HU015C,HU,,2023,foreign_population,Population by citizenship - foreigners
A,DE2009V,HU016C,2015,1584.0,,,HU016C,HU,,2015,foreign_population,Population by citizenship - foreigners
A,DE2009V,HU016C,2016,1688.0,,,HU016C,HU,,2016,foreign_population,Population by citizenship - foreigners
A,DE2009V,HU016C,2017,1675.0,,,HU016C,HU,,2017,foreign_population,Population by citizenship - foreigners
A,DE2009V,HU016C,2018,1705.0,,,HU016C,HU,,2018,foreign_population,Population by citizenship - foreigners
A,DE2009V,HU016C,2019,1798.0,,,HU016C,HU,,2019,foreign_population,Population by citizenship - foreigners
A,DE2009V,HU016C,2020,1865.0,,,HU016C,HU,,2020,foreign_population,Population by citizenship - foreigners
A,DE2009V,HU016C,2021,1808.0,,,HU016C,HU,,2021,foreign_population,Population by citizenship - foreigners
A,DE2009V,HU016C,2022,1832.0,,,HU016C,HU,,2022,foreign_population,Population by citizenship - foreigners
A,DE2009V,HU016C,2023,1908.0,,,HU016C,HU,,2023,foreign_population,Population by citizenship - foreigners
A,DE2009V,HU017C,2015,1962.0,,,HU017C,HU,,2015,foreign_population,Population by citizenship - foreigners
A,DE2009V,HU017C,2016,1848.0,,,HU017C,HU,,2016,foreign_population,Population by citizenship - foreigners
A,DE2009V,HU017C,2017,1845.0,,,HU017C,HU,,2017,foreign_population,Population by citizenship - foreigners
A,DE2009V,HU017C,2018,1937.0,,,HU017C,HU,,2018,foreign_population,Population by citizenship - foreigners
A,DE2009V,HU017C,2019,2351.0,,,HU017C,HU,,2019,foreign_population,Population by citizenship - foreigners
A,DE2009V,HU017C,2020,2234.0,,,HU017C,HU,,2020,foreign_population,Population by citizenship - foreigners
A,DE2009V,HU017C,2021,2007.0,,,HU017C,HU,,2021,foreign_population,Population by citizenship - foreigners
A,DE2009V,HU017C,2022,2150.0,,,HU017C,HU,,2022,foreign_population,Population by citizenship - foreigners
A,DE2009V,HU017C,2023,2300.0,,,HU017C,HU,,2023,foreign_population,Population by citizenship - foreigners
A,DE2009V,HU018C,2015,1744.0,,,HU018C,HU,,2015,foreign_population,Population by citizenship - foreigners
A,DE2009V,HU018C,2016,2020.0,,,HU018C,HU,,2016,foreign_population,Population by citizenship - foreigners
A,DE2009V,HU018C,2017,2050.0,,,HU018C,HU,,2017,foreign_population,Population by citizenship - foreigners
A,DE2009V,HU018C,2018,2245.0,,,HU018C,HU,,2018,foreign_population,Population by citizenship - foreigners
A,DE2009V,HU018C,2019,2468.0,,,HU018C,HU,,2019,foreign_population,Population by citizenship - foreigners
A,DE2009V,HU018C,2020,2389.0,,,HU018C,HU,,2020,foreign_population,Population by citizenship - foreigners
A,DE2009V,HU018C,2021,2038.0,,,HU018C,HU,,2021,foreign_population,Population by citizenship - foreigners
A,DE2009V,HU018C,2022,2525.0,,,HU018C,HU,,2022,foreign_population,Population by citizenship - foreigners
A,DE2009V,HU018C,2023,2904.0,,,HU018C,HU,,2023,foreign_population,Population by citizenship - foreigners
A,DE2009V,HU019C,2015,2881.0,,,HU019C,HU,,2015,foreign_population,Population by citizenship - foreigners
A,DE2009V,HU019C,2016,3145.0,,,HU019C,HU,,2016,foreign_population,Population by citizenship - foreigners
A,DE2009V,HU019C,2017,3270.0,,,HU019C,HU,,2017,foreign_population,Population by citizenship - foreigners
A,DE2009V,HU019C,2018,3447.0,,,HU019C,HU,,2018,foreign_population,Population by citizenship - foreigners
A,DE2009V,HU019C,2019,3645.0,,,HU019C,HU,,2019,foreign_population,Population by citizenship - foreigners
A,DE2009V,HU019C,2020,3896.0,,,HU019C,HU,,2020,foreign_population,Population by citizenship - foreigners
A,DE2009V,HU019C,2021,4049.0,,,HU019C,HU,,2021,foreign_population,Population by citizenship - foreigners
A,DE2009V,HU019C,2022,4178.0,,,HU019C,HU,,2022,foreign_population,Population by citizenship - foreigners
A,DE2009V,HU019C,2023,4431.0,,,HU019C,HU,,2023,foreign_population,Population by citizenship - foreigners
A,DE2009V,IT,2023,6417206.0,,,IT,IT,,2023,foreign_population,Population by citizenship - foreigners
A,DE2009V,IT001C,2023,388292.0,,,IT001C,IT,,2023,foreign_population,Population by citizenship - foreigners
A,DE2009V,IT002C,2023,563155.0,,,IT002C,IT,,2023,foreign_population,Population by citizenship - foreigners
A,DE2009V,IT003C,2023,120861.0,,,IT003C,IT,,2023,foreign_population,Population by citizenship - foreigners
A,DE2009V,IT004C,2023,147956.0,,,IT004C,IT,,2023,foreign_population,Population by citizenship - foreigners
A,DE2009V,IT005C,2023,29023.0,,,IT005C,IT,,2023,foreign_population,Population by citizenship - foreigners
A,DE2009V,IT006C,2023,76003.0,,,IT006C,IT,,2023,foreign_population,Population by citizenship - foreigners
A,DE2009V,IT007C,2023,65481.0,,,IT007C,IT,,2023,foreign_population,Population by citizenship - foreigners
A,DE2009V,IT008C,2023,17202.0,,,IT008C,IT,,2023,foreign_population,Population by citizenship - foreigners
A,DE2009V,IT009C,2023,67458.0,,,IT009C,IT,,2023,foreign_population,Population by citizenship - foreigners
A,DE2009V,IT010C,2023,16183.0,,,IT010C,IT,,2023,foreign_population,Population by citizenship - foreigners
A,DE2009V,IT011C,2023,42778.0,,,IT011C,IT,,2023,foreign_population,Population by citizenship - foreigners
A,DE2009V,IT012C,2023,42287.0,,,IT012C,IT,,2023,foreign_population,Population by citizenship - foreigners
A,DE2009V,IT013C,2023,11867.0,,,IT013C,IT,,2023,foreign_population,Population by citizenship - foreigners
A,DE2009V,IT014C,2023,18777.0,,,IT014C,IT,,2023,foreign_population,Population by citizenship - foreigners
A,DE2009V,IT015C,2023,32750.0,,,IT015C,IT,,2023,foreign_population,Population by citizenship - foreigners
A,DE2009V,IT016C,2023,24437.0,,,IT016C,IT,,2023,foreign_population,Population by citizenship - foreigners
A,DE2009V,IT017C,2023,16778.0,,,IT017C,IT,,2023,foreign_population,Population by citizenship - foreigners
A,DE2009V,IT018C,2023,10770.0,,,IT018C,IT,,2023,foreign_population,Population by citizenship - foreigners
A,DE2009V,IT019C,2023,3534.0,,,IT019C,IT,,2023,foreign_population,Population by citizenship - foreigners
A,DE2009V,IT020C,2023,5122.0,,,IT020C,IT,,2023,foreign_population,Population by citizenship - foreigners
A,DE2009V,IT021C,2023,6502.0,,,IT021C,IT,,2023,foreign_population,Population by citizenship - foreigners
A,DE2009V,IT022C,2023,2613.0,,,IT022C,IT,,2023,foreign_population,Population by citizenship - foreigners
A,DE2009V,IT023C,2023,3641.0,,,IT023C,IT,,2023,foreign_population,Population by citizenship - foreigners
A,DE2009V,IT024C,2023,13557.0,,,IT024C,IT,,2023,foreign_population,Population by citizenship - foreigners
A,DE2009V,IT025C,2023,5904.0,,,IT025C,IT,,2023,foreign_population,Population by citizenship - foreigners
A,DE2009V,IT026C,2023,10037.0,,,IT026C,IT,,2023,foreign_population,Population by citizenship - foreigners
A,DE2009V,IT027C,2023,37715.0,,,IT027C,IT,,2023,foreign_population,Population by citizenship - foreigners
A,DE2009V,IT028C,2023,42541.0,,,IT028C,IT,,2023,foreign_population,Population by citizenship - foreigners
A,DE2009V,IT029C,2023,32361.0,,,IT029C,IT,,2023,foreign_population,Population by citizenship - foreigners
A,DE2009V,IT030C,2023,9551.0,,,IT030C,IT,,2023,foreign_population,Population by citizenship - foreigners
A,DE2009V,IT031C,2023,7018.0,,,IT031C,IT,,2023,foreign_population,Population by citizenship - foreigners
A,DE2009V,IT032C,2023,22386.0,,,IT032C,IT,,2023,foreign_population,Population by citizenship - foreigners
A,DE2009V,IT033C,2023,21176.0,,,IT033C,IT,,2023,foreign_population,Population by citizenship - foreigners
A,DE2009V,IT034C,2023,18581.0,,,IT034C,IT,,2023,foreign_population,Population by citizenship - foreigners
A,DE2009V,IT035C,2023,15143.0,,,IT035C,IT,,2023,foreign_population,Population by citizenship - foreigners
A,DE2009V,IT036C,2023,9269.0,,,IT036C,IT,,2023,foreign_population,Population by citizenship - foreigners
A,DE2009V,IT037C,2023,2816.0,,,IT037C,IT,,2023,foreign_population,Population by citizenship - foreigners
A,DE2009V,IT038C,2023,11091.0,,,IT038C,IT,,2023,foreign_population,Population by citizenship - foreigners
A,DE2009V,IT039C,2023,14991.0,,,IT039C,IT,,2023,foreign_population,Population by citizenship - foreigners
A,DE2009V,IT040C,2023,14179.0,,,IT040C,IT,,2023,foreign_population,Population by citizenship - foreigners
A,DE2009V,IT041C,2023,15139.0,,,IT041C,IT,,2023,foreign_population,Population by citizenship - foreigners
A,DE2009V,IT042C,2023,12796.0,,,IT042C,IT,,2023,foreign_population,Population by citizenship - foreigners
A,DE2009V,IT043C,2023,10858.0,,,IT043C,IT,,2023,foreign_population,Population by citizenship - foreigners
A,DE2009V,IT044C,2023,11512.0,,,IT044C,IT,,2023,foreign_population,Population by citizenship - foreigners
A,DE2009V,IT045C,2023,5861.0,,,IT045C,IT,,2023,foreign_population,Population by citizenship - foreigners
A,DE2009V,IT046C,2023,4912.0,,,IT046C,IT,,2023,foreign_population,Population by citizenship - foreigners
A,DE2009V,IT047C,2023,8226.0,,,IT047C,IT,,2023,foreign_population,Population by citizenship - foreigners
A,DE2009V,IT048C,2023,3987.0,,,IT048C,IT,,2023,foreign_population,Population by citizenship - foreigners
A,DE2009V,IT049C,2023,2086.0,,,IT049C,IT,,2023,foreign_population,Population by citizenship - foreigners
A,DE2009V,IT050C,2023,3373.0,,,IT050C,IT,,2023,foreign_population,Population by citizenship - foreigners
A,DE2009V,IT051C,2023,10703.0,,,IT051C,IT,,2023,foreign_population,Population by citizenship - foreigners
A,DE2009V,IT052C,2023,6181.0,,,IT052C,IT,,2023,foreign_population,Population by citizenship - foreigners
A,DE2009V,IT053C,2023,3749.0,,,IT053C,IT,,2023,foreign_population,Population by citizenship - foreigners
A,DE2009V,IT054C,2023,1294.0,,,IT054C,IT,,2023,foreign_population,Population by citizenship - foreigners
A,DE2009V,IT055C,2023,2415.0,,,IT055C,IT,,2023,foreign_population,Population by citizenship - foreigners
A,DE2009V,IT056C,2023,4741.0,,,IT056C,IT,,2023,foreign_population,Population by citizenship - foreigners
A,DE2009V,IT057C,2023,2038.0,,,IT057C,IT,,2023,foreign_population,Population by citizenship - foreigners
A,DE2009V,IT058C,2023,12109.0,,,IT058C,IT,,2023,foreign_population,Population by citizenship - foreigners
A,DE2009V,IT059C,2023,2616.0,,,IT059C,IT,,2023,foreign_population,Population by citizenship - foreigners
A,DE2009V,IT060C,2023,2258.0,,,IT060C,IT,,2023,foreign_population,Population by citizenship - foreigners
A,DE2009V,IT061C,2023,1627.0,,,IT061C,IT,,2023,foreign_population,Population by citizenship - foreigners
A,DE2009V,IT062C,2023,8805.0,,,IT062C,IT,,2023,foreign_population,Population by citizenship - foreigners
A,DE2009V,IT063C,2023,6878.0,,,IT063C,IT,,2023,foreign_population,Population by citizenship - foreigners
A,DE2009V,IT064C,2023,12930.0,,,IT064C,IT,,2023,foreign_population,Population by citizenship - foreigners
A,DE2009V,IT065C,2023,44779.0,,,IT065C,IT,,2023,foreign_population,Population by citizenship - foreigners
A,DE2009V,IT066C,2023,37492.0,,,IT066C,IT,,2023,foreign_population,Population by citizenship - foreigners
A,DE2009V,IT067C,2023,15393.0,,,IT067C,IT,,2023,foreign_population,Population by citizenship - foreigners
A,DE2009V,IT068C,2023,32227.0,,,IT068C,IT,,2023,foreign_population,Population by citizenship - foreigners
A,DE2009V,IT069C,2023,22618.0,,,IT069C,IT,,2023,foreign_population,Population by citizenship - foreigners
A,DE2009V,IT070C,2023,16976.0,,,IT070C,IT,,2023,foreign_population,Population by citizenship - foreigners
A,DE2009V,IT071C,2023,24577.0,,,IT071C,IT,,2023,foreign_population,Population by citizenship - foreigners
A,DE2009V,IT072C,2023,8141.0,,,IT072C,IT,,2023,foreign_population,Population by citizenship - foreigners
A,DE2009V,IT073C,2023,21754.0,,,IT073C,IT,,2023,foreign_population,Population by citizenship - foreigners
A,DE2009V,IT074C,2023,17529.0,,,IT074C,IT,,2023,foreign_population,Population by citizenship - foreigners
A,DE2009V,IT075C,2023,13876.0,,,IT075C,IT,,2023,foreign_population,Population by citizenship - foreigners
A,DE2009V,IT076C,2023,20688.0,,,IT076C,IT,,2023,foreign_population,Population by citizenship - foreigners
A,DE2009V,IT077C,2023,15104.0,,,IT077C,IT,,2023,foreign_population,Population by citizenship - foreigners
A,DE2009V,IT078C,2023,17705.0,,,IT078C,IT,,2023,foreign_population,Population by citizenship - foreigners
A,DE2009V,IT079C,2023,16554.0,,,IT079C,IT,,2023,foreign_population,Population by citizenship - foreigners
A,DE2009V,IT080C,2023,13880.0,,,IT080C,IT,,2023,foreign_population,Population by citizenship - foreigners
A,DE2009V,IT081C,2023,9793.0,,,IT081C,IT,,2023,foreign_population,Population by citizenship - foreigners
A,DE2009V,IT082C,2023,3855.0,,,IT082C,IT,,2023,foreign_population,Population by citizenship - foreigners
A,DE2009V,IT083C,2023,3253.0,,,IT083C,IT,,2023,foreign_population,Population by citizenship - foreigners
A,DE2009V,IT084C,2023,7940.0,,,IT084C,IT,,2023,foreign_population,Population by citizenship - foreigners
A,DE2009V,IT085C,2023,2319.0,,,IT085C,IT,,2023,foreign_population,Population by citizenship - foreigners
A,DE2009V,IT086C,2023,2309.0,,,IT086C,IT,,2023,foreign_population,Population by citizenship - foreigners
A,DE2009V,IT087C,2023,8006.0,,,IT087C,IT,,2023,foreign_population,Population by citizenship - foreigners
A,DE2009V,LT,2015,136021.0,,,LT,LT,,2015,foreign_population,Population by citizenship - foreigners
A,DE2009V,LT,2016,129706.0,,,LT,LT,,2016,foreign_population,Population by citizenship - foreigners
A,DE2009V,LT,2017,127351.0,,,LT,LT,,2017,foreign_population,Population by citizenship - foreigners
A,DE2009V,LT,2018,130975.0,e,,LT,LT,,2018,foreign_population,Population by citizenship - foreigners
A,DE2009V,LT001C,2021,47882.0,,,LT001C,LT,,2021,foreign_population,Population by citizenship - foreigners
A,DE2009V,LT001C,2023,73610.0,,,LT001C,LT,,2023,foreign_population,Population by citizenship - foreigners
A,DE2009V,LT002C,2021,10907.0,,,LT002C,LT,,2021,foreign_population,Population by citizenship - foreigners
A,DE2009V,LT002C,2023,20118.0,,,LT002C,LT,,2023,foreign_population,Population by citizenship - foreigners
A,DE2009V,LT003C,2021,3134.0,,,LT003C,LT,,2021,foreign_population,Population by citizenship - foreigners
A,DE2009V,LT003C,2023,4766.0,,,LT003C,LT,,2023,foreign_population,Population by citizenship - foreigners
A,DE2009V,LT004C,2021,1914.0,,,LT004C,LT,,2021,foreign_population,Population by citizenship - foreigners
A,DE2009V,LT004C,2023,2706.0,,,LT004C,LT,,2023,foreign_population,Population by citizenship - foreigners
A,DE2009V,LT005C,2021,15609.0,,,LT005C,LT,,2021,foreign_population,Population by citizenship - foreigners
A,DE2009V,LT005C,2023,22782.0,,,LT005C,LT,,2023,foreign_population,Population by citizenship - foreigners
A,DE2009V,LT006C,2021,4589.0,,,LT006C,LT,,2021,foreign_population,Population by citizenship - foreigners
A,DE2009V,LT006C,2023,11834.0,,,LT006C,LT,,2023,foreign_population,Population by citizenship - foreigners
A,DE2009V,LV,2015,265415.0,,,LV,LV,,2015,foreign_population,Population by citizenship - foreigners
A,DE2009V,LV,2016,258889.0,,,LV,LV,,2016,foreign_population,Population by citizenship - foreigners
A,DE2009V,LV,2017,251465.0,,,LV,LV,,2017,foreign_population,Population by citizenship - foreigners
A,DE2009V,LV,2018,246040.0,,,LV,LV,,2018,foreign_population,Population by citizenship - foreigners
A,DE2009V,LV,2020,236959.0,,,LV,LV,,2020,foreign_population,Population by citizenship - foreigners
A,DE2009V,LV,2021,230100.0,,,LV,LV,,2021,foreign_population,Population by citizenship - foreigners
A,DE2009V,LV,2022,223635.0,,,LV,LV,,2022,foreign_population,Population by citizenship - foreigners
A,DE2009V,LV,2023,241109.0,,,LV,LV,,2023,foreign_population,Population by citizenship - foreigners
A,DE2009V,LV001C,2015,121909.0,,,LV001C,LV,,2015,foreign_population,Population by citizenship - foreigners
A,DE2009V,LV001C,2016,118861.0,,,LV001C,LV,,2016,foreign_population,Population by citizenship - foreigners
A,DE2009V,LV001C,2017,115838.0,,,LV001C,LV,,2017,foreign_population,Population by citizenship - foreigners
A,DE2009V,LV001C,2018,114159.0,,,LV001C,LV,,2018,foreign_population,Population by citizenship - foreigners
A,DE2009V,LV001C,2019,112436.0,,,LV001C,LV,,2019,foreign_population,Population by citizenship - foreigners
A,DE2009V,LV001C,2020,110393.0,,,LV001C,LV,,2020,foreign_population,Population by citizenship - foreigners
A,DE2009V,LV001C,2021,106829.0,,,LV001C,LV,,2021,foreign_population,Population by citizenship - foreigners
A,DE2009V,LV001C,2022,103723.0,,,LV001C,LV,,2022,foreign_population,Population by citizenship - foreigners
A,DE2009V,LV001C,2023,113122.0,,,LV001C,LV,,2023,foreign_population,Population by citizenship - foreigners
A,DE2009V,LV002C,2015,13349.0,,,LV002C,LV,,2015,foreign_population,Population by citizenship - foreigners
A,DE2009V,LV002C,2016,12881.0,,,LV002C,LV,,2016,foreign_population,Population by citizenship - foreigners
A,DE2009V,LV002C,2017,12378.0,,,LV002C,LV,,2017,foreign_population,Population by citizenship - foreigners
A,DE2009V,LV002C,2018,12023.0,,,LV002C,LV,,2018,foreign_population,Population by citizenship - foreigners
A,DE2009V,LV002C,2019,11684.0,,,LV002C,LV,,2019,foreign_population,Population by citizenship - foreigners
A,DE2009V,LV002C,2020,11310.0,,,LV002C,LV,,2020,foreign_population,Population by citizenship - foreigners
A,DE2009V,LV002C,2021,10949.0,,,LV002C,LV,,2021,foreign_population,Population by citizenship - foreigners
A,DE2009V,LV002C,2022,10554.0,,,LV002C,LV,,2022,foreign_population,Population by citizenship - foreigners
A,DE2009V,LV002C,2023,10736.0,,,LV002C,LV,,2023,foreign_population,Population by citizenship - foreigners
A,DE2009V,LV003C,2015,8501.0,,,LV003C,LV,,2015,foreign_population,Population by citizenship - foreigners
A,DE2009V,LV003C,2016,8271.0,,,LV003C,LV,,2016,foreign_population,Population by citizenship - foreigners
A,DE2009V,LV003C,2017,7977.0,,,LV003C,LV,,2017,foreign_population,Population by citizenship - foreigners
A,DE2009V,LV003C,2018,7674.0,,,LV003C,LV,,2018,foreign_population,Population by citizenship - foreigners
A,DE2009V,LV003C,2019,7461.0,,,LV003C,LV,,2019,foreign_population,Population by citizenship - foreigners
A,DE2009V,LV003C,2020,7241.0,,,LV003C,LV,,2020,foreign_population,Population by citizenship - foreigners
A,DE2009V,LV003C,2021,6986.0,,,LV003C,LV,,2021,foreign_population,Population by citizenship - foreigners
A,DE2009V,LV003C,2022,6673.0,,,LV003C,LV,,2022,foreign_population,Population by citizenship - foreigners
A,DE2009V,LV004C,2015,18722.0,,,LV004C,LV,,2015,foreign_population,Population by citizenship - foreigners
A,DE2009V,LV004C,2016,18228.0,,,LV004C,LV,,2016,foreign_population,Population by citizenship - foreigners
A,DE2009V,LV004C,2017,17739.0,,,LV004C,LV,,2017,foreign_population,Population by citizenship - foreigners
A,DE2009V,LV004C,2018,17351.0,,,LV004C,LV,,2018,foreign_population,Population by citizenship - foreigners
A,DE2009V,LV004C,2019,16932.0,,,LV004C,LV,,2019,foreign_population,Population by citizenship - foreigners
A,DE2009V,LV004C,2020,16421.0,,,LV004C,LV,,2020,foreign_population,Population by citizenship - foreigners
A,DE2009V,LV004C,2021,15821.0,,,LV004C,LV,,2021,foreign_population,Population by citizenship - foreigners
A,DE2009V,LV004C,2022,15113.0,,,LV004C,LV,,2022,foreign_population,Population by citizenship - foreigners
A,DE2009V,LV004C,2023,15436.0,,,LV004C,LV,,2023,foreign_population,Population by citizenship - foreigners
A,DE2009V,MT,2015,52642.0,,,MT,MT,,2015,foreign_population,Population by citizenship - foreigners
A,DE2009V,MT,2016,61632.0,,,MT,MT,,2016,foreign_population,Population by citizenship - foreigners
A,DE2009V,MT,2017,69576.0,,,MT,MT,,2017,foreign_population,Population by citizenship - foreigners
A,DE2009V,MT,2018,83396.0,,,MT,MT,,2018,foreign_population,Population by citizenship - foreigners
A,DE2009V,MT,2019,99555.0,,,MT,MT,,2019,foreign_population,Population by citizenship - foreigners
A,DE2009V,MT,2020,118927.0,,,MT,MT,,2020,foreign_population,Population by citizenship - foreigners
A,DE2009V,MT,2021,119550.0,,,MT,MT,,2021,foreign_population,Population by citizenship - foreigners
A,DE2009V,MT,2022,122930.0,,,MT,MT,,2022,foreign_population,Population by citizenship - foreigners
A,DE2009V,MT,2023,153361.0,,,MT,MT,,2023,foreign_population,Population by citizenship - foreigners
A,DE2009V,NL,2015,1996389.0,b,,NL,NL,,2015,foreign_population,Population by citizenship - foreigners
A,DE2009V,NL,2016,2056588.0,b,,NL,NL,,2016,foreign_population,Population by citizenship - foreigners
A,DE2009V,NL,2019,2298709.0,,,NL,NL,,2019,foreign_population,Population by citizenship - foreigners
A,DE2009V,NL,2020,2399808.0,,,NL,NL,,2020,foreign_population,Population by citizenship - foreigners
A,DE2009V,NL,2021,2451161.0,,,NL,NL,,2021,foreign_population,Population by citizenship - foreigners
A,DE2009V,NL,2022,2550837.0,,,NL,NL,,2022,foreign_population,Population by citizenship - foreigners
A,DE2009V,NL,2023,2776950.0,,,NL,NL,,2023,foreign_population,Population by citizenship - foreigners
A,DE2009V,NL001C,2015,272911.0,b,,NL001C,NL,,2015,foreign_population,Population by citizenship - foreigners
A,DE2009V,NL001C,2016,281175.0,b,,NL001C,NL,,2016,foreign_population,Population by citizenship - foreigners
A,DE2009V,NL001C,2019,321924.0,,,NL001C,NL,,2019,foreign_population,Population by citizenship - foreigners
A,DE2009V,NL001C,2020,338492.0,,,NL001C,NL,,2020,foreign_population,Population by citizenship - foreigners
A,DE2009V,NL001C,2021,343276.0,,,NL001C,NL,,2021,foreign_population,Population by citizenship - foreigners
A,DE2009V,NL001C,2022,359153.0,,,NL001C,NL,,2022,foreign_population,Population by citizenship - foreigners
A,DE2009V,NL001C,2023,387126.0,,,NL001C,NL,,2023,foreign_population,Population by citizenship - foreigners
A,DE2009V,NL002C,2015,18665.0,b,,NL002C,NL,,2015,foreign_population,Population by citizenship - foreigners
A,DE2009V,NL002C,2016,19147.0,b,,NL002C,NL,,2016,foreign_population,Population by citizenship - foreigners
A,DE2009V,NL002C,2019,20850.0,,,NL002C,NL,,2019,foreign_population,Population by citizenship - foreigners
A,DE2009V,NL002C,2020,21672.0,,,NL002C,NL,,2020,foreign_population,Population by citizenship - foreigners
A,DE2009V,NL002C,2021,22058.0,,,NL002C,NL,,2021,foreign_population,Population by citizenship - foreigners
A,DE2009V,NL002C,2022,24809.0,,,NL002C,NL,,2022,foreign_population,Population by citizenship - foreigners
A,DE2009V,NL002C,2023,26666.0,,,NL002C,NL,,2023,foreign_population,Population by citizenship - foreigners
A,DE2009V,NL003C,2015,8988.0,b,,NL003C,NL,,2015,foreign_population,Population by citizenship - foreigners
A,DE2009V,NL003C,2016,9184.0,b,,NL003C,NL,,2016,foreign_population,Population by citizenship - foreigners
A,DE2009V,NL003C,2019,9768.0,,,NL003C,NL,,2019,foreign_population,Population by citizenship - foreigners
A,DE2009V,NL003C,2020,10036.0,,,NL003C,NL,,2020,foreign_population,Population by citizenship - foreigners
A,DE2009V,NL003C,2021,10323.0,,,NL003C,NL,,2021,foreign_population,Population by citizenship - foreigners
A,DE2009V,NL003C,2022,10546.0,,,NL003C,NL,,2022,foreign_population,Population by citizenship - foreigners
A,DE2009V,NL003C,2023,11340.0,,,NL003C,NL,,2023,foreign_population,Population by citizenship - foreigners
A,DE2009V,NL004C,2015,39938.0,b,,NL004C,NL,,2015,foreign_population,Population by citizenship - foreigners
A,DE2009V,NL004C,2016,40562.0,b,,NL004C,NL,,2016,foreign_population,Population by citizenship - foreigners
A,DE2009V,NL004C,2019,46285.0,,,NL004C,NL,,2019,foreign_population,Population by citizenship - foreigners
A,DE2009V,NL004C,2020,48969.0,,,NL004C,NL,,2020,foreign_population,Population by citizenship - foreigners
A,DE2009V,NL004C,2021,50549.0,,,NL004C,NL,,2021,foreign_population,Population by citizenship - foreigners
A,DE2009V,NL004C,2022,52880.0,,,NL004C,NL,,2022,foreign_population,Population by citizenship - foreigners
A,DE2009V,NL004C,2023,57691.0,,,NL004C,NL,,2023,foreign_population,Population by citizenship - foreigners
A,DE2009V,NL005C,2015,10170.0,b,,NL005C,NL,,2015,foreign_population,Population by citizenship - foreigners
A,DE2009V,NL005C,2016,10522.0,b,,NL005C,NL,,2016,foreign_population,Population by citizenship - foreigners
A,DE2009V,NL005C,2019,12160.0,,,NL005C,NL,,2019,foreign_population,Population by citizenship - foreigners
A,DE2009V,NL005C,2020,12631.0,,,NL005C,NL,,2020,foreign_population,Population by citizenship - foreigners
A,DE2009V,NL005C,2021,12930.0,,,NL005C,NL,,2021,foreign_population,Population by citizenship - foreigners
A,DE2009V,NL005C,2022,13310.0,,,NL005C,NL,,2022,foreign_population,Population by citizenship - foreigners
A,DE2009V,NL005C,2023,14452.0,,,NL005C,NL,,2023,foreign_population,Population by citizenship - foreigners
A,DE2009V,NL006C,2015,18245.0,b,,NL006C,NL,,2015,foreign_population,Population by citizenship - foreigners
A,DE2009V,NL006C,2016,18477.0,b,,NL006C,NL,,2016,foreign_population,Population by citizenship - foreigners
A,DE2009V,NL006C,2019,19720.0,,,NL006C,NL,,2019,foreign_population,Population by citizenship - foreigners
A,DE2009V,NL006C,2020,20285.0,,,NL006C,NL,,2020,foreign_population,Population by citizenship - foreigners
A,DE2009V,NL006C,2021,20513.0,,,NL006C,NL,,2021,foreign_population,Population by citizenship - foreigners
A,DE2009V,NL006C,2022,21222.0,,,NL006C,NL,,2022,foreign_population,Population by citizenship - foreigners
A,DE2009V,NL006C,2023,22781.0,,,NL006C,NL,,2023,foreign_population,Population by citizenship - foreigners
A,DE2009V,NL007C,2015,12996.0,b,,NL007C,NL,,2015,foreign_population,Population by citizenship - foreigners
A,DE2009V,NL007C,2016,13385.0,b,,NL007C,NL,,2016,foreign_population,Population by citizenship - foreigners
A,DE2009V,NL007C,2019,15192.0,,,NL007C,NL,,2019,foreign_population,Population by citizenship - foreigners
A,DE2009V,NL007C,2020,15900.0,,,NL007C,NL,,2020,foreign_population,Population by citizenship - foreigners
A,DE2009V,NL007C,2021,16303.0,,,NL007C,NL,,2021,foreign_population,Population by citizenship - foreigners
A,DE2009V,NL007C,2022,16669.0,,,NL007C,NL,,2022,foreign_population,Population by citizenship - foreigners
A,DE2009V,NL007C,2023,18253.0,,,NL007C,NL,,2023,foreign_population,Population by citizenship - foreigners
A,DE2009V,NL008C,2015,25164.0,b,,NL008C,NL,,2015,foreign_population,Population by citizenship - foreigners
A,DE2009V,NL008C,2016,25873.0,b,,NL008C,NL,,2016,foreign_population,Population by citizenship - foreigners
A,DE2009V,NL008C,2019,29200.0,,,NL008C,NL,,2019,foreign_population,Population by citizenship - foreigners
A,DE2009V,NL008C,2020,30672.0,,,NL008C,NL,,2020,foreign_population,Population by citizenship - foreigners
A,DE2009V,NL008C,2021,31346.0,,,NL008C,NL,,2021,foreign_population,Population by citizenship - foreigners
A,DE2009V,NL008C,2022,32184.0,,,NL008C,NL,,2022,foreign_population,Population by citizenship - foreigners
A,DE2009V,NL008C,2023,34405.0,,,NL008C,NL,,2023,foreign_population,Population by citizenship - foreigners
A,DE2009V,NL009C,2015,5053.0,b,,NL009C,NL,,2015,foreign_population,Population by citizenship - foreigners
A,DE2009V,NL009C,2016,5130.0,b,,NL009C,NL,,2016,foreign_population,Population by citizenship - foreigners
A,DE2009V,NL009C,2019,5671.0,,,NL009C,NL,,2019,foreign_population,Population by citizenship - foreigners
A,DE2009V,NL009C,2020,6060.0,,,NL009C,NL,,2020,foreign_population,Population by citizenship - foreigners
A,DE2009V,NL009C,2021,6140.0,,,NL009C,NL,,2021,foreign_population,Population by citizenship - foreigners
A,DE2009V,NL009C,2022,6301.0,,,NL009C,NL,,2022,foreign_population,Population by citizenship - foreigners
A,DE2009V,NL009C,2023,6981.0,,,NL009C,NL,,2023,foreign_population,Population by citizenship - foreigners
A,DE2009V,NL010C,2015,8066.0,b,,NL010C,NL,,2015,foreign_population,Population by citizenship - foreigners
A,DE2009V,NL010C,2016,8126.0,b,,NL010C,NL,,2016,foreign_population,Population by citizenship - foreigners
A,DE2009V,NL010C,2019,8690.0,,,NL010C,NL,,2019,foreign_population,Population by citizenship - foreigners
A,DE2009V,NL010C,2020,9077.0,,,NL010C,NL,,2020,foreign_population,Population by citizenship - foreigners
A,DE2009V,NL010C,2021,9401.0,,,NL010C,NL,,2021,foreign_population,Population by citizenship - foreigners
A,DE2009V,NL010C,2022,9642.0,,,NL010C,NL,,2022,foreign_population,Population by citizenship - foreigners
A,DE2009V,NL010C,2023,10293.0,,,NL010C,NL,,2023,foreign_population,Population by citizenship - foreigners
A,DE2009V,NL011C,2015,21129.0,b,,NL011C,NL,,2015,foreign_population,Population by citizenship - foreigners
A,DE2009V,NL011C,2016,21693.0,b,,NL011C,NL,,2016,foreign_population,Population by citizenship - foreigners
A,DE2009V,NL011C,2019,23782.0,,,NL011C,NL,,2019,foreign_population,Population by citizenship - foreigners
A,DE2009V,NL011C,2020,24318.0,,,NL011C,NL,,2020,foreign_population,Population by citizenship - foreigners
A,DE2009V,NL011C,2021,24729.0,,,NL011C,NL,,2021,foreign_population,Population by citizenship - foreigners
A,DE2009V,NL011C,2022,25652.0,,,NL011C,NL,,2022,foreign_population,Population by citizenship - foreigners
A,DE2009V,NL011C,2023,27566.0,,,NL011C,NL,,2023,foreign_population,Population by citizenship - foreigners
A,DE2009V,NL012C,2015,10976.0,b,,NL012C,NL,,2015,foreign_population,Population by citizenship - foreigners
A,DE2009V,NL012C,2016,11121.0,b,,NL012C,NL,,2016,foreign_population,Population by citizenship - foreigners
A,DE2009V,NL012C,2019,11702.0,,,NL012C,NL,,2019,foreign_population,Population by citizenship - foreigners
A,DE2009V,NL012C,2020,11992.0,,,NL012C,NL,,2020,foreign_population,Population by citizenship - foreigners
A,DE2009V,NL012C,2021,12327.0,,,NL012C,NL,,2021,foreign_population,Population by citizenship - foreigners
A,DE2009V,NL012C,2022,12367.0,,,NL012C,NL,,2022,foreign_population,Population by citizenship - foreigners
A,DE2009V,NL012C,2023,13375.0,,,NL012C,NL,,2023,foreign_population,Population by citizenship - foreigners
A,DE2009V,NL013C,2015,15184.0,b,,NL013C,NL,,2015,foreign_population,Population by citizenship - foreigners
A,DE2009V,NL013C,2016,15498.0,b,,NL013C,NL,,2016,foreign_population,Population by citizenship - foreigners
A,DE2009V,NL013C,2019,16941.0,,,NL013C,NL,,2019,foreign_population,Population by citizenship - foreigners
A,DE2009V,NL013C,2020,18042.0,,,NL013C,NL,,2020,foreign_population,Population by citizenship - foreigners
A,DE2009V,NL013C,2021,18265.0,,,NL013C,NL,,2021,foreign_population,Population by citizenship - foreigners
A,DE2009V,NL013C,2022,19271.0,,,NL013C,NL,,2022,foreign_population,Population by citizenship - foreigners
A,DE2009V,NL013C,2023,21264.0,,,NL013C,NL,,2023,foreign_population,Population by citizenship - foreigners
A,DE2009V,NL014C,2015,45042.0,b,,NL014C,NL,,2015,foreign_population,Population by citizenship - foreigners
A,DE2009V,NL014C,2016,47161.0,b,,NL014C,NL,,2016,foreign_population,Population by citizenship - foreigners
A,DE2009V,NL014C,2019,56475.0,,,NL014C,NL,,2019,foreign_population,Population by citizenship - foreigners
A,DE2009V,NL014C,2020,60768.0,,,NL014C,NL,,2020,foreign_population,Population by citizenship - foreigners
A,DE2009V,NL014C,2021,63490.0,,,NL014C,NL,,2021,foreign_population,Population by citizenship - foreigners
A,DE2009V,NL014C,2022,67992.0,,,NL014C,NL,,2022,foreign_population,Population by citizenship - foreigners
A,DE2009V,NL014C,2023,75865.0,,,NL014C,NL,,2023,foreign_population,Population by citizenship - foreigners
A,DE2009V,NL015C,2015,23315.0,b,,NL015C,NL,,2015,foreign_population,Population by citizenship - foreigners
A,DE2009V,NL015C,2016,23530.0,b,,NL015C,NL,,2016,foreign_population,Population by citizenship - foreigners
A,DE2009V,NL015C,2019,25809.0,,,NL015C,NL,,2019,foreign_population,Population by citizenship - foreigners
A,DE2009V,NL015C,2020,26950.0,,,NL015C,NL,,2020,foreign_population,Population by citizenship - foreigners
A,DE2009V,NL015C,2021,27391.0,,,NL015C,NL,,2021,foreign_population,Population by citizenship - foreigners
A,DE2009V,NL015C,2022,28796.0,,,NL015C,NL,,2022,foreign_population,Population by citizenship - foreigners
A,DE2009V,NL015C,2023,30415.0,,,NL015C,NL,,2023,foreign_population,Population by citizenship - foreigners
A,DE2009V,NL016C,2015,8620.0,b,,NL016C,NL,,2015,foreign_population,Population by citizenship - foreigners
A,DE2009V,NL016C,2016,8843.0,b,,NL016C,NL,,2016,foreign_population,Population by citizenship - foreigners
A,DE2009V,NL016C,2019,10092.0,,,NL016C,NL,,2019,foreign_population,Population by citizenship - foreigners
A,DE2009V,NL016C,2020,10365.0,,,NL016C,NL,,2020,foreign_population,Population by citizenship - foreigners
A,DE2009V,NL016C,2021,10604.0,,,NL016C,NL,,2021,foreign_population,Population by citizenship - foreigners
A,DE2009V,NL016C,2022,10972.0,,,NL016C,NL,,2022,foreign_population,Population by citizenship - foreigners
A,DE2009V,NL016C,2023,12017.0,,,NL016C,NL,,2023,foreign_population,Population by citizenship - foreigners
A,DE2009V,NL017C,2015,202286.0,b,,NL017C,NL,,2015,foreign_population,Population by citizenship - foreigners
A,DE2009V,NL017C,2016,207549.0,b,,NL017C,NL,,2016,foreign_population,Population by citizenship - foreigners
A,DE2009V,NL017C,2019,230382.0,,,NL017C,NL,,2019,foreign_population,Population by citizenship - foreigners
A,DE2009V,NL017C,2020,240267.0,,,NL017C,NL,,2020,foreign_population,Population by citizenship - foreigners
A,DE2009V,NL017C,2021,243529.0,,,NL017C,NL,,2021,foreign_population,Population by citizenship - foreigners
A,DE2009V,NL017C,2022,252873.0,,,NL017C,NL,,2022,foreign_population,Population by citizenship - foreigners
A,DE2009V,NL017C,2023,268621.0,,,NL017C,NL,,2023,foreign_population,Population by citizenship - foreigners
A,DE2009V,NL018C,2015,27888.0,b,,NL018C,NL,,2015,foreign_population,Population by citizenship - foreigners
A,DE2009V,NL018C,2016,28600.0,b,,NL018C,NL,,2016,foreign_population,Population by citizenship - foreigners
A,DE2009V,NL018C,2019,35690.0,,,NL018C,NL,,2019,foreign_population,Population by citizenship - foreigners
A,DE2009V,NL018C,2020,37631.0,,,NL018C,NL,,2020,foreign_population,Population by citizenship - foreigners
A,DE2009V,NL018C,2021,37894.0,,,NL018C,NL,,2021,foreign_population,Population by citizenship - foreigners
A,DE2009V,NL018C,2022,40082.0,,,NL018C,NL,,2022,foreign_population,Population by citizenship - foreigners
A,DE2009V,NL018C,2023,44038.0,,,NL018C,NL,,2023,foreign_population,Population by citizenship - foreigners
A,DE2009V,NL019C,2015,32606.0,b,,NL019C,NL,,2015,foreign_population,Population by citizenship - foreigners
A,DE2009V,NL019C,2016,33743.0,b,,NL019C,NL,,2016,foreign_population,Population by citizenship - foreigners
A,DE2009V,NL019C,2019,38817.0,,,NL019C,NL,,2019,foreign_population,Population by citizenship - foreigners
A,DE2009V,NL019C,2020,41020.0,,,NL019C,NL,,2020,foreign_population,Population by citizenship - foreigners
A,DE2009V,NL019C,2021,41788.0,,,NL019C,NL,,2021,foreign_population,Population by citizenship - foreigners
A,DE2009V,NL019C,2022,43097.0,,,NL019C,NL,,2022,foreign_population,Population by citizenship - foreigners
A,DE2009V,NL019C,2023,47769.0,,,NL019C,NL,,2023,foreign_population,Population by citizenship - foreigners
A,DE2009V,NL020C,2015,18187.0,b,,NL020C,NL,,2015,foreign_population,Population by citizenship - foreigners
A,DE2009V,NL020C,2016,18633.0,b,,NL020C,NL,,2016,foreign_population,Population by citizenship - foreigners
A,DE2009V,NL020C,2019,22571.0,,,NL020C,NL,,2019,foreign_population,Population by citizenship - foreigners
A,DE2009V,NL020C,2020,24251.0,,,NL020C,NL,,2020,foreign_population,Population by citizenship - foreigners
A,DE2009V,NL020C,2021,25348.0,,,NL020C,NL,,2021,foreign_population,Population by citizenship - foreigners
A,DE2009V,NL020C,2022,26651.0,,,NL020C,NL,,2022,foreign_population,Population by citizenship - foreigners
A,DE2009V,NL020C,2023,30040.0,,,NL020C,NL,,2023,foreign_population,Population by citizenship - foreigners
A,DE2009V,NL021C,2015,10034.0,b,,NL021C,NL,,2015,foreign_population,Population by citizenship - foreigners
A,DE2009V,NL021C,2016,10289.0,b,,NL021C,NL,,2016,foreign_population,Population by citizenship - foreigners
A,DE2009V,NL021C,2019,11280.0,,,NL021C,NL,,2019,foreign_population,Population by citizenship - foreigners
A,DE2009V,NL021C,2020,11608.0,,,NL021C,NL,,2020,foreign_population,Population by citizenship - foreigners
A,DE2009V,NL021C,2021,11837.0,,,NL021C,NL,,2021,foreign_population,Population by citizenship - foreigners
A,DE2009V,NL021C,2022,12118.0,,,NL021C,NL,,2022,foreign_population,Population by citizenship - foreigners
A,DE2009V,NL021C,2023,12963.0,,,NL021C,NL,,2023,foreign_population,Population by citizenship - foreigners
A,DE2009V,NL022C,2015,23031.0,b,,NL022C,NL,,2015,foreign_population,Population by citizenship - foreigners
A,DE2009V,NL022C,2016,23341.0,b,,NL022C,NL,,2016,foreign_population,Population by citizenship - foreigners
A,DE2009V,NL022C,2019,25005.0,,,NL022C,NL,,2019,foreign_population,Population by citizenship - foreigners
A,DE2009V,NL022C,2020,25802.0,,,NL022C,NL,,2020,foreign_population,Population by citizenship - foreigners
A,DE2009V,NL022C,2021,26231.0,,,NL022C,NL,,2021,foreign_population,Population by citizenship - foreigners
A,DE2009V,NL022C,2022,26917.0,,,NL022C,NL,,2022,foreign_population,Population by citizenship - foreigners
A,DE2009V,NL022C,2023,28654.0,,,NL022C,NL,,2023,foreign_population,Population by citizenship - foreigners
A,DE2009V,NL023C,2015,11446.0,b,,NL023C,NL,,2015,foreign_population,Population by citizenship - foreigners
A,DE2009V,NL023C,2016,11874.0,b,,NL023C,NL,,2016,foreign_population,Population by citizenship - foreigners
A,DE2009V,NL023C,2019,13663.0,,,NL023C,NL,,2019,foreign_population,Population by citizenship - foreigners
A,DE2009V,NL023C,2020,14367.0,,,NL023C,NL,,2020,foreign_population,Population by citizenship - foreigners
A,DE2009V,NL023C,2021,14941.0,,,NL023C,NL,,2021,foreign_population,Population by citizenship - foreigners
A,DE2009V,NL023C,2022,15754.0,,,NL023C,NL,,2022,foreign_population,Population by citizenship - foreigners
A,DE2009V,NL023C,2023,17083.0,,,NL023C,NL,,2023,foreign_population,Population by citizenship - foreigners
A,DE2009V,NL024C,2015,8487.0,b,,NL024C,NL,,2015,foreign_population,Population by citizenship - foreigners
A,DE2009V,NL024C,2016,8748.0,b,,NL024C,NL,,2016,foreign_population,Population by citizenship - foreigners
A,DE2009V,NL024C,2019,9270.0,,,NL024C,NL,,2019,foreign_population,Population by citizenship - foreigners
A,DE2009V,NL024C,2020,9660.0,,,NL024C,NL,,2020,foreign_population,Population by citizenship - foreigners
A,DE2009V,NL024C,2021,9927.0,,,NL024C,NL,,2021,foreign_population,Population by citizenship - foreigners
A,DE2009V,NL024C,2022,10294.0,,,NL024C,NL,,2022,foreign_population,Population by citizenship - foreigners
A,DE2009V,NL024C,2023,11000.0,,,NL024C,NL,,2023,foreign_population,Population by citizenship - foreigners
A,DE2009V,NL025C,2015,14713.0,b,,NL025C,NL,,2015,foreign_population,Population by citizenship - foreigners
A,DE2009V,NL025C,2016,15073.0,b,,NL025C,NL,,2016,foreign_population,Population by citizenship - foreigners
A,DE2009V,NL025C,2019,16672.0,,,NL025C,NL,,2019,foreign_population,Population by citizenship - foreigners
A,DE2009V,NL025C,2020,17159.0,,,NL025C,NL,,2020,foreign_population,Population by citizenship - foreigners
A,DE2009V,NL025C,2021,17510.0,,,NL025C,NL,,2021,foreign_population,Population by citizenship - foreigners
A,DE2009V,NL025C,2022,18175.0,,,NL025C,NL,,2022,foreign_population,Population by citizenship - foreigners
A,DE2009V,NL025C,2023,20387.0,,,NL025C,NL,,2023,foreign_population,Population by citizenship - foreigners
A,DE2009V,NL026C,2015,12169.0,b,,NL026C,NL,,2015,foreign_population,Population by citizenship - foreigners
A,DE2009V,NL026C,2016,12731.0,b,,NL026C,NL,,2016,foreign_population,Population by citizenship - foreigners
A,DE2009V,NL026C,2019,15014.0,,,NL026C,NL,,2019,foreign_population,Population by citizenship - foreigners
A,DE2009V,NL026C,2020,15876.0,,,NL026C,NL,,2020,foreign_population,Population by citizenship - foreigners
A,DE2009V,NL026C,2021,16348.0,,,NL026C,NL,,2021,foreign_population,Population by citizenship - foreigners
A,DE2009V,NL026C,2022,16987.0,,,NL026C,NL,,2022,foreign_population,Population by citizenship - foreigners
A,DE2009V,NL026C,2023,18743.0,,,NL026C,NL,,2023,foreign_population,Population by citizenship - foreigners
A,DE2009V,NL027C,2015,8334.0,b,,NL027C,NL,,2015,foreign_population,Population by citizenship - foreigners
A,DE2009V,NL027C,2016,8559.0,b,,NL027C,NL,,2016,foreign_population,Population by citizenship - foreigners
A,DE2009V,NL027C,2019,9388.0,,,NL027C,NL,,2019,foreign_population,Population by citizenship - foreigners
A,DE2009V,NL027C,2020,9727.0,,,NL027C,NL,,2020,foreign_population,Population by citizenship - foreigners
A,DE2009V,NL027C,2021,9962.0,,,NL027C,NL,,2021,foreign_population,Population by citizenship - foreigners
A,DE2009V,NL027C,2022,10301.0,,,NL027C,NL,,2022,foreign_population,Population by citizenship - foreigners
A,DE2009V,NL027C,2023,11047.0,,,NL027C,NL,,2023,foreign_population,Population by citizenship - foreigners
A,DE2009V,NL028C,2015,10022.0,b,,NL028C,NL,,2015,foreign_population,Population by citizenship - foreigners
A,DE2009V,NL028C,2016,10244.0,b,,NL028C,NL,,2016,foreign_population,Population by citizenship - foreigners
A,DE2009V,NL028C,2019,11968.0,,,NL028C,NL,,2019,foreign_population,Population by citizenship - foreigners
A,DE2009V,NL028C,2020,12720.0,,,NL028C,NL,,2020,foreign_population,Population by citizenship - foreigners
A,DE2009V,NL028C,2021,12830.0,,,NL028C,NL,,2021,foreign_population,Population by citizenship - foreigners
A,DE2009V,NL028C,2022,13475.0,,,NL028C,NL,,2022,foreign_population,Population by citizenship - foreigners
A,DE2009V,NL028C,2023,14862.0,,,NL028C,NL,,2023,foreign_population,Population by citizenship - foreigners
A,DE2009V,NL029C,2015,33779.0,b,,NL029C,NL,,2015,foreign_population,Population by citizenship - foreigners
A,DE2009V,NL029C,2016,35106.0,b,,NL029C,NL,,2016,foreign_population,Population by citizenship - foreigners
A,DE2009V,NL029C,2019,38042.0,,,NL029C,NL,,2019,foreign_population,Population by citizenship - foreigners
A,DE2009V,NL029C,2020,39512.0,,,NL029C,NL,,2020,foreign_population,Population by citizenship - foreigners
A,DE2009V,NL029C,2021,39666.0,,,NL029C,NL,,2021,foreign_population,Population by citizenship - foreigners
A,DE2009V,NL029C,2022,41181.0,,,NL029C,NL,,2022,foreign_population,Population by citizenship - foreigners
A,DE2009V,NL029C,2023,44930.0,,,NL029C,NL,,2023,foreign_population,Population by citizenship - foreigners
A,DE2009V,NL030C,2015,11573.0,b,,NL030C,NL,,2015,foreign_population,Population by citizenship - foreigners
A,DE2009V,NL030C,2016,11841.0,b,,NL030C,NL,,2016,foreign_population,Population by citizenship - foreigners
A,DE2009V,NL030C,2019,13077.0,,,NL030C,NL,,2019,foreign_population,Population by citizenship - foreigners
A,DE2009V,NL030C,2020,13787.0,,,NL030C,NL,,2020,foreign_population,Population by citizenship - foreigners
A,DE2009V,NL030C,2021,14564.0,,,NL030C,NL,,2021,foreign_population,Population by citizenship - foreigners
A,DE2009V,NL030C,2022,15601.0,,,NL030C,NL,,2022,foreign_population,Population by citizenship - foreigners
A,DE2009V,NL030C,2023,17327.0,,,NL030C,NL,,2023,foreign_population,Population by citizenship - foreigners
A,DE2009V,NL031C,2015,23228.0,b,,NL031C,NL,,2015,foreign_population,Population by citizenship - foreigners
A,DE2009V,NL031C,2016,24473.0,b,,NL031C,NL,,2016,foreign_population,Population by citizenship - foreigners
A,DE2009V,NL031C,2019,27247.0,,,NL031C,NL,,2019,foreign_population,Population by citizenship - foreigners
A,DE2009V,NL031C,2020,28413.0,,,NL031C,NL,,2020,foreign_population,Population by citizenship - foreigners
A,DE2009V,NL031C,2021,27952.0,,,NL031C,NL,,2021,foreign_population,Population by citizenship - foreigners
A,DE2009V,NL031C,2022,29602.0,,,NL031C,NL,,2022,foreign_population,Population by citizenship - foreigners
A,DE2009V,NL031C,2023,31967.0,,,NL031C,NL,,2023,foreign_population,Population by citizenship - foreigners
A,DE2009V,NL032C,2015,10135.0,b,,NL032C,NL,,2015,foreign_population,Population by citizenship - foreigners
A,DE2009V,NL032C,2016,10498.0,b,,NL032C,NL,,2016,foreign_population,Population by citizenship - foreigners
A,DE2009V,NL032C,2019,11546.0,,,NL032C,NL,,2019,foreign_population,Population by citizenship - foreigners
A,DE2009V,NL032C,2020,11914.0,,,NL032C,NL,,2020,foreign_population,Population by citizenship - foreigners
A,DE2009V,NL032C,2021,12164.0,,,NL032C,NL,,2021,foreign_population,Population by citizenship - foreigners
A,DE2009V,NL032C,2022,12664.0,,,NL032C,NL,,2022,foreign_population,Population by citizenship - foreigners
A,DE2009V,NL032C,2023,14007.0,,,NL032C,NL,,2023,foreign_population,Population by citizenship - foreigners
A,DE2009V,NL033C,2015,22702.0,b,,NL033C,NL,,2015,foreign_population,Population by citizenship - foreigners
A,DE2009V,NL033C,2016,23319.0,b,,NL033C,NL,,2016,foreign_population,Population by citizenship - foreigners
A,DE2009V,NL033C,2019,25632.0,,,NL033C,NL,,2019,foreign_population,Population by citizenship - foreigners
A,DE2009V,NL033C,2020,25954.0,,,NL033C,NL,,2020,foreign_population,Population by citizenship - foreigners
A,DE2009V,NL033C,2021,25968.0,,,NL033C,NL,,2021,foreign_population,Population by citizenship - foreigners
A,DE2009V,NL033C,2022,26845.0,,,NL033C,NL,,2022,foreign_population,Population by citizenship - foreigners
A,DE2009V,NL033C,2023,29276.0,,,NL033C,NL,,2023,foreign_population,Population by citizenship - foreigners
A,DE2009V,NL034C,2015,12700.0,b,,NL034C,NL,,2015,foreign_population,Population by citizenship - foreigners
A,DE2009V,NL034C,2016,12971.0,b,,NL034C,NL,,2016,foreign_population,Population by citizenship - foreigners
A,DE2009V,NL034C,2019,12909.0,,,NL034C,NL,,2019,foreign_population,Population by citizenship - foreigners
A,DE2009V,NL034C,2020,13402.0,,,NL034C,NL,,2020,foreign_population,Population by citizenship - foreigners
A,DE2009V,NL034C,2021,13901.0,,,NL034C,NL,,2021,foreign_population,Population by citizenship - foreigners
A,DE2009V,NL034C,2022,14749.0,,,NL034C,NL,,2022,foreign_population,Population by citizenship - foreigners
A,DE2009V,NL034C,2023,15682.0,,,NL034C,NL,,2023,foreign_population,Population by citizenship - foreigners
A,DE2009V,NL035C,2015,7801.0,b,,NL035C,NL,,2015,foreign_population,Population by citizenship - foreigners
A,DE2009V,NL035C,2016,8013.0,b,,NL035C,NL,,2016,foreign_population,Population by citizenship - foreigners
A,DE2009V,NL035C,2019,9271.0,,,NL035C,NL,,2019,foreign_population,Population by citizenship - foreigners
A,DE2009V,NL035C,2020,9881.0,,,NL035C,NL,,2020,foreign_population,Population by citizenship - foreigners
A,DE2009V,NL035C,2021,10440.0,,,NL035C,NL,,2021,foreign_population,Population by citizenship - foreigners
A,DE2009V,NL035C,2022,11141.0,,,NL035C,NL,,2022,foreign_population,Population by citizenship - foreigners
A,DE2009V,NL035C,2023,12135.0,,,NL035C,NL,,2023,foreign_population,Population by citizenship - foreigners
A,DE2009V,NL036C,2015,9806.0,b,,NL036C,NL,,2015,foreign_population,Population by citizenship - foreigners
A,DE2009V,NL036C,2016,10026.0,b,,NL036C,NL,,2016,foreign_population,Population by citizenship - foreigners
A,DE2009V,NL036C,2019,11031.0,,,NL036C,NL,,2019,foreign_population,Population by citizenship - foreigners
A,DE2009V,NL036C,2020,11614.0,,,NL036C,NL,,2020,foreign_population,Population by citizenship - foreigners
A,DE2009V,NL036C,2021,12017.0,,,NL036C,NL,,2021,foreign_population,Population by citizenship - foreigners
A,DE2009V,NL036C,2022,12885.0,,,NL036C,NL,,2022,foreign_population,Population by citizenship - foreigners
A,DE2009V,NL036C,2023,14174.0,,,NL036C,NL,,2023,foreign_population,Population by citizenship - foreigners
A,DE2009V,NL037C,2015,250323.0,b,,NL037C,NL,,2015,foreign_population,Population by citizenship - foreigners
A,DE2009V,NL037C,2016,254186.0,b,,NL037C,NL,,2016,foreign_population,Population by citizenship - foreigners
A,DE2009V,NL037C,2019,273561.0,,,NL037C,NL,,2019,foreign_population,Population by citizenship - foreigners
A,DE2009V,NL037C,2020,283291.0,,,NL037C,NL,,2020,foreign_population,Population by citizenship - foreigners
A,DE2009V,NL037C,2021,287885.0,,,NL037C,NL,,2021,foreign_population,Population by citizenship - foreigners
A,DE2009V,NL037C,2022,296776.0,,,NL037C,NL,,2022,foreign_population,Population by citizenship - foreigners
A,DE2009V,NL037C,2023,315071.0,,,NL037C,NL,,2023,foreign_population,Population by citizenship - foreigners
A,DE2009V,NL038C,2015,9292.0,b,,NL038C,NL,,2015,foreign_population,Population by citizenship - foreigners
A,DE2009V,NL038C,2016,9612.0,b,,NL038C,NL,,2016,foreign_population,Population by citizenship - foreigners
A,DE2009V,NL038C,2019,10598.0,,,NL038C,NL,,2019,foreign_population,Population by citizenship - foreigners
A,DE2009V,NL038C,2020,11204.0,,,NL038C,NL,,2020,foreign_population,Population by citizenship - foreigners
A,DE2009V,NL038C,2021,11429.0,,,NL038C,NL,,2021,foreign_population,Population by citizenship - foreigners
A,DE2009V,NL038C,2022,11703.0,,,NL038C,NL,,2022,foreign_population,Population by citizenship - foreigners
A,DE2009V,NL038C,2023,12530.0,,,NL038C,NL,,2023,foreign_population,Population by citizenship - foreigners
A,DE2009V,NL039C,2015,9748.0,b,,NL039C,NL,,2015,foreign_population,Population by citizenship - foreigners
A,DE2009V,NL039C,2016,10076.0,b,,NL039C,NL,,2016,foreign_population,Population by citizenship - foreigners
A,DE2009V,NL039C,2019,10647.0,,,NL039C,NL,,2019,foreign_population,Population by citizenship - foreigners
A,DE2009V,NL039C,2020,10899.0,,,NL039C,NL,,2020,foreign_population,Population by citizenship - foreigners
A,DE2009V,NL039C,2021,10991.0,,,NL039C,NL,,2021,foreign_population,Population by citizenship - foreigners
A,DE2009V,NL039C,2022,11223.0,,,NL039C,NL,,2022,foreign_population,Population by citizenship - foreigners
A,DE2009V,NL039C,2023,12243.0,,,NL039C,NL,,2023,foreign_population,Population by citizenship - foreigners
A,DE2009V,NL040C,2015,6616.0,b,,NL040C,NL,,2015,foreign_population,Population by citizenship - foreigners
A,DE2009V,NL040C,2016,6761.0,b,,NL040C,NL,,2016,foreign_population,Population by citizenship - foreigners
A,DE2009V,NL040C,2019,7348.0,,,NL040C,NL,,2019,foreign_population,Population by citizenship - foreigners
A,DE2009V,NL040C,2020,7545.0,,,NL040C,NL,,2020,foreign_population,Population by citizenship - foreigners
A,DE2009V,NL040C,2021,7624.0,,,NL040C,NL,,2021,foreign_population,Population by citizenship - foreigners
A,DE2009V,NL040C,2022,7687.0,,,NL040C,NL,,2022,foreign_population,Population by citizenship - foreigners
A,DE2009V,NL040C,2023,8131.0,,,NL040C,NL,,2023,foreign_population,Population by citizenship - foreigners
A,DE2009V,NL041C,2015,28851.0,b,,NL041C,NL,,2015,foreign_population,Population by citizenship - foreigners
A,DE2009V,NL041C,2016,30122.0,b,,NL041C,NL,,2016,foreign_population,Population by citizenship - foreigners
A,DE2009V,NL041C,2019,34815.0,,,NL041C,NL,,2019,foreign_population,Population by citizenship - foreigners
A,DE2009V,NL041C,2020,36986.0,,,NL041C,NL,,2020,foreign_population,Population by citizenship - foreigners
A,DE2009V,NL041C,2021,37946.0,,,NL041C,NL,,2021,foreign_population,Population by citizenship - foreigners
A,DE2009V,NL041C,2022,40161.0,,,NL041C,NL,,2022,foreign_population,Population by citizenship - foreigners
A,DE2009V,NL041C,2023,43493.0,,,NL041C,NL,,2023,foreign_population,Population by citizenship - foreigners
A,DE2009V,NL042C,2015,68135.0,b,,NL042C,NL,,2015,foreign_population,Population by citizenship - foreigners
A,DE2009V,NL042C,2016,70568.0,b,,NL042C,NL,,2016,foreign_population,Population by citizenship - foreigners
A,DE2009V,NL042C,2019,80768.0,,,NL042C,NL,,2019,foreign_population,Population by citizenship - foreigners
A,DE2009V,NL042C,2020,84784.0,,,NL042C,NL,,2020,foreign_population,Population by citizenship - foreigners
A,DE2009V,NL042C,2021,85835.0,,,NL042C,NL,,2021,foreign_population,Population by citizenship - foreigners
A,DE2009V,NL042C,2022,89254.0,,,NL042C,NL,,2022,foreign_population,Population by citizenship - foreigners
A,DE2009V,NL042C,2023,97090.0,,,NL042C,NL,,2023,foreign_population,Population by citizenship - foreigners
A,DE2009V,NL043C,2015,5432.0,b,,NL043C,NL,,2015,foreign_population,Population by citizenship - foreigners
A,DE2009V,NL043C,2016,5631.0,b,,NL043C,NL,,2016,foreign_population,Population by citizenship - foreigners
A,DE2009V,NL043C,2019,6175.0,,,NL043C,NL,,2019,foreign_population,Population by citizenship - foreigners
A,DE2009V,NL043C,2020,6366.0,,,NL043C,NL,,2020,foreign_population,Population by citizenship - foreigners
A,DE2009V,NL043C,2021,6548.0,,,NL043C,NL,,2021,foreign_population,Population by citizenship - foreigners
A,DE2009V,NL043C,2022,6711.0,,,NL043C,NL,,2022,foreign_population,Population by citizenship - foreigners
A,DE2009V,NL043C,2023,7223.0,,,NL043C,NL,,2023,foreign_population,Population by citizenship - foreigners
A,DE2009V,NL044C,2015,13911.0,b,,NL044C,NL,,2015,foreign_population,Population by citizenship - foreigners
A,DE2009V,NL044C,2016,13848.0,b,,NL044C,NL,,2016,foreign_population,Population by citizenship - foreigners
A,DE2009V,NL044C,2019,15594.0,,,NL044C,NL,,2019,foreign_population,Population by citizenship - foreigners
A,DE2009V,NL044C,2020,16123.0,,,NL044C,NL,,2020,foreign_population,Population by citizenship - foreigners
A,DE2009V,NL044C,2021,16729.0,,,NL044C,NL,,2021,foreign_population,Population by citizenship - foreigners
A,DE2009V,NL044C,2022,17298.0,,,NL044C,NL,,2022,foreign_population,Population by citizenship - foreigners
A,DE2009V,NL044C,2023,18824.0,,,NL044C,NL,,2023,foreign_population,Population by citizenship - foreigners
A,DE2009V,NL045C,2015,22240.0,b,,NL045C,NL,,2015,foreign_population,Population by citizenship - foreigners
A,DE2009V,NL045C,2016,23018.0,b,,NL045C,NL,,2016,foreign_population,Population by citizenship - foreigners
A,DE2009V,NL045C,2019,26123.0,,,NL045C,NL,,2019,foreign_population,Population by citizenship - foreigners
A,DE2009V,NL045C,2020,27224.0,,,NL045C,NL,,2020,foreign_population,Population by citizenship - foreigners
A,DE2009V,NL045C,2021,27842.0,,,NL045C,NL,,2021,foreign_population,Population by citizenship - foreigners
A,DE2009V,NL045C,2022,28752.0,,,NL045C,NL,,2022,foreign_population,Population by citizenship - foreigners
A,DE2009V,NL045C,2023,31716.0,,,NL045C,NL,,2023,foreign_population,Population by citizenship - foreigners
A,DE2009V,NL046C,2015,18739.0,b,,NL046C,NL,,2015,foreign_population,Population by citizenship - foreigners
A,DE2009V,NL046C,2016,18931.0,b,,NL046C,NL,,2016,foreign_population,Population by citizenship - foreigners
A,DE2009V,NL046C,2019,20060.0,,,NL046C,NL,,2019,foreign_population,Population by citizenship - foreigners
A,DE2009V,NL046C,2020,20507.0,,,NL046C,NL,,2020,foreign_population,Population by citizenship - foreigners
A,DE2009V,NL046C,2021,20901.0,,,NL046C,NL,,2021,foreign_population,Population by citizenship - foreigners
A,DE2009V,NL046C,2022,21527.0,,,NL046C,NL,,2022,foreign_population,Population by citizenship - foreigners
A,DE2009V,NL046C,2023,23005.0,,,NL046C,NL,,2023,foreign_population,Population by citizenship - foreigners
A,DE2009V,NL047C,2015,10372.0,b,,NL047C,NL,,2015,foreign_population,Population by citizenship - foreigners
A,DE2009V,NL047C,2016,10603.0,b,,NL047C,NL,,2016,foreign_population,Population by citizenship - foreigners
A,DE2009V,NL047C,2019,11629.0,,,NL047C,NL,,2019,foreign_population,Population by citizenship - foreigners
A,DE2009V,NL047C,2020,11977.0,,,NL047C,NL,,2020,foreign_population,Population by citizenship - foreigners
A,DE2009V,NL047C,2021,12166.0,,,NL047C,NL,,2021,foreign_population,Population by citizenship - foreigners
A,DE2009V,NL047C,2022,12671.0,,,NL047C,NL,,2022,foreign_population,Population by citizenship - foreigners
A,DE2009V,NL047C,2023,14016.0,,,NL047C,NL,,2023,foreign_population,Population by citizenship - foreigners
A,DE2009V,NO001C,2022,193150.0,,,NO001C,NO,,2022,foreign_population,Population by citizenship - foreigners
A,DE2009V,NO002C,2022,30817.0,,,NO002C,NO,,2022,foreign_population,Population by citizenship - foreigners
A,DE2009V,NO003C,2022,48479.0,,,NO003C,NO,,2022,foreign_population,Population by citizenship - foreigners
A,DE2009V,NO004C,2022,32241.0,,,NO004C,NO,,2022,foreign_population,Population by citizenship - foreigners
A,DE2009V,PT,2021,1089023.0,,,PT,PT,,2021,foreign_population,Population by citizenship - foreigners
A,DE2009V,PT001C,2021,325001.0,,,PT001C,PT,,2021,foreign_population,Population by citizenship - foreigners
A,DE2009V,PT002C,2021,73768.0,,,PT002C,PT,,2021,foreign_population,Population by citizenship - foreigners
A,DE2009V,PT003C,2021,22443.0,,,PT003C,PT,,2021,foreign_population,Population by citizenship - foreigners
A,DE2009V,PT004C,2021,10290.0,,,PT004C,PT,,2021,foreign_population,Population by citizenship - foreigners
A,DE2009V,PT005C,2021,12937.0,,,PT005C,PT,,2021,foreign_population,Population by citizenship - foreigners
A,DE2009V,PT006C,2021,15786.0,,,PT006C,PT,,2021,foreign_population,Population by citizenship - foreigners
A,DE2009V,PT007C,2021,2126.0,,,PT007C,PT,,2021,foreign_population,Population by citizenship - foreigners
A,DE2009V,PT008C,2021,10651.0,,,PT008C,PT,,2021,foreign_population,Population by citizenship - foreigners
A,DE2009V,PT009C,2021,11147.0,,,PT009C,PT,,2021,foreign_population,Population by citizenship - foreigners
A,DE2009V,PT010C,2021,9755.0,,,PT010C,PT,,2021,foreign_population,Population by citizenship - foreigners
A,DE2009V,PT011C,2021,7393.0,,,PT011C,PT,,2021,foreign_population,Population by citizenship - foreigners
A,DE2009V,PT012C,2021,3063.0,,,PT012C,PT,,2021,foreign_population,Population by citizenship - foreigners
A,DE2009V,PT013C,2021,5619.0,,,PT013C,PT,,2021,foreign_population,Population by citizenship - foreigners
A,DE2009V,PT014C,2021,72615.0,,,PT014C,PT,,2021,foreign_population,Population by citizenship - foreigners
A,DE2009V,PT015C,2021,7622.0,,,PT015C,PT,,2021,foreign_population,Population by citizenship - foreigners
A,DE2009V,PT016C,2021,17867.0,,,PT016C,PT,,2021,foreign_population,Population by citizenship - foreigners
A,DE2009V,RO,2015,359622.0,,,RO,RO,,2015,foreign_population,Population by citizenship - foreigners
A,DE2009V,RO,2017,508625.0,,,RO,RO,,2017,foreign_population,Population by citizenship - foreigners
A,DE2009V,SE,2015,1603550.0,b,,SE,SE,,2015,foreign_population,Population by citizenship - foreigners
A,DE2009V,SE,2016,1676265.0,b,,SE,SE,,2016,foreign_population,Population by citizenship - foreigners
A,DE2009V,SE,2017,1784497.0,b,,SE,SE,,2017,foreign_population,Population by citizenship - foreigners
A,DE2009V,SE,2018,1877050.0,b,,SE,SE,,2018,foreign_population,Population by citizenship - foreigners
A,DE2009V,SE,2019,1955569.0,b,,SE,SE,,2019,foreign_population,Population by citizenship - foreigners
A,DE2009V,SE,2020,2019733.0,b,,SE,SE,,2020,foreign_population,Population by citizenship - foreigners
A,DE2009V,SE,2021,2046732.0,b,,SE,SE,,2021,foreign_population,Population by citizenship - foreigners
A,DE2009V,SE,2022,2090503.0,b,,SE,SE,,2022,foreign_population,Population by citizenship - foreigners
A,DE2009V,SE,2023,2145676.0,b,,SE,SE,,2023,foreign_population,Population by citizenship - foreigners
A,DE2009V,SE001C,2015,337671.0,b,,SE001C,SE,,2015,foreign_population,Population by citizenship - foreigners
A,DE2009V,SE001C,2016,348320.0,b,,SE001C,SE,,2016,foreign_population,Population by citizenship - foreigners
A,DE2009V,SE001C,2017,362247.0,b,,SE001C,SE,,2017,foreign_population,Population by citizenship - foreigners
A,DE2009V,SE001C,2018,378867.0,b,,SE001C,SE,,2018,foreign_population,Population by citizenship - foreigners
A,DE2009V,SE001C,2019,393683.0,b,,SE001C,SE,,2019,foreign_population,Population by citizenship - foreigners
A,DE2009V,SE001C,2020,405903.0,b,,SE001C,SE,,2020,foreign_population,Population by citizenship - foreigners
A,DE2009V,SE001C,2021,408974.0,b,,SE001C,SE,,2021,foreign_population,Population by citizenship - foreigners
A,DE2009V,SE001C,2022,418247.0,b,,SE001C,SE,,2022,foreign_population,Population by citizenship - foreigners
A,DE2009V,SE001C,2023,430109.0,b,,SE001C,SE,,2023,foreign_population,Population by citizenship - foreigners
A,DE2009V,SE002C,2015,144718.0,b,,SE002C,SE,,2015,foreign_population,Population by citizenship - foreigners
A,DE2009V,SE002C,2016,149476.0,b,,SE002C,SE,,2016,foreign_population,Population by citizenship - foreigners
A,DE2009V,SE002C,2017,156306.0,b,,SE002C,SE,,2017,foreign_population,Population by citizenship - foreigners
A,DE2009V,SE002C,2018,164483.0,b,,SE002C,SE,,2018,foreign_population,Population by citizenship - foreigners
A,DE2009V,SE002C,2019,172642.0,b,,SE002C,SE,,2019,foreign_population,Population by citizenship - foreigners
A,DE2009V,SE002C,2020,179390.0,b,,SE002C,SE,,2020,foreign_population,Population by citizenship - foreigners
A,DE2009V,SE002C,2021,182695.0,b,,SE002C,SE,,2021,foreign_population,Population by citizenship - foreigners
A,DE2009V,SE002C,2022,187173.0,b,,SE002C,SE,,2022,foreign_population,Population by citizenship - foreigners
A,DE2009V,SE002C,2023,195737.0,b,,SE002C,SE,,2023,foreign_population,Population by citizenship - foreigners
A,DE2009V,SE003C,2015,99788.0,b,,SE003C,SE,,2015,foreign_population,Population by citizenship - foreigners
A,DE2009V,SE003C,2016,102048.0,b,,SE003C,SE,,2016,foreign_population,Population by citizenship - foreigners
A,DE2009V,SE003C,2017,106221.0,b,,SE003C,SE,,2017,foreign_population,Population by citizenship - foreigners
A,DE2009V,SE003C,2018,110465.0,b,,SE003C,SE,,2018,foreign_population,Population by citizenship - foreigners
A,DE2009V,SE003C,2019,114774.0,b,,SE003C,SE,,2019,foreign_population,Population by citizenship - foreigners
A,DE2009V,SE003C,2020,118326.0,b,,SE003C,SE,,2020,foreign_population,Population by citizenship - foreigners
A,DE2009V,SE003C,2021,120518.0,b,,SE003C,SE,,2021,foreign_population,Population by citizenship - foreigners
A,DE2009V,SE003C,2022,123288.0,b,,SE003C,SE,,2022,foreign_population,Population by citizenship - foreigners
A,DE2009V,SE003C,2023,127121.0,b,,SE003C,SE,,2023,foreign_population,Population by citizenship - foreigners
A,DE2009V,SE004C,2017,21870.0,,,SE004C,SE,,2017,foreign_population,Population by citizenship - foreigners
A,DE2009V,SE004C,2018,23284.0,,,SE004C,SE,,2018,foreign_population,Population by citizenship - foreigners
A,DE2009V,SE005C,2015,12358.0,b,,SE005C,SE,,2015,foreign_population,Population by citizenship - foreigners
A,DE2009V,SE005C,2016,12517.0,b,,SE005C,SE,,2016,foreign_population,Population by citizenship - foreigners
A,DE2009V,SE005C,2017,13443.0,b,,SE005C,SE,,2017,foreign_population,Population by citizenship - foreigners
A,DE2009V,SE005C,2018,14610.0,b,,SE005C,SE,,2018,foreign_population,Population by citizenship - foreigners
A,DE2009V,SE005C,2019,15452.0,b,,SE005C,SE,,2019,foreign_population,Population by citizenship - foreigners
A,DE2009V,SE005C,2020,16268.0,b,,SE005C,SE,,2020,foreign_population,Population by citizenship - foreigners
A,DE2009V,SE005C,2021,16634.0,b,,SE005C,SE,,2021,foreign_population,Population by citizenship - foreigners
A,DE2009V,SE005C,2022,16908.0,b,,SE005C,SE,,2022,foreign_population,Population by citizenship - foreigners
A,DE2009V,SE005C,2023,17453.0,b,,SE005C,SE,,2023,foreign_population,Population by citizenship - foreigners
A,DE2009V,SE006C,2015,36273.0,b,,SE006C,SE,,2015,foreign_population,Population by citizenship - foreigners
A,DE2009V,SE006C,2016,37832.0,b,,SE006C,SE,,2016,foreign_population,Population by citizenship - foreigners
A,DE2009V,SE006C,2017,40689.0,b,,SE006C,SE,,2017,foreign_population,Population by citizenship - foreigners
A,DE2009V,SE006C,2018,44364.0,b,,SE006C,SE,,2018,foreign_population,Population by citizenship - foreigners
A,DE2009V,SE006C,2019,47499.0,b,,SE006C,SE,,2019,foreign_population,Population by citizenship - foreigners
A,DE2009V,SE006C,2020,50406.0,b,,SE006C,SE,,2020,foreign_population,Population by citizenship - foreigners
A,DE2009V,SE006C,2021,51679.0,b,,SE006C,SE,,2021,foreign_population,Population by citizenship - foreigners
A,DE2009V,SE006C,2022,53444.0,b,,SE006C,SE,,2022,foreign_population,Population by citizenship - foreigners
A,DE2009V,SE006C,2023,55724.0,b,,SE006C,SE,,2023,foreign_population,Population by citizenship - foreigners
A,DE2009V,SE007C,2015,22485.0,b,,SE007C,SE,,2015,foreign_population,Population by citizenship - foreigners
A,DE2009V,SE007C,2016,22947.0,b,,SE007C,SE,,2016,foreign_population,Population by citizenship - foreigners
A,DE2009V,SE007C,2017,24572.0,b,,SE007C,SE,,2017,foreign_population,Population by citizenship - foreigners
A,DE2009V,SE007C,2018,26184.0,b,,SE007C,SE,,2018,foreign_population,Population by citizenship - foreigners
A,DE2009V,SE007C,2019,27653.0,b,,SE007C,SE,,2019,foreign_population,Population by citizenship - foreigners
A,DE2009V,SE007C,2020,28815.0,b,,SE007C,SE,,2020,foreign_population,Population by citizenship - foreigners
A,DE2009V,SE007C,2021,29503.0,b,,SE007C,SE,,2021,foreign_population,Population by citizenship - foreigners
A,DE2009V,SE007C,2022,30301.0,b,,SE007C,SE,,2022,foreign_population,Population by citizenship - foreigners
A,DE2009V,SE007C,2023,31161.0,b,,SE007C,SE,,2023,foreign_population,Population by citizenship - foreigners
A,DE2009V,SE008C,2015,22810.0,b,,SE008C,SE,,2015,foreign_population,Population by citizenship - foreigners
A,DE2009V,SE008C,2016,23527.0,b,,SE008C,SE,,2016,foreign_population,Population by citizenship - foreigners
A,DE2009V,SE008C,2017,24724.0,b,,SE008C,SE,,2017,foreign_population,Population by citizenship - foreigners
A,DE2009V,SE008C,2018,26463.0,b,,SE008C,SE,,2018,foreign_population,Population by citizenship - foreigners
A,DE2009V,SE008C,2019,28011.0,b,,SE008C,SE,,2019,foreign_population,Population by citizenship - foreigners
A,DE2009V,SE008C,2020,29319.0,b,,SE008C,SE,,2020,foreign_population,Population by citizenship - foreigners
A,DE2009V,SE008C,2021,29797.0,b,,SE008C,SE,,2021,foreign_population,Population by citizenship - foreigners
A,DE2009V,SE008C,2022,30255.0,b,,SE008C,SE,,2022,foreign_population,Population by citizenship - foreigners
A,DE2009V,SE008C,2023,30896.0,b,,SE008C,SE,,2023,foreign_population,Population by citizenship - foreigners
A,DE2009V,SE009C,2015,33517.0,b,,SE009C,SE,,2015,foreign_population,Population by citizenship - foreigners
A,DE2009V,SE009C,2016,34840.0,b,,SE009C,SE,,2016,foreign_population,Population by citizenship - foreigners
A,DE2009V,SE009C,2017,36157.0,b,,SE009C,SE,,2017,foreign_population,Population by citizenship - foreigners
A,DE2009V,SE009C,2018,37556.0,b,,SE009C,SE,,2018,foreign_population,Population by citizenship - foreigners
A,DE2009V,SE009C,2019,39049.0,b,,SE009C,SE,,2019,foreign_population,Population by citizenship - foreigners
A,DE2009V,SE009C,2020,40598.0,b,,SE009C,SE,,2020,foreign_population,Population by citizenship - foreigners
A,DE2009V,SE009C,2021,41725.0,b,,SE009C,SE,,2021,foreign_population,Population by citizenship - foreigners
A,DE2009V,SE009C,2022,42917.0,b,,SE009C,SE,,2022,foreign_population,Population by citizenship - foreigners
A,DE2009V,SE009C,2023,44384.0,b,,SE009C,SE,,2023,foreign_population,Population by citizenship - foreigners
A,DE2009V,SE010C,2015,27955.0,b,,SE010C,SE,,2015,foreign_population,Population by citizenship - foreigners
A,DE2009V,SE010C,2016,28700.0,b,,SE010C,SE,,2016,foreign_population,Population by citizenship - foreigners
A,DE2009V,SE010C,2017,30479.0,b,,SE010C,SE,,2017,foreign_population,Population by citizenship - foreigners
A,DE2009V,SE010C,2018,32263.0,b,,SE010C,SE,,2018,foreign_population,Population by citizenship - foreigners
A,DE2009V,SE010C,2019,33689.0,b,,SE010C,SE,,2019,foreign_population,Population by citizenship - foreigners
A,DE2009V,SE010C,2020,35120.0,b,,SE010C,SE,,2020,foreign_population,Population by citizenship - foreigners
A,DE2009V,SE010C,2021,36128.0,b,,SE010C,SE,,2021,foreign_population,Population by citizenship - foreigners
A,DE2009V,SE010C,2022,37229.0,b,,SE010C,SE,,2022,foreign_population,Population by citizenship - foreigners
A,DE2009V,SE010C,2023,38514.0,b,,SE010C,SE,,2023,foreign_population,Population by citizenship - foreigners
A,DE2009V,SE011C,2015,23136.0,b,,SE011C,SE,,2015,foreign_population,Population by citizenship - foreigners
A,DE2009V,SE011C,2016,24398.0,b,,SE011C,SE,,2016,foreign_population,Population by citizenship - foreigners
A,DE2009V,SE011C,2017,26239.0,b,,SE011C,SE,,2017,foreign_population,Population by citizenship - foreigners
A,DE2009V,SE011C,2018,27472.0,b,,SE011C,SE,,2018,foreign_population,Population by citizenship - foreigners
A,DE2009V,SE011C,2019,28229.0,b,,SE011C,SE,,2019,foreign_population,Population by citizenship - foreigners
A,DE2009V,SE011C,2020,29137.0,b,,SE011C,SE,,2020,foreign_population,Population by citizenship - foreigners
A,DE2009V,SE011C,2021,29427.0,b,,SE011C,SE,,2021,foreign_population,Population by citizenship - foreigners
A,DE2009V,SE011C,2022,29946.0,b,,SE011C,SE,,2022,foreign_population,Population by citizenship - foreigners
A,DE2009V,SE011C,2023,30434.0,b,,SE011C,SE,,2023,foreign_population,Population by citizenship - foreigners
A,DE2009V,SE012C,2015,29295.0,b,,SE012C,SE,,2015,foreign_population,Population by citizenship - foreigners
A,DE2009V,SE012C,2016,31166.0,b,,SE012C,SE,,2016,foreign_population,Population by citizenship - foreigners
A,DE2009V,SE012C,2017,33140.0,b,,SE012C,SE,,2017,foreign_population,Population by citizenship - foreigners
A,DE2009V,SE012C,2018,35434.0,b,,SE012C,SE,,2018,foreign_population,Population by citizenship - foreigners
A,DE2009V,SE012C,2019,37289.0,b,,SE012C,SE,,2019,foreign_population,Population by citizenship - foreigners
A,DE2009V,SE012C,2020,38956.0,b,,SE012C,SE,,2020,foreign_population,Population by citizenship - foreigners
A,DE2009V,SE012C,2021,40037.0,b,,SE012C,SE,,2021,foreign_population,Population by citizenship - foreigners
A,DE2009V,SE012C,2022,41132.0,b,,SE012C,SE,,2022,foreign_population,Population by citizenship - foreigners
A,DE2009V,SE012C,2023,42374.0,b,,SE012C,SE,,2023,foreign_population,Population by citizenship - foreigners
A,DE2009V,SE013C,2015,21771.0,b,,SE013C,SE,,2015,foreign_population,Population by citizenship - foreigners
A,DE2009V,SE013C,2016,21942.0,b,,SE013C,SE,,2016,foreign_population,Population by citizenship - foreigners
A,DE2009V,SE013C,2017,23165.0,b,,SE013C,SE,,2017,foreign_population,Population by citizenship - foreigners
A,DE2009V,SE013C,2018,25097.0,b,,SE013C,SE,,2018,foreign_population,Population by citizenship - foreigners
A,DE2009V,SE013C,2019,26637.0,b,,SE013C,SE,,2019,foreign_population,Population by citizenship - foreigners
A,DE2009V,SE013C,2020,27837.0,b,,SE013C,SE,,2020,foreign_population,Population by citizenship - foreigners
A,DE2009V,SE013C,2021,28368.0,b,,SE013C,SE,,2021,foreign_population,Population by citizenship - foreigners
A,DE2009V,SE013C,2022,29298.0,b,,SE013C,SE,,2022,foreign_population,Population by citizenship - foreigners
A,DE2009V,SE013C,2023,30187.0,b,,SE013C,SE,,2023,foreign_population,Population by citizenship - foreigners
A,DE2009V,SE014C,2015,21108.0,b,,SE014C,SE,,2015,foreign_population,Population by citizenship - foreigners
A,DE2009V,SE014C,2016,22191.0,b,,SE014C,SE,,2016,foreign_population,Population by citizenship - foreigners
A,DE2009V,SE014C,2017,23291.0,b,,SE014C,SE,,2017,foreign_population,Population by citizenship - foreigners
A,DE2009V,SE014C,2018,24348.0,b,,SE014C,SE,,2018,foreign_population,Population by citizenship - foreigners
A,DE2009V,SE014C,2019,25364.0,b,,SE014C,SE,,2019,foreign_population,Population by citizenship - foreigners
A,DE2009V,SE014C,2020,26332.0,b,,SE014C,SE,,2020,foreign_population,Population by citizenship - foreigners
A,DE2009V,SE014C,2021,26894.0,b,,SE014C,SE,,2021,foreign_population,Population by citizenship - foreigners
A,DE2009V,SE014C,2022,27485.0,b,,SE014C,SE,,2022,foreign_population,Population by citizenship - foreigners
A,DE2009V,SE014C,2023,28118.0,b,,SE014C,SE,,2023,foreign_population,Population by citizenship - foreigners
A,DE2009V,SE015C,2015,14189.0,,,SE015C,SE,,2015,foreign_population,Population by citizenship - foreigners
A,DE2009V,SE015C,2016,14706.0,,,SE015C,SE,,2016,foreign_population,Population by citizenship - foreigners
A,DE2009V,SE015C,2017,15592.0,,,SE015C,SE,,2017,foreign_population,Population by citizenship - foreigners
A,DE2009V,SE015C,2018,16459.0,,,SE015C,SE,,2018,foreign_population,Population by citizenship - foreigners
A,DE2009V,SE015C,2019,17281.0,,,SE015C,SE,,2019,foreign_population,Population by citizenship - foreigners
A,DE2009V,SE015C,2020,18070.0,,,SE015C,SE,,2020,foreign_population,Population by citizenship - foreigners
A,DE2009V,SE015C,2021,18344.0,,,SE015C,SE,,2021,foreign_population,Population by citizenship - foreigners
A,DE2009V,SE015C,2022,18954.0,,,SE015C,SE,,2022,foreign_population,Population by citizenship - foreigners
A,DE2009V,SE015C,2023,19604.0,,,SE015C,SE,,2023,foreign_population,Population by citizenship - foreigners
A,DE2009V,SI,2015,237616.0,,,SI,SI,,2015,foreign_population,Population by citizenship - foreigners
A,DE2009V,SI,2016,241203.0,,,SI,SI,,2016,foreign_population,Population by citizenship - foreigners
A,DE2009V,SI,2017,245369.0,,,SI,SI,,2017,foreign_population,Population by citizenship - foreigners
A,DE2009V,SI,2018,250224.0,,,SI,SI,,2018,foreign_population,Population by citizenship - foreigners
A,DE2009V,SI,2021,292824.0,,,SI,SI,,2021,foreign_population,Population by citizenship - foreigners
A,DE2009V,SI,2022,294533.0,,,SI,SI,,2022,foreign_population,Population by citizenship - foreigners
A,DE2009V,SI,2023,309289.0,,,SI,SI,,2023,foreign_population,Population by citizenship - foreigners
A,DE2009V,SI001C,2015,55527.0,,,SI001C,SI,,2015,foreign_population,Population by citizenship - foreigners
A,DE2009V,SI001C,2016,56634.0,,,SI001C,SI,,2016,foreign_population,Population by citizenship - foreigners
A,DE2009V,SI001C,2017,57601.0,,,SI001C,SI,,2017,foreign_population,Population by citizenship - foreigners
A,DE2009V,SI001C,2018,58535.0,,,SI001C,SI,,2018,foreign_population,Population by citizenship - foreigners
A,DE2009V,SI001C,2019,61245.0,,,SI001C,SI,,2019,foreign_population,Population by citizenship - foreigners
A,DE2009V,SI001C,2020,63843.0,,,SI001C,SI,,2020,foreign_population,Population by citizenship - foreigners
A,DE2009V,SI001C,2021,65414.0,,,SI001C,SI,,2021,foreign_population,Population by citizenship - foreigners
A,DE2009V,SI001C,2022,64709.0,,,SI001C,SI,,2022,foreign_population,Population by citizenship - foreigners
A,DE2009V,SI001C,2023,66409.0,,,SI001C,SI,,2023,foreign_population,Population by citizenship - foreigners
A,DE2009V,SI002C,2015,17213.0,,,SI002C,SI,,2015,foreign_population,Population by citizenship - foreigners
A,DE2009V,SI002C,2016,17576.0,,,SI002C,SI,,2016,foreign_population,Population by citizenship - foreigners
A,DE2009V,SI002C,2017,17658.0,,,SI002C,SI,,2017,foreign_population,Population by citizenship - foreigners
A,DE2009V,SI002C,2018,18385.0,,,SI002C,SI,,2018,foreign_population,Population by citizenship - foreigners
A,DE2009V,SI002C,2019,19786.0,,,SI002C,SI,,2019,foreign_population,Population by citizenship - foreigners
A,DE2009V,SI002C,2020,21029.0,,,SI002C,SI,,2020,foreign_population,Population by citizenship - foreigners
A,DE2009V,SI002C,2021,22445.0,,,SI002C,SI,,2021,foreign_population,Population by citizenship - foreigners
A,DE2009V,SI002C,2022,22922.0,,,SI002C,SI,,2022,foreign_population,Population by citizenship - foreigners
A,DE2009V,SI002C,2023,23846.0,,,SI002C,SI,,2023,foreign_population,Population by citizenship - foreigners
A,DE2009V,SK,2015,177624.0,,,SK,SK,,2015,foreign_population,Population by citizenship - foreigners
A,DE2009V,SK,2016,181642.0,,,SK,SK,,2016,foreign_population,Population by citizenship - foreigners
A,DE2009V,SK,2017,186217.0,,,SK,SK,,2017,foreign_population,Population by citizenship - foreigners
A,DE2009V,SK,2018,190308.0,,,SK,SK,,2018,foreign_population,Population by citizenship - foreigners
A,DE2009V,SK,2019,194389.0,,,SK,SK,,2019,foreign_population,Population by citizenship - foreigners
A,DE2009V,SK,2020,198429.0,,,SK,SK,,2020,foreign_population,Population by citizenship - foreigners
A,DE2009V,SK,2021,213550.0,,,SK,SK,,2021,foreign_population,Population by citizenship - foreigners
A,DE2009V,SK001C,2015,22088.0,,,SK001C,SK,,2015,foreign_population,Population by citizenship - foreigners
A,DE2009V,SK001C,2016,23314.0,,,SK001C,SK,,2016,foreign_population,Population by citizenship - foreigners
A,DE2009V,SK001C,2017,23988.0,,,SK001C,SK,,2017,foreign_population,Population by citizenship - foreigners
A,DE2009V,SK001C,2018,24833.0,,,SK001C,SK,,2018,foreign_population,Population by citizenship - foreigners
A,DE2009V,SK001C,2019,25183.0,,,SK001C,SK,,2019,foreign_population,Population by citizenship - foreigners
A,DE2009V,SK001C,2020,26059.0,,,SK001C,SK,,2020,foreign_population,Population by citizenship - foreigners
A,DE2009V,SK001C,2021,31858.0,,,SK001C,SK,,2021,foreign_population,Population by citizenship - foreigners
A,DE2009V,SK002C,2015,10101.0,,,SK002C,SK,,2015,foreign_population,Population by citizenship - foreigners
A,DE2009V,SK002C,2016,10283.0,,,SK002C,SK,,2016,foreign_population,Population by citizenship - foreigners
A,DE2009V,SK002C,2017,10542.0,,,SK002C,SK,,2017,foreign_population,Population by citizenship - foreigners
A,DE2009V,SK002C,2018,10723.0,,,SK002C,SK,,2018,foreign_population,Population by citizenship - foreigners
A,DE2009V,SK002C,2019,10815.0,,,SK002C,SK,,2019,foreign_population,Population by citizenship - foreigners
A,DE2009V,SK002C,2020,11017.0,,,SK002C,SK,,2020,foreign_population,Population by citizenship - foreigners
A,DE2009V,SK002C,2021,10887.0,,,SK002C,SK,,2021,foreign_population,Population by citizenship - foreigners
A,DE2009V,SK003C,2015,2984.0,,,SK003C,SK,,2015,foreign_population,Population by citizenship - foreigners
A,DE2009V,SK003C,2016,3021.0,,,SK003C,SK,,2016,foreign_population,Population by citizenship - foreigners
A,DE2009V,SK003C,2017,3074.0,,,SK003C,SK,,2017,foreign_population,Population by citizenship - foreigners
A,DE2009V,SK003C,2018,3102.0,,,SK003C,SK,,2018,foreign_population,Population by citizenship - foreigners
A,DE2009V,SK003C,2019,3115.0,,,SK003C,SK,,2019,foreign_population,Population by citizenship - foreigners
A,DE2009V,SK003C,2020,3098.0,,,SK003C,SK,,2020,foreign_population,Population by citizenship - foreigners
A,DE2009V,SK003C,2021,2912.0,,,SK003C,SK,,2021,foreign_population,Population by citizenship - foreigners
A,DE2009V,SK004C,2015,3768.0,,,SK004C,SK,,2015,foreign_population,Population by citizenship - foreigners
A,DE2009V,SK004C,2016,3781.0,,,SK004C,SK,,2016,foreign_population,Population by citizenship - foreigners
A,DE2009V,SK004C,2017,4032.0,,,SK004C,SK,,2017,foreign_population,Population by citizenship - foreigners
A,DE2009V,SK004C,2018,4078.0,,,SK004C,SK,,2018,foreign_population,Population by citizenship - foreigners
A,DE2009V,SK004C,2019,4260.0,,,SK004C,SK,,2019,foreign_population,Population by citizenship - foreigners
A,DE2009V,SK004C,2020,4291.0,,,SK004C,SK,,2020,foreign_population,Population by citizenship - foreigners
A,DE2009V,SK004C,2021,3340.0,,,SK004C,SK,,2021,foreign_population,Population by citizenship - foreigners
A,DE2009V,SK005C,2015,3003.0,,,SK005C,SK,,2015,foreign_population,Population by citizenship - foreigners
A,DE2009V,SK005C,2016,3067.0,,,SK005C,SK,,2016,foreign_population,Population by citizenship - foreigners
A,DE2009V,SK005C,2017,3122.0,,,SK005C,SK,,2017,foreign_population,Population by citizenship - foreigners
A,DE2009V,SK005C,2018,3175.0,,,SK005C,SK,,2018,foreign_population,Population by citizenship - foreigners
A,DE2009V,SK005C,2019,3267.0,,,SK005C,SK,,2019,foreign_population,Population by citizenship - foreigners
A,DE2009V,SK005C,2020,3348.0,,,SK005C,SK,,2020,foreign_population,Population by citizenship - foreigners
A,DE2009V,SK005C,2021,3778.0,,,SK005C,SK,,2021,foreign_population,Population by citizenship - foreigners
A,DE2009V,SK006C,2015,3416.0,,,SK006C,SK,,2015,foreign_population,Population by citizenship - foreigners
A,DE2009V,SK006C,2016,3490.0,,,SK006C,SK,,2016,foreign_population,Population by citizenship - foreigners
A,DE2009V,SK006C,2017,3549.0,,,SK006C,SK,,2017,foreign_population,Population by citizenship - foreigners
A,DE2009V,SK006C,2018,3654.0,,,SK006C,SK,,2018,foreign_population,Population by citizenship - foreigners
A,DE2009V,SK006C,2019,3769.0,,,SK006C,SK,,2019,foreign_population,Population by citizenship - foreigners
A,DE2009V,SK006C,2020,3815.0,,,SK006C,SK,,2020,foreign_population,Population by citizenship - foreigners
A,DE2009V,SK006C,2021,3572.0,,,SK006C,SK,,2021,foreign_population,Population by citizenship - foreigners
A,DE2009V,SK007C,2015,2631.0,,,SK007C,SK,,2015,foreign_population,Population by citizenship - foreigners
A,DE2009V,SK007C,2016,2705.0,,,SK007C,SK,,2016,foreign_population,Population by citizenship - foreigners
A,DE2009V,SK007C,2017,2749.0,,,SK007C,SK,,2017,foreign_population,Population by citizenship - foreigners
A,DE2009V,SK007C,2018,2839.0,,,SK007C,SK,,2018,foreign_population,Population by citizenship - foreigners
A,DE2009V,SK007C,2019,2892.0,,,SK007C,SK,,2019,foreign_population,Population by citizenship - foreigners
A,DE2009V,SK007C,2020,2901.0,,,SK007C,SK,,2020,foreign_population,Population by citizenship - foreigners
A,DE2009V,SK007C,2021,2730.0,,,SK007C,SK,,2021,foreign_population,Population by citizenship - foreigners
A,DE2009V,SK008C,2015,2782.0,,,SK008C,SK,,2015,foreign_population,Population by citizenship - foreigners
A,DE2009V,SK008C,2016,2763.0,,,SK008C,SK,,2016,foreign_population,Population by citizenship - foreigners
A,DE2009V,SK008C,2017,2771.0,,,SK008C,SK,,2017,foreign_population,Population by citizenship - foreigners
A,DE2009V,SK008C,2018,2801.0,,,SK008C,SK,,2018,foreign_population,Population by citizenship - foreigners
A,DE2009V,SK008C,2019,2785.0,,,SK008C,SK,,2019,foreign_population,Population by citizenship - foreigners
A,DE2009V,SK008C,2020,2797.0,,,SK008C,SK,,2020,foreign_population,Population by citizenship - foreigners
A,DE2009V,SK008C,2021,2769.0,,,SK008C,SK,,2021,foreign_population,Population by citizenship - foreigners
A,DE2009V,UK002C,2015,239146.0,,,UK002C,UK,,2015,foreign_population,Population by citizenship - foreigners
A,DE2009V,UK002C,2016,254043.0,,,UK002C,UK,,2016,foreign_population,Population by citizenship - foreigners
A,DE2009V,UK002C,2017,268358.0,,,UK002C,UK,,2017,foreign_population,Population by citizenship - foreigners
A,DE2009V,UK002C,2018,290244.0,,,UK002C,UK,,2018,foreign_population,Population by citizenship - foreigners
A,DE2009V,UK003C,2015,84858.0,,,UK003C,UK,,2015,foreign_population,Population by citizenship - foreigners
A,DE2009V,UK003C,2016,94953.0,,,UK003C,UK,,2016,foreign_population,Population by citizenship - foreigners
A,DE2009V,UK003C,2017,97744.0,,,UK003C,UK,,2017,foreign_population,Population by citizenship - foreigners
A,DE2009V,UK003C,2018,98556.0,,,UK003C,UK,,2018,foreign_population,Population by citizenship - foreigners
A,DE2009V,UK004C,2015,82838.0,,,UK004C,UK,,2015,foreign_population,Population by citizenship - foreigners
A,DE2009V,UK004C,2016,91131.0,,,UK004C,UK,,2016,foreign_population,Population by citizenship - foreigners
A,DE2009V,UK004C,2017,90834.0,,,UK004C,UK,,2017,foreign_population,Population by citizenship - foreigners
A,DE2009V,UK004C,2018,95799.0,,,UK004C,UK,,2018,foreign_population,Population by citizenship - foreigners
A,DE2009V,UK005C,2015,84885.0,,,UK005C,UK,,2015,foreign_population,Population by citizenship - foreigners
A,DE2009V,UK005C,2016,80884.0,,,UK005C,UK,,2016,foreign_population,Population by citizenship - foreigners
A,DE2009V,UK005C,2017,83750.0,,,UK005C,UK,,2017,foreign_population,Population by citizenship - foreigners
A,DE2009V,UK005C,2018,73821.0,,,UK005C,UK,,2018,foreign_population,Population by citizenship - foreigners
A,DE2009V,UK006C,2015,52484.0,,,UK006C,UK,,2015,foreign_population,Population by citizenship - foreigners
A,DE2009V,UK006C,2016,54219.0,,,UK006C,UK,,2016,foreign_population,Population by citizenship - foreigners
A,DE2009V,UK006C,2017,44980.0,,,UK006C,UK,,2017,foreign_population,Population by citizenship - foreigners
A,DE2009V,UK006C,2018,55999.0,,,UK006C,UK,,2018,foreign_population,Population by citizenship - foreigners
A,DE2009V,UK007C,2015,77340.0,,,UK007C,UK,,2015,foreign_population,Population by citizenship - foreigners
A,DE2009V,UK007C,2016,90491.0,,,UK007C,UK,,2016,foreign_population,Population by citizenship - foreigners
A,DE2009V,UK007C,2017,101672.0,,,UK007C,UK,,2017,foreign_population,Population by citizenship - foreigners
A,DE2009V,UK007C,2018,108018.0,,,UK007C,UK,,2018,foreign_population,Population by citizenship - foreigners
A,DE2009V,UK008C,2015,138200.0,,,UK008C,UK,,2015,foreign_population,Population by citizenship - foreigners
A,DE2009V,UK008C,2016,139909.0,,,UK008C,UK,,2016,foreign_population,Population by citizenship - foreigners
A,DE2009V,UK008C,2017,132116.0,,,UK008C,UK,,2017,foreign_population,Population by citizenship - foreigners
A,DE2009V,UK008C,2018,156586.0,,,UK008C,UK,,2018,foreign_population,Population by citizenship - foreigners
A,DE2009V,UK009C,2015,45234.0,,,UK009C,UK,,2015,foreign_population,Population by citizenship - foreigners
A,DE2009V,UK009C,2016,42649.0,,,UK009C,UK,,2016,foreign_population,Population by citizenship - foreigners
A,DE2009V,UK009C,2017,55797.0,,,UK009C,UK,,2017,foreign_population,Population by citizenship - foreigners
A,DE2009V,UK009C,2018,48202.0,,,UK009C,UK,,2018,foreign_population,Population by citizenship - foreigners
A,DE2009V,UK010C,2015,61061.0,,,UK010C,UK,,2015,foreign_population,Population by citizenship - foreigners
A,DE2009V,UK010C,2016,70572.0,,,UK010C,UK,,2016,foreign_population,Population by citizenship - foreigners
A,DE2009V,UK010C,2017,77614.0,,,UK010C,UK,,2017,foreign_population,Population by citizenship - foreigners
A,DE2009V,UK010C,2018,76558.0,,,UK010C,UK,,2018,foreign_population,Population by citizenship - foreigners
A,DE2009V,UK011C,2015,60284.0,,,UK011C,UK,,2015,foreign_population,Population by citizenship - foreigners
A,DE2009V,UK011C,2016,66689.0,,,UK011C,UK,,2016,foreign_population,Population by citizenship - foreigners
A,DE2009V,UK011C,2017,64801.0,,,UK011C,UK,,2017,foreign_population,Population by citizenship - foreigners
A,DE2009V,UK011C,2018,73417.0,,,UK011C,UK,,2018,foreign_population,Population by citizenship - foreigners
A,DE2009V,UK013C,2015,40363.0,,,UK013C,UK,,2015,foreign_population,Population by citizenship - foreigners
A,DE2009V,UK013C,2016,46638.0,,,UK013C,UK,,2016,foreign_population,Population by citizenship - foreigners
A,DE2009V,UK013C,2017,47013.0,,,UK013C,UK,,2017,foreign_population,Population by citizenship - foreigners
A,DE2009V,UK013C,2018,39086.0,,,UK013C,UK,,2018,foreign_population,Population by citizenship - foreigners
A,DE2009V,UK014C,2015,121264.0,,,UK014C,UK,,2015,foreign_population,Population by citizenship - foreigners
A,DE2009V,UK014C,2016,120070.0,,,UK014C,UK,,2016,foreign_population,Population by citizenship - foreigners
A,DE2009V,UK014C,2017,127633.0,,,UK014C,UK,,2017,foreign_population,Population by citizenship - foreigners
A,DE2009V,UK014C,2018,137100.0,,,UK014C,UK,,2018,foreign_population,Population by citizenship - foreigners
A,DE2009V,UK015C,2015,38795.0,,,UK015C,UK,,2015,foreign_population,Population by citizenship - foreigners
A,DE2009V,UK015C,2016,47957.0,,,UK015C,UK,,2016,foreign_population,Population by citizenship - foreigners
A,DE2009V,UK015C,2017,55140.0,,,UK015C,UK,,2017,foreign_population,Population by citizenship - foreigners
A,DE2009V,UK015C,2018,44233.0,,,UK015C,UK,,2018,foreign_population,Population by citizenship - foreigners
A,DE2009V,UK016C,2015,35197.0,,,UK016C,UK,,2015,foreign_population,Population by citizenship - foreigners
A,DE2009V,UK016C,2016,34187.0,,,UK016C,UK,,2016,foreign_population,Population by citizenship - foreigners
A,DE2009V,UK016C,2017,39474.0,,,UK016C,UK,,2017,foreign_population,Population by citizenship - foreigners
A,DE2009V,UK016C,2018,41727.0,,,UK016C,UK,,2018,foreign_population,Population by citizenship - foreigners
A,DE2009V,UK017C,2015,12407.0,,,UK017C,UK,,2015,foreign_population,Population by citizenship - foreigners
A,DE2009V,UK017C,2016,19015.0,,,UK017C,UK,,2016,foreign_population,Population by citizenship - foreigners
A,DE2009V,UK017C,2017,25531.0,,,UK017C,UK,,2017,foreign_population,Population by citizenship - foreigners
A,DE2009V,UK017C,2018,22938.0,,,UK017C,UK,,2018,foreign_population,Population by citizenship - foreigners
A,DE2009V,UK018C,2015,14127.0,,,UK018C,UK,,2015,foreign_population,Population by citizenship - foreigners
A,DE2009V,UK018C,2016,10953.0,,,UK018C,UK,,2016,foreign_population,Population by citizenship - foreigners
A,DE2009V,UK018C,2017,10818.0,,,UK018C,UK,,2017,foreign_population,Population by citizenship - foreigners
A,DE2009V,UK018C,2018,15263.0,,,UK018C,UK,,2018,foreign_population,Population by citizenship - foreigners
A,DE2009V,UK019C,2015,17716.0,,,UK019C,UK,,2015,foreign_population,Population by citizenship - foreigners
A,DE2009V,UK019C,2016,22250.0,,,UK019C,UK,,2016,foreign_population,Population by citizenship - foreigners
A,DE2009V,UK019C,2017,20510.0,,,UK019C,UK,,2017,foreign_population,Population by citizenship - foreigners
A,DE2009V,UK019C,2018,16173.0,,,UK019C,UK,,2018,foreign_population,Population by citizenship - foreigners
A,DE2009V,UK020C,2015,9303.0,,,UK020C,UK,,2015,foreign_population,Population by citizenship - foreigners
A,DE2009V,UK020C,2016,12158.0,,,UK020C,UK,,2016,foreign_population,Population by citizenship - foreigners
A,DE2009V,UK020C,2017,10440.0,,,UK020C,UK,,2017,foreign_population,Population by citizenship - foreigners
A,DE2009V,UK020C,2018,6305.0,,,UK020C,UK,,2018,foreign_population,Population by citizenship - foreigners
A,DE2009V,UK021C,2015,9632.0,,,UK021C,UK,,2015,foreign_population,Population by citizenship - foreigners
A,DE2009V,UK021C,2016,7629.0,,,UK021C,UK,,2016,foreign_population,Population by citizenship - foreigners
A,DE2009V,UK021C,2017,11678.0,,,UK021C,UK,,2017,foreign_population,Population by citizenship - foreigners
A,DE2009V,UK021C,2018,11052.0,,,UK021C,UK,,2018,foreign_population,Population by citizenship - foreigners
A,DE2009V,UK022C,2015,25946.0,,,UK022C,UK,,2015,foreign_population,Population by citizenship - foreigners
A,DE2009V,UK022C,2016,28173.0,,,UK022C,UK,,2016,foreign_population,Population by citizenship - foreigners
A,DE2009V,UK022C,2017,30538.0,,,UK022C,UK,,2017,foreign_population,Population by citizenship - foreigners
A,DE2009V,UK022C,2018,31584.0,,,UK022C,UK,,2018,foreign_population,Population by citizenship - foreigners
A,DE2009V,UK023C,2015,6317.0,,,UK023C,UK,,2015,foreign_population,Population by citizenship - foreigners
A,DE2009V,UK023C,2016,9730.0,,,UK023C,UK,,2016,foreign_population,Population by citizenship - foreigners
A,DE2009V,UK023C,2017,11908.0,,,UK023C,UK,,2017,foreign_population,Population by citizenship - foreigners
A,DE2009V,UK023C,2018,9928.0,,,UK023C,UK,,2018,foreign_population,Population by citizenship - foreigners
A,DE2009V,UK024C,2015,92018.0,,,UK024C,UK,,2015,foreign_population,Population by citizenship - foreigners
A,DE2009V,UK024C,2016,91431.0,,,UK024C,UK,,2016,foreign_population,Population by citizenship - foreigners
A,DE2009V,UK024C,2017,85344.0,,,UK024C,UK,,2017,foreign_population,Population by citizenship - foreigners
A,DE2009V,UK024C,2018,80950.0,,,UK024C,UK,,2018,foreign_population,Population by citizenship - foreigners
A,DE2009V,UK025C,2015,25958.0,,,UK025C,UK,,2015,foreign_population,Population by citizenship - foreigners
A,DE2009V,UK025C,2016,23465.0,,,UK025C,UK,,2016,foreign_population,Population by citizenship - foreigners
A,DE2009V,UK025C,2017,33441.0,,,UK025C,UK,,2017,foreign_population,Population by citizenship - foreigners
A,DE2009V,UK025C,2018,34702.0,,,UK025C,UK,,2018,foreign_population,Population by citizenship - foreigners
A,DE2009V,UK026C,2015,24781.0,,,UK026C,UK,,2015,foreign_population,Population by citizenship - foreigners
A,DE2009V,UK026C,2016,30160.0,,,UK026C,UK,,2016,foreign_population,Population by citizenship - foreigners
A,DE2009V,UK026C,2017,26894.0,,,UK026C,UK,,2017,foreign_population,Population by citizenship - foreigners
A,DE2009V,UK026C,2018,28369.0,,,UK026C,UK,,2018,foreign_population,Population by citizenship - foreigners
A,DE2009V,UK027C,2015,46521.0,,,UK027C,UK,,2015,foreign_population,Population by citizenship - foreigners
A,DE2009V,UK027C,2016,51267.0,,,UK027C,UK,,2016,foreign_population,Population by citizenship - foreigners
A,DE2009V,UK027C,2017,49355.0,,,UK027C,UK,,2017,foreign_population,Population by citizenship - foreigners
A,DE2009V,UK027C,2018,49861.0,,,UK027C,UK,,2018,foreign_population,Population by citizenship - foreigners
A,DE2009V,UK028C,2015,68499.0,,,UK028C,UK,,2015,foreign_population,Population by citizenship - foreigners
A,DE2009V,UK028C,2016,70678.0,,,UK028C,UK,,2016,foreign_population,Population by citizenship - foreigners
A,DE2009V,UK028C,2017,72952.0,,,UK028C,UK,,2017,foreign_population,Population by citizenship - foreigners
A,DE2009V,UK028C,2018,77886.0,,,UK028C,UK,,2018,foreign_population,Population by citizenship - foreigners
A,DE2009V,UK029C,2015,13113.0,,,UK029C,UK,,2015,foreign_population,Population by citizenship - foreigners
A,DE2009V,UK029C,2016,15147.0,,,UK029C,UK,,2016,foreign_population,Population by citizenship - foreigners
A,DE2009V,UK029C,2017,19692.0,,,UK029C,UK,,2017,foreign_population,Population by citizenship - foreigners
A,DE2009V,UK029C,2018,20308.0,,,UK029C,UK,,2018,foreign_population,Population by citizenship - foreigners
A,DE2009V,UK030C,2015,17884.0,,,UK030C,UK,,2015,foreign_population,Population by citizenship - foreigners
A,DE2009V,UK030C,2016,20696.0,,,UK030C,UK,,2016,foreign_population,Population by citizenship - foreigners
A,DE2009V,UK030C,2017,17939.0,,,UK030C,UK,,2017,foreign_population,Population by citizenship - foreigners
A,DE2009V,UK030C,2018,21820.0,,,UK030C,UK,,2018,foreign_population,Population by citizenship - foreigners
A,DE2009V,UK031C,2015,24862.0,,,UK031C,UK,,2015,foreign_population,Population by citizenship - foreigners
A,DE2009V,UK031C,2016,28952.0,,,UK031C,UK,,2016,foreign_population,Population by citizenship - foreigners
A,DE2009V,UK031C,2017,24247.0,,,UK031C,UK,,2017,foreign_population,Population by citizenship - foreigners
A,DE2009V,UK031C,2018,35099.0,,,UK031C,UK,,2018,foreign_population,Population by citizenship - foreigners
A,DE2009V,UK032C,2015,24854.0,,,UK032C,UK,,2015,foreign_population,Population by citizenship - foreigners
A,DE2009V,UK032C,2016,17575.0,,,UK032C,UK,,2016,foreign_population,Population by citizenship - foreigners
A,DE2009V,UK032C,2017,16849.0,,,UK032C,UK,,2017,foreign_population,Population by citizenship - foreigners
A,DE2009V,UK032C,2018,23569.0,,,UK032C,UK,,2018,foreign_population,Population by citizenship - foreigners
A,DE2009V,UK033C,2015,10045.0,,,UK033C,UK,,2015,foreign_population,Population by citizenship - foreigners
A,DE2009V,UK033C,2016,18077.0,,,UK033C,UK,,2016,foreign_population,Population by citizenship - foreigners
A,DE2009V,UK033C,2017,9891.0,,,UK033C,UK,,2017,foreign_population,Population by citizenship - foreigners
A,DE2009V,UK033C,2018,7419.0,,,UK033C,UK,,2018,foreign_population,Population by citizenship - foreigners
A,DE2009V,UK034C,2015,8684.0,,,UK034C,UK,,2015,foreign_population,Population by citizenship - foreigners
A,DE2009V,UK034C,2016,8540.0,,,UK034C,UK,,2016,foreign_population,Population by citizenship - foreigners
A,DE2009V,UK034C,2017,16485.0,,,UK034C,UK,,2017,foreign_population,Population by citizenship - foreigners
A,DE2009V,UK034C,2018,17728.0,,,UK034C,UK,,2018,foreign_population,Population by citizenship - foreigners
A,DE2009V,UK035C,2015,12793.0,,,UK035C,UK,,2015,foreign_population,Population by citizenship - foreigners
A,DE2009V,UK035C,2016,14118.0,,,UK035C,UK,,2016,foreign_population,Population by citizenship - foreigners
A,DE2009V,UK035C,2017,11215.0,,,UK035C,UK,,2017,foreign_population,Population by citizenship - foreigners
A,DE2009V,UK035C,2018,14701.0,,,UK035C,UK,,2018,foreign_population,Population by citizenship - foreigners
A,DE2009V,UK036C,2015,12002.0,,,UK036C,UK,,2015,foreign_population,Population by citizenship - foreigners
A,DE2009V,UK036C,2016,10938.0,,,UK036C,UK,,2016,foreign_population,Population by citizenship - foreigners
A,DE2009V,UK036C,2017,13244.0,,,UK036C,UK,,2017,foreign_population,Population by citizenship - foreigners
A,DE2009V,UK036C,2018,9877.0,,,UK036C,UK,,2018,foreign_population,Population by citizenship - foreigners
A,DE2009V,UK037C,2015,8023.0,,,UK037C,UK,,2015,foreign_population,Population by citizenship - foreigners
A,DE2009V,UK037C,2016,15476.0,,,UK037C,UK,,2016,foreign_population,Population by citizenship - foreigners
A,DE2009V,UK037C,2017,19499.0,,,UK037C,UK,,2017,foreign_population,Population by citizenship - foreigners
A,DE2009V,UK037C,2018,17658.0,,,UK037C,UK,,2018,foreign_population,Population by citizenship - foreigners
A,DE2009V,UK038C,2015,8134.0,,,UK038C,UK,,2015,foreign_population,Population by citizenship - foreigners
A,DE2009V,UK038C,2016,8050.0,,,UK038C,UK,,2016,foreign_population,Population by citizenship - foreigners
A,DE2009V,UK038C,2017,9482.0,,,UK038C,UK,,2017,foreign_population,Population by citizenship - foreigners
A,DE2009V,UK038C,2018,8673.0,,,UK038C,UK,,2018,foreign_population,Population by citizenship - foreigners
A,DE2009V,UK039C,2015,6368.0,,,UK039C,UK,,2015,foreign_population,Population by citizenship - foreigners
A,DE2009V,UK039C,2016,7026.0,,,UK039C,UK,,2016,foreign_population,Population by citizenship - foreigners
A,DE2009V,UK039C,2017,13041.0,,,UK039C,UK,,2017,foreign_population,Population by citizenship - foreigners
A,DE2009V,UK039C,2018,14869.0,,,UK039C,UK,,2018,foreign_population,Population by citizenship - foreigners
A,DE2009V,UK040C,2015,11346.0,,,UK040C,UK,,2015,foreign_population,Population by citizenship - foreigners
A,DE2009V,UK040C,2016,9296.0,,,UK040C,UK,,2016,foreign_population,Population by citizenship - foreigners
A,DE2009V,UK040C,2017,10859.0,,,UK040C,UK,,2017,foreign_population,Population by citizenship - foreigners
A,DE2009V,UK040C,2018,4724.0,,,UK040C,UK,,2018,foreign_population,Population by citizenship - foreigners
A,DE2009V,UK041C,2015,5827.0,,,UK041C,UK,,2015,foreign_population,Population by citizenship - foreigners
A,DE2009V,UK041C,2016,5043.0,,,UK041C,UK,,2016,foreign_population,Population by citizenship - foreigners
A,DE2009V,UK041C,2017,5017.0,,,UK041C,UK,,2017,foreign_population,Population by citizenship - foreigners
A,DE2009V,UK041C,2018,5356.0,,,UK041C,UK,,2018,foreign_population,Population by citizenship - foreigners
A,DE2009V,UK042C,2015,10233.0,,,UK042C,UK,,2015,foreign_population,Population by citizenship - foreigners
A,DE2009V,UK042C,2016,2704.0,,,UK042C,UK,,2016,foreign_population,Population by citizenship - foreigners
A,DE2009V,UK042C,2017,3526.0,,,UK042C,UK,,2017,foreign_population,Population by citizenship - foreigners
A,DE2009V,UK042C,2018,8261.0,,,UK042C,UK,,2018,foreign_population,Population by citizenship - foreigners
A,DE2009V,UK043C,2015,9515.0,,,UK043C,UK,,2015,foreign_population,Population by citizenship - foreigners
A,DE2009V,UK043C,2016,12140.0,,,UK043C,UK,,2016,foreign_population,Population by citizenship - foreigners
A,DE2009V,UK043C,2017,9631.0,,,UK043C,UK,,2017,foreign_population,Population by citizenship - foreigners
A,DE2009V,UK043C,2018,7342.0,,,UK043C,UK,,2018,foreign_population,Population by citizenship - foreigners
A,DE2009V,UK044C,2015,13514.0,,,UK044C,UK,,2015,foreign_population,Population by citizenship - foreigners
A,DE2009V,UK044C,2016,19151.0,,,UK044C,UK,,2016,foreign_population,Population by citizenship - foreigners
A,DE2009V,UK044C,2017,26719.0,,,UK044C,UK,,2017,foreign_population,Population by citizenship - foreigners
A,DE2009V,UK044C,2018,16238.0,,,UK044C,UK,,2018,foreign_population,Population by citizenship - foreigners
A,DE2009V,UK045C,2015,3378.0,,,UK045C,UK,,2015,foreign_population,Population by citizenship - foreigners
A,DE2009V,UK045C,2016,3076.0,,,UK045C,UK,,2016,foreign_population,Population by citizenship - foreigners
A,DE2009V,UK045C,2017,2674.0,,,UK045C,UK,,2017,foreign_population,Population by citizenship - foreigners
A,DE2009V,UK045C,2018,3608.0,,,UK045C,UK,,2018,foreign_population,Population by citizenship - foreigners
A,DE2009V,UK046C,2015,2618.0,,,UK046C,UK,,2015,foreign_population,Population by citizenship - foreigners
A,DE2009V,UK046C,2016,2213.0,,,UK046C,UK,,2016,foreign_population,Population by citizenship - foreigners
A,DE2009V,UK046C,2017,3296.0,,,UK046C,UK,,2017,foreign_population,Population by citizenship - foreigners
A,DE2009V,UK046C,2018,2241.0,,,UK046C,UK,,2018,foreign_population,Population by citizenship - foreigners
A,DE2009V,UK047C,2015,16466.0,,,UK047C,UK,,2015,foreign_population,Population by citizenship - foreigners
A,DE2009V,UK047C,2016,15279.0,,,UK047C,UK,,2016,foreign_population,Population by citizenship - foreigners
A,DE2009V,UK047C,2017,14115.0,,,UK047C,UK,,2017,foreign_population,Population by citizenship - foreigners
A,DE2009V,UK047C,2018,18712.0,,,UK047C,UK,,2018,foreign_population,Population by citizenship - foreigners
A,DE2009V,UK048C,2015,7259.0,,,UK048C,UK,,2015,foreign_population,Population by citizenship - foreigners
A,DE2009V,UK048C,2016,7654.0,,,UK048C,UK,,2016,foreign_population,Population by citizenship - foreigners
A,DE2009V,UK048C,2017,9130.0,,,UK048C,UK,,2017,foreign_population,Population by citizenship - foreigners
A,DE2009V,UK048C,2018,13289.0,,,UK048C,UK,,2018,foreign_population,Population by citizenship - foreigners
A,DE2009V,UK049C,2015,9702.0,,,UK049C,UK,,2015,foreign_population,Population by citizenship - foreigners
A,DE2009V,UK049C,2016,7460.0,,,UK049C,UK,,2016,foreign_population,Population by citizenship - foreigners
A,DE2009V,UK049C,2017,5289.0,,,UK049C,UK,,2017,foreign_population,Population by citizenship - foreigners
A,DE2009V,UK049C,2018,3932.0,,,UK049C,UK,,2018,foreign_population,Population by citizenship - foreigners
A,DE2009V,UK050C,2015,10568.0,,,UK050C,UK,,2015,foreign_population,Population by citizenship - foreigners
A,DE2009V,UK050C,2016,13042.0,,,UK050C,UK,,2016,foreign_population,Population by citizenship - foreigners
A,DE2009V,UK050C,2017,10196.0,,,UK050C,UK,,2017,foreign_population,Population by citizenship - foreigners
A,DE2009V,UK050C,2018,3540.0,,,UK050C,UK,,2018,foreign_population,Population by citizenship - foreigners
A,DE2009V,UK051C,2015,1719.0,,,UK051C,UK,,2015,foreign_population,Population by citizenship - foreigners
A,DE2009V,UK051C,2016,4983.0,,,UK051C,UK,,2016,foreign_population,Population by citizenship - foreigners
A,DE2009V,UK051C,2017,2888.0,,,UK051C,UK,,2017,foreign_population,Population by citizenship - foreigners
A,DE2009V,UK051C,2018,2833.0,,,UK051C,UK,,2018,foreign_population,Population by citizenship - foreigners
A,DE2009V,UK052C,2015,10942.0,,,UK052C,UK,,2015,foreign_population,Population by citizenship - foreigners
A,DE2009V,UK052C,2016,14631.0,,,UK052C,UK,,2016,foreign_population,Population by citizenship - foreigners
A,DE2009V,UK052C,2017,18140.0,,,UK052C,UK,,2017,foreign_population,Population by citizenship - foreigners
A,DE2009V,UK052C,2018,14113.0,,,UK052C,UK,,2018,foreign_population,Population by citizenship - foreigners
A,DE2009V,UK053C,2015,4762.0,,,UK053C,UK,,2015,foreign_population,Population by citizenship - foreigners
A,DE2009V,UK053C,2016,4127.0,,,UK053C,UK,,2016,foreign_population,Population by citizenship - foreigners
A,DE2009V,UK053C,2017,5131.0,,,UK053C,UK,,2017,foreign_population,Population by citizenship - foreigners
A,DE2009V,UK053C,2018,5284.0,,,UK053C,UK,,2018,foreign_population,Population by citizenship - foreigners
A,DE2009V,UK054C,2015,48122.0,,,UK054C,UK,,2015,foreign_population,Population by citizenship - foreigners
A,DE2009V,UK054C,2016,55002.0,,,UK054C,UK,,2016,foreign_population,Population by citizenship - foreigners
A,DE2009V,UK054C,2017,50998.0,,,UK054C,UK,,2017,foreign_population,Population by citizenship - foreigners
A,DE2009V,UK054C,2018,48114.0,,,UK054C,UK,,2018,foreign_population,Population by citizenship - foreigners
A,DE2009V,UK055C,2015,14013.0,,,UK055C,UK,,2015,foreign_population,Population by citizenship - foreigners
A,DE2009V,UK055C,2016,14546.0,,,UK055C,UK,,2016,foreign_population,Population by citizenship - foreigners
A,DE2009V,UK055C,2017,14676.0,,,UK055C,UK,,2017,foreign_population,Population by citizenship - foreigners
A,DE2009V,UK055C,2018,13029.0,,,UK055C,UK,,2018,foreign_population,Population by citizenship - foreigners
A,DE2009V,UK056C,2015,24633.0,,,UK056C,UK,,2015,foreign_population,Population by citizenship - foreigners
A,DE2009V,UK056C,2016,29242.0,,,UK056C,UK,,2016,foreign_population,Population by citizenship - foreigners
A,DE2009V,UK056C,2017,19512.0,,,UK056C,UK,,2017,foreign_population,Population by citizenship - foreigners
A,DE2009V,UK056C,2018,26033.0,,,UK056C,UK,,2018,foreign_population,Population by citizenship - foreigners
A,DE2009V,UK057C,2015,18823.0,,,UK057C,UK,,2015,foreign_population,Population by citizenship - foreigners
A,DE2009V,UK057C,2016,19971.0,,,UK057C,UK,,2016,foreign_population,Population by citizenship - foreigners
A,DE2009V,UK057C,2017,21606.0,,,UK057C,UK,,2017,foreign_population,Population by citizenship - foreigners
A,DE2009V,UK057C,2018,24175.0,,,UK057C,UK,,2018,foreign_population,Population by citizenship - foreigners
A,DE2009V,UK058C,2015,18037.0,,,UK058C,UK,,2015,foreign_population,Population by citizenship - foreigners
A,DE2009V,UK058C,2016,12823.0,,,UK058C,UK,,2016,foreign_population,Population by citizenship - foreigners
A,DE2009V,UK058C,2017,14029.0,,,UK058C,UK,,2017,foreign_population,Population by citizenship - foreigners
A,DE2009V,UK058C,2018,11334.0,,,UK058C,UK,,2018,foreign_population,Population by citizenship - foreigners
A,DE2009V,UK059C,2015,20033.0,,,UK059C,UK,,2015,foreign_population,Population by citizenship - foreigners
A,DE2009V,UK059C,2016,23965.0,,,UK059C,UK,,2016,foreign_population,Population by citizenship - foreigners
A,DE2009V,UK059C,2017,27957.0,,,UK059C,UK,,2017,foreign_population,Population by citizenship - foreigners
A,DE2009V,UK059C,2018,25566.0,,,UK059C,UK,,2018,foreign_population,Population by citizenship - foreigners
A,DE2009V,UK060C,2015,20292.0,,,UK060C,UK,,2015,foreign_population,Population by citizenship - foreigners
A,DE2009V,UK060C,2016,23503.0,,,UK060C,UK,,2016,foreign_population,Population by citizenship - foreigners
A,DE2009V,UK060C,2017,25346.0,,,UK060C,UK,,2017,foreign_population,Population by citizenship - foreigners
A,DE2009V,UK060C,2018,23804.0,,,UK060C,UK,,2018,foreign_population,Population by citizenship - foreigners
A,DE2009V,UK061C,2015,13749.0,,,UK061C,UK,,2015,foreign_population,Population by citizenship - foreigners
A,DE2009V,UK061C,2016,11623.0,,,UK061C,UK,,2016,foreign_population,Population by citizenship - foreigners
A,DE2009V,UK061C,2017,13558.0,,,UK061C,UK,,2017,foreign_population,Population by citizenship - foreigners
A,DE2009V,UK061C,2018,15596.0,,,UK061C,UK,,2018,foreign_population,Population by citizenship - foreigners
A,DE2009V,UK062C,2015,52285.0,,,UK062C,UK,,2015,foreign_population,Population by citizenship - foreigners
A,DE2009V,UK062C,2016,58798.0,,,UK062C,UK,,2016,foreign_population,Population by citizenship - foreigners
A,DE2009V,UK062C,2017,65517.0,,,UK062C,UK,,2017,foreign_population,Population by citizenship - foreigners
A,DE2009V,UK062C,2018,66726.0,,,UK062C,UK,,2018,foreign_population,Population by citizenship - foreigners
A,DE2009V,UK063C,2015,14487.0,,,UK063C,UK,,2015,foreign_population,Population by citizenship - foreigners
A,DE2009V,UK063C,2016,9021.0,,,UK063C,UK,,2016,foreign_population,Population by citizenship - foreigners
A,DE2009V,UK063C,2017,11867.0,,,UK063C,UK,,2017,foreign_population,Population by citizenship - foreigners
A,DE2009V,UK063C,2018,12009.0,,,UK063C,UK,,2018,foreign_population,Population by citizenship - foreigners
A,DE2009V,UK064C,2015,29218.0,,,UK064C,UK,,2015,foreign_population,Population by citizenship - foreigners
A,DE2009V,UK064C,2016,37431.0,,,UK064C,UK,,2016,foreign_population,Population by citizenship - foreigners
A,DE2009V,UK064C,2017,37564.0,,,UK064C,UK,,2017,foreign_population,Population by citizenship - foreigners
A,DE2009V,UK064C,2018,33391.0,,,UK064C,UK,,2018,foreign_population,Population by citizenship - foreigners
A,DE2009V,UK065C,2015,31606.0,,,UK065C,UK,,2015,foreign_population,Population by citizenship - foreigners
A,DE2009V,UK065C,2016,33315.0,,,UK065C,UK,,2016,foreign_population,Population by citizenship - foreigners
A,DE2009V,UK065C,2017,30123.0,,,UK065C,UK,,2017,foreign_population,Population by citizenship - foreigners
A,DE2009V,UK065C,2018,33854.0,,,UK065C,UK,,2018,foreign_population,Population by citizenship - foreigners
A,DE2009V,UK066C,2015,28375.0,,,UK066C,UK,,2015,foreign_population,Population by citizenship - foreigners
A,DE2009V,UK066C,2016,34187.0,,,UK066C,UK,,2016,foreign_population,Population by citizenship - foreigners
A,DE2009V,UK066C,2017,34153.0,,,UK066C,UK,,2017,foreign_population,Population by citizenship - foreigners
A,DE2009V,UK066C,2018,28823.0,,,UK066C,UK,,2018,foreign_population,Population by citizenship - foreigners
A,DE2009V,UK067C,2015,8946.0,,,UK067C,UK,,2015,foreign_population,Population by citizenship - foreigners
A,DE2009V,UK067C,2016,17188.0,,,UK067C,UK,,2016,foreign_population,Population by citizenship - foreigners
A,DE2009V,UK067C,2017,13940.0,,,UK067C,UK,,2017,foreign_population,Population by citizenship - foreigners
A,DE2009V,UK067C,2018,16091.0,,,UK067C,UK,,2018,foreign_population,Population by citizenship - foreigners
A,DE2009V,UK068C,2015,41137.0,,,UK068C,UK,,2015,foreign_population,Population by citizenship - foreigners
A,DE2009V,UK068C,2016,49956.0,,,UK068C,UK,,2016,foreign_population,Population by citizenship - foreigners
A,DE2009V,UK068C,2017,51860.0,,,UK068C,UK,,2017,foreign_population,Population by citizenship - foreigners
A,DE2009V,UK068C,2018,52765.0,,,UK068C,UK,,2018,foreign_population,Population by citizenship - foreigners
A,DE2009V,UK069C,2015,25240.0,,,UK069C,UK,,2015,foreign_population,Population by citizenship - foreigners
A,DE2009V,UK069C,2016,25394.0,,,UK069C,UK,,2016,foreign_population,Population by citizenship - foreigners
A,DE2009V,UK069C,2017,20841.0,,,UK069C,UK,,2017,foreign_population,Population by citizenship - foreigners
A,DE2009V,UK069C,2018,23454.0,,,UK069C,UK,,2018,foreign_population,Population by citizenship - foreigners
A,DE2009V,UK070C,2015,19676.0,,,UK070C,UK,,2015,foreign_population,Population by citizenship - foreigners
A,DE2009V,UK070C,2016,23832.0,,,UK070C,UK,,2016,foreign_population,Population by citizenship - foreigners
A,DE2009V,UK070C,2017,24940.0,,,UK070C,UK,,2017,foreign_population,Population by citizenship - foreigners
A,DE2009V,UK070C,2018,26809.0,,,UK070C,UK,,2018,foreign_population,Population by citizenship - foreigners
A,DE2009V,UK071C,2015,38452.0,,,UK071C,UK,,2015,foreign_population,Population by citizenship - foreigners
A,DE2009V,UK071C,2016,37153.0,,,UK071C,UK,,2016,foreign_population,Population by citizenship - foreigners
A,DE2009V,UK071C,2017,38668.0,,,UK071C,UK,,2017,foreign_population,Population by citizenship - foreigners
A,DE2009V,UK071C,2018,40709.0,,,UK071C,UK,,2018,foreign_population,Population by citizenship - foreigners
A,DE2009V,UK072C,2015,13011.0,,,UK072C,UK,,2015,foreign_population,Population by citizenship - foreigners
A,DE2009V,UK072C,2016,10693.0,,,UK072C,UK,,2016,foreign_population,Population by citizenship - foreigners
A,DE2009V,UK072C,2017,15153.0,,,UK072C,UK,,2017,foreign_population,Population by citizenship - foreigners
A,DE2009V,UK072C,2018,15426.0,,,UK072C,UK,,2018,foreign_population,Population by citizenship - foreigners
A,DE2009V,UK073C,2015,48188.0,,,UK073C,UK,,2015,foreign_population,Population by citizenship - foreigners
A,DE2009V,UK073C,2016,56508.0,,,UK073C,UK,,2016,foreign_population,Population by citizenship - foreigners
A,DE2009V,UK073C,2017,58632.0,,,UK073C,UK,,2017,foreign_population,Population by citizenship - foreigners
A,DE2009V,UK073C,2018,55335.0,,,UK073C,UK,,2018,foreign_population,Population by citizenship - foreigners
A,DE2009V,UK074C,2015,34114.0,,,UK074C,UK,,2015,foreign_population,Population by citizenship - foreigners
A,DE2009V,UK074C,2016,31323.0,,,UK074C,UK,,2016,foreign_population,Population by citizenship - foreigners
A,DE2009V,UK074C,2017,30673.0,,,UK074C,UK,,2017,foreign_population,Population by citizenship - foreigners
A,DE2009V,UK074C,2018,29556.0,,,UK074C,UK,,2018,foreign_population,Population by citizenship - foreigners
A,DE2009V,UK075C,2015,35594.0,,,UK075C,UK,,2015,foreign_population,Population by citizenship - foreigners
A,DE2009V,UK075C,2016,36851.0,,,UK075C,UK,,2016,foreign_population,Population by citizenship - foreigners
A,DE2009V,UK075C,2017,40775.0,,,UK075C,UK,,2017,foreign_population,Population by citizenship - foreigners
A,DE2009V,UK075C,2018,41423.0,,,UK075C,UK,,2018,foreign_population,Population by citizenship - foreigners
A,DE2009V,UK076C,2015,22844.0,,,UK076C,UK,,2015,foreign_population,Population by citizenship - foreigners
A,DE2009V,UK076C,2016,22301.0,,,UK076C,UK,,2016,foreign_population,Population by citizenship - foreigners
A,DE2009V,UK076C,2017,22093.0,,,UK076C,UK,,2017,foreign_population,Population by citizenship - foreigners
A,DE2009V,UK076C,2018,22694.0,,,UK076C,UK,,2018,foreign_population,Population by citizenship - foreigners
A,DE2009V,UK077C,2015,29642.0,,,UK077C,UK,,2015,foreign_population,Population by citizenship - foreigners
A,DE2009V,UK077C,2016,32593.0,,,UK077C,UK,,2016,foreign_population,Population by citizenship - foreigners
A,DE2009V,UK077C,2017,31371.0,,,UK077C,UK,,2017,foreign_population,Population by citizenship - foreigners
A,DE2009V,UK077C,2018,26999.0,,,UK077C,UK,,2018,foreign_population,Population by citizenship - foreigners
A,DE2009V,UK078C,2015,51583.0,,,UK078C,UK,,2015,foreign_population,Population by citizenship - foreigners
A,DE2009V,UK078C,2016,51588.0,,,UK078C,UK,,2016,foreign_population,Population by citizenship - foreigners
A,DE2009V,UK078C,2017,56590.0,,,UK078C,UK,,2017,foreign_population,Population by citizenship - foreigners
A,DE2009V,UK078C,2018,52033.0,,,UK078C,UK,,2018,foreign_population,Population by citizenship - foreigners
A,DE2009V,UK079C,2015,29375.0,,,UK079C,UK,,2015,foreign_population,Population by citizenship - foreigners
A,DE2009V,UK079C,2016,32448.0,,,UK079C,UK,,2016,foreign_population,Population by citizenship - foreigners
A,DE2009V,UK079C,2017,25925.0,,,UK079C,UK,,2017,foreign_population,Population by citizenship - foreigners
A,DE2009V,UK079C,2018,29917.0,,,UK079C,UK,,2018,foreign_population,Population by citizenship - foreigners
A,DE2009V,UK080C,2015,20477.0,,,UK080C,UK,,2015,foreign_population,Population by citizenship - foreigners
A,DE2009V,UK080C,2016,19350.0,,,UK080C,UK,,2016,foreign_population,Population by citizenship - foreigners
A,DE2009V,UK080C,2017,19679.0,,,UK080C,UK,,2017,foreign_population,Population by citizenship - foreigners
A,DE2009V,UK080C,2018,17469.0,,,UK080C,UK,,2018,foreign_population,Population by citizenship - foreigners
A,DE2009V,UK081C,2015,32644.0,,,UK081C,UK,,2015,foreign_population,Population by citizenship - foreigners
A,DE2009V,UK081C,2016,39314.0,,,UK081C,UK,,2016,foreign_population,Population by citizenship - foreigners
A,DE2009V,UK081C,2017,55067.0,,,UK081C,UK,,2017,foreign_population,Population by citizenship - foreigners
A,DE2009V,UK081C,2018,46010.0,,,UK081C,UK,,2018,foreign_population,Population by citizenship - foreigners
A,DE2009V,UK082C,2015,10975.0,,,UK082C,UK,,2015,foreign_population,Population by citizenship - foreigners
A,DE2009V,UK082C,2016,10836.0,,,UK082C,UK,,2016,foreign_population,Population by citizenship - foreigners
A,DE2009V,UK082C,2017,15323.0,,,UK082C,UK,,2017,foreign_population,Population by citizenship - foreigners
A,DE2009V,UK082C,2018,12263.0,,,UK082C,UK,,2018,foreign_population,Population by citizenship - foreigners
A,DE2009V,UK083C,2015,8783.0,,,UK083C,UK,,2015,foreign_population,Population by citizenship - foreigners
A,DE2009V,UK083C,2016,10614.0,,,UK083C,UK,,2016,foreign_population,Population by citizenship - foreigners
A,DE2009V,UK083C,2017,12414.0,,,UK083C,UK,,2017,foreign_population,Population by citizenship - foreigners
A,DE2009V,UK083C,2018,15577.0,,,UK083C,UK,,2018,foreign_population,Population by citizenship - foreigners
A,DE2009V,UK084C,2015,17934.0,,,UK084C,UK,,2015,foreign_population,Population by citizenship - foreigners
A,DE2009V,UK084C,2016,18584.0,,,UK084C,UK,,2016,foreign_population,Population by citizenship - foreigners
A,DE2009V,UK084C,2017,20236.0,,,UK084C,UK,,2017,foreign_population,Population by citizenship - foreigners
A,DE2009V,UK084C,2018,16769.0,,,UK084C,UK,,2018,foreign_population,Population by citizenship - foreigners
A,DE2009V,UK085C,2015,67414.0,,,UK085C,UK,,2015,foreign_population,Population by citizenship - foreigners
A,DE2009V,UK085C,2016,72217.0,,,UK085C,UK,,2016,foreign_population,Population by citizenship - foreigners
A,DE2009V,UK085C,2017,70979.0,,,UK085C,UK,,2017,foreign_population,Population by citizenship - foreigners
A,DE2009V,UK085C,2018,71413.0,,,UK085C,UK,,2018,foreign_population,Population by citizenship - foreigners
A,DE2009V,UK086C,2015,19623.0,,,UK086C,UK,,2015,foreign_population,Population by citizenship - foreigners
A,DE2009V,UK086C,2016,20109.0,,,UK086C,UK,,2016,foreign_population,Population by citizenship - foreigners
A,DE2009V,UK086C,2017,15853.0,,,UK086C,UK,,2017,foreign_population,Population by citizenship - foreigners
A,DE2009V,UK086C,2018,18032.0,,,UK086C,UK,,2018,foreign_population,Population by citizenship - foreigners
A,DE2009V,UK087C,2015,17718.0,,,UK087C,UK,,2015,foreign_population,Population by citizenship - foreigners
A,DE2009V,UK087C,2016,20002.0,,,UK087C,UK,,2016,foreign_population,Population by citizenship - foreigners
A,DE2009V,UK087C,2017,16427.0,,,UK087C,UK,,2017,foreign_population,Population by citizenship - foreigners
A,DE2009V,UK087C,2018,19661.0,,,UK087C,UK,,2018,foreign_population,Population by citizenship - foreigners
A,DE2009V,UK088C,2015,33124.0,,,UK088C,UK,,2015,foreign_population,Population by citizenship - foreigners
A,DE2009V,UK088C,2016,38403.0,,,UK088C,UK,,2016,foreign_population,Population by citizenship - foreigners
A,DE2009V,UK088C,2017,41975.0,,,UK088C,UK,,2017,foreign_population,Population by citizenship - foreigners
A,DE2009V,UK088C,2018,38371.0,,,UK088C,UK,,2018,foreign_population,Population by citizenship - foreigners
A,DE2009V,UK089C,2015,6514.0,,,UK089C,UK,,2015,foreign_population,Population by citizenship - foreigners
A,DE2009V,UK089C,2016,14199.0,,,UK089C,UK,,2016,foreign_population,Population by citizenship - foreigners
A,DE2009V,UK089C,2017,10861.0,,,UK089C,UK,,2017,foreign_population,Population by citizenship - foreigners
A,DE2009V,UK089C,2018,12640.0,,,UK089C,UK,,2018,foreign_population,Population by citizenship - foreigners
A,DE2009V,UK090C,2015,3871.0,,,UK090C,UK,,2015,foreign_population,Population by citizenship - foreigners
A,DE2009V,UK090C,2016,7703.0,,,UK090C,UK,,2016,foreign_population,Population by citizenship - foreigners
A,DE2009V,UK090C,2017,7172.0,,,UK090C,UK,,2017,foreign_population,Population by citizenship - foreigners
A,DE2009V,UK090C,2018,7052.0,,,UK090C,UK,,2018,foreign_population,Population by citizenship - foreigners
A,DE2009V,UK091C,2015,19627.0,,,UK091C,UK,,2015,foreign_population,Population by citizenship - foreigners
A,DE2009V,UK091C,2016,20963.0,,,UK091C,UK,,2016,foreign_population,Population by citizenship - foreigners
A,DE2009V,UK091C,2017,12152.0,,,UK091C,UK,,2017,foreign_population,Population by citizenship - foreigners
A,DE2009V,UK091C,2018,17206.0,,,UK091C,UK,,2018,foreign_population,Population by citizenship - foreigners
A,DE2009V,UK092C,2015,32338.0,,,UK092C,UK,,2015,foreign_population,Population by citizenship - foreigners
A,DE2009V,UK092C,2016,37497.0,,,UK092C,UK,,2016,foreign_population,Population by citizenship - foreigners
A,DE2009V,UK092C,2017,38910.0,,,UK092C,UK,,2017,foreign_population,Population by citizenship - foreigners
A,DE2009V,UK092C,2018,39575.0,,,UK092C,UK,,2018,foreign_population,Population by citizenship - foreigners
A,DE2009V,UK093C,2015,21501.0,,,UK093C,UK,,2015,foreign_population,Population by citizenship - foreigners
A,DE2009V,UK093C,2016,18656.0,,,UK093C,UK,,2016,foreign_population,Population by citizenship - foreigners
A,DE2009V,UK093C,2017,20051.0,,,UK093C,UK,,2017,foreign_population,Population by citizenship - foreigners
A,DE2009V,UK093C,2018,20348.0,,,UK093C,UK,,2018,foreign_population,Population by citizenship - foreigners
A,DE2009V,UK094C,2015,11560.0,,,UK094C,UK,,2015,foreign_population,Population by citizenship - foreigners
A,DE2009V,UK094C,2016,13854.0,,,UK094C,UK,,2016,foreign_population,Population by citizenship - foreigners
A,DE2009V,UK094C,2017,16777.0,,,UK094C,UK,,2017,foreign_population,Population by citizenship - foreigners
A,DE2009V,UK094C,2018,17611.0,,,UK094C,UK,,2018,foreign_population,Population by citizenship - foreigners
A,DE2009V,UK095C,2015,8003.0,,,UK095C,UK,,2015,foreign_population,Population by citizenship - foreigners
A,DE2009V,UK095C,2016,8375.0,,,UK095C,UK,,2016,foreign_population,Population by citizenship - foreigners
A,DE2009V,UK095C,2017,7675.0,,,UK095C,UK,,2017,foreign_population,Population by citizenship - foreigners
A,DE2009V,UK095C,2018,9053.0,,,UK095C,UK,,2018,foreign_population,Population by citizenship - foreigners
A,DE2009V,UK096C,2015,13264.0,,,UK096C,UK,,2015,foreign_population,Population by citizenship - foreigners
A,DE2009V,UK096C,2016,20237.0,,,UK096C,UK,,2016,foreign_population,Population by citizenship - foreigners
A,DE2009V,UK096C,2017,12603.0,,,UK096C,UK,,2017,foreign_population,Population by citizenship - foreigners
A,DE2009V,UK096C,2018,19245.0,,,UK096C,UK,,2018,foreign_population,Population by citizenship - foreigners
A,DE2009V,UK097C,2015,39444.0,,,UK097C,UK,,2015,foreign_population,Population by citizenship - foreigners
A,DE2009V,UK097C,2016,47282.0,,,UK097C,UK,,2016,foreign_population,Population by citizenship - foreigners
A,DE2009V,UK097C,2017,41519.0,,,UK097C,UK,,2017,foreign_population,Population by citizenship - foreigners
A,DE2009V,UK097C,2018,47813.0,,,UK097C,UK,,2018,foreign_population,Population by citizenship - foreigners
A,DE2009V,UK098C,2015,21189.0,,,UK098C,UK,,2015,foreign_population,Population by citizenship - foreigners
A,DE2009V,UK098C,2016,23430.0,,,UK098C,UK,,2016,foreign_population,Population by citizenship - foreigners
A,DE2009V,UK098C,2017,21135.0,,,UK098C,UK,,2017,foreign_population,Population by citizenship - foreigners
A,DE2009V,UK098C,2018,21676.0,,,UK098C,UK,,2018,foreign_population,Population by citizenship - foreigners
A,DE2009V,UK099C,2015,5300.0,,,UK099C,UK,,2015,foreign_population,Population by citizenship - foreigners
A,DE2009V,UK099C,2016,5942.0,,,UK099C,UK,,2016,foreign_population,Population by citizenship - foreigners
A,DE2009V,UK099C,2017,5849.0,,,UK099C,UK,,2017,foreign_population,Population by citizenship - foreigners
A,DE2009V,UK099C,2018,4345.0,,,UK099C,UK,,2018,foreign_population,Population by citizenship - foreigners
A,DE2009V,UK100C,2015,22705.0,,,UK100C,UK,,2015,foreign_population,Population by citizenship - foreigners
A,DE2009V,UK100C,2016,17731.0,,,UK100C,UK,,2016,foreign_population,Population by citizenship - foreigners
A,DE2009V,UK100C,2017,17889.0,,,UK100C,UK,,2017,foreign_population,Population by citizenship - foreigners
A,DE2009V,UK100C,2018,17105.0,,,UK100C,UK,,2018,foreign_population,Population by citizenship - foreigners
A,DE2009V,UK101C,2015,30885.0,,,UK101C,UK,,2015,foreign_population,Population by citizenship - foreigners
A,DE2009V,UK101C,2016,24153.0,,,UK101C,UK,,2016,foreign_population,Population by citizenship - foreigners
A,DE2009V,UK101C,2017,34706.0,,,UK101C,UK,,2017,foreign_population,Population by citizenship - foreigners
A,DE2009V,UK101C,2018,30688.0,,,UK101C,UK,,2018,foreign_population,Population by citizenship - foreigners
A,DE2009V,UK102C,2015,16877.0,,,UK102C,UK,,2015,foreign_population,Population by citizenship - foreigners
A,DE2009V,UK102C,2016,11641.0,,,UK102C,UK,,2016,foreign_population,Population by citizenship - foreigners
A,DE2009V,UK102C,2017,15226.0,,,UK102C,UK,,2017,foreign_population,Population by citizenship - foreigners
A,DE2009V,UK102C,2018,11634.0,,,UK102C,UK,,2018,foreign_population,Population by citizenship - foreigners
A,DE2009V,UK103C,2015,7800.0,,,UK103C,UK,,2015,foreign_population,Population by citizenship - foreigners
A,DE2009V,UK103C,2016,9490.0,,,UK103C,UK,,2016,foreign_population,Population by citizenship - foreigners
A,DE2009V,UK103C,2017,8474.0,,,UK103C,UK,,2017,foreign_population,Population by citizenship - foreigners
A,DE2009V,UK103C,2018,7893.0,,,UK103C,UK,,2018,foreign_population,Population by citizenship - foreigners
A,DE2009V,UK104C,2015,42258.0,,,UK104C,UK,,2015,foreign_population,Population by citizenship - foreigners
A,DE2009V,UK104C,2016,40575.0,,,UK104C,UK,,2016,foreign_population,Population by citizenship - foreigners
A,DE2009V,UK104C,2017,41433.0,,,UK104C,UK,,2017,foreign_population,Population by citizenship - foreigners
A,DE2009V,UK104C,2018,44520.0,,,UK104C,UK,,2018,foreign_population,Population by citizenship - foreigners
A,DE2009V,UK105C,2015,9020.0,,,UK105C,UK,,2015,foreign_population,Population by citizenship - foreigners
A,DE2009V,UK105C,2016,7830.0,,,UK105C,UK,,2016,foreign_population,Population by citizenship - foreigners
A,DE2009V,UK105C,2017,7118.0,,,UK105C,UK,,2017,foreign_population,Population by citizenship - foreigners
A,DE2009V,UK105C,2018,6167.0,,,UK105C,UK,,2018,foreign_population,Population by citizenship - foreigners
A,DE2009V,UK106C,2015,26406.0,,,UK106C,UK,,2015,foreign_population,Population by citizenship - foreigners
A,DE2009V,UK106C,2016,21716.0,,,UK106C,UK,,2016,foreign_population,Population by citizenship - foreigners
A,DE2009V,UK106C,2017,14947.0,,,UK106C,UK,,2017,foreign_population,Population by citizenship - foreigners
A,DE2009V,UK106C,2018,18839.0,,,UK106C,UK,,2018,foreign_population,Population by citizenship - foreigners
A,DE2009V,UK107C,2015,18015.0,,,UK107C,UK,,2015,foreign_population,Population by citizenship - foreigners
A,DE2009V,UK107C,2016,14361.0,,,UK107C,UK,,2016,foreign_population,Population by citizenship - foreigners
A,DE2009V,UK107C,2017,17061.0,,,UK107C,UK,,2017,foreign_population,Population by citizenship - foreigners
A,DE2009V,UK107C,2018,15387.0,,,UK107C,UK,,2018,foreign_population,Population by citizenship - foreigners
A,DE2009V,UK108C,2015,23366.0,,,UK108C,UK,,2015,foreign_population,Population by citizenship - foreigners
A,DE2009V,UK108C,2016,24469.0,,,UK108C,UK,,2016,foreign_population,Population by citizenship - foreigners
A,DE2009V,UK108C,2017,24008.0,,,UK108C,UK,,2017,foreign_population,Population by citizenship - foreigners
A,DE2009V,UK108C,2018,23277.0,,,UK108C,UK,,2018,foreign_population,Population by citizenship - foreigners
A,DE2009V,UK109C,2015,12719.0,,,UK109C,UK,,2015,foreign_population,Population by citizenship - foreigners
A,DE2009V,UK109C,2016,13611.0,,,UK109C,UK,,2016,foreign_population,Population by citizenship - foreigners
A,DE2009V,UK109C,2017,11294.0,,,UK109C,UK,,2017,foreign_population,Population by citizenship - foreigners
A,DE2009V,UK109C,2018,13398.0,,,UK109C,UK,,2018,foreign_population,Population by citizenship - foreigners
A,DE2009V,UK110C,2015,13354.0,,,UK110C,UK,,2015,foreign_population,Population by citizenship - foreigners
A,DE2009V,UK110C,2016,15354.0,,,UK110C,UK,,2016,foreign_population,Population by citizenship - foreigners
A,DE2009V,UK110C,2017,15003.0,,,UK110C,UK,,2017,foreign_population,Population by citizenship - foreigners
A,DE2009V,UK110C,2018,14675.0,,,UK110C,UK,,2018,foreign_population,Population by citizenship - foreigners
A,DE2009V,UK111C,2015,45037.0,,,UK111C,UK,,2015,foreign_population,Population by citizenship - foreigners
A,DE2009V,UK111C,2016,50952.0,,,UK111C,UK,,2016,foreign_population,Population by citizenship - foreigners
A,DE2009V,UK111C,2017,56924.0,,,UK111C,UK,,2017,foreign_population,Population by citizenship - foreigners
A,DE2009V,UK111C,2018,48360.0,,,UK111C,UK,,2018,foreign_population,Population by citizenship - foreigners
A,DE2009V,UK112C,2015,9416.0,,,UK112C,UK,,2015,foreign_population,Population by citizenship - foreigners
A,DE2009V,UK112C,2016,7670.0,,,UK112C,UK,,2016,foreign_population,Population by citizenship - foreigners
A,DE2009V,UK112C,2017,8151.0,,,UK112C,UK,,2017,foreign_population,Population by citizenship - foreigners
A,DE2009V,UK112C,2018,9259.0,,,UK112C,UK,,2018,foreign_population,Population by citizenship - foreigners
A,DE2009V,UK113C,2015,21077.0,,,UK113C,UK,,2015,foreign_population,Population by citizenship - foreigners
A,DE2009V,UK113C,2016,22022.0,,,UK113C,UK,,2016,foreign_population,Population by citizenship - foreigners
A,DE2009V,UK113C,2017,17797.0,,,UK113C,UK,,2017,foreign_population,Population by citizenship - foreigners
A,DE2009V,UK113C,2018,22684.0,,,UK113C,UK,,2018,foreign_population,Population by citizenship - foreigners
A,DE2009V,UK114C,2015,16990.0,,,UK114C,UK,,2015,foreign_population,Population by citizenship - foreigners
A,DE2009V,UK114C,2016,24099.0,,,UK114C,UK,,2016,foreign_population,Population by citizenship - foreigners
A,DE2009V,UK114C,2017,30577.0,,,UK114C,UK,,2017,foreign_population,Population by citizenship - foreigners
A,DE2009V,UK114C,2018,27761.0,,,UK114C,UK,,2018,foreign_population,Population by citizenship - foreigners
A,DE2009V,UK115C,2015,16910.0,,,UK115C,UK,,2015,foreign_population,Population by citizenship - foreigners
A,DE2009V,UK115C,2016,21060.0,,,UK115C,UK,,2016,foreign_population,Population by citizenship - foreigners
A,DE2009V,UK115C,2017,23489.0,,,UK115C,UK,,2017,foreign_population,Population by citizenship - foreigners
A,DE2009V,UK115C,2018,21311.0,,,UK115C,UK,,2018,foreign_population,Population by citizenship - foreigners
A,DE2009V,UK116C,2015,4862.0,,,UK116C,UK,,2015,foreign_population,Population by citizenship - foreigners
A,DE2009V,UK116C,2016,5667.0,,,UK116C,UK,,2016,foreign_population,Population by citizenship - foreigners
A,DE2009V,UK116C,2017,9336.0,,,UK116C,UK,,2017,foreign_population,Population by citizenship - foreigners
A,DE2009V,UK116C,2018,6168.0,,,UK116C,UK,,2018,foreign_population,Population by citizenship - foreigners
A,DE2009V,UK117C,2015,25042.0,,,UK117C,UK,,2015,foreign_population,Population by citizenship - foreigners
A,DE2009V,UK117C,2016,29509.0,,,UK117C,UK,,2016,foreign_population,Population by citizenship - foreigners
A,DE2009V,UK117C,2017,23327.0,,,UK117C,UK,,2017,foreign_population,Population by citizenship - foreigners
A,DE2009V,UK117C,2018,20777.0,,,UK117C,UK,,2018,foreign_population,Population by citizenship - foreigners
A,DE2009V,UK118C,2015,58379.0,,,UK118C,UK,,2015,foreign_population,Population by citizenship - foreigners
A,DE2009V,UK118C,2016,61198.0,,,UK118C,UK,,2016,foreign_population,Population by citizenship - foreigners
A,DE2009V,UK118C,2017,57463.0,,,UK118C,UK,,2017,foreign_population,Population by citizenship - foreigners
A,DE2009V,UK118C,2018,61313.0,,,UK118C,UK,,2018,foreign_population,Population by citizenship - foreigners
A,DE2009V,UK119C,2015,18479.0,,,UK119C,UK,,2015,foreign_population,Population by citizenship - foreigners
A,DE2009V,UK119C,2016,26146.0,,,UK119C,UK,,2016,foreign_population,Population by citizenship - foreigners
A,DE2009V,UK119C,2017,22762.0,,,UK119C,UK,,2017,foreign_population,Population by citizenship - foreigners
A,DE2009V,UK119C,2018,18832.0,,,UK119C,UK,,2018,foreign_population,Population by citizenship - foreigners
A,DE2009V,UK120C,2015,17681.0,,,UK120C,UK,,2015,foreign_population,Population by citizenship - foreigners
A,DE2009V,UK120C,2016,20647.0,,,UK120C,UK,,2016,foreign_population,Population by citizenship - foreigners
A,DE2009V,UK120C,2017,22183.0,,,UK120C,UK,,2017,foreign_population,Population by citizenship - foreigners
A,DE2009V,UK120C,2018,20117.0,,,UK120C,UK,,2018,foreign_population,Population by citizenship - foreigners
A,DE2009V,UK121C,2015,14253.0,,,UK121C,UK,,2015,foreign_population,Population by citizenship - foreigners
A,DE2009V,UK121C,2016,15113.0,,,UK121C,UK,,2016,foreign_population,Population by citizenship - foreigners
A,DE2009V,UK121C,2017,13590.0,,,UK121C,UK,,2017,foreign_population,Population by citizenship - foreigners
A,DE2009V,UK121C,2018,20397.0,,,UK121C,UK,,2018,foreign_population,Population by citizenship - foreigners
A,DE2009V,UK122C,2015,14055.0,,,UK122C,UK,,2015,foreign_population,Population by citizenship - foreigners
A,DE2009V,UK122C,2016,13149.0,,,UK122C,UK,,2016,foreign_population,Population by citizenship - foreigners
A,DE2009V,UK122C,2017,11719.0,,,UK122C,UK,,2017,foreign_population,Population by citizenship - foreigners
A,DE2009V,UK122C,2018,17233.0,,,UK122C,UK,,2018,foreign_population,Population by citizenship - foreigners
A,DE2009V,UK123C,2015,17038.0,,,UK123C,UK,,2015,foreign_population,Population by citizenship - foreigners
A,DE2009V,UK123C,2016,17051.0,,,UK123C,UK,,2016,foreign_population,Population by citizenship - foreigners
A,DE2009V,UK123C,2017,15036.0,,,UK123C,UK,,2017,foreign_population,Population by citizenship - foreigners
A,DE2009V,UK123C,2018,18484.0,,,UK123C,UK,,2018,foreign_population,Population by citizenship - foreigners
A,DE2009V,UK124C,2015,8469.0,,,UK124C,UK,,2015,foreign_population,Population by citizenship - foreigners
A,DE2009V,UK124C,2016,7112.0,,,UK124C,UK,,2016,foreign_population,Population by citizenship - foreigners
A,DE2009V,UK124C,2017,6282.0,,,UK124C,UK,,2017,foreign_population,Population by citizenship - foreigners
A,DE2009V,UK124C,2018,5386.0,,,UK124C,UK,,2018,foreign_population,Population by citizenship - foreigners
A,DE2009V,UK125C,2015,25622.0,,,UK125C,UK,,2015,foreign_population,Population by citizenship - foreigners
A,DE2009V,UK125C,2016,21770.0,,,UK125C,UK,,2016,foreign_population,Population by citizenship - foreigners
A,DE2009V,UK125C,2017,21288.0,,,UK125C,UK,,2017,foreign_population,Population by citizenship - foreigners
A,DE2009V,UK125C,2018,26301.0,,,UK125C,UK,,2018,foreign_population,Population by citizenship - foreigners
A,DE2009V,UK126C,2015,27154.0,,,UK126C,UK,,2015,foreign_population,Population by citizenship - foreigners
A,DE2009V,UK126C,2016,23950.0,,,UK126C,UK,,2016,foreign_population,Population by citizenship - foreigners
A,DE2009V,UK126C,2017,19854.0,,,UK126C,UK,,2017,foreign_population,Population by citizenship - foreigners
A,DE2009V,UK126C,2018,26663.0,,,UK126C,UK,,2018,foreign_population,Population by citizenship - foreigners
A,DE2009V,UK127C,2015,5235.0,,,UK127C,UK,,2015,foreign_population,Population by citizenship - foreigners
A,DE2009V,UK127C,2016,6908.0,,,UK127C,UK,,2016,foreign_population,Population by citizenship - foreigners
A,DE2009V,UK127C,2017,6365.0,,,UK127C,UK,,2017,foreign_population,Population by citizenship - foreigners
A,DE2009V,UK127C,2018,7871.0,,,UK127C,UK,,2018,foreign_population,Population by citizenship - foreigners
A,DE2009V,UK128C,2015,6771.0,,,UK128C,UK,,2015,foreign_population,Population by citizenship - foreigners
A,DE2009V,UK128C,2016,7891.0,,,UK128C,UK,,2016,foreign_population,Population by citizenship - foreigners
A,DE2009V,UK128C,2017,8280.0,,,UK128C,UK,,2017,foreign_population,Population by citizenship - foreigners
A,DE2009V,UK128C,2018,11589.0,,,UK128C,UK,,2018,foreign_population,Population by citizenship - foreigners
A,DE2009V,UK129C,2015,9601.0,,,UK129C,UK,,2015,foreign_population,Population by citizenship - foreigners
A,DE2009V,UK129C,2016,7199.0,,,UK129C,UK,,2016,foreign_population,Population by citizenship - foreigners
A,DE2009V,UK129C,2017,20896.0,,,UK129C,UK,,2017,foreign_population,Population by citizenship - foreigners
A,DE2009V,UK129C,2018,14055.0,,,UK129C,UK,,2018,foreign_population,Population by citizenship - foreigners
A,DE2009V,UK130C,2015,14242.0,,,UK130C,UK,,2015,foreign_population,Population by citizenship - foreigners
A,DE2009V,UK130C,2016,17418.0,,,UK130C,UK,,2016,foreign_population,Population by citizenship - foreigners
A,DE2009V,UK130C,2017,17024.0,,,UK130C,UK,,2017,foreign_population,Population by citizenship - foreigners
A,DE2009V,UK130C,2018,14811.0,,,UK130C,UK,,2018,foreign_population,Population by citizenship - foreigners
A,DE2009V,UK131C,2015,14410.0,,,UK131C,UK,,2015,foreign_population,Population by citizenship - foreigners
A,DE2009V,UK131C,2016,12362.0,,,UK131C,UK,,2016,foreign_population,Population by citizenship - foreigners
A,DE2009V,UK131C,2017,16103.0,,,UK131C,UK,,2017,foreign_population,Population by citizenship - foreigners
A,DE2009V,UK131C,2018,14609.0,,,UK131C,UK,,2018,foreign_population,Population by citizenship - foreigners
A,DE2009V,UK132C,2015,9050.0,,,UK132C,UK,,2015,foreign_population,Population by citizenship - foreigners
A,DE2009V,UK132C,2016,6851.0,,,UK132C,UK,,2016,foreign_population,Population by citizenship - foreigners
A,DE2009V,UK132C,2017,14806.0,,,UK132C,UK,,2017,foreign_population,Population by citizenship - foreigners
A,DE2009V,UK132C,2018,16672.0,,,UK132C,UK,,2018,foreign_population,Population by citizenship - foreigners
A,DE2009V,UK133C,2015,1640.0,,,UK133C,UK,,2015,foreign_population,Population by citizenship - foreigners
A,DE2009V,UK133C,2016,1659.0,,,UK133C,UK,,2016,foreign_population,Population by citizenship - foreigners
A,DE2009V,UK133C,2017,1411.0,,,UK133C,UK,,2017,foreign_population,Population by citizenship - foreigners
A,DE2009V,UK133C,2018,2197.0,,,UK133C,UK,,2018,foreign_population,Population by citizenship - foreigners
A,DE2009V,UK134C,2015,8749.0,,,UK134C,UK,,2015,foreign_population,Population by citizenship - foreigners
A,DE2009V,UK134C,2016,11702.0,,,UK134C,UK,,2016,foreign_population,Population by citizenship - foreigners
A,DE2009V,UK134C,2017,10538.0,,,UK134C,UK,,2017,foreign_population,Population by citizenship - foreigners
A,DE2009V,UK134C,2018,9580.0,,,UK134C,UK,,2018,foreign_population,Population by citizenship - foreigners
