freq,indic_ur,location_code,time_period,obs_value,obs_flag,conf_status,city_name,country_code,country_name,year,indicator,indicator_desc
A,TE1026V,BE001C,2015,103456.0,,,BE001C,BE,,2015,higher_ed_students,Students in higher education (ISCED 5-8)
A,TE1026V,BE001C,2016,106866.0,,,BE001C,BE,,2016,higher_ed_students,Students in higher education (ISCED 5-8)
A,TE1026V,BE001C,2017,107422.0,,,BE001C,BE,,2017,higher_ed_students,Students in higher education (ISCED 5-8)
A,TE1026V,BE001C,2019,111696.0,,,BE001C,BE,,2019,higher_ed_students,Students in higher education (ISCED 5-8)
A,TE1026V,BE001C,2020,115909.0,,,BE001C,BE,,2020,higher_ed_students,Students in higher education (ISCED 5-8)
A,TE1026V,BE001C,2021,122438.0,,,BE001C,BE,,2021,higher_ed_students,Students in higher education (ISCED 5-8)
A,TE1026V,BE001C,2022,126538.0,,,BE001C,BE,,2022,higher_ed_students,Students in higher education (ISCED 5-8)
A,TE1026V,BE002C,2015,45354.0,,,BE002C,BE,,2015,higher_ed_students,Students in higher education (ISCED 5-8)
A,TE1026V,BE002C,2016,45764.0,,,BE002C,BE,,2016,higher_ed_students,Students in higher education (ISCED 5-8)
A,TE1026V,BE002C,2017,52661.0,,,BE002C,BE,,2017,higher_ed_students,Students in higher education (ISCED 5-8)
A,TE1026V,BE002C,2019,50076.0,,,BE002C,BE,,2019,higher_ed_students,Students in higher education (ISCED 5-8)
A,TE1026V,BE002C,2020,53346.0,,,BE002C,BE,,2020,higher_ed_students,Students in higher education (ISCED 5-8)
A,TE1026V,BE002C,2021,54850.0,,,BE002C,BE,,2021,higher_ed_students,Students in higher education (ISCED 5-8)
A,TE1026V,BE002C,2022,55479.0,,,BE002C,BE,,2022,higher_ed_students,Students in higher education (ISCED 5-8)
A,TE1026V,BE002C,2023,56487.0,,,BE002C,BE,,2023,higher_ed_students,Students in higher education (ISCED 5-8)
A,TE1026V,BE003C,2015,80956.0,,,BE003C,BE,,2015,higher_ed_students,Students in higher education (ISCED 5-8)
A,TE1026V,BE003C,2016,81114.0,,,BE003C,BE,,2016,higher_ed_students,Students in higher education (ISCED 5-8)
A,TE1026V,BE003C,2017,85382.0,,,BE003C,BE,,2017,higher_ed_students,Students in higher education (ISCED 5-8)
A,TE1026V,BE003C,2019,81627.0,,,BE003C,BE,,2019,higher_ed_students,Students in higher education (ISCED 5-8)
A,TE1026V,BE003C,2020,85328.0,,,BE003C,BE,,2020,higher_ed_students,Students in higher education (ISCED 5-8)
A,TE1026V,BE003C,2021,88577.0,,,BE003C,BE,,2021,higher_ed_students,Students in higher education (ISCED 5-8)
A,TE1026V,BE003C,2022,90857.0,,,BE003C,BE,,2022,higher_ed_students,Students in higher education (ISCED 5-8)
A,TE1026V,BE003C,2023,91949.0,,,BE003C,BE,,2023,higher_ed_students,Students in higher education (ISCED 5-8)
A,TE1026V,BE004C,2015,5285.0,,,BE004C,BE,,2015,higher_ed_students,Students in higher education (ISCED 5-8)
A,TE1026V,BE004C,2016,5556.0,,,BE004C,BE,,2016,higher_ed_students,Students in higher education (ISCED 5-8)
A,TE1026V,BE004C,2017,6132.0,,,BE004C,BE,,2017,higher_ed_students,Students in higher education (ISCED 5-8)
A,TE1026V,BE004C,2019,6089.0,,,BE004C,BE,,2019,higher_ed_students,Students in higher education (ISCED 5-8)
A,TE1026V,BE004C,2020,7736.0,,,BE004C,BE,,2020,higher_ed_students,Students in higher education (ISCED 5-8)
A,TE1026V,BE004C,2021,7945.0,,,BE004C,BE,,2021,higher_ed_students,Students in higher education (ISCED 5-8)
A,TE1026V,BE004C,2022,7241.0,,,BE004C,BE,,2022,higher_ed_students,Students in higher education (ISCED 5-8)
A,TE1026V,BE005C,2015,41184.0,,,BE005C,BE,,2015,higher_ed_students,Students in higher education (ISCED 5-8)
A,TE1026V,BE005C,2016,42340.0,,,BE005C,BE,,2016,higher_ed_students,Students in higher education (ISCED 5-8)
A,TE1026V,BE005C,2017,43513.0,,,BE005C,BE,,2017,higher_ed_students,Students in higher education (ISCED 5-8)
A,TE1026V,BE005C,2019,44722.0,,,BE005C,BE,,2019,higher_ed_students,Students in higher education (ISCED 5-8)
A,TE1026V,BE005C,2020,42853.0,,,BE005C,BE,,2020,higher_ed_students,Students in higher education (ISCED 5-8)
A,TE1026V,BE005C,2021,49033.0,,,BE005C,BE,,2021,higher_ed_students,Students in higher education (ISCED 5-8)
A,TE1026V,BE005C,2022,48819.0,,,BE005C,BE,,2022,higher_ed_students,Students in higher education (ISCED 5-8)
A,TE1026V,BE006C,2015,6649.0,,,BE006C,BE,,2015,higher_ed_students,Students in higher education (ISCED 5-8)
A,TE1026V,BE006C,2016,6900.0,,,BE006C,BE,,2016,higher_ed_students,Students in higher education (ISCED 5-8)
A,TE1026V,BE006C,2017,7391.0,,,BE006C,BE,,2017,higher_ed_students,Students in higher education (ISCED 5-8)
A,TE1026V,BE006C,2019,7230.0,,,BE006C,BE,,2019,higher_ed_students,Students in higher education (ISCED 5-8)
A,TE1026V,BE006C,2020,4176.0,,,BE006C,BE,,2020,higher_ed_students,Students in higher education (ISCED 5-8)
A,TE1026V,BE006C,2021,4299.0,,,BE006C,BE,,2021,higher_ed_students,Students in higher education (ISCED 5-8)
A,TE1026V,BE006C,2022,4191.0,,,BE006C,BE,,2022,higher_ed_students,Students in higher education (ISCED 5-8)
A,TE1026V,BE006C,2023,4251.0,,,BE006C,BE,,2023,higher_ed_students,Students in higher education (ISCED 5-8)
A,TE1026V,BE007C,2015,14926.0,,,BE007C,BE,,2015,higher_ed_students,Students in higher education (ISCED 5-8)
A,TE1026V,BE007C,2016,14948.0,,,BE007C,BE,,2016,higher_ed_students,Students in higher education (ISCED 5-8)
A,TE1026V,BE007C,2017,15878.0,,,BE007C,BE,,2017,higher_ed_students,Students in higher education (ISCED 5-8)
A,TE1026V,BE007C,2019,16261.0,,,BE007C,BE,,2019,higher_ed_students,Students in higher education (ISCED 5-8)
A,TE1026V,BE007C,2020,16261.0,,,BE007C,BE,,2020,higher_ed_students,Students in higher education (ISCED 5-8)
A,TE1026V,BE007C,2021,16261.0,,,BE007C,BE,,2021,higher_ed_students,Students in higher education (ISCED 5-8)
A,TE1026V,BE007C,2022,15623.0,,,BE007C,BE,,2022,higher_ed_students,Students in higher education (ISCED 5-8)
A,TE1026V,BE008C,2015,54830.0,,,BE008C,BE,,2015,higher_ed_students,Students in higher education (ISCED 5-8)
A,TE1026V,BE008C,2016,53660.0,,,BE008C,BE,,2016,higher_ed_students,Students in higher education (ISCED 5-8)
A,TE1026V,BE008C,2017,56989.0,,,BE008C,BE,,2017,higher_ed_students,Students in higher education (ISCED 5-8)
A,TE1026V,BE008C,2019,53601.0,,,BE008C,BE,,2019,higher_ed_students,Students in higher education (ISCED 5-8)
A,TE1026V,BE008C,2020,55697.0,,,BE008C,BE,,2020,higher_ed_students,Students in higher education (ISCED 5-8)
A,TE1026V,BE008C,2021,57422.0,,,BE008C,BE,,2021,higher_ed_students,Students in higher education (ISCED 5-8)
A,TE1026V,BE008C,2022,58867.0,,,BE008C,BE,,2022,higher_ed_students,Students in higher education (ISCED 5-8)
A,TE1026V,BE008C,2023,59835.0,,,BE008C,BE,,2023,higher_ed_students,Students in higher education (ISCED 5-8)
A,TE1026V,BE009C,2015,13878.0,,,BE009C,BE,,2015,higher_ed_students,Students in higher education (ISCED 5-8)
A,TE1026V,BE009C,2016,14521.0,,,BE009C,BE,,2016,higher_ed_students,Students in higher education (ISCED 5-8)
A,TE1026V,BE009C,2017,14111.0,,,BE009C,BE,,2017,higher_ed_students,Students in higher education (ISCED 5-8)
A,TE1026V,BE009C,2019,17032.0,,,BE009C,BE,,2019,higher_ed_students,Students in higher education (ISCED 5-8)
A,TE1026V,BE009C,2020,16986.0,,,BE009C,BE,,2020,higher_ed_students,Students in higher education (ISCED 5-8)
A,TE1026V,BE009C,2021,18171.0,,,BE009C,BE,,2021,higher_ed_students,Students in higher education (ISCED 5-8)
A,TE1026V,BE009C,2022,19333.0,,,BE009C,BE,,2022,higher_ed_students,Students in higher education (ISCED 5-8)
A,TE1026V,BE010C,2015,10452.0,,,BE010C,BE,,2015,higher_ed_students,Students in higher education (ISCED 5-8)
A,TE1026V,BE010C,2016,10755.0,,,BE010C,BE,,2016,higher_ed_students,Students in higher education (ISCED 5-8)
A,TE1026V,BE010C,2017,11302.0,,,BE010C,BE,,2017,higher_ed_students,Students in higher education (ISCED 5-8)
A,TE1026V,BE010C,2019,13956.0,,,BE010C,BE,,2019,higher_ed_students,Students in higher education (ISCED 5-8)
A,TE1026V,BE010C,2020,14233.0,,,BE010C,BE,,2020,higher_ed_students,Students in higher education (ISCED 5-8)
A,TE1026V,BE010C,2021,14945.0,,,BE010C,BE,,2021,higher_ed_students,Students in higher education (ISCED 5-8)
A,TE1026V,BE010C,2022,14713.0,,,BE010C,BE,,2022,higher_ed_students,Students in higher education (ISCED 5-8)
A,TE1026V,BE010C,2023,14851.0,,,BE010C,BE,,2023,higher_ed_students,Students in higher education (ISCED 5-8)
A,TE1026V,BE011C,2015,859.0,,,BE011C,BE,,2015,higher_ed_students,Students in higher education (ISCED 5-8)
A,TE1026V,BE011C,2016,906.0,,,BE011C,BE,,2016,higher_ed_students,Students in higher education (ISCED 5-8)
A,TE1026V,BE011C,2017,830.0,,,BE011C,BE,,2017,higher_ed_students,Students in higher education (ISCED 5-8)
A,TE1026V,BE011C,2019,262.0,,,BE011C,BE,,2019,higher_ed_students,Students in higher education (ISCED 5-8)
A,TE1026V,BE011C,2020,299.0,,,BE011C,BE,,2020,higher_ed_students,Students in higher education (ISCED 5-8)
A,TE1026V,BE011C,2021,338.0,,,BE011C,BE,,2021,higher_ed_students,Students in higher education (ISCED 5-8)
A,TE1026V,BE011C,2022,331.0,,,BE011C,BE,,2022,higher_ed_students,Students in higher education (ISCED 5-8)
A,TE1026V,BE011C,2023,327.0,,,BE011C,BE,,2023,higher_ed_students,Students in higher education (ISCED 5-8)
A,TE1026V,BE012C,2021,6897.0,,,BE012C,BE,,2021,higher_ed_students,Students in higher education (ISCED 5-8)
A,TE1026V,BE012C,2022,6690.0,,,BE012C,BE,,2022,higher_ed_students,Students in higher education (ISCED 5-8)
A,TE1026V,BE012C,2023,6656.0,,,BE012C,BE,,2023,higher_ed_students,Students in higher education (ISCED 5-8)
A,TE1026V,BE013C,2021,243.0,,,BE013C,BE,,2021,higher_ed_students,Students in higher education (ISCED 5-8)
A,TE1026V,BE013C,2022,255.0,,,BE013C,BE,,2022,higher_ed_students,Students in higher education (ISCED 5-8)
A,TE1026V,BE014C,2021,695.0,,,BE014C,BE,,2021,higher_ed_students,Students in higher education (ISCED 5-8)
A,TE1026V,BE014C,2022,654.0,,,BE014C,BE,,2022,higher_ed_students,Students in higher education (ISCED 5-8)
A,TE1026V,BE015C,2021,722.0,,,BE015C,BE,,2021,higher_ed_students,Students in higher education (ISCED 5-8)
A,TE1026V,BE015C,2022,725.0,,,BE015C,BE,,2022,higher_ed_students,Students in higher education (ISCED 5-8)
A,TE1026V,BG,2015,278953.0,,,BG,BG,,2015,higher_ed_students,Students in higher education (ISCED 5-8)
A,TE1026V,BG,2016,266707.0,,,BG,BG,,2016,higher_ed_students,Students in higher education (ISCED 5-8)
A,TE1026V,BG,2017,249937.0,,,BG,BG,,2017,higher_ed_students,Students in higher education (ISCED 5-8)
A,TE1026V,BG,2018,236335.0,,,BG,BG,,2018,higher_ed_students,Students in higher education (ISCED 5-8)
A,TE1026V,BG,2019,229464.0,,,BG,BG,,2019,higher_ed_students,Students in higher education (ISCED 5-8)
A,TE1026V,BG,2020,226608.0,,,BG,BG,,2020,higher_ed_students,Students in higher education (ISCED 5-8)
A,TE1026V,BG001C,2015,112882.0,,,BG001C,BG,,2015,higher_ed_students,Students in higher education (ISCED 5-8)
A,TE1026V,BG001C,2016,109757.0,,,BG001C,BG,,2016,higher_ed_students,Students in higher education (ISCED 5-8)
A,TE1026V,BG001C,2017,105656.0,,,BG001C,BG,,2017,higher_ed_students,Students in higher education (ISCED 5-8)
A,TE1026V,BG001C,2018,101914.0,,,BG001C,BG,,2018,higher_ed_students,Students in higher education (ISCED 5-8)
A,TE1026V,BG001C,2019,101155.0,,,BG001C,BG,,2019,higher_ed_students,Students in higher education (ISCED 5-8)
A,TE1026V,BG001C,2020,98554.0,,,BG001C,BG,,2020,higher_ed_students,Students in higher education (ISCED 5-8)
A,TE1026V,BG001C,2021,97435.0,,,BG001C,BG,,2021,higher_ed_students,Students in higher education (ISCED 5-8)
A,TE1026V,BG001C,2022,97153.0,,,BG001C,BG,,2022,higher_ed_students,Students in higher education (ISCED 5-8)
A,TE1026V,BG002C,2015,41090.0,,,BG002C,BG,,2015,higher_ed_students,Students in higher education (ISCED 5-8)
A,TE1026V,BG002C,2016,39310.0,,,BG002C,BG,,2016,higher_ed_students,Students in higher education (ISCED 5-8)
A,TE1026V,BG002C,2017,37396.0,,,BG002C,BG,,2017,higher_ed_students,Students in higher education (ISCED 5-8)
A,TE1026V,BG002C,2018,35164.0,,,BG002C,BG,,2018,higher_ed_students,Students in higher education (ISCED 5-8)
A,TE1026V,BG002C,2019,34707.0,,,BG002C,BG,,2019,higher_ed_students,Students in higher education (ISCED 5-8)
A,TE1026V,BG002C,2020,35334.0,,,BG002C,BG,,2020,higher_ed_students,Students in higher education (ISCED 5-8)
A,TE1026V,BG002C,2021,35906.0,,,BG002C,BG,,2021,higher_ed_students,Students in higher education (ISCED 5-8)
A,TE1026V,BG002C,2022,36071.0,,,BG002C,BG,,2022,higher_ed_students,Students in higher education (ISCED 5-8)
A,TE1026V,BG003C,2015,31354.0,,,BG003C,BG,,2015,higher_ed_students,Students in higher education (ISCED 5-8)
A,TE1026V,BG003C,2016,30692.0,,,BG003C,BG,,2016,higher_ed_students,Students in higher education (ISCED 5-8)
A,TE1026V,BG003C,2017,27471.0,,,BG003C,BG,,2017,higher_ed_students,Students in higher education (ISCED 5-8)
A,TE1026V,BG003C,2018,25577.0,,,BG003C,BG,,2018,higher_ed_students,Students in higher education (ISCED 5-8)
A,TE1026V,BG003C,2019,24624.0,,,BG003C,BG,,2019,higher_ed_students,Students in higher education (ISCED 5-8)
A,TE1026V,BG003C,2020,24521.0,,,BG003C,BG,,2020,higher_ed_students,Students in higher education (ISCED 5-8)
A,TE1026V,BG003C,2021,24291.0,,,BG003C,BG,,2021,higher_ed_students,Students in higher education (ISCED 5-8)
A,TE1026V,BG003C,2022,24294.0,,,BG003C,BG,,2022,higher_ed_students,Students in higher education (ISCED 5-8)
A,TE1026V,BG004C,2015,9035.0,,,BG004C,BG,,2015,higher_ed_students,Students in higher education (ISCED 5-8)
A,TE1026V,BG004C,2016,8247.0,,,BG004C,BG,,2016,higher_ed_students,Students in higher education (ISCED 5-8)
A,TE1026V,BG004C,2017,7180.0,,,BG004C,BG,,2017,higher_ed_students,Students in higher education (ISCED 5-8)
A,TE1026V,BG004C,2018,6580.0,,,BG004C,BG,,2018,higher_ed_students,Students in higher education (ISCED 5-8)
A,TE1026V,BG004C,2019,5971.0,,,BG004C,BG,,2019,higher_ed_students,Students in higher education (ISCED 5-8)
A,TE1026V,BG004C,2020,6088.0,,,BG004C,BG,,2020,higher_ed_students,Students in higher education (ISCED 5-8)
A,TE1026V,BG004C,2021,6205.0,,,BG004C,BG,,2021,higher_ed_students,Students in higher education (ISCED 5-8)
A,TE1026V,BG004C,2022,7029.0,,,BG004C,BG,,2022,higher_ed_students,Students in higher education (ISCED 5-8)
A,TE1026V,BG005C,2015,1946.0,,,BG005C,BG,,2015,higher_ed_students,Students in higher education (ISCED 5-8)
A,TE1026V,BG005C,2016,2208.0,,,BG005C,BG,,2016,higher_ed_students,Students in higher education (ISCED 5-8)
A,TE1026V,BG005C,2017,2422.0,,,BG005C,BG,,2017,higher_ed_students,Students in higher education (ISCED 5-8)
A,TE1026V,BG005C,2018,2739.0,,,BG005C,BG,,2018,higher_ed_students,Students in higher education (ISCED 5-8)
A,TE1026V,BG005C,2019,3007.0,,,BG005C,BG,,2019,higher_ed_students,Students in higher education (ISCED 5-8)
A,TE1026V,BG005C,2020,3459.0,,,BG005C,BG,,2020,higher_ed_students,Students in higher education (ISCED 5-8)
A,TE1026V,BG005C,2021,3427.0,,,BG005C,BG,,2021,higher_ed_students,Students in higher education (ISCED 5-8)
A,TE1026V,BG005C,2022,3436.0,,,BG005C,BG,,2022,higher_ed_students,Students in higher education (ISCED 5-8)
A,TE1026V,BG006C,2015,9671.0,,,BG006C,BG,,2015,higher_ed_students,Students in higher education (ISCED 5-8)
A,TE1026V,BG006C,2016,8625.0,,,BG006C,BG,,2016,higher_ed_students,Students in higher education (ISCED 5-8)
A,TE1026V,BG006C,2017,7825.0,,,BG006C,BG,,2017,higher_ed_students,Students in higher education (ISCED 5-8)
A,TE1026V,BG006C,2018,7073.0,,,BG006C,BG,,2018,higher_ed_students,Students in higher education (ISCED 5-8)
A,TE1026V,BG006C,2019,6523.0,,,BG006C,BG,,2019,higher_ed_students,Students in higher education (ISCED 5-8)
A,TE1026V,BG006C,2020,6316.0,,,BG006C,BG,,2020,higher_ed_students,Students in higher education (ISCED 5-8)
A,TE1026V,BG006C,2021,6291.0,,,BG006C,BG,,2021,higher_ed_students,Students in higher education (ISCED 5-8)
A,TE1026V,BG006C,2022,5956.0,,,BG006C,BG,,2022,higher_ed_students,Students in higher education (ISCED 5-8)
A,TE1026V,BG007C,2015,0.0,,,BG007C,BG,,2015,higher_ed_students,Students in higher education (ISCED 5-8)
A,TE1026V,BG007C,2016,0.0,,,BG007C,BG,,2016,higher_ed_students,Students in higher education (ISCED 5-8)
A,TE1026V,BG007C,2017,0.0,,,BG007C,BG,,2017,higher_ed_students,Students in higher education (ISCED 5-8)
A,TE1026V,BG007C,2018,203.0,,,BG007C,BG,,2018,higher_ed_students,Students in higher education (ISCED 5-8)
A,TE1026V,BG007C,2019,326.0,,,BG007C,BG,,2019,higher_ed_students,Students in higher education (ISCED 5-8)
A,TE1026V,BG007C,2020,426.0,,,BG007C,BG,,2020,higher_ed_students,Students in higher education (ISCED 5-8)
A,TE1026V,BG007C,2021,448.0,,,BG007C,BG,,2021,higher_ed_students,Students in higher education (ISCED 5-8)
A,TE1026V,BG007C,2022,453.0,,,BG007C,BG,,2022,higher_ed_students,Students in higher education (ISCED 5-8)
A,TE1026V,BG008C,2015,5197.0,,,BG008C,BG,,2015,higher_ed_students,Students in higher education (ISCED 5-8)
A,TE1026V,BG008C,2016,5439.0,,,BG008C,BG,,2016,higher_ed_students,Students in higher education (ISCED 5-8)
A,TE1026V,BG008C,2017,5250.0,,,BG008C,BG,,2017,higher_ed_students,Students in higher education (ISCED 5-8)
A,TE1026V,BG008C,2018,5212.0,,,BG008C,BG,,2018,higher_ed_students,Students in higher education (ISCED 5-8)
A,TE1026V,BG008C,2019,5094.0,,,BG008C,BG,,2019,higher_ed_students,Students in higher education (ISCED 5-8)
A,TE1026V,BG008C,2020,5008.0,,,BG008C,BG,,2020,higher_ed_students,Students in higher education (ISCED 5-8)
A,TE1026V,BG008C,2021,5397.0,,,BG008C,BG,,2021,higher_ed_students,Students in higher education (ISCED 5-8)
A,TE1026V,BG008C,2022,5537.0,,,BG008C,BG,,2022,higher_ed_students,Students in higher education (ISCED 5-8)
A,TE1026V,BG009C,2015,952.0,,,BG009C,BG,,2015,higher_ed_students,Students in higher education (ISCED 5-8)
A,TE1026V,BG009C,2016,955.0,,,BG009C,BG,,2016,higher_ed_students,Students in higher education (ISCED 5-8)
A,TE1026V,BG009C,2017,974.0,,,BG009C,BG,,2017,higher_ed_students,Students in higher education (ISCED 5-8)
A,TE1026V,BG009C,2018,987.0,,,BG009C,BG,,2018,higher_ed_students,Students in higher education (ISCED 5-8)
A,TE1026V,BG009C,2019,978.0,,,BG009C,BG,,2019,higher_ed_students,Students in higher education (ISCED 5-8)
A,TE1026V,BG009C,2020,1232.0,,,BG009C,BG,,2020,higher_ed_students,Students in higher education (ISCED 5-8)
A,TE1026V,BG009C,2021,1579.0,,,BG009C,BG,,2021,higher_ed_students,Students in higher education (ISCED 5-8)
A,TE1026V,BG009C,2022,1544.0,,,BG009C,BG,,2022,higher_ed_students,Students in higher education (ISCED 5-8)
A,TE1026V,BG010C,2015,890.0,,,BG010C,BG,,2015,higher_ed_students,Students in higher education (ISCED 5-8)
A,TE1026V,BG010C,2016,716.0,,,BG010C,BG,,2016,higher_ed_students,Students in higher education (ISCED 5-8)
A,TE1026V,BG010C,2017,634.0,,,BG010C,BG,,2017,higher_ed_students,Students in higher education (ISCED 5-8)
A,TE1026V,BG010C,2018,614.0,,,BG010C,BG,,2018,higher_ed_students,Students in higher education (ISCED 5-8)
A,TE1026V,BG010C,2019,670.0,,,BG010C,BG,,2019,higher_ed_students,Students in higher education (ISCED 5-8)
A,TE1026V,BG010C,2020,656.0,,,BG010C,BG,,2020,higher_ed_students,Students in higher education (ISCED 5-8)
A,TE1026V,BG010C,2021,589.0,,,BG010C,BG,,2021,higher_ed_students,Students in higher education (ISCED 5-8)
A,TE1026V,BG010C,2022,637.0,,,BG010C,BG,,2022,higher_ed_students,Students in higher education (ISCED 5-8)
A,TE1026V,BG011C,2015,7496.0,,,BG011C,BG,,2015,higher_ed_students,Students in higher education (ISCED 5-8)
A,TE1026V,BG011C,2016,7034.0,,,BG011C,BG,,2016,higher_ed_students,Students in higher education (ISCED 5-8)
A,TE1026V,BG011C,2017,6276.0,,,BG011C,BG,,2017,higher_ed_students,Students in higher education (ISCED 5-8)
A,TE1026V,BG011C,2018,6418.0,,,BG011C,BG,,2018,higher_ed_students,Students in higher education (ISCED 5-8)
A,TE1026V,BG011C,2019,6327.0,,,BG011C,BG,,2019,higher_ed_students,Students in higher education (ISCED 5-8)
A,TE1026V,BG011C,2020,6743.0,,,BG011C,BG,,2020,higher_ed_students,Students in higher education (ISCED 5-8)
A,TE1026V,BG011C,2021,6710.0,,,BG011C,BG,,2021,higher_ed_students,Students in higher education (ISCED 5-8)
A,TE1026V,BG011C,2022,7083.0,,,BG011C,BG,,2022,higher_ed_students,Students in higher education (ISCED 5-8)
A,TE1026V,BG012C,2015,294.0,,,BG012C,BG,,2015,higher_ed_students,Students in higher education (ISCED 5-8)
A,TE1026V,BG012C,2016,216.0,,,BG012C,BG,,2016,higher_ed_students,Students in higher education (ISCED 5-8)
A,TE1026V,BG012C,2017,40.0,,,BG012C,BG,,2017,higher_ed_students,Students in higher education (ISCED 5-8)
A,TE1026V,BG012C,2018,65.0,,,BG012C,BG,,2018,higher_ed_students,Students in higher education (ISCED 5-8)
A,TE1026V,BG012C,2019,88.0,,,BG012C,BG,,2019,higher_ed_students,Students in higher education (ISCED 5-8)
A,TE1026V,BG012C,2020,62.0,,,BG012C,BG,,2020,higher_ed_students,Students in higher education (ISCED 5-8)
A,TE1026V,BG012C,2021,47.0,,,BG012C,BG,,2021,higher_ed_students,Students in higher education (ISCED 5-8)
A,TE1026V,BG012C,2022,53.0,,,BG012C,BG,,2022,higher_ed_students,Students in higher education (ISCED 5-8)
A,TE1026V,BG013C,2015,872.0,,,BG013C,BG,,2015,higher_ed_students,Students in higher education (ISCED 5-8)
A,TE1026V,BG013C,2016,796.0,,,BG013C,BG,,2016,higher_ed_students,Students in higher education (ISCED 5-8)
A,TE1026V,BG013C,2017,791.0,,,BG013C,BG,,2017,higher_ed_students,Students in higher education (ISCED 5-8)
A,TE1026V,BG013C,2018,771.0,,,BG013C,BG,,2018,higher_ed_students,Students in higher education (ISCED 5-8)
A,TE1026V,BG013C,2019,803.0,,,BG013C,BG,,2019,higher_ed_students,Students in higher education (ISCED 5-8)
A,TE1026V,BG013C,2020,796.0,,,BG013C,BG,,2020,higher_ed_students,Students in higher education (ISCED 5-8)
A,TE1026V,BG013C,2021,773.0,,,BG013C,BG,,2021,higher_ed_students,Students in higher education (ISCED 5-8)
A,TE1026V,BG013C,2022,681.0,,,BG013C,BG,,2022,higher_ed_students,Students in higher education (ISCED 5-8)
A,TE1026V,BG014C,2015,289.0,,,BG014C,BG,,2015,higher_ed_students,Students in higher education (ISCED 5-8)
A,TE1026V,BG014C,2016,257.0,,,BG014C,BG,,2016,higher_ed_students,Students in higher education (ISCED 5-8)
A,TE1026V,BG014C,2017,266.0,,,BG014C,BG,,2017,higher_ed_students,Students in higher education (ISCED 5-8)
A,TE1026V,BG014C,2018,969.0,,,BG014C,BG,,2018,higher_ed_students,Students in higher education (ISCED 5-8)
A,TE1026V,BG014C,2019,949.0,,,BG014C,BG,,2019,higher_ed_students,Students in higher education (ISCED 5-8)
A,TE1026V,BG014C,2020,946.0,,,BG014C,BG,,2020,higher_ed_students,Students in higher education (ISCED 5-8)
A,TE1026V,BG014C,2021,883.0,,,BG014C,BG,,2021,higher_ed_students,Students in higher education (ISCED 5-8)
A,TE1026V,BG014C,2022,917.0,,,BG014C,BG,,2022,higher_ed_students,Students in higher education (ISCED 5-8)
A,TE1026V,BG015C,2015,0.0,,,BG015C,BG,,2015,higher_ed_students,Students in higher education (ISCED 5-8)
A,TE1026V,BG015C,2016,0.0,,,BG015C,BG,,2016,higher_ed_students,Students in higher education (ISCED 5-8)
A,TE1026V,BG015C,2017,0.0,,,BG015C,BG,,2017,higher_ed_students,Students in higher education (ISCED 5-8)
A,TE1026V,BG015C,2018,0.0,,,BG015C,BG,,2018,higher_ed_students,Students in higher education (ISCED 5-8)
A,TE1026V,BG015C,2019,0.0,,,BG015C,BG,,2019,higher_ed_students,Students in higher education (ISCED 5-8)
A,TE1026V,BG015C,2020,0.0,,,BG015C,BG,,2020,higher_ed_students,Students in higher education (ISCED 5-8)
A,TE1026V,BG015C,2021,0.0,,,BG015C,BG,,2021,higher_ed_students,Students in higher education (ISCED 5-8)
A,TE1026V,BG015C,2022,0.0,,,BG015C,BG,,2022,higher_ed_students,Students in higher education (ISCED 5-8)
A,TE1026V,BG016C,2015,13422.0,,,BG016C,BG,,2015,higher_ed_students,Students in higher education (ISCED 5-8)
A,TE1026V,BG016C,2016,12397.0,,,BG016C,BG,,2016,higher_ed_students,Students in higher education (ISCED 5-8)
A,TE1026V,BG016C,2017,11149.0,,,BG016C,BG,,2017,higher_ed_students,Students in higher education (ISCED 5-8)
A,TE1026V,BG016C,2018,10318.0,,,BG016C,BG,,2018,higher_ed_students,Students in higher education (ISCED 5-8)
A,TE1026V,BG016C,2019,9816.0,,,BG016C,BG,,2019,higher_ed_students,Students in higher education (ISCED 5-8)
A,TE1026V,BG016C,2020,9353.0,,,BG016C,BG,,2020,higher_ed_students,Students in higher education (ISCED 5-8)
A,TE1026V,BG016C,2021,9249.0,,,BG016C,BG,,2021,higher_ed_students,Students in higher education (ISCED 5-8)
A,TE1026V,BG016C,2022,9071.0,,,BG016C,BG,,2022,higher_ed_students,Students in higher education (ISCED 5-8)
A,TE1026V,BG017C,2015,15337.0,,,BG017C,BG,,2015,higher_ed_students,Students in higher education (ISCED 5-8)
A,TE1026V,BG017C,2016,14109.0,,,BG017C,BG,,2016,higher_ed_students,Students in higher education (ISCED 5-8)
A,TE1026V,BG017C,2017,13596.0,,,BG017C,BG,,2017,higher_ed_students,Students in higher education (ISCED 5-8)
A,TE1026V,BG017C,2018,12087.0,,,BG017C,BG,,2018,higher_ed_students,Students in higher education (ISCED 5-8)
A,TE1026V,BG017C,2019,12052.0,,,BG017C,BG,,2019,higher_ed_students,Students in higher education (ISCED 5-8)
A,TE1026V,BG017C,2020,11946.0,,,BG017C,BG,,2020,higher_ed_students,Students in higher education (ISCED 5-8)
A,TE1026V,BG017C,2021,12288.0,,,BG017C,BG,,2021,higher_ed_students,Students in higher education (ISCED 5-8)
A,TE1026V,BG017C,2022,12303.0,,,BG017C,BG,,2022,higher_ed_students,Students in higher education (ISCED 5-8)
A,TE1026V,BG018C,2015,774.0,,,BG018C,BG,,2015,higher_ed_students,Students in higher education (ISCED 5-8)
A,TE1026V,BG018C,2016,867.0,,,BG018C,BG,,2016,higher_ed_students,Students in higher education (ISCED 5-8)
A,TE1026V,BG018C,2017,1033.0,,,BG018C,BG,,2017,higher_ed_students,Students in higher education (ISCED 5-8)
A,TE1026V,BG018C,2018,942.0,,,BG018C,BG,,2018,higher_ed_students,Students in higher education (ISCED 5-8)
A,TE1026V,BG018C,2019,946.0,,,BG018C,BG,,2019,higher_ed_students,Students in higher education (ISCED 5-8)
A,TE1026V,BG018C,2020,903.0,,,BG018C,BG,,2020,higher_ed_students,Students in higher education (ISCED 5-8)
A,TE1026V,BG018C,2021,895.0,,,BG018C,BG,,2021,higher_ed_students,Students in higher education (ISCED 5-8)
A,TE1026V,BG018C,2022,978.0,,,BG018C,BG,,2022,higher_ed_students,Students in higher education (ISCED 5-8)
A,TE1026V,CH001C,2015,31812.3,e,,CH001C,CH,,2015,higher_ed_students,Students in higher education (ISCED 5-8)
A,TE1026V,CH001C,2016,31364.4,e,,CH001C,CH,,2016,higher_ed_students,Students in higher education (ISCED 5-8)
A,TE1026V,CH001C,2017,33041.0,e,,CH001C,CH,,2017,higher_ed_students,Students in higher education (ISCED 5-8)
A,TE1026V,CH001C,2018,32273.8,e,,CH001C,CH,,2018,higher_ed_students,Students in higher education (ISCED 5-8)
A,TE1026V,CH001C,2019,36203.3,e,,CH001C,CH,,2019,higher_ed_students,Students in higher education (ISCED 5-8)
A,TE1026V,CH001C,2020,31471.7,e,,CH001C,CH,,2020,higher_ed_students,Students in higher education (ISCED 5-8)
A,TE1026V,CH001C,2021,30277.1,e,,CH001C,CH,,2021,higher_ed_students,Students in higher education (ISCED 5-8)
A,TE1026V,CH002C,2015,73170.0,e,,CH002C,CH,,2015,higher_ed_students,Students in higher education (ISCED 5-8)
A,TE1026V,CH002C,2016,74166.5,e,,CH002C,CH,,2016,higher_ed_students,Students in higher education (ISCED 5-8)
A,TE1026V,CH002C,2017,74831.5,e,,CH002C,CH,,2017,higher_ed_students,Students in higher education (ISCED 5-8)
A,TE1026V,CH002C,2018,79976.0,e,,CH002C,CH,,2018,higher_ed_students,Students in higher education (ISCED 5-8)
A,TE1026V,CH002C,2019,81324.0,e,,CH002C,CH,,2019,higher_ed_students,Students in higher education (ISCED 5-8)
A,TE1026V,CH002C,2020,72787.3,e,,CH002C,CH,,2020,higher_ed_students,Students in higher education (ISCED 5-8)
A,TE1026V,CH002C,2021,75792.1,e,,CH002C,CH,,2021,higher_ed_students,Students in higher education (ISCED 5-8)
A,TE1026V,CH003C,2015,22380.5,e,,CH003C,CH,,2015,higher_ed_students,Students in higher education (ISCED 5-8)
A,TE1026V,CH003C,2016,22632.5,e,,CH003C,CH,,2016,higher_ed_students,Students in higher education (ISCED 5-8)
A,TE1026V,CH003C,2017,22226.2,e,,CH003C,CH,,2017,higher_ed_students,Students in higher education (ISCED 5-8)
A,TE1026V,CH003C,2018,24286.8,e,,CH003C,CH,,2018,higher_ed_students,Students in higher education (ISCED 5-8)
A,TE1026V,CH003C,2019,25184.8,e,,CH003C,CH,,2019,higher_ed_students,Students in higher education (ISCED 5-8)
A,TE1026V,CH003C,2020,24903.0,e,,CH003C,CH,,2020,higher_ed_students,Students in higher education (ISCED 5-8)
A,TE1026V,CH003C,2021,24127.9,e,,CH003C,CH,,2021,higher_ed_students,Students in higher education (ISCED 5-8)
A,TE1026V,CH004C,2015,20649.7,e,,CH004C,CH,,2015,higher_ed_students,Students in higher education (ISCED 5-8)
A,TE1026V,CH004C,2016,20745.8,e,,CH004C,CH,,2016,higher_ed_students,Students in higher education (ISCED 5-8)
A,TE1026V,CH004C,2017,19916.7,e,,CH004C,CH,,2017,higher_ed_students,Students in higher education (ISCED 5-8)
A,TE1026V,CH004C,2018,21736.2,e,,CH004C,CH,,2018,higher_ed_students,Students in higher education (ISCED 5-8)
A,TE1026V,CH004C,2019,22687.2,e,,CH004C,CH,,2019,higher_ed_students,Students in higher education (ISCED 5-8)
A,TE1026V,CH004C,2020,20734.9,e,,CH004C,CH,,2020,higher_ed_students,Students in higher education (ISCED 5-8)
A,TE1026V,CH004C,2021,21129.5,e,,CH004C,CH,,2021,higher_ed_students,Students in higher education (ISCED 5-8)
A,TE1026V,CH005C,2015,17161.0,e,,CH005C,CH,,2015,higher_ed_students,Students in higher education (ISCED 5-8)
A,TE1026V,CH005C,2016,35064.7,e,,CH005C,CH,,2016,higher_ed_students,Students in higher education (ISCED 5-8)
A,TE1026V,CH005C,2017,37794.3,e,,CH005C,CH,,2017,higher_ed_students,Students in higher education (ISCED 5-8)
A,TE1026V,CH005C,2018,36675.1,e,,CH005C,CH,,2018,higher_ed_students,Students in higher education (ISCED 5-8)
A,TE1026V,CH005C,2019,39947.8,e,,CH005C,CH,,2019,higher_ed_students,Students in higher education (ISCED 5-8)
A,TE1026V,CH005C,2020,36399.9,e,,CH005C,CH,,2020,higher_ed_students,Students in higher education (ISCED 5-8)
A,TE1026V,CH005C,2021,39234.8,e,,CH005C,CH,,2021,higher_ed_students,Students in higher education (ISCED 5-8)
A,TE1026V,CH006C,2015,18056.9,e,,CH006C,CH,,2015,higher_ed_students,Students in higher education (ISCED 5-8)
A,TE1026V,CH006C,2016,18938.2,e,,CH006C,CH,,2016,higher_ed_students,Students in higher education (ISCED 5-8)
A,TE1026V,CH006C,2017,19037.5,e,,CH006C,CH,,2017,higher_ed_students,Students in higher education (ISCED 5-8)
A,TE1026V,CH006C,2018,18787.9,e,,CH006C,CH,,2018,higher_ed_students,Students in higher education (ISCED 5-8)
A,TE1026V,CH006C,2019,17895.5,e,,CH006C,CH,,2019,higher_ed_students,Students in higher education (ISCED 5-8)
A,TE1026V,CH006C,2020,17028.9,e,,CH006C,CH,,2020,higher_ed_students,Students in higher education (ISCED 5-8)
A,TE1026V,CH006C,2021,16811.1,e,,CH006C,CH,,2021,higher_ed_students,Students in higher education (ISCED 5-8)
A,TE1026V,CH007C,2016,13076.5,e,,CH007C,CH,,2016,higher_ed_students,Students in higher education (ISCED 5-8)
A,TE1026V,CH007C,2017,14228.9,e,,CH007C,CH,,2017,higher_ed_students,Students in higher education (ISCED 5-8)
A,TE1026V,CH007C,2018,14610.9,e,,CH007C,CH,,2018,higher_ed_students,Students in higher education (ISCED 5-8)
A,TE1026V,CH007C,2019,15356.0,e,,CH007C,CH,,2019,higher_ed_students,Students in higher education (ISCED 5-8)
A,TE1026V,CH007C,2020,13753.7,e,,CH007C,CH,,2020,higher_ed_students,Students in higher education (ISCED 5-8)
A,TE1026V,CH007C,2021,13670.8,e,,CH007C,CH,,2021,higher_ed_students,Students in higher education (ISCED 5-8)
A,TE1026V,CH008C,2015,3563.6,e,,CH008C,CH,,2015,higher_ed_students,Students in higher education (ISCED 5-8)
A,TE1026V,CH008C,2016,3533.6,e,,CH008C,CH,,2016,higher_ed_students,Students in higher education (ISCED 5-8)
A,TE1026V,CH008C,2017,3317.1,e,,CH008C,CH,,2017,higher_ed_students,Students in higher education (ISCED 5-8)
A,TE1026V,CH008C,2018,3611.3,e,,CH008C,CH,,2018,higher_ed_students,Students in higher education (ISCED 5-8)
A,TE1026V,CH008C,2019,3884.6,e,,CH008C,CH,,2019,higher_ed_students,Students in higher education (ISCED 5-8)
A,TE1026V,CH008C,2020,3201.7,e,,CH008C,CH,,2020,higher_ed_students,Students in higher education (ISCED 5-8)
A,TE1026V,CH008C,2021,2905.9,e,,CH008C,CH,,2021,higher_ed_students,Students in higher education (ISCED 5-8)
A,TE1026V,CH009C,2015,15244.0,,,CH009C,CH,,2015,higher_ed_students,Students in higher education (ISCED 5-8)
A,TE1026V,CH009C,2016,15325.1,e,,CH009C,CH,,2016,higher_ed_students,Students in higher education (ISCED 5-8)
A,TE1026V,CH009C,2017,15091.4,e,,CH009C,CH,,2017,higher_ed_students,Students in higher education (ISCED 5-8)
A,TE1026V,CH009C,2018,15646.6,e,,CH009C,CH,,2018,higher_ed_students,Students in higher education (ISCED 5-8)
A,TE1026V,CH009C,2019,16311.6,e,,CH009C,CH,,2019,higher_ed_students,Students in higher education (ISCED 5-8)
A,TE1026V,CH009C,2020,15194.2,e,,CH009C,CH,,2020,higher_ed_students,Students in higher education (ISCED 5-8)
A,TE1026V,CH009C,2021,14494.2,e,,CH009C,CH,,2021,higher_ed_students,Students in higher education (ISCED 5-8)
A,TE1026V,CZ,2015,326528.0,,,CZ,CZ,,2015,higher_ed_students,Students in higher education (ISCED 5-8)
A,TE1026V,CZ,2016,311168.0,,,CZ,CZ,,2016,higher_ed_students,Students in higher education (ISCED 5-8)
A,TE1026V,CZ,2017,299054.0,,,CZ,CZ,,2017,higher_ed_students,Students in higher education (ISCED 5-8)
A,TE1026V,CZ001C,2015,131503.0,,,CZ001C,CZ,,2015,higher_ed_students,Students in higher education (ISCED 5-8)
A,TE1026V,CZ001C,2016,132152.0,,,CZ001C,CZ,,2016,higher_ed_students,Students in higher education (ISCED 5-8)
A,TE1026V,CZ001C,2017,123466.0,,,CZ001C,CZ,,2017,higher_ed_students,Students in higher education (ISCED 5-8)
A,TE1026V,CZ002C,2015,68678.0,,,CZ002C,CZ,,2015,higher_ed_students,Students in higher education (ISCED 5-8)
A,TE1026V,CZ002C,2016,65849.0,,,CZ002C,CZ,,2016,higher_ed_students,Students in higher education (ISCED 5-8)
A,TE1026V,CZ002C,2017,62494.0,,,CZ002C,CZ,,2017,higher_ed_students,Students in higher education (ISCED 5-8)
A,TE1026V,CZ003C,2015,25002.0,,,CZ003C,CZ,,2015,higher_ed_students,Students in higher education (ISCED 5-8)
A,TE1026V,CZ003C,2016,22837.0,,,CZ003C,CZ,,2016,higher_ed_students,Students in higher education (ISCED 5-8)
A,TE1026V,CZ003C,2017,21043.0,,,CZ003C,CZ,,2017,higher_ed_students,Students in higher education (ISCED 5-8)
A,TE1026V,CZ004C,2015,13587.0,,,CZ004C,CZ,,2015,higher_ed_students,Students in higher education (ISCED 5-8)
A,TE1026V,CZ004C,2016,12925.0,,,CZ004C,CZ,,2016,higher_ed_students,Students in higher education (ISCED 5-8)
A,TE1026V,CZ004C,2017,12757.0,,,CZ004C,CZ,,2017,higher_ed_students,Students in higher education (ISCED 5-8)
A,TE1026V,CZ005C,2015,8700.0,,,CZ005C,CZ,,2015,higher_ed_students,Students in higher education (ISCED 5-8)
A,TE1026V,CZ005C,2016,7976.0,,,CZ005C,CZ,,2016,higher_ed_students,Students in higher education (ISCED 5-8)
A,TE1026V,CZ005C,2017,7596.0,,,CZ005C,CZ,,2017,higher_ed_students,Students in higher education (ISCED 5-8)
A,TE1026V,CZ006C,2015,21253.0,,,CZ006C,CZ,,2015,higher_ed_students,Students in higher education (ISCED 5-8)
A,TE1026V,CZ006C,2016,20576.0,,,CZ006C,CZ,,2016,higher_ed_students,Students in higher education (ISCED 5-8)
A,TE1026V,CZ006C,2017,20073.0,,,CZ006C,CZ,,2017,higher_ed_students,Students in higher education (ISCED 5-8)
A,TE1026V,CZ007C,2015,6611.0,,,CZ007C,CZ,,2015,higher_ed_students,Students in higher education (ISCED 5-8)
A,TE1026V,CZ007C,2016,6159.0,,,CZ007C,CZ,,2016,higher_ed_students,Students in higher education (ISCED 5-8)
A,TE1026V,CZ007C,2017,5782.0,,,CZ007C,CZ,,2017,higher_ed_students,Students in higher education (ISCED 5-8)
A,TE1026V,CZ008C,2015,14861.0,,,CZ008C,CZ,,2015,higher_ed_students,Students in higher education (ISCED 5-8)
A,TE1026V,CZ008C,2016,14329.0,,,CZ008C,CZ,,2016,higher_ed_students,Students in higher education (ISCED 5-8)
A,TE1026V,CZ008C,2017,13324.0,,,CZ008C,CZ,,2017,higher_ed_students,Students in higher education (ISCED 5-8)
A,TE1026V,CZ009C,2015,10574.0,,,CZ009C,CZ,,2015,higher_ed_students,Students in higher education (ISCED 5-8)
A,TE1026V,CZ009C,2016,9950.0,,,CZ009C,CZ,,2016,higher_ed_students,Students in higher education (ISCED 5-8)
A,TE1026V,CZ009C,2017,9578.0,,,CZ009C,CZ,,2017,higher_ed_students,Students in higher education (ISCED 5-8)
A,TE1026V,CZ010C,2015,8362.0,,,CZ010C,CZ,,2015,higher_ed_students,Students in higher education (ISCED 5-8)
A,TE1026V,CZ010C,2016,7706.0,,,CZ010C,CZ,,2016,higher_ed_students,Students in higher education (ISCED 5-8)
A,TE1026V,CZ010C,2017,7111.0,,,CZ010C,CZ,,2017,higher_ed_students,Students in higher education (ISCED 5-8)
A,TE1026V,CZ011C,2015,9425.0,,,CZ011C,CZ,,2015,higher_ed_students,Students in higher education (ISCED 5-8)
A,TE1026V,CZ011C,2016,8992.0,,,CZ011C,CZ,,2016,higher_ed_students,Students in higher education (ISCED 5-8)
A,TE1026V,CZ011C,2017,8657.0,,,CZ011C,CZ,,2017,higher_ed_students,Students in higher education (ISCED 5-8)
A,TE1026V,CZ012C,2015,0.0,,,CZ012C,CZ,,2015,higher_ed_students,Students in higher education (ISCED 5-8)
A,TE1026V,CZ012C,2016,0.0,,,CZ012C,CZ,,2016,higher_ed_students,Students in higher education (ISCED 5-8)
A,TE1026V,CZ012C,2017,0.0,,,CZ012C,CZ,,2017,higher_ed_students,Students in higher education (ISCED 5-8)
A,TE1026V,CZ013C,2015,428.0,,,CZ013C,CZ,,2015,higher_ed_students,Students in higher education (ISCED 5-8)
A,TE1026V,CZ013C,2016,0.0,,,CZ013C,CZ,,2016,higher_ed_students,Students in higher education (ISCED 5-8)
A,TE1026V,CZ013C,2017,0.0,,,CZ013C,CZ,,2017,higher_ed_students,Students in higher education (ISCED 5-8)
A,TE1026V,CZ014C,2015,2269.0,,,CZ014C,CZ,,2015,higher_ed_students,Students in higher education (ISCED 5-8)
A,TE1026V,CZ014C,2016,2183.0,,,CZ014C,CZ,,2016,higher_ed_students,Students in higher education (ISCED 5-8)
A,TE1026V,CZ014C,2017,2265.0,,,CZ014C,CZ,,2017,higher_ed_students,Students in higher education (ISCED 5-8)
A,TE1026V,CZ015C,2015,229.0,,,CZ015C,CZ,,2015,higher_ed_students,Students in higher education (ISCED 5-8)
A,TE1026V,CZ015C,2016,251.0,,,CZ015C,CZ,,2016,higher_ed_students,Students in higher education (ISCED 5-8)
A,TE1026V,CZ015C,2017,281.0,,,CZ015C,CZ,,2017,higher_ed_students,Students in higher education (ISCED 5-8)
A,TE1026V,CZ016C,2015,0.0,,,CZ016C,CZ,,2015,higher_ed_students,Students in higher education (ISCED 5-8)
A,TE1026V,CZ016C,2016,0.0,,,CZ016C,CZ,,2016,higher_ed_students,Students in higher education (ISCED 5-8)
A,TE1026V,CZ016C,2017,0.0,,,CZ016C,CZ,,2017,higher_ed_students,Students in higher education (ISCED 5-8)
A,TE1026V,CZ017C,2015,0.0,,,CZ017C,CZ,,2015,higher_ed_students,Students in higher education (ISCED 5-8)
A,TE1026V,CZ017C,2016,0.0,,,CZ017C,CZ,,2016,higher_ed_students,Students in higher education (ISCED 5-8)
A,TE1026V,CZ017C,2017,0.0,,,CZ017C,CZ,,2017,higher_ed_students,Students in higher education (ISCED 5-8)
A,TE1026V,CZ018C,2015,0.0,,,CZ018C,CZ,,2015,higher_ed_students,Students in higher education (ISCED 5-8)
A,TE1026V,CZ018C,2016,0.0,,,CZ018C,CZ,,2016,higher_ed_students,Students in higher education (ISCED 5-8)
A,TE1026V,DE,2015,2757799.0,,,DE,DE,,2015,higher_ed_students,Students in higher education (ISCED 5-8)
A,TE1026V,DE,2016,2807010.0,,,DE,DE,,2016,higher_ed_students,Students in higher education (ISCED 5-8)
A,TE1026V,DE,2017,2844978.0,,,DE,DE,,2017,higher_ed_students,Students in higher education (ISCED 5-8)
A,TE1026V,DE001C,2015,176253.0,,,DE001C,DE,,2015,higher_ed_students,Students in higher education (ISCED 5-8)
A,TE1026V,DE001C,2016,180582.0,,,DE001C,DE,,2016,higher_ed_students,Students in higher education (ISCED 5-8)
A,TE1026V,DE001C,2017,190693.0,,,DE001C,DE,,2017,higher_ed_students,Students in higher education (ISCED 5-8)
A,TE1026V,DE001C,2018,192129.0,,,DE001C,DE,,2018,higher_ed_students,Students in higher education (ISCED 5-8)
A,TE1026V,DE001C,2019,195799.0,,,DE001C,DE,,2019,higher_ed_students,Students in higher education (ISCED 5-8)
A,TE1026V,DE001C,2020,199421.0,,,DE001C,DE,,2020,higher_ed_students,Students in higher education (ISCED 5-8)
A,TE1026V,DE001C,2021,203869.0,,,DE001C,DE,,2021,higher_ed_students,Students in higher education (ISCED 5-8)
A,TE1026V,DE001C,2022,199593.0,,,DE001C,DE,,2022,higher_ed_students,Students in higher education (ISCED 5-8)
A,TE1026V,DE001C,2023,200440.0,,,DE001C,DE,,2023,higher_ed_students,Students in higher education (ISCED 5-8)
A,TE1026V,DE002C,2015,98412.0,,,DE002C,DE,,2015,higher_ed_students,Students in higher education (ISCED 5-8)
A,TE1026V,DE002C,2016,101660.0,,,DE002C,DE,,2016,higher_ed_students,Students in higher education (ISCED 5-8)
A,TE1026V,DE002C,2017,107912.0,,,DE002C,DE,,2017,higher_ed_students,Students in higher education (ISCED 5-8)
A,TE1026V,DE002C,2018,109843.0,,,DE002C,DE,,2018,higher_ed_students,Students in higher education (ISCED 5-8)
A,TE1026V,DE002C,2019,91525.0,,,DE002C,DE,,2019,higher_ed_students,Students in higher education (ISCED 5-8)
A,TE1026V,DE002C,2020,116393.0,,,DE002C,DE,,2020,higher_ed_students,Students in higher education (ISCED 5-8)
A,TE1026V,DE002C,2021,119110.0,,,DE002C,DE,,2021,higher_ed_students,Students in higher education (ISCED 5-8)
A,TE1026V,DE002C,2022,119425.0,,,DE002C,DE,,2022,higher_ed_students,Students in higher education (ISCED 5-8)
A,TE1026V,DE002C,2023,119245.0,,,DE002C,DE,,2023,higher_ed_students,Students in higher education (ISCED 5-8)
A,TE1026V,DE003C,2015,117971.0,,,DE003C,DE,,2015,higher_ed_students,Students in higher education (ISCED 5-8)
A,TE1026V,DE003C,2016,119954.0,,,DE003C,DE,,2016,higher_ed_students,Students in higher education (ISCED 5-8)
A,TE1026V,DE003C,2017,102957.0,,,DE003C,DE,,2017,higher_ed_students,Students in higher education (ISCED 5-8)
A,TE1026V,DE003C,2018,132688.0,,,DE003C,DE,,2018,higher_ed_students,Students in higher education (ISCED 5-8)
A,TE1026V,DE003C,2019,109118.0,,,DE003C,DE,,2019,higher_ed_students,Students in higher education (ISCED 5-8)
A,TE1026V,DE003C,2020,111528.0,,,DE003C,DE,,2020,higher_ed_students,Students in higher education (ISCED 5-8)
A,TE1026V,DE003C,2021,110884.0,,,DE003C,DE,,2021,higher_ed_students,Students in higher education (ISCED 5-8)
A,TE1026V,DE003C,2022,109755.0,,,DE003C,DE,,2022,higher_ed_students,Students in higher education (ISCED 5-8)
A,TE1026V,DE003C,2023,111946.0,,,DE003C,DE,,2023,higher_ed_students,Students in higher education (ISCED 5-8)
A,TE1026V,DE004C,2015,98504.0,,,DE004C,DE,,2015,higher_ed_students,Students in higher education (ISCED 5-8)
A,TE1026V,DE004C,2016,100541.0,,,DE004C,DE,,2016,higher_ed_students,Students in higher education (ISCED 5-8)
A,TE1026V,DE004C,2017,102020.0,,,DE004C,DE,,2017,higher_ed_students,Students in higher education (ISCED 5-8)
A,TE1026V,DE004C,2018,102934.0,,,DE004C,DE,,2018,higher_ed_students,Students in higher education (ISCED 5-8)
A,TE1026V,DE004C,2019,105217.0,,,DE004C,DE,,2019,higher_ed_students,Students in higher education (ISCED 5-8)
A,TE1026V,DE004C,2020,106643.0,,,DE004C,DE,,2020,higher_ed_students,Students in higher education (ISCED 5-8)
A,TE1026V,DE004C,2021,104345.0,,,DE004C,DE,,2021,higher_ed_students,Students in higher education (ISCED 5-8)
A,TE1026V,DE004C,2022,103202.0,,,DE004C,DE,,2022,higher_ed_students,Students in higher education (ISCED 5-8)
A,TE1026V,DE004C,2023,97562.0,,,DE004C,DE,,2023,higher_ed_students,Students in higher education (ISCED 5-8)
A,TE1026V,DE005C,2015,63747.0,,,DE005C,DE,,2015,higher_ed_students,Students in higher education (ISCED 5-8)
A,TE1026V,DE005C,2016,65504.0,,,DE005C,DE,,2016,higher_ed_students,Students in higher education (ISCED 5-8)
A,TE1026V,DE005C,2017,72004.0,,,DE005C,DE,,2017,higher_ed_students,Students in higher education (ISCED 5-8)
A,TE1026V,DE005C,2018,67809.0,,,DE005C,DE,,2018,higher_ed_students,Students in higher education (ISCED 5-8)
A,TE1026V,DE005C,2019,72591.0,,,DE005C,DE,,2019,higher_ed_students,Students in higher education (ISCED 5-8)
A,TE1026V,DE005C,2020,74181.0,,,DE005C,DE,,2020,higher_ed_students,Students in higher education (ISCED 5-8)
A,TE1026V,DE005C,2021,72951.0,,,DE005C,DE,,2021,higher_ed_students,Students in higher education (ISCED 5-8)
A,TE1026V,DE005C,2022,72240.0,,,DE005C,DE,,2022,higher_ed_students,Students in higher education (ISCED 5-8)
A,TE1026V,DE005C,2023,70127.0,,,DE005C,DE,,2023,higher_ed_students,Students in higher education (ISCED 5-8)
A,TE1026V,DE006C,2015,68123.0,,,DE006C,DE,,2015,higher_ed_students,Students in higher education (ISCED 5-8)
A,TE1026V,DE006C,2016,72062.0,,,DE006C,DE,,2016,higher_ed_students,Students in higher education (ISCED 5-8)
A,TE1026V,DE006C,2017,44703.0,e,,DE006C,DE,,2017,higher_ed_students,Students in higher education (ISCED 5-8)
A,TE1026V,DE006C,2018,32737.0,b,,DE006C,DE,,2018,higher_ed_students,Students in higher education (ISCED 5-8)
A,TE1026V,DE006C,2019,33408.0,,,DE006C,DE,,2019,higher_ed_students,Students in higher education (ISCED 5-8)
A,TE1026V,DE006C,2020,33127.0,,,DE006C,DE,,2020,higher_ed_students,Students in higher education (ISCED 5-8)
A,TE1026V,DE006C,2021,33053.0,,,DE006C,DE,,2021,higher_ed_students,Students in higher education (ISCED 5-8)
A,TE1026V,DE006C,2022,35039.0,,,DE006C,DE,,2022,higher_ed_students,Students in higher education (ISCED 5-8)
A,TE1026V,DE006C,2023,35272.0,,,DE006C,DE,,2023,higher_ed_students,Students in higher education (ISCED 5-8)
A,TE1026V,DE007C,2015,55599.0,,,DE007C,DE,,2015,higher_ed_students,Students in higher education (ISCED 5-8)
A,TE1026V,DE007C,2016,56046.0,,,DE007C,DE,,2016,higher_ed_students,Students in higher education (ISCED 5-8)
A,TE1026V,DE007C,2017,62728.0,,,DE007C,DE,,2017,higher_ed_students,Students in higher education (ISCED 5-8)
A,TE1026V,DE007C,2018,57130.0,,,DE007C,DE,,2018,higher_ed_students,Students in higher education (ISCED 5-8)
A,TE1026V,DE007C,2019,47763.0,,,DE007C,DE,,2019,higher_ed_students,Students in higher education (ISCED 5-8)
A,TE1026V,DE007C,2020,53355.0,,,DE007C,DE,,2020,higher_ed_students,Students in higher education (ISCED 5-8)
A,TE1026V,DE007C,2021,51902.0,,,DE007C,DE,,2021,higher_ed_students,Students in higher education (ISCED 5-8)
A,TE1026V,DE007C,2022,51578.0,,,DE007C,DE,,2022,higher_ed_students,Students in higher education (ISCED 5-8)
A,TE1026V,DE007C,2023,50650.0,,,DE007C,DE,,2023,higher_ed_students,Students in higher education (ISCED 5-8)
A,TE1026V,DE008C,2015,37257.0,,,DE008C,DE,,2015,higher_ed_students,Students in higher education (ISCED 5-8)
A,TE1026V,DE008C,2016,37878.0,,,DE008C,DE,,2016,higher_ed_students,Students in higher education (ISCED 5-8)
A,TE1026V,DE008C,2017,39097.0,,,DE008C,DE,,2017,higher_ed_students,Students in higher education (ISCED 5-8)
A,TE1026V,DE008C,2018,39136.0,,,DE008C,DE,,2018,higher_ed_students,Students in higher education (ISCED 5-8)
A,TE1026V,DE008C,2019,39099.0,,,DE008C,DE,,2019,higher_ed_students,Students in higher education (ISCED 5-8)
A,TE1026V,DE008C,2020,39374.0,,,DE008C,DE,,2020,higher_ed_students,Students in higher education (ISCED 5-8)
A,TE1026V,DE008C,2021,39483.0,,,DE008C,DE,,2021,higher_ed_students,Students in higher education (ISCED 5-8)
A,TE1026V,DE008C,2022,40556.0,,,DE008C,DE,,2022,higher_ed_students,Students in higher education (ISCED 5-8)
A,TE1026V,DE008C,2023,40606.0,,,DE008C,DE,,2023,higher_ed_students,Students in higher education (ISCED 5-8)
A,TE1026V,DE009C,2015,44162.0,,,DE009C,DE,,2015,higher_ed_students,Students in higher education (ISCED 5-8)
A,TE1026V,DE009C,2016,42624.0,,,DE009C,DE,,2016,higher_ed_students,Students in higher education (ISCED 5-8)
A,TE1026V,DE009C,2017,39172.0,,,DE009C,DE,,2017,higher_ed_students,Students in higher education (ISCED 5-8)
A,TE1026V,DE009C,2018,40268.0,,,DE009C,DE,,2018,higher_ed_students,Students in higher education (ISCED 5-8)
A,TE1026V,DE009C,2019,38477.0,,,DE009C,DE,,2019,higher_ed_students,Students in higher education (ISCED 5-8)
A,TE1026V,DE009C,2020,38665.0,,,DE009C,DE,,2020,higher_ed_students,Students in higher education (ISCED 5-8)
A,TE1026V,DE009C,2021,37741.0,,,DE009C,DE,,2021,higher_ed_students,Students in higher education (ISCED 5-8)
A,TE1026V,DE009C,2022,36829.0,,,DE009C,DE,,2022,higher_ed_students,Students in higher education (ISCED 5-8)
A,TE1026V,DE009C,2023,35487.0,,,DE009C,DE,,2023,higher_ed_students,Students in higher education (ISCED 5-8)
A,TE1026V,DE010C,2015,51037.0,,,DE010C,DE,,2015,higher_ed_students,Students in higher education (ISCED 5-8)
A,TE1026V,DE010C,2016,53312.0,,,DE010C,DE,,2016,higher_ed_students,Students in higher education (ISCED 5-8)
A,TE1026V,DE010C,2017,54221.0,,,DE010C,DE,,2017,higher_ed_students,Students in higher education (ISCED 5-8)
A,TE1026V,DE010C,2018,52647.0,b,,DE010C,DE,,2018,higher_ed_students,Students in higher education (ISCED 5-8)
A,TE1026V,DE010C,2019,53314.0,,,DE010C,DE,,2019,higher_ed_students,Students in higher education (ISCED 5-8)
A,TE1026V,DE010C,2020,53156.0,,,DE010C,DE,,2020,higher_ed_students,Students in higher education (ISCED 5-8)
A,TE1026V,DE010C,2021,53154.0,,,DE010C,DE,,2021,higher_ed_students,Students in higher education (ISCED 5-8)
A,TE1026V,DE010C,2022,52950.0,,,DE010C,DE,,2022,higher_ed_students,Students in higher education (ISCED 5-8)
A,TE1026V,DE010C,2023,49733.0,,,DE010C,DE,,2023,higher_ed_students,Students in higher education (ISCED 5-8)
A,TE1026V,DE011C,2015,48982.0,,,DE011C,DE,,2015,higher_ed_students,Students in higher education (ISCED 5-8)
A,TE1026V,DE011C,2016,52831.0,,,DE011C,DE,,2016,higher_ed_students,Students in higher education (ISCED 5-8)
A,TE1026V,DE011C,2017,56887.0,,,DE011C,DE,,2017,higher_ed_students,Students in higher education (ISCED 5-8)
A,TE1026V,DE011C,2018,60063.0,,,DE011C,DE,,2018,higher_ed_students,Students in higher education (ISCED 5-8)
A,TE1026V,DE011C,2019,62861.0,,,DE011C,DE,,2019,higher_ed_students,Students in higher education (ISCED 5-8)
A,TE1026V,DE011C,2020,62950.0,,,DE011C,DE,,2020,higher_ed_students,Students in higher education (ISCED 5-8)
A,TE1026V,DE011C,2021,62079.0,,,DE011C,DE,,2021,higher_ed_students,Students in higher education (ISCED 5-8)
A,TE1026V,DE011C,2022,62148.0,,,DE011C,DE,,2022,higher_ed_students,Students in higher education (ISCED 5-8)
A,TE1026V,DE011C,2023,56839.0,,,DE011C,DE,,2023,higher_ed_students,Students in higher education (ISCED 5-8)
A,TE1026V,DE012C,2015,36324.0,,,DE012C,DE,,2015,higher_ed_students,Students in higher education (ISCED 5-8)
A,TE1026V,DE012C,2016,36334.0,,,DE012C,DE,,2016,higher_ed_students,Students in higher education (ISCED 5-8)
A,TE1026V,DE012C,2017,34813.0,,,DE012C,DE,,2017,higher_ed_students,Students in higher education (ISCED 5-8)
A,TE1026V,DE012C,2018,37440.0,,,DE012C,DE,,2018,higher_ed_students,Students in higher education (ISCED 5-8)
A,TE1026V,DE012C,2019,34641.0,,,DE012C,DE,,2019,higher_ed_students,Students in higher education (ISCED 5-8)
A,TE1026V,DE012C,2020,34806.0,,,DE012C,DE,,2020,higher_ed_students,Students in higher education (ISCED 5-8)
A,TE1026V,DE012C,2021,34577.0,,,DE012C,DE,,2021,higher_ed_students,Students in higher education (ISCED 5-8)
A,TE1026V,DE012C,2022,34756.0,,,DE012C,DE,,2022,higher_ed_students,Students in higher education (ISCED 5-8)
A,TE1026V,DE012C,2023,34739.0,,,DE012C,DE,,2023,higher_ed_students,Students in higher education (ISCED 5-8)
A,TE1026V,DE013C,2015,45243.0,,,DE013C,DE,,2015,higher_ed_students,Students in higher education (ISCED 5-8)
A,TE1026V,DE013C,2016,46548.0,,,DE013C,DE,,2016,higher_ed_students,Students in higher education (ISCED 5-8)
A,TE1026V,DE013C,2017,49380.0,,,DE013C,DE,,2017,higher_ed_students,Students in higher education (ISCED 5-8)
A,TE1026V,DE013C,2018,51092.0,,,DE013C,DE,,2018,higher_ed_students,Students in higher education (ISCED 5-8)
A,TE1026V,DE013C,2019,51801.0,,,DE013C,DE,,2019,higher_ed_students,Students in higher education (ISCED 5-8)
A,TE1026V,DE013C,2020,51231.0,,,DE013C,DE,,2020,higher_ed_students,Students in higher education (ISCED 5-8)
A,TE1026V,DE013C,2021,50216.0,,,DE013C,DE,,2021,higher_ed_students,Students in higher education (ISCED 5-8)
A,TE1026V,DE013C,2022,48918.0,,,DE013C,DE,,2022,higher_ed_students,Students in higher education (ISCED 5-8)
A,TE1026V,DE013C,2023,47681.0,,,DE013C,DE,,2023,higher_ed_students,Students in higher education (ISCED 5-8)
A,TE1026V,DE014C,2015,24370.0,,,DE014C,DE,,2015,higher_ed_students,Students in higher education (ISCED 5-8)
A,TE1026V,DE014C,2016,24414.0,,,DE014C,DE,,2016,higher_ed_students,Students in higher education (ISCED 5-8)
A,TE1026V,DE014C,2017,26007.0,,,DE014C,DE,,2017,higher_ed_students,Students in higher education (ISCED 5-8)
A,TE1026V,DE014C,2018,25868.0,,,DE014C,DE,,2018,higher_ed_students,Students in higher education (ISCED 5-8)
A,TE1026V,DE014C,2019,26010.0,,,DE014C,DE,,2019,higher_ed_students,Students in higher education (ISCED 5-8)
A,TE1026V,DE014C,2020,27370.0,,,DE014C,DE,,2020,higher_ed_students,Students in higher education (ISCED 5-8)
A,TE1026V,DE014C,2021,27058.0,,,DE014C,DE,,2021,higher_ed_students,Students in higher education (ISCED 5-8)
A,TE1026V,DE014C,2022,26472.0,,,DE014C,DE,,2022,higher_ed_students,Students in higher education (ISCED 5-8)
A,TE1026V,DE014C,2023,25585.0,,,DE014C,DE,,2023,higher_ed_students,Students in higher education (ISCED 5-8)
A,TE1026V,DE015C,2015,56908.0,,,DE015C,DE,,2015,higher_ed_students,Students in higher education (ISCED 5-8)
A,TE1026V,DE015C,2016,56730.0,,,DE015C,DE,,2016,higher_ed_students,Students in higher education (ISCED 5-8)
A,TE1026V,DE015C,2017,58137.0,,,DE015C,DE,,2017,higher_ed_students,Students in higher education (ISCED 5-8)
A,TE1026V,DE015C,2018,58804.0,,,DE015C,DE,,2018,higher_ed_students,Students in higher education (ISCED 5-8)
A,TE1026V,DE015C,2019,59297.0,,,DE015C,DE,,2019,higher_ed_students,Students in higher education (ISCED 5-8)
A,TE1026V,DE015C,2020,59022.0,,,DE015C,DE,,2020,higher_ed_students,Students in higher education (ISCED 5-8)
A,TE1026V,DE015C,2021,57925.0,,,DE015C,DE,,2021,higher_ed_students,Students in higher education (ISCED 5-8)
A,TE1026V,DE015C,2022,56939.0,,,DE015C,DE,,2022,higher_ed_students,Students in higher education (ISCED 5-8)
A,TE1026V,DE015C,2023,53954.0,,,DE015C,DE,,2023,higher_ed_students,Students in higher education (ISCED 5-8)
A,TE1026V,DE016C,2015,37043.0,,,DE016C,DE,,2015,higher_ed_students,Students in higher education (ISCED 5-8)
A,TE1026V,DE016C,2016,38180.0,,,DE016C,DE,,2016,higher_ed_students,Students in higher education (ISCED 5-8)
A,TE1026V,DE016C,2017,38175.0,,,DE016C,DE,,2017,higher_ed_students,Students in higher education (ISCED 5-8)
A,TE1026V,DE016C,2018,38110.0,,,DE016C,DE,,2018,higher_ed_students,Students in higher education (ISCED 5-8)
A,TE1026V,DE016C,2019,38620.0,,,DE016C,DE,,2019,higher_ed_students,Students in higher education (ISCED 5-8)
A,TE1026V,DE016C,2020,38863.0,,,DE016C,DE,,2020,higher_ed_students,Students in higher education (ISCED 5-8)
A,TE1026V,DE016C,2021,38466.0,,,DE016C,DE,,2021,higher_ed_students,Students in higher education (ISCED 5-8)
A,TE1026V,DE016C,2022,38590.0,,,DE016C,DE,,2022,higher_ed_students,Students in higher education (ISCED 5-8)
A,TE1026V,DE016C,2023,37656.0,,,DE016C,DE,,2023,higher_ed_students,Students in higher education (ISCED 5-8)
A,TE1026V,DE017C,2015,20403.0,,,DE017C,DE,,2015,higher_ed_students,Students in higher education (ISCED 5-8)
A,TE1026V,DE017C,2016,20822.0,,,DE017C,DE,,2016,higher_ed_students,Students in higher education (ISCED 5-8)
A,TE1026V,DE017C,2017,21263.0,,,DE017C,DE,,2017,higher_ed_students,Students in higher education (ISCED 5-8)
A,TE1026V,DE017C,2018,21645.0,,,DE017C,DE,,2018,higher_ed_students,Students in higher education (ISCED 5-8)
A,TE1026V,DE017C,2019,21280.0,,,DE017C,DE,,2019,higher_ed_students,Students in higher education (ISCED 5-8)
A,TE1026V,DE017C,2020,22026.0,,,DE017C,DE,,2020,higher_ed_students,Students in higher education (ISCED 5-8)
A,TE1026V,DE017C,2021,21984.0,,,DE017C,DE,,2021,higher_ed_students,Students in higher education (ISCED 5-8)
A,TE1026V,DE017C,2022,21318.0,,,DE017C,DE,,2022,higher_ed_students,Students in higher education (ISCED 5-8)
A,TE1026V,DE017C,2023,20485.0,,,DE017C,DE,,2023,higher_ed_students,Students in higher education (ISCED 5-8)
A,TE1026V,DE018C,2015,18645.0,,,DE018C,DE,,2015,higher_ed_students,Students in higher education (ISCED 5-8)
A,TE1026V,DE018C,2016,18352.0,,,DE018C,DE,,2016,higher_ed_students,Students in higher education (ISCED 5-8)
A,TE1026V,DE018C,2017,17875.0,,,DE018C,DE,,2017,higher_ed_students,Students in higher education (ISCED 5-8)
A,TE1026V,DE018C,2018,17865.0,,,DE018C,DE,,2018,higher_ed_students,Students in higher education (ISCED 5-8)
A,TE1026V,DE018C,2019,17597.0,,,DE018C,DE,,2019,higher_ed_students,Students in higher education (ISCED 5-8)
A,TE1026V,DE018C,2020,17300.0,,,DE018C,DE,,2020,higher_ed_students,Students in higher education (ISCED 5-8)
A,TE1026V,DE018C,2021,16953.0,,,DE018C,DE,,2021,higher_ed_students,Students in higher education (ISCED 5-8)
A,TE1026V,DE018C,2022,16551.0,,,DE018C,DE,,2022,higher_ed_students,Students in higher education (ISCED 5-8)
A,TE1026V,DE018C,2023,16179.0,,,DE018C,DE,,2023,higher_ed_students,Students in higher education (ISCED 5-8)
A,TE1026V,DE019C,2015,10369.0,,,DE019C,DE,,2015,higher_ed_students,Students in higher education (ISCED 5-8)
A,TE1026V,DE019C,2016,11346.0,,,DE019C,DE,,2016,higher_ed_students,Students in higher education (ISCED 5-8)
A,TE1026V,DE019C,2017,11902.0,,,DE019C,DE,,2017,higher_ed_students,Students in higher education (ISCED 5-8)
A,TE1026V,DE019C,2018,12644.0,,,DE019C,DE,,2018,higher_ed_students,Students in higher education (ISCED 5-8)
A,TE1026V,DE019C,2019,13933.0,,,DE019C,DE,,2019,higher_ed_students,Students in higher education (ISCED 5-8)
A,TE1026V,DE019C,2020,14061.0,,,DE019C,DE,,2020,higher_ed_students,Students in higher education (ISCED 5-8)
A,TE1026V,DE019C,2021,14098.0,,,DE019C,DE,,2021,higher_ed_students,Students in higher education (ISCED 5-8)
A,TE1026V,DE019C,2022,13950.0,,,DE019C,DE,,2022,higher_ed_students,Students in higher education (ISCED 5-8)
A,TE1026V,DE019C,2023,13899.0,,,DE019C,DE,,2023,higher_ed_students,Students in higher education (ISCED 5-8)
A,TE1026V,DE020C,2015,34573.0,,,DE020C,DE,,2015,higher_ed_students,Students in higher education (ISCED 5-8)
A,TE1026V,DE020C,2016,35119.0,,,DE020C,DE,,2016,higher_ed_students,Students in higher education (ISCED 5-8)
A,TE1026V,DE020C,2017,35670.0,,,DE020C,DE,,2017,higher_ed_students,Students in higher education (ISCED 5-8)
A,TE1026V,DE020C,2018,35606.0,,,DE020C,DE,,2018,higher_ed_students,Students in higher education (ISCED 5-8)
A,TE1026V,DE020C,2019,35431.0,,,DE020C,DE,,2019,higher_ed_students,Students in higher education (ISCED 5-8)
A,TE1026V,DE020C,2020,35763.0,,,DE020C,DE,,2020,higher_ed_students,Students in higher education (ISCED 5-8)
A,TE1026V,DE020C,2021,29801.0,,,DE020C,DE,,2021,higher_ed_students,Students in higher education (ISCED 5-8)
A,TE1026V,DE020C,2022,33729.0,,,DE020C,DE,,2022,higher_ed_students,Students in higher education (ISCED 5-8)
A,TE1026V,DE020C,2023,33200.0,,,DE020C,DE,,2023,higher_ed_students,Students in higher education (ISCED 5-8)
A,TE1026V,DE021C,2015,3494.0,,,DE021C,DE,,2015,higher_ed_students,Students in higher education (ISCED 5-8)
A,TE1026V,DE021C,2016,4915.0,,,DE021C,DE,,2016,higher_ed_students,Students in higher education (ISCED 5-8)
A,TE1026V,DE021C,2017,5667.0,,,DE021C,DE,,2017,higher_ed_students,Students in higher education (ISCED 5-8)
A,TE1026V,DE021C,2018,6123.0,,,DE021C,DE,,2018,higher_ed_students,Students in higher education (ISCED 5-8)
A,TE1026V,DE021C,2019,1716.0,,,DE021C,DE,,2019,higher_ed_students,Students in higher education (ISCED 5-8)
A,TE1026V,DE021C,2020,6714.0,,,DE021C,DE,,2020,higher_ed_students,Students in higher education (ISCED 5-8)
A,TE1026V,DE021C,2021,6684.0,,,DE021C,DE,,2021,higher_ed_students,Students in higher education (ISCED 5-8)
A,TE1026V,DE021C,2022,4567.0,,,DE021C,DE,,2022,higher_ed_students,Students in higher education (ISCED 5-8)
A,TE1026V,DE021C,2023,4263.0,,,DE021C,DE,,2023,higher_ed_students,Students in higher education (ISCED 5-8)
A,TE1026V,DE023C,2015,41078.0,,,DE023C,DE,,2015,higher_ed_students,Students in higher education (ISCED 5-8)
A,TE1026V,DE023C,2016,41163.0,,,DE023C,DE,,2016,higher_ed_students,Students in higher education (ISCED 5-8)
A,TE1026V,DE023C,2017,46147.0,,,DE023C,DE,,2017,higher_ed_students,Students in higher education (ISCED 5-8)
A,TE1026V,DE023C,2018,40905.0,,,DE023C,DE,,2018,higher_ed_students,Students in higher education (ISCED 5-8)
A,TE1026V,DE023C,2019,39727.0,,,DE023C,DE,,2019,higher_ed_students,Students in higher education (ISCED 5-8)
A,TE1026V,DE023C,2020,44968.0,,,DE023C,DE,,2020,higher_ed_students,Students in higher education (ISCED 5-8)
A,TE1026V,DE023C,2021,44373.0,,,DE023C,DE,,2021,higher_ed_students,Students in higher education (ISCED 5-8)
A,TE1026V,DE023C,2022,42585.0,,,DE023C,DE,,2022,higher_ed_students,Students in higher education (ISCED 5-8)
A,TE1026V,DE023C,2023,41122.0,,,DE023C,DE,,2023,higher_ed_students,Students in higher education (ISCED 5-8)
A,TE1026V,DE024C,2015,19171.0,,,DE024C,DE,,2015,higher_ed_students,Students in higher education (ISCED 5-8)
A,TE1026V,DE024C,2016,18814.0,,,DE024C,DE,,2016,higher_ed_students,Students in higher education (ISCED 5-8)
A,TE1026V,DE024C,2017,18136.0,,,DE024C,DE,,2017,higher_ed_students,Students in higher education (ISCED 5-8)
A,TE1026V,DE024C,2018,17758.0,,,DE024C,DE,,2018,higher_ed_students,Students in higher education (ISCED 5-8)
A,TE1026V,DE024C,2019,17245.0,,,DE024C,DE,,2019,higher_ed_students,Students in higher education (ISCED 5-8)
A,TE1026V,DE024C,2020,16886.0,,,DE024C,DE,,2020,higher_ed_students,Students in higher education (ISCED 5-8)
A,TE1026V,DE024C,2021,16501.0,,,DE024C,DE,,2021,higher_ed_students,Students in higher education (ISCED 5-8)
A,TE1026V,DE024C,2022,15860.0,,,DE024C,DE,,2022,higher_ed_students,Students in higher education (ISCED 5-8)
A,TE1026V,DE024C,2023,15494.0,,,DE024C,DE,,2023,higher_ed_students,Students in higher education (ISCED 5-8)
A,TE1026V,DE025C,2015,32943.0,,,DE025C,DE,,2015,higher_ed_students,Students in higher education (ISCED 5-8)
A,TE1026V,DE025C,2016,33288.0,,,DE025C,DE,,2016,higher_ed_students,Students in higher education (ISCED 5-8)
A,TE1026V,DE025C,2017,32752.0,,,DE025C,DE,,2017,higher_ed_students,Students in higher education (ISCED 5-8)
A,TE1026V,DE025C,2018,32414.0,,,DE025C,DE,,2018,higher_ed_students,Students in higher education (ISCED 5-8)
A,TE1026V,DE025C,2019,32237.0,,,DE025C,DE,,2019,higher_ed_students,Students in higher education (ISCED 5-8)
A,TE1026V,DE025C,2020,32104.0,,,DE025C,DE,,2020,higher_ed_students,Students in higher education (ISCED 5-8)
A,TE1026V,DE025C,2021,32476.0,,,DE025C,DE,,2021,higher_ed_students,Students in higher education (ISCED 5-8)
A,TE1026V,DE025C,2022,32726.0,,,DE025C,DE,,2022,higher_ed_students,Students in higher education (ISCED 5-8)
A,TE1026V,DE025C,2023,32761.0,,,DE025C,DE,,2023,higher_ed_students,Students in higher education (ISCED 5-8)
A,TE1026V,DE026C,2015,31411.0,,,DE026C,DE,,2015,higher_ed_students,Students in higher education (ISCED 5-8)
A,TE1026V,DE026C,2016,31307.0,,,DE026C,DE,,2016,higher_ed_students,Students in higher education (ISCED 5-8)
A,TE1026V,DE026C,2017,32212.0,,,DE026C,DE,,2017,higher_ed_students,Students in higher education (ISCED 5-8)
A,TE1026V,DE026C,2018,31998.0,,,DE026C,DE,,2018,higher_ed_students,Students in higher education (ISCED 5-8)
A,TE1026V,DE026C,2019,31712.0,,,DE026C,DE,,2019,higher_ed_students,Students in higher education (ISCED 5-8)
A,TE1026V,DE026C,2020,32114.0,,,DE026C,DE,,2020,higher_ed_students,Students in higher education (ISCED 5-8)
A,TE1026V,DE026C,2021,31416.0,,,DE026C,DE,,2021,higher_ed_students,Students in higher education (ISCED 5-8)
A,TE1026V,DE026C,2022,31303.0,,,DE026C,DE,,2022,higher_ed_students,Students in higher education (ISCED 5-8)
A,TE1026V,DE026C,2023,31183.0,,,DE026C,DE,,2023,higher_ed_students,Students in higher education (ISCED 5-8)
A,TE1026V,DE027C,2015,6492.0,,,DE027C,DE,,2015,higher_ed_students,Students in higher education (ISCED 5-8)
A,TE1026V,DE027C,2016,6709.0,,,DE027C,DE,,2016,higher_ed_students,Students in higher education (ISCED 5-8)
A,TE1026V,DE027C,2017,6610.0,,,DE027C,DE,,2017,higher_ed_students,Students in higher education (ISCED 5-8)
A,TE1026V,DE027C,2018,6437.0,,,DE027C,DE,,2018,higher_ed_students,Students in higher education (ISCED 5-8)
A,TE1026V,DE027C,2019,5992.0,,,DE027C,DE,,2019,higher_ed_students,Students in higher education (ISCED 5-8)
A,TE1026V,DE027C,2020,5573.0,,,DE027C,DE,,2020,higher_ed_students,Students in higher education (ISCED 5-8)
A,TE1026V,DE027C,2021,5210.0,,,DE027C,DE,,2021,higher_ed_students,Students in higher education (ISCED 5-8)
A,TE1026V,DE027C,2022,4797.0,,,DE027C,DE,,2022,higher_ed_students,Students in higher education (ISCED 5-8)
A,TE1026V,DE027C,2023,4209.0,,,DE027C,DE,,2023,higher_ed_students,Students in higher education (ISCED 5-8)
A,TE1026V,DE028C,2015,4896.0,,,DE028C,DE,,2015,higher_ed_students,Students in higher education (ISCED 5-8)
A,TE1026V,DE028C,2016,4591.0,,,DE028C,DE,,2016,higher_ed_students,Students in higher education (ISCED 5-8)
A,TE1026V,DE028C,2017,4570.0,,,DE028C,DE,,2017,higher_ed_students,Students in higher education (ISCED 5-8)
A,TE1026V,DE028C,2018,4578.0,,,DE028C,DE,,2018,higher_ed_students,Students in higher education (ISCED 5-8)
A,TE1026V,DE028C,2019,4671.0,,,DE028C,DE,,2019,higher_ed_students,Students in higher education (ISCED 5-8)
A,TE1026V,DE028C,2020,4848.0,,,DE028C,DE,,2020,higher_ed_students,Students in higher education (ISCED 5-8)
A,TE1026V,DE028C,2021,4726.0,,,DE028C,DE,,2021,higher_ed_students,Students in higher education (ISCED 5-8)
A,TE1026V,DE028C,2022,4669.0,,,DE028C,DE,,2022,higher_ed_students,Students in higher education (ISCED 5-8)
A,TE1026V,DE028C,2023,4707.0,,,DE028C,DE,,2023,higher_ed_students,Students in higher education (ISCED 5-8)
A,TE1026V,DE029C,2017,736.0,,,DE029C,DE,,2017,higher_ed_students,Students in higher education (ISCED 5-8)
A,TE1026V,DE029C,2018,738.0,,,DE029C,DE,,2018,higher_ed_students,Students in higher education (ISCED 5-8)
A,TE1026V,DE029C,2019,764.0,,,DE029C,DE,,2019,higher_ed_students,Students in higher education (ISCED 5-8)
A,TE1026V,DE029C,2020,948.0,,,DE029C,DE,,2020,higher_ed_students,Students in higher education (ISCED 5-8)
A,TE1026V,DE029C,2021,723.0,,,DE029C,DE,,2021,higher_ed_students,Students in higher education (ISCED 5-8)
A,TE1026V,DE029C,2022,635.0,,,DE029C,DE,,2022,higher_ed_students,Students in higher education (ISCED 5-8)
A,TE1026V,DE029C,2023,611.0,,,DE029C,DE,,2023,higher_ed_students,Students in higher education (ISCED 5-8)
A,TE1026V,DE030C,2015,9923.0,,,DE030C,DE,,2015,higher_ed_students,Students in higher education (ISCED 5-8)
A,TE1026V,DE030C,2016,9953.0,,,DE030C,DE,,2016,higher_ed_students,Students in higher education (ISCED 5-8)
A,TE1026V,DE030C,2017,9846.0,,,DE030C,DE,,2017,higher_ed_students,Students in higher education (ISCED 5-8)
A,TE1026V,DE030C,2018,9695.0,,,DE030C,DE,,2018,higher_ed_students,Students in higher education (ISCED 5-8)
A,TE1026V,DE030C,2019,34805.0,,,DE030C,DE,,2019,higher_ed_students,Students in higher education (ISCED 5-8)
A,TE1026V,DE030C,2020,56121.0,,,DE030C,DE,,2020,higher_ed_students,Students in higher education (ISCED 5-8)
A,TE1026V,DE030C,2021,85334.0,,,DE030C,DE,,2021,higher_ed_students,Students in higher education (ISCED 5-8)
A,TE1026V,DE030C,2022,97137.0,,,DE030C,DE,,2022,higher_ed_students,Students in higher education (ISCED 5-8)
A,TE1026V,DE030C,2023,106067.0,,,DE030C,DE,,2023,higher_ed_students,Students in higher education (ISCED 5-8)
A,TE1026V,DE031C,2015,25753.0,,,DE031C,DE,,2015,higher_ed_students,Students in higher education (ISCED 5-8)
A,TE1026V,DE031C,2016,26051.0,,,DE031C,DE,,2016,higher_ed_students,Students in higher education (ISCED 5-8)
A,TE1026V,DE031C,2017,26618.0,,,DE031C,DE,,2017,higher_ed_students,Students in higher education (ISCED 5-8)
A,TE1026V,DE031C,2018,26606.0,,,DE031C,DE,,2018,higher_ed_students,Students in higher education (ISCED 5-8)
A,TE1026V,DE031C,2019,26498.0,,,DE031C,DE,,2019,higher_ed_students,Students in higher education (ISCED 5-8)
A,TE1026V,DE031C,2020,27113.0,,,DE031C,DE,,2020,higher_ed_students,Students in higher education (ISCED 5-8)
A,TE1026V,DE031C,2021,27036.0,,,DE031C,DE,,2021,higher_ed_students,Students in higher education (ISCED 5-8)
A,TE1026V,DE031C,2022,26399.0,,,DE031C,DE,,2022,higher_ed_students,Students in higher education (ISCED 5-8)
A,TE1026V,DE031C,2023,27033.0,,,DE031C,DE,,2023,higher_ed_students,Students in higher education (ISCED 5-8)
A,TE1026V,DE032C,2015,37119.0,,,DE032C,DE,,2015,higher_ed_students,Students in higher education (ISCED 5-8)
A,TE1026V,DE032C,2016,38665.0,,,DE032C,DE,,2016,higher_ed_students,Students in higher education (ISCED 5-8)
A,TE1026V,DE032C,2017,39836.0,,,DE032C,DE,,2017,higher_ed_students,Students in higher education (ISCED 5-8)
A,TE1026V,DE032C,2018,40815.0,b,,DE032C,DE,,2018,higher_ed_students,Students in higher education (ISCED 5-8)
A,TE1026V,DE032C,2019,41181.0,,,DE032C,DE,,2019,higher_ed_students,Students in higher education (ISCED 5-8)
A,TE1026V,DE032C,2020,40758.0,,,DE032C,DE,,2020,higher_ed_students,Students in higher education (ISCED 5-8)
A,TE1026V,DE032C,2021,39240.0,,,DE032C,DE,,2021,higher_ed_students,Students in higher education (ISCED 5-8)
A,TE1026V,DE032C,2022,38832.0,,,DE032C,DE,,2022,higher_ed_students,Students in higher education (ISCED 5-8)
A,TE1026V,DE032C,2023,36750.0,,,DE032C,DE,,2023,higher_ed_students,Students in higher education (ISCED 5-8)
A,TE1026V,DE033C,2015,41722.0,,,DE033C,DE,,2015,higher_ed_students,Students in higher education (ISCED 5-8)
A,TE1026V,DE033C,2016,42213.0,,,DE033C,DE,,2016,higher_ed_students,Students in higher education (ISCED 5-8)
A,TE1026V,DE033C,2017,41668.0,,,DE033C,DE,,2017,higher_ed_students,Students in higher education (ISCED 5-8)
A,TE1026V,DE033C,2018,40339.0,,,DE033C,DE,,2018,higher_ed_students,Students in higher education (ISCED 5-8)
A,TE1026V,DE033C,2019,40059.0,,,DE033C,DE,,2019,higher_ed_students,Students in higher education (ISCED 5-8)
A,TE1026V,DE033C,2020,39324.0,,,DE033C,DE,,2020,higher_ed_students,Students in higher education (ISCED 5-8)
A,TE1026V,DE033C,2021,37746.0,,,DE033C,DE,,2021,higher_ed_students,Students in higher education (ISCED 5-8)
A,TE1026V,DE033C,2022,37565.0,,,DE033C,DE,,2022,higher_ed_students,Students in higher education (ISCED 5-8)
A,TE1026V,DE033C,2023,37668.0,,,DE033C,DE,,2023,higher_ed_students,Students in higher education (ISCED 5-8)
A,TE1026V,DE034C,2015,8072.0,,,DE034C,DE,,2015,higher_ed_students,Students in higher education (ISCED 5-8)
A,TE1026V,DE034C,2016,8277.0,,,DE034C,DE,,2016,higher_ed_students,Students in higher education (ISCED 5-8)
A,TE1026V,DE034C,2017,8440.0,,,DE034C,DE,,2017,higher_ed_students,Students in higher education (ISCED 5-8)
A,TE1026V,DE034C,2018,8401.0,,,DE034C,DE,,2018,higher_ed_students,Students in higher education (ISCED 5-8)
A,TE1026V,DE034C,2019,8468.0,,,DE034C,DE,,2019,higher_ed_students,Students in higher education (ISCED 5-8)
A,TE1026V,DE034C,2020,8603.0,,,DE034C,DE,,2020,higher_ed_students,Students in higher education (ISCED 5-8)
A,TE1026V,DE034C,2021,8378.0,,,DE034C,DE,,2021,higher_ed_students,Students in higher education (ISCED 5-8)
A,TE1026V,DE034C,2022,8130.0,,,DE034C,DE,,2022,higher_ed_students,Students in higher education (ISCED 5-8)
A,TE1026V,DE034C,2023,7964.0,,,DE034C,DE,,2023,higher_ed_students,Students in higher education (ISCED 5-8)
A,TE1026V,DE035C,2015,37821.0,,,DE035C,DE,,2015,higher_ed_students,Students in higher education (ISCED 5-8)
A,TE1026V,DE035C,2016,37620.0,,,DE035C,DE,,2016,higher_ed_students,Students in higher education (ISCED 5-8)
A,TE1026V,DE035C,2017,37449.0,,,DE035C,DE,,2017,higher_ed_students,Students in higher education (ISCED 5-8)
A,TE1026V,DE035C,2018,37506.0,,,DE035C,DE,,2018,higher_ed_students,Students in higher education (ISCED 5-8)
A,TE1026V,DE035C,2019,37317.0,,,DE035C,DE,,2019,higher_ed_students,Students in higher education (ISCED 5-8)
A,TE1026V,DE035C,2020,37611.0,,,DE035C,DE,,2020,higher_ed_students,Students in higher education (ISCED 5-8)
A,TE1026V,DE035C,2021,37044.0,,,DE035C,DE,,2021,higher_ed_students,Students in higher education (ISCED 5-8)
A,TE1026V,DE035C,2022,37120.0,,,DE035C,DE,,2022,higher_ed_students,Students in higher education (ISCED 5-8)
A,TE1026V,DE035C,2023,36483.0,,,DE035C,DE,,2023,higher_ed_students,Students in higher education (ISCED 5-8)
A,TE1026V,DE036C,2015,33411.0,,,DE036C,DE,,2015,higher_ed_students,Students in higher education (ISCED 5-8)
A,TE1026V,DE036C,2016,34107.0,,,DE036C,DE,,2016,higher_ed_students,Students in higher education (ISCED 5-8)
A,TE1026V,DE036C,2017,34869.0,,,DE036C,DE,,2017,higher_ed_students,Students in higher education (ISCED 5-8)
A,TE1026V,DE036C,2018,35893.0,,,DE036C,DE,,2018,higher_ed_students,Students in higher education (ISCED 5-8)
A,TE1026V,DE036C,2019,35950.0,,,DE036C,DE,,2019,higher_ed_students,Students in higher education (ISCED 5-8)
A,TE1026V,DE036C,2020,36692.0,,,DE036C,DE,,2020,higher_ed_students,Students in higher education (ISCED 5-8)
A,TE1026V,DE036C,2021,36321.0,,,DE036C,DE,,2021,higher_ed_students,Students in higher education (ISCED 5-8)
A,TE1026V,DE036C,2022,35912.0,,,DE036C,DE,,2022,higher_ed_students,Students in higher education (ISCED 5-8)
A,TE1026V,DE036C,2023,34789.0,,,DE036C,DE,,2023,higher_ed_students,Students in higher education (ISCED 5-8)
A,TE1026V,DE037C,2015,30838.0,,,DE037C,DE,,2015,higher_ed_students,Students in higher education (ISCED 5-8)
A,TE1026V,DE037C,2016,31093.0,,,DE037C,DE,,2016,higher_ed_students,Students in higher education (ISCED 5-8)
A,TE1026V,DE037C,2017,31370.0,,,DE037C,DE,,2017,higher_ed_students,Students in higher education (ISCED 5-8)
A,TE1026V,DE037C,2018,31455.0,,,DE037C,DE,,2018,higher_ed_students,Students in higher education (ISCED 5-8)
A,TE1026V,DE037C,2019,31329.0,,,DE037C,DE,,2019,higher_ed_students,Students in higher education (ISCED 5-8)
A,TE1026V,DE037C,2020,31461.0,,,DE037C,DE,,2020,higher_ed_students,Students in higher education (ISCED 5-8)
A,TE1026V,DE037C,2021,31835.0,,,DE037C,DE,,2021,higher_ed_students,Students in higher education (ISCED 5-8)
A,TE1026V,DE037C,2022,31053.0,,,DE037C,DE,,2022,higher_ed_students,Students in higher education (ISCED 5-8)
A,TE1026V,DE037C,2023,30450.0,,,DE037C,DE,,2023,higher_ed_students,Students in higher education (ISCED 5-8)
A,TE1026V,DE038C,2015,24648.0,,,DE038C,DE,,2015,higher_ed_students,Students in higher education (ISCED 5-8)
A,TE1026V,DE038C,2016,24810.0,,,DE038C,DE,,2016,higher_ed_students,Students in higher education (ISCED 5-8)
A,TE1026V,DE038C,2017,25233.0,,,DE038C,DE,,2017,higher_ed_students,Students in higher education (ISCED 5-8)
A,TE1026V,DE038C,2018,25600.0,,,DE038C,DE,,2018,higher_ed_students,Students in higher education (ISCED 5-8)
A,TE1026V,DE038C,2019,25271.0,,,DE038C,DE,,2019,higher_ed_students,Students in higher education (ISCED 5-8)
A,TE1026V,DE038C,2020,26519.0,,,DE038C,DE,,2020,higher_ed_students,Students in higher education (ISCED 5-8)
A,TE1026V,DE038C,2021,26778.0,,,DE038C,DE,,2021,higher_ed_students,Students in higher education (ISCED 5-8)
A,TE1026V,DE038C,2022,27531.0,,,DE038C,DE,,2022,higher_ed_students,Students in higher education (ISCED 5-8)
A,TE1026V,DE038C,2023,28326.0,,,DE038C,DE,,2023,higher_ed_students,Students in higher education (ISCED 5-8)
A,TE1026V,DE039C,2015,14121.0,,,DE039C,DE,,2015,higher_ed_students,Students in higher education (ISCED 5-8)
A,TE1026V,DE039C,2016,14559.0,,,DE039C,DE,,2016,higher_ed_students,Students in higher education (ISCED 5-8)
A,TE1026V,DE039C,2017,15228.0,,,DE039C,DE,,2017,higher_ed_students,Students in higher education (ISCED 5-8)
A,TE1026V,DE039C,2018,15789.0,,,DE039C,DE,,2018,higher_ed_students,Students in higher education (ISCED 5-8)
A,TE1026V,DE039C,2019,16035.0,,,DE039C,DE,,2019,higher_ed_students,Students in higher education (ISCED 5-8)
A,TE1026V,DE039C,2020,16148.0,,,DE039C,DE,,2020,higher_ed_students,Students in higher education (ISCED 5-8)
A,TE1026V,DE039C,2021,16079.0,,,DE039C,DE,,2021,higher_ed_students,Students in higher education (ISCED 5-8)
A,TE1026V,DE039C,2022,15723.0,,,DE039C,DE,,2022,higher_ed_students,Students in higher education (ISCED 5-8)
A,TE1026V,DE039C,2023,15722.0,,,DE039C,DE,,2023,higher_ed_students,Students in higher education (ISCED 5-8)
A,TE1026V,DE040C,2015,14281.0,,,DE040C,DE,,2015,higher_ed_students,Students in higher education (ISCED 5-8)
A,TE1026V,DE040C,2016,14376.0,,,DE040C,DE,,2016,higher_ed_students,Students in higher education (ISCED 5-8)
A,TE1026V,DE040C,2017,14958.0,,,DE040C,DE,,2017,higher_ed_students,Students in higher education (ISCED 5-8)
A,TE1026V,DE040C,2018,14440.0,,,DE040C,DE,,2018,higher_ed_students,Students in higher education (ISCED 5-8)
A,TE1026V,DE040C,2019,14198.0,,,DE040C,DE,,2019,higher_ed_students,Students in higher education (ISCED 5-8)
A,TE1026V,DE040C,2020,14249.0,,,DE040C,DE,,2020,higher_ed_students,Students in higher education (ISCED 5-8)
A,TE1026V,DE040C,2021,14283.0,,,DE040C,DE,,2021,higher_ed_students,Students in higher education (ISCED 5-8)
A,TE1026V,DE040C,2022,14314.0,,,DE040C,DE,,2022,higher_ed_students,Students in higher education (ISCED 5-8)
A,TE1026V,DE040C,2023,14113.0,,,DE040C,DE,,2023,higher_ed_students,Students in higher education (ISCED 5-8)
A,TE1026V,DE041C,2015,16901.0,,,DE041C,DE,,2015,higher_ed_students,Students in higher education (ISCED 5-8)
A,TE1026V,DE041C,2016,17067.0,,,DE041C,DE,,2016,higher_ed_students,Students in higher education (ISCED 5-8)
A,TE1026V,DE041C,2017,17365.0,,,DE041C,DE,,2017,higher_ed_students,Students in higher education (ISCED 5-8)
A,TE1026V,DE041C,2018,17376.0,,,DE041C,DE,,2018,higher_ed_students,Students in higher education (ISCED 5-8)
A,TE1026V,DE041C,2019,17350.0,,,DE041C,DE,,2019,higher_ed_students,Students in higher education (ISCED 5-8)
A,TE1026V,DE041C,2020,17147.0,,,DE041C,DE,,2020,higher_ed_students,Students in higher education (ISCED 5-8)
A,TE1026V,DE041C,2021,16398.0,,,DE041C,DE,,2021,higher_ed_students,Students in higher education (ISCED 5-8)
A,TE1026V,DE041C,2022,15022.0,,,DE041C,DE,,2022,higher_ed_students,Students in higher education (ISCED 5-8)
A,TE1026V,DE041C,2023,13475.0,,,DE041C,DE,,2023,higher_ed_students,Students in higher education (ISCED 5-8)
A,TE1026V,DE042C,2015,4554.0,,,DE042C,DE,,2015,higher_ed_students,Students in higher education (ISCED 5-8)
A,TE1026V,DE042C,2016,4620.0,,,DE042C,DE,,2016,higher_ed_students,Students in higher education (ISCED 5-8)
A,TE1026V,DE042C,2017,3737.0,,,DE042C,DE,,2017,higher_ed_students,Students in higher education (ISCED 5-8)
A,TE1026V,DE042C,2018,3210.0,,,DE042C,DE,,2018,higher_ed_students,Students in higher education (ISCED 5-8)
A,TE1026V,DE042C,2019,2962.0,,,DE042C,DE,,2019,higher_ed_students,Students in higher education (ISCED 5-8)
A,TE1026V,DE042C,2020,2655.0,,,DE042C,DE,,2020,higher_ed_students,Students in higher education (ISCED 5-8)
A,TE1026V,DE042C,2021,2496.0,,,DE042C,DE,,2021,higher_ed_students,Students in higher education (ISCED 5-8)
A,TE1026V,DE042C,2022,2379.0,,,DE042C,DE,,2022,higher_ed_students,Students in higher education (ISCED 5-8)
A,TE1026V,DE042C,2023,2330.0,,,DE042C,DE,,2023,higher_ed_students,Students in higher education (ISCED 5-8)
A,TE1026V,DE043C,2015,4882.0,,,DE043C,DE,,2015,higher_ed_students,Students in higher education (ISCED 5-8)
A,TE1026V,DE043C,2016,5031.0,,,DE043C,DE,,2016,higher_ed_students,Students in higher education (ISCED 5-8)
A,TE1026V,DE043C,2017,4923.0,,,DE043C,DE,,2017,higher_ed_students,Students in higher education (ISCED 5-8)
A,TE1026V,DE043C,2018,4958.0,,,DE043C,DE,,2018,higher_ed_students,Students in higher education (ISCED 5-8)
A,TE1026V,DE043C,2019,5018.0,,,DE043C,DE,,2019,higher_ed_students,Students in higher education (ISCED 5-8)
A,TE1026V,DE043C,2020,5090.0,,,DE043C,DE,,2020,higher_ed_students,Students in higher education (ISCED 5-8)
A,TE1026V,DE043C,2021,5107.0,,,DE043C,DE,,2021,higher_ed_students,Students in higher education (ISCED 5-8)
A,TE1026V,DE043C,2022,4968.0,,,DE043C,DE,,2022,higher_ed_students,Students in higher education (ISCED 5-8)
A,TE1026V,DE043C,2023,4706.0,,,DE043C,DE,,2023,higher_ed_students,Students in higher education (ISCED 5-8)
A,TE1026V,DE045C,2015,4689.0,,,DE045C,DE,,2015,higher_ed_students,Students in higher education (ISCED 5-8)
A,TE1026V,DE045C,2016,4673.0,,,DE045C,DE,,2016,higher_ed_students,Students in higher education (ISCED 5-8)
A,TE1026V,DE045C,2017,4592.0,,,DE045C,DE,,2017,higher_ed_students,Students in higher education (ISCED 5-8)
A,TE1026V,DE045C,2018,4484.0,,,DE045C,DE,,2018,higher_ed_students,Students in higher education (ISCED 5-8)
A,TE1026V,DE045C,2019,4341.0,,,DE045C,DE,,2019,higher_ed_students,Students in higher education (ISCED 5-8)
A,TE1026V,DE045C,2020,4229.0,,,DE045C,DE,,2020,higher_ed_students,Students in higher education (ISCED 5-8)
A,TE1026V,DE045C,2021,3936.0,,,DE045C,DE,,2021,higher_ed_students,Students in higher education (ISCED 5-8)
A,TE1026V,DE045C,2022,3576.0,,,DE045C,DE,,2022,higher_ed_students,Students in higher education (ISCED 5-8)
A,TE1026V,DE045C,2023,3330.0,,,DE045C,DE,,2023,higher_ed_students,Students in higher education (ISCED 5-8)
A,TE1026V,DE046C,2015,9170.0,,,DE046C,DE,,2015,higher_ed_students,Students in higher education (ISCED 5-8)
A,TE1026V,DE046C,2016,9758.0,,,DE046C,DE,,2016,higher_ed_students,Students in higher education (ISCED 5-8)
A,TE1026V,DE046C,2017,9996.0,,,DE046C,DE,,2017,higher_ed_students,Students in higher education (ISCED 5-8)
A,TE1026V,DE046C,2018,10102.0,,,DE046C,DE,,2018,higher_ed_students,Students in higher education (ISCED 5-8)
A,TE1026V,DE046C,2019,10155.0,,,DE046C,DE,,2019,higher_ed_students,Students in higher education (ISCED 5-8)
A,TE1026V,DE046C,2020,10444.0,,,DE046C,DE,,2020,higher_ed_students,Students in higher education (ISCED 5-8)
A,TE1026V,DE046C,2021,10288.0,,,DE046C,DE,,2021,higher_ed_students,Students in higher education (ISCED 5-8)
A,TE1026V,DE046C,2022,10016.0,,,DE046C,DE,,2022,higher_ed_students,Students in higher education (ISCED 5-8)
A,TE1026V,DE046C,2023,9768.0,,,DE046C,DE,,2023,higher_ed_students,Students in higher education (ISCED 5-8)
A,TE1026V,DE047C,2015,27947.0,,,DE047C,DE,,2015,higher_ed_students,Students in higher education (ISCED 5-8)
A,TE1026V,DE047C,2016,28035.0,,,DE047C,DE,,2016,higher_ed_students,Students in higher education (ISCED 5-8)
A,TE1026V,DE047C,2017,27318.0,,,DE047C,DE,,2017,higher_ed_students,Students in higher education (ISCED 5-8)
A,TE1026V,DE047C,2018,27205.0,,,DE047C,DE,,2018,higher_ed_students,Students in higher education (ISCED 5-8)
A,TE1026V,DE047C,2019,26842.0,,,DE047C,DE,,2019,higher_ed_students,Students in higher education (ISCED 5-8)
A,TE1026V,DE047C,2020,26982.0,,,DE047C,DE,,2020,higher_ed_students,Students in higher education (ISCED 5-8)
A,TE1026V,DE047C,2021,27770.0,,,DE047C,DE,,2021,higher_ed_students,Students in higher education (ISCED 5-8)
A,TE1026V,DE047C,2022,28010.0,,,DE047C,DE,,2022,higher_ed_students,Students in higher education (ISCED 5-8)
A,TE1026V,DE047C,2023,28238.0,,,DE047C,DE,,2023,higher_ed_students,Students in higher education (ISCED 5-8)
A,TE1026V,DE048C,2015,6658.0,,,DE048C,DE,,2015,higher_ed_students,Students in higher education (ISCED 5-8)
A,TE1026V,DE048C,2016,6332.0,,,DE048C,DE,,2016,higher_ed_students,Students in higher education (ISCED 5-8)
A,TE1026V,DE048C,2017,6314.0,,,DE048C,DE,,2017,higher_ed_students,Students in higher education (ISCED 5-8)
A,TE1026V,DE048C,2018,6975.0,,,DE048C,DE,,2018,higher_ed_students,Students in higher education (ISCED 5-8)
A,TE1026V,DE048C,2019,6626.0,,,DE048C,DE,,2019,higher_ed_students,Students in higher education (ISCED 5-8)
A,TE1026V,DE048C,2020,6492.0,,,DE048C,DE,,2020,higher_ed_students,Students in higher education (ISCED 5-8)
A,TE1026V,DE048C,2021,6938.0,,,DE048C,DE,,2021,higher_ed_students,Students in higher education (ISCED 5-8)
A,TE1026V,DE048C,2022,6516.0,,,DE048C,DE,,2022,higher_ed_students,Students in higher education (ISCED 5-8)
A,TE1026V,DE048C,2023,6336.0,,,DE048C,DE,,2023,higher_ed_students,Students in higher education (ISCED 5-8)
A,TE1026V,DE049C,2015,9237.0,,,DE049C,DE,,2015,higher_ed_students,Students in higher education (ISCED 5-8)
A,TE1026V,DE049C,2016,9388.0,,,DE049C,DE,,2016,higher_ed_students,Students in higher education (ISCED 5-8)
A,TE1026V,DE049C,2017,9651.0,,,DE049C,DE,,2017,higher_ed_students,Students in higher education (ISCED 5-8)
A,TE1026V,DE049C,2018,9708.0,,,DE049C,DE,,2018,higher_ed_students,Students in higher education (ISCED 5-8)
A,TE1026V,DE049C,2019,9666.0,,,DE049C,DE,,2019,higher_ed_students,Students in higher education (ISCED 5-8)
A,TE1026V,DE049C,2020,9952.0,,,DE049C,DE,,2020,higher_ed_students,Students in higher education (ISCED 5-8)
A,TE1026V,DE049C,2021,9960.0,,,DE049C,DE,,2021,higher_ed_students,Students in higher education (ISCED 5-8)
A,TE1026V,DE049C,2022,9609.0,,,DE049C,DE,,2022,higher_ed_students,Students in higher education (ISCED 5-8)
A,TE1026V,DE049C,2023,9131.0,,,DE049C,DE,,2023,higher_ed_students,Students in higher education (ISCED 5-8)
A,TE1026V,DE050C,2015,26300.0,,,DE050C,DE,,2015,higher_ed_students,Students in higher education (ISCED 5-8)
A,TE1026V,DE050C,2016,26221.0,,,DE050C,DE,,2016,higher_ed_students,Students in higher education (ISCED 5-8)
A,TE1026V,DE050C,2017,25762.0,,,DE050C,DE,,2017,higher_ed_students,Students in higher education (ISCED 5-8)
A,TE1026V,DE050C,2018,24179.0,,,DE050C,DE,,2018,higher_ed_students,Students in higher education (ISCED 5-8)
A,TE1026V,DE050C,2019,23903.0,,,DE050C,DE,,2019,higher_ed_students,Students in higher education (ISCED 5-8)
A,TE1026V,DE050C,2020,23151.0,,,DE050C,DE,,2020,higher_ed_students,Students in higher education (ISCED 5-8)
A,TE1026V,DE050C,2021,21988.0,,,DE050C,DE,,2021,higher_ed_students,Students in higher education (ISCED 5-8)
A,TE1026V,DE050C,2022,22250.0,,,DE050C,DE,,2022,higher_ed_students,Students in higher education (ISCED 5-8)
A,TE1026V,DE050C,2023,21476.0,,,DE050C,DE,,2023,higher_ed_students,Students in higher education (ISCED 5-8)
A,TE1026V,DE051C,2015,16496.0,,,DE051C,DE,,2015,higher_ed_students,Students in higher education (ISCED 5-8)
A,TE1026V,DE051C,2016,16805.0,,,DE051C,DE,,2016,higher_ed_students,Students in higher education (ISCED 5-8)
A,TE1026V,DE051C,2017,16211.0,,,DE051C,DE,,2017,higher_ed_students,Students in higher education (ISCED 5-8)
A,TE1026V,DE051C,2018,16242.0,,,DE051C,DE,,2018,higher_ed_students,Students in higher education (ISCED 5-8)
A,TE1026V,DE051C,2019,16242.0,,,DE051C,DE,,2019,higher_ed_students,Students in higher education (ISCED 5-8)
A,TE1026V,DE051C,2020,16397.0,,,DE051C,DE,,2020,higher_ed_students,Students in higher education (ISCED 5-8)
A,TE1026V,DE051C,2021,16107.0,,,DE051C,DE,,2021,higher_ed_students,Students in higher education (ISCED 5-8)
A,TE1026V,DE051C,2022,15853.0,,,DE051C,DE,,2022,higher_ed_students,Students in higher education (ISCED 5-8)
A,TE1026V,DE051C,2023,15473.0,,,DE051C,DE,,2023,higher_ed_students,Students in higher education (ISCED 5-8)
A,TE1026V,DE053C,2015,2614.0,,,DE053C,DE,,2015,higher_ed_students,Students in higher education (ISCED 5-8)
A,TE1026V,DE053C,2016,2606.0,,,DE053C,DE,,2016,higher_ed_students,Students in higher education (ISCED 5-8)
A,TE1026V,DE053C,2017,2639.0,,,DE053C,DE,,2017,higher_ed_students,Students in higher education (ISCED 5-8)
A,TE1026V,DE053C,2018,2649.0,,,DE053C,DE,,2018,higher_ed_students,Students in higher education (ISCED 5-8)
A,TE1026V,DE053C,2019,2678.0,,,DE053C,DE,,2019,higher_ed_students,Students in higher education (ISCED 5-8)
A,TE1026V,DE053C,2020,2755.0,,,DE053C,DE,,2020,higher_ed_students,Students in higher education (ISCED 5-8)
A,TE1026V,DE053C,2021,2733.0,,,DE053C,DE,,2021,higher_ed_students,Students in higher education (ISCED 5-8)
A,TE1026V,DE053C,2022,2468.0,,,DE053C,DE,,2022,higher_ed_students,Students in higher education (ISCED 5-8)
A,TE1026V,DE053C,2023,3308.0,,,DE053C,DE,,2023,higher_ed_students,Students in higher education (ISCED 5-8)
A,TE1026V,DE054C,2015,37855.0,,,DE054C,DE,,2015,higher_ed_students,Students in higher education (ISCED 5-8)
A,TE1026V,DE054C,2016,38962.0,,,DE054C,DE,,2016,higher_ed_students,Students in higher education (ISCED 5-8)
A,TE1026V,DE054C,2017,40082.0,,,DE054C,DE,,2017,higher_ed_students,Students in higher education (ISCED 5-8)
A,TE1026V,DE054C,2018,40055.0,,,DE054C,DE,,2018,higher_ed_students,Students in higher education (ISCED 5-8)
A,TE1026V,DE054C,2019,39958.0,,,DE054C,DE,,2019,higher_ed_students,Students in higher education (ISCED 5-8)
A,TE1026V,DE054C,2020,40455.0,,,DE054C,DE,,2020,higher_ed_students,Students in higher education (ISCED 5-8)
A,TE1026V,DE054C,2021,38857.0,,,DE054C,DE,,2021,higher_ed_students,Students in higher education (ISCED 5-8)
A,TE1026V,DE054C,2022,37263.0,,,DE054C,DE,,2022,higher_ed_students,Students in higher education (ISCED 5-8)
A,TE1026V,DE054C,2023,36034.0,,,DE054C,DE,,2023,higher_ed_students,Students in higher education (ISCED 5-8)
A,TE1026V,DE055C,2015,9110.0,,,DE055C,DE,,2015,higher_ed_students,Students in higher education (ISCED 5-8)
A,TE1026V,DE055C,2016,9610.0,,,DE055C,DE,,2016,higher_ed_students,Students in higher education (ISCED 5-8)
A,TE1026V,DE055C,2017,9736.0,,,DE055C,DE,,2017,higher_ed_students,Students in higher education (ISCED 5-8)
A,TE1026V,DE055C,2018,9654.0,,,DE055C,DE,,2018,higher_ed_students,Students in higher education (ISCED 5-8)
A,TE1026V,DE055C,2019,9722.0,,,DE055C,DE,,2019,higher_ed_students,Students in higher education (ISCED 5-8)
A,TE1026V,DE055C,2020,9656.0,,,DE055C,DE,,2020,higher_ed_students,Students in higher education (ISCED 5-8)
A,TE1026V,DE055C,2021,9620.0,,,DE055C,DE,,2021,higher_ed_students,Students in higher education (ISCED 5-8)
A,TE1026V,DE055C,2022,9490.0,,,DE055C,DE,,2022,higher_ed_students,Students in higher education (ISCED 5-8)
A,TE1026V,DE055C,2023,9070.0,,,DE055C,DE,,2023,higher_ed_students,Students in higher education (ISCED 5-8)
A,TE1026V,DE056C,2015,12954.0,,,DE056C,DE,,2015,higher_ed_students,Students in higher education (ISCED 5-8)
A,TE1026V,DE056C,2016,12817.0,,,DE056C,DE,,2016,higher_ed_students,Students in higher education (ISCED 5-8)
A,TE1026V,DE056C,2017,12990.0,,,DE056C,DE,,2017,higher_ed_students,Students in higher education (ISCED 5-8)
A,TE1026V,DE056C,2018,13070.0,,,DE056C,DE,,2018,higher_ed_students,Students in higher education (ISCED 5-8)
A,TE1026V,DE056C,2019,12967.0,,,DE056C,DE,,2019,higher_ed_students,Students in higher education (ISCED 5-8)
A,TE1026V,DE056C,2020,13197.0,,,DE056C,DE,,2020,higher_ed_students,Students in higher education (ISCED 5-8)
A,TE1026V,DE056C,2021,12807.0,,,DE056C,DE,,2021,higher_ed_students,Students in higher education (ISCED 5-8)
A,TE1026V,DE056C,2022,12355.0,,,DE056C,DE,,2022,higher_ed_students,Students in higher education (ISCED 5-8)
A,TE1026V,DE056C,2023,11950.0,,,DE056C,DE,,2023,higher_ed_students,Students in higher education (ISCED 5-8)
A,TE1026V,DE057C,2020,0.0,,,DE057C,DE,,2020,higher_ed_students,Students in higher education (ISCED 5-8)
A,TE1026V,DE057C,2023,0.0,,,DE057C,DE,,2023,higher_ed_students,Students in higher education (ISCED 5-8)
A,TE1026V,DE058C,2015,3333.0,,,DE058C,DE,,2015,higher_ed_students,Students in higher education (ISCED 5-8)
A,TE1026V,DE058C,2016,3374.0,,,DE058C,DE,,2016,higher_ed_students,Students in higher education (ISCED 5-8)
A,TE1026V,DE058C,2017,3296.0,,,DE058C,DE,,2017,higher_ed_students,Students in higher education (ISCED 5-8)
A,TE1026V,DE058C,2018,3220.0,,,DE058C,DE,,2018,higher_ed_students,Students in higher education (ISCED 5-8)
A,TE1026V,DE058C,2019,3203.0,,,DE058C,DE,,2019,higher_ed_students,Students in higher education (ISCED 5-8)
A,TE1026V,DE058C,2020,3329.0,,,DE058C,DE,,2020,higher_ed_students,Students in higher education (ISCED 5-8)
A,TE1026V,DE058C,2021,3424.0,,,DE058C,DE,,2021,higher_ed_students,Students in higher education (ISCED 5-8)
A,TE1026V,DE058C,2022,3475.0,,,DE058C,DE,,2022,higher_ed_students,Students in higher education (ISCED 5-8)
A,TE1026V,DE058C,2023,3559.0,,,DE058C,DE,,2023,higher_ed_students,Students in higher education (ISCED 5-8)
A,TE1026V,DE059C,2015,12611.0,,,DE059C,DE,,2015,higher_ed_students,Students in higher education (ISCED 5-8)
A,TE1026V,DE059C,2016,12530.0,,,DE059C,DE,,2016,higher_ed_students,Students in higher education (ISCED 5-8)
A,TE1026V,DE059C,2017,12984.0,,,DE059C,DE,,2017,higher_ed_students,Students in higher education (ISCED 5-8)
A,TE1026V,DE059C,2018,12847.0,,,DE059C,DE,,2018,higher_ed_students,Students in higher education (ISCED 5-8)
A,TE1026V,DE059C,2019,12428.0,,,DE059C,DE,,2019,higher_ed_students,Students in higher education (ISCED 5-8)
A,TE1026V,DE059C,2020,12775.0,,,DE059C,DE,,2020,higher_ed_students,Students in higher education (ISCED 5-8)
A,TE1026V,DE059C,2021,12200.0,,,DE059C,DE,,2021,higher_ed_students,Students in higher education (ISCED 5-8)
A,TE1026V,DE059C,2022,11682.0,,,DE059C,DE,,2022,higher_ed_students,Students in higher education (ISCED 5-8)
A,TE1026V,DE059C,2023,11182.0,,,DE059C,DE,,2023,higher_ed_students,Students in higher education (ISCED 5-8)
A,TE1026V,DE060C,2020,0.0,,,DE060C,DE,,2020,higher_ed_students,Students in higher education (ISCED 5-8)
A,TE1026V,DE060C,2023,0.0,,,DE060C,DE,,2023,higher_ed_students,Students in higher education (ISCED 5-8)
A,TE1026V,DE061C,2015,2032.0,,,DE061C,DE,,2015,higher_ed_students,Students in higher education (ISCED 5-8)
A,TE1026V,DE061C,2016,2056.0,,,DE061C,DE,,2016,higher_ed_students,Students in higher education (ISCED 5-8)
A,TE1026V,DE061C,2017,2170.0,,,DE061C,DE,,2017,higher_ed_students,Students in higher education (ISCED 5-8)
A,TE1026V,DE061C,2018,2057.0,,,DE061C,DE,,2018,higher_ed_students,Students in higher education (ISCED 5-8)
A,TE1026V,DE061C,2019,2182.0,,,DE061C,DE,,2019,higher_ed_students,Students in higher education (ISCED 5-8)
A,TE1026V,DE061C,2020,2189.0,,,DE061C,DE,,2020,higher_ed_students,Students in higher education (ISCED 5-8)
A,TE1026V,DE061C,2021,2192.0,,,DE061C,DE,,2021,higher_ed_students,Students in higher education (ISCED 5-8)
A,TE1026V,DE061C,2022,2096.0,,,DE061C,DE,,2022,higher_ed_students,Students in higher education (ISCED 5-8)
A,TE1026V,DE061C,2023,1956.0,,,DE061C,DE,,2023,higher_ed_students,Students in higher education (ISCED 5-8)
A,TE1026V,DE062C,2015,8050.0,,,DE062C,DE,,2015,higher_ed_students,Students in higher education (ISCED 5-8)
A,TE1026V,DE062C,2016,8533.0,,,DE062C,DE,,2016,higher_ed_students,Students in higher education (ISCED 5-8)
A,TE1026V,DE062C,2017,8861.0,,,DE062C,DE,,2017,higher_ed_students,Students in higher education (ISCED 5-8)
A,TE1026V,DE062C,2018,9597.0,,,DE062C,DE,,2018,higher_ed_students,Students in higher education (ISCED 5-8)
A,TE1026V,DE062C,2019,9730.0,,,DE062C,DE,,2019,higher_ed_students,Students in higher education (ISCED 5-8)
A,TE1026V,DE062C,2020,9773.0,,,DE062C,DE,,2020,higher_ed_students,Students in higher education (ISCED 5-8)
A,TE1026V,DE062C,2021,9325.0,,,DE062C,DE,,2021,higher_ed_students,Students in higher education (ISCED 5-8)
A,TE1026V,DE062C,2022,8980.0,,,DE062C,DE,,2022,higher_ed_students,Students in higher education (ISCED 5-8)
A,TE1026V,DE062C,2023,8695.0,,,DE062C,DE,,2023,higher_ed_students,Students in higher education (ISCED 5-8)
A,TE1026V,DE063C,2015,5876.0,,,DE063C,DE,,2015,higher_ed_students,Students in higher education (ISCED 5-8)
A,TE1026V,DE063C,2016,6045.0,,,DE063C,DE,,2016,higher_ed_students,Students in higher education (ISCED 5-8)
A,TE1026V,DE063C,2017,5989.0,,,DE063C,DE,,2017,higher_ed_students,Students in higher education (ISCED 5-8)
A,TE1026V,DE063C,2018,5888.0,,,DE063C,DE,,2018,higher_ed_students,Students in higher education (ISCED 5-8)
A,TE1026V,DE063C,2019,5822.0,,,DE063C,DE,,2019,higher_ed_students,Students in higher education (ISCED 5-8)
A,TE1026V,DE063C,2020,5728.0,,,DE063C,DE,,2020,higher_ed_students,Students in higher education (ISCED 5-8)
A,TE1026V,DE063C,2021,5337.0,,,DE063C,DE,,2021,higher_ed_students,Students in higher education (ISCED 5-8)
A,TE1026V,DE063C,2022,5056.0,,,DE063C,DE,,2022,higher_ed_students,Students in higher education (ISCED 5-8)
A,TE1026V,DE063C,2023,4777.0,,,DE063C,DE,,2023,higher_ed_students,Students in higher education (ISCED 5-8)
A,TE1026V,DE064C,2015,5391.0,,,DE064C,DE,,2015,higher_ed_students,Students in higher education (ISCED 5-8)
A,TE1026V,DE064C,2016,5117.0,,,DE064C,DE,,2016,higher_ed_students,Students in higher education (ISCED 5-8)
A,TE1026V,DE064C,2017,4926.0,,,DE064C,DE,,2017,higher_ed_students,Students in higher education (ISCED 5-8)
A,TE1026V,DE064C,2018,4796.0,,,DE064C,DE,,2018,higher_ed_students,Students in higher education (ISCED 5-8)
A,TE1026V,DE064C,2019,4601.0,,,DE064C,DE,,2019,higher_ed_students,Students in higher education (ISCED 5-8)
A,TE1026V,DE064C,2020,4490.0,,,DE064C,DE,,2020,higher_ed_students,Students in higher education (ISCED 5-8)
A,TE1026V,DE064C,2021,4533.0,,,DE064C,DE,,2021,higher_ed_students,Students in higher education (ISCED 5-8)
A,TE1026V,DE064C,2022,4524.0,,,DE064C,DE,,2022,higher_ed_students,Students in higher education (ISCED 5-8)
A,TE1026V,DE064C,2023,4674.0,,,DE064C,DE,,2023,higher_ed_students,Students in higher education (ISCED 5-8)
A,TE1026V,DE066C,2015,5936.0,,,DE066C,DE,,2015,higher_ed_students,Students in higher education (ISCED 5-8)
A,TE1026V,DE066C,2016,5919.0,,,DE066C,DE,,2016,higher_ed_students,Students in higher education (ISCED 5-8)
A,TE1026V,DE066C,2017,5437.0,,,DE066C,DE,,2017,higher_ed_students,Students in higher education (ISCED 5-8)
A,TE1026V,DE066C,2018,5882.0,,,DE066C,DE,,2018,higher_ed_students,Students in higher education (ISCED 5-8)
A,TE1026V,DE066C,2019,5230.0,,,DE066C,DE,,2019,higher_ed_students,Students in higher education (ISCED 5-8)
A,TE1026V,DE066C,2020,5343.0,,,DE066C,DE,,2020,higher_ed_students,Students in higher education (ISCED 5-8)
A,TE1026V,DE066C,2021,5456.0,,,DE066C,DE,,2021,higher_ed_students,Students in higher education (ISCED 5-8)
A,TE1026V,DE066C,2022,5396.0,,,DE066C,DE,,2022,higher_ed_students,Students in higher education (ISCED 5-8)
A,TE1026V,DE066C,2023,5529.0,,,DE066C,DE,,2023,higher_ed_students,Students in higher education (ISCED 5-8)
A,TE1026V,DE068C,2015,2227.0,,,DE068C,DE,,2015,higher_ed_students,Students in higher education (ISCED 5-8)
A,TE1026V,DE068C,2016,2201.0,,,DE068C,DE,,2016,higher_ed_students,Students in higher education (ISCED 5-8)
A,TE1026V,DE068C,2017,2172.0,,,DE068C,DE,,2017,higher_ed_students,Students in higher education (ISCED 5-8)
A,TE1026V,DE068C,2018,2331.0,,,DE068C,DE,,2018,higher_ed_students,Students in higher education (ISCED 5-8)
A,TE1026V,DE068C,2019,2336.0,,,DE068C,DE,,2019,higher_ed_students,Students in higher education (ISCED 5-8)
A,TE1026V,DE068C,2020,2422.0,,,DE068C,DE,,2020,higher_ed_students,Students in higher education (ISCED 5-8)
A,TE1026V,DE068C,2021,2376.0,,,DE068C,DE,,2021,higher_ed_students,Students in higher education (ISCED 5-8)
A,TE1026V,DE068C,2022,2268.0,,,DE068C,DE,,2022,higher_ed_students,Students in higher education (ISCED 5-8)
A,TE1026V,DE068C,2023,1959.0,,,DE068C,DE,,2023,higher_ed_students,Students in higher education (ISCED 5-8)
A,TE1026V,DE069C,2015,2408.0,,,DE069C,DE,,2015,higher_ed_students,Students in higher education (ISCED 5-8)
A,TE1026V,DE069C,2016,2364.0,,,DE069C,DE,,2016,higher_ed_students,Students in higher education (ISCED 5-8)
A,TE1026V,DE069C,2017,2265.0,,,DE069C,DE,,2017,higher_ed_students,Students in higher education (ISCED 5-8)
A,TE1026V,DE069C,2018,2285.0,,,DE069C,DE,,2018,higher_ed_students,Students in higher education (ISCED 5-8)
A,TE1026V,DE069C,2019,2379.0,,,DE069C,DE,,2019,higher_ed_students,Students in higher education (ISCED 5-8)
A,TE1026V,DE069C,2020,2387.0,,,DE069C,DE,,2020,higher_ed_students,Students in higher education (ISCED 5-8)
A,TE1026V,DE069C,2021,2203.0,,,DE069C,DE,,2021,higher_ed_students,Students in higher education (ISCED 5-8)
A,TE1026V,DE069C,2022,2155.0,,,DE069C,DE,,2022,higher_ed_students,Students in higher education (ISCED 5-8)
A,TE1026V,DE069C,2023,2254.0,,,DE069C,DE,,2023,higher_ed_students,Students in higher education (ISCED 5-8)
A,TE1026V,DE070C,2015,4584.0,,,DE070C,DE,,2015,higher_ed_students,Students in higher education (ISCED 5-8)
A,TE1026V,DE070C,2016,4576.0,,,DE070C,DE,,2016,higher_ed_students,Students in higher education (ISCED 5-8)
A,TE1026V,DE070C,2017,4390.0,,,DE070C,DE,,2017,higher_ed_students,Students in higher education (ISCED 5-8)
A,TE1026V,DE070C,2018,4392.0,,,DE070C,DE,,2018,higher_ed_students,Students in higher education (ISCED 5-8)
A,TE1026V,DE070C,2019,4320.0,,,DE070C,DE,,2019,higher_ed_students,Students in higher education (ISCED 5-8)
A,TE1026V,DE070C,2020,4346.0,,,DE070C,DE,,2020,higher_ed_students,Students in higher education (ISCED 5-8)
A,TE1026V,DE070C,2021,4161.0,,,DE070C,DE,,2021,higher_ed_students,Students in higher education (ISCED 5-8)
A,TE1026V,DE070C,2022,3906.0,,,DE070C,DE,,2022,higher_ed_students,Students in higher education (ISCED 5-8)
A,TE1026V,DE070C,2023,3761.0,,,DE070C,DE,,2023,higher_ed_students,Students in higher education (ISCED 5-8)
A,TE1026V,DE071C,2015,1495.0,,,DE071C,DE,,2015,higher_ed_students,Students in higher education (ISCED 5-8)
A,TE1026V,DE071C,2016,1611.0,,,DE071C,DE,,2016,higher_ed_students,Students in higher education (ISCED 5-8)
A,TE1026V,DE071C,2017,1685.0,,,DE071C,DE,,2017,higher_ed_students,Students in higher education (ISCED 5-8)
A,TE1026V,DE071C,2018,1668.0,,,DE071C,DE,,2018,higher_ed_students,Students in higher education (ISCED 5-8)
A,TE1026V,DE071C,2019,1602.0,,,DE071C,DE,,2019,higher_ed_students,Students in higher education (ISCED 5-8)
A,TE1026V,DE071C,2020,1513.0,,,DE071C,DE,,2020,higher_ed_students,Students in higher education (ISCED 5-8)
A,TE1026V,DE071C,2021,1431.0,,,DE071C,DE,,2021,higher_ed_students,Students in higher education (ISCED 5-8)
A,TE1026V,DE071C,2022,1405.0,,,DE071C,DE,,2022,higher_ed_students,Students in higher education (ISCED 5-8)
A,TE1026V,DE071C,2023,1293.0,,,DE071C,DE,,2023,higher_ed_students,Students in higher education (ISCED 5-8)
A,TE1026V,DE072C,2015,5312.0,,,DE072C,DE,,2015,higher_ed_students,Students in higher education (ISCED 5-8)
A,TE1026V,DE072C,2016,5440.0,,,DE072C,DE,,2016,higher_ed_students,Students in higher education (ISCED 5-8)
A,TE1026V,DE072C,2017,5974.0,,,DE072C,DE,,2017,higher_ed_students,Students in higher education (ISCED 5-8)
A,TE1026V,DE072C,2018,6294.0,,,DE072C,DE,,2018,higher_ed_students,Students in higher education (ISCED 5-8)
A,TE1026V,DE072C,2019,6522.0,,,DE072C,DE,,2019,higher_ed_students,Students in higher education (ISCED 5-8)
A,TE1026V,DE072C,2020,6510.0,,,DE072C,DE,,2020,higher_ed_students,Students in higher education (ISCED 5-8)
A,TE1026V,DE072C,2021,6358.0,,,DE072C,DE,,2021,higher_ed_students,Students in higher education (ISCED 5-8)
A,TE1026V,DE072C,2022,6207.0,,,DE072C,DE,,2022,higher_ed_students,Students in higher education (ISCED 5-8)
A,TE1026V,DE072C,2023,6110.0,,,DE072C,DE,,2023,higher_ed_students,Students in higher education (ISCED 5-8)
A,TE1026V,DE073C,2015,3710.0,,,DE073C,DE,,2015,higher_ed_students,Students in higher education (ISCED 5-8)
A,TE1026V,DE073C,2016,3815.0,,,DE073C,DE,,2016,higher_ed_students,Students in higher education (ISCED 5-8)
A,TE1026V,DE073C,2017,3872.0,,,DE073C,DE,,2017,higher_ed_students,Students in higher education (ISCED 5-8)
A,TE1026V,DE073C,2018,3626.0,,,DE073C,DE,,2018,higher_ed_students,Students in higher education (ISCED 5-8)
A,TE1026V,DE073C,2019,3750.0,,,DE073C,DE,,2019,higher_ed_students,Students in higher education (ISCED 5-8)
A,TE1026V,DE073C,2020,4078.0,,,DE073C,DE,,2020,higher_ed_students,Students in higher education (ISCED 5-8)
A,TE1026V,DE073C,2021,4147.0,,,DE073C,DE,,2021,higher_ed_students,Students in higher education (ISCED 5-8)
A,TE1026V,DE073C,2022,3974.0,,,DE073C,DE,,2022,higher_ed_students,Students in higher education (ISCED 5-8)
A,TE1026V,DE073C,2023,4077.0,,,DE073C,DE,,2023,higher_ed_students,Students in higher education (ISCED 5-8)
A,TE1026V,DE074C,2015,3151.0,,,DE074C,DE,,2015,higher_ed_students,Students in higher education (ISCED 5-8)
A,TE1026V,DE074C,2016,2809.0,,,DE074C,DE,,2016,higher_ed_students,Students in higher education (ISCED 5-8)
A,TE1026V,DE074C,2017,2758.0,,,DE074C,DE,,2017,higher_ed_students,Students in higher education (ISCED 5-8)
A,TE1026V,DE074C,2018,2828.0,,,DE074C,DE,,2018,higher_ed_students,Students in higher education (ISCED 5-8)
A,TE1026V,DE074C,2019,2820.0,,,DE074C,DE,,2019,higher_ed_students,Students in higher education (ISCED 5-8)
A,TE1026V,DE074C,2020,2972.0,,,DE074C,DE,,2020,higher_ed_students,Students in higher education (ISCED 5-8)
A,TE1026V,DE074C,2021,3174.0,,,DE074C,DE,,2021,higher_ed_students,Students in higher education (ISCED 5-8)
A,TE1026V,DE074C,2022,3148.0,,,DE074C,DE,,2022,higher_ed_students,Students in higher education (ISCED 5-8)
A,TE1026V,DE074C,2023,3166.0,,,DE074C,DE,,2023,higher_ed_students,Students in higher education (ISCED 5-8)
A,TE1026V,DE075C,2015,10857.0,,,DE075C,DE,,2015,higher_ed_students,Students in higher education (ISCED 5-8)
A,TE1026V,DE075C,2016,10414.0,,,DE075C,DE,,2016,higher_ed_students,Students in higher education (ISCED 5-8)
A,TE1026V,DE075C,2017,10246.0,,,DE075C,DE,,2017,higher_ed_students,Students in higher education (ISCED 5-8)
A,TE1026V,DE075C,2018,10179.0,,,DE075C,DE,,2018,higher_ed_students,Students in higher education (ISCED 5-8)
A,TE1026V,DE075C,2019,10018.0,,,DE075C,DE,,2019,higher_ed_students,Students in higher education (ISCED 5-8)
A,TE1026V,DE075C,2020,10288.0,,,DE075C,DE,,2020,higher_ed_students,Students in higher education (ISCED 5-8)
A,TE1026V,DE075C,2021,10366.0,,,DE075C,DE,,2021,higher_ed_students,Students in higher education (ISCED 5-8)
A,TE1026V,DE075C,2022,10356.0,,,DE075C,DE,,2022,higher_ed_students,Students in higher education (ISCED 5-8)
A,TE1026V,DE075C,2023,10296.0,,,DE075C,DE,,2023,higher_ed_students,Students in higher education (ISCED 5-8)
A,TE1026V,DE076C,2015,1225.0,,,DE076C,DE,,2015,higher_ed_students,Students in higher education (ISCED 5-8)
A,TE1026V,DE076C,2016,1256.0,,,DE076C,DE,,2016,higher_ed_students,Students in higher education (ISCED 5-8)
A,TE1026V,DE076C,2017,1355.0,,,DE076C,DE,,2017,higher_ed_students,Students in higher education (ISCED 5-8)
A,TE1026V,DE076C,2018,1491.0,,,DE076C,DE,,2018,higher_ed_students,Students in higher education (ISCED 5-8)
A,TE1026V,DE076C,2019,1589.0,,,DE076C,DE,,2019,higher_ed_students,Students in higher education (ISCED 5-8)
A,TE1026V,DE076C,2020,1845.0,,,DE076C,DE,,2020,higher_ed_students,Students in higher education (ISCED 5-8)
A,TE1026V,DE076C,2021,1814.0,,,DE076C,DE,,2021,higher_ed_students,Students in higher education (ISCED 5-8)
A,TE1026V,DE076C,2022,1812.0,,,DE076C,DE,,2022,higher_ed_students,Students in higher education (ISCED 5-8)
A,TE1026V,DE076C,2023,1778.0,,,DE076C,DE,,2023,higher_ed_students,Students in higher education (ISCED 5-8)
A,TE1026V,DE077C,2015,402.0,,,DE077C,DE,,2015,higher_ed_students,Students in higher education (ISCED 5-8)
A,TE1026V,DE077C,2016,430.0,,,DE077C,DE,,2016,higher_ed_students,Students in higher education (ISCED 5-8)
A,TE1026V,DE077C,2017,343.0,,,DE077C,DE,,2017,higher_ed_students,Students in higher education (ISCED 5-8)
A,TE1026V,DE077C,2018,353.0,,,DE077C,DE,,2018,higher_ed_students,Students in higher education (ISCED 5-8)
A,TE1026V,DE077C,2019,343.0,,,DE077C,DE,,2019,higher_ed_students,Students in higher education (ISCED 5-8)
A,TE1026V,DE077C,2020,279.0,,,DE077C,DE,,2020,higher_ed_students,Students in higher education (ISCED 5-8)
A,TE1026V,DE077C,2021,295.0,,,DE077C,DE,,2021,higher_ed_students,Students in higher education (ISCED 5-8)
A,TE1026V,DE077C,2022,263.0,,,DE077C,DE,,2022,higher_ed_students,Students in higher education (ISCED 5-8)
A,TE1026V,DE077C,2023,279.0,,,DE077C,DE,,2023,higher_ed_students,Students in higher education (ISCED 5-8)
A,TE1026V,DE078C,2015,11833.0,,,DE078C,DE,,2015,higher_ed_students,Students in higher education (ISCED 5-8)
A,TE1026V,DE078C,2016,11771.0,,,DE078C,DE,,2016,higher_ed_students,Students in higher education (ISCED 5-8)
A,TE1026V,DE078C,2017,12742.0,,,DE078C,DE,,2017,higher_ed_students,Students in higher education (ISCED 5-8)
A,TE1026V,DE078C,2018,12555.0,,,DE078C,DE,,2018,higher_ed_students,Students in higher education (ISCED 5-8)
A,TE1026V,DE078C,2019,12264.0,,,DE078C,DE,,2019,higher_ed_students,Students in higher education (ISCED 5-8)
A,TE1026V,DE078C,2020,12627.0,,,DE078C,DE,,2020,higher_ed_students,Students in higher education (ISCED 5-8)
A,TE1026V,DE078C,2021,11846.0,,,DE078C,DE,,2021,higher_ed_students,Students in higher education (ISCED 5-8)
A,TE1026V,DE078C,2022,11202.0,,,DE078C,DE,,2022,higher_ed_students,Students in higher education (ISCED 5-8)
A,TE1026V,DE078C,2023,10881.0,,,DE078C,DE,,2023,higher_ed_students,Students in higher education (ISCED 5-8)
A,TE1026V,DE079C,2015,1365.0,,,DE079C,DE,,2015,higher_ed_students,Students in higher education (ISCED 5-8)
A,TE1026V,DE079C,2016,1332.0,,,DE079C,DE,,2016,higher_ed_students,Students in higher education (ISCED 5-8)
A,TE1026V,DE079C,2017,1239.0,,,DE079C,DE,,2017,higher_ed_students,Students in higher education (ISCED 5-8)
A,TE1026V,DE079C,2018,1232.0,,,DE079C,DE,,2018,higher_ed_students,Students in higher education (ISCED 5-8)
A,TE1026V,DE079C,2019,1311.0,,,DE079C,DE,,2019,higher_ed_students,Students in higher education (ISCED 5-8)
A,TE1026V,DE079C,2020,1423.0,,,DE079C,DE,,2020,higher_ed_students,Students in higher education (ISCED 5-8)
A,TE1026V,DE079C,2021,1680.0,,,DE079C,DE,,2021,higher_ed_students,Students in higher education (ISCED 5-8)
A,TE1026V,DE079C,2022,1773.0,,,DE079C,DE,,2022,higher_ed_students,Students in higher education (ISCED 5-8)
A,TE1026V,DE079C,2023,1869.0,,,DE079C,DE,,2023,higher_ed_students,Students in higher education (ISCED 5-8)
A,TE1026V,DE080C,2015,44887.0,,,DE080C,DE,,2015,higher_ed_students,Students in higher education (ISCED 5-8)
A,TE1026V,DE080C,2016,45537.0,,,DE080C,DE,,2016,higher_ed_students,Students in higher education (ISCED 5-8)
A,TE1026V,DE080C,2017,49631.0,e,,DE080C,DE,,2017,higher_ed_students,Students in higher education (ISCED 5-8)
A,TE1026V,DE080C,2018,18264.0,b,,DE080C,DE,,2018,higher_ed_students,Students in higher education (ISCED 5-8)
A,TE1026V,DE080C,2019,18133.0,,,DE080C,DE,,2019,higher_ed_students,Students in higher education (ISCED 5-8)
A,TE1026V,DE080C,2020,17409.0,,,DE080C,DE,,2020,higher_ed_students,Students in higher education (ISCED 5-8)
A,TE1026V,DE080C,2021,17095.0,,,DE080C,DE,,2021,higher_ed_students,Students in higher education (ISCED 5-8)
A,TE1026V,DE080C,2022,18015.0,,,DE080C,DE,,2022,higher_ed_students,Students in higher education (ISCED 5-8)
A,TE1026V,DE080C,2023,16797.0,,,DE080C,DE,,2023,higher_ed_students,Students in higher education (ISCED 5-8)
A,TE1026V,DE081C,2015,26241.0,,,DE081C,DE,,2015,higher_ed_students,Students in higher education (ISCED 5-8)
A,TE1026V,DE081C,2016,26185.0,,,DE081C,DE,,2016,higher_ed_students,Students in higher education (ISCED 5-8)
A,TE1026V,DE081C,2017,28373.0,,,DE081C,DE,,2017,higher_ed_students,Students in higher education (ISCED 5-8)
A,TE1026V,DE081C,2018,26513.0,,,DE081C,DE,,2018,higher_ed_students,Students in higher education (ISCED 5-8)
A,TE1026V,DE081C,2019,28657.0,,,DE081C,DE,,2019,higher_ed_students,Students in higher education (ISCED 5-8)
A,TE1026V,DE081C,2020,28269.0,,,DE081C,DE,,2020,higher_ed_students,Students in higher education (ISCED 5-8)
A,TE1026V,DE081C,2021,28055.0,,,DE081C,DE,,2021,higher_ed_students,Students in higher education (ISCED 5-8)
A,TE1026V,DE081C,2022,28183.0,,,DE081C,DE,,2022,higher_ed_students,Students in higher education (ISCED 5-8)
A,TE1026V,DE081C,2023,28008.0,,,DE081C,DE,,2023,higher_ed_students,Students in higher education (ISCED 5-8)
A,TE1026V,DE082C,2015,6007.0,,,DE082C,DE,,2015,higher_ed_students,Students in higher education (ISCED 5-8)
A,TE1026V,DE082C,2016,5899.0,,,DE082C,DE,,2016,higher_ed_students,Students in higher education (ISCED 5-8)
A,TE1026V,DE082C,2017,6168.0,,,DE082C,DE,,2017,higher_ed_students,Students in higher education (ISCED 5-8)
A,TE1026V,DE082C,2018,6301.0,,,DE082C,DE,,2018,higher_ed_students,Students in higher education (ISCED 5-8)
A,TE1026V,DE082C,2019,5849.0,,,DE082C,DE,,2019,higher_ed_students,Students in higher education (ISCED 5-8)
A,TE1026V,DE082C,2020,5678.0,,,DE082C,DE,,2020,higher_ed_students,Students in higher education (ISCED 5-8)
A,TE1026V,DE082C,2021,5634.0,,,DE082C,DE,,2021,higher_ed_students,Students in higher education (ISCED 5-8)
A,TE1026V,DE082C,2022,5518.0,,,DE082C,DE,,2022,higher_ed_students,Students in higher education (ISCED 5-8)
A,TE1026V,DE082C,2023,5415.0,,,DE082C,DE,,2023,higher_ed_students,Students in higher education (ISCED 5-8)
A,TE1026V,DE083C,2015,56719.0,,,DE083C,DE,,2015,higher_ed_students,Students in higher education (ISCED 5-8)
A,TE1026V,DE083C,2016,58250.0,,,DE083C,DE,,2016,higher_ed_students,Students in higher education (ISCED 5-8)
A,TE1026V,DE083C,2017,60089.0,,,DE083C,DE,,2017,higher_ed_students,Students in higher education (ISCED 5-8)
A,TE1026V,DE083C,2018,60945.0,,,DE083C,DE,,2018,higher_ed_students,Students in higher education (ISCED 5-8)
A,TE1026V,DE083C,2019,61734.0,,,DE083C,DE,,2019,higher_ed_students,Students in higher education (ISCED 5-8)
A,TE1026V,DE083C,2020,61893.0,,,DE083C,DE,,2020,higher_ed_students,Students in higher education (ISCED 5-8)
A,TE1026V,DE083C,2021,62250.0,,,DE083C,DE,,2021,higher_ed_students,Students in higher education (ISCED 5-8)
A,TE1026V,DE083C,2022,62967.0,,,DE083C,DE,,2022,higher_ed_students,Students in higher education (ISCED 5-8)
A,TE1026V,DE083C,2023,61188.0,,,DE083C,DE,,2023,higher_ed_students,Students in higher education (ISCED 5-8)
A,TE1026V,DE084C,2015,11410.0,,,DE084C,DE,,2015,higher_ed_students,Students in higher education (ISCED 5-8)
A,TE1026V,DE084C,2016,10893.0,,,DE084C,DE,,2016,higher_ed_students,Students in higher education (ISCED 5-8)
A,TE1026V,DE084C,2017,10482.0,,,DE084C,DE,,2017,higher_ed_students,Students in higher education (ISCED 5-8)
A,TE1026V,DE084C,2018,10378.0,,,DE084C,DE,,2018,higher_ed_students,Students in higher education (ISCED 5-8)
A,TE1026V,DE084C,2019,9873.0,,,DE084C,DE,,2019,higher_ed_students,Students in higher education (ISCED 5-8)
A,TE1026V,DE084C,2020,9752.0,,,DE084C,DE,,2020,higher_ed_students,Students in higher education (ISCED 5-8)
A,TE1026V,DE084C,2021,9670.0,,,DE084C,DE,,2021,higher_ed_students,Students in higher education (ISCED 5-8)
A,TE1026V,DE084C,2022,9291.0,,,DE084C,DE,,2022,higher_ed_students,Students in higher education (ISCED 5-8)
A,TE1026V,DE084C,2023,8455.0,,,DE084C,DE,,2023,higher_ed_students,Students in higher education (ISCED 5-8)
A,TE1026V,DE085C,2015,20500.0,,,DE085C,DE,,2015,higher_ed_students,Students in higher education (ISCED 5-8)
A,TE1026V,DE085C,2016,21064.0,,,DE085C,DE,,2016,higher_ed_students,Students in higher education (ISCED 5-8)
A,TE1026V,DE085C,2017,21116.0,,,DE085C,DE,,2017,higher_ed_students,Students in higher education (ISCED 5-8)
A,TE1026V,DE085C,2018,21000.0,,,DE085C,DE,,2018,higher_ed_students,Students in higher education (ISCED 5-8)
A,TE1026V,DE085C,2019,20729.0,,,DE085C,DE,,2019,higher_ed_students,Students in higher education (ISCED 5-8)
A,TE1026V,DE085C,2020,19577.0,,,DE085C,DE,,2020,higher_ed_students,Students in higher education (ISCED 5-8)
A,TE1026V,DE085C,2021,18756.0,,,DE085C,DE,,2021,higher_ed_students,Students in higher education (ISCED 5-8)
A,TE1026V,DE085C,2022,17746.0,,,DE085C,DE,,2022,higher_ed_students,Students in higher education (ISCED 5-8)
A,TE1026V,DE085C,2023,17007.0,,,DE085C,DE,,2023,higher_ed_students,Students in higher education (ISCED 5-8)
A,TE1026V,DE086C,2015,54589.0,,,DE086C,DE,,2015,higher_ed_students,Students in higher education (ISCED 5-8)
A,TE1026V,DE086C,2016,56177.0,,,DE086C,DE,,2016,higher_ed_students,Students in higher education (ISCED 5-8)
A,TE1026V,DE086C,2017,57573.0,,,DE086C,DE,,2017,higher_ed_students,Students in higher education (ISCED 5-8)
A,TE1026V,DE086C,2018,58115.0,,,DE086C,DE,,2018,higher_ed_students,Students in higher education (ISCED 5-8)
A,TE1026V,DE086C,2019,58931.0,,,DE086C,DE,,2019,higher_ed_students,Students in higher education (ISCED 5-8)
A,TE1026V,DE086C,2020,61242.0,,,DE086C,DE,,2020,higher_ed_students,Students in higher education (ISCED 5-8)
A,TE1026V,DE086C,2021,61362.0,,,DE086C,DE,,2021,higher_ed_students,Students in higher education (ISCED 5-8)
A,TE1026V,DE086C,2022,60315.0,,,DE086C,DE,,2022,higher_ed_students,Students in higher education (ISCED 5-8)
A,TE1026V,DE086C,2023,57896.0,,,DE086C,DE,,2023,higher_ed_students,Students in higher education (ISCED 5-8)
A,TE1026V,DE087C,2015,6460.0,,,DE087C,DE,,2015,higher_ed_students,Students in higher education (ISCED 5-8)
A,TE1026V,DE087C,2016,6380.0,,,DE087C,DE,,2016,higher_ed_students,Students in higher education (ISCED 5-8)
A,TE1026V,DE087C,2017,6059.0,,,DE087C,DE,,2017,higher_ed_students,Students in higher education (ISCED 5-8)
A,TE1026V,DE087C,2018,5923.0,,,DE087C,DE,,2018,higher_ed_students,Students in higher education (ISCED 5-8)
A,TE1026V,DE087C,2019,5802.0,,,DE087C,DE,,2019,higher_ed_students,Students in higher education (ISCED 5-8)
A,TE1026V,DE087C,2020,5657.0,,,DE087C,DE,,2020,higher_ed_students,Students in higher education (ISCED 5-8)
A,TE1026V,DE087C,2021,5370.0,,,DE087C,DE,,2021,higher_ed_students,Students in higher education (ISCED 5-8)
A,TE1026V,DE087C,2022,5002.0,,,DE087C,DE,,2022,higher_ed_students,Students in higher education (ISCED 5-8)
A,TE1026V,DE087C,2023,4850.0,,,DE087C,DE,,2023,higher_ed_students,Students in higher education (ISCED 5-8)
A,TE1026V,DE089C,2015,9261.0,,,DE089C,DE,,2015,higher_ed_students,Students in higher education (ISCED 5-8)
A,TE1026V,DE089C,2016,10117.0,,,DE089C,DE,,2016,higher_ed_students,Students in higher education (ISCED 5-8)
A,TE1026V,DE089C,2017,10651.0,,,DE089C,DE,,2017,higher_ed_students,Students in higher education (ISCED 5-8)
A,TE1026V,DE089C,2018,11620.0,,,DE089C,DE,,2018,higher_ed_students,Students in higher education (ISCED 5-8)
A,TE1026V,DE089C,2019,11973.0,,,DE089C,DE,,2019,higher_ed_students,Students in higher education (ISCED 5-8)
A,TE1026V,DE089C,2020,12618.0,,,DE089C,DE,,2020,higher_ed_students,Students in higher education (ISCED 5-8)
A,TE1026V,DE089C,2021,13850.0,,,DE089C,DE,,2021,higher_ed_students,Students in higher education (ISCED 5-8)
A,TE1026V,DE089C,2022,13457.0,,,DE089C,DE,,2022,higher_ed_students,Students in higher education (ISCED 5-8)
A,TE1026V,DE089C,2023,13430.0,,,DE089C,DE,,2023,higher_ed_students,Students in higher education (ISCED 5-8)
A,TE1026V,DE090C,2015,4340.0,,,DE090C,DE,,2015,higher_ed_students,Students in higher education (ISCED 5-8)
A,TE1026V,DE090C,2016,3763.0,,,DE090C,DE,,2016,higher_ed_students,Students in higher education (ISCED 5-8)
A,TE1026V,DE090C,2017,3840.0,,,DE090C,DE,,2017,higher_ed_students,Students in higher education (ISCED 5-8)
A,TE1026V,DE090C,2018,3804.0,,,DE090C,DE,,2018,higher_ed_students,Students in higher education (ISCED 5-8)
A,TE1026V,DE090C,2019,3761.0,,,DE090C,DE,,2019,higher_ed_students,Students in higher education (ISCED 5-8)
A,TE1026V,DE090C,2020,3684.0,,,DE090C,DE,,2020,higher_ed_students,Students in higher education (ISCED 5-8)
A,TE1026V,DE090C,2021,3616.0,,,DE090C,DE,,2021,higher_ed_students,Students in higher education (ISCED 5-8)
A,TE1026V,DE090C,2022,3468.0,,,DE090C,DE,,2022,higher_ed_students,Students in higher education (ISCED 5-8)
A,TE1026V,DE090C,2023,3372.0,,,DE090C,DE,,2023,higher_ed_students,Students in higher education (ISCED 5-8)
A,TE1026V,DE091C,2015,28173.0,,,DE091C,DE,,2015,higher_ed_students,Students in higher education (ISCED 5-8)
A,TE1026V,DE091C,2016,29435.0,,,DE091C,DE,,2016,higher_ed_students,Students in higher education (ISCED 5-8)
A,TE1026V,DE091C,2017,30496.0,,,DE091C,DE,,2017,higher_ed_students,Students in higher education (ISCED 5-8)
A,TE1026V,DE091C,2018,31380.0,,,DE091C,DE,,2018,higher_ed_students,Students in higher education (ISCED 5-8)
A,TE1026V,DE091C,2019,32820.0,,,DE091C,DE,,2019,higher_ed_students,Students in higher education (ISCED 5-8)
A,TE1026V,DE091C,2020,32478.0,,,DE091C,DE,,2020,higher_ed_students,Students in higher education (ISCED 5-8)
A,TE1026V,DE091C,2021,32442.0,,,DE091C,DE,,2021,higher_ed_students,Students in higher education (ISCED 5-8)
A,TE1026V,DE091C,2022,30588.0,,,DE091C,DE,,2022,higher_ed_students,Students in higher education (ISCED 5-8)
A,TE1026V,DE091C,2023,28038.0,,,DE091C,DE,,2023,higher_ed_students,Students in higher education (ISCED 5-8)
A,TE1026V,DE092C,2015,3083.0,,,DE092C,DE,,2015,higher_ed_students,Students in higher education (ISCED 5-8)
A,TE1026V,DE092C,2016,3633.0,,,DE092C,DE,,2016,higher_ed_students,Students in higher education (ISCED 5-8)
A,TE1026V,DE092C,2017,3893.0,,,DE092C,DE,,2017,higher_ed_students,Students in higher education (ISCED 5-8)
A,TE1026V,DE092C,2018,3997.0,,,DE092C,DE,,2018,higher_ed_students,Students in higher education (ISCED 5-8)
A,TE1026V,DE092C,2019,4061.0,,,DE092C,DE,,2019,higher_ed_students,Students in higher education (ISCED 5-8)
A,TE1026V,DE092C,2020,3938.0,,,DE092C,DE,,2020,higher_ed_students,Students in higher education (ISCED 5-8)
A,TE1026V,DE092C,2021,3743.0,,,DE092C,DE,,2021,higher_ed_students,Students in higher education (ISCED 5-8)
A,TE1026V,DE092C,2022,3465.0,,,DE092C,DE,,2022,higher_ed_students,Students in higher education (ISCED 5-8)
A,TE1026V,DE092C,2023,3167.0,,,DE092C,DE,,2023,higher_ed_students,Students in higher education (ISCED 5-8)
A,TE1026V,DE093C,2019,311.0,,,DE093C,DE,,2019,higher_ed_students,Students in higher education (ISCED 5-8)
A,TE1026V,DE093C,2020,422.0,,,DE093C,DE,,2020,higher_ed_students,Students in higher education (ISCED 5-8)
A,TE1026V,DE093C,2021,212.0,,,DE093C,DE,,2021,higher_ed_students,Students in higher education (ISCED 5-8)
A,TE1026V,DE093C,2023,0.0,,,DE093C,DE,,2023,higher_ed_students,Students in higher education (ISCED 5-8)
A,TE1026V,DE095C,2015,24609.0,,,DE095C,DE,,2015,higher_ed_students,Students in higher education (ISCED 5-8)
A,TE1026V,DE095C,2016,25358.0,,,DE095C,DE,,2016,higher_ed_students,Students in higher education (ISCED 5-8)
A,TE1026V,DE095C,2017,25605.0,,,DE095C,DE,,2017,higher_ed_students,Students in higher education (ISCED 5-8)
A,TE1026V,DE095C,2018,25775.0,,,DE095C,DE,,2018,higher_ed_students,Students in higher education (ISCED 5-8)
A,TE1026V,DE095C,2019,25663.0,,,DE095C,DE,,2019,higher_ed_students,Students in higher education (ISCED 5-8)
A,TE1026V,DE095C,2020,25834.0,,,DE095C,DE,,2020,higher_ed_students,Students in higher education (ISCED 5-8)
A,TE1026V,DE095C,2021,24968.0,,,DE095C,DE,,2021,higher_ed_students,Students in higher education (ISCED 5-8)
A,TE1026V,DE095C,2022,24655.0,,,DE095C,DE,,2022,higher_ed_students,Students in higher education (ISCED 5-8)
A,TE1026V,DE095C,2023,24208.0,,,DE095C,DE,,2023,higher_ed_students,Students in higher education (ISCED 5-8)
A,TE1026V,DE096C,2015,4368.0,,,DE096C,DE,,2015,higher_ed_students,Students in higher education (ISCED 5-8)
A,TE1026V,DE096C,2016,4320.0,,,DE096C,DE,,2016,higher_ed_students,Students in higher education (ISCED 5-8)
A,TE1026V,DE096C,2017,4478.0,,,DE096C,DE,,2017,higher_ed_students,Students in higher education (ISCED 5-8)
A,TE1026V,DE096C,2018,4674.0,,,DE096C,DE,,2018,higher_ed_students,Students in higher education (ISCED 5-8)
A,TE1026V,DE096C,2019,4596.0,,,DE096C,DE,,2019,higher_ed_students,Students in higher education (ISCED 5-8)
A,TE1026V,DE096C,2020,4831.0,,,DE096C,DE,,2020,higher_ed_students,Students in higher education (ISCED 5-8)
A,TE1026V,DE096C,2021,4758.0,,,DE096C,DE,,2021,higher_ed_students,Students in higher education (ISCED 5-8)
A,TE1026V,DE096C,2022,4400.0,,,DE096C,DE,,2022,higher_ed_students,Students in higher education (ISCED 5-8)
A,TE1026V,DE096C,2023,4195.0,,,DE096C,DE,,2023,higher_ed_students,Students in higher education (ISCED 5-8)
A,TE1026V,DE097C,2015,688.0,,,DE097C,DE,,2015,higher_ed_students,Students in higher education (ISCED 5-8)
A,TE1026V,DE097C,2016,734.0,,,DE097C,DE,,2016,higher_ed_students,Students in higher education (ISCED 5-8)
A,TE1026V,DE097C,2017,846.0,,,DE097C,DE,,2017,higher_ed_students,Students in higher education (ISCED 5-8)
A,TE1026V,DE097C,2018,811.0,,,DE097C,DE,,2018,higher_ed_students,Students in higher education (ISCED 5-8)
A,TE1026V,DE097C,2019,881.0,,,DE097C,DE,,2019,higher_ed_students,Students in higher education (ISCED 5-8)
A,TE1026V,DE097C,2020,871.0,,,DE097C,DE,,2020,higher_ed_students,Students in higher education (ISCED 5-8)
A,TE1026V,DE097C,2021,869.0,,,DE097C,DE,,2021,higher_ed_students,Students in higher education (ISCED 5-8)
A,TE1026V,DE097C,2022,874.0,,,DE097C,DE,,2022,higher_ed_students,Students in higher education (ISCED 5-8)
A,TE1026V,DE097C,2023,788.0,,,DE097C,DE,,2023,higher_ed_students,Students in higher education (ISCED 5-8)
A,TE1026V,DE098C,2015,16289.0,,,DE098C,DE,,2015,higher_ed_students,Students in higher education (ISCED 5-8)
A,TE1026V,DE098C,2016,16908.0,,,DE098C,DE,,2016,higher_ed_students,Students in higher education (ISCED 5-8)
A,TE1026V,DE098C,2017,17451.0,,,DE098C,DE,,2017,higher_ed_students,Students in higher education (ISCED 5-8)
A,TE1026V,DE098C,2018,17492.0,,,DE098C,DE,,2018,higher_ed_students,Students in higher education (ISCED 5-8)
A,TE1026V,DE098C,2019,17906.0,,,DE098C,DE,,2019,higher_ed_students,Students in higher education (ISCED 5-8)
A,TE1026V,DE098C,2020,17846.0,,,DE098C,DE,,2020,higher_ed_students,Students in higher education (ISCED 5-8)
A,TE1026V,DE098C,2021,17542.0,,,DE098C,DE,,2021,higher_ed_students,Students in higher education (ISCED 5-8)
A,TE1026V,DE098C,2022,17592.0,,,DE098C,DE,,2022,higher_ed_students,Students in higher education (ISCED 5-8)
A,TE1026V,DE098C,2023,17270.0,,,DE098C,DE,,2023,higher_ed_students,Students in higher education (ISCED 5-8)
A,TE1026V,DE099C,2015,1300.0,,,DE099C,DE,,2015,higher_ed_students,Students in higher education (ISCED 5-8)
A,TE1026V,DE099C,2016,1254.0,,,DE099C,DE,,2016,higher_ed_students,Students in higher education (ISCED 5-8)
A,TE1026V,DE099C,2017,1210.0,,,DE099C,DE,,2017,higher_ed_students,Students in higher education (ISCED 5-8)
A,TE1026V,DE099C,2018,1274.0,,,DE099C,DE,,2018,higher_ed_students,Students in higher education (ISCED 5-8)
A,TE1026V,DE099C,2019,1230.0,,,DE099C,DE,,2019,higher_ed_students,Students in higher education (ISCED 5-8)
A,TE1026V,DE099C,2020,1165.0,,,DE099C,DE,,2020,higher_ed_students,Students in higher education (ISCED 5-8)
A,TE1026V,DE099C,2021,940.0,,,DE099C,DE,,2021,higher_ed_students,Students in higher education (ISCED 5-8)
A,TE1026V,DE099C,2022,618.0,,,DE099C,DE,,2022,higher_ed_students,Students in higher education (ISCED 5-8)
A,TE1026V,DE099C,2023,542.0,,,DE099C,DE,,2023,higher_ed_students,Students in higher education (ISCED 5-8)
A,TE1026V,DE100C,2015,37600.0,,,DE100C,DE,,2015,higher_ed_students,Students in higher education (ISCED 5-8)
A,TE1026V,DE100C,2016,37624.0,,,DE100C,DE,,2016,higher_ed_students,Students in higher education (ISCED 5-8)
A,TE1026V,DE100C,2017,35126.0,,,DE100C,DE,,2017,higher_ed_students,Students in higher education (ISCED 5-8)
A,TE1026V,DE100C,2018,36254.0,,,DE100C,DE,,2018,higher_ed_students,Students in higher education (ISCED 5-8)
A,TE1026V,DE100C,2019,34385.0,,,DE100C,DE,,2019,higher_ed_students,Students in higher education (ISCED 5-8)
A,TE1026V,DE100C,2020,34732.0,,,DE100C,DE,,2020,higher_ed_students,Students in higher education (ISCED 5-8)
A,TE1026V,DE100C,2021,35562.0,,,DE100C,DE,,2021,higher_ed_students,Students in higher education (ISCED 5-8)
A,TE1026V,DE100C,2022,36274.0,,,DE100C,DE,,2022,higher_ed_students,Students in higher education (ISCED 5-8)
A,TE1026V,DE100C,2023,36336.0,,,DE100C,DE,,2023,higher_ed_students,Students in higher education (ISCED 5-8)
A,TE1026V,DE101C,2015,21610.0,,,DE101C,DE,,2015,higher_ed_students,Students in higher education (ISCED 5-8)
A,TE1026V,DE101C,2016,22072.0,,,DE101C,DE,,2016,higher_ed_students,Students in higher education (ISCED 5-8)
A,TE1026V,DE101C,2017,21990.0,,,DE101C,DE,,2017,higher_ed_students,Students in higher education (ISCED 5-8)
A,TE1026V,DE101C,2018,22159.0,,,DE101C,DE,,2018,higher_ed_students,Students in higher education (ISCED 5-8)
A,TE1026V,DE101C,2019,22173.0,,,DE101C,DE,,2019,higher_ed_students,Students in higher education (ISCED 5-8)
A,TE1026V,DE101C,2020,21796.0,,,DE101C,DE,,2020,higher_ed_students,Students in higher education (ISCED 5-8)
A,TE1026V,DE101C,2021,20866.0,,,DE101C,DE,,2021,higher_ed_students,Students in higher education (ISCED 5-8)
A,TE1026V,DE101C,2022,20286.0,,,DE101C,DE,,2022,higher_ed_students,Students in higher education (ISCED 5-8)
A,TE1026V,DE101C,2023,18997.0,,,DE101C,DE,,2023,higher_ed_students,Students in higher education (ISCED 5-8)
A,TE1026V,DE102C,2015,34687.0,,,DE102C,DE,,2015,higher_ed_students,Students in higher education (ISCED 5-8)
A,TE1026V,DE102C,2016,34817.0,,,DE102C,DE,,2016,higher_ed_students,Students in higher education (ISCED 5-8)
A,TE1026V,DE102C,2017,34758.0,,,DE102C,DE,,2017,higher_ed_students,Students in higher education (ISCED 5-8)
A,TE1026V,DE102C,2018,34388.0,,,DE102C,DE,,2018,higher_ed_students,Students in higher education (ISCED 5-8)
A,TE1026V,DE102C,2019,34218.0,,,DE102C,DE,,2019,higher_ed_students,Students in higher education (ISCED 5-8)
A,TE1026V,DE102C,2020,34324.0,,,DE102C,DE,,2020,higher_ed_students,Students in higher education (ISCED 5-8)
A,TE1026V,DE102C,2021,33602.0,,,DE102C,DE,,2021,higher_ed_students,Students in higher education (ISCED 5-8)
A,TE1026V,DE102C,2022,33281.0,,,DE102C,DE,,2022,higher_ed_students,Students in higher education (ISCED 5-8)
A,TE1026V,DE102C,2023,32740.0,,,DE102C,DE,,2023,higher_ed_students,Students in higher education (ISCED 5-8)
A,TE1026V,DE103C,2015,2329.0,,,DE103C,DE,,2015,higher_ed_students,Students in higher education (ISCED 5-8)
A,TE1026V,DE103C,2016,2305.0,,,DE103C,DE,,2016,higher_ed_students,Students in higher education (ISCED 5-8)
A,TE1026V,DE103C,2017,2207.0,,,DE103C,DE,,2017,higher_ed_students,Students in higher education (ISCED 5-8)
A,TE1026V,DE103C,2018,2096.0,,,DE103C,DE,,2018,higher_ed_students,Students in higher education (ISCED 5-8)
A,TE1026V,DE103C,2019,2140.0,,,DE103C,DE,,2019,higher_ed_students,Students in higher education (ISCED 5-8)
A,TE1026V,DE103C,2020,2164.0,,,DE103C,DE,,2020,higher_ed_students,Students in higher education (ISCED 5-8)
A,TE1026V,DE103C,2021,2048.0,,,DE103C,DE,,2021,higher_ed_students,Students in higher education (ISCED 5-8)
A,TE1026V,DE103C,2022,1885.0,,,DE103C,DE,,2022,higher_ed_students,Students in higher education (ISCED 5-8)
A,TE1026V,DE103C,2023,1799.0,,,DE103C,DE,,2023,higher_ed_students,Students in higher education (ISCED 5-8)
A,TE1026V,DE104C,2015,3346.0,,,DE104C,DE,,2015,higher_ed_students,Students in higher education (ISCED 5-8)
A,TE1026V,DE104C,2016,3206.0,,,DE104C,DE,,2016,higher_ed_students,Students in higher education (ISCED 5-8)
A,TE1026V,DE104C,2017,3092.0,,,DE104C,DE,,2017,higher_ed_students,Students in higher education (ISCED 5-8)
A,TE1026V,DE104C,2018,3025.0,,,DE104C,DE,,2018,higher_ed_students,Students in higher education (ISCED 5-8)
A,TE1026V,DE104C,2019,2894.0,,,DE104C,DE,,2019,higher_ed_students,Students in higher education (ISCED 5-8)
A,TE1026V,DE104C,2020,2879.0,,,DE104C,DE,,2020,higher_ed_students,Students in higher education (ISCED 5-8)
A,TE1026V,DE104C,2021,2695.0,,,DE104C,DE,,2021,higher_ed_students,Students in higher education (ISCED 5-8)
A,TE1026V,DE104C,2022,2516.0,,,DE104C,DE,,2022,higher_ed_students,Students in higher education (ISCED 5-8)
A,TE1026V,DE104C,2023,2260.0,,,DE104C,DE,,2023,higher_ed_students,Students in higher education (ISCED 5-8)
A,TE1026V,DE105C,2017,2986.0,,,DE105C,DE,,2017,higher_ed_students,Students in higher education (ISCED 5-8)
A,TE1026V,DE105C,2019,2921.0,,,DE105C,DE,,2019,higher_ed_students,Students in higher education (ISCED 5-8)
A,TE1026V,DE105C,2020,2840.0,,,DE105C,DE,,2020,higher_ed_students,Students in higher education (ISCED 5-8)
A,TE1026V,DE105C,2021,2816.0,,,DE105C,DE,,2021,higher_ed_students,Students in higher education (ISCED 5-8)
A,TE1026V,DE105C,2022,2852.0,,,DE105C,DE,,2022,higher_ed_students,Students in higher education (ISCED 5-8)
A,TE1026V,DE105C,2023,2770.0,,,DE105C,DE,,2023,higher_ed_students,Students in higher education (ISCED 5-8)
A,TE1026V,DE106C,2015,1134.0,,,DE106C,DE,,2015,higher_ed_students,Students in higher education (ISCED 5-8)
A,TE1026V,DE106C,2016,1495.0,,,DE106C,DE,,2016,higher_ed_students,Students in higher education (ISCED 5-8)
A,TE1026V,DE106C,2017,1480.0,,,DE106C,DE,,2017,higher_ed_students,Students in higher education (ISCED 5-8)
A,TE1026V,DE106C,2018,1720.0,,,DE106C,DE,,2018,higher_ed_students,Students in higher education (ISCED 5-8)
A,TE1026V,DE106C,2019,1596.0,,,DE106C,DE,,2019,higher_ed_students,Students in higher education (ISCED 5-8)
A,TE1026V,DE106C,2020,1605.0,,,DE106C,DE,,2020,higher_ed_students,Students in higher education (ISCED 5-8)
A,TE1026V,DE106C,2021,1563.0,,,DE106C,DE,,2021,higher_ed_students,Students in higher education (ISCED 5-8)
A,TE1026V,DE106C,2022,1422.0,,,DE106C,DE,,2022,higher_ed_students,Students in higher education (ISCED 5-8)
A,TE1026V,DE106C,2023,1299.0,,,DE106C,DE,,2023,higher_ed_students,Students in higher education (ISCED 5-8)
A,TE1026V,DE107C,2015,7620.0,,,DE107C,DE,,2015,higher_ed_students,Students in higher education (ISCED 5-8)
A,TE1026V,DE107C,2016,8043.0,,,DE107C,DE,,2016,higher_ed_students,Students in higher education (ISCED 5-8)
A,TE1026V,DE107C,2017,8268.0,,,DE107C,DE,,2017,higher_ed_students,Students in higher education (ISCED 5-8)
A,TE1026V,DE107C,2018,8546.0,,,DE107C,DE,,2018,higher_ed_students,Students in higher education (ISCED 5-8)
A,TE1026V,DE107C,2019,8467.0,,,DE107C,DE,,2019,higher_ed_students,Students in higher education (ISCED 5-8)
A,TE1026V,DE107C,2020,8821.0,,,DE107C,DE,,2020,higher_ed_students,Students in higher education (ISCED 5-8)
A,TE1026V,DE107C,2021,8791.0,,,DE107C,DE,,2021,higher_ed_students,Students in higher education (ISCED 5-8)
A,TE1026V,DE107C,2022,9052.0,,,DE107C,DE,,2022,higher_ed_students,Students in higher education (ISCED 5-8)
A,TE1026V,DE107C,2023,8961.0,,,DE107C,DE,,2023,higher_ed_students,Students in higher education (ISCED 5-8)
A,TE1026V,DE109C,2015,693.0,,,DE109C,DE,,2015,higher_ed_students,Students in higher education (ISCED 5-8)
A,TE1026V,DE109C,2016,704.0,,,DE109C,DE,,2016,higher_ed_students,Students in higher education (ISCED 5-8)
A,TE1026V,DE109C,2017,754.0,,,DE109C,DE,,2017,higher_ed_students,Students in higher education (ISCED 5-8)
A,TE1026V,DE109C,2018,769.0,,,DE109C,DE,,2018,higher_ed_students,Students in higher education (ISCED 5-8)
A,TE1026V,DE109C,2019,779.0,,,DE109C,DE,,2019,higher_ed_students,Students in higher education (ISCED 5-8)
A,TE1026V,DE109C,2020,808.0,,,DE109C,DE,,2020,higher_ed_students,Students in higher education (ISCED 5-8)
A,TE1026V,DE109C,2021,780.0,,,DE109C,DE,,2021,higher_ed_students,Students in higher education (ISCED 5-8)
A,TE1026V,DE109C,2022,786.0,,,DE109C,DE,,2022,higher_ed_students,Students in higher education (ISCED 5-8)
A,TE1026V,DE109C,2023,795.0,,,DE109C,DE,,2023,higher_ed_students,Students in higher education (ISCED 5-8)
A,TE1026V,DE110C,2015,14697.0,,,DE110C,DE,,2015,higher_ed_students,Students in higher education (ISCED 5-8)
A,TE1026V,DE110C,2016,14659.0,,,DE110C,DE,,2016,higher_ed_students,Students in higher education (ISCED 5-8)
A,TE1026V,DE110C,2017,14600.0,,,DE110C,DE,,2017,higher_ed_students,Students in higher education (ISCED 5-8)
A,TE1026V,DE110C,2018,14204.0,,,DE110C,DE,,2018,higher_ed_students,Students in higher education (ISCED 5-8)
A,TE1026V,DE110C,2019,13946.0,,,DE110C,DE,,2019,higher_ed_students,Students in higher education (ISCED 5-8)
A,TE1026V,DE110C,2020,14025.0,,,DE110C,DE,,2020,higher_ed_students,Students in higher education (ISCED 5-8)
A,TE1026V,DE110C,2021,13785.0,,,DE110C,DE,,2021,higher_ed_students,Students in higher education (ISCED 5-8)
A,TE1026V,DE110C,2022,13437.0,,,DE110C,DE,,2022,higher_ed_students,Students in higher education (ISCED 5-8)
A,TE1026V,DE110C,2023,12944.0,,,DE110C,DE,,2023,higher_ed_students,Students in higher education (ISCED 5-8)
A,TE1026V,DE111C,2015,6140.0,,,DE111C,DE,,2015,higher_ed_students,Students in higher education (ISCED 5-8)
A,TE1026V,DE111C,2016,6032.0,,,DE111C,DE,,2016,higher_ed_students,Students in higher education (ISCED 5-8)
A,TE1026V,DE111C,2017,6093.0,,,DE111C,DE,,2017,higher_ed_students,Students in higher education (ISCED 5-8)
A,TE1026V,DE111C,2018,6112.0,,,DE111C,DE,,2018,higher_ed_students,Students in higher education (ISCED 5-8)
A,TE1026V,DE111C,2019,5962.0,,,DE111C,DE,,2019,higher_ed_students,Students in higher education (ISCED 5-8)
A,TE1026V,DE111C,2020,5913.0,,,DE111C,DE,,2020,higher_ed_students,Students in higher education (ISCED 5-8)
A,TE1026V,DE111C,2021,5753.0,,,DE111C,DE,,2021,higher_ed_students,Students in higher education (ISCED 5-8)
A,TE1026V,DE111C,2022,5654.0,,,DE111C,DE,,2022,higher_ed_students,Students in higher education (ISCED 5-8)
A,TE1026V,DE111C,2023,5659.0,,,DE111C,DE,,2023,higher_ed_students,Students in higher education (ISCED 5-8)
A,TE1026V,DE112C,2015,6276.0,,,DE112C,DE,,2015,higher_ed_students,Students in higher education (ISCED 5-8)
A,TE1026V,DE112C,2016,6336.0,,,DE112C,DE,,2016,higher_ed_students,Students in higher education (ISCED 5-8)
A,TE1026V,DE112C,2017,6396.0,,,DE112C,DE,,2017,higher_ed_students,Students in higher education (ISCED 5-8)
A,TE1026V,DE112C,2018,6734.0,,,DE112C,DE,,2018,higher_ed_students,Students in higher education (ISCED 5-8)
A,TE1026V,DE112C,2019,6700.0,,,DE112C,DE,,2019,higher_ed_students,Students in higher education (ISCED 5-8)
A,TE1026V,DE112C,2020,6918.0,,,DE112C,DE,,2020,higher_ed_students,Students in higher education (ISCED 5-8)
A,TE1026V,DE112C,2021,7166.0,,,DE112C,DE,,2021,higher_ed_students,Students in higher education (ISCED 5-8)
A,TE1026V,DE112C,2022,7662.0,,,DE112C,DE,,2022,higher_ed_students,Students in higher education (ISCED 5-8)
A,TE1026V,DE112C,2023,8172.0,,,DE112C,DE,,2023,higher_ed_students,Students in higher education (ISCED 5-8)
A,TE1026V,DE113C,2015,928.0,,,DE113C,DE,,2015,higher_ed_students,Students in higher education (ISCED 5-8)
A,TE1026V,DE113C,2016,1742.0,,,DE113C,DE,,2016,higher_ed_students,Students in higher education (ISCED 5-8)
A,TE1026V,DE113C,2017,1829.0,,,DE113C,DE,,2017,higher_ed_students,Students in higher education (ISCED 5-8)
A,TE1026V,DE113C,2018,2008.0,,,DE113C,DE,,2018,higher_ed_students,Students in higher education (ISCED 5-8)
A,TE1026V,DE113C,2019,2122.0,,,DE113C,DE,,2019,higher_ed_students,Students in higher education (ISCED 5-8)
A,TE1026V,DE113C,2020,2255.0,,,DE113C,DE,,2020,higher_ed_students,Students in higher education (ISCED 5-8)
A,TE1026V,DE113C,2021,2390.0,,,DE113C,DE,,2021,higher_ed_students,Students in higher education (ISCED 5-8)
A,TE1026V,DE113C,2022,2347.0,,,DE113C,DE,,2022,higher_ed_students,Students in higher education (ISCED 5-8)
A,TE1026V,DE113C,2023,2460.0,,,DE113C,DE,,2023,higher_ed_students,Students in higher education (ISCED 5-8)
A,TE1026V,DE114C,2015,2521.0,,,DE114C,DE,,2015,higher_ed_students,Students in higher education (ISCED 5-8)
A,TE1026V,DE114C,2016,2497.0,,,DE114C,DE,,2016,higher_ed_students,Students in higher education (ISCED 5-8)
A,TE1026V,DE114C,2017,2422.0,,,DE114C,DE,,2017,higher_ed_students,Students in higher education (ISCED 5-8)
A,TE1026V,DE114C,2018,2325.0,,,DE114C,DE,,2018,higher_ed_students,Students in higher education (ISCED 5-8)
A,TE1026V,DE114C,2019,2301.0,,,DE114C,DE,,2019,higher_ed_students,Students in higher education (ISCED 5-8)
A,TE1026V,DE114C,2020,2238.0,,,DE114C,DE,,2020,higher_ed_students,Students in higher education (ISCED 5-8)
A,TE1026V,DE114C,2021,2114.0,,,DE114C,DE,,2021,higher_ed_students,Students in higher education (ISCED 5-8)
A,TE1026V,DE114C,2022,1877.0,,,DE114C,DE,,2022,higher_ed_students,Students in higher education (ISCED 5-8)
A,TE1026V,DE114C,2023,1713.0,,,DE114C,DE,,2023,higher_ed_students,Students in higher education (ISCED 5-8)
A,TE1026V,DE115C,2015,5852.0,,,DE115C,DE,,2015,higher_ed_students,Students in higher education (ISCED 5-8)
A,TE1026V,DE115C,2016,5826.0,,,DE115C,DE,,2016,higher_ed_students,Students in higher education (ISCED 5-8)
A,TE1026V,DE115C,2017,5761.0,,,DE115C,DE,,2017,higher_ed_students,Students in higher education (ISCED 5-8)
A,TE1026V,DE115C,2018,5552.0,,,DE115C,DE,,2018,higher_ed_students,Students in higher education (ISCED 5-8)
A,TE1026V,DE115C,2019,5431.0,,,DE115C,DE,,2019,higher_ed_students,Students in higher education (ISCED 5-8)
A,TE1026V,DE115C,2020,5440.0,,,DE115C,DE,,2020,higher_ed_students,Students in higher education (ISCED 5-8)
A,TE1026V,DE115C,2021,5400.0,,,DE115C,DE,,2021,higher_ed_students,Students in higher education (ISCED 5-8)
A,TE1026V,DE115C,2022,5216.0,,,DE115C,DE,,2022,higher_ed_students,Students in higher education (ISCED 5-8)
A,TE1026V,DE115C,2023,5182.0,,,DE115C,DE,,2023,higher_ed_students,Students in higher education (ISCED 5-8)
A,TE1026V,DE116C,2015,103.0,,,DE116C,DE,,2015,higher_ed_students,Students in higher education (ISCED 5-8)
A,TE1026V,DE116C,2016,112.0,,,DE116C,DE,,2016,higher_ed_students,Students in higher education (ISCED 5-8)
A,TE1026V,DE116C,2017,146.0,,,DE116C,DE,,2017,higher_ed_students,Students in higher education (ISCED 5-8)
A,TE1026V,DE116C,2018,193.0,,,DE116C,DE,,2018,higher_ed_students,Students in higher education (ISCED 5-8)
A,TE1026V,DE116C,2019,294.0,,,DE116C,DE,,2019,higher_ed_students,Students in higher education (ISCED 5-8)
A,TE1026V,DE116C,2020,363.0,,,DE116C,DE,,2020,higher_ed_students,Students in higher education (ISCED 5-8)
A,TE1026V,DE116C,2021,372.0,,,DE116C,DE,,2021,higher_ed_students,Students in higher education (ISCED 5-8)
A,TE1026V,DE116C,2022,355.0,,,DE116C,DE,,2022,higher_ed_students,Students in higher education (ISCED 5-8)
A,TE1026V,DE116C,2023,417.0,,,DE116C,DE,,2023,higher_ed_students,Students in higher education (ISCED 5-8)
A,TE1026V,DE117C,2015,6729.0,,,DE117C,DE,,2015,higher_ed_students,Students in higher education (ISCED 5-8)
A,TE1026V,DE117C,2016,6345.0,,,DE117C,DE,,2016,higher_ed_students,Students in higher education (ISCED 5-8)
A,TE1026V,DE117C,2017,6212.0,,,DE117C,DE,,2017,higher_ed_students,Students in higher education (ISCED 5-8)
A,TE1026V,DE117C,2018,6012.0,,,DE117C,DE,,2018,higher_ed_students,Students in higher education (ISCED 5-8)
A,TE1026V,DE117C,2019,5801.0,,,DE117C,DE,,2019,higher_ed_students,Students in higher education (ISCED 5-8)
A,TE1026V,DE117C,2020,5622.0,,,DE117C,DE,,2020,higher_ed_students,Students in higher education (ISCED 5-8)
A,TE1026V,DE117C,2021,5790.0,,,DE117C,DE,,2021,higher_ed_students,Students in higher education (ISCED 5-8)
A,TE1026V,DE117C,2022,5629.0,,,DE117C,DE,,2022,higher_ed_students,Students in higher education (ISCED 5-8)
A,TE1026V,DE117C,2023,5614.0,,,DE117C,DE,,2023,higher_ed_students,Students in higher education (ISCED 5-8)
A,TE1026V,DE118C,2015,20064.0,,,DE118C,DE,,2015,higher_ed_students,Students in higher education (ISCED 5-8)
A,TE1026V,DE118C,2016,20368.0,,,DE118C,DE,,2016,higher_ed_students,Students in higher education (ISCED 5-8)
A,TE1026V,DE118C,2017,20119.0,,,DE118C,DE,,2017,higher_ed_students,Students in higher education (ISCED 5-8)
A,TE1026V,DE118C,2018,20171.0,,,DE118C,DE,,2018,higher_ed_students,Students in higher education (ISCED 5-8)
A,TE1026V,DE118C,2019,19846.0,,,DE118C,DE,,2019,higher_ed_students,Students in higher education (ISCED 5-8)
A,TE1026V,DE118C,2020,19539.0,,,DE118C,DE,,2020,higher_ed_students,Students in higher education (ISCED 5-8)
A,TE1026V,DE118C,2021,18415.0,,,DE118C,DE,,2021,higher_ed_students,Students in higher education (ISCED 5-8)
A,TE1026V,DE118C,2022,17312.0,,,DE118C,DE,,2022,higher_ed_students,Students in higher education (ISCED 5-8)
A,TE1026V,DE118C,2023,15663.0,,,DE118C,DE,,2023,higher_ed_students,Students in higher education (ISCED 5-8)
A,TE1026V,DE119C,2015,643.0,,,DE119C,DE,,2015,higher_ed_students,Students in higher education (ISCED 5-8)
A,TE1026V,DE119C,2016,696.0,,,DE119C,DE,,2016,higher_ed_students,Students in higher education (ISCED 5-8)
A,TE1026V,DE119C,2017,700.0,,,DE119C,DE,,2017,higher_ed_students,Students in higher education (ISCED 5-8)
A,TE1026V,DE119C,2018,732.0,,,DE119C,DE,,2018,higher_ed_students,Students in higher education (ISCED 5-8)
A,TE1026V,DE119C,2019,771.0,,,DE119C,DE,,2019,higher_ed_students,Students in higher education (ISCED 5-8)
A,TE1026V,DE119C,2020,691.0,,,DE119C,DE,,2020,higher_ed_students,Students in higher education (ISCED 5-8)
A,TE1026V,DE119C,2021,668.0,,,DE119C,DE,,2021,higher_ed_students,Students in higher education (ISCED 5-8)
A,TE1026V,DE119C,2022,629.0,,,DE119C,DE,,2022,higher_ed_students,Students in higher education (ISCED 5-8)
A,TE1026V,DE119C,2023,616.0,,,DE119C,DE,,2023,higher_ed_students,Students in higher education (ISCED 5-8)
A,TE1026V,DE120C,2015,10513.0,,,DE120C,DE,,2015,higher_ed_students,Students in higher education (ISCED 5-8)
A,TE1026V,DE120C,2016,11231.0,,,DE120C,DE,,2016,higher_ed_students,Students in higher education (ISCED 5-8)
A,TE1026V,DE120C,2017,11454.0,,,DE120C,DE,,2017,higher_ed_students,Students in higher education (ISCED 5-8)
A,TE1026V,DE120C,2018,11756.0,,,DE120C,DE,,2018,higher_ed_students,Students in higher education (ISCED 5-8)
A,TE1026V,DE120C,2019,12034.0,,,DE120C,DE,,2019,higher_ed_students,Students in higher education (ISCED 5-8)
A,TE1026V,DE120C,2020,12099.0,,,DE120C,DE,,2020,higher_ed_students,Students in higher education (ISCED 5-8)
A,TE1026V,DE120C,2021,11966.0,,,DE120C,DE,,2021,higher_ed_students,Students in higher education (ISCED 5-8)
A,TE1026V,DE120C,2022,11610.0,,,DE120C,DE,,2022,higher_ed_students,Students in higher education (ISCED 5-8)
A,TE1026V,DE120C,2023,11353.0,,,DE120C,DE,,2023,higher_ed_students,Students in higher education (ISCED 5-8)
A,TE1026V,DE121C,2015,2206.0,,,DE121C,DE,,2015,higher_ed_students,Students in higher education (ISCED 5-8)
A,TE1026V,DE121C,2016,2343.0,,,DE121C,DE,,2016,higher_ed_students,Students in higher education (ISCED 5-8)
A,TE1026V,DE121C,2017,2427.0,,,DE121C,DE,,2017,higher_ed_students,Students in higher education (ISCED 5-8)
A,TE1026V,DE121C,2018,2518.0,,,DE121C,DE,,2018,higher_ed_students,Students in higher education (ISCED 5-8)
A,TE1026V,DE121C,2019,2627.0,,,DE121C,DE,,2019,higher_ed_students,Students in higher education (ISCED 5-8)
A,TE1026V,DE121C,2020,2765.0,,,DE121C,DE,,2020,higher_ed_students,Students in higher education (ISCED 5-8)
A,TE1026V,DE121C,2021,2894.0,,,DE121C,DE,,2021,higher_ed_students,Students in higher education (ISCED 5-8)
A,TE1026V,DE121C,2022,3011.0,,,DE121C,DE,,2022,higher_ed_students,Students in higher education (ISCED 5-8)
A,TE1026V,DE121C,2023,3126.0,,,DE121C,DE,,2023,higher_ed_students,Students in higher education (ISCED 5-8)
A,TE1026V,DE122C,2015,4401.0,,,DE122C,DE,,2015,higher_ed_students,Students in higher education (ISCED 5-8)
A,TE1026V,DE122C,2016,4214.0,,,DE122C,DE,,2016,higher_ed_students,Students in higher education (ISCED 5-8)
A,TE1026V,DE122C,2017,4006.0,,,DE122C,DE,,2017,higher_ed_students,Students in higher education (ISCED 5-8)
A,TE1026V,DE122C,2018,3778.0,,,DE122C,DE,,2018,higher_ed_students,Students in higher education (ISCED 5-8)
A,TE1026V,DE122C,2019,3343.0,,,DE122C,DE,,2019,higher_ed_students,Students in higher education (ISCED 5-8)
A,TE1026V,DE122C,2020,3108.0,,,DE122C,DE,,2020,higher_ed_students,Students in higher education (ISCED 5-8)
A,TE1026V,DE122C,2021,2928.0,,,DE122C,DE,,2021,higher_ed_students,Students in higher education (ISCED 5-8)
A,TE1026V,DE122C,2022,2753.0,,,DE122C,DE,,2022,higher_ed_students,Students in higher education (ISCED 5-8)
A,TE1026V,DE122C,2023,2745.0,,,DE122C,DE,,2023,higher_ed_students,Students in higher education (ISCED 5-8)
A,TE1026V,DE123C,2015,29491.0,,,DE123C,DE,,2015,higher_ed_students,Students in higher education (ISCED 5-8)
A,TE1026V,DE123C,2016,29157.0,,,DE123C,DE,,2016,higher_ed_students,Students in higher education (ISCED 5-8)
A,TE1026V,DE123C,2017,29025.0,,,DE123C,DE,,2017,higher_ed_students,Students in higher education (ISCED 5-8)
A,TE1026V,DE123C,2018,28538.0,,,DE123C,DE,,2018,higher_ed_students,Students in higher education (ISCED 5-8)
A,TE1026V,DE123C,2019,28272.0,,,DE123C,DE,,2019,higher_ed_students,Students in higher education (ISCED 5-8)
A,TE1026V,DE123C,2020,28241.0,,,DE123C,DE,,2020,higher_ed_students,Students in higher education (ISCED 5-8)
A,TE1026V,DE123C,2021,27940.0,,,DE123C,DE,,2021,higher_ed_students,Students in higher education (ISCED 5-8)
A,TE1026V,DE123C,2022,29205.0,,,DE123C,DE,,2022,higher_ed_students,Students in higher education (ISCED 5-8)
A,TE1026V,DE123C,2023,29309.0,,,DE123C,DE,,2023,higher_ed_students,Students in higher education (ISCED 5-8)
A,TE1026V,DE124C,2015,21511.0,,,DE124C,DE,,2015,higher_ed_students,Students in higher education (ISCED 5-8)
A,TE1026V,DE124C,2016,22727.0,,,DE124C,DE,,2016,higher_ed_students,Students in higher education (ISCED 5-8)
A,TE1026V,DE124C,2017,22776.0,,,DE124C,DE,,2017,higher_ed_students,Students in higher education (ISCED 5-8)
A,TE1026V,DE124C,2018,23371.0,,,DE124C,DE,,2018,higher_ed_students,Students in higher education (ISCED 5-8)
A,TE1026V,DE124C,2019,23792.0,,,DE124C,DE,,2019,higher_ed_students,Students in higher education (ISCED 5-8)
A,TE1026V,DE124C,2020,23738.0,,,DE124C,DE,,2020,higher_ed_students,Students in higher education (ISCED 5-8)
A,TE1026V,DE124C,2021,23520.0,,,DE124C,DE,,2021,higher_ed_students,Students in higher education (ISCED 5-8)
A,TE1026V,DE124C,2022,23097.0,,,DE124C,DE,,2022,higher_ed_students,Students in higher education (ISCED 5-8)
A,TE1026V,DE124C,2023,22033.0,,,DE124C,DE,,2023,higher_ed_students,Students in higher education (ISCED 5-8)
A,TE1026V,DE125C,2015,22327.0,,,DE125C,DE,,2015,higher_ed_students,Students in higher education (ISCED 5-8)
A,TE1026V,DE125C,2016,22010.0,,,DE125C,DE,,2016,higher_ed_students,Students in higher education (ISCED 5-8)
A,TE1026V,DE125C,2017,21836.0,,,DE125C,DE,,2017,higher_ed_students,Students in higher education (ISCED 5-8)
A,TE1026V,DE125C,2018,21728.0,,,DE125C,DE,,2018,higher_ed_students,Students in higher education (ISCED 5-8)
A,TE1026V,DE125C,2019,17066.0,,,DE125C,DE,,2019,higher_ed_students,Students in higher education (ISCED 5-8)
A,TE1026V,DE125C,2020,22190.0,,,DE125C,DE,,2020,higher_ed_students,Students in higher education (ISCED 5-8)
A,TE1026V,DE125C,2021,21879.0,,,DE125C,DE,,2021,higher_ed_students,Students in higher education (ISCED 5-8)
A,TE1026V,DE125C,2022,21345.0,,,DE125C,DE,,2022,higher_ed_students,Students in higher education (ISCED 5-8)
A,TE1026V,DE125C,2023,20789.0,,,DE125C,DE,,2023,higher_ed_students,Students in higher education (ISCED 5-8)
A,TE1026V,DE127C,2017,1987.0,,,DE127C,DE,,2017,higher_ed_students,Students in higher education (ISCED 5-8)
A,TE1026V,DE127C,2018,1951.0,,,DE127C,DE,,2018,higher_ed_students,Students in higher education (ISCED 5-8)
A,TE1026V,DE127C,2019,1796.0,,,DE127C,DE,,2019,higher_ed_students,Students in higher education (ISCED 5-8)
A,TE1026V,DE127C,2020,1782.0,,,DE127C,DE,,2020,higher_ed_students,Students in higher education (ISCED 5-8)
A,TE1026V,DE127C,2021,1641.0,,,DE127C,DE,,2021,higher_ed_students,Students in higher education (ISCED 5-8)
A,TE1026V,DE127C,2022,1531.0,,,DE127C,DE,,2022,higher_ed_students,Students in higher education (ISCED 5-8)
A,TE1026V,DE127C,2023,1416.0,,,DE127C,DE,,2023,higher_ed_students,Students in higher education (ISCED 5-8)
A,TE1026V,EE,2015,51092.0,,,EE,EE,,2015,higher_ed_students,Students in higher education (ISCED 5-8)
A,TE1026V,EE,2016,47794.0,,,EE,EE,,2016,higher_ed_students,Students in higher education (ISCED 5-8)
A,TE1026V,EE,2017,46154.0,,,EE,EE,,2017,higher_ed_students,Students in higher education (ISCED 5-8)
A,TE1026V,EE,2018,45815.0,,,EE,EE,,2018,higher_ed_students,Students in higher education (ISCED 5-8)
A,TE1026V,EE001C,2015,28800.0,,,EE001C,EE,,2015,higher_ed_students,Students in higher education (ISCED 5-8)
A,TE1026V,EE001C,2016,26842.0,,,EE001C,EE,,2016,higher_ed_students,Students in higher education (ISCED 5-8)
A,TE1026V,EE001C,2017,26536.0,,,EE001C,EE,,2017,higher_ed_students,Students in higher education (ISCED 5-8)
A,TE1026V,EE001C,2018,25837.0,,,EE001C,EE,,2018,higher_ed_students,Students in higher education (ISCED 5-8)
A,TE1026V,EE001C,2019,24879.0,,,EE001C,EE,,2019,higher_ed_students,Students in higher education (ISCED 5-8)
A,TE1026V,EE001C,2020,24587.0,,,EE001C,EE,,2020,higher_ed_students,Students in higher education (ISCED 5-8)
A,TE1026V,EE001C,2021,23836.0,,,EE001C,EE,,2021,higher_ed_students,Students in higher education (ISCED 5-8)
A,TE1026V,EE001C,2022,23279.0,,,EE001C,EE,,2022,higher_ed_students,Students in higher education (ISCED 5-8)
A,TE1026V,EE001C,2023,23348.0,,,EE001C,EE,,2023,higher_ed_students,Students in higher education (ISCED 5-8)
A,TE1026V,EE002C,2015,17147.0,,,EE002C,EE,,2015,higher_ed_students,Students in higher education (ISCED 5-8)
A,TE1026V,EE002C,2016,16156.0,,,EE002C,EE,,2016,higher_ed_students,Students in higher education (ISCED 5-8)
A,TE1026V,EE002C,2017,15273.0,,,EE002C,EE,,2017,higher_ed_students,Students in higher education (ISCED 5-8)
A,TE1026V,EE002C,2018,15470.0,b,,EE002C,EE,,2018,higher_ed_students,Students in higher education (ISCED 5-8)
A,TE1026V,EE002C,2019,15792.0,,,EE002C,EE,,2019,higher_ed_students,Students in higher education (ISCED 5-8)
A,TE1026V,EE002C,2020,16357.0,,,EE002C,EE,,2020,higher_ed_students,Students in higher education (ISCED 5-8)
A,TE1026V,EE002C,2021,16627.0,,,EE002C,EE,,2021,higher_ed_students,Students in higher education (ISCED 5-8)
A,TE1026V,EE002C,2022,16804.0,,,EE002C,EE,,2022,higher_ed_students,Students in higher education (ISCED 5-8)
A,TE1026V,EE002C,2023,16945.0,,,EE002C,EE,,2023,higher_ed_students,Students in higher education (ISCED 5-8)
A,TE1026V,EE003C,2015,766.0,,,EE003C,EE,,2015,higher_ed_students,Students in higher education (ISCED 5-8)
A,TE1026V,EE003C,2016,684.0,,,EE003C,EE,,2016,higher_ed_students,Students in higher education (ISCED 5-8)
A,TE1026V,EE003C,2017,570.0,,,EE003C,EE,,2017,higher_ed_students,Students in higher education (ISCED 5-8)
A,TE1026V,EE003C,2018,527.0,,,EE003C,EE,,2018,higher_ed_students,Students in higher education (ISCED 5-8)
A,TE1026V,EE003C,2019,531.0,,,EE003C,EE,,2019,higher_ed_students,Students in higher education (ISCED 5-8)
A,TE1026V,EE003C,2020,538.0,,,EE003C,EE,,2020,higher_ed_students,Students in higher education (ISCED 5-8)
A,TE1026V,EE003C,2021,566.0,,,EE003C,EE,,2021,higher_ed_students,Students in higher education (ISCED 5-8)
A,TE1026V,EE003C,2022,631.0,,,EE003C,EE,,2022,higher_ed_students,Students in higher education (ISCED 5-8)
A,TE1026V,EE003C,2023,700.0,,,EE003C,EE,,2023,higher_ed_students,Students in higher education (ISCED 5-8)
A,TE1026V,ES,2017,2021802.0,,,ES,ES,,2017,higher_ed_students,Students in higher education (ISCED 5-8)
A,TE1026V,ES,2018,2051826.0,,,ES,ES,,2018,higher_ed_students,Students in higher education (ISCED 5-8)
A,TE1026V,ES001C,2015,215809.0,,,ES001C,ES,,2015,higher_ed_students,Students in higher education (ISCED 5-8)
A,TE1026V,ES001C,2016,221824.0,,,ES001C,ES,,2016,higher_ed_students,Students in higher education (ISCED 5-8)
A,TE1026V,ES001C,2017,332650.0,,,ES001C,ES,,2017,higher_ed_students,Students in higher education (ISCED 5-8)
A,TE1026V,ES001C,2018,332650.0,,,ES001C,ES,,2018,higher_ed_students,Students in higher education (ISCED 5-8)
A,TE1026V,ES001C,2019,337372.0,,,ES001C,ES,,2019,higher_ed_students,Students in higher education (ISCED 5-8)
A,TE1026V,ES001C,2020,342592.0,,,ES001C,ES,,2020,higher_ed_students,Students in higher education (ISCED 5-8)
A,TE1026V,ES001C,2021,358719.0,,,ES001C,ES,,2021,higher_ed_students,Students in higher education (ISCED 5-8)
A,TE1026V,ES001C,2022,361191.0,,,ES001C,ES,,2022,higher_ed_students,Students in higher education (ISCED 5-8)
A,TE1026V,ES001C,2023,373300.0,,,ES001C,ES,,2023,higher_ed_students,Students in higher education (ISCED 5-8)
A,TE1026V,ES002C,2017,272958.0,,,ES002C,ES,,2017,higher_ed_students,Students in higher education (ISCED 5-8)
A,TE1026V,ES002C,2018,272958.0,,,ES002C,ES,,2018,higher_ed_students,Students in higher education (ISCED 5-8)
A,TE1026V,ES002C,2019,280346.0,,,ES002C,ES,,2019,higher_ed_students,Students in higher education (ISCED 5-8)
A,TE1026V,ES002C,2020,291535.0,,,ES002C,ES,,2020,higher_ed_students,Students in higher education (ISCED 5-8)
A,TE1026V,ES002C,2021,299382.0,,,ES002C,ES,,2021,higher_ed_students,Students in higher education (ISCED 5-8)
A,TE1026V,ES002C,2022,310140.0,,,ES002C,ES,,2022,higher_ed_students,Students in higher education (ISCED 5-8)
A,TE1026V,ES002C,2023,314436.0,,,ES002C,ES,,2023,higher_ed_students,Students in higher education (ISCED 5-8)
A,TE1026V,ES003C,2017,118054.0,,,ES003C,ES,,2017,higher_ed_students,Students in higher education (ISCED 5-8)
A,TE1026V,ES003C,2018,118054.0,,,ES003C,ES,,2018,higher_ed_students,Students in higher education (ISCED 5-8)
A,TE1026V,ES003C,2019,122513.0,,,ES003C,ES,,2019,higher_ed_students,Students in higher education (ISCED 5-8)
A,TE1026V,ES003C,2020,127778.0,,,ES003C,ES,,2020,higher_ed_students,Students in higher education (ISCED 5-8)
A,TE1026V,ES003C,2021,133286.0,,,ES003C,ES,,2021,higher_ed_students,Students in higher education (ISCED 5-8)
A,TE1026V,ES003C,2022,140309.0,,,ES003C,ES,,2022,higher_ed_students,Students in higher education (ISCED 5-8)
A,TE1026V,ES003C,2023,149737.0,,,ES003C,ES,,2023,higher_ed_students,Students in higher education (ISCED 5-8)
A,TE1026V,ES004C,2017,94785.0,,,ES004C,ES,,2017,higher_ed_students,Students in higher education (ISCED 5-8)
A,TE1026V,ES004C,2018,94785.0,,,ES004C,ES,,2018,higher_ed_students,Students in higher education (ISCED 5-8)
A,TE1026V,ES004C,2019,95610.0,,,ES004C,ES,,2019,higher_ed_students,Students in higher education (ISCED 5-8)
A,TE1026V,ES004C,2020,95412.0,,,ES004C,ES,,2020,higher_ed_students,Students in higher education (ISCED 5-8)
A,TE1026V,ES004C,2021,99378.0,,,ES004C,ES,,2021,higher_ed_students,Students in higher education (ISCED 5-8)
A,TE1026V,ES004C,2022,99633.0,,,ES004C,ES,,2022,higher_ed_students,Students in higher education (ISCED 5-8)
A,TE1026V,ES004C,2023,100929.0,,,ES004C,ES,,2023,higher_ed_students,Students in higher education (ISCED 5-8)
A,TE1026V,ES005C,2015,33092.0,,,ES005C,ES,,2015,higher_ed_students,Students in higher education (ISCED 5-8)
A,TE1026V,ES005C,2016,33632.0,,,ES005C,ES,,2016,higher_ed_students,Students in higher education (ISCED 5-8)
A,TE1026V,ES005C,2017,35048.0,,,ES005C,ES,,2017,higher_ed_students,Students in higher education (ISCED 5-8)
A,TE1026V,ES005C,2018,35048.0,,,ES005C,ES,,2018,higher_ed_students,Students in higher education (ISCED 5-8)
A,TE1026V,ES005C,2019,35506.0,,,ES005C,ES,,2019,higher_ed_students,Students in higher education (ISCED 5-8)
A,TE1026V,ES005C,2020,35860.0,,,ES005C,ES,,2020,higher_ed_students,Students in higher education (ISCED 5-8)
A,TE1026V,ES005C,2021,37338.0,,,ES005C,ES,,2021,higher_ed_students,Students in higher education (ISCED 5-8)
A,TE1026V,ES005C,2022,37892.0,,,ES005C,ES,,2022,higher_ed_students,Students in higher education (ISCED 5-8)
A,TE1026V,ES005C,2023,12589.0,,,ES005C,ES,,2023,higher_ed_students,Students in higher education (ISCED 5-8)
A,TE1026V,ES006C,2015,49244.0,,,ES006C,ES,,2015,higher_ed_students,Students in higher education (ISCED 5-8)
A,TE1026V,ES006C,2016,48738.0,,,ES006C,ES,,2016,higher_ed_students,Students in higher education (ISCED 5-8)
A,TE1026V,ES006C,2017,49016.0,,,ES006C,ES,,2017,higher_ed_students,Students in higher education (ISCED 5-8)
A,TE1026V,ES006C,2018,49016.0,,,ES006C,ES,,2018,higher_ed_students,Students in higher education (ISCED 5-8)
A,TE1026V,ES006C,2019,49663.0,,,ES006C,ES,,2019,higher_ed_students,Students in higher education (ISCED 5-8)
A,TE1026V,ES006C,2020,50791.0,,,ES006C,ES,,2020,higher_ed_students,Students in higher education (ISCED 5-8)
A,TE1026V,ES006C,2021,54139.0,,,ES006C,ES,,2021,higher_ed_students,Students in higher education (ISCED 5-8)
A,TE1026V,ES006C,2022,54792.0,,,ES006C,ES,,2022,higher_ed_students,Students in higher education (ISCED 5-8)
A,TE1026V,ES006C,2023,55918.0,,,ES006C,ES,,2023,higher_ed_students,Students in higher education (ISCED 5-8)
A,TE1026V,ES007C,2015,47198.0,,,ES007C,ES,,2015,higher_ed_students,Students in higher education (ISCED 5-8)
A,TE1026V,ES007C,2016,48560.0,,,ES007C,ES,,2016,higher_ed_students,Students in higher education (ISCED 5-8)
A,TE1026V,ES007C,2017,51257.0,,,ES007C,ES,,2017,higher_ed_students,Students in higher education (ISCED 5-8)
A,TE1026V,ES007C,2018,51257.0,,,ES007C,ES,,2018,higher_ed_students,Students in higher education (ISCED 5-8)
A,TE1026V,ES007C,2019,51310.0,,,ES007C,ES,,2019,higher_ed_students,Students in higher education (ISCED 5-8)
A,TE1026V,ES007C,2020,52996.0,,,ES007C,ES,,2020,higher_ed_students,Students in higher education (ISCED 5-8)
A,TE1026V,ES007C,2021,54625.0,,,ES007C,ES,,2021,higher_ed_students,Students in higher education (ISCED 5-8)
A,TE1026V,ES007C,2022,53836.0,,,ES007C,ES,,2022,higher_ed_students,Students in higher education (ISCED 5-8)
A,TE1026V,ES007C,2023,53613.0,,,ES007C,ES,,2023,higher_ed_students,Students in higher education (ISCED 5-8)
A,TE1026V,ES008C,2015,28594.0,,,ES008C,ES,,2015,higher_ed_students,Students in higher education (ISCED 5-8)
A,TE1026V,ES008C,2016,27977.0,,,ES008C,ES,,2016,higher_ed_students,Students in higher education (ISCED 5-8)
A,TE1026V,ES008C,2017,26862.0,,,ES008C,ES,,2017,higher_ed_students,Students in higher education (ISCED 5-8)
A,TE1026V,ES008C,2018,26862.0,,,ES008C,ES,,2018,higher_ed_students,Students in higher education (ISCED 5-8)
A,TE1026V,ES008C,2019,27231.0,,,ES008C,ES,,2019,higher_ed_students,Students in higher education (ISCED 5-8)
A,TE1026V,ES008C,2020,28423.0,,,ES008C,ES,,2020,higher_ed_students,Students in higher education (ISCED 5-8)
A,TE1026V,ES008C,2021,29866.0,,,ES008C,ES,,2021,higher_ed_students,Students in higher education (ISCED 5-8)
A,TE1026V,ES008C,2022,29842.0,,,ES008C,ES,,2022,higher_ed_students,Students in higher education (ISCED 5-8)
A,TE1026V,ES008C,2023,30098.0,,,ES008C,ES,,2023,higher_ed_students,Students in higher education (ISCED 5-8)
A,TE1026V,ES009C,2015,23300.0,,,ES009C,ES,,2015,higher_ed_students,Students in higher education (ISCED 5-8)
A,TE1026V,ES009C,2016,23126.0,,,ES009C,ES,,2016,higher_ed_students,Students in higher education (ISCED 5-8)
A,TE1026V,ES009C,2017,23453.0,,,ES009C,ES,,2017,higher_ed_students,Students in higher education (ISCED 5-8)
A,TE1026V,ES009C,2018,23453.0,,,ES009C,ES,,2018,higher_ed_students,Students in higher education (ISCED 5-8)
A,TE1026V,ES009C,2019,23717.0,,,ES009C,ES,,2019,higher_ed_students,Students in higher education (ISCED 5-8)
A,TE1026V,ES009C,2020,24761.0,,,ES009C,ES,,2020,higher_ed_students,Students in higher education (ISCED 5-8)
A,TE1026V,ES009C,2021,26385.0,,,ES009C,ES,,2021,higher_ed_students,Students in higher education (ISCED 5-8)
A,TE1026V,ES009C,2022,26971.0,,,ES009C,ES,,2022,higher_ed_students,Students in higher education (ISCED 5-8)
A,TE1026V,ES009C,2023,27129.0,,,ES009C,ES,,2023,higher_ed_students,Students in higher education (ISCED 5-8)
A,TE1026V,ES010C,2015,21170.0,,,ES010C,ES,,2015,higher_ed_students,Students in higher education (ISCED 5-8)
A,TE1026V,ES010C,2016,21006.0,,,ES010C,ES,,2016,higher_ed_students,Students in higher education (ISCED 5-8)
A,TE1026V,ES010C,2017,21154.0,,,ES010C,ES,,2017,higher_ed_students,Students in higher education (ISCED 5-8)
A,TE1026V,ES010C,2018,21154.0,,,ES010C,ES,,2018,higher_ed_students,Students in higher education (ISCED 5-8)
A,TE1026V,ES010C,2019,22215.0,,,ES010C,ES,,2019,higher_ed_students,Students in higher education (ISCED 5-8)
A,TE1026V,ES010C,2020,22510.0,,,ES010C,ES,,2020,higher_ed_students,Students in higher education (ISCED 5-8)
A,TE1026V,ES010C,2021,23336.0,,,ES010C,ES,,2021,higher_ed_students,Students in higher education (ISCED 5-8)
A,TE1026V,ES010C,2022,23265.0,,,ES010C,ES,,2022,higher_ed_students,Students in higher education (ISCED 5-8)
A,TE1026V,ES010C,2023,22775.0,,,ES010C,ES,,2023,higher_ed_students,Students in higher education (ISCED 5-8)
A,TE1026V,ES011C,2015,24369.0,,,ES011C,ES,,2015,higher_ed_students,Students in higher education (ISCED 5-8)
A,TE1026V,ES011C,2016,24529.0,,,ES011C,ES,,2016,higher_ed_students,Students in higher education (ISCED 5-8)
A,TE1026V,ES011C,2017,24782.0,,,ES011C,ES,,2017,higher_ed_students,Students in higher education (ISCED 5-8)
A,TE1026V,ES011C,2018,24782.0,,,ES011C,ES,,2018,higher_ed_students,Students in higher education (ISCED 5-8)
A,TE1026V,ES011C,2019,24807.0,,,ES011C,ES,,2019,higher_ed_students,Students in higher education (ISCED 5-8)
A,TE1026V,ES011C,2020,25091.0,,,ES011C,ES,,2020,higher_ed_students,Students in higher education (ISCED 5-8)
A,TE1026V,ES011C,2021,25704.0,,,ES011C,ES,,2021,higher_ed_students,Students in higher education (ISCED 5-8)
A,TE1026V,ES011C,2022,25608.0,,,ES011C,ES,,2022,higher_ed_students,Students in higher education (ISCED 5-8)
A,TE1026V,ES011C,2023,25670.0,,,ES011C,ES,,2023,higher_ed_students,Students in higher education (ISCED 5-8)
A,TE1026V,ES012C,2015,12234.0,,,ES012C,ES,,2015,higher_ed_students,Students in higher education (ISCED 5-8)
A,TE1026V,ES012C,2016,11942.0,,,ES012C,ES,,2016,higher_ed_students,Students in higher education (ISCED 5-8)
A,TE1026V,ES012C,2017,12066.0,,,ES012C,ES,,2017,higher_ed_students,Students in higher education (ISCED 5-8)
A,TE1026V,ES012C,2018,12066.0,,,ES012C,ES,,2018,higher_ed_students,Students in higher education (ISCED 5-8)
A,TE1026V,ES012C,2019,11616.0,,,ES012C,ES,,2019,higher_ed_students,Students in higher education (ISCED 5-8)
A,TE1026V,ES012C,2020,11856.0,,,ES012C,ES,,2020,higher_ed_students,Students in higher education (ISCED 5-8)
A,TE1026V,ES012C,2021,12090.0,,,ES012C,ES,,2021,higher_ed_students,Students in higher education (ISCED 5-8)
A,TE1026V,ES012C,2022,11913.0,,,ES012C,ES,,2022,higher_ed_students,Students in higher education (ISCED 5-8)
A,TE1026V,ES012C,2023,11986.0,,,ES012C,ES,,2023,higher_ed_students,Students in higher education (ISCED 5-8)
A,TE1026V,ES013C,2015,18647.0,,,ES013C,ES,,2015,higher_ed_students,Students in higher education (ISCED 5-8)
A,TE1026V,ES013C,2016,18597.0,,,ES013C,ES,,2016,higher_ed_students,Students in higher education (ISCED 5-8)
A,TE1026V,ES013C,2017,18713.0,,,ES013C,ES,,2017,higher_ed_students,Students in higher education (ISCED 5-8)
A,TE1026V,ES013C,2018,18713.0,,,ES013C,ES,,2018,higher_ed_students,Students in higher education (ISCED 5-8)
A,TE1026V,ES013C,2019,18467.0,,,ES013C,ES,,2019,higher_ed_students,Students in higher education (ISCED 5-8)
A,TE1026V,ES013C,2020,18600.0,,,ES013C,ES,,2020,higher_ed_students,Students in higher education (ISCED 5-8)
A,TE1026V,ES013C,2021,19039.0,,,ES013C,ES,,2021,higher_ed_students,Students in higher education (ISCED 5-8)
A,TE1026V,ES013C,2022,18745.0,,,ES013C,ES,,2022,higher_ed_students,Students in higher education (ISCED 5-8)
A,TE1026V,ES013C,2023,18674.0,,,ES013C,ES,,2023,higher_ed_students,Students in higher education (ISCED 5-8)
A,TE1026V,ES014C,2017,23637.0,,,ES014C,ES,,2017,higher_ed_students,Students in higher education (ISCED 5-8)
A,TE1026V,ES014C,2018,23637.0,,,ES014C,ES,,2018,higher_ed_students,Students in higher education (ISCED 5-8)
A,TE1026V,ES014C,2019,24643.0,,,ES014C,ES,,2019,higher_ed_students,Students in higher education (ISCED 5-8)
A,TE1026V,ES014C,2020,24862.0,,,ES014C,ES,,2020,higher_ed_students,Students in higher education (ISCED 5-8)
A,TE1026V,ES014C,2021,26165.0,,,ES014C,ES,,2021,higher_ed_students,Students in higher education (ISCED 5-8)
A,TE1026V,ES014C,2022,26719.0,,,ES014C,ES,,2022,higher_ed_students,Students in higher education (ISCED 5-8)
A,TE1026V,ES014C,2023,27206.0,,,ES014C,ES,,2023,higher_ed_students,Students in higher education (ISCED 5-8)
A,TE1026V,ES015C,2015,16150.0,,,ES015C,ES,,2015,higher_ed_students,Students in higher education (ISCED 5-8)
A,TE1026V,ES015C,2016,16384.0,,,ES015C,ES,,2016,higher_ed_students,Students in higher education (ISCED 5-8)
A,TE1026V,ES015C,2017,18316.0,,,ES015C,ES,,2017,higher_ed_students,Students in higher education (ISCED 5-8)
A,TE1026V,ES015C,2018,18316.0,,,ES015C,ES,,2018,higher_ed_students,Students in higher education (ISCED 5-8)
A,TE1026V,ES015C,2019,19600.0,,,ES015C,ES,,2019,higher_ed_students,Students in higher education (ISCED 5-8)
A,TE1026V,ES015C,2020,20003.0,,,ES015C,ES,,2020,higher_ed_students,Students in higher education (ISCED 5-8)
A,TE1026V,ES015C,2021,21059.0,,,ES015C,ES,,2021,higher_ed_students,Students in higher education (ISCED 5-8)
A,TE1026V,ES015C,2022,20963.0,,,ES015C,ES,,2022,higher_ed_students,Students in higher education (ISCED 5-8)
A,TE1026V,ES015C,2023,20659.0,,,ES015C,ES,,2023,higher_ed_students,Students in higher education (ISCED 5-8)
A,TE1026V,ES016C,2015,8770.0,,,ES016C,ES,,2015,higher_ed_students,Students in higher education (ISCED 5-8)
A,TE1026V,ES016C,2016,8527.0,,,ES016C,ES,,2016,higher_ed_students,Students in higher education (ISCED 5-8)
A,TE1026V,ES016C,2017,8733.0,,,ES016C,ES,,2017,higher_ed_students,Students in higher education (ISCED 5-8)
A,TE1026V,ES016C,2018,8733.0,,,ES016C,ES,,2018,higher_ed_students,Students in higher education (ISCED 5-8)
A,TE1026V,ES016C,2019,8879.0,,,ES016C,ES,,2019,higher_ed_students,Students in higher education (ISCED 5-8)
A,TE1026V,ES016C,2020,9184.0,,,ES016C,ES,,2020,higher_ed_students,Students in higher education (ISCED 5-8)
A,TE1026V,ES016C,2021,9657.0,,,ES016C,ES,,2021,higher_ed_students,Students in higher education (ISCED 5-8)
A,TE1026V,ES016C,2022,9579.0,,,ES016C,ES,,2022,higher_ed_students,Students in higher education (ISCED 5-8)
A,TE1026V,ES016C,2023,9627.0,,,ES016C,ES,,2023,higher_ed_students,Students in higher education (ISCED 5-8)
A,TE1026V,ES017C,2015,12049.0,,,ES017C,ES,,2015,higher_ed_students,Students in higher education (ISCED 5-8)
A,TE1026V,ES017C,2016,12166.0,,,ES017C,ES,,2016,higher_ed_students,Students in higher education (ISCED 5-8)
A,TE1026V,ES017C,2017,11557.0,,,ES017C,ES,,2017,higher_ed_students,Students in higher education (ISCED 5-8)
A,TE1026V,ES017C,2018,11557.0,,,ES017C,ES,,2018,higher_ed_students,Students in higher education (ISCED 5-8)
A,TE1026V,ES017C,2019,11283.0,,,ES017C,ES,,2019,higher_ed_students,Students in higher education (ISCED 5-8)
A,TE1026V,ES017C,2020,11137.0,,,ES017C,ES,,2020,higher_ed_students,Students in higher education (ISCED 5-8)
A,TE1026V,ES017C,2021,11287.0,,,ES017C,ES,,2021,higher_ed_students,Students in higher education (ISCED 5-8)
A,TE1026V,ES017C,2022,11347.0,,,ES017C,ES,,2022,higher_ed_students,Students in higher education (ISCED 5-8)
A,TE1026V,ES017C,2023,11397.0,,,ES017C,ES,,2023,higher_ed_students,Students in higher education (ISCED 5-8)
A,TE1026V,ES018C,2015,24268.0,,,ES018C,ES,,2015,higher_ed_students,Students in higher education (ISCED 5-8)
A,TE1026V,ES018C,2016,26675.0,,,ES018C,ES,,2016,higher_ed_students,Students in higher education (ISCED 5-8)
A,TE1026V,ES018C,2017,30448.0,,,ES018C,ES,,2017,higher_ed_students,Students in higher education (ISCED 5-8)
A,TE1026V,ES018C,2018,30448.0,,,ES018C,ES,,2018,higher_ed_students,Students in higher education (ISCED 5-8)
A,TE1026V,ES018C,2019,33378.0,,,ES018C,ES,,2019,higher_ed_students,Students in higher education (ISCED 5-8)
A,TE1026V,ES018C,2020,41998.0,,,ES018C,ES,,2020,higher_ed_students,Students in higher education (ISCED 5-8)
A,TE1026V,ES018C,2021,51975.0,,,ES018C,ES,,2021,higher_ed_students,Students in higher education (ISCED 5-8)
A,TE1026V,ES018C,2022,61296.0,,,ES018C,ES,,2022,higher_ed_students,Students in higher education (ISCED 5-8)
A,TE1026V,ES018C,2023,71692.0,,,ES018C,ES,,2023,higher_ed_students,Students in higher education (ISCED 5-8)
A,TE1026V,ES019C,2017,44970.0,,,ES019C,ES,,2017,higher_ed_students,Students in higher education (ISCED 5-8)
A,TE1026V,ES019C,2018,44970.0,,,ES019C,ES,,2018,higher_ed_students,Students in higher education (ISCED 5-8)
A,TE1026V,ES019C,2019,45092.0,,,ES019C,ES,,2019,higher_ed_students,Students in higher education (ISCED 5-8)
A,TE1026V,ES019C,2020,44921.0,,,ES019C,ES,,2020,higher_ed_students,Students in higher education (ISCED 5-8)
A,TE1026V,ES019C,2021,45810.0,,,ES019C,ES,,2021,higher_ed_students,Students in higher education (ISCED 5-8)
A,TE1026V,ES019C,2022,46156.0,,,ES019C,ES,,2022,higher_ed_students,Students in higher education (ISCED 5-8)
A,TE1026V,ES019C,2023,46379.0,,,ES019C,ES,,2023,higher_ed_students,Students in higher education (ISCED 5-8)
A,TE1026V,ES020C,2015,26345.0,,,ES020C,ES,,2015,higher_ed_students,Students in higher education (ISCED 5-8)
A,TE1026V,ES020C,2016,25909.0,,,ES020C,ES,,2016,higher_ed_students,Students in higher education (ISCED 5-8)
A,TE1026V,ES020C,2017,26608.0,,,ES020C,ES,,2017,higher_ed_students,Students in higher education (ISCED 5-8)
A,TE1026V,ES020C,2018,26608.0,,,ES020C,ES,,2018,higher_ed_students,Students in higher education (ISCED 5-8)
A,TE1026V,ES020C,2019,26706.0,,,ES020C,ES,,2019,higher_ed_students,Students in higher education (ISCED 5-8)
A,TE1026V,ES020C,2020,26976.0,,,ES020C,ES,,2020,higher_ed_students,Students in higher education (ISCED 5-8)
A,TE1026V,ES020C,2021,27930.0,,,ES020C,ES,,2021,higher_ed_students,Students in higher education (ISCED 5-8)
A,TE1026V,ES020C,2022,28470.0,,,ES020C,ES,,2022,higher_ed_students,Students in higher education (ISCED 5-8)
A,TE1026V,ES020C,2023,28461.0,,,ES020C,ES,,2023,higher_ed_students,Students in higher education (ISCED 5-8)
A,TE1026V,ES021C,2015,4780.0,,,ES021C,ES,,2015,higher_ed_students,Students in higher education (ISCED 5-8)
A,TE1026V,ES021C,2016,4834.0,,,ES021C,ES,,2016,higher_ed_students,Students in higher education (ISCED 5-8)
A,TE1026V,ES021C,2017,5001.0,,,ES021C,ES,,2017,higher_ed_students,Students in higher education (ISCED 5-8)
A,TE1026V,ES021C,2018,5001.0,,,ES021C,ES,,2018,higher_ed_students,Students in higher education (ISCED 5-8)
A,TE1026V,ES021C,2019,5371.0,,,ES021C,ES,,2019,higher_ed_students,Students in higher education (ISCED 5-8)
A,TE1026V,ES021C,2020,5711.0,,,ES021C,ES,,2020,higher_ed_students,Students in higher education (ISCED 5-8)
A,TE1026V,ES021C,2021,6145.0,,,ES021C,ES,,2021,higher_ed_students,Students in higher education (ISCED 5-8)
A,TE1026V,ES021C,2022,6274.0,,,ES021C,ES,,2022,higher_ed_students,Students in higher education (ISCED 5-8)
A,TE1026V,ES021C,2023,6238.0,,,ES021C,ES,,2023,higher_ed_students,Students in higher education (ISCED 5-8)
A,TE1026V,ES022C,2015,17462.0,,,ES022C,ES,,2015,higher_ed_students,Students in higher education (ISCED 5-8)
A,TE1026V,ES022C,2016,17659.0,,,ES022C,ES,,2016,higher_ed_students,Students in higher education (ISCED 5-8)
A,TE1026V,ES022C,2017,17129.0,,,ES022C,ES,,2017,higher_ed_students,Students in higher education (ISCED 5-8)
A,TE1026V,ES022C,2018,17129.0,,,ES022C,ES,,2018,higher_ed_students,Students in higher education (ISCED 5-8)
A,TE1026V,ES022C,2019,17180.0,,,ES022C,ES,,2019,higher_ed_students,Students in higher education (ISCED 5-8)
A,TE1026V,ES022C,2020,17260.0,,,ES022C,ES,,2020,higher_ed_students,Students in higher education (ISCED 5-8)
A,TE1026V,ES022C,2021,17654.0,,,ES022C,ES,,2021,higher_ed_students,Students in higher education (ISCED 5-8)
A,TE1026V,ES022C,2022,17671.0,,,ES022C,ES,,2022,higher_ed_students,Students in higher education (ISCED 5-8)
A,TE1026V,ES022C,2023,17602.0,,,ES022C,ES,,2023,higher_ed_students,Students in higher education (ISCED 5-8)
A,TE1026V,ES023C,2015,12788.0,,,ES023C,ES,,2015,higher_ed_students,Students in higher education (ISCED 5-8)
A,TE1026V,ES023C,2016,12410.0,,,ES023C,ES,,2016,higher_ed_students,Students in higher education (ISCED 5-8)
A,TE1026V,ES023C,2017,11810.0,,,ES023C,ES,,2017,higher_ed_students,Students in higher education (ISCED 5-8)
A,TE1026V,ES023C,2018,11810.0,,,ES023C,ES,,2018,higher_ed_students,Students in higher education (ISCED 5-8)
A,TE1026V,ES023C,2019,11481.0,,,ES023C,ES,,2019,higher_ed_students,Students in higher education (ISCED 5-8)
A,TE1026V,ES023C,2020,11597.0,,,ES023C,ES,,2020,higher_ed_students,Students in higher education (ISCED 5-8)
A,TE1026V,ES023C,2021,12307.0,,,ES023C,ES,,2021,higher_ed_students,Students in higher education (ISCED 5-8)
A,TE1026V,ES023C,2022,11734.0,,,ES023C,ES,,2022,higher_ed_students,Students in higher education (ISCED 5-8)
A,TE1026V,ES023C,2023,11456.0,,,ES023C,ES,,2023,higher_ed_students,Students in higher education (ISCED 5-8)
A,TE1026V,ES024C,2017,29092.0,,,ES024C,ES,,2017,higher_ed_students,Students in higher education (ISCED 5-8)
A,TE1026V,ES024C,2018,29092.0,,,ES024C,ES,,2018,higher_ed_students,Students in higher education (ISCED 5-8)
A,TE1026V,ES024C,2019,29545.0,,,ES024C,ES,,2019,higher_ed_students,Students in higher education (ISCED 5-8)
A,TE1026V,ES024C,2020,30109.0,,,ES024C,ES,,2020,higher_ed_students,Students in higher education (ISCED 5-8)
A,TE1026V,ES024C,2021,31932.0,,,ES024C,ES,,2021,higher_ed_students,Students in higher education (ISCED 5-8)
A,TE1026V,ES024C,2022,31996.0,,,ES024C,ES,,2022,higher_ed_students,Students in higher education (ISCED 5-8)
A,TE1026V,ES024C,2023,31732.0,,,ES024C,ES,,2023,higher_ed_students,Students in higher education (ISCED 5-8)
A,TE1026V,ES025C,2015,24847.0,,,ES025C,ES,,2015,higher_ed_students,Students in higher education (ISCED 5-8)
A,TE1026V,ES025C,2016,23916.0,,,ES025C,ES,,2016,higher_ed_students,Students in higher education (ISCED 5-8)
A,TE1026V,ES025C,2017,23433.0,,,ES025C,ES,,2017,higher_ed_students,Students in higher education (ISCED 5-8)
A,TE1026V,ES025C,2018,23433.0,,,ES025C,ES,,2018,higher_ed_students,Students in higher education (ISCED 5-8)
A,TE1026V,ES025C,2019,23272.0,,,ES025C,ES,,2019,higher_ed_students,Students in higher education (ISCED 5-8)
A,TE1026V,ES025C,2020,23518.0,,,ES025C,ES,,2020,higher_ed_students,Students in higher education (ISCED 5-8)
A,TE1026V,ES025C,2021,24560.0,,,ES025C,ES,,2021,higher_ed_students,Students in higher education (ISCED 5-8)
A,TE1026V,ES025C,2022,24239.0,,,ES025C,ES,,2022,higher_ed_students,Students in higher education (ISCED 5-8)
A,TE1026V,ES025C,2023,24303.0,,,ES025C,ES,,2023,higher_ed_students,Students in higher education (ISCED 5-8)
A,TE1026V,ES026C,2015,4149.0,,,ES026C,ES,,2015,higher_ed_students,Students in higher education (ISCED 5-8)
A,TE1026V,ES026C,2016,4230.0,,,ES026C,ES,,2016,higher_ed_students,Students in higher education (ISCED 5-8)
A,TE1026V,ES026C,2017,4217.0,,,ES026C,ES,,2017,higher_ed_students,Students in higher education (ISCED 5-8)
A,TE1026V,ES026C,2018,4217.0,,,ES026C,ES,,2018,higher_ed_students,Students in higher education (ISCED 5-8)
A,TE1026V,ES026C,2019,4340.0,,,ES026C,ES,,2019,higher_ed_students,Students in higher education (ISCED 5-8)
A,TE1026V,ES026C,2020,4514.0,,,ES026C,ES,,2020,higher_ed_students,Students in higher education (ISCED 5-8)
A,TE1026V,ES026C,2021,4563.0,,,ES026C,ES,,2021,higher_ed_students,Students in higher education (ISCED 5-8)
A,TE1026V,ES026C,2022,4706.0,,,ES026C,ES,,2022,higher_ed_students,Students in higher education (ISCED 5-8)
A,TE1026V,ES026C,2023,4755.0,,,ES026C,ES,,2023,higher_ed_students,Students in higher education (ISCED 5-8)
A,TE1026V,ES027C,2015,750.0,,,ES027C,ES,,2015,higher_ed_students,Students in higher education (ISCED 5-8)
A,TE1026V,ES027C,2016,738.0,,,ES027C,ES,,2016,higher_ed_students,Students in higher education (ISCED 5-8)
A,TE1026V,ES027C,2017,726.0,,,ES027C,ES,,2017,higher_ed_students,Students in higher education (ISCED 5-8)
A,TE1026V,ES027C,2018,726.0,,,ES027C,ES,,2018,higher_ed_students,Students in higher education (ISCED 5-8)
A,TE1026V,ES027C,2019,760.0,,,ES027C,ES,,2019,higher_ed_students,Students in higher education (ISCED 5-8)
A,TE1026V,ES027C,2020,696.0,,,ES027C,ES,,2020,higher_ed_students,Students in higher education (ISCED 5-8)
A,TE1026V,ES027C,2021,755.0,,,ES027C,ES,,2021,higher_ed_students,Students in higher education (ISCED 5-8)
A,TE1026V,ES027C,2022,830.0,,,ES027C,ES,,2022,higher_ed_students,Students in higher education (ISCED 5-8)
A,TE1026V,ES027C,2023,972.0,,,ES027C,ES,,2023,higher_ed_students,Students in higher education (ISCED 5-8)
A,TE1026V,ES028C,2015,7176.0,,,ES028C,ES,,2015,higher_ed_students,Students in higher education (ISCED 5-8)
A,TE1026V,ES028C,2016,6724.0,,,ES028C,ES,,2016,higher_ed_students,Students in higher education (ISCED 5-8)
A,TE1026V,ES028C,2017,6406.0,,,ES028C,ES,,2017,higher_ed_students,Students in higher education (ISCED 5-8)
A,TE1026V,ES028C,2018,6406.0,,,ES028C,ES,,2018,higher_ed_students,Students in higher education (ISCED 5-8)
A,TE1026V,ES028C,2019,6310.0,,,ES028C,ES,,2019,higher_ed_students,Students in higher education (ISCED 5-8)
A,TE1026V,ES028C,2020,6360.0,,,ES028C,ES,,2020,higher_ed_students,Students in higher education (ISCED 5-8)
A,TE1026V,ES028C,2021,6880.0,,,ES028C,ES,,2021,higher_ed_students,Students in higher education (ISCED 5-8)
A,TE1026V,ES028C,2022,6769.0,,,ES028C,ES,,2022,higher_ed_students,Students in higher education (ISCED 5-8)
A,TE1026V,ES028C,2023,6951.0,,,ES028C,ES,,2023,higher_ed_students,Students in higher education (ISCED 5-8)
A,TE1026V,ES029C,2015,797.0,,,ES029C,ES,,2015,higher_ed_students,Students in higher education (ISCED 5-8)
A,TE1026V,ES029C,2016,810.0,,,ES029C,ES,,2016,higher_ed_students,Students in higher education (ISCED 5-8)
A,TE1026V,ES029C,2017,883.0,,,ES029C,ES,,2017,higher_ed_students,Students in higher education (ISCED 5-8)
A,TE1026V,ES029C,2018,883.0,,,ES029C,ES,,2018,higher_ed_students,Students in higher education (ISCED 5-8)
A,TE1026V,ES029C,2019,988.0,,,ES029C,ES,,2019,higher_ed_students,Students in higher education (ISCED 5-8)
A,TE1026V,ES029C,2020,960.0,,,ES029C,ES,,2020,higher_ed_students,Students in higher education (ISCED 5-8)
A,TE1026V,ES029C,2021,959.0,,,ES029C,ES,,2021,higher_ed_students,Students in higher education (ISCED 5-8)
A,TE1026V,ES029C,2022,949.0,,,ES029C,ES,,2022,higher_ed_students,Students in higher education (ISCED 5-8)
A,TE1026V,ES029C,2023,998.0,,,ES029C,ES,,2023,higher_ed_students,Students in higher education (ISCED 5-8)
A,TE1026V,ES030C,2015,14223.0,,,ES030C,ES,,2015,higher_ed_students,Students in higher education (ISCED 5-8)
A,TE1026V,ES030C,2016,14256.0,,,ES030C,ES,,2016,higher_ed_students,Students in higher education (ISCED 5-8)
A,TE1026V,ES030C,2017,14542.0,,,ES030C,ES,,2017,higher_ed_students,Students in higher education (ISCED 5-8)
A,TE1026V,ES030C,2018,14542.0,,,ES030C,ES,,2018,higher_ed_students,Students in higher education (ISCED 5-8)
A,TE1026V,ES030C,2019,14832.0,,,ES030C,ES,,2019,higher_ed_students,Students in higher education (ISCED 5-8)
A,TE1026V,ES030C,2020,14965.0,,,ES030C,ES,,2020,higher_ed_students,Students in higher education (ISCED 5-8)
A,TE1026V,ES030C,2021,15510.0,,,ES030C,ES,,2021,higher_ed_students,Students in higher education (ISCED 5-8)
A,TE1026V,ES030C,2022,15853.0,,,ES030C,ES,,2022,higher_ed_students,Students in higher education (ISCED 5-8)
A,TE1026V,ES030C,2023,15797.0,,,ES030C,ES,,2023,higher_ed_students,Students in higher education (ISCED 5-8)
A,TE1026V,ES031C,2015,11417.0,,,ES031C,ES,,2015,higher_ed_students,Students in higher education (ISCED 5-8)
A,TE1026V,ES031C,2016,11838.0,,,ES031C,ES,,2016,higher_ed_students,Students in higher education (ISCED 5-8)
A,TE1026V,ES031C,2017,11833.0,,,ES031C,ES,,2017,higher_ed_students,Students in higher education (ISCED 5-8)
A,TE1026V,ES031C,2018,11833.0,,,ES031C,ES,,2018,higher_ed_students,Students in higher education (ISCED 5-8)
A,TE1026V,ES031C,2019,11572.0,,,ES031C,ES,,2019,higher_ed_students,Students in higher education (ISCED 5-8)
A,TE1026V,ES031C,2020,11620.0,,,ES031C,ES,,2020,higher_ed_students,Students in higher education (ISCED 5-8)
A,TE1026V,ES031C,2021,11767.0,,,ES031C,ES,,2021,higher_ed_students,Students in higher education (ISCED 5-8)
A,TE1026V,ES031C,2022,11716.0,,,ES031C,ES,,2022,higher_ed_students,Students in higher education (ISCED 5-8)
A,TE1026V,ES031C,2023,11776.0,,,ES031C,ES,,2023,higher_ed_students,Students in higher education (ISCED 5-8)
A,TE1026V,ES032C,2015,260.0,,,ES032C,ES,,2015,higher_ed_students,Students in higher education (ISCED 5-8)
A,TE1026V,ES032C,2016,251.0,,,ES032C,ES,,2016,higher_ed_students,Students in higher education (ISCED 5-8)
A,TE1026V,ES032C,2017,239.0,,,ES032C,ES,,2017,higher_ed_students,Students in higher education (ISCED 5-8)
A,TE1026V,ES032C,2018,239.0,,,ES032C,ES,,2018,higher_ed_students,Students in higher education (ISCED 5-8)
A,TE1026V,ES032C,2019,206.0,,,ES032C,ES,,2019,higher_ed_students,Students in higher education (ISCED 5-8)
A,TE1026V,ES032C,2020,192.0,,,ES032C,ES,,2020,higher_ed_students,Students in higher education (ISCED 5-8)
A,TE1026V,ES032C,2021,189.0,,,ES032C,ES,,2021,higher_ed_students,Students in higher education (ISCED 5-8)
A,TE1026V,ES032C,2022,229.0,,,ES032C,ES,,2022,higher_ed_students,Students in higher education (ISCED 5-8)
A,TE1026V,ES032C,2023,284.0,,,ES032C,ES,,2023,higher_ed_students,Students in higher education (ISCED 5-8)
A,TE1026V,ES033C,2015,794.0,,,ES033C,ES,,2015,higher_ed_students,Students in higher education (ISCED 5-8)
A,TE1026V,ES033C,2016,777.0,,,ES033C,ES,,2016,higher_ed_students,Students in higher education (ISCED 5-8)
A,TE1026V,ES033C,2017,863.0,,,ES033C,ES,,2017,higher_ed_students,Students in higher education (ISCED 5-8)
A,TE1026V,ES033C,2018,863.0,,,ES033C,ES,,2018,higher_ed_students,Students in higher education (ISCED 5-8)
A,TE1026V,ES033C,2019,923.0,,,ES033C,ES,,2019,higher_ed_students,Students in higher education (ISCED 5-8)
A,TE1026V,ES033C,2020,1007.0,,,ES033C,ES,,2020,higher_ed_students,Students in higher education (ISCED 5-8)
A,TE1026V,ES033C,2021,1169.0,,,ES033C,ES,,2021,higher_ed_students,Students in higher education (ISCED 5-8)
A,TE1026V,ES033C,2022,1083.0,,,ES033C,ES,,2022,higher_ed_students,Students in higher education (ISCED 5-8)
A,TE1026V,ES033C,2023,1038.0,,,ES033C,ES,,2023,higher_ed_students,Students in higher education (ISCED 5-8)
A,TE1026V,ES034C,2015,1554.0,,,ES034C,ES,,2015,higher_ed_students,Students in higher education (ISCED 5-8)
A,TE1026V,ES034C,2016,1503.0,,,ES034C,ES,,2016,higher_ed_students,Students in higher education (ISCED 5-8)
A,TE1026V,ES034C,2017,1686.0,,,ES034C,ES,,2017,higher_ed_students,Students in higher education (ISCED 5-8)
A,TE1026V,ES034C,2018,1686.0,,,ES034C,ES,,2018,higher_ed_students,Students in higher education (ISCED 5-8)
A,TE1026V,ES034C,2019,1701.0,,,ES034C,ES,,2019,higher_ed_students,Students in higher education (ISCED 5-8)
A,TE1026V,ES034C,2020,1782.0,,,ES034C,ES,,2020,higher_ed_students,Students in higher education (ISCED 5-8)
A,TE1026V,ES034C,2021,1890.0,,,ES034C,ES,,2021,higher_ed_students,Students in higher education (ISCED 5-8)
A,TE1026V,ES034C,2022,1832.0,,,ES034C,ES,,2022,higher_ed_students,Students in higher education (ISCED 5-8)
A,TE1026V,ES034C,2023,1795.0,,,ES034C,ES,,2023,higher_ed_students,Students in higher education (ISCED 5-8)
A,TE1026V,ES035C,2015,4272.0,,,ES035C,ES,,2015,higher_ed_students,Students in higher education (ISCED 5-8)
A,TE1026V,ES035C,2016,3994.0,,,ES035C,ES,,2016,higher_ed_students,Students in higher education (ISCED 5-8)
A,TE1026V,ES035C,2017,3944.0,,,ES035C,ES,,2017,higher_ed_students,Students in higher education (ISCED 5-8)
A,TE1026V,ES035C,2018,3944.0,,,ES035C,ES,,2018,higher_ed_students,Students in higher education (ISCED 5-8)
A,TE1026V,ES035C,2019,4050.0,,,ES035C,ES,,2019,higher_ed_students,Students in higher education (ISCED 5-8)
A,TE1026V,ES035C,2020,4466.0,,,ES035C,ES,,2020,higher_ed_students,Students in higher education (ISCED 5-8)
A,TE1026V,ES035C,2021,5095.0,,,ES035C,ES,,2021,higher_ed_students,Students in higher education (ISCED 5-8)
A,TE1026V,ES035C,2022,5046.0,,,ES035C,ES,,2022,higher_ed_students,Students in higher education (ISCED 5-8)
A,TE1026V,ES035C,2023,4945.0,,,ES035C,ES,,2023,higher_ed_students,Students in higher education (ISCED 5-8)
A,TE1026V,ES036C,2015,6147.0,,,ES036C,ES,,2015,higher_ed_students,Students in higher education (ISCED 5-8)
A,TE1026V,ES036C,2016,5477.0,,,ES036C,ES,,2016,higher_ed_students,Students in higher education (ISCED 5-8)
A,TE1026V,ES036C,2017,5166.0,,,ES036C,ES,,2017,higher_ed_students,Students in higher education (ISCED 5-8)
A,TE1026V,ES036C,2018,5166.0,,,ES036C,ES,,2018,higher_ed_students,Students in higher education (ISCED 5-8)
A,TE1026V,ES036C,2019,5173.0,,,ES036C,ES,,2019,higher_ed_students,Students in higher education (ISCED 5-8)
A,TE1026V,ES036C,2020,5161.0,,,ES036C,ES,,2020,higher_ed_students,Students in higher education (ISCED 5-8)
A,TE1026V,ES036C,2021,5449.0,,,ES036C,ES,,2021,higher_ed_students,Students in higher education (ISCED 5-8)
A,TE1026V,ES036C,2022,5172.0,,,ES036C,ES,,2022,higher_ed_students,Students in higher education (ISCED 5-8)
A,TE1026V,ES036C,2023,4917.0,,,ES036C,ES,,2023,higher_ed_students,Students in higher education (ISCED 5-8)
A,TE1026V,ES037C,2015,3811.0,,,ES037C,ES,,2015,higher_ed_students,Students in higher education (ISCED 5-8)
A,TE1026V,ES037C,2016,3549.0,,,ES037C,ES,,2016,higher_ed_students,Students in higher education (ISCED 5-8)
A,TE1026V,ES037C,2017,3402.0,,,ES037C,ES,,2017,higher_ed_students,Students in higher education (ISCED 5-8)
A,TE1026V,ES037C,2018,3402.0,,,ES037C,ES,,2018,higher_ed_students,Students in higher education (ISCED 5-8)
A,TE1026V,ES037C,2019,3555.0,,,ES037C,ES,,2019,higher_ed_students,Students in higher education (ISCED 5-8)
A,TE1026V,ES037C,2020,3704.0,,,ES037C,ES,,2020,higher_ed_students,Students in higher education (ISCED 5-8)
A,TE1026V,ES037C,2021,4074.0,,,ES037C,ES,,2021,higher_ed_students,Students in higher education (ISCED 5-8)
A,TE1026V,ES037C,2022,4135.0,,,ES037C,ES,,2022,higher_ed_students,Students in higher education (ISCED 5-8)
A,TE1026V,ES037C,2023,4235.0,,,ES037C,ES,,2023,higher_ed_students,Students in higher education (ISCED 5-8)
A,TE1026V,ES038C,2015,9072.0,,,ES038C,ES,,2015,higher_ed_students,Students in higher education (ISCED 5-8)
A,TE1026V,ES038C,2016,9180.0,,,ES038C,ES,,2016,higher_ed_students,Students in higher education (ISCED 5-8)
A,TE1026V,ES038C,2017,8941.0,,,ES038C,ES,,2017,higher_ed_students,Students in higher education (ISCED 5-8)
A,TE1026V,ES038C,2018,8941.0,,,ES038C,ES,,2018,higher_ed_students,Students in higher education (ISCED 5-8)
A,TE1026V,ES038C,2019,8965.0,,,ES038C,ES,,2019,higher_ed_students,Students in higher education (ISCED 5-8)
A,TE1026V,ES038C,2020,8854.0,,,ES038C,ES,,2020,higher_ed_students,Students in higher education (ISCED 5-8)
A,TE1026V,ES038C,2021,9238.0,,,ES038C,ES,,2021,higher_ed_students,Students in higher education (ISCED 5-8)
A,TE1026V,ES038C,2022,8893.0,,,ES038C,ES,,2022,higher_ed_students,Students in higher education (ISCED 5-8)
A,TE1026V,ES038C,2023,8906.0,,,ES038C,ES,,2023,higher_ed_students,Students in higher education (ISCED 5-8)
A,TE1026V,ES039C,2015,2796.0,,,ES039C,ES,,2015,higher_ed_students,Students in higher education (ISCED 5-8)
A,TE1026V,ES039C,2016,2677.0,,,ES039C,ES,,2016,higher_ed_students,Students in higher education (ISCED 5-8)
A,TE1026V,ES039C,2017,2619.0,,,ES039C,ES,,2017,higher_ed_students,Students in higher education (ISCED 5-8)
A,TE1026V,ES039C,2018,2619.0,,,ES039C,ES,,2018,higher_ed_students,Students in higher education (ISCED 5-8)
A,TE1026V,ES039C,2019,2654.0,,,ES039C,ES,,2019,higher_ed_students,Students in higher education (ISCED 5-8)
A,TE1026V,ES039C,2020,2744.0,,,ES039C,ES,,2020,higher_ed_students,Students in higher education (ISCED 5-8)
A,TE1026V,ES039C,2021,2921.0,,,ES039C,ES,,2021,higher_ed_students,Students in higher education (ISCED 5-8)
A,TE1026V,ES039C,2022,2861.0,,,ES039C,ES,,2022,higher_ed_students,Students in higher education (ISCED 5-8)
A,TE1026V,ES039C,2023,1171.0,,,ES039C,ES,,2023,higher_ed_students,Students in higher education (ISCED 5-8)
A,TE1026V,ES040C,2015,2191.0,,,ES040C,ES,,2015,higher_ed_students,Students in higher education (ISCED 5-8)
A,TE1026V,ES040C,2016,1889.0,,,ES040C,ES,,2016,higher_ed_students,Students in higher education (ISCED 5-8)
A,TE1026V,ES040C,2017,1944.0,,,ES040C,ES,,2017,higher_ed_students,Students in higher education (ISCED 5-8)
A,TE1026V,ES040C,2018,1944.0,,,ES040C,ES,,2018,higher_ed_students,Students in higher education (ISCED 5-8)
A,TE1026V,ES040C,2019,1987.0,,,ES040C,ES,,2019,higher_ed_students,Students in higher education (ISCED 5-8)
A,TE1026V,ES040C,2020,2003.0,,,ES040C,ES,,2020,higher_ed_students,Students in higher education (ISCED 5-8)
A,TE1026V,ES040C,2021,2047.0,,,ES040C,ES,,2021,higher_ed_students,Students in higher education (ISCED 5-8)
A,TE1026V,ES040C,2022,2320.0,,,ES040C,ES,,2022,higher_ed_students,Students in higher education (ISCED 5-8)
A,TE1026V,ES040C,2023,2427.0,,,ES040C,ES,,2023,higher_ed_students,Students in higher education (ISCED 5-8)
A,TE1026V,ES041C,2015,6618.0,,,ES041C,ES,,2015,higher_ed_students,Students in higher education (ISCED 5-8)
A,TE1026V,ES041C,2016,6273.0,,,ES041C,ES,,2016,higher_ed_students,Students in higher education (ISCED 5-8)
A,TE1026V,ES041C,2017,6265.0,,,ES041C,ES,,2017,higher_ed_students,Students in higher education (ISCED 5-8)
A,TE1026V,ES041C,2018,6265.0,,,ES041C,ES,,2018,higher_ed_students,Students in higher education (ISCED 5-8)
A,TE1026V,ES041C,2019,6295.0,,,ES041C,ES,,2019,higher_ed_students,Students in higher education (ISCED 5-8)
A,TE1026V,ES041C,2020,6419.0,,,ES041C,ES,,2020,higher_ed_students,Students in higher education (ISCED 5-8)
A,TE1026V,ES041C,2021,6773.0,,,ES041C,ES,,2021,higher_ed_students,Students in higher education (ISCED 5-8)
A,TE1026V,ES041C,2022,6574.0,,,ES041C,ES,,2022,higher_ed_students,Students in higher education (ISCED 5-8)
A,TE1026V,ES041C,2023,6574.0,,,ES041C,ES,,2023,higher_ed_students,Students in higher education (ISCED 5-8)
A,TE1026V,ES042C,2015,3159.0,,,ES042C,ES,,2015,higher_ed_students,Students in higher education (ISCED 5-8)
A,TE1026V,ES042C,2016,3122.0,,,ES042C,ES,,2016,higher_ed_students,Students in higher education (ISCED 5-8)
A,TE1026V,ES042C,2017,3550.0,,,ES042C,ES,,2017,higher_ed_students,Students in higher education (ISCED 5-8)
A,TE1026V,ES042C,2018,3550.0,,,ES042C,ES,,2018,higher_ed_students,Students in higher education (ISCED 5-8)
A,TE1026V,ES042C,2019,3792.0,,,ES042C,ES,,2019,higher_ed_students,Students in higher education (ISCED 5-8)
A,TE1026V,ES042C,2020,4029.0,,,ES042C,ES,,2020,higher_ed_students,Students in higher education (ISCED 5-8)
A,TE1026V,ES042C,2021,4253.0,,,ES042C,ES,,2021,higher_ed_students,Students in higher education (ISCED 5-8)
A,TE1026V,ES042C,2022,4504.0,,,ES042C,ES,,2022,higher_ed_students,Students in higher education (ISCED 5-8)
A,TE1026V,ES042C,2023,4665.0,,,ES042C,ES,,2023,higher_ed_students,Students in higher education (ISCED 5-8)
A,TE1026V,ES043C,2015,9731.0,,,ES043C,ES,,2015,higher_ed_students,Students in higher education (ISCED 5-8)
A,TE1026V,ES043C,2016,9538.0,,,ES043C,ES,,2016,higher_ed_students,Students in higher education (ISCED 5-8)
A,TE1026V,ES043C,2017,9058.0,,,ES043C,ES,,2017,higher_ed_students,Students in higher education (ISCED 5-8)
A,TE1026V,ES043C,2018,9058.0,,,ES043C,ES,,2018,higher_ed_students,Students in higher education (ISCED 5-8)
A,TE1026V,ES043C,2019,8908.0,,,ES043C,ES,,2019,higher_ed_students,Students in higher education (ISCED 5-8)
A,TE1026V,ES043C,2020,8719.0,,,ES043C,ES,,2020,higher_ed_students,Students in higher education (ISCED 5-8)
A,TE1026V,ES043C,2021,9031.0,,,ES043C,ES,,2021,higher_ed_students,Students in higher education (ISCED 5-8)
A,TE1026V,ES043C,2022,8785.0,,,ES043C,ES,,2022,higher_ed_students,Students in higher education (ISCED 5-8)
A,TE1026V,ES043C,2023,8967.0,,,ES043C,ES,,2023,higher_ed_students,Students in higher education (ISCED 5-8)
A,TE1026V,ES044C,2015,663.0,,,ES044C,ES,,2015,higher_ed_students,Students in higher education (ISCED 5-8)
A,TE1026V,ES044C,2016,680.0,,,ES044C,ES,,2016,higher_ed_students,Students in higher education (ISCED 5-8)
A,TE1026V,ES044C,2017,608.0,,,ES044C,ES,,2017,higher_ed_students,Students in higher education (ISCED 5-8)
A,TE1026V,ES044C,2018,608.0,,,ES044C,ES,,2018,higher_ed_students,Students in higher education (ISCED 5-8)
A,TE1026V,ES044C,2019,651.0,,,ES044C,ES,,2019,higher_ed_students,Students in higher education (ISCED 5-8)
A,TE1026V,ES044C,2020,677.0,,,ES044C,ES,,2020,higher_ed_students,Students in higher education (ISCED 5-8)
A,TE1026V,ES044C,2021,675.0,,,ES044C,ES,,2021,higher_ed_students,Students in higher education (ISCED 5-8)
A,TE1026V,ES044C,2022,646.0,,,ES044C,ES,,2022,higher_ed_students,Students in higher education (ISCED 5-8)
A,TE1026V,ES044C,2023,701.0,,,ES044C,ES,,2023,higher_ed_students,Students in higher education (ISCED 5-8)
A,TE1026V,ES045C,2015,2526.0,,,ES045C,ES,,2015,higher_ed_students,Students in higher education (ISCED 5-8)
A,TE1026V,ES045C,2016,2550.0,,,ES045C,ES,,2016,higher_ed_students,Students in higher education (ISCED 5-8)
A,TE1026V,ES045C,2017,2822.0,,,ES045C,ES,,2017,higher_ed_students,Students in higher education (ISCED 5-8)
A,TE1026V,ES045C,2018,2822.0,,,ES045C,ES,,2018,higher_ed_students,Students in higher education (ISCED 5-8)
A,TE1026V,ES045C,2019,2928.0,,,ES045C,ES,,2019,higher_ed_students,Students in higher education (ISCED 5-8)
A,TE1026V,ES045C,2020,3183.0,,,ES045C,ES,,2020,higher_ed_students,Students in higher education (ISCED 5-8)
A,TE1026V,ES045C,2021,3235.0,,,ES045C,ES,,2021,higher_ed_students,Students in higher education (ISCED 5-8)
A,TE1026V,ES045C,2022,3153.0,,,ES045C,ES,,2022,higher_ed_students,Students in higher education (ISCED 5-8)
A,TE1026V,ES045C,2023,1030.0,,,ES045C,ES,,2023,higher_ed_students,Students in higher education (ISCED 5-8)
A,TE1026V,ES046C,2015,3063.0,,,ES046C,ES,,2015,higher_ed_students,Students in higher education (ISCED 5-8)
A,TE1026V,ES046C,2016,2852.0,,,ES046C,ES,,2016,higher_ed_students,Students in higher education (ISCED 5-8)
A,TE1026V,ES046C,2017,2686.0,,,ES046C,ES,,2017,higher_ed_students,Students in higher education (ISCED 5-8)
A,TE1026V,ES046C,2018,2686.0,,,ES046C,ES,,2018,higher_ed_students,Students in higher education (ISCED 5-8)
A,TE1026V,ES046C,2019,2445.0,,,ES046C,ES,,2019,higher_ed_students,Students in higher education (ISCED 5-8)
A,TE1026V,ES046C,2020,2479.0,,,ES046C,ES,,2020,higher_ed_students,Students in higher education (ISCED 5-8)
A,TE1026V,ES046C,2021,2632.0,,,ES046C,ES,,2021,higher_ed_students,Students in higher education (ISCED 5-8)
A,TE1026V,ES046C,2022,2577.0,,,ES046C,ES,,2022,higher_ed_students,Students in higher education (ISCED 5-8)
A,TE1026V,ES046C,2023,2531.0,,,ES046C,ES,,2023,higher_ed_students,Students in higher education (ISCED 5-8)
A,TE1026V,ES047C,2015,4521.0,,,ES047C,ES,,2015,higher_ed_students,Students in higher education (ISCED 5-8)
A,TE1026V,ES047C,2016,3931.0,,,ES047C,ES,,2016,higher_ed_students,Students in higher education (ISCED 5-8)
A,TE1026V,ES047C,2017,3655.0,,,ES047C,ES,,2017,higher_ed_students,Students in higher education (ISCED 5-8)
A,TE1026V,ES047C,2018,3655.0,,,ES047C,ES,,2018,higher_ed_students,Students in higher education (ISCED 5-8)
A,TE1026V,ES047C,2019,3606.0,,,ES047C,ES,,2019,higher_ed_students,Students in higher education (ISCED 5-8)
A,TE1026V,ES047C,2020,3619.0,,,ES047C,ES,,2020,higher_ed_students,Students in higher education (ISCED 5-8)
A,TE1026V,ES047C,2021,3811.0,,,ES047C,ES,,2021,higher_ed_students,Students in higher education (ISCED 5-8)
A,TE1026V,ES047C,2022,3701.0,,,ES047C,ES,,2022,higher_ed_students,Students in higher education (ISCED 5-8)
A,TE1026V,ES047C,2023,3854.0,,,ES047C,ES,,2023,higher_ed_students,Students in higher education (ISCED 5-8)
A,TE1026V,ES048C,2015,207.0,,,ES048C,ES,,2015,higher_ed_students,Students in higher education (ISCED 5-8)
A,TE1026V,ES048C,2016,206.0,,,ES048C,ES,,2016,higher_ed_students,Students in higher education (ISCED 5-8)
A,TE1026V,ES048C,2017,219.0,,,ES048C,ES,,2017,higher_ed_students,Students in higher education (ISCED 5-8)
A,TE1026V,ES048C,2018,219.0,,,ES048C,ES,,2018,higher_ed_students,Students in higher education (ISCED 5-8)
A,TE1026V,ES048C,2019,231.0,,,ES048C,ES,,2019,higher_ed_students,Students in higher education (ISCED 5-8)
A,TE1026V,ES048C,2020,258.0,,,ES048C,ES,,2020,higher_ed_students,Students in higher education (ISCED 5-8)
A,TE1026V,ES048C,2021,337.0,,,ES048C,ES,,2021,higher_ed_students,Students in higher education (ISCED 5-8)
A,TE1026V,ES048C,2022,335.0,,,ES048C,ES,,2022,higher_ed_students,Students in higher education (ISCED 5-8)
A,TE1026V,ES048C,2023,394.0,,,ES048C,ES,,2023,higher_ed_students,Students in higher education (ISCED 5-8)
A,TE1026V,ES049C,2015,141.0,,,ES049C,ES,,2015,higher_ed_students,Students in higher education (ISCED 5-8)
A,TE1026V,ES049C,2016,149.0,,,ES049C,ES,,2016,higher_ed_students,Students in higher education (ISCED 5-8)
A,TE1026V,ES049C,2017,238.0,,,ES049C,ES,,2017,higher_ed_students,Students in higher education (ISCED 5-8)
A,TE1026V,ES049C,2018,238.0,,,ES049C,ES,,2018,higher_ed_students,Students in higher education (ISCED 5-8)
A,TE1026V,ES049C,2019,254.0,,,ES049C,ES,,2019,higher_ed_students,Students in higher education (ISCED 5-8)
A,TE1026V,ES049C,2020,277.0,,,ES049C,ES,,2020,higher_ed_students,Students in higher education (ISCED 5-8)
A,TE1026V,ES049C,2021,308.0,,,ES049C,ES,,2021,higher_ed_students,Students in higher education (ISCED 5-8)
A,TE1026V,ES049C,2022,315.0,,,ES049C,ES,,2022,higher_ed_students,Students in higher education (ISCED 5-8)
A,TE1026V,ES049C,2023,331.0,,,ES049C,ES,,2023,higher_ed_students,Students in higher education (ISCED 5-8)
A,TE1026V,ES050C,2015,2104.0,,,ES050C,ES,,2015,higher_ed_students,Students in higher education (ISCED 5-8)
A,TE1026V,ES050C,2016,1929.0,,,ES050C,ES,,2016,higher_ed_students,Students in higher education (ISCED 5-8)
A,TE1026V,ES050C,2017,1907.0,,,ES050C,ES,,2017,higher_ed_students,Students in higher education (ISCED 5-8)
A,TE1026V,ES050C,2018,1907.0,,,ES050C,ES,,2018,higher_ed_students,Students in higher education (ISCED 5-8)
A,TE1026V,ES050C,2019,1945.0,,,ES050C,ES,,2019,higher_ed_students,Students in higher education (ISCED 5-8)
A,TE1026V,ES050C,2020,2010.0,,,ES050C,ES,,2020,higher_ed_students,Students in higher education (ISCED 5-8)
A,TE1026V,ES050C,2021,1999.0,,,ES050C,ES,,2021,higher_ed_students,Students in higher education (ISCED 5-8)
A,TE1026V,ES050C,2022,2035.0,,,ES050C,ES,,2022,higher_ed_students,Students in higher education (ISCED 5-8)
A,TE1026V,ES050C,2023,2089.0,,,ES050C,ES,,2023,higher_ed_students,Students in higher education (ISCED 5-8)
A,TE1026V,ES051C,2015,841.0,,,ES051C,ES,,2015,higher_ed_students,Students in higher education (ISCED 5-8)
A,TE1026V,ES051C,2016,764.0,,,ES051C,ES,,2016,higher_ed_students,Students in higher education (ISCED 5-8)
A,TE1026V,ES051C,2017,792.0,,,ES051C,ES,,2017,higher_ed_students,Students in higher education (ISCED 5-8)
A,TE1026V,ES051C,2018,792.0,,,ES051C,ES,,2018,higher_ed_students,Students in higher education (ISCED 5-8)
A,TE1026V,ES051C,2019,812.0,,,ES051C,ES,,2019,higher_ed_students,Students in higher education (ISCED 5-8)
A,TE1026V,ES051C,2020,917.0,,,ES051C,ES,,2020,higher_ed_students,Students in higher education (ISCED 5-8)
A,TE1026V,ES051C,2021,993.0,,,ES051C,ES,,2021,higher_ed_students,Students in higher education (ISCED 5-8)
A,TE1026V,ES051C,2022,1027.0,,,ES051C,ES,,2022,higher_ed_students,Students in higher education (ISCED 5-8)
A,TE1026V,ES051C,2023,1084.0,,,ES051C,ES,,2023,higher_ed_students,Students in higher education (ISCED 5-8)
A,TE1026V,ES052C,2015,111.0,,,ES052C,ES,,2015,higher_ed_students,Students in higher education (ISCED 5-8)
A,TE1026V,ES052C,2016,118.0,,,ES052C,ES,,2016,higher_ed_students,Students in higher education (ISCED 5-8)
A,TE1026V,ES052C,2017,112.0,,,ES052C,ES,,2017,higher_ed_students,Students in higher education (ISCED 5-8)
A,TE1026V,ES052C,2018,112.0,,,ES052C,ES,,2018,higher_ed_students,Students in higher education (ISCED 5-8)
A,TE1026V,ES052C,2019,121.0,,,ES052C,ES,,2019,higher_ed_students,Students in higher education (ISCED 5-8)
A,TE1026V,ES052C,2020,150.0,,,ES052C,ES,,2020,higher_ed_students,Students in higher education (ISCED 5-8)
A,TE1026V,ES052C,2021,160.0,,,ES052C,ES,,2021,higher_ed_students,Students in higher education (ISCED 5-8)
A,TE1026V,ES052C,2022,193.0,,,ES052C,ES,,2022,higher_ed_students,Students in higher education (ISCED 5-8)
A,TE1026V,ES052C,2023,220.0,,,ES052C,ES,,2023,higher_ed_students,Students in higher education (ISCED 5-8)
A,TE1026V,ES053C,2015,1043.0,,,ES053C,ES,,2015,higher_ed_students,Students in higher education (ISCED 5-8)
A,TE1026V,ES053C,2016,996.0,,,ES053C,ES,,2016,higher_ed_students,Students in higher education (ISCED 5-8)
A,TE1026V,ES053C,2017,1056.0,,,ES053C,ES,,2017,higher_ed_students,Students in higher education (ISCED 5-8)
A,TE1026V,ES053C,2018,1056.0,,,ES053C,ES,,2018,higher_ed_students,Students in higher education (ISCED 5-8)
A,TE1026V,ES053C,2019,1075.0,,,ES053C,ES,,2019,higher_ed_students,Students in higher education (ISCED 5-8)
A,TE1026V,ES053C,2020,1034.0,,,ES053C,ES,,2020,higher_ed_students,Students in higher education (ISCED 5-8)
A,TE1026V,ES053C,2021,1095.0,,,ES053C,ES,,2021,higher_ed_students,Students in higher education (ISCED 5-8)
A,TE1026V,ES053C,2022,1106.0,,,ES053C,ES,,2022,higher_ed_students,Students in higher education (ISCED 5-8)
A,TE1026V,ES053C,2023,1094.0,,,ES053C,ES,,2023,higher_ed_students,Students in higher education (ISCED 5-8)
A,TE1026V,ES054C,2015,805.0,,,ES054C,ES,,2015,higher_ed_students,Students in higher education (ISCED 5-8)
A,TE1026V,ES054C,2016,896.0,,,ES054C,ES,,2016,higher_ed_students,Students in higher education (ISCED 5-8)
A,TE1026V,ES054C,2017,1130.0,,,ES054C,ES,,2017,higher_ed_students,Students in higher education (ISCED 5-8)
A,TE1026V,ES054C,2018,1130.0,,,ES054C,ES,,2018,higher_ed_students,Students in higher education (ISCED 5-8)
A,TE1026V,ES054C,2019,1079.0,,,ES054C,ES,,2019,higher_ed_students,Students in higher education (ISCED 5-8)
A,TE1026V,ES054C,2020,1071.0,,,ES054C,ES,,2020,higher_ed_students,Students in higher education (ISCED 5-8)
A,TE1026V,ES054C,2021,1046.0,,,ES054C,ES,,2021,higher_ed_students,Students in higher education (ISCED 5-8)
A,TE1026V,ES054C,2022,1158.0,,,ES054C,ES,,2022,higher_ed_students,Students in higher education (ISCED 5-8)
A,TE1026V,ES054C,2023,1148.0,,,ES054C,ES,,2023,higher_ed_students,Students in higher education (ISCED 5-8)
A,TE1026V,ES055C,2015,1262.0,,,ES055C,ES,,2015,higher_ed_students,Students in higher education (ISCED 5-8)
A,TE1026V,ES055C,2016,1322.0,,,ES055C,ES,,2016,higher_ed_students,Students in higher education (ISCED 5-8)
A,TE1026V,ES055C,2017,1283.0,,,ES055C,ES,,2017,higher_ed_students,Students in higher education (ISCED 5-8)
A,TE1026V,ES055C,2018,1283.0,,,ES055C,ES,,2018,higher_ed_students,Students in higher education (ISCED 5-8)
A,TE1026V,ES055C,2019,1411.0,,,ES055C,ES,,2019,higher_ed_students,Students in higher education (ISCED 5-8)
A,TE1026V,ES055C,2020,1458.0,,,ES055C,ES,,2020,higher_ed_students,Students in higher education (ISCED 5-8)
A,TE1026V,ES055C,2021,1662.0,,,ES055C,ES,,2021,higher_ed_students,Students in higher education (ISCED 5-8)
A,TE1026V,ES055C,2022,1711.0,,,ES055C,ES,,2022,higher_ed_students,Students in higher education (ISCED 5-8)
A,TE1026V,ES055C,2023,1563.0,,,ES055C,ES,,2023,higher_ed_students,Students in higher education (ISCED 5-8)
A,TE1026V,ES056C,2017,841.0,,,ES056C,ES,,2017,higher_ed_students,Students in higher education (ISCED 5-8)
A,TE1026V,ES056C,2018,841.0,,,ES056C,ES,,2018,higher_ed_students,Students in higher education (ISCED 5-8)
A,TE1026V,ES056C,2019,840.0,,,ES056C,ES,,2019,higher_ed_students,Students in higher education (ISCED 5-8)
A,TE1026V,ES056C,2020,889.0,,,ES056C,ES,,2020,higher_ed_students,Students in higher education (ISCED 5-8)
A,TE1026V,ES056C,2021,998.0,,,ES056C,ES,,2021,higher_ed_students,Students in higher education (ISCED 5-8)
A,TE1026V,ES056C,2022,1123.0,,,ES056C,ES,,2022,higher_ed_students,Students in higher education (ISCED 5-8)
A,TE1026V,ES056C,2023,1246.0,,,ES056C,ES,,2023,higher_ed_students,Students in higher education (ISCED 5-8)
A,TE1026V,ES057C,2015,377.0,,,ES057C,ES,,2015,higher_ed_students,Students in higher education (ISCED 5-8)
A,TE1026V,ES057C,2016,353.0,,,ES057C,ES,,2016,higher_ed_students,Students in higher education (ISCED 5-8)
A,TE1026V,ES057C,2017,344.0,,,ES057C,ES,,2017,higher_ed_students,Students in higher education (ISCED 5-8)
A,TE1026V,ES057C,2018,344.0,,,ES057C,ES,,2018,higher_ed_students,Students in higher education (ISCED 5-8)
A,TE1026V,ES057C,2019,308.0,,,ES057C,ES,,2019,higher_ed_students,Students in higher education (ISCED 5-8)
A,TE1026V,ES057C,2020,275.0,,,ES057C,ES,,2020,higher_ed_students,Students in higher education (ISCED 5-8)
A,TE1026V,ES057C,2021,286.0,,,ES057C,ES,,2021,higher_ed_students,Students in higher education (ISCED 5-8)
A,TE1026V,ES057C,2022,358.0,,,ES057C,ES,,2022,higher_ed_students,Students in higher education (ISCED 5-8)
A,TE1026V,ES057C,2023,419.0,,,ES057C,ES,,2023,higher_ed_students,Students in higher education (ISCED 5-8)
A,TE1026V,ES058C,2015,898.0,,,ES058C,ES,,2015,higher_ed_students,Students in higher education (ISCED 5-8)
A,TE1026V,ES058C,2016,844.0,,,ES058C,ES,,2016,higher_ed_students,Students in higher education (ISCED 5-8)
A,TE1026V,ES058C,2017,1078.0,,,ES058C,ES,,2017,higher_ed_students,Students in higher education (ISCED 5-8)
A,TE1026V,ES058C,2018,1078.0,,,ES058C,ES,,2018,higher_ed_students,Students in higher education (ISCED 5-8)
A,TE1026V,ES058C,2019,1093.0,,,ES058C,ES,,2019,higher_ed_students,Students in higher education (ISCED 5-8)
A,TE1026V,ES058C,2020,1153.0,,,ES058C,ES,,2020,higher_ed_students,Students in higher education (ISCED 5-8)
A,TE1026V,ES058C,2021,1167.0,,,ES058C,ES,,2021,higher_ed_students,Students in higher education (ISCED 5-8)
A,TE1026V,ES058C,2022,1176.0,,,ES058C,ES,,2022,higher_ed_students,Students in higher education (ISCED 5-8)
A,TE1026V,ES058C,2023,1167.0,,,ES058C,ES,,2023,higher_ed_students,Students in higher education (ISCED 5-8)
A,TE1026V,ES059C,2017,59096.0,,,ES059C,ES,,2017,higher_ed_students,Students in higher education (ISCED 5-8)
A,TE1026V,ES059C,2018,59096.0,,,ES059C,ES,,2018,higher_ed_students,Students in higher education (ISCED 5-8)
A,TE1026V,ES059C,2019,59710.0,,,ES059C,ES,,2019,higher_ed_students,Students in higher education (ISCED 5-8)
A,TE1026V,ES059C,2020,60750.0,,,ES059C,ES,,2020,higher_ed_students,Students in higher education (ISCED 5-8)
A,TE1026V,ES059C,2021,61624.0,,,ES059C,ES,,2021,higher_ed_students,Students in higher education (ISCED 5-8)
A,TE1026V,ES059C,2022,62164.0,,,ES059C,ES,,2022,higher_ed_students,Students in higher education (ISCED 5-8)
A,TE1026V,ES059C,2023,62454.0,,,ES059C,ES,,2023,higher_ed_students,Students in higher education (ISCED 5-8)
A,TE1026V,ES060C,2015,14519.0,,,ES060C,ES,,2015,higher_ed_students,Students in higher education (ISCED 5-8)
A,TE1026V,ES060C,2016,14194.0,,,ES060C,ES,,2016,higher_ed_students,Students in higher education (ISCED 5-8)
A,TE1026V,ES060C,2017,13835.0,,,ES060C,ES,,2017,higher_ed_students,Students in higher education (ISCED 5-8)
A,TE1026V,ES060C,2018,13835.0,,,ES060C,ES,,2018,higher_ed_students,Students in higher education (ISCED 5-8)
A,TE1026V,ES060C,2019,13950.0,,,ES060C,ES,,2019,higher_ed_students,Students in higher education (ISCED 5-8)
A,TE1026V,ES060C,2020,14003.0,,,ES060C,ES,,2020,higher_ed_students,Students in higher education (ISCED 5-8)
A,TE1026V,ES060C,2021,15169.0,,,ES060C,ES,,2021,higher_ed_students,Students in higher education (ISCED 5-8)
A,TE1026V,ES060C,2022,15276.0,,,ES060C,ES,,2022,higher_ed_students,Students in higher education (ISCED 5-8)
A,TE1026V,ES060C,2023,15486.0,,,ES060C,ES,,2023,higher_ed_students,Students in higher education (ISCED 5-8)
A,TE1026V,ES061C,2015,12895.0,,,ES061C,ES,,2015,higher_ed_students,Students in higher education (ISCED 5-8)
A,TE1026V,ES061C,2016,12559.0,,,ES061C,ES,,2016,higher_ed_students,Students in higher education (ISCED 5-8)
A,TE1026V,ES061C,2017,11938.0,,,ES061C,ES,,2017,higher_ed_students,Students in higher education (ISCED 5-8)
A,TE1026V,ES061C,2018,11938.0,,,ES061C,ES,,2018,higher_ed_students,Students in higher education (ISCED 5-8)
A,TE1026V,ES061C,2019,11911.0,,,ES061C,ES,,2019,higher_ed_students,Students in higher education (ISCED 5-8)
A,TE1026V,ES061C,2020,11830.0,,,ES061C,ES,,2020,higher_ed_students,Students in higher education (ISCED 5-8)
A,TE1026V,ES061C,2021,12904.0,,,ES061C,ES,,2021,higher_ed_students,Students in higher education (ISCED 5-8)
A,TE1026V,ES061C,2022,13415.0,,,ES061C,ES,,2022,higher_ed_students,Students in higher education (ISCED 5-8)
A,TE1026V,ES061C,2023,13503.0,,,ES061C,ES,,2023,higher_ed_students,Students in higher education (ISCED 5-8)
A,TE1026V,ES062C,2015,6619.0,,,ES062C,ES,,2015,higher_ed_students,Students in higher education (ISCED 5-8)
A,TE1026V,ES062C,2016,6524.0,,,ES062C,ES,,2016,higher_ed_students,Students in higher education (ISCED 5-8)
A,TE1026V,ES062C,2017,6848.0,,,ES062C,ES,,2017,higher_ed_students,Students in higher education (ISCED 5-8)
A,TE1026V,ES062C,2018,6848.0,,,ES062C,ES,,2018,higher_ed_students,Students in higher education (ISCED 5-8)
A,TE1026V,ES062C,2019,7025.0,,,ES062C,ES,,2019,higher_ed_students,Students in higher education (ISCED 5-8)
A,TE1026V,ES062C,2020,7264.0,,,ES062C,ES,,2020,higher_ed_students,Students in higher education (ISCED 5-8)
A,TE1026V,ES062C,2021,7782.0,,,ES062C,ES,,2021,higher_ed_students,Students in higher education (ISCED 5-8)
A,TE1026V,ES062C,2022,7558.0,,,ES062C,ES,,2022,higher_ed_students,Students in higher education (ISCED 5-8)
A,TE1026V,ES062C,2023,7830.0,,,ES062C,ES,,2023,higher_ed_students,Students in higher education (ISCED 5-8)
A,TE1026V,ES063C,2015,15756.0,,,ES063C,ES,,2015,higher_ed_students,Students in higher education (ISCED 5-8)
A,TE1026V,ES063C,2016,15552.0,,,ES063C,ES,,2016,higher_ed_students,Students in higher education (ISCED 5-8)
A,TE1026V,ES063C,2017,15493.0,,,ES063C,ES,,2017,higher_ed_students,Students in higher education (ISCED 5-8)
A,TE1026V,ES063C,2018,15493.0,,,ES063C,ES,,2018,higher_ed_students,Students in higher education (ISCED 5-8)
A,TE1026V,ES063C,2019,15346.0,,,ES063C,ES,,2019,higher_ed_students,Students in higher education (ISCED 5-8)
A,TE1026V,ES063C,2020,15693.0,,,ES063C,ES,,2020,higher_ed_students,Students in higher education (ISCED 5-8)
A,TE1026V,ES063C,2021,16808.0,,,ES063C,ES,,2021,higher_ed_students,Students in higher education (ISCED 5-8)
A,TE1026V,ES063C,2022,16990.0,,,ES063C,ES,,2022,higher_ed_students,Students in higher education (ISCED 5-8)
A,TE1026V,ES063C,2023,17270.0,,,ES063C,ES,,2023,higher_ed_students,Students in higher education (ISCED 5-8)
A,TE1026V,ES064C,2015,15925.0,,,ES064C,ES,,2015,higher_ed_students,Students in higher education (ISCED 5-8)
A,TE1026V,ES064C,2016,15935.0,,,ES064C,ES,,2016,higher_ed_students,Students in higher education (ISCED 5-8)
A,TE1026V,ES064C,2017,17503.0,,,ES064C,ES,,2017,higher_ed_students,Students in higher education (ISCED 5-8)
A,TE1026V,ES064C,2018,17503.0,,,ES064C,ES,,2018,higher_ed_students,Students in higher education (ISCED 5-8)
A,TE1026V,ES064C,2019,17961.0,,,ES064C,ES,,2019,higher_ed_students,Students in higher education (ISCED 5-8)
A,TE1026V,ES064C,2020,18523.0,,,ES064C,ES,,2020,higher_ed_students,Students in higher education (ISCED 5-8)
A,TE1026V,ES064C,2021,19748.0,,,ES064C,ES,,2021,higher_ed_students,Students in higher education (ISCED 5-8)
A,TE1026V,ES064C,2022,20120.0,,,ES064C,ES,,2022,higher_ed_students,Students in higher education (ISCED 5-8)
A,TE1026V,ES064C,2023,20031.0,,,ES064C,ES,,2023,higher_ed_students,Students in higher education (ISCED 5-8)
A,TE1026V,ES065C,2015,17767.0,,,ES065C,ES,,2015,higher_ed_students,Students in higher education (ISCED 5-8)
A,TE1026V,ES065C,2016,18009.0,,,ES065C,ES,,2016,higher_ed_students,Students in higher education (ISCED 5-8)
A,TE1026V,ES065C,2017,18566.0,,,ES065C,ES,,2017,higher_ed_students,Students in higher education (ISCED 5-8)
A,TE1026V,ES065C,2018,18566.0,,,ES065C,ES,,2018,higher_ed_students,Students in higher education (ISCED 5-8)
A,TE1026V,ES065C,2019,18808.0,,,ES065C,ES,,2019,higher_ed_students,Students in higher education (ISCED 5-8)
A,TE1026V,ES065C,2020,19372.0,,,ES065C,ES,,2020,higher_ed_students,Students in higher education (ISCED 5-8)
A,TE1026V,ES065C,2021,19818.0,,,ES065C,ES,,2021,higher_ed_students,Students in higher education (ISCED 5-8)
A,TE1026V,ES065C,2022,20136.0,,,ES065C,ES,,2022,higher_ed_students,Students in higher education (ISCED 5-8)
A,TE1026V,ES065C,2023,20268.0,,,ES065C,ES,,2023,higher_ed_students,Students in higher education (ISCED 5-8)
A,TE1026V,ES066C,2015,14166.0,,,ES066C,ES,,2015,higher_ed_students,Students in higher education (ISCED 5-8)
A,TE1026V,ES066C,2016,13817.0,,,ES066C,ES,,2016,higher_ed_students,Students in higher education (ISCED 5-8)
A,TE1026V,ES066C,2017,17022.0,,,ES066C,ES,,2017,higher_ed_students,Students in higher education (ISCED 5-8)
A,TE1026V,ES066C,2018,17022.0,,,ES066C,ES,,2018,higher_ed_students,Students in higher education (ISCED 5-8)
A,TE1026V,ES066C,2019,15155.0,,,ES066C,ES,,2019,higher_ed_students,Students in higher education (ISCED 5-8)
A,TE1026V,ES066C,2020,14494.0,,,ES066C,ES,,2020,higher_ed_students,Students in higher education (ISCED 5-8)
A,TE1026V,ES066C,2021,15344.0,,,ES066C,ES,,2021,higher_ed_students,Students in higher education (ISCED 5-8)
A,TE1026V,ES066C,2022,15384.0,,,ES066C,ES,,2022,higher_ed_students,Students in higher education (ISCED 5-8)
A,TE1026V,ES066C,2023,15658.0,,,ES066C,ES,,2023,higher_ed_students,Students in higher education (ISCED 5-8)
A,TE1026V,ES067C,2015,28871.0,,,ES067C,ES,,2015,higher_ed_students,Students in higher education (ISCED 5-8)
A,TE1026V,ES067C,2016,28554.0,,,ES067C,ES,,2016,higher_ed_students,Students in higher education (ISCED 5-8)
A,TE1026V,ES067C,2017,29030.0,,,ES067C,ES,,2017,higher_ed_students,Students in higher education (ISCED 5-8)
A,TE1026V,ES067C,2018,29030.0,,,ES067C,ES,,2018,higher_ed_students,Students in higher education (ISCED 5-8)
A,TE1026V,ES067C,2019,29333.0,,,ES067C,ES,,2019,higher_ed_students,Students in higher education (ISCED 5-8)
A,TE1026V,ES067C,2020,29820.0,,,ES067C,ES,,2020,higher_ed_students,Students in higher education (ISCED 5-8)
A,TE1026V,ES067C,2021,29804.0,,,ES067C,ES,,2021,higher_ed_students,Students in higher education (ISCED 5-8)
A,TE1026V,ES067C,2022,29576.0,,,ES067C,ES,,2022,higher_ed_students,Students in higher education (ISCED 5-8)
A,TE1026V,ES067C,2023,29533.0,,,ES067C,ES,,2023,higher_ed_students,Students in higher education (ISCED 5-8)
A,TE1026V,ES068C,2015,12307.0,,,ES068C,ES,,2015,higher_ed_students,Students in higher education (ISCED 5-8)
A,TE1026V,ES068C,2016,11892.0,,,ES068C,ES,,2016,higher_ed_students,Students in higher education (ISCED 5-8)
A,TE1026V,ES068C,2017,12058.0,,,ES068C,ES,,2017,higher_ed_students,Students in higher education (ISCED 5-8)
A,TE1026V,ES068C,2018,12058.0,,,ES068C,ES,,2018,higher_ed_students,Students in higher education (ISCED 5-8)
A,TE1026V,ES068C,2019,12463.0,,,ES068C,ES,,2019,higher_ed_students,Students in higher education (ISCED 5-8)
A,TE1026V,ES068C,2020,12883.0,,,ES068C,ES,,2020,higher_ed_students,Students in higher education (ISCED 5-8)
A,TE1026V,ES068C,2021,13780.0,,,ES068C,ES,,2021,higher_ed_students,Students in higher education (ISCED 5-8)
A,TE1026V,ES068C,2022,13373.0,,,ES068C,ES,,2022,higher_ed_students,Students in higher education (ISCED 5-8)
A,TE1026V,ES068C,2023,13713.0,,,ES068C,ES,,2023,higher_ed_students,Students in higher education (ISCED 5-8)
A,TE1026V,ES069C,2015,17968.0,,,ES069C,ES,,2015,higher_ed_students,Students in higher education (ISCED 5-8)
A,TE1026V,ES069C,2016,18218.0,,,ES069C,ES,,2016,higher_ed_students,Students in higher education (ISCED 5-8)
A,TE1026V,ES069C,2017,18343.0,,,ES069C,ES,,2017,higher_ed_students,Students in higher education (ISCED 5-8)
A,TE1026V,ES069C,2018,18343.0,,,ES069C,ES,,2018,higher_ed_students,Students in higher education (ISCED 5-8)
A,TE1026V,ES069C,2019,18433.0,,,ES069C,ES,,2019,higher_ed_students,Students in higher education (ISCED 5-8)
A,TE1026V,ES069C,2020,18137.0,,,ES069C,ES,,2020,higher_ed_students,Students in higher education (ISCED 5-8)
A,TE1026V,ES069C,2021,18656.0,,,ES069C,ES,,2021,higher_ed_students,Students in higher education (ISCED 5-8)
A,TE1026V,ES069C,2022,18782.0,,,ES069C,ES,,2022,higher_ed_students,Students in higher education (ISCED 5-8)
A,TE1026V,ES069C,2023,18909.0,,,ES069C,ES,,2023,higher_ed_students,Students in higher education (ISCED 5-8)
A,TE1026V,ES070C,2015,12057.0,,,ES070C,ES,,2015,higher_ed_students,Students in higher education (ISCED 5-8)
A,TE1026V,ES070C,2016,12386.0,,,ES070C,ES,,2016,higher_ed_students,Students in higher education (ISCED 5-8)
A,TE1026V,ES070C,2017,12566.0,,,ES070C,ES,,2017,higher_ed_students,Students in higher education (ISCED 5-8)
A,TE1026V,ES070C,2018,12566.0,,,ES070C,ES,,2018,higher_ed_students,Students in higher education (ISCED 5-8)
A,TE1026V,ES070C,2019,12598.0,,,ES070C,ES,,2019,higher_ed_students,Students in higher education (ISCED 5-8)
A,TE1026V,ES070C,2020,12571.0,,,ES070C,ES,,2020,higher_ed_students,Students in higher education (ISCED 5-8)
A,TE1026V,ES070C,2021,14562.0,,,ES070C,ES,,2021,higher_ed_students,Students in higher education (ISCED 5-8)
A,TE1026V,ES070C,2022,14089.0,,,ES070C,ES,,2022,higher_ed_students,Students in higher education (ISCED 5-8)
A,TE1026V,ES070C,2023,14246.0,,,ES070C,ES,,2023,higher_ed_students,Students in higher education (ISCED 5-8)
A,TE1026V,ES071C,2015,11036.0,,,ES071C,ES,,2015,higher_ed_students,Students in higher education (ISCED 5-8)
A,TE1026V,ES071C,2016,10900.0,,,ES071C,ES,,2016,higher_ed_students,Students in higher education (ISCED 5-8)
A,TE1026V,ES071C,2017,10800.0,,,ES071C,ES,,2017,higher_ed_students,Students in higher education (ISCED 5-8)
A,TE1026V,ES071C,2018,10800.0,,,ES071C,ES,,2018,higher_ed_students,Students in higher education (ISCED 5-8)
A,TE1026V,ES071C,2019,11003.0,,,ES071C,ES,,2019,higher_ed_students,Students in higher education (ISCED 5-8)
A,TE1026V,ES071C,2020,11172.0,,,ES071C,ES,,2020,higher_ed_students,Students in higher education (ISCED 5-8)
A,TE1026V,ES071C,2021,11885.0,,,ES071C,ES,,2021,higher_ed_students,Students in higher education (ISCED 5-8)
A,TE1026V,ES071C,2022,11825.0,,,ES071C,ES,,2022,higher_ed_students,Students in higher education (ISCED 5-8)
A,TE1026V,ES071C,2023,11660.0,,,ES071C,ES,,2023,higher_ed_students,Students in higher education (ISCED 5-8)
A,TE1026V,ES072C,2015,15120.0,,,ES072C,ES,,2015,higher_ed_students,Students in higher education (ISCED 5-8)
A,TE1026V,ES072C,2016,13420.0,,,ES072C,ES,,2016,higher_ed_students,Students in higher education (ISCED 5-8)
A,TE1026V,ES072C,2017,12339.0,,,ES072C,ES,,2017,higher_ed_students,Students in higher education (ISCED 5-8)
A,TE1026V,ES072C,2018,12339.0,,,ES072C,ES,,2018,higher_ed_students,Students in higher education (ISCED 5-8)
A,TE1026V,ES072C,2019,11845.0,,,ES072C,ES,,2019,higher_ed_students,Students in higher education (ISCED 5-8)
A,TE1026V,ES072C,2020,11719.0,,,ES072C,ES,,2020,higher_ed_students,Students in higher education (ISCED 5-8)
A,TE1026V,ES072C,2021,11917.0,,,ES072C,ES,,2021,higher_ed_students,Students in higher education (ISCED 5-8)
A,TE1026V,ES072C,2022,11728.0,,,ES072C,ES,,2022,higher_ed_students,Students in higher education (ISCED 5-8)
A,TE1026V,ES072C,2023,11770.0,,,ES072C,ES,,2023,higher_ed_students,Students in higher education (ISCED 5-8)
A,TE1026V,ES073C,2015,12429.0,,,ES073C,ES,,2015,higher_ed_students,Students in higher education (ISCED 5-8)
A,TE1026V,ES073C,2016,12693.0,,,ES073C,ES,,2016,higher_ed_students,Students in higher education (ISCED 5-8)
A,TE1026V,ES073C,2017,13181.0,,,ES073C,ES,,2017,higher_ed_students,Students in higher education (ISCED 5-8)
A,TE1026V,ES073C,2018,13181.0,,,ES073C,ES,,2018,higher_ed_students,Students in higher education (ISCED 5-8)
A,TE1026V,ES073C,2019,13493.0,,,ES073C,ES,,2019,higher_ed_students,Students in higher education (ISCED 5-8)
A,TE1026V,ES073C,2020,13898.0,,,ES073C,ES,,2020,higher_ed_students,Students in higher education (ISCED 5-8)
A,TE1026V,ES073C,2021,14532.0,,,ES073C,ES,,2021,higher_ed_students,Students in higher education (ISCED 5-8)
A,TE1026V,ES073C,2022,14741.0,,,ES073C,ES,,2022,higher_ed_students,Students in higher education (ISCED 5-8)
A,TE1026V,ES073C,2023,15178.0,,,ES073C,ES,,2023,higher_ed_students,Students in higher education (ISCED 5-8)
A,TE1026V,ES074C,2015,16903.0,,,ES074C,ES,,2015,higher_ed_students,Students in higher education (ISCED 5-8)
A,TE1026V,ES074C,2016,16617.0,,,ES074C,ES,,2016,higher_ed_students,Students in higher education (ISCED 5-8)
A,TE1026V,ES074C,2017,17036.0,,,ES074C,ES,,2017,higher_ed_students,Students in higher education (ISCED 5-8)
A,TE1026V,ES074C,2018,17036.0,,,ES074C,ES,,2018,higher_ed_students,Students in higher education (ISCED 5-8)
A,TE1026V,ES074C,2019,17027.0,,,ES074C,ES,,2019,higher_ed_students,Students in higher education (ISCED 5-8)
A,TE1026V,ES074C,2020,16812.0,,,ES074C,ES,,2020,higher_ed_students,Students in higher education (ISCED 5-8)
A,TE1026V,ES074C,2021,17048.0,,,ES074C,ES,,2021,higher_ed_students,Students in higher education (ISCED 5-8)
A,TE1026V,ES074C,2022,16820.0,,,ES074C,ES,,2022,higher_ed_students,Students in higher education (ISCED 5-8)
A,TE1026V,ES074C,2023,17041.0,,,ES074C,ES,,2023,higher_ed_students,Students in higher education (ISCED 5-8)
A,TE1026V,ES075C,2015,11808.0,,,ES075C,ES,,2015,higher_ed_students,Students in higher education (ISCED 5-8)
A,TE1026V,ES075C,2016,12354.0,,,ES075C,ES,,2016,higher_ed_students,Students in higher education (ISCED 5-8)
A,TE1026V,ES075C,2017,16481.0,,,ES075C,ES,,2017,higher_ed_students,Students in higher education (ISCED 5-8)
A,TE1026V,ES075C,2018,16481.0,,,ES075C,ES,,2018,higher_ed_students,Students in higher education (ISCED 5-8)
A,TE1026V,ES075C,2019,19318.0,,,ES075C,ES,,2019,higher_ed_students,Students in higher education (ISCED 5-8)
A,TE1026V,ES075C,2020,24713.0,,,ES075C,ES,,2020,higher_ed_students,Students in higher education (ISCED 5-8)
A,TE1026V,ES075C,2021,32808.0,,,ES075C,ES,,2021,higher_ed_students,Students in higher education (ISCED 5-8)
A,TE1026V,ES075C,2022,41868.0,,,ES075C,ES,,2022,higher_ed_students,Students in higher education (ISCED 5-8)
A,TE1026V,ES075C,2023,47566.0,,,ES075C,ES,,2023,higher_ed_students,Students in higher education (ISCED 5-8)
A,TE1026V,ES076C,2015,7611.0,,,ES076C,ES,,2015,higher_ed_students,Students in higher education (ISCED 5-8)
A,TE1026V,ES076C,2016,7664.0,,,ES076C,ES,,2016,higher_ed_students,Students in higher education (ISCED 5-8)
A,TE1026V,ES076C,2017,7659.0,,,ES076C,ES,,2017,higher_ed_students,Students in higher education (ISCED 5-8)
A,TE1026V,ES076C,2018,7659.0,,,ES076C,ES,,2018,higher_ed_students,Students in higher education (ISCED 5-8)
A,TE1026V,ES076C,2019,7608.0,,,ES076C,ES,,2019,higher_ed_students,Students in higher education (ISCED 5-8)
A,TE1026V,ES076C,2020,7842.0,,,ES076C,ES,,2020,higher_ed_students,Students in higher education (ISCED 5-8)
A,TE1026V,ES076C,2021,8116.0,,,ES076C,ES,,2021,higher_ed_students,Students in higher education (ISCED 5-8)
A,TE1026V,ES076C,2022,8129.0,,,ES076C,ES,,2022,higher_ed_students,Students in higher education (ISCED 5-8)
A,TE1026V,ES076C,2023,8222.0,,,ES076C,ES,,2023,higher_ed_students,Students in higher education (ISCED 5-8)
A,TE1026V,ES077C,2015,3541.0,,,ES077C,ES,,2015,higher_ed_students,Students in higher education (ISCED 5-8)
A,TE1026V,ES077C,2016,3953.0,,,ES077C,ES,,2016,higher_ed_students,Students in higher education (ISCED 5-8)
A,TE1026V,ES077C,2017,4584.0,,,ES077C,ES,,2017,higher_ed_students,Students in higher education (ISCED 5-8)
A,TE1026V,ES077C,2018,4584.0,,,ES077C,ES,,2018,higher_ed_students,Students in higher education (ISCED 5-8)
A,TE1026V,ES077C,2019,4663.0,,,ES077C,ES,,2019,higher_ed_students,Students in higher education (ISCED 5-8)
A,TE1026V,ES077C,2020,4763.0,,,ES077C,ES,,2020,higher_ed_students,Students in higher education (ISCED 5-8)
A,TE1026V,ES077C,2021,4839.0,,,ES077C,ES,,2021,higher_ed_students,Students in higher education (ISCED 5-8)
A,TE1026V,ES077C,2022,4856.0,,,ES077C,ES,,2022,higher_ed_students,Students in higher education (ISCED 5-8)
A,TE1026V,ES077C,2023,4937.0,,,ES077C,ES,,2023,higher_ed_students,Students in higher education (ISCED 5-8)
A,TE1026V,ES078C,2015,487.0,,,ES078C,ES,,2015,higher_ed_students,Students in higher education (ISCED 5-8)
A,TE1026V,ES078C,2016,469.0,,,ES078C,ES,,2016,higher_ed_students,Students in higher education (ISCED 5-8)
A,TE1026V,ES078C,2017,573.0,,,ES078C,ES,,2017,higher_ed_students,Students in higher education (ISCED 5-8)
A,TE1026V,ES078C,2018,573.0,,,ES078C,ES,,2018,higher_ed_students,Students in higher education (ISCED 5-8)
A,TE1026V,ES078C,2019,635.0,,,ES078C,ES,,2019,higher_ed_students,Students in higher education (ISCED 5-8)
A,TE1026V,ES078C,2020,3022.0,,,ES078C,ES,,2020,higher_ed_students,Students in higher education (ISCED 5-8)
A,TE1026V,ES078C,2021,3351.0,,,ES078C,ES,,2021,higher_ed_students,Students in higher education (ISCED 5-8)
A,TE1026V,ES078C,2022,3513.0,,,ES078C,ES,,2022,higher_ed_students,Students in higher education (ISCED 5-8)
A,TE1026V,ES078C,2023,3961.0,,,ES078C,ES,,2023,higher_ed_students,Students in higher education (ISCED 5-8)
A,TE1026V,ES079C,2015,4064.0,,,ES079C,ES,,2015,higher_ed_students,Students in higher education (ISCED 5-8)
A,TE1026V,ES079C,2016,3926.0,,,ES079C,ES,,2016,higher_ed_students,Students in higher education (ISCED 5-8)
A,TE1026V,ES079C,2017,3842.0,,,ES079C,ES,,2017,higher_ed_students,Students in higher education (ISCED 5-8)
A,TE1026V,ES079C,2018,3842.0,,,ES079C,ES,,2018,higher_ed_students,Students in higher education (ISCED 5-8)
A,TE1026V,ES079C,2019,3802.0,,,ES079C,ES,,2019,higher_ed_students,Students in higher education (ISCED 5-8)
A,TE1026V,ES079C,2020,3747.0,,,ES079C,ES,,2020,higher_ed_students,Students in higher education (ISCED 5-8)
A,TE1026V,ES079C,2021,4032.0,,,ES079C,ES,,2021,higher_ed_students,Students in higher education (ISCED 5-8)
A,TE1026V,ES079C,2022,3864.0,,,ES079C,ES,,2022,higher_ed_students,Students in higher education (ISCED 5-8)
A,TE1026V,ES079C,2023,3716.0,,,ES079C,ES,,2023,higher_ed_students,Students in higher education (ISCED 5-8)
A,TE1026V,ES080C,2015,484.0,,,ES080C,ES,,2015,higher_ed_students,Students in higher education (ISCED 5-8)
A,TE1026V,ES080C,2016,501.0,,,ES080C,ES,,2016,higher_ed_students,Students in higher education (ISCED 5-8)
A,TE1026V,ES080C,2017,507.0,,,ES080C,ES,,2017,higher_ed_students,Students in higher education (ISCED 5-8)
A,TE1026V,ES080C,2018,507.0,,,ES080C,ES,,2018,higher_ed_students,Students in higher education (ISCED 5-8)
A,TE1026V,ES080C,2019,522.0,,,ES080C,ES,,2019,higher_ed_students,Students in higher education (ISCED 5-8)
A,TE1026V,ES080C,2020,557.0,,,ES080C,ES,,2020,higher_ed_students,Students in higher education (ISCED 5-8)
A,TE1026V,ES080C,2021,661.0,,,ES080C,ES,,2021,higher_ed_students,Students in higher education (ISCED 5-8)
A,TE1026V,ES080C,2022,658.0,,,ES080C,ES,,2022,higher_ed_students,Students in higher education (ISCED 5-8)
A,TE1026V,ES080C,2023,671.0,,,ES080C,ES,,2023,higher_ed_students,Students in higher education (ISCED 5-8)
A,TE1026V,ES081C,2015,317.0,,,ES081C,ES,,2015,higher_ed_students,Students in higher education (ISCED 5-8)
A,TE1026V,ES081C,2016,362.0,,,ES081C,ES,,2016,higher_ed_students,Students in higher education (ISCED 5-8)
A,TE1026V,ES081C,2017,553.0,,,ES081C,ES,,2017,higher_ed_students,Students in higher education (ISCED 5-8)
A,TE1026V,ES081C,2018,553.0,,,ES081C,ES,,2018,higher_ed_students,Students in higher education (ISCED 5-8)
A,TE1026V,ES081C,2019,586.0,,,ES081C,ES,,2019,higher_ed_students,Students in higher education (ISCED 5-8)
A,TE1026V,ES081C,2020,551.0,,,ES081C,ES,,2020,higher_ed_students,Students in higher education (ISCED 5-8)
A,TE1026V,ES081C,2021,792.0,,,ES081C,ES,,2021,higher_ed_students,Students in higher education (ISCED 5-8)
A,TE1026V,ES081C,2022,1020.0,,,ES081C,ES,,2022,higher_ed_students,Students in higher education (ISCED 5-8)
A,TE1026V,ES081C,2023,939.0,,,ES081C,ES,,2023,higher_ed_students,Students in higher education (ISCED 5-8)
A,TE1026V,ES082C,2015,446.0,,,ES082C,ES,,2015,higher_ed_students,Students in higher education (ISCED 5-8)
A,TE1026V,ES082C,2016,453.0,,,ES082C,ES,,2016,higher_ed_students,Students in higher education (ISCED 5-8)
A,TE1026V,ES082C,2017,476.0,,,ES082C,ES,,2017,higher_ed_students,Students in higher education (ISCED 5-8)
A,TE1026V,ES082C,2018,476.0,,,ES082C,ES,,2018,higher_ed_students,Students in higher education (ISCED 5-8)
A,TE1026V,ES082C,2019,460.0,,,ES082C,ES,,2019,higher_ed_students,Students in higher education (ISCED 5-8)
A,TE1026V,ES082C,2020,454.0,,,ES082C,ES,,2020,higher_ed_students,Students in higher education (ISCED 5-8)
A,TE1026V,ES082C,2021,536.0,,,ES082C,ES,,2021,higher_ed_students,Students in higher education (ISCED 5-8)
A,TE1026V,ES082C,2022,674.0,,,ES082C,ES,,2022,higher_ed_students,Students in higher education (ISCED 5-8)
A,TE1026V,ES082C,2023,759.0,,,ES082C,ES,,2023,higher_ed_students,Students in higher education (ISCED 5-8)
A,TE1026V,ES083C,2015,3829.0,,,ES083C,ES,,2015,higher_ed_students,Students in higher education (ISCED 5-8)
A,TE1026V,ES083C,2016,3605.0,,,ES083C,ES,,2016,higher_ed_students,Students in higher education (ISCED 5-8)
A,TE1026V,ES083C,2017,3651.0,,,ES083C,ES,,2017,higher_ed_students,Students in higher education (ISCED 5-8)
A,TE1026V,ES083C,2018,3651.0,,,ES083C,ES,,2018,higher_ed_students,Students in higher education (ISCED 5-8)
A,TE1026V,ES083C,2019,3805.0,,,ES083C,ES,,2019,higher_ed_students,Students in higher education (ISCED 5-8)
A,TE1026V,ES083C,2020,3999.0,,,ES083C,ES,,2020,higher_ed_students,Students in higher education (ISCED 5-8)
A,TE1026V,ES083C,2021,4041.0,,,ES083C,ES,,2021,higher_ed_students,Students in higher education (ISCED 5-8)
A,TE1026V,ES083C,2022,4463.0,,,ES083C,ES,,2022,higher_ed_students,Students in higher education (ISCED 5-8)
A,TE1026V,ES083C,2023,4310.0,,,ES083C,ES,,2023,higher_ed_students,Students in higher education (ISCED 5-8)
A,TE1026V,ES084C,2015,5296.0,,,ES084C,ES,,2015,higher_ed_students,Students in higher education (ISCED 5-8)
A,TE1026V,ES084C,2016,4506.0,,,ES084C,ES,,2016,higher_ed_students,Students in higher education (ISCED 5-8)
A,TE1026V,ES084C,2017,4711.0,,,ES084C,ES,,2017,higher_ed_students,Students in higher education (ISCED 5-8)
A,TE1026V,ES084C,2018,4711.0,,,ES084C,ES,,2018,higher_ed_students,Students in higher education (ISCED 5-8)
A,TE1026V,ES084C,2019,4900.0,,,ES084C,ES,,2019,higher_ed_students,Students in higher education (ISCED 5-8)
A,TE1026V,ES084C,2020,5316.0,,,ES084C,ES,,2020,higher_ed_students,Students in higher education (ISCED 5-8)
A,TE1026V,ES084C,2021,6197.0,,,ES084C,ES,,2021,higher_ed_students,Students in higher education (ISCED 5-8)
A,TE1026V,ES084C,2022,6231.0,,,ES084C,ES,,2022,higher_ed_students,Students in higher education (ISCED 5-8)
A,TE1026V,ES084C,2023,6353.0,,,ES084C,ES,,2023,higher_ed_students,Students in higher education (ISCED 5-8)
A,TE1026V,ES085C,2015,246.0,,,ES085C,ES,,2015,higher_ed_students,Students in higher education (ISCED 5-8)
A,TE1026V,ES085C,2016,244.0,,,ES085C,ES,,2016,higher_ed_students,Students in higher education (ISCED 5-8)
A,TE1026V,ES085C,2017,212.0,,,ES085C,ES,,2017,higher_ed_students,Students in higher education (ISCED 5-8)
A,TE1026V,ES085C,2018,212.0,,,ES085C,ES,,2018,higher_ed_students,Students in higher education (ISCED 5-8)
A,TE1026V,ES085C,2019,245.0,,,ES085C,ES,,2019,higher_ed_students,Students in higher education (ISCED 5-8)
A,TE1026V,ES085C,2020,239.0,,,ES085C,ES,,2020,higher_ed_students,Students in higher education (ISCED 5-8)
A,TE1026V,ES085C,2021,286.0,,,ES085C,ES,,2021,higher_ed_students,Students in higher education (ISCED 5-8)
A,TE1026V,ES085C,2022,269.0,,,ES085C,ES,,2022,higher_ed_students,Students in higher education (ISCED 5-8)
A,TE1026V,ES085C,2023,274.0,,,ES085C,ES,,2023,higher_ed_students,Students in higher education (ISCED 5-8)
A,TE1026V,ES086C,2015,199.0,,,ES086C,ES,,2015,higher_ed_students,Students in higher education (ISCED 5-8)
A,TE1026V,ES086C,2016,208.0,,,ES086C,ES,,2016,higher_ed_students,Students in higher education (ISCED 5-8)
A,TE1026V,ES086C,2017,257.0,,,ES086C,ES,,2017,higher_ed_students,Students in higher education (ISCED 5-8)
A,TE1026V,ES086C,2018,257.0,,,ES086C,ES,,2018,higher_ed_students,Students in higher education (ISCED 5-8)
A,TE1026V,ES086C,2019,303.0,,,ES086C,ES,,2019,higher_ed_students,Students in higher education (ISCED 5-8)
A,TE1026V,ES086C,2020,329.0,,,ES086C,ES,,2020,higher_ed_students,Students in higher education (ISCED 5-8)
A,TE1026V,ES086C,2021,354.0,,,ES086C,ES,,2021,higher_ed_students,Students in higher education (ISCED 5-8)
A,TE1026V,ES086C,2022,321.0,,,ES086C,ES,,2022,higher_ed_students,Students in higher education (ISCED 5-8)
A,TE1026V,ES086C,2023,356.0,,,ES086C,ES,,2023,higher_ed_students,Students in higher education (ISCED 5-8)
A,TE1026V,ES087C,2015,7899.0,,,ES087C,ES,,2015,higher_ed_students,Students in higher education (ISCED 5-8)
A,TE1026V,ES087C,2016,7813.0,,,ES087C,ES,,2016,higher_ed_students,Students in higher education (ISCED 5-8)
A,TE1026V,ES087C,2017,8676.0,,,ES087C,ES,,2017,higher_ed_students,Students in higher education (ISCED 5-8)
A,TE1026V,ES087C,2018,8676.0,,,ES087C,ES,,2018,higher_ed_students,Students in higher education (ISCED 5-8)
A,TE1026V,ES087C,2019,8305.0,,,ES087C,ES,,2019,higher_ed_students,Students in higher education (ISCED 5-8)
A,TE1026V,ES087C,2020,8360.0,,,ES087C,ES,,2020,higher_ed_students,Students in higher education (ISCED 5-8)
A,TE1026V,ES087C,2021,8854.0,,,ES087C,ES,,2021,higher_ed_students,Students in higher education (ISCED 5-8)
A,TE1026V,ES087C,2022,9004.0,,,ES087C,ES,,2022,higher_ed_students,Students in higher education (ISCED 5-8)
A,TE1026V,ES087C,2023,8288.0,,,ES087C,ES,,2023,higher_ed_students,Students in higher education (ISCED 5-8)
A,TE1026V,ES088C,2015,5355.0,,,ES088C,ES,,2015,higher_ed_students,Students in higher education (ISCED 5-8)
A,TE1026V,ES088C,2016,4903.0,,,ES088C,ES,,2016,higher_ed_students,Students in higher education (ISCED 5-8)
A,TE1026V,ES088C,2017,4760.0,,,ES088C,ES,,2017,higher_ed_students,Students in higher education (ISCED 5-8)
A,TE1026V,ES088C,2018,4760.0,,,ES088C,ES,,2018,higher_ed_students,Students in higher education (ISCED 5-8)
A,TE1026V,ES088C,2019,4745.0,,,ES088C,ES,,2019,higher_ed_students,Students in higher education (ISCED 5-8)
A,TE1026V,ES088C,2020,5119.0,,,ES088C,ES,,2020,higher_ed_students,Students in higher education (ISCED 5-8)
A,TE1026V,ES088C,2021,5460.0,,,ES088C,ES,,2021,higher_ed_students,Students in higher education (ISCED 5-8)
A,TE1026V,ES088C,2022,5483.0,,,ES088C,ES,,2022,higher_ed_students,Students in higher education (ISCED 5-8)
A,TE1026V,ES088C,2023,5632.0,,,ES088C,ES,,2023,higher_ed_students,Students in higher education (ISCED 5-8)
A,TE1026V,ES089C,2015,393.0,,,ES089C,ES,,2015,higher_ed_students,Students in higher education (ISCED 5-8)
A,TE1026V,ES089C,2016,361.0,,,ES089C,ES,,2016,higher_ed_students,Students in higher education (ISCED 5-8)
A,TE1026V,ES089C,2017,330.0,,,ES089C,ES,,2017,higher_ed_students,Students in higher education (ISCED 5-8)
A,TE1026V,ES089C,2018,330.0,,,ES089C,ES,,2018,higher_ed_students,Students in higher education (ISCED 5-8)
A,TE1026V,ES089C,2019,351.0,,,ES089C,ES,,2019,higher_ed_students,Students in higher education (ISCED 5-8)
A,TE1026V,ES089C,2020,342.0,,,ES089C,ES,,2020,higher_ed_students,Students in higher education (ISCED 5-8)
A,TE1026V,ES089C,2021,341.0,,,ES089C,ES,,2021,higher_ed_students,Students in higher education (ISCED 5-8)
A,TE1026V,ES089C,2022,337.0,,,ES089C,ES,,2022,higher_ed_students,Students in higher education (ISCED 5-8)
A,TE1026V,ES089C,2023,295.0,,,ES089C,ES,,2023,higher_ed_students,Students in higher education (ISCED 5-8)
A,TE1026V,ES090C,2015,1742.0,,,ES090C,ES,,2015,higher_ed_students,Students in higher education (ISCED 5-8)
A,TE1026V,ES090C,2016,1627.0,,,ES090C,ES,,2016,higher_ed_students,Students in higher education (ISCED 5-8)
A,TE1026V,ES090C,2017,1608.0,,,ES090C,ES,,2017,higher_ed_students,Students in higher education (ISCED 5-8)
A,TE1026V,ES090C,2018,1608.0,,,ES090C,ES,,2018,higher_ed_students,Students in higher education (ISCED 5-8)
A,TE1026V,ES090C,2019,1631.0,,,ES090C,ES,,2019,higher_ed_students,Students in higher education (ISCED 5-8)
A,TE1026V,ES090C,2020,1673.0,,,ES090C,ES,,2020,higher_ed_students,Students in higher education (ISCED 5-8)
A,TE1026V,ES090C,2021,1781.0,,,ES090C,ES,,2021,higher_ed_students,Students in higher education (ISCED 5-8)
A,TE1026V,ES090C,2022,1716.0,,,ES090C,ES,,2022,higher_ed_students,Students in higher education (ISCED 5-8)
A,TE1026V,ES090C,2023,1789.0,,,ES090C,ES,,2023,higher_ed_students,Students in higher education (ISCED 5-8)
A,TE1026V,ES091C,2015,1176.0,,,ES091C,ES,,2015,higher_ed_students,Students in higher education (ISCED 5-8)
A,TE1026V,ES091C,2016,1227.0,,,ES091C,ES,,2016,higher_ed_students,Students in higher education (ISCED 5-8)
A,TE1026V,ES091C,2017,1290.0,,,ES091C,ES,,2017,higher_ed_students,Students in higher education (ISCED 5-8)
A,TE1026V,ES091C,2018,1290.0,,,ES091C,ES,,2018,higher_ed_students,Students in higher education (ISCED 5-8)
A,TE1026V,ES091C,2019,1346.0,,,ES091C,ES,,2019,higher_ed_students,Students in higher education (ISCED 5-8)
A,TE1026V,ES091C,2020,1315.0,,,ES091C,ES,,2020,higher_ed_students,Students in higher education (ISCED 5-8)
A,TE1026V,ES091C,2021,1459.0,,,ES091C,ES,,2021,higher_ed_students,Students in higher education (ISCED 5-8)
A,TE1026V,ES091C,2022,1390.0,,,ES091C,ES,,2022,higher_ed_students,Students in higher education (ISCED 5-8)
A,TE1026V,ES091C,2023,1455.0,,,ES091C,ES,,2023,higher_ed_students,Students in higher education (ISCED 5-8)
A,TE1026V,ES092C,2015,3764.0,,,ES092C,ES,,2015,higher_ed_students,Students in higher education (ISCED 5-8)
A,TE1026V,ES092C,2016,3798.0,,,ES092C,ES,,2016,higher_ed_students,Students in higher education (ISCED 5-8)
A,TE1026V,ES092C,2017,3474.0,,,ES092C,ES,,2017,higher_ed_students,Students in higher education (ISCED 5-8)
A,TE1026V,ES092C,2018,3474.0,,,ES092C,ES,,2018,higher_ed_students,Students in higher education (ISCED 5-8)
A,TE1026V,ES092C,2019,3413.0,,,ES092C,ES,,2019,higher_ed_students,Students in higher education (ISCED 5-8)
A,TE1026V,ES092C,2020,3339.0,,,ES092C,ES,,2020,higher_ed_students,Students in higher education (ISCED 5-8)
A,TE1026V,ES092C,2021,3751.0,,,ES092C,ES,,2021,higher_ed_students,Students in higher education (ISCED 5-8)
A,TE1026V,ES092C,2022,3648.0,,,ES092C,ES,,2022,higher_ed_students,Students in higher education (ISCED 5-8)
A,TE1026V,ES092C,2023,3542.0,,,ES092C,ES,,2023,higher_ed_students,Students in higher education (ISCED 5-8)
A,TE1026V,ES093C,2015,865.0,,,ES093C,ES,,2015,higher_ed_students,Students in higher education (ISCED 5-8)
A,TE1026V,ES093C,2016,859.0,,,ES093C,ES,,2016,higher_ed_students,Students in higher education (ISCED 5-8)
A,TE1026V,ES093C,2017,886.0,,,ES093C,ES,,2017,higher_ed_students,Students in higher education (ISCED 5-8)
A,TE1026V,ES093C,2018,886.0,,,ES093C,ES,,2018,higher_ed_students,Students in higher education (ISCED 5-8)
A,TE1026V,ES093C,2019,891.0,,,ES093C,ES,,2019,higher_ed_students,Students in higher education (ISCED 5-8)
A,TE1026V,ES093C,2020,919.0,,,ES093C,ES,,2020,higher_ed_students,Students in higher education (ISCED 5-8)
A,TE1026V,ES093C,2021,1010.0,,,ES093C,ES,,2021,higher_ed_students,Students in higher education (ISCED 5-8)
A,TE1026V,ES093C,2022,1076.0,,,ES093C,ES,,2022,higher_ed_students,Students in higher education (ISCED 5-8)
A,TE1026V,ES093C,2023,1136.0,,,ES093C,ES,,2023,higher_ed_students,Students in higher education (ISCED 5-8)
A,TE1026V,ES094C,2015,1561.0,,,ES094C,ES,,2015,higher_ed_students,Students in higher education (ISCED 5-8)
A,TE1026V,ES094C,2016,1497.0,,,ES094C,ES,,2016,higher_ed_students,Students in higher education (ISCED 5-8)
A,TE1026V,ES094C,2017,1454.0,,,ES094C,ES,,2017,higher_ed_students,Students in higher education (ISCED 5-8)
A,TE1026V,ES094C,2018,1454.0,,,ES094C,ES,,2018,higher_ed_students,Students in higher education (ISCED 5-8)
A,TE1026V,ES094C,2019,1472.0,,,ES094C,ES,,2019,higher_ed_students,Students in higher education (ISCED 5-8)
A,TE1026V,ES094C,2020,1497.0,,,ES094C,ES,,2020,higher_ed_students,Students in higher education (ISCED 5-8)
A,TE1026V,ES094C,2021,1523.0,,,ES094C,ES,,2021,higher_ed_students,Students in higher education (ISCED 5-8)
A,TE1026V,ES094C,2022,1633.0,,,ES094C,ES,,2022,higher_ed_students,Students in higher education (ISCED 5-8)
A,TE1026V,ES094C,2023,1654.0,,,ES094C,ES,,2023,higher_ed_students,Students in higher education (ISCED 5-8)
A,TE1026V,ES095C,2015,250.0,,,ES095C,ES,,2015,higher_ed_students,Students in higher education (ISCED 5-8)
A,TE1026V,ES095C,2016,192.0,,,ES095C,ES,,2016,higher_ed_students,Students in higher education (ISCED 5-8)
A,TE1026V,ES095C,2017,480.0,,,ES095C,ES,,2017,higher_ed_students,Students in higher education (ISCED 5-8)
A,TE1026V,ES095C,2018,480.0,,,ES095C,ES,,2018,higher_ed_students,Students in higher education (ISCED 5-8)
A,TE1026V,ES095C,2019,410.0,,,ES095C,ES,,2019,higher_ed_students,Students in higher education (ISCED 5-8)
A,TE1026V,ES095C,2020,635.0,,,ES095C,ES,,2020,higher_ed_students,Students in higher education (ISCED 5-8)
A,TE1026V,ES095C,2021,784.0,,,ES095C,ES,,2021,higher_ed_students,Students in higher education (ISCED 5-8)
A,TE1026V,ES095C,2022,771.0,,,ES095C,ES,,2022,higher_ed_students,Students in higher education (ISCED 5-8)
A,TE1026V,ES095C,2023,720.0,,,ES095C,ES,,2023,higher_ed_students,Students in higher education (ISCED 5-8)
A,TE1026V,ES096C,2017,968.0,,,ES096C,ES,,2017,higher_ed_students,Students in higher education (ISCED 5-8)
A,TE1026V,ES096C,2018,968.0,,,ES096C,ES,,2018,higher_ed_students,Students in higher education (ISCED 5-8)
A,TE1026V,ES096C,2019,966.0,,,ES096C,ES,,2019,higher_ed_students,Students in higher education (ISCED 5-8)
A,TE1026V,ES096C,2020,905.0,,,ES096C,ES,,2020,higher_ed_students,Students in higher education (ISCED 5-8)
A,TE1026V,ES096C,2021,959.0,,,ES096C,ES,,2021,higher_ed_students,Students in higher education (ISCED 5-8)
A,TE1026V,ES096C,2022,945.0,,,ES096C,ES,,2022,higher_ed_students,Students in higher education (ISCED 5-8)
A,TE1026V,ES096C,2023,963.0,,,ES096C,ES,,2023,higher_ed_students,Students in higher education (ISCED 5-8)
A,TE1026V,ES097C,2017,924.0,,,ES097C,ES,,2017,higher_ed_students,Students in higher education (ISCED 5-8)
A,TE1026V,ES097C,2018,924.0,,,ES097C,ES,,2018,higher_ed_students,Students in higher education (ISCED 5-8)
A,TE1026V,ES097C,2019,736.0,,,ES097C,ES,,2019,higher_ed_students,Students in higher education (ISCED 5-8)
A,TE1026V,ES097C,2020,783.0,,,ES097C,ES,,2020,higher_ed_students,Students in higher education (ISCED 5-8)
A,TE1026V,ES097C,2021,795.0,,,ES097C,ES,,2021,higher_ed_students,Students in higher education (ISCED 5-8)
A,TE1026V,ES097C,2022,797.0,,,ES097C,ES,,2022,higher_ed_students,Students in higher education (ISCED 5-8)
A,TE1026V,ES097C,2023,776.0,,,ES097C,ES,,2023,higher_ed_students,Students in higher education (ISCED 5-8)
A,TE1026V,ES098C,2015,27544.0,,,ES098C,ES,,2015,higher_ed_students,Students in higher education (ISCED 5-8)
A,TE1026V,ES098C,2016,26591.0,,,ES098C,ES,,2016,higher_ed_students,Students in higher education (ISCED 5-8)
A,TE1026V,ES098C,2017,25830.0,,,ES098C,ES,,2017,higher_ed_students,Students in higher education (ISCED 5-8)
A,TE1026V,ES098C,2018,25830.0,,,ES098C,ES,,2018,higher_ed_students,Students in higher education (ISCED 5-8)
A,TE1026V,ES098C,2019,25886.0,,,ES098C,ES,,2019,higher_ed_students,Students in higher education (ISCED 5-8)
A,TE1026V,ES098C,2020,25981.0,,,ES098C,ES,,2020,higher_ed_students,Students in higher education (ISCED 5-8)
A,TE1026V,ES098C,2021,26502.0,,,ES098C,ES,,2021,higher_ed_students,Students in higher education (ISCED 5-8)
A,TE1026V,ES098C,2022,26234.0,,,ES098C,ES,,2022,higher_ed_students,Students in higher education (ISCED 5-8)
A,TE1026V,ES098C,2023,26432.0,,,ES098C,ES,,2023,higher_ed_students,Students in higher education (ISCED 5-8)
A,TE1026V,FI,2015,297163.0,,,FI,FI,,2015,higher_ed_students,Students in higher education (ISCED 5-8)
A,TE1026V,FI,2016,295528.0,,,FI,FI,,2016,higher_ed_students,Students in higher education (ISCED 5-8)
A,TE1026V,FI,2017,294516.0,,,FI,FI,,2017,higher_ed_students,Students in higher education (ISCED 5-8)
A,TE1026V,FI,2018,295451.0,,,FI,FI,,2018,higher_ed_students,Students in higher education (ISCED 5-8)
A,TE1026V,FI001C,2015,64915.0,,,FI001C,FI,,2015,higher_ed_students,Students in higher education (ISCED 5-8)
A,TE1026V,FI001C,2016,65055.0,,,FI001C,FI,,2016,higher_ed_students,Students in higher education (ISCED 5-8)
A,TE1026V,FI001C,2017,65192.0,,,FI001C,FI,,2017,higher_ed_students,Students in higher education (ISCED 5-8)
A,TE1026V,FI001C,2018,61530.0,,,FI001C,FI,,2018,higher_ed_students,Students in higher education (ISCED 5-8)
A,TE1026V,FI001C,2019,60200.0,,,FI001C,FI,,2019,higher_ed_students,Students in higher education (ISCED 5-8)
A,TE1026V,FI001C,2020,61214.0,,,FI001C,FI,,2020,higher_ed_students,Students in higher education (ISCED 5-8)
A,TE1026V,FI001C,2021,59363.0,,,FI001C,FI,,2021,higher_ed_students,Students in higher education (ISCED 5-8)
A,TE1026V,FI001C,2022,60052.0,,,FI001C,FI,,2022,higher_ed_students,Students in higher education (ISCED 5-8)
A,TE1026V,FI001C,2023,61462.0,,,FI001C,FI,,2023,higher_ed_students,Students in higher education (ISCED 5-8)
A,TE1026V,FI002C,2015,30889.0,,,FI002C,FI,,2015,higher_ed_students,Students in higher education (ISCED 5-8)
A,TE1026V,FI002C,2016,30601.0,,,FI002C,FI,,2016,higher_ed_students,Students in higher education (ISCED 5-8)
A,TE1026V,FI002C,2017,30908.0,,,FI002C,FI,,2017,higher_ed_students,Students in higher education (ISCED 5-8)
A,TE1026V,FI002C,2018,30880.0,,,FI002C,FI,,2018,higher_ed_students,Students in higher education (ISCED 5-8)
A,TE1026V,FI002C,2019,30938.0,,,FI002C,FI,,2019,higher_ed_students,Students in higher education (ISCED 5-8)
A,TE1026V,FI002C,2020,31201.0,,,FI002C,FI,,2020,higher_ed_students,Students in higher education (ISCED 5-8)
A,TE1026V,FI002C,2021,32156.0,,,FI002C,FI,,2021,higher_ed_students,Students in higher education (ISCED 5-8)
A,TE1026V,FI002C,2022,33324.0,,,FI002C,FI,,2022,higher_ed_students,Students in higher education (ISCED 5-8)
A,TE1026V,FI002C,2023,34089.0,,,FI002C,FI,,2023,higher_ed_students,Students in higher education (ISCED 5-8)
A,TE1026V,FI003C,2015,29311.0,,,FI003C,FI,,2015,higher_ed_students,Students in higher education (ISCED 5-8)
A,TE1026V,FI003C,2016,29361.0,,,FI003C,FI,,2016,higher_ed_students,Students in higher education (ISCED 5-8)
A,TE1026V,FI003C,2017,29419.0,,,FI003C,FI,,2017,higher_ed_students,Students in higher education (ISCED 5-8)
A,TE1026V,FI003C,2018,29909.0,,,FI003C,FI,,2018,higher_ed_students,Students in higher education (ISCED 5-8)
A,TE1026V,FI003C,2019,29843.0,,,FI003C,FI,,2019,higher_ed_students,Students in higher education (ISCED 5-8)
A,TE1026V,FI003C,2020,30617.0,,,FI003C,FI,,2020,higher_ed_students,Students in higher education (ISCED 5-8)
A,TE1026V,FI003C,2021,31929.0,,,FI003C,FI,,2021,higher_ed_students,Students in higher education (ISCED 5-8)
A,TE1026V,FI003C,2022,33311.0,,,FI003C,FI,,2022,higher_ed_students,Students in higher education (ISCED 5-8)
A,TE1026V,FI003C,2023,34254.0,,,FI003C,FI,,2023,higher_ed_students,Students in higher education (ISCED 5-8)
A,TE1026V,FI004C,2015,21972.0,,,FI004C,FI,,2015,higher_ed_students,Students in higher education (ISCED 5-8)
A,TE1026V,FI004C,2016,20767.0,,,FI004C,FI,,2016,higher_ed_students,Students in higher education (ISCED 5-8)
A,TE1026V,FI004C,2017,20718.0,,,FI004C,FI,,2017,higher_ed_students,Students in higher education (ISCED 5-8)
A,TE1026V,FI004C,2018,20595.0,,,FI004C,FI,,2018,higher_ed_students,Students in higher education (ISCED 5-8)
A,TE1026V,FI004C,2019,20529.0,,,FI004C,FI,,2019,higher_ed_students,Students in higher education (ISCED 5-8)
A,TE1026V,FI004C,2020,21393.0,,,FI004C,FI,,2020,higher_ed_students,Students in higher education (ISCED 5-8)
A,TE1026V,FI004C,2021,22637.0,,,FI004C,FI,,2021,higher_ed_students,Students in higher education (ISCED 5-8)
A,TE1026V,FI004C,2022,23418.0,,,FI004C,FI,,2022,higher_ed_students,Students in higher education (ISCED 5-8)
A,TE1026V,FI004C,2023,23923.0,,,FI004C,FI,,2023,higher_ed_students,Students in higher education (ISCED 5-8)
A,TE1026V,FI005C,2015,18791.0,,,FI005C,FI,,2015,higher_ed_students,Students in higher education (ISCED 5-8)
A,TE1026V,FI005C,2016,18474.0,,,FI005C,FI,,2016,higher_ed_students,Students in higher education (ISCED 5-8)
A,TE1026V,FI005C,2017,18046.0,,,FI005C,FI,,2017,higher_ed_students,Students in higher education (ISCED 5-8)
A,TE1026V,FI005C,2018,19587.0,,,FI005C,FI,,2018,higher_ed_students,Students in higher education (ISCED 5-8)
A,TE1026V,FI005C,2019,21130.0,,,FI005C,FI,,2019,higher_ed_students,Students in higher education (ISCED 5-8)
A,TE1026V,FI005C,2020,21960.0,,,FI005C,FI,,2020,higher_ed_students,Students in higher education (ISCED 5-8)
A,TE1026V,FI005C,2021,24578.0,,,FI005C,FI,,2021,higher_ed_students,Students in higher education (ISCED 5-8)
A,TE1026V,FI005C,2022,25891.0,,,FI005C,FI,,2022,higher_ed_students,Students in higher education (ISCED 5-8)
A,TE1026V,FI005C,2023,27143.0,,,FI005C,FI,,2023,higher_ed_students,Students in higher education (ISCED 5-8)
A,TE1026V,FI006C,2015,5225.0,,,FI006C,FI,,2015,higher_ed_students,Students in higher education (ISCED 5-8)
A,TE1026V,FI006C,2016,5538.0,,,FI006C,FI,,2016,higher_ed_students,Students in higher education (ISCED 5-8)
A,TE1026V,FI006C,2017,4869.0,,,FI006C,FI,,2017,higher_ed_students,Students in higher education (ISCED 5-8)
A,TE1026V,FI006C,2018,7165.0,,,FI006C,FI,,2018,higher_ed_students,Students in higher education (ISCED 5-8)
A,TE1026V,FI006C,2019,7474.0,,,FI006C,FI,,2019,higher_ed_students,Students in higher education (ISCED 5-8)
A,TE1026V,FI006C,2020,7601.0,,,FI006C,FI,,2020,higher_ed_students,Students in higher education (ISCED 5-8)
A,TE1026V,FI006C,2021,8156.0,,,FI006C,FI,,2021,higher_ed_students,Students in higher education (ISCED 5-8)
A,TE1026V,FI006C,2022,8687.0,,,FI006C,FI,,2022,higher_ed_students,Students in higher education (ISCED 5-8)
A,TE1026V,FI006C,2023,8943.0,,,FI006C,FI,,2023,higher_ed_students,Students in higher education (ISCED 5-8)
A,TE1026V,FI007C,2015,5176.0,,,FI007C,FI,,2015,higher_ed_students,Students in higher education (ISCED 5-8)
A,TE1026V,FI007C,2016,5234.0,,,FI007C,FI,,2016,higher_ed_students,Students in higher education (ISCED 5-8)
A,TE1026V,FI007C,2017,5207.0,,,FI007C,FI,,2017,higher_ed_students,Students in higher education (ISCED 5-8)
A,TE1026V,FI007C,2018,5431.0,,,FI007C,FI,,2018,higher_ed_students,Students in higher education (ISCED 5-8)
A,TE1026V,FI007C,2019,5513.0,,,FI007C,FI,,2019,higher_ed_students,Students in higher education (ISCED 5-8)
A,TE1026V,FI007C,2020,5869.0,,,FI007C,FI,,2020,higher_ed_students,Students in higher education (ISCED 5-8)
A,TE1026V,FI007C,2021,6260.0,,,FI007C,FI,,2021,higher_ed_students,Students in higher education (ISCED 5-8)
A,TE1026V,FI007C,2022,6875.0,,,FI007C,FI,,2022,higher_ed_students,Students in higher education (ISCED 5-8)
A,TE1026V,FI007C,2023,7525.0,,,FI007C,FI,,2023,higher_ed_students,Students in higher education (ISCED 5-8)
A,TE1026V,FI008C,2015,12390.0,,,FI008C,FI,,2015,higher_ed_students,Students in higher education (ISCED 5-8)
A,TE1026V,FI008C,2016,12455.0,,,FI008C,FI,,2016,higher_ed_students,Students in higher education (ISCED 5-8)
A,TE1026V,FI008C,2017,12478.0,,,FI008C,FI,,2017,higher_ed_students,Students in higher education (ISCED 5-8)
A,TE1026V,FI008C,2018,12679.0,,,FI008C,FI,,2018,higher_ed_students,Students in higher education (ISCED 5-8)
A,TE1026V,FI008C,2019,12838.0,,,FI008C,FI,,2019,higher_ed_students,Students in higher education (ISCED 5-8)
A,TE1026V,FI008C,2020,13483.0,,,FI008C,FI,,2020,higher_ed_students,Students in higher education (ISCED 5-8)
A,TE1026V,FI008C,2021,13691.0,,,FI008C,FI,,2021,higher_ed_students,Students in higher education (ISCED 5-8)
A,TE1026V,FI008C,2022,14042.0,,,FI008C,FI,,2022,higher_ed_students,Students in higher education (ISCED 5-8)
A,TE1026V,FI008C,2023,14710.0,,,FI008C,FI,,2023,higher_ed_students,Students in higher education (ISCED 5-8)
A,TE1026V,FI009C,2015,20566.0,,,FI009C,FI,,2015,higher_ed_students,Students in higher education (ISCED 5-8)
A,TE1026V,FI009C,2016,21007.0,,,FI009C,FI,,2016,higher_ed_students,Students in higher education (ISCED 5-8)
A,TE1026V,FI009C,2017,20695.0,,,FI009C,FI,,2017,higher_ed_students,Students in higher education (ISCED 5-8)
A,TE1026V,FI009C,2018,21005.0,,,FI009C,FI,,2018,higher_ed_students,Students in higher education (ISCED 5-8)
A,TE1026V,FI009C,2019,21023.0,,,FI009C,FI,,2019,higher_ed_students,Students in higher education (ISCED 5-8)
A,TE1026V,FI009C,2020,21265.0,,,FI009C,FI,,2020,higher_ed_students,Students in higher education (ISCED 5-8)
A,TE1026V,FI009C,2021,21808.0,,,FI009C,FI,,2021,higher_ed_students,Students in higher education (ISCED 5-8)
A,TE1026V,FI009C,2022,22677.0,,,FI009C,FI,,2022,higher_ed_students,Students in higher education (ISCED 5-8)
A,TE1026V,FI009C,2023,23080.0,,,FI009C,FI,,2023,higher_ed_students,Students in higher education (ISCED 5-8)
A,TE1026V,FR,2015,2509801.0,,,FR,FR,,2015,higher_ed_students,Students in higher education (ISCED 5-8)
A,TE1026V,FR,2016,2554486.0,,,FR,FR,,2016,higher_ed_students,Students in higher education (ISCED 5-8)
A,TE1026V,FR,2017,2622397.0,,,FR,FR,,2017,higher_ed_students,Students in higher education (ISCED 5-8)
A,TE1026V,FR,2018,2681914.0,,,FR,FR,,2018,higher_ed_students,Students in higher education (ISCED 5-8)
A,TE1026V,FR,2019,2727692.0,,,FR,FR,,2019,higher_ed_students,Students in higher education (ISCED 5-8)
A,TE1026V,FR,2020,2895418.0,,,FR,FR,,2020,higher_ed_students,Students in higher education (ISCED 5-8)
A,TE1026V,FR,2021,2979313.0,,,FR,FR,,2021,higher_ed_students,Students in higher education (ISCED 5-8)
A,TE1026V,FR,2022,2936882.0,,,FR,FR,,2022,higher_ed_students,Students in higher education (ISCED 5-8)
A,TE1026V,FR001C,2015,633946.0,,,FR001C,FR,,2015,higher_ed_students,Students in higher education (ISCED 5-8)
A,TE1026V,FR001C,2016,645625.0,,,FR001C,FR,,2016,higher_ed_students,Students in higher education (ISCED 5-8)
A,TE1026V,FR001C,2017,671987.0,,,FR001C,FR,,2017,higher_ed_students,Students in higher education (ISCED 5-8)
A,TE1026V,FR001C,2018,687844.0,,,FR001C,FR,,2018,higher_ed_students,Students in higher education (ISCED 5-8)
A,TE1026V,FR001C,2019,698527.0,,,FR001C,FR,,2019,higher_ed_students,Students in higher education (ISCED 5-8)
A,TE1026V,FR001C,2020,737121.0,,,FR001C,FR,,2020,higher_ed_students,Students in higher education (ISCED 5-8)
A,TE1026V,FR001C,2021,767899.0,,,FR001C,FR,,2021,higher_ed_students,Students in higher education (ISCED 5-8)
A,TE1026V,FR001C,2022,772728.0,,,FR001C,FR,,2022,higher_ed_students,Students in higher education (ISCED 5-8)
A,TE1026V,FR002C,2015,149867.0,,,FR002C,FR,,2015,higher_ed_students,Students in higher education (ISCED 5-8)
A,TE1026V,FR002C,2016,153769.0,,,FR002C,FR,,2016,higher_ed_students,Students in higher education (ISCED 5-8)
A,TE1026V,FR002C,2017,158075.0,,,FR002C,FR,,2017,higher_ed_students,Students in higher education (ISCED 5-8)
A,TE1026V,FR002C,2018,165041.0,,,FR002C,FR,,2018,higher_ed_students,Students in higher education (ISCED 5-8)
A,TE1026V,FR002C,2019,168247.0,,,FR002C,FR,,2019,higher_ed_students,Students in higher education (ISCED 5-8)
A,TE1026V,FR002C,2020,174748.0,,,FR002C,FR,,2020,higher_ed_students,Students in higher education (ISCED 5-8)
A,TE1026V,FR002C,2021,181658.0,,,FR002C,FR,,2021,higher_ed_students,Students in higher education (ISCED 5-8)
A,TE1026V,FR002C,2022,180934.0,,,FR002C,FR,,2022,higher_ed_students,Students in higher education (ISCED 5-8)
A,TE1026V,FR003C,2015,112346.0,,,FR003C,FR,,2015,higher_ed_students,Students in higher education (ISCED 5-8)
A,TE1026V,FR003C,2016,115698.0,,,FR003C,FR,,2016,higher_ed_students,Students in higher education (ISCED 5-8)
A,TE1026V,FR003C,2017,118196.0,,,FR003C,FR,,2017,higher_ed_students,Students in higher education (ISCED 5-8)
A,TE1026V,FR003C,2018,119135.0,,,FR003C,FR,,2018,higher_ed_students,Students in higher education (ISCED 5-8)
A,TE1026V,FR003C,2019,120551.0,,,FR003C,FR,,2019,higher_ed_students,Students in higher education (ISCED 5-8)
A,TE1026V,FR003C,2020,126712.0,,,FR003C,FR,,2020,higher_ed_students,Students in higher education (ISCED 5-8)
A,TE1026V,FR003C,2021,134652.0,,,FR003C,FR,,2021,higher_ed_students,Students in higher education (ISCED 5-8)
A,TE1026V,FR003C,2022,135447.0,,,FR003C,FR,,2022,higher_ed_students,Students in higher education (ISCED 5-8)
A,TE1026V,FR004C,2015,53632.0,,,FR004C,FR,,2015,higher_ed_students,Students in higher education (ISCED 5-8)
A,TE1026V,FR004C,2016,53468.0,,,FR004C,FR,,2016,higher_ed_students,Students in higher education (ISCED 5-8)
A,TE1026V,FR004C,2017,54690.0,,,FR004C,FR,,2017,higher_ed_students,Students in higher education (ISCED 5-8)
A,TE1026V,FR004C,2018,55991.0,,,FR004C,FR,,2018,higher_ed_students,Students in higher education (ISCED 5-8)
A,TE1026V,FR004C,2019,57009.0,,,FR004C,FR,,2019,higher_ed_students,Students in higher education (ISCED 5-8)
A,TE1026V,FR004C,2020,59856.0,,,FR004C,FR,,2020,higher_ed_students,Students in higher education (ISCED 5-8)
A,TE1026V,FR004C,2021,59714.0,,,FR004C,FR,,2021,higher_ed_students,Students in higher education (ISCED 5-8)
A,TE1026V,FR004C,2022,58232.0,,,FR004C,FR,,2022,higher_ed_students,Students in higher education (ISCED 5-8)
A,TE1026V,FR005C,2015,90719.0,,,FR005C,FR,,2015,higher_ed_students,Students in higher education (ISCED 5-8)
A,TE1026V,FR005C,2016,92870.0,,,FR005C,FR,,2016,higher_ed_students,Students in higher education (ISCED 5-8)
A,TE1026V,FR005C,2017,99814.0,,,FR005C,FR,,2017,higher_ed_students,Students in higher education (ISCED 5-8)
A,TE1026V,FR005C,2018,102842.0,,,FR005C,FR,,2018,higher_ed_students,Students in higher education (ISCED 5-8)
A,TE1026V,FR005C,2019,101747.0,,,FR005C,FR,,2019,higher_ed_students,Students in higher education (ISCED 5-8)
A,TE1026V,FR005C,2020,104304.0,,,FR005C,FR,,2020,higher_ed_students,Students in higher education (ISCED 5-8)
A,TE1026V,FR005C,2021,106587.0,,,FR005C,FR,,2021,higher_ed_students,Students in higher education (ISCED 5-8)
A,TE1026V,FR005C,2022,105164.0,,,FR005C,FR,,2022,higher_ed_students,Students in higher education (ISCED 5-8)
A,TE1026V,FR006C,2015,107182.0,,,FR006C,FR,,2015,higher_ed_students,Students in higher education (ISCED 5-8)
A,TE1026V,FR006C,2016,108260.0,,,FR006C,FR,,2016,higher_ed_students,Students in higher education (ISCED 5-8)
A,TE1026V,FR006C,2017,111014.0,,,FR006C,FR,,2017,higher_ed_students,Students in higher education (ISCED 5-8)
A,TE1026V,FR006C,2018,112726.0,,,FR006C,FR,,2018,higher_ed_students,Students in higher education (ISCED 5-8)
A,TE1026V,FR006C,2019,111085.0,,,FR006C,FR,,2019,higher_ed_students,Students in higher education (ISCED 5-8)
A,TE1026V,FR006C,2020,115836.0,,,FR006C,FR,,2020,higher_ed_students,Students in higher education (ISCED 5-8)
A,TE1026V,FR006C,2021,115113.0,,,FR006C,FR,,2021,higher_ed_students,Students in higher education (ISCED 5-8)
A,TE1026V,FR006C,2022,114374.0,,,FR006C,FR,,2022,higher_ed_students,Students in higher education (ISCED 5-8)
A,TE1026V,FR007C,2015,55073.0,,,FR007C,FR,,2015,higher_ed_students,Students in higher education (ISCED 5-8)
A,TE1026V,FR007C,2016,57780.0,,,FR007C,FR,,2016,higher_ed_students,Students in higher education (ISCED 5-8)
A,TE1026V,FR007C,2017,58917.0,,,FR007C,FR,,2017,higher_ed_students,Students in higher education (ISCED 5-8)
A,TE1026V,FR007C,2018,59658.0,,,FR007C,FR,,2018,higher_ed_students,Students in higher education (ISCED 5-8)
A,TE1026V,FR007C,2019,59271.0,,,FR007C,FR,,2019,higher_ed_students,Students in higher education (ISCED 5-8)
A,TE1026V,FR007C,2020,62768.0,,,FR007C,FR,,2020,higher_ed_students,Students in higher education (ISCED 5-8)
A,TE1026V,FR007C,2021,62940.0,,,FR007C,FR,,2021,higher_ed_students,Students in higher education (ISCED 5-8)
A,TE1026V,FR007C,2022,64299.0,,,FR007C,FR,,2022,higher_ed_students,Students in higher education (ISCED 5-8)
A,TE1026V,FR008C,2015,36147.0,,,FR008C,FR,,2015,higher_ed_students,Students in higher education (ISCED 5-8)
A,TE1026V,FR008C,2016,36918.0,,,FR008C,FR,,2016,higher_ed_students,Students in higher education (ISCED 5-8)
A,TE1026V,FR008C,2017,37135.0,,,FR008C,FR,,2017,higher_ed_students,Students in higher education (ISCED 5-8)
A,TE1026V,FR008C,2018,37289.0,,,FR008C,FR,,2018,higher_ed_students,Students in higher education (ISCED 5-8)
A,TE1026V,FR008C,2019,37864.0,,,FR008C,FR,,2019,higher_ed_students,Students in higher education (ISCED 5-8)
A,TE1026V,FR008C,2020,39282.0,,,FR008C,FR,,2020,higher_ed_students,Students in higher education (ISCED 5-8)
A,TE1026V,FR008C,2021,40552.0,,,FR008C,FR,,2021,higher_ed_students,Students in higher education (ISCED 5-8)
A,TE1026V,FR008C,2022,40058.0,,,FR008C,FR,,2022,higher_ed_students,Students in higher education (ISCED 5-8)
A,TE1026V,FR009C,2015,60127.0,,,FR009C,FR,,2015,higher_ed_students,Students in higher education (ISCED 5-8)
A,TE1026V,FR009C,2016,62224.0,,,FR009C,FR,,2016,higher_ed_students,Students in higher education (ISCED 5-8)
A,TE1026V,FR009C,2017,63466.0,,,FR009C,FR,,2017,higher_ed_students,Students in higher education (ISCED 5-8)
A,TE1026V,FR009C,2018,64733.0,,,FR009C,FR,,2018,higher_ed_students,Students in higher education (ISCED 5-8)
A,TE1026V,FR009C,2019,65405.0,,,FR009C,FR,,2019,higher_ed_students,Students in higher education (ISCED 5-8)
A,TE1026V,FR009C,2020,67481.0,,,FR009C,FR,,2020,higher_ed_students,Students in higher education (ISCED 5-8)
A,TE1026V,FR009C,2021,69345.0,,,FR009C,FR,,2021,higher_ed_students,Students in higher education (ISCED 5-8)
A,TE1026V,FR009C,2022,68277.0,,,FR009C,FR,,2022,higher_ed_students,Students in higher education (ISCED 5-8)
A,TE1026V,FR010C,2015,43411.0,,,FR010C,FR,,2015,higher_ed_students,Students in higher education (ISCED 5-8)
A,TE1026V,FR010C,2016,43166.0,,,FR010C,FR,,2016,higher_ed_students,Students in higher education (ISCED 5-8)
A,TE1026V,FR010C,2017,43004.0,,,FR010C,FR,,2017,higher_ed_students,Students in higher education (ISCED 5-8)
A,TE1026V,FR010C,2018,43713.0,,,FR010C,FR,,2018,higher_ed_students,Students in higher education (ISCED 5-8)
A,TE1026V,FR010C,2019,44674.0,,,FR010C,FR,,2019,higher_ed_students,Students in higher education (ISCED 5-8)
A,TE1026V,FR010C,2020,47813.0,,,FR010C,FR,,2020,higher_ed_students,Students in higher education (ISCED 5-8)
A,TE1026V,FR010C,2021,48438.0,,,FR010C,FR,,2021,higher_ed_students,Students in higher education (ISCED 5-8)
A,TE1026V,FR010C,2022,47536.0,,,FR010C,FR,,2022,higher_ed_students,Students in higher education (ISCED 5-8)
A,TE1026V,FR011C,2015,74478.0,,,FR011C,FR,,2015,higher_ed_students,Students in higher education (ISCED 5-8)
A,TE1026V,FR011C,2016,74599.0,,,FR011C,FR,,2016,higher_ed_students,Students in higher education (ISCED 5-8)
A,TE1026V,FR011C,2017,77586.0,,,FR011C,FR,,2017,higher_ed_students,Students in higher education (ISCED 5-8)
A,TE1026V,FR011C,2018,77617.0,,,FR011C,FR,,2018,higher_ed_students,Students in higher education (ISCED 5-8)
A,TE1026V,FR011C,2019,79748.0,,,FR011C,FR,,2019,higher_ed_students,Students in higher education (ISCED 5-8)
A,TE1026V,FR011C,2020,81744.0,,,FR011C,FR,,2020,higher_ed_students,Students in higher education (ISCED 5-8)
A,TE1026V,FR011C,2021,85160.0,,,FR011C,FR,,2021,higher_ed_students,Students in higher education (ISCED 5-8)
A,TE1026V,FR011C,2022,83929.0,,,FR011C,FR,,2022,higher_ed_students,Students in higher education (ISCED 5-8)
A,TE1026V,FR012C,2015,58653.0,,,FR012C,FR,,2015,higher_ed_students,Students in higher education (ISCED 5-8)
A,TE1026V,FR012C,2016,58411.0,,,FR012C,FR,,2016,higher_ed_students,Students in higher education (ISCED 5-8)
A,TE1026V,FR012C,2017,59030.0,,,FR012C,FR,,2017,higher_ed_students,Students in higher education (ISCED 5-8)
A,TE1026V,FR012C,2018,61438.0,,,FR012C,FR,,2018,higher_ed_students,Students in higher education (ISCED 5-8)
A,TE1026V,FR012C,2019,62101.0,,,FR012C,FR,,2019,higher_ed_students,Students in higher education (ISCED 5-8)
A,TE1026V,FR012C,2020,62682.0,,,FR012C,FR,,2020,higher_ed_students,Students in higher education (ISCED 5-8)
A,TE1026V,FR012C,2021,63747.0,,,FR012C,FR,,2021,higher_ed_students,Students in higher education (ISCED 5-8)
A,TE1026V,FR012C,2022,62211.0,,,FR012C,FR,,2022,higher_ed_students,Students in higher education (ISCED 5-8)
A,TE1026V,FR013C,2015,28974.0,,,FR013C,FR,,2015,higher_ed_students,Students in higher education (ISCED 5-8)
A,TE1026V,FR013C,2016,29600.0,,,FR013C,FR,,2016,higher_ed_students,Students in higher education (ISCED 5-8)
A,TE1026V,FR013C,2017,30973.0,,,FR013C,FR,,2017,higher_ed_students,Students in higher education (ISCED 5-8)
A,TE1026V,FR013C,2018,31101.0,,,FR013C,FR,,2018,higher_ed_students,Students in higher education (ISCED 5-8)
A,TE1026V,FR013C,2019,31755.0,,,FR013C,FR,,2019,higher_ed_students,Students in higher education (ISCED 5-8)
A,TE1026V,FR013C,2020,33320.0,,,FR013C,FR,,2020,higher_ed_students,Students in higher education (ISCED 5-8)
A,TE1026V,FR013C,2021,34705.0,,,FR013C,FR,,2021,higher_ed_students,Students in higher education (ISCED 5-8)
A,TE1026V,FR013C,2022,33445.0,,,FR013C,FR,,2022,higher_ed_students,Students in higher education (ISCED 5-8)
A,TE1026V,FR014C,2015,2466.0,,,FR014C,FR,,2015,higher_ed_students,Students in higher education (ISCED 5-8)
A,TE1026V,FR014C,2016,2500.0,,,FR014C,FR,,2016,higher_ed_students,Students in higher education (ISCED 5-8)
A,TE1026V,FR014C,2017,2447.0,,,FR014C,FR,,2017,higher_ed_students,Students in higher education (ISCED 5-8)
A,TE1026V,FR014C,2018,2580.0,,,FR014C,FR,,2018,higher_ed_students,Students in higher education (ISCED 5-8)
A,TE1026V,FR014C,2019,2551.0,,,FR014C,FR,,2019,higher_ed_students,Students in higher education (ISCED 5-8)
A,TE1026V,FR014C,2020,3266.0,,,FR014C,FR,,2020,higher_ed_students,Students in higher education (ISCED 5-8)
A,TE1026V,FR014C,2021,3923.0,,,FR014C,FR,,2021,higher_ed_students,Students in higher education (ISCED 5-8)
A,TE1026V,FR014C,2022,4055.0,,,FR014C,FR,,2022,higher_ed_students,Students in higher education (ISCED 5-8)
A,TE1026V,FR015C,2015,11902.0,,,FR015C,FR,,2015,higher_ed_students,Students in higher education (ISCED 5-8)
A,TE1026V,FR015C,2016,12102.0,,,FR015C,FR,,2016,higher_ed_students,Students in higher education (ISCED 5-8)
A,TE1026V,FR015C,2017,12624.0,,,FR015C,FR,,2017,higher_ed_students,Students in higher education (ISCED 5-8)
A,TE1026V,FR015C,2018,13302.0,,,FR015C,FR,,2018,higher_ed_students,Students in higher education (ISCED 5-8)
A,TE1026V,FR015C,2019,13401.0,,,FR015C,FR,,2019,higher_ed_students,Students in higher education (ISCED 5-8)
A,TE1026V,FR015C,2020,14185.0,,,FR015C,FR,,2020,higher_ed_students,Students in higher education (ISCED 5-8)
A,TE1026V,FR015C,2021,15500.0,,,FR015C,FR,,2021,higher_ed_students,Students in higher education (ISCED 5-8)
A,TE1026V,FR015C,2022,14673.0,,,FR015C,FR,,2022,higher_ed_students,Students in higher education (ISCED 5-8)
A,TE1026V,FR016C,2015,66237.0,,,FR016C,FR,,2015,higher_ed_students,Students in higher education (ISCED 5-8)
A,TE1026V,FR016C,2016,67605.0,,,FR016C,FR,,2016,higher_ed_students,Students in higher education (ISCED 5-8)
A,TE1026V,FR016C,2017,63685.0,,,FR016C,FR,,2017,higher_ed_students,Students in higher education (ISCED 5-8)
A,TE1026V,FR016C,2018,65906.0,,,FR016C,FR,,2018,higher_ed_students,Students in higher education (ISCED 5-8)
A,TE1026V,FR016C,2019,66032.0,,,FR016C,FR,,2019,higher_ed_students,Students in higher education (ISCED 5-8)
A,TE1026V,FR016C,2020,68783.0,,,FR016C,FR,,2020,higher_ed_students,Students in higher education (ISCED 5-8)
A,TE1026V,FR016C,2021,72291.0,,,FR016C,FR,,2021,higher_ed_students,Students in higher education (ISCED 5-8)
A,TE1026V,FR016C,2022,70243.0,,,FR016C,FR,,2022,higher_ed_students,Students in higher education (ISCED 5-8)
A,TE1026V,FR017C,2015,28540.0,,,FR017C,FR,,2015,higher_ed_students,Students in higher education (ISCED 5-8)
A,TE1026V,FR017C,2016,28811.0,,,FR017C,FR,,2016,higher_ed_students,Students in higher education (ISCED 5-8)
A,TE1026V,FR017C,2017,27826.0,,,FR017C,FR,,2017,higher_ed_students,Students in higher education (ISCED 5-8)
A,TE1026V,FR017C,2018,28053.0,,,FR017C,FR,,2018,higher_ed_students,Students in higher education (ISCED 5-8)
A,TE1026V,FR017C,2019,28317.0,,,FR017C,FR,,2019,higher_ed_students,Students in higher education (ISCED 5-8)
A,TE1026V,FR017C,2020,30303.0,,,FR017C,FR,,2020,higher_ed_students,Students in higher education (ISCED 5-8)
A,TE1026V,FR017C,2021,30448.0,,,FR017C,FR,,2021,higher_ed_students,Students in higher education (ISCED 5-8)
A,TE1026V,FR017C,2022,29562.0,,,FR017C,FR,,2022,higher_ed_students,Students in higher education (ISCED 5-8)
A,TE1026V,FR018C,2015,17653.0,,,FR018C,FR,,2015,higher_ed_students,Students in higher education (ISCED 5-8)
A,TE1026V,FR018C,2016,18097.0,,,FR018C,FR,,2016,higher_ed_students,Students in higher education (ISCED 5-8)
A,TE1026V,FR018C,2017,18463.0,,,FR018C,FR,,2017,higher_ed_students,Students in higher education (ISCED 5-8)
A,TE1026V,FR018C,2018,18913.0,,,FR018C,FR,,2018,higher_ed_students,Students in higher education (ISCED 5-8)
A,TE1026V,FR018C,2019,19129.0,,,FR018C,FR,,2019,higher_ed_students,Students in higher education (ISCED 5-8)
A,TE1026V,FR018C,2020,21441.0,,,FR018C,FR,,2020,higher_ed_students,Students in higher education (ISCED 5-8)
A,TE1026V,FR018C,2021,21759.0,,,FR018C,FR,,2021,higher_ed_students,Students in higher education (ISCED 5-8)
A,TE1026V,FR018C,2022,20779.0,,,FR018C,FR,,2022,higher_ed_students,Students in higher education (ISCED 5-8)
A,TE1026V,FR019C,2015,45243.0,,,FR019C,FR,,2015,higher_ed_students,Students in higher education (ISCED 5-8)
A,TE1026V,FR019C,2016,46093.0,,,FR019C,FR,,2016,higher_ed_students,Students in higher education (ISCED 5-8)
A,TE1026V,FR019C,2017,46700.0,,,FR019C,FR,,2017,higher_ed_students,Students in higher education (ISCED 5-8)
A,TE1026V,FR019C,2018,47323.0,,,FR019C,FR,,2018,higher_ed_students,Students in higher education (ISCED 5-8)
A,TE1026V,FR019C,2019,47998.0,,,FR019C,FR,,2019,higher_ed_students,Students in higher education (ISCED 5-8)
A,TE1026V,FR019C,2020,51239.0,,,FR019C,FR,,2020,higher_ed_students,Students in higher education (ISCED 5-8)
A,TE1026V,FR019C,2021,50754.0,,,FR019C,FR,,2021,higher_ed_students,Students in higher education (ISCED 5-8)
A,TE1026V,FR019C,2022,49181.0,,,FR019C,FR,,2022,higher_ed_students,Students in higher education (ISCED 5-8)
A,TE1026V,FR020C,2015,32932.0,,,FR020C,FR,,2015,higher_ed_students,Students in higher education (ISCED 5-8)
A,TE1026V,FR020C,2016,33587.0,,,FR020C,FR,,2016,higher_ed_students,Students in higher education (ISCED 5-8)
A,TE1026V,FR020C,2017,34356.0,,,FR020C,FR,,2017,higher_ed_students,Students in higher education (ISCED 5-8)
A,TE1026V,FR020C,2018,35355.0,,,FR020C,FR,,2018,higher_ed_students,Students in higher education (ISCED 5-8)
A,TE1026V,FR020C,2019,36358.0,,,FR020C,FR,,2019,higher_ed_students,Students in higher education (ISCED 5-8)
A,TE1026V,FR020C,2020,37387.0,,,FR020C,FR,,2020,higher_ed_students,Students in higher education (ISCED 5-8)
A,TE1026V,FR020C,2021,37528.0,,,FR020C,FR,,2021,higher_ed_students,Students in higher education (ISCED 5-8)
A,TE1026V,FR020C,2022,36781.0,,,FR020C,FR,,2022,higher_ed_students,Students in higher education (ISCED 5-8)
A,TE1026V,FR021C,2015,36204.0,,,FR021C,FR,,2015,higher_ed_students,Students in higher education (ISCED 5-8)
A,TE1026V,FR021C,2016,36629.0,,,FR021C,FR,,2016,higher_ed_students,Students in higher education (ISCED 5-8)
A,TE1026V,FR021C,2017,37908.0,,,FR021C,FR,,2017,higher_ed_students,Students in higher education (ISCED 5-8)
A,TE1026V,FR021C,2018,39025.0,,,FR021C,FR,,2018,higher_ed_students,Students in higher education (ISCED 5-8)
A,TE1026V,FR021C,2019,40803.0,,,FR021C,FR,,2019,higher_ed_students,Students in higher education (ISCED 5-8)
A,TE1026V,FR021C,2020,42294.0,,,FR021C,FR,,2020,higher_ed_students,Students in higher education (ISCED 5-8)
A,TE1026V,FR021C,2021,43490.0,,,FR021C,FR,,2021,higher_ed_students,Students in higher education (ISCED 5-8)
A,TE1026V,FR021C,2022,42187.0,,,FR021C,FR,,2022,higher_ed_students,Students in higher education (ISCED 5-8)
A,TE1026V,FR022C,2015,11323.0,,,FR022C,FR,,2015,higher_ed_students,Students in higher education (ISCED 5-8)
A,TE1026V,FR022C,2016,11800.0,,,FR022C,FR,,2016,higher_ed_students,Students in higher education (ISCED 5-8)
A,TE1026V,FR022C,2017,12342.0,,,FR022C,FR,,2017,higher_ed_students,Students in higher education (ISCED 5-8)
A,TE1026V,FR022C,2018,11912.0,,,FR022C,FR,,2018,higher_ed_students,Students in higher education (ISCED 5-8)
A,TE1026V,FR022C,2019,12480.0,,,FR022C,FR,,2019,higher_ed_students,Students in higher education (ISCED 5-8)
A,TE1026V,FR022C,2020,12615.0,,,FR022C,FR,,2020,higher_ed_students,Students in higher education (ISCED 5-8)
A,TE1026V,FR022C,2021,12915.0,,,FR022C,FR,,2021,higher_ed_students,Students in higher education (ISCED 5-8)
A,TE1026V,FR022C,2022,12019.0,,,FR022C,FR,,2022,higher_ed_students,Students in higher education (ISCED 5-8)
A,TE1026V,FR023C,2015,23505.0,,,FR023C,FR,,2015,higher_ed_students,Students in higher education (ISCED 5-8)
A,TE1026V,FR023C,2016,24913.0,,,FR023C,FR,,2016,higher_ed_students,Students in higher education (ISCED 5-8)
A,TE1026V,FR023C,2017,24754.0,,,FR023C,FR,,2017,higher_ed_students,Students in higher education (ISCED 5-8)
A,TE1026V,FR023C,2018,25801.0,,,FR023C,FR,,2018,higher_ed_students,Students in higher education (ISCED 5-8)
A,TE1026V,FR023C,2019,26934.0,,,FR023C,FR,,2019,higher_ed_students,Students in higher education (ISCED 5-8)
A,TE1026V,FR023C,2020,25357.0,,,FR023C,FR,,2020,higher_ed_students,Students in higher education (ISCED 5-8)
A,TE1026V,FR023C,2021,27639.0,,,FR023C,FR,,2021,higher_ed_students,Students in higher education (ISCED 5-8)
A,TE1026V,FR023C,2022,27065.0,,,FR023C,FR,,2022,higher_ed_students,Students in higher education (ISCED 5-8)
A,TE1026V,FR024C,2015,38677.0,,,FR024C,FR,,2015,higher_ed_students,Students in higher education (ISCED 5-8)
A,TE1026V,FR024C,2016,39163.0,,,FR024C,FR,,2016,higher_ed_students,Students in higher education (ISCED 5-8)
A,TE1026V,FR024C,2017,40236.0,,,FR024C,FR,,2017,higher_ed_students,Students in higher education (ISCED 5-8)
A,TE1026V,FR024C,2018,41926.0,,,FR024C,FR,,2018,higher_ed_students,Students in higher education (ISCED 5-8)
A,TE1026V,FR024C,2019,44176.0,,,FR024C,FR,,2019,higher_ed_students,Students in higher education (ISCED 5-8)
A,TE1026V,FR024C,2020,46650.0,,,FR024C,FR,,2020,higher_ed_students,Students in higher education (ISCED 5-8)
A,TE1026V,FR024C,2021,47810.0,,,FR024C,FR,,2021,higher_ed_students,Students in higher education (ISCED 5-8)
A,TE1026V,FR024C,2022,46177.0,,,FR024C,FR,,2022,higher_ed_students,Students in higher education (ISCED 5-8)
A,TE1026V,FR025C,2015,8260.0,,,FR025C,FR,,2015,higher_ed_students,Students in higher education (ISCED 5-8)
A,TE1026V,FR025C,2016,8416.0,,,FR025C,FR,,2016,higher_ed_students,Students in higher education (ISCED 5-8)
A,TE1026V,FR025C,2017,9494.0,,,FR025C,FR,,2017,higher_ed_students,Students in higher education (ISCED 5-8)
A,TE1026V,FR025C,2018,10134.0,,,FR025C,FR,,2018,higher_ed_students,Students in higher education (ISCED 5-8)
A,TE1026V,FR025C,2019,10404.0,,,FR025C,FR,,2019,higher_ed_students,Students in higher education (ISCED 5-8)
A,TE1026V,FR025C,2020,10939.0,,,FR025C,FR,,2020,higher_ed_students,Students in higher education (ISCED 5-8)
A,TE1026V,FR025C,2021,11157.0,,,FR025C,FR,,2021,higher_ed_students,Students in higher education (ISCED 5-8)
A,TE1026V,FR025C,2022,11040.0,,,FR025C,FR,,2022,higher_ed_students,Students in higher education (ISCED 5-8)
A,TE1026V,FR026C,2015,4797.0,,,FR026C,FR,,2015,higher_ed_students,Students in higher education (ISCED 5-8)
A,TE1026V,FR026C,2016,4849.0,,,FR026C,FR,,2016,higher_ed_students,Students in higher education (ISCED 5-8)
A,TE1026V,FR026C,2017,4982.0,,,FR026C,FR,,2017,higher_ed_students,Students in higher education (ISCED 5-8)
A,TE1026V,FR026C,2018,5150.0,,,FR026C,FR,,2018,higher_ed_students,Students in higher education (ISCED 5-8)
A,TE1026V,FR026C,2019,5278.0,,,FR026C,FR,,2019,higher_ed_students,Students in higher education (ISCED 5-8)
A,TE1026V,FR026C,2020,6400.0,,,FR026C,FR,,2020,higher_ed_students,Students in higher education (ISCED 5-8)
A,TE1026V,FR026C,2021,6430.0,,,FR026C,FR,,2021,higher_ed_students,Students in higher education (ISCED 5-8)
A,TE1026V,FR026C,2022,5952.0,,,FR026C,FR,,2022,higher_ed_students,Students in higher education (ISCED 5-8)
A,TE1026V,FR027C,2015,21080.0,,,FR027C,FR,,2015,higher_ed_students,Students in higher education (ISCED 5-8)
A,TE1026V,FR027C,2016,21691.0,,,FR027C,FR,,2016,higher_ed_students,Students in higher education (ISCED 5-8)
A,TE1026V,FR027C,2017,21883.0,,,FR027C,FR,,2017,higher_ed_students,Students in higher education (ISCED 5-8)
A,TE1026V,FR027C,2018,22176.0,,,FR027C,FR,,2018,higher_ed_students,Students in higher education (ISCED 5-8)
A,TE1026V,FR027C,2019,22529.0,,,FR027C,FR,,2019,higher_ed_students,Students in higher education (ISCED 5-8)
A,TE1026V,FR027C,2020,24005.0,,,FR027C,FR,,2020,higher_ed_students,Students in higher education (ISCED 5-8)
A,TE1026V,FR027C,2021,24010.0,,,FR027C,FR,,2021,higher_ed_students,Students in higher education (ISCED 5-8)
A,TE1026V,FR027C,2022,23103.0,,,FR027C,FR,,2022,higher_ed_students,Students in higher education (ISCED 5-8)
A,TE1026V,FR028C,2015,11657.0,,,FR028C,FR,,2015,higher_ed_students,Students in higher education (ISCED 5-8)
A,TE1026V,FR028C,2016,11992.0,,,FR028C,FR,,2016,higher_ed_students,Students in higher education (ISCED 5-8)
A,TE1026V,FR028C,2017,12196.0,,,FR028C,FR,,2017,higher_ed_students,Students in higher education (ISCED 5-8)
A,TE1026V,FR028C,2018,12809.0,,,FR028C,FR,,2018,higher_ed_students,Students in higher education (ISCED 5-8)
A,TE1026V,FR028C,2019,12977.0,,,FR028C,FR,,2019,higher_ed_students,Students in higher education (ISCED 5-8)
A,TE1026V,FR028C,2020,13940.0,,,FR028C,FR,,2020,higher_ed_students,Students in higher education (ISCED 5-8)
A,TE1026V,FR028C,2021,13707.0,,,FR028C,FR,,2021,higher_ed_students,Students in higher education (ISCED 5-8)
A,TE1026V,FR028C,2022,13450.0,,,FR028C,FR,,2022,higher_ed_students,Students in higher education (ISCED 5-8)
A,TE1026V,FR029C,2015,11760.0,,,FR029C,FR,,2015,higher_ed_students,Students in higher education (ISCED 5-8)
A,TE1026V,FR029C,2016,11721.0,,,FR029C,FR,,2016,higher_ed_students,Students in higher education (ISCED 5-8)
A,TE1026V,FR029C,2017,12161.0,,,FR029C,FR,,2017,higher_ed_students,Students in higher education (ISCED 5-8)
A,TE1026V,FR029C,2018,12445.0,,,FR029C,FR,,2018,higher_ed_students,Students in higher education (ISCED 5-8)
A,TE1026V,FR029C,2019,12875.0,,,FR029C,FR,,2019,higher_ed_students,Students in higher education (ISCED 5-8)
A,TE1026V,FR029C,2020,13858.0,,,FR029C,FR,,2020,higher_ed_students,Students in higher education (ISCED 5-8)
A,TE1026V,FR029C,2021,13941.0,,,FR029C,FR,,2021,higher_ed_students,Students in higher education (ISCED 5-8)
A,TE1026V,FR029C,2022,13393.0,,,FR029C,FR,,2022,higher_ed_students,Students in higher education (ISCED 5-8)
A,TE1026V,FR030C,2015,12545.0,,,FR030C,FR,,2015,higher_ed_students,Students in higher education (ISCED 5-8)
A,TE1026V,FR030C,2016,12910.0,,,FR030C,FR,,2016,higher_ed_students,Students in higher education (ISCED 5-8)
A,TE1026V,FR030C,2017,13261.0,,,FR030C,FR,,2017,higher_ed_students,Students in higher education (ISCED 5-8)
A,TE1026V,FR030C,2018,13912.0,,,FR030C,FR,,2018,higher_ed_students,Students in higher education (ISCED 5-8)
A,TE1026V,FR030C,2019,14823.0,,,FR030C,FR,,2019,higher_ed_students,Students in higher education (ISCED 5-8)
A,TE1026V,FR030C,2020,16238.0,,,FR030C,FR,,2020,higher_ed_students,Students in higher education (ISCED 5-8)
A,TE1026V,FR030C,2021,16260.0,,,FR030C,FR,,2021,higher_ed_students,Students in higher education (ISCED 5-8)
A,TE1026V,FR030C,2022,16409.0,,,FR030C,FR,,2022,higher_ed_students,Students in higher education (ISCED 5-8)
A,TE1026V,FR031C,2015,31761.0,,,FR031C,FR,,2015,higher_ed_students,Students in higher education (ISCED 5-8)
A,TE1026V,FR031C,2016,32716.0,,,FR031C,FR,,2016,higher_ed_students,Students in higher education (ISCED 5-8)
A,TE1026V,FR031C,2017,32495.0,,,FR031C,FR,,2017,higher_ed_students,Students in higher education (ISCED 5-8)
A,TE1026V,FR031C,2018,33420.0,,,FR031C,FR,,2018,higher_ed_students,Students in higher education (ISCED 5-8)
A,TE1026V,FR031C,2019,34103.0,,,FR031C,FR,,2019,higher_ed_students,Students in higher education (ISCED 5-8)
A,TE1026V,FR031C,2020,36223.0,,,FR031C,FR,,2020,higher_ed_students,Students in higher education (ISCED 5-8)
A,TE1026V,FR031C,2021,36836.0,,,FR031C,FR,,2021,higher_ed_students,Students in higher education (ISCED 5-8)
A,TE1026V,FR031C,2022,37203.0,,,FR031C,FR,,2022,higher_ed_students,Students in higher education (ISCED 5-8)
A,TE1026V,FR032C,2015,17422.0,,,FR032C,FR,,2015,higher_ed_students,Students in higher education (ISCED 5-8)
A,TE1026V,FR032C,2016,17780.0,,,FR032C,FR,,2016,higher_ed_students,Students in higher education (ISCED 5-8)
A,TE1026V,FR032C,2017,18126.0,,,FR032C,FR,,2017,higher_ed_students,Students in higher education (ISCED 5-8)
A,TE1026V,FR032C,2018,19080.0,,,FR032C,FR,,2018,higher_ed_students,Students in higher education (ISCED 5-8)
A,TE1026V,FR032C,2019,19485.0,,,FR032C,FR,,2019,higher_ed_students,Students in higher education (ISCED 5-8)
A,TE1026V,FR032C,2020,20541.0,,,FR032C,FR,,2020,higher_ed_students,Students in higher education (ISCED 5-8)
A,TE1026V,FR032C,2021,20589.0,,,FR032C,FR,,2021,higher_ed_students,Students in higher education (ISCED 5-8)
A,TE1026V,FR032C,2022,19143.0,,,FR032C,FR,,2022,higher_ed_students,Students in higher education (ISCED 5-8)
A,TE1026V,FR033C,2015,35409.0,,,FR033C,FR,,2015,higher_ed_students,Students in higher education (ISCED 5-8)
A,TE1026V,FR033C,2016,35833.0,,,FR033C,FR,,2016,higher_ed_students,Students in higher education (ISCED 5-8)
A,TE1026V,FR033C,2017,35879.0,,,FR033C,FR,,2017,higher_ed_students,Students in higher education (ISCED 5-8)
A,TE1026V,FR033C,2018,37342.0,,,FR033C,FR,,2018,higher_ed_students,Students in higher education (ISCED 5-8)
A,TE1026V,FR033C,2019,37673.0,,,FR033C,FR,,2019,higher_ed_students,Students in higher education (ISCED 5-8)
A,TE1026V,FR033C,2020,39495.0,,,FR033C,FR,,2020,higher_ed_students,Students in higher education (ISCED 5-8)
A,TE1026V,FR033C,2021,40922.0,,,FR033C,FR,,2021,higher_ed_students,Students in higher education (ISCED 5-8)
A,TE1026V,FR033C,2022,39498.0,,,FR033C,FR,,2022,higher_ed_students,Students in higher education (ISCED 5-8)
A,TE1026V,FR034C,2015,23159.0,,,FR034C,FR,,2015,higher_ed_students,Students in higher education (ISCED 5-8)
A,TE1026V,FR034C,2016,23361.0,,,FR034C,FR,,2016,higher_ed_students,Students in higher education (ISCED 5-8)
A,TE1026V,FR034C,2017,22861.0,,,FR034C,FR,,2017,higher_ed_students,Students in higher education (ISCED 5-8)
A,TE1026V,FR034C,2018,23456.0,,,FR034C,FR,,2018,higher_ed_students,Students in higher education (ISCED 5-8)
A,TE1026V,FR034C,2019,25574.0,,,FR034C,FR,,2019,higher_ed_students,Students in higher education (ISCED 5-8)
A,TE1026V,FR034C,2020,28879.0,,,FR034C,FR,,2020,higher_ed_students,Students in higher education (ISCED 5-8)
A,TE1026V,FR034C,2021,29667.0,,,FR034C,FR,,2021,higher_ed_students,Students in higher education (ISCED 5-8)
A,TE1026V,FR034C,2022,27892.0,,,FR034C,FR,,2022,higher_ed_students,Students in higher education (ISCED 5-8)
A,TE1026V,FR035C,2015,28698.0,,,FR035C,FR,,2015,higher_ed_students,Students in higher education (ISCED 5-8)
A,TE1026V,FR035C,2016,27949.0,,,FR035C,FR,,2016,higher_ed_students,Students in higher education (ISCED 5-8)
A,TE1026V,FR035C,2017,28836.0,,,FR035C,FR,,2017,higher_ed_students,Students in higher education (ISCED 5-8)
A,TE1026V,FR035C,2018,29292.0,,,FR035C,FR,,2018,higher_ed_students,Students in higher education (ISCED 5-8)
A,TE1026V,FR035C,2019,30296.0,,,FR035C,FR,,2019,higher_ed_students,Students in higher education (ISCED 5-8)
A,TE1026V,FR035C,2020,30753.0,,,FR035C,FR,,2020,higher_ed_students,Students in higher education (ISCED 5-8)
A,TE1026V,FR035C,2021,31334.0,,,FR035C,FR,,2021,higher_ed_students,Students in higher education (ISCED 5-8)
A,TE1026V,FR035C,2022,30078.0,,,FR035C,FR,,2022,higher_ed_students,Students in higher education (ISCED 5-8)
A,TE1026V,FR036C,2015,4941.0,,,FR036C,FR,,2015,higher_ed_students,Students in higher education (ISCED 5-8)
A,TE1026V,FR036C,2016,4967.0,,,FR036C,FR,,2016,higher_ed_students,Students in higher education (ISCED 5-8)
A,TE1026V,FR036C,2017,4890.0,,,FR036C,FR,,2017,higher_ed_students,Students in higher education (ISCED 5-8)
A,TE1026V,FR036C,2018,5235.0,,,FR036C,FR,,2018,higher_ed_students,Students in higher education (ISCED 5-8)
A,TE1026V,FR036C,2019,5453.0,,,FR036C,FR,,2019,higher_ed_students,Students in higher education (ISCED 5-8)
A,TE1026V,FR036C,2020,5883.0,,,FR036C,FR,,2020,higher_ed_students,Students in higher education (ISCED 5-8)
A,TE1026V,FR036C,2021,5903.0,,,FR036C,FR,,2021,higher_ed_students,Students in higher education (ISCED 5-8)
A,TE1026V,FR036C,2022,5838.0,,,FR036C,FR,,2022,higher_ed_students,Students in higher education (ISCED 5-8)
A,TE1026V,FR037C,2015,9143.0,,,FR037C,FR,,2015,higher_ed_students,Students in higher education (ISCED 5-8)
A,TE1026V,FR037C,2016,9415.0,,,FR037C,FR,,2016,higher_ed_students,Students in higher education (ISCED 5-8)
A,TE1026V,FR037C,2017,9583.0,,,FR037C,FR,,2017,higher_ed_students,Students in higher education (ISCED 5-8)
A,TE1026V,FR037C,2018,9616.0,,,FR037C,FR,,2018,higher_ed_students,Students in higher education (ISCED 5-8)
A,TE1026V,FR037C,2019,9455.0,,,FR037C,FR,,2019,higher_ed_students,Students in higher education (ISCED 5-8)
A,TE1026V,FR037C,2020,9710.0,,,FR037C,FR,,2020,higher_ed_students,Students in higher education (ISCED 5-8)
A,TE1026V,FR037C,2021,9953.0,,,FR037C,FR,,2021,higher_ed_students,Students in higher education (ISCED 5-8)
A,TE1026V,FR037C,2022,9519.0,,,FR037C,FR,,2022,higher_ed_students,Students in higher education (ISCED 5-8)
A,TE1026V,FR038C,2015,6534.0,,,FR038C,FR,,2015,higher_ed_students,Students in higher education (ISCED 5-8)
A,TE1026V,FR038C,2016,6555.0,,,FR038C,FR,,2016,higher_ed_students,Students in higher education (ISCED 5-8)
A,TE1026V,FR038C,2017,6621.0,,,FR038C,FR,,2017,higher_ed_students,Students in higher education (ISCED 5-8)
A,TE1026V,FR038C,2018,6893.0,,,FR038C,FR,,2018,higher_ed_students,Students in higher education (ISCED 5-8)
A,TE1026V,FR038C,2019,7136.0,,,FR038C,FR,,2019,higher_ed_students,Students in higher education (ISCED 5-8)
A,TE1026V,FR038C,2020,7884.0,,,FR038C,FR,,2020,higher_ed_students,Students in higher education (ISCED 5-8)
A,TE1026V,FR038C,2021,8380.0,,,FR038C,FR,,2021,higher_ed_students,Students in higher education (ISCED 5-8)
A,TE1026V,FR038C,2022,7953.0,,,FR038C,FR,,2022,higher_ed_students,Students in higher education (ISCED 5-8)
A,TE1026V,FR039C,2015,21720.0,,,FR039C,FR,,2015,higher_ed_students,Students in higher education (ISCED 5-8)
A,TE1026V,FR039C,2016,22165.0,,,FR039C,FR,,2016,higher_ed_students,Students in higher education (ISCED 5-8)
A,TE1026V,FR039C,2017,22524.0,,,FR039C,FR,,2017,higher_ed_students,Students in higher education (ISCED 5-8)
A,TE1026V,FR039C,2018,23314.0,,,FR039C,FR,,2018,higher_ed_students,Students in higher education (ISCED 5-8)
A,TE1026V,FR039C,2019,23493.0,,,FR039C,FR,,2019,higher_ed_students,Students in higher education (ISCED 5-8)
A,TE1026V,FR039C,2020,24787.0,,,FR039C,FR,,2020,higher_ed_students,Students in higher education (ISCED 5-8)
A,TE1026V,FR039C,2021,24713.0,,,FR039C,FR,,2021,higher_ed_students,Students in higher education (ISCED 5-8)
A,TE1026V,FR039C,2022,24284.0,,,FR039C,FR,,2022,higher_ed_students,Students in higher education (ISCED 5-8)
A,TE1026V,FR040C,2015,5757.0,,,FR040C,FR,,2015,higher_ed_students,Students in higher education (ISCED 5-8)
A,TE1026V,FR040C,2016,5246.0,,,FR040C,FR,,2016,higher_ed_students,Students in higher education (ISCED 5-8)
A,TE1026V,FR040C,2017,5445.0,,,FR040C,FR,,2017,higher_ed_students,Students in higher education (ISCED 5-8)
A,TE1026V,FR040C,2018,5678.0,,,FR040C,FR,,2018,higher_ed_students,Students in higher education (ISCED 5-8)
A,TE1026V,FR040C,2019,6151.0,,,FR040C,FR,,2019,higher_ed_students,Students in higher education (ISCED 5-8)
A,TE1026V,FR040C,2020,6733.0,,,FR040C,FR,,2020,higher_ed_students,Students in higher education (ISCED 5-8)
A,TE1026V,FR040C,2021,6898.0,,,FR040C,FR,,2021,higher_ed_students,Students in higher education (ISCED 5-8)
A,TE1026V,FR040C,2022,6775.0,,,FR040C,FR,,2022,higher_ed_students,Students in higher education (ISCED 5-8)
A,TE1026V,FR041C,2015,297.0,,,FR041C,FR,,2015,higher_ed_students,Students in higher education (ISCED 5-8)
A,TE1026V,FR041C,2016,319.0,,,FR041C,FR,,2016,higher_ed_students,Students in higher education (ISCED 5-8)
A,TE1026V,FR041C,2017,272.0,,,FR041C,FR,,2017,higher_ed_students,Students in higher education (ISCED 5-8)
A,TE1026V,FR041C,2018,290.0,,,FR041C,FR,,2018,higher_ed_students,Students in higher education (ISCED 5-8)
A,TE1026V,FR041C,2019,286.0,,,FR041C,FR,,2019,higher_ed_students,Students in higher education (ISCED 5-8)
A,TE1026V,FR041C,2020,469.0,,,FR041C,FR,,2020,higher_ed_students,Students in higher education (ISCED 5-8)
A,TE1026V,FR041C,2021,416.0,,,FR041C,FR,,2021,higher_ed_students,Students in higher education (ISCED 5-8)
A,TE1026V,FR041C,2022,426.0,,,FR041C,FR,,2022,higher_ed_students,Students in higher education (ISCED 5-8)
A,TE1026V,FR042C,2015,11489.0,,,FR042C,FR,,2015,higher_ed_students,Students in higher education (ISCED 5-8)
A,TE1026V,FR042C,2016,11932.0,,,FR042C,FR,,2016,higher_ed_students,Students in higher education (ISCED 5-8)
A,TE1026V,FR042C,2017,11548.0,,,FR042C,FR,,2017,higher_ed_students,Students in higher education (ISCED 5-8)
A,TE1026V,FR042C,2018,11502.0,,,FR042C,FR,,2018,higher_ed_students,Students in higher education (ISCED 5-8)
A,TE1026V,FR042C,2019,11850.0,,,FR042C,FR,,2019,higher_ed_students,Students in higher education (ISCED 5-8)
A,TE1026V,FR042C,2020,12347.0,,,FR042C,FR,,2020,higher_ed_students,Students in higher education (ISCED 5-8)
A,TE1026V,FR042C,2021,12442.0,,,FR042C,FR,,2021,higher_ed_students,Students in higher education (ISCED 5-8)
A,TE1026V,FR042C,2022,11945.0,,,FR042C,FR,,2022,higher_ed_students,Students in higher education (ISCED 5-8)
A,TE1026V,FR043C,2015,10191.0,,,FR043C,FR,,2015,higher_ed_students,Students in higher education (ISCED 5-8)
A,TE1026V,FR043C,2016,10047.0,,,FR043C,FR,,2016,higher_ed_students,Students in higher education (ISCED 5-8)
A,TE1026V,FR043C,2017,9995.0,,,FR043C,FR,,2017,higher_ed_students,Students in higher education (ISCED 5-8)
A,TE1026V,FR043C,2018,10445.0,,,FR043C,FR,,2018,higher_ed_students,Students in higher education (ISCED 5-8)
A,TE1026V,FR043C,2019,10256.0,,,FR043C,FR,,2019,higher_ed_students,Students in higher education (ISCED 5-8)
A,TE1026V,FR043C,2020,11061.0,,,FR043C,FR,,2020,higher_ed_students,Students in higher education (ISCED 5-8)
A,TE1026V,FR043C,2021,11301.0,,,FR043C,FR,,2021,higher_ed_students,Students in higher education (ISCED 5-8)
A,TE1026V,FR043C,2022,10858.0,,,FR043C,FR,,2022,higher_ed_students,Students in higher education (ISCED 5-8)
A,TE1026V,FR044C,2015,8620.0,,,FR044C,FR,,2015,higher_ed_students,Students in higher education (ISCED 5-8)
A,TE1026V,FR044C,2016,8717.0,,,FR044C,FR,,2016,higher_ed_students,Students in higher education (ISCED 5-8)
A,TE1026V,FR044C,2017,8764.0,,,FR044C,FR,,2017,higher_ed_students,Students in higher education (ISCED 5-8)
A,TE1026V,FR044C,2018,9076.0,,,FR044C,FR,,2018,higher_ed_students,Students in higher education (ISCED 5-8)
A,TE1026V,FR044C,2019,9020.0,,,FR044C,FR,,2019,higher_ed_students,Students in higher education (ISCED 5-8)
A,TE1026V,FR044C,2020,9649.0,,,FR044C,FR,,2020,higher_ed_students,Students in higher education (ISCED 5-8)
A,TE1026V,FR044C,2021,9621.0,,,FR044C,FR,,2021,higher_ed_students,Students in higher education (ISCED 5-8)
A,TE1026V,FR044C,2022,9190.0,,,FR044C,FR,,2022,higher_ed_students,Students in higher education (ISCED 5-8)
A,TE1026V,FR045C,2015,13880.0,,,FR045C,FR,,2015,higher_ed_students,Students in higher education (ISCED 5-8)
A,TE1026V,FR045C,2016,14455.0,,,FR045C,FR,,2016,higher_ed_students,Students in higher education (ISCED 5-8)
A,TE1026V,FR045C,2017,14930.0,,,FR045C,FR,,2017,higher_ed_students,Students in higher education (ISCED 5-8)
A,TE1026V,FR045C,2018,15248.0,,,FR045C,FR,,2018,higher_ed_students,Students in higher education (ISCED 5-8)
A,TE1026V,FR045C,2019,15770.0,,,FR045C,FR,,2019,higher_ed_students,Students in higher education (ISCED 5-8)
A,TE1026V,FR045C,2020,15735.0,,,FR045C,FR,,2020,higher_ed_students,Students in higher education (ISCED 5-8)
A,TE1026V,FR045C,2021,16122.0,,,FR045C,FR,,2021,higher_ed_students,Students in higher education (ISCED 5-8)
A,TE1026V,FR045C,2022,15593.0,,,FR045C,FR,,2022,higher_ed_students,Students in higher education (ISCED 5-8)
A,TE1026V,FR046C,2015,7865.0,,,FR046C,FR,,2015,higher_ed_students,Students in higher education (ISCED 5-8)
A,TE1026V,FR046C,2016,7636.0,,,FR046C,FR,,2016,higher_ed_students,Students in higher education (ISCED 5-8)
A,TE1026V,FR046C,2017,7737.0,,,FR046C,FR,,2017,higher_ed_students,Students in higher education (ISCED 5-8)
A,TE1026V,FR046C,2018,7795.0,,,FR046C,FR,,2018,higher_ed_students,Students in higher education (ISCED 5-8)
A,TE1026V,FR046C,2019,7816.0,,,FR046C,FR,,2019,higher_ed_students,Students in higher education (ISCED 5-8)
A,TE1026V,FR046C,2020,8715.0,,,FR046C,FR,,2020,higher_ed_students,Students in higher education (ISCED 5-8)
A,TE1026V,FR046C,2021,8736.0,,,FR046C,FR,,2021,higher_ed_students,Students in higher education (ISCED 5-8)
A,TE1026V,FR046C,2022,8298.0,,,FR046C,FR,,2022,higher_ed_students,Students in higher education (ISCED 5-8)
A,TE1026V,FR047C,2015,26157.0,,,FR047C,FR,,2015,higher_ed_students,Students in higher education (ISCED 5-8)
A,TE1026V,FR047C,2016,26615.0,,,FR047C,FR,,2016,higher_ed_students,Students in higher education (ISCED 5-8)
A,TE1026V,FR047C,2017,27481.0,,,FR047C,FR,,2017,higher_ed_students,Students in higher education (ISCED 5-8)
A,TE1026V,FR047C,2018,27087.0,,,FR047C,FR,,2018,higher_ed_students,Students in higher education (ISCED 5-8)
A,TE1026V,FR047C,2019,27490.0,,,FR047C,FR,,2019,higher_ed_students,Students in higher education (ISCED 5-8)
A,TE1026V,FR047C,2020,29256.0,,,FR047C,FR,,2020,higher_ed_students,Students in higher education (ISCED 5-8)
A,TE1026V,FR047C,2021,29533.0,,,FR047C,FR,,2021,higher_ed_students,Students in higher education (ISCED 5-8)
A,TE1026V,FR047C,2022,28710.0,,,FR047C,FR,,2022,higher_ed_students,Students in higher education (ISCED 5-8)
A,TE1026V,FR048C,2015,5965.0,,,FR048C,FR,,2015,higher_ed_students,Students in higher education (ISCED 5-8)
A,TE1026V,FR048C,2016,6391.0,,,FR048C,FR,,2016,higher_ed_students,Students in higher education (ISCED 5-8)
A,TE1026V,FR048C,2017,6593.0,,,FR048C,FR,,2017,higher_ed_students,Students in higher education (ISCED 5-8)
A,TE1026V,FR048C,2018,6594.0,,,FR048C,FR,,2018,higher_ed_students,Students in higher education (ISCED 5-8)
A,TE1026V,FR048C,2019,6670.0,,,FR048C,FR,,2019,higher_ed_students,Students in higher education (ISCED 5-8)
A,TE1026V,FR048C,2020,7268.0,,,FR048C,FR,,2020,higher_ed_students,Students in higher education (ISCED 5-8)
A,TE1026V,FR048C,2021,7621.0,,,FR048C,FR,,2021,higher_ed_students,Students in higher education (ISCED 5-8)
A,TE1026V,FR048C,2022,7490.0,,,FR048C,FR,,2022,higher_ed_students,Students in higher education (ISCED 5-8)
A,TE1026V,FR049C,2015,412.0,,,FR049C,FR,,2015,higher_ed_students,Students in higher education (ISCED 5-8)
A,TE1026V,FR049C,2016,219.0,,,FR049C,FR,,2016,higher_ed_students,Students in higher education (ISCED 5-8)
A,TE1026V,FR049C,2017,204.0,,,FR049C,FR,,2017,higher_ed_students,Students in higher education (ISCED 5-8)
A,TE1026V,FR049C,2018,408.0,,,FR049C,FR,,2018,higher_ed_students,Students in higher education (ISCED 5-8)
A,TE1026V,FR049C,2019,972.0,,,FR049C,FR,,2019,higher_ed_students,Students in higher education (ISCED 5-8)
A,TE1026V,FR049C,2020,1051.0,,,FR049C,FR,,2020,higher_ed_students,Students in higher education (ISCED 5-8)
A,TE1026V,FR049C,2021,651.0,,,FR049C,FR,,2021,higher_ed_students,Students in higher education (ISCED 5-8)
A,TE1026V,FR049C,2022,698.0,,,FR049C,FR,,2022,higher_ed_students,Students in higher education (ISCED 5-8)
A,TE1026V,FR050C,2015,7422.0,,,FR050C,FR,,2015,higher_ed_students,Students in higher education (ISCED 5-8)
A,TE1026V,FR050C,2016,7224.0,,,FR050C,FR,,2016,higher_ed_students,Students in higher education (ISCED 5-8)
A,TE1026V,FR050C,2017,7108.0,,,FR050C,FR,,2017,higher_ed_students,Students in higher education (ISCED 5-8)
A,TE1026V,FR050C,2018,7098.0,,,FR050C,FR,,2018,higher_ed_students,Students in higher education (ISCED 5-8)
A,TE1026V,FR050C,2019,6892.0,,,FR050C,FR,,2019,higher_ed_students,Students in higher education (ISCED 5-8)
A,TE1026V,FR050C,2020,7866.0,,,FR050C,FR,,2020,higher_ed_students,Students in higher education (ISCED 5-8)
A,TE1026V,FR050C,2021,7898.0,,,FR050C,FR,,2021,higher_ed_students,Students in higher education (ISCED 5-8)
A,TE1026V,FR050C,2022,7578.0,,,FR050C,FR,,2022,higher_ed_students,Students in higher education (ISCED 5-8)
A,TE1026V,FR051C,2015,1227.0,,,FR051C,FR,,2015,higher_ed_students,Students in higher education (ISCED 5-8)
A,TE1026V,FR051C,2016,1228.0,,,FR051C,FR,,2016,higher_ed_students,Students in higher education (ISCED 5-8)
A,TE1026V,FR051C,2017,1257.0,,,FR051C,FR,,2017,higher_ed_students,Students in higher education (ISCED 5-8)
A,TE1026V,FR051C,2018,1249.0,,,FR051C,FR,,2018,higher_ed_students,Students in higher education (ISCED 5-8)
A,TE1026V,FR051C,2019,1245.0,,,FR051C,FR,,2019,higher_ed_students,Students in higher education (ISCED 5-8)
A,TE1026V,FR051C,2020,1234.0,,,FR051C,FR,,2020,higher_ed_students,Students in higher education (ISCED 5-8)
A,TE1026V,FR051C,2021,1444.0,,,FR051C,FR,,2021,higher_ed_students,Students in higher education (ISCED 5-8)
A,TE1026V,FR051C,2022,1267.0,,,FR051C,FR,,2022,higher_ed_students,Students in higher education (ISCED 5-8)
A,TE1026V,FR052C,2015,4091.0,,,FR052C,FR,,2015,higher_ed_students,Students in higher education (ISCED 5-8)
A,TE1026V,FR052C,2016,4085.0,,,FR052C,FR,,2016,higher_ed_students,Students in higher education (ISCED 5-8)
A,TE1026V,FR052C,2017,3314.0,,,FR052C,FR,,2017,higher_ed_students,Students in higher education (ISCED 5-8)
A,TE1026V,FR052C,2018,3398.0,,,FR052C,FR,,2018,higher_ed_students,Students in higher education (ISCED 5-8)
A,TE1026V,FR052C,2019,3614.0,,,FR052C,FR,,2019,higher_ed_students,Students in higher education (ISCED 5-8)
A,TE1026V,FR052C,2020,3758.0,,,FR052C,FR,,2020,higher_ed_students,Students in higher education (ISCED 5-8)
A,TE1026V,FR052C,2021,3833.0,,,FR052C,FR,,2021,higher_ed_students,Students in higher education (ISCED 5-8)
A,TE1026V,FR052C,2022,3766.0,,,FR052C,FR,,2022,higher_ed_students,Students in higher education (ISCED 5-8)
A,TE1026V,FR053C,2015,3457.0,,,FR053C,FR,,2015,higher_ed_students,Students in higher education (ISCED 5-8)
A,TE1026V,FR053C,2016,3432.0,,,FR053C,FR,,2016,higher_ed_students,Students in higher education (ISCED 5-8)
A,TE1026V,FR053C,2017,3422.0,,,FR053C,FR,,2017,higher_ed_students,Students in higher education (ISCED 5-8)
A,TE1026V,FR053C,2018,3621.0,,,FR053C,FR,,2018,higher_ed_students,Students in higher education (ISCED 5-8)
A,TE1026V,FR053C,2019,3649.0,,,FR053C,FR,,2019,higher_ed_students,Students in higher education (ISCED 5-8)
A,TE1026V,FR053C,2020,4181.0,,,FR053C,FR,,2020,higher_ed_students,Students in higher education (ISCED 5-8)
A,TE1026V,FR053C,2021,4734.0,,,FR053C,FR,,2021,higher_ed_students,Students in higher education (ISCED 5-8)
A,TE1026V,FR053C,2022,4600.0,,,FR053C,FR,,2022,higher_ed_students,Students in higher education (ISCED 5-8)
A,TE1026V,FR054C,2015,13674.0,,,FR054C,FR,,2015,higher_ed_students,Students in higher education (ISCED 5-8)
A,TE1026V,FR054C,2016,13991.0,,,FR054C,FR,,2016,higher_ed_students,Students in higher education (ISCED 5-8)
A,TE1026V,FR054C,2017,14408.0,,,FR054C,FR,,2017,higher_ed_students,Students in higher education (ISCED 5-8)
A,TE1026V,FR054C,2018,14714.0,,,FR054C,FR,,2018,higher_ed_students,Students in higher education (ISCED 5-8)
A,TE1026V,FR054C,2019,14923.0,,,FR054C,FR,,2019,higher_ed_students,Students in higher education (ISCED 5-8)
A,TE1026V,FR054C,2020,15101.0,,,FR054C,FR,,2020,higher_ed_students,Students in higher education (ISCED 5-8)
A,TE1026V,FR054C,2021,15798.0,,,FR054C,FR,,2021,higher_ed_students,Students in higher education (ISCED 5-8)
A,TE1026V,FR054C,2022,14657.0,,,FR054C,FR,,2022,higher_ed_students,Students in higher education (ISCED 5-8)
A,TE1026V,FR055C,2015,6366.0,,,FR055C,FR,,2015,higher_ed_students,Students in higher education (ISCED 5-8)
A,TE1026V,FR055C,2016,6045.0,,,FR055C,FR,,2016,higher_ed_students,Students in higher education (ISCED 5-8)
A,TE1026V,FR055C,2017,5923.0,,,FR055C,FR,,2017,higher_ed_students,Students in higher education (ISCED 5-8)
A,TE1026V,FR055C,2018,6512.0,,,FR055C,FR,,2018,higher_ed_students,Students in higher education (ISCED 5-8)
A,TE1026V,FR055C,2019,6525.0,,,FR055C,FR,,2019,higher_ed_students,Students in higher education (ISCED 5-8)
A,TE1026V,FR055C,2020,6968.0,,,FR055C,FR,,2020,higher_ed_students,Students in higher education (ISCED 5-8)
A,TE1026V,FR055C,2021,7081.0,,,FR055C,FR,,2021,higher_ed_students,Students in higher education (ISCED 5-8)
A,TE1026V,FR055C,2022,7001.0,,,FR055C,FR,,2022,higher_ed_students,Students in higher education (ISCED 5-8)
A,TE1026V,FR056C,2015,1832.0,,,FR056C,FR,,2015,higher_ed_students,Students in higher education (ISCED 5-8)
A,TE1026V,FR056C,2016,1818.0,,,FR056C,FR,,2016,higher_ed_students,Students in higher education (ISCED 5-8)
A,TE1026V,FR056C,2017,1861.0,,,FR056C,FR,,2017,higher_ed_students,Students in higher education (ISCED 5-8)
A,TE1026V,FR056C,2018,1909.0,,,FR056C,FR,,2018,higher_ed_students,Students in higher education (ISCED 5-8)
A,TE1026V,FR056C,2019,1814.0,,,FR056C,FR,,2019,higher_ed_students,Students in higher education (ISCED 5-8)
A,TE1026V,FR056C,2020,1893.0,,,FR056C,FR,,2020,higher_ed_students,Students in higher education (ISCED 5-8)
A,TE1026V,FR056C,2021,1909.0,,,FR056C,FR,,2021,higher_ed_students,Students in higher education (ISCED 5-8)
A,TE1026V,FR056C,2022,1927.0,,,FR056C,FR,,2022,higher_ed_students,Students in higher education (ISCED 5-8)
A,TE1026V,FR057C,2015,1770.0,,,FR057C,FR,,2015,higher_ed_students,Students in higher education (ISCED 5-8)
A,TE1026V,FR057C,2016,1821.0,,,FR057C,FR,,2016,higher_ed_students,Students in higher education (ISCED 5-8)
A,TE1026V,FR057C,2017,1917.0,,,FR057C,FR,,2017,higher_ed_students,Students in higher education (ISCED 5-8)
A,TE1026V,FR057C,2018,2110.0,,,FR057C,FR,,2018,higher_ed_students,Students in higher education (ISCED 5-8)
A,TE1026V,FR057C,2019,2216.0,,,FR057C,FR,,2019,higher_ed_students,Students in higher education (ISCED 5-8)
A,TE1026V,FR057C,2020,2321.0,,,FR057C,FR,,2020,higher_ed_students,Students in higher education (ISCED 5-8)
A,TE1026V,FR057C,2021,2414.0,,,FR057C,FR,,2021,higher_ed_students,Students in higher education (ISCED 5-8)
A,TE1026V,FR057C,2022,2465.0,,,FR057C,FR,,2022,higher_ed_students,Students in higher education (ISCED 5-8)
A,TE1026V,FR058C,2015,1681.0,,,FR058C,FR,,2015,higher_ed_students,Students in higher education (ISCED 5-8)
A,TE1026V,FR058C,2016,1732.0,,,FR058C,FR,,2016,higher_ed_students,Students in higher education (ISCED 5-8)
A,TE1026V,FR058C,2017,1843.0,,,FR058C,FR,,2017,higher_ed_students,Students in higher education (ISCED 5-8)
A,TE1026V,FR058C,2018,1791.0,,,FR058C,FR,,2018,higher_ed_students,Students in higher education (ISCED 5-8)
A,TE1026V,FR058C,2019,1866.0,,,FR058C,FR,,2019,higher_ed_students,Students in higher education (ISCED 5-8)
A,TE1026V,FR058C,2020,2072.0,,,FR058C,FR,,2020,higher_ed_students,Students in higher education (ISCED 5-8)
A,TE1026V,FR058C,2021,2176.0,,,FR058C,FR,,2021,higher_ed_students,Students in higher education (ISCED 5-8)
A,TE1026V,FR058C,2022,2102.0,,,FR058C,FR,,2022,higher_ed_students,Students in higher education (ISCED 5-8)
A,TE1026V,FR059C,2015,971.0,,,FR059C,FR,,2015,higher_ed_students,Students in higher education (ISCED 5-8)
A,TE1026V,FR059C,2016,1117.0,,,FR059C,FR,,2016,higher_ed_students,Students in higher education (ISCED 5-8)
A,TE1026V,FR059C,2017,1166.0,,,FR059C,FR,,2017,higher_ed_students,Students in higher education (ISCED 5-8)
A,TE1026V,FR059C,2018,1202.0,,,FR059C,FR,,2018,higher_ed_students,Students in higher education (ISCED 5-8)
A,TE1026V,FR059C,2019,1229.0,,,FR059C,FR,,2019,higher_ed_students,Students in higher education (ISCED 5-8)
A,TE1026V,FR059C,2020,1476.0,,,FR059C,FR,,2020,higher_ed_students,Students in higher education (ISCED 5-8)
A,TE1026V,FR059C,2021,1546.0,,,FR059C,FR,,2021,higher_ed_students,Students in higher education (ISCED 5-8)
A,TE1026V,FR059C,2022,1485.0,,,FR059C,FR,,2022,higher_ed_students,Students in higher education (ISCED 5-8)
A,TE1026V,FR060C,2015,4108.0,,,FR060C,FR,,2015,higher_ed_students,Students in higher education (ISCED 5-8)
A,TE1026V,FR060C,2016,4275.0,,,FR060C,FR,,2016,higher_ed_students,Students in higher education (ISCED 5-8)
A,TE1026V,FR060C,2017,4446.0,,,FR060C,FR,,2017,higher_ed_students,Students in higher education (ISCED 5-8)
A,TE1026V,FR060C,2018,4584.0,,,FR060C,FR,,2018,higher_ed_students,Students in higher education (ISCED 5-8)
A,TE1026V,FR060C,2019,4667.0,,,FR060C,FR,,2019,higher_ed_students,Students in higher education (ISCED 5-8)
A,TE1026V,FR060C,2020,5244.0,,,FR060C,FR,,2020,higher_ed_students,Students in higher education (ISCED 5-8)
A,TE1026V,FR060C,2021,5058.0,,,FR060C,FR,,2021,higher_ed_students,Students in higher education (ISCED 5-8)
A,TE1026V,FR060C,2022,4504.0,,,FR060C,FR,,2022,higher_ed_students,Students in higher education (ISCED 5-8)
A,TE1026V,FR061C,2015,3318.0,,,FR061C,FR,,2015,higher_ed_students,Students in higher education (ISCED 5-8)
A,TE1026V,FR061C,2016,3318.0,,,FR061C,FR,,2016,higher_ed_students,Students in higher education (ISCED 5-8)
A,TE1026V,FR061C,2017,3312.0,,,FR061C,FR,,2017,higher_ed_students,Students in higher education (ISCED 5-8)
A,TE1026V,FR061C,2018,3418.0,,,FR061C,FR,,2018,higher_ed_students,Students in higher education (ISCED 5-8)
A,TE1026V,FR061C,2019,3628.0,,,FR061C,FR,,2019,higher_ed_students,Students in higher education (ISCED 5-8)
A,TE1026V,FR061C,2020,3822.0,,,FR061C,FR,,2020,higher_ed_students,Students in higher education (ISCED 5-8)
A,TE1026V,FR061C,2021,4060.0,,,FR061C,FR,,2021,higher_ed_students,Students in higher education (ISCED 5-8)
A,TE1026V,FR061C,2022,3782.0,,,FR061C,FR,,2022,higher_ed_students,Students in higher education (ISCED 5-8)
A,TE1026V,FR062C,2015,218.0,,,FR062C,FR,,2015,higher_ed_students,Students in higher education (ISCED 5-8)
A,TE1026V,FR062C,2016,212.0,,,FR062C,FR,,2016,higher_ed_students,Students in higher education (ISCED 5-8)
A,TE1026V,FR062C,2017,348.0,,,FR062C,FR,,2017,higher_ed_students,Students in higher education (ISCED 5-8)
A,TE1026V,FR062C,2018,501.0,,,FR062C,FR,,2018,higher_ed_students,Students in higher education (ISCED 5-8)
A,TE1026V,FR062C,2019,450.0,,,FR062C,FR,,2019,higher_ed_students,Students in higher education (ISCED 5-8)
A,TE1026V,FR062C,2020,499.0,,,FR062C,FR,,2020,higher_ed_students,Students in higher education (ISCED 5-8)
A,TE1026V,FR062C,2021,648.0,,,FR062C,FR,,2021,higher_ed_students,Students in higher education (ISCED 5-8)
A,TE1026V,FR062C,2022,815.0,,,FR062C,FR,,2022,higher_ed_students,Students in higher education (ISCED 5-8)
A,TE1026V,FR063C,2015,2270.0,,,FR063C,FR,,2015,higher_ed_students,Students in higher education (ISCED 5-8)
A,TE1026V,FR063C,2016,2269.0,,,FR063C,FR,,2016,higher_ed_students,Students in higher education (ISCED 5-8)
A,TE1026V,FR063C,2017,2057.0,,,FR063C,FR,,2017,higher_ed_students,Students in higher education (ISCED 5-8)
A,TE1026V,FR063C,2018,2364.0,,,FR063C,FR,,2018,higher_ed_students,Students in higher education (ISCED 5-8)
A,TE1026V,FR063C,2019,2593.0,,,FR063C,FR,,2019,higher_ed_students,Students in higher education (ISCED 5-8)
A,TE1026V,FR063C,2020,2809.0,,,FR063C,FR,,2020,higher_ed_students,Students in higher education (ISCED 5-8)
A,TE1026V,FR063C,2021,2775.0,,,FR063C,FR,,2021,higher_ed_students,Students in higher education (ISCED 5-8)
A,TE1026V,FR063C,2022,2719.0,,,FR063C,FR,,2022,higher_ed_students,Students in higher education (ISCED 5-8)
A,TE1026V,FR064C,2015,8428.0,,,FR064C,FR,,2015,higher_ed_students,Students in higher education (ISCED 5-8)
A,TE1026V,FR064C,2016,8905.0,,,FR064C,FR,,2016,higher_ed_students,Students in higher education (ISCED 5-8)
A,TE1026V,FR064C,2017,9358.0,,,FR064C,FR,,2017,higher_ed_students,Students in higher education (ISCED 5-8)
A,TE1026V,FR064C,2018,9264.0,,,FR064C,FR,,2018,higher_ed_students,Students in higher education (ISCED 5-8)
A,TE1026V,FR064C,2019,9425.0,,,FR064C,FR,,2019,higher_ed_students,Students in higher education (ISCED 5-8)
A,TE1026V,FR064C,2020,9775.0,,,FR064C,FR,,2020,higher_ed_students,Students in higher education (ISCED 5-8)
A,TE1026V,FR064C,2021,9812.0,,,FR064C,FR,,2021,higher_ed_students,Students in higher education (ISCED 5-8)
A,TE1026V,FR064C,2022,8784.0,,,FR064C,FR,,2022,higher_ed_students,Students in higher education (ISCED 5-8)
A,TE1026V,FR065C,2015,2886.0,,,FR065C,FR,,2015,higher_ed_students,Students in higher education (ISCED 5-8)
A,TE1026V,FR065C,2016,2845.0,,,FR065C,FR,,2016,higher_ed_students,Students in higher education (ISCED 5-8)
A,TE1026V,FR065C,2017,2927.0,,,FR065C,FR,,2017,higher_ed_students,Students in higher education (ISCED 5-8)
A,TE1026V,FR065C,2018,3126.0,,,FR065C,FR,,2018,higher_ed_students,Students in higher education (ISCED 5-8)
A,TE1026V,FR065C,2019,3066.0,,,FR065C,FR,,2019,higher_ed_students,Students in higher education (ISCED 5-8)
A,TE1026V,FR065C,2020,3445.0,,,FR065C,FR,,2020,higher_ed_students,Students in higher education (ISCED 5-8)
A,TE1026V,FR065C,2021,3289.0,,,FR065C,FR,,2021,higher_ed_students,Students in higher education (ISCED 5-8)
A,TE1026V,FR065C,2022,3429.0,,,FR065C,FR,,2022,higher_ed_students,Students in higher education (ISCED 5-8)
A,TE1026V,FR066C,2015,446.0,,,FR066C,FR,,2015,higher_ed_students,Students in higher education (ISCED 5-8)
A,TE1026V,FR066C,2016,447.0,,,FR066C,FR,,2016,higher_ed_students,Students in higher education (ISCED 5-8)
A,TE1026V,FR066C,2017,482.0,,,FR066C,FR,,2017,higher_ed_students,Students in higher education (ISCED 5-8)
A,TE1026V,FR066C,2018,451.0,,,FR066C,FR,,2018,higher_ed_students,Students in higher education (ISCED 5-8)
A,TE1026V,FR066C,2019,447.0,,,FR066C,FR,,2019,higher_ed_students,Students in higher education (ISCED 5-8)
A,TE1026V,FR066C,2020,518.0,,,FR066C,FR,,2020,higher_ed_students,Students in higher education (ISCED 5-8)
A,TE1026V,FR066C,2021,476.0,,,FR066C,FR,,2021,higher_ed_students,Students in higher education (ISCED 5-8)
A,TE1026V,FR066C,2022,490.0,,,FR066C,FR,,2022,higher_ed_students,Students in higher education (ISCED 5-8)
A,TE1026V,FR067C,2015,992.0,,,FR067C,FR,,2015,higher_ed_students,Students in higher education (ISCED 5-8)
A,TE1026V,FR067C,2016,1005.0,,,FR067C,FR,,2016,higher_ed_students,Students in higher education (ISCED 5-8)
A,TE1026V,FR067C,2017,1071.0,,,FR067C,FR,,2017,higher_ed_students,Students in higher education (ISCED 5-8)
A,TE1026V,FR067C,2018,1000.0,,,FR067C,FR,,2018,higher_ed_students,Students in higher education (ISCED 5-8)
A,TE1026V,FR067C,2019,1065.0,,,FR067C,FR,,2019,higher_ed_students,Students in higher education (ISCED 5-8)
A,TE1026V,FR067C,2020,1296.0,,,FR067C,FR,,2020,higher_ed_students,Students in higher education (ISCED 5-8)
A,TE1026V,FR067C,2021,1304.0,,,FR067C,FR,,2021,higher_ed_students,Students in higher education (ISCED 5-8)
A,TE1026V,FR067C,2022,1183.0,,,FR067C,FR,,2022,higher_ed_students,Students in higher education (ISCED 5-8)
A,TE1026V,FR068C,2015,3545.0,,,FR068C,FR,,2015,higher_ed_students,Students in higher education (ISCED 5-8)
A,TE1026V,FR068C,2016,3617.0,,,FR068C,FR,,2016,higher_ed_students,Students in higher education (ISCED 5-8)
A,TE1026V,FR068C,2017,3693.0,,,FR068C,FR,,2017,higher_ed_students,Students in higher education (ISCED 5-8)
A,TE1026V,FR068C,2018,3688.0,,,FR068C,FR,,2018,higher_ed_students,Students in higher education (ISCED 5-8)
A,TE1026V,FR068C,2019,3869.0,,,FR068C,FR,,2019,higher_ed_students,Students in higher education (ISCED 5-8)
A,TE1026V,FR068C,2020,4121.0,,,FR068C,FR,,2020,higher_ed_students,Students in higher education (ISCED 5-8)
A,TE1026V,FR068C,2021,4174.0,,,FR068C,FR,,2021,higher_ed_students,Students in higher education (ISCED 5-8)
A,TE1026V,FR068C,2022,3880.0,,,FR068C,FR,,2022,higher_ed_students,Students in higher education (ISCED 5-8)
A,TE1026V,FR069C,2015,3219.0,,,FR069C,FR,,2015,higher_ed_students,Students in higher education (ISCED 5-8)
A,TE1026V,FR069C,2016,3234.0,,,FR069C,FR,,2016,higher_ed_students,Students in higher education (ISCED 5-8)
A,TE1026V,FR069C,2017,4057.0,,,FR069C,FR,,2017,higher_ed_students,Students in higher education (ISCED 5-8)
A,TE1026V,FR069C,2018,4037.0,,,FR069C,FR,,2018,higher_ed_students,Students in higher education (ISCED 5-8)
A,TE1026V,FR069C,2019,4015.0,,,FR069C,FR,,2019,higher_ed_students,Students in higher education (ISCED 5-8)
A,TE1026V,FR069C,2020,4486.0,,,FR069C,FR,,2020,higher_ed_students,Students in higher education (ISCED 5-8)
A,TE1026V,FR069C,2021,4414.0,,,FR069C,FR,,2021,higher_ed_students,Students in higher education (ISCED 5-8)
A,TE1026V,FR069C,2022,4654.0,,,FR069C,FR,,2022,higher_ed_students,Students in higher education (ISCED 5-8)
A,TE1026V,FR070C,2015,4609.0,,,FR070C,FR,,2015,higher_ed_students,Students in higher education (ISCED 5-8)
A,TE1026V,FR070C,2016,4645.0,,,FR070C,FR,,2016,higher_ed_students,Students in higher education (ISCED 5-8)
A,TE1026V,FR070C,2017,4728.0,,,FR070C,FR,,2017,higher_ed_students,Students in higher education (ISCED 5-8)
A,TE1026V,FR070C,2018,4903.0,,,FR070C,FR,,2018,higher_ed_students,Students in higher education (ISCED 5-8)
A,TE1026V,FR070C,2019,4783.0,,,FR070C,FR,,2019,higher_ed_students,Students in higher education (ISCED 5-8)
A,TE1026V,FR070C,2020,4980.0,,,FR070C,FR,,2020,higher_ed_students,Students in higher education (ISCED 5-8)
A,TE1026V,FR070C,2021,5056.0,,,FR070C,FR,,2021,higher_ed_students,Students in higher education (ISCED 5-8)
A,TE1026V,FR070C,2022,4805.0,,,FR070C,FR,,2022,higher_ed_students,Students in higher education (ISCED 5-8)
A,TE1026V,FR071C,2015,4257.0,,,FR071C,FR,,2015,higher_ed_students,Students in higher education (ISCED 5-8)
A,TE1026V,FR071C,2016,4100.0,,,FR071C,FR,,2016,higher_ed_students,Students in higher education (ISCED 5-8)
A,TE1026V,FR071C,2017,4108.0,,,FR071C,FR,,2017,higher_ed_students,Students in higher education (ISCED 5-8)
A,TE1026V,FR071C,2018,3989.0,,,FR071C,FR,,2018,higher_ed_students,Students in higher education (ISCED 5-8)
A,TE1026V,FR071C,2019,3889.0,,,FR071C,FR,,2019,higher_ed_students,Students in higher education (ISCED 5-8)
A,TE1026V,FR071C,2020,4188.0,,,FR071C,FR,,2020,higher_ed_students,Students in higher education (ISCED 5-8)
A,TE1026V,FR071C,2021,4289.0,,,FR071C,FR,,2021,higher_ed_students,Students in higher education (ISCED 5-8)
A,TE1026V,FR071C,2022,3717.0,,,FR071C,FR,,2022,higher_ed_students,Students in higher education (ISCED 5-8)
A,TE1026V,FR072C,2015,3336.0,,,FR072C,FR,,2015,higher_ed_students,Students in higher education (ISCED 5-8)
A,TE1026V,FR072C,2016,3621.0,,,FR072C,FR,,2016,higher_ed_students,Students in higher education (ISCED 5-8)
A,TE1026V,FR072C,2017,3833.0,,,FR072C,FR,,2017,higher_ed_students,Students in higher education (ISCED 5-8)
A,TE1026V,FR072C,2018,4147.0,,,FR072C,FR,,2018,higher_ed_students,Students in higher education (ISCED 5-8)
A,TE1026V,FR072C,2019,4364.0,,,FR072C,FR,,2019,higher_ed_students,Students in higher education (ISCED 5-8)
A,TE1026V,FR072C,2020,4787.0,,,FR072C,FR,,2020,higher_ed_students,Students in higher education (ISCED 5-8)
A,TE1026V,FR072C,2021,4802.0,,,FR072C,FR,,2021,higher_ed_students,Students in higher education (ISCED 5-8)
A,TE1026V,FR072C,2022,4218.0,,,FR072C,FR,,2022,higher_ed_students,Students in higher education (ISCED 5-8)
A,TE1026V,FR073C,2015,106.0,,,FR073C,FR,,2015,higher_ed_students,Students in higher education (ISCED 5-8)
A,TE1026V,FR073C,2016,110.0,,,FR073C,FR,,2016,higher_ed_students,Students in higher education (ISCED 5-8)
A,TE1026V,FR073C,2017,119.0,,,FR073C,FR,,2017,higher_ed_students,Students in higher education (ISCED 5-8)
A,TE1026V,FR073C,2018,118.0,,,FR073C,FR,,2018,higher_ed_students,Students in higher education (ISCED 5-8)
A,TE1026V,FR073C,2019,128.0,,,FR073C,FR,,2019,higher_ed_students,Students in higher education (ISCED 5-8)
A,TE1026V,FR073C,2020,128.0,,,FR073C,FR,,2020,higher_ed_students,Students in higher education (ISCED 5-8)
A,TE1026V,FR073C,2021,140.0,,,FR073C,FR,,2021,higher_ed_students,Students in higher education (ISCED 5-8)
A,TE1026V,FR073C,2022,155.0,,,FR073C,FR,,2022,higher_ed_students,Students in higher education (ISCED 5-8)
A,TE1026V,FR074C,2015,229.0,,,FR074C,FR,,2015,higher_ed_students,Students in higher education (ISCED 5-8)
A,TE1026V,FR074C,2016,231.0,,,FR074C,FR,,2016,higher_ed_students,Students in higher education (ISCED 5-8)
A,TE1026V,FR074C,2017,231.0,,,FR074C,FR,,2017,higher_ed_students,Students in higher education (ISCED 5-8)
A,TE1026V,FR074C,2018,246.0,,,FR074C,FR,,2018,higher_ed_students,Students in higher education (ISCED 5-8)
A,TE1026V,FR074C,2019,242.0,,,FR074C,FR,,2019,higher_ed_students,Students in higher education (ISCED 5-8)
A,TE1026V,FR074C,2020,234.0,,,FR074C,FR,,2020,higher_ed_students,Students in higher education (ISCED 5-8)
A,TE1026V,FR074C,2021,246.0,,,FR074C,FR,,2021,higher_ed_students,Students in higher education (ISCED 5-8)
A,TE1026V,FR074C,2022,236.0,,,FR074C,FR,,2022,higher_ed_students,Students in higher education (ISCED 5-8)
A,TE1026V,FR075C,2015,6440.0,,,FR075C,FR,,2015,higher_ed_students,Students in higher education (ISCED 5-8)
A,TE1026V,FR075C,2016,6472.0,,,FR075C,FR,,2016,higher_ed_students,Students in higher education (ISCED 5-8)
A,TE1026V,FR075C,2017,6636.0,,,FR075C,FR,,2017,higher_ed_students,Students in higher education (ISCED 5-8)
A,TE1026V,FR075C,2018,7007.0,,,FR075C,FR,,2018,higher_ed_students,Students in higher education (ISCED 5-8)
A,TE1026V,FR075C,2019,6926.0,,,FR075C,FR,,2019,higher_ed_students,Students in higher education (ISCED 5-8)
A,TE1026V,FR075C,2020,8047.0,,,FR075C,FR,,2020,higher_ed_students,Students in higher education (ISCED 5-8)
A,TE1026V,FR075C,2021,8298.0,,,FR075C,FR,,2021,higher_ed_students,Students in higher education (ISCED 5-8)
A,TE1026V,FR075C,2022,7421.0,,,FR075C,FR,,2022,higher_ed_students,Students in higher education (ISCED 5-8)
A,TE1026V,FR076C,2015,515.0,,,FR076C,FR,,2015,higher_ed_students,Students in higher education (ISCED 5-8)
A,TE1026V,FR076C,2016,490.0,,,FR076C,FR,,2016,higher_ed_students,Students in higher education (ISCED 5-8)
A,TE1026V,FR076C,2017,503.0,,,FR076C,FR,,2017,higher_ed_students,Students in higher education (ISCED 5-8)
A,TE1026V,FR076C,2018,480.0,,,FR076C,FR,,2018,higher_ed_students,Students in higher education (ISCED 5-8)
A,TE1026V,FR076C,2019,454.0,,,FR076C,FR,,2019,higher_ed_students,Students in higher education (ISCED 5-8)
A,TE1026V,FR076C,2020,717.0,,,FR076C,FR,,2020,higher_ed_students,Students in higher education (ISCED 5-8)
A,TE1026V,FR076C,2021,797.0,,,FR076C,FR,,2021,higher_ed_students,Students in higher education (ISCED 5-8)
A,TE1026V,FR076C,2022,825.0,,,FR076C,FR,,2022,higher_ed_students,Students in higher education (ISCED 5-8)
A,TE1026V,FR077C,2015,227.0,,,FR077C,FR,,2015,higher_ed_students,Students in higher education (ISCED 5-8)
A,TE1026V,FR077C,2016,215.0,,,FR077C,FR,,2016,higher_ed_students,Students in higher education (ISCED 5-8)
A,TE1026V,FR077C,2017,228.0,,,FR077C,FR,,2017,higher_ed_students,Students in higher education (ISCED 5-8)
A,TE1026V,FR077C,2018,207.0,,,FR077C,FR,,2018,higher_ed_students,Students in higher education (ISCED 5-8)
A,TE1026V,FR077C,2019,223.0,,,FR077C,FR,,2019,higher_ed_students,Students in higher education (ISCED 5-8)
A,TE1026V,FR077C,2020,311.0,,,FR077C,FR,,2020,higher_ed_students,Students in higher education (ISCED 5-8)
A,TE1026V,FR077C,2021,249.0,,,FR077C,FR,,2021,higher_ed_students,Students in higher education (ISCED 5-8)
A,TE1026V,FR077C,2022,239.0,,,FR077C,FR,,2022,higher_ed_students,Students in higher education (ISCED 5-8)
A,TE1026V,HR001C,2015,74490.0,,,HR001C,HR,,2015,higher_ed_students,Students in higher education (ISCED 5-8)
A,TE1026V,HR001C,2016,74266.0,,,HR001C,HR,,2016,higher_ed_students,Students in higher education (ISCED 5-8)
A,TE1026V,HR001C,2017,74142.0,,,HR001C,HR,,2017,higher_ed_students,Students in higher education (ISCED 5-8)
A,TE1026V,HR001C,2018,75489.0,,,HR001C,HR,,2018,higher_ed_students,Students in higher education (ISCED 5-8)
A,TE1026V,HR001C,2019,78913.0,,,HR001C,HR,,2019,higher_ed_students,Students in higher education (ISCED 5-8)
A,TE1026V,HR001C,2020,77921.0,,,HR001C,HR,,2020,higher_ed_students,Students in higher education (ISCED 5-8)
A,TE1026V,HR001C,2021,78826.0,,,HR001C,HR,,2021,higher_ed_students,Students in higher education (ISCED 5-8)
A,TE1026V,HR001C,2022,79510.0,,,HR001C,HR,,2022,higher_ed_students,Students in higher education (ISCED 5-8)
A,TE1026V,HR002C,2015,16027.0,,,HR002C,HR,,2015,higher_ed_students,Students in higher education (ISCED 5-8)
A,TE1026V,HR002C,2016,15597.0,,,HR002C,HR,,2016,higher_ed_students,Students in higher education (ISCED 5-8)
A,TE1026V,HR002C,2017,15568.0,,,HR002C,HR,,2017,higher_ed_students,Students in higher education (ISCED 5-8)
A,TE1026V,HR002C,2018,15141.0,,,HR002C,HR,,2018,higher_ed_students,Students in higher education (ISCED 5-8)
A,TE1026V,HR002C,2019,15588.0,,,HR002C,HR,,2019,higher_ed_students,Students in higher education (ISCED 5-8)
A,TE1026V,HR002C,2020,15462.0,,,HR002C,HR,,2020,higher_ed_students,Students in higher education (ISCED 5-8)
A,TE1026V,HR002C,2021,15164.0,,,HR002C,HR,,2021,higher_ed_students,Students in higher education (ISCED 5-8)
A,TE1026V,HR002C,2022,14898.0,,,HR002C,HR,,2022,higher_ed_students,Students in higher education (ISCED 5-8)
A,TE1026V,HR003C,2015,2324.0,,,HR003C,HR,,2015,higher_ed_students,Students in higher education (ISCED 5-8)
A,TE1026V,HR003C,2016,2452.0,,,HR003C,HR,,2016,higher_ed_students,Students in higher education (ISCED 5-8)
A,TE1026V,HR003C,2017,2543.0,,,HR003C,HR,,2017,higher_ed_students,Students in higher education (ISCED 5-8)
A,TE1026V,HR003C,2018,2596.0,,,HR003C,HR,,2018,higher_ed_students,Students in higher education (ISCED 5-8)
A,TE1026V,HR003C,2019,2616.0,,,HR003C,HR,,2019,higher_ed_students,Students in higher education (ISCED 5-8)
A,TE1026V,HR003C,2020,2544.0,,,HR003C,HR,,2020,higher_ed_students,Students in higher education (ISCED 5-8)
A,TE1026V,HR003C,2021,2370.0,,,HR003C,HR,,2021,higher_ed_students,Students in higher education (ISCED 5-8)
A,TE1026V,HR003C,2022,2300.0,,,HR003C,HR,,2022,higher_ed_students,Students in higher education (ISCED 5-8)
A,TE1026V,HR004C,2015,15480.0,,,HR004C,HR,,2015,higher_ed_students,Students in higher education (ISCED 5-8)
A,TE1026V,HR004C,2016,14636.0,,,HR004C,HR,,2016,higher_ed_students,Students in higher education (ISCED 5-8)
A,TE1026V,HR004C,2017,14382.0,,,HR004C,HR,,2017,higher_ed_students,Students in higher education (ISCED 5-8)
A,TE1026V,HR004C,2018,13106.0,,,HR004C,HR,,2018,higher_ed_students,Students in higher education (ISCED 5-8)
A,TE1026V,HR004C,2019,14435.0,,,HR004C,HR,,2019,higher_ed_students,Students in higher education (ISCED 5-8)
A,TE1026V,HR004C,2020,13940.0,,,HR004C,HR,,2020,higher_ed_students,Students in higher education (ISCED 5-8)
A,TE1026V,HR004C,2021,13854.0,,,HR004C,HR,,2021,higher_ed_students,Students in higher education (ISCED 5-8)
A,TE1026V,HR004C,2022,14036.0,,,HR004C,HR,,2022,higher_ed_students,Students in higher education (ISCED 5-8)
A,TE1026V,HR005C,2015,19930.0,,,HR005C,HR,,2015,higher_ed_students,Students in higher education (ISCED 5-8)
A,TE1026V,HR005C,2016,19470.0,,,HR005C,HR,,2016,higher_ed_students,Students in higher education (ISCED 5-8)
A,TE1026V,HR005C,2017,19247.0,,,HR005C,HR,,2017,higher_ed_students,Students in higher education (ISCED 5-8)
A,TE1026V,HR005C,2018,18947.0,,,HR005C,HR,,2018,higher_ed_students,Students in higher education (ISCED 5-8)
A,TE1026V,HR005C,2019,19232.0,,,HR005C,HR,,2019,higher_ed_students,Students in higher education (ISCED 5-8)
A,TE1026V,HR005C,2020,19018.0,,,HR005C,HR,,2020,higher_ed_students,Students in higher education (ISCED 5-8)
A,TE1026V,HR005C,2021,18666.0,,,HR005C,HR,,2021,higher_ed_students,Students in higher education (ISCED 5-8)
A,TE1026V,HR005C,2022,18359.0,,,HR005C,HR,,2022,higher_ed_students,Students in higher education (ISCED 5-8)
A,TE1026V,HR006C,2015,3688.0,,,HR006C,HR,,2015,higher_ed_students,Students in higher education (ISCED 5-8)
A,TE1026V,HR006C,2016,3957.0,,,HR006C,HR,,2016,higher_ed_students,Students in higher education (ISCED 5-8)
A,TE1026V,HR006C,2017,4018.0,,,HR006C,HR,,2017,higher_ed_students,Students in higher education (ISCED 5-8)
A,TE1026V,HR006C,2018,3893.0,,,HR006C,HR,,2018,higher_ed_students,Students in higher education (ISCED 5-8)
A,TE1026V,HR006C,2019,3906.0,,,HR006C,HR,,2019,higher_ed_students,Students in higher education (ISCED 5-8)
A,TE1026V,HR006C,2020,3475.0,,,HR006C,HR,,2020,higher_ed_students,Students in higher education (ISCED 5-8)
A,TE1026V,HR006C,2021,3385.0,,,HR006C,HR,,2021,higher_ed_students,Students in higher education (ISCED 5-8)
A,TE1026V,HR006C,2022,3418.0,,,HR006C,HR,,2022,higher_ed_students,Students in higher education (ISCED 5-8)
A,TE1026V,HR007C,2015,4710.0,,,HR007C,HR,,2015,higher_ed_students,Students in higher education (ISCED 5-8)
A,TE1026V,HR007C,2016,5148.0,,,HR007C,HR,,2016,higher_ed_students,Students in higher education (ISCED 5-8)
A,TE1026V,HR007C,2017,5243.0,,,HR007C,HR,,2017,higher_ed_students,Students in higher education (ISCED 5-8)
A,TE1026V,HR007C,2018,5260.0,,,HR007C,HR,,2018,higher_ed_students,Students in higher education (ISCED 5-8)
A,TE1026V,HR007C,2019,5477.0,,,HR007C,HR,,2019,higher_ed_students,Students in higher education (ISCED 5-8)
A,TE1026V,HR007C,2020,5210.0,,,HR007C,HR,,2020,higher_ed_students,Students in higher education (ISCED 5-8)
A,TE1026V,HR007C,2021,4999.0,,,HR007C,HR,,2021,higher_ed_students,Students in higher education (ISCED 5-8)
A,TE1026V,HR007C,2022,4963.0,,,HR007C,HR,,2022,higher_ed_students,Students in higher education (ISCED 5-8)
A,TE1026V,HU,2015,295316.0,,,HU,HU,,2015,higher_ed_students,Students in higher education (ISCED 5-8)
A,TE1026V,HU,2016,202008.0,,,HU,HU,,2016,higher_ed_students,Students in higher education (ISCED 5-8)
A,TE1026V,HU,2017,195745.0,,,HU,HU,,2017,higher_ed_students,Students in higher education (ISCED 5-8)
A,TE1026V,HU,2018,192439.0,,,HU,HU,,2018,higher_ed_students,Students in higher education (ISCED 5-8)
A,TE1026V,HU001C,2015,151036.0,,,HU001C,HU,,2015,higher_ed_students,Students in higher education (ISCED 5-8)
A,TE1026V,HU001C,2016,149157.0,,,HU001C,HU,,2016,higher_ed_students,Students in higher education (ISCED 5-8)
A,TE1026V,HU001C,2017,103568.0,,,HU001C,HU,,2017,higher_ed_students,Students in higher education (ISCED 5-8)
A,TE1026V,HU001C,2018,102953.0,,,HU001C,HU,,2018,higher_ed_students,Students in higher education (ISCED 5-8)
A,TE1026V,HU001C,2019,150326.0,,,HU001C,HU,,2019,higher_ed_students,Students in higher education (ISCED 5-8)
A,TE1026V,HU001C,2020,152219.0,,,HU001C,HU,,2020,higher_ed_students,Students in higher education (ISCED 5-8)
A,TE1026V,HU001C,2021,156220.0,,,HU001C,HU,,2021,higher_ed_students,Students in higher education (ISCED 5-8)
A,TE1026V,HU001C,2022,155223.0,,,HU001C,HU,,2022,higher_ed_students,Students in higher education (ISCED 5-8)
A,TE1026V,HU001C,2023,162004.0,,,HU001C,HU,,2023,higher_ed_students,Students in higher education (ISCED 5-8)
A,TE1026V,HU002C,2015,9513.0,,,HU002C,HU,,2015,higher_ed_students,Students in higher education (ISCED 5-8)
A,TE1026V,HU002C,2016,9527.0,,,HU002C,HU,,2016,higher_ed_students,Students in higher education (ISCED 5-8)
A,TE1026V,HU002C,2017,6417.0,,,HU002C,HU,,2017,higher_ed_students,Students in higher education (ISCED 5-8)
A,TE1026V,HU002C,2018,6108.0,,,HU002C,HU,,2018,higher_ed_students,Students in higher education (ISCED 5-8)
A,TE1026V,HU002C,2019,8975.0,,,HU002C,HU,,2019,higher_ed_students,Students in higher education (ISCED 5-8)
A,TE1026V,HU002C,2020,8921.0,,,HU002C,HU,,2020,higher_ed_students,Students in higher education (ISCED 5-8)
A,TE1026V,HU002C,2021,8870.0,,,HU002C,HU,,2021,higher_ed_students,Students in higher education (ISCED 5-8)
A,TE1026V,HU002C,2022,8726.0,,,HU002C,HU,,2022,higher_ed_students,Students in higher education (ISCED 5-8)
A,TE1026V,HU002C,2023,10155.0,,,HU002C,HU,,2023,higher_ed_students,Students in higher education (ISCED 5-8)
A,TE1026V,HU003C,2015,5496.0,,,HU003C,HU,,2015,higher_ed_students,Students in higher education (ISCED 5-8)
A,TE1026V,HU003C,2016,5316.0,,,HU003C,HU,,2016,higher_ed_students,Students in higher education (ISCED 5-8)
A,TE1026V,HU003C,2017,3958.0,,,HU003C,HU,,2017,higher_ed_students,Students in higher education (ISCED 5-8)
A,TE1026V,HU003C,2018,3956.0,,,HU003C,HU,,2018,higher_ed_students,Students in higher education (ISCED 5-8)
A,TE1026V,HU003C,2019,5121.0,,,HU003C,HU,,2019,higher_ed_students,Students in higher education (ISCED 5-8)
A,TE1026V,HU003C,2020,4858.0,,,HU003C,HU,,2020,higher_ed_students,Students in higher education (ISCED 5-8)
A,TE1026V,HU003C,2021,4585.0,,,HU003C,HU,,2021,higher_ed_students,Students in higher education (ISCED 5-8)
A,TE1026V,HU003C,2022,4475.0,,,HU003C,HU,,2022,higher_ed_students,Students in higher education (ISCED 5-8)
A,TE1026V,HU003C,2023,5592.0,,,HU003C,HU,,2023,higher_ed_students,Students in higher education (ISCED 5-8)
A,TE1026V,HU004C,2015,18372.0,,,HU004C,HU,,2015,higher_ed_students,Students in higher education (ISCED 5-8)
A,TE1026V,HU004C,2016,17985.0,,,HU004C,HU,,2016,higher_ed_students,Students in higher education (ISCED 5-8)
A,TE1026V,HU004C,2017,9053.0,,,HU004C,HU,,2017,higher_ed_students,Students in higher education (ISCED 5-8)
A,TE1026V,HU004C,2018,9233.0,,,HU004C,HU,,2018,higher_ed_students,Students in higher education (ISCED 5-8)
A,TE1026V,HU004C,2019,18540.0,,,HU004C,HU,,2019,higher_ed_students,Students in higher education (ISCED 5-8)
A,TE1026V,HU004C,2020,19223.0,,,HU004C,HU,,2020,higher_ed_students,Students in higher education (ISCED 5-8)
A,TE1026V,HU004C,2021,20327.0,,,HU004C,HU,,2021,higher_ed_students,Students in higher education (ISCED 5-8)
A,TE1026V,HU004C,2022,20556.0,,,HU004C,HU,,2022,higher_ed_students,Students in higher education (ISCED 5-8)
A,TE1026V,HU004C,2023,21321.0,,,HU004C,HU,,2023,higher_ed_students,Students in higher education (ISCED 5-8)
A,TE1026V,HU005C,2015,25386.0,,,HU005C,HU,,2015,higher_ed_students,Students in higher education (ISCED 5-8)
A,TE1026V,HU005C,2016,24571.0,,,HU005C,HU,,2016,higher_ed_students,Students in higher education (ISCED 5-8)
A,TE1026V,HU005C,2017,14500.0,,,HU005C,HU,,2017,higher_ed_students,Students in higher education (ISCED 5-8)
A,TE1026V,HU005C,2018,14251.0,,,HU005C,HU,,2018,higher_ed_students,Students in higher education (ISCED 5-8)
A,TE1026V,HU005C,2019,25256.0,,,HU005C,HU,,2019,higher_ed_students,Students in higher education (ISCED 5-8)
A,TE1026V,HU005C,2020,25919.0,,,HU005C,HU,,2020,higher_ed_students,Students in higher education (ISCED 5-8)
A,TE1026V,HU005C,2021,26813.0,,,HU005C,HU,,2021,higher_ed_students,Students in higher education (ISCED 5-8)
A,TE1026V,HU005C,2022,26853.0,,,HU005C,HU,,2022,higher_ed_students,Students in higher education (ISCED 5-8)
A,TE1026V,HU005C,2023,27335.0,,,HU005C,HU,,2023,higher_ed_students,Students in higher education (ISCED 5-8)
A,TE1026V,HU006C,2015,22393.0,,,HU006C,HU,,2015,higher_ed_students,Students in higher education (ISCED 5-8)
A,TE1026V,HU006C,2016,21473.0,,,HU006C,HU,,2016,higher_ed_students,Students in higher education (ISCED 5-8)
A,TE1026V,HU006C,2017,12235.0,,,HU006C,HU,,2017,higher_ed_students,Students in higher education (ISCED 5-8)
A,TE1026V,HU006C,2018,11933.0,,,HU006C,HU,,2018,higher_ed_students,Students in higher education (ISCED 5-8)
A,TE1026V,HU006C,2019,20625.0,,,HU006C,HU,,2019,higher_ed_students,Students in higher education (ISCED 5-8)
A,TE1026V,HU006C,2020,21483.0,,,HU006C,HU,,2020,higher_ed_students,Students in higher education (ISCED 5-8)
A,TE1026V,HU006C,2021,21595.0,,,HU006C,HU,,2021,higher_ed_students,Students in higher education (ISCED 5-8)
A,TE1026V,HU006C,2022,21341.0,,,HU006C,HU,,2022,higher_ed_students,Students in higher education (ISCED 5-8)
A,TE1026V,HU006C,2023,23343.0,,,HU006C,HU,,2023,higher_ed_students,Students in higher education (ISCED 5-8)
A,TE1026V,HU007C,2015,12600.0,,,HU007C,HU,,2015,higher_ed_students,Students in higher education (ISCED 5-8)
A,TE1026V,HU007C,2016,12046.0,,,HU007C,HU,,2016,higher_ed_students,Students in higher education (ISCED 5-8)
A,TE1026V,HU007C,2017,9291.0,,,HU007C,HU,,2017,higher_ed_students,Students in higher education (ISCED 5-8)
A,TE1026V,HU007C,2018,9277.0,,,HU007C,HU,,2018,higher_ed_students,Students in higher education (ISCED 5-8)
A,TE1026V,HU007C,2019,11831.0,,,HU007C,HU,,2019,higher_ed_students,Students in higher education (ISCED 5-8)
A,TE1026V,HU007C,2020,11628.0,,,HU007C,HU,,2020,higher_ed_students,Students in higher education (ISCED 5-8)
A,TE1026V,HU007C,2021,11786.0,,,HU007C,HU,,2021,higher_ed_students,Students in higher education (ISCED 5-8)
A,TE1026V,HU007C,2022,11522.0,,,HU007C,HU,,2022,higher_ed_students,Students in higher education (ISCED 5-8)
A,TE1026V,HU007C,2023,12659.0,,,HU007C,HU,,2023,higher_ed_students,Students in higher education (ISCED 5-8)
A,TE1026V,HU008C,2015,3702.0,,,HU008C,HU,,2015,higher_ed_students,Students in higher education (ISCED 5-8)
A,TE1026V,HU008C,2016,3598.0,,,HU008C,HU,,2016,higher_ed_students,Students in higher education (ISCED 5-8)
A,TE1026V,HU008C,2017,3348.0,,,HU008C,HU,,2017,higher_ed_students,Students in higher education (ISCED 5-8)
A,TE1026V,HU008C,2018,3209.0,,,HU008C,HU,,2018,higher_ed_students,Students in higher education (ISCED 5-8)
A,TE1026V,HU008C,2019,3542.0,,,HU008C,HU,,2019,higher_ed_students,Students in higher education (ISCED 5-8)
A,TE1026V,HU008C,2020,3477.0,,,HU008C,HU,,2020,higher_ed_students,Students in higher education (ISCED 5-8)
A,TE1026V,HU008C,2021,3437.0,,,HU008C,HU,,2021,higher_ed_students,Students in higher education (ISCED 5-8)
A,TE1026V,HU008C,2022,3415.0,,,HU008C,HU,,2022,higher_ed_students,Students in higher education (ISCED 5-8)
A,TE1026V,HU008C,2023,4171.0,,,HU008C,HU,,2023,higher_ed_students,Students in higher education (ISCED 5-8)
A,TE1026V,HU009C,2015,1240.0,,,HU009C,HU,,2015,higher_ed_students,Students in higher education (ISCED 5-8)
A,TE1026V,HU009C,2016,1130.0,,,HU009C,HU,,2016,higher_ed_students,Students in higher education (ISCED 5-8)
A,TE1026V,HU009C,2017,1082.0,,,HU009C,HU,,2017,higher_ed_students,Students in higher education (ISCED 5-8)
A,TE1026V,HU009C,2018,1170.0,,,HU009C,HU,,2018,higher_ed_students,Students in higher education (ISCED 5-8)
A,TE1026V,HU009C,2019,1456.0,,,HU009C,HU,,2019,higher_ed_students,Students in higher education (ISCED 5-8)
A,TE1026V,HU009C,2020,1650.0,,,HU009C,HU,,2020,higher_ed_students,Students in higher education (ISCED 5-8)
A,TE1026V,HU009C,2021,1623.0,,,HU009C,HU,,2021,higher_ed_students,Students in higher education (ISCED 5-8)
A,TE1026V,HU009C,2022,1406.0,,,HU009C,HU,,2022,higher_ed_students,Students in higher education (ISCED 5-8)
A,TE1026V,HU009C,2023,1453.0,,,HU009C,HU,,2023,higher_ed_students,Students in higher education (ISCED 5-8)
A,TE1026V,HU010C,2015,2478.0,,,HU010C,HU,,2015,higher_ed_students,Students in higher education (ISCED 5-8)
A,TE1026V,HU010C,2016,2378.0,,,HU010C,HU,,2016,higher_ed_students,Students in higher education (ISCED 5-8)
A,TE1026V,HU010C,2017,1485.0,,,HU010C,HU,,2017,higher_ed_students,Students in higher education (ISCED 5-8)
A,TE1026V,HU010C,2018,1531.0,,,HU010C,HU,,2018,higher_ed_students,Students in higher education (ISCED 5-8)
A,TE1026V,HU010C,2019,2176.0,,,HU010C,HU,,2019,higher_ed_students,Students in higher education (ISCED 5-8)
A,TE1026V,HU010C,2020,2269.0,,,HU010C,HU,,2020,higher_ed_students,Students in higher education (ISCED 5-8)
A,TE1026V,HU010C,2021,2315.0,,,HU010C,HU,,2021,higher_ed_students,Students in higher education (ISCED 5-8)
A,TE1026V,HU010C,2022,2328.0,,,HU010C,HU,,2022,higher_ed_students,Students in higher education (ISCED 5-8)
A,TE1026V,HU010C,2023,2576.0,,,HU010C,HU,,2023,higher_ed_students,Students in higher education (ISCED 5-8)
A,TE1026V,HU011C,2015,1111.0,,,HU011C,HU,,2015,higher_ed_students,Students in higher education (ISCED 5-8)
A,TE1026V,HU011C,2016,956.0,,,HU011C,HU,,2016,higher_ed_students,Students in higher education (ISCED 5-8)
A,TE1026V,HU011C,2017,770.0,,,HU011C,HU,,2017,higher_ed_students,Students in higher education (ISCED 5-8)
A,TE1026V,HU011C,2018,687.0,,,HU011C,HU,,2018,higher_ed_students,Students in higher education (ISCED 5-8)
A,TE1026V,HU011C,2019,655.0,,,HU011C,HU,,2019,higher_ed_students,Students in higher education (ISCED 5-8)
A,TE1026V,HU011C,2020,556.0,,,HU011C,HU,,2020,higher_ed_students,Students in higher education (ISCED 5-8)
A,TE1026V,HU011C,2021,665.0,,,HU011C,HU,,2021,higher_ed_students,Students in higher education (ISCED 5-8)
A,TE1026V,HU011C,2022,727.0,,,HU011C,HU,,2022,higher_ed_students,Students in higher education (ISCED 5-8)
A,TE1026V,HU011C,2023,917.0,,,HU011C,HU,,2023,higher_ed_students,Students in higher education (ISCED 5-8)
A,TE1026V,HU012C,2015,405.0,,,HU012C,HU,,2015,higher_ed_students,Students in higher education (ISCED 5-8)
A,TE1026V,HU012C,2016,350.0,,,HU012C,HU,,2016,higher_ed_students,Students in higher education (ISCED 5-8)
A,TE1026V,HU012C,2017,327.0,,,HU012C,HU,,2017,higher_ed_students,Students in higher education (ISCED 5-8)
A,TE1026V,HU012C,2018,360.0,,,HU012C,HU,,2018,higher_ed_students,Students in higher education (ISCED 5-8)
A,TE1026V,HU012C,2019,374.0,,,HU012C,HU,,2019,higher_ed_students,Students in higher education (ISCED 5-8)
A,TE1026V,HU012C,2020,333.0,,,HU012C,HU,,2020,higher_ed_students,Students in higher education (ISCED 5-8)
A,TE1026V,HU012C,2021,351.0,,,HU012C,HU,,2021,higher_ed_students,Students in higher education (ISCED 5-8)
A,TE1026V,HU012C,2022,360.0,,,HU012C,HU,,2022,higher_ed_students,Students in higher education (ISCED 5-8)
A,TE1026V,HU012C,2023,615.0,,,HU012C,HU,,2023,higher_ed_students,Students in higher education (ISCED 5-8)
A,TE1026V,HU013C,2015,4810.0,,,HU013C,HU,,2015,higher_ed_students,Students in higher education (ISCED 5-8)
A,TE1026V,HU013C,2016,4594.0,,,HU013C,HU,,2016,higher_ed_students,Students in higher education (ISCED 5-8)
A,TE1026V,HU013C,2017,3343.0,,,HU013C,HU,,2017,higher_ed_students,Students in higher education (ISCED 5-8)
A,TE1026V,HU013C,2018,3447.0,,,HU013C,HU,,2018,higher_ed_students,Students in higher education (ISCED 5-8)
A,TE1026V,HU013C,2019,4573.0,,,HU013C,HU,,2019,higher_ed_students,Students in higher education (ISCED 5-8)
A,TE1026V,HU013C,2020,4594.0,,,HU013C,HU,,2020,higher_ed_students,Students in higher education (ISCED 5-8)
A,TE1026V,HU013C,2021,4551.0,,,HU013C,HU,,2021,higher_ed_students,Students in higher education (ISCED 5-8)
A,TE1026V,HU013C,2022,4176.0,,,HU013C,HU,,2022,higher_ed_students,Students in higher education (ISCED 5-8)
A,TE1026V,HU013C,2023,4816.0,,,HU013C,HU,,2023,higher_ed_students,Students in higher education (ISCED 5-8)
A,TE1026V,HU014C,2015,387.0,,,HU014C,HU,,2015,higher_ed_students,Students in higher education (ISCED 5-8)
A,TE1026V,HU014C,2016,379.0,,,HU014C,HU,,2016,higher_ed_students,Students in higher education (ISCED 5-8)
A,TE1026V,HU014C,2017,322.0,,,HU014C,HU,,2017,higher_ed_students,Students in higher education (ISCED 5-8)
A,TE1026V,HU014C,2018,221.0,,,HU014C,HU,,2018,higher_ed_students,Students in higher education (ISCED 5-8)
A,TE1026V,HU014C,2019,215.0,,,HU014C,HU,,2019,higher_ed_students,Students in higher education (ISCED 5-8)
A,TE1026V,HU014C,2020,238.0,,,HU014C,HU,,2020,higher_ed_students,Students in higher education (ISCED 5-8)
A,TE1026V,HU014C,2021,235.0,,,HU014C,HU,,2021,higher_ed_students,Students in higher education (ISCED 5-8)
A,TE1026V,HU014C,2022,271.0,,,HU014C,HU,,2022,higher_ed_students,Students in higher education (ISCED 5-8)
A,TE1026V,HU014C,2023,402.0,,,HU014C,HU,,2023,higher_ed_students,Students in higher education (ISCED 5-8)
A,TE1026V,HU015C,2015,3053.0,,,HU015C,HU,,2015,higher_ed_students,Students in higher education (ISCED 5-8)
A,TE1026V,HU015C,2016,3144.0,,,HU015C,HU,,2016,higher_ed_students,Students in higher education (ISCED 5-8)
A,TE1026V,HU015C,2017,2880.0,,,HU015C,HU,,2017,higher_ed_students,Students in higher education (ISCED 5-8)
A,TE1026V,HU015C,2018,2801.0,,,HU015C,HU,,2018,higher_ed_students,Students in higher education (ISCED 5-8)
A,TE1026V,HU015C,2019,3121.0,,,HU015C,HU,,2019,higher_ed_students,Students in higher education (ISCED 5-8)
A,TE1026V,HU015C,2020,2955.0,,,HU015C,HU,,2020,higher_ed_students,Students in higher education (ISCED 5-8)
A,TE1026V,HU015C,2021,2804.0,,,HU015C,HU,,2021,higher_ed_students,Students in higher education (ISCED 5-8)
A,TE1026V,HU015C,2022,2506.0,,,HU015C,HU,,2022,higher_ed_students,Students in higher education (ISCED 5-8)
A,TE1026V,HU015C,2023,2600.0,,,HU015C,HU,,2023,higher_ed_students,Students in higher education (ISCED 5-8)
A,TE1026V,HU016C,2015,6048.0,,,HU016C,HU,,2015,higher_ed_students,Students in higher education (ISCED 5-8)
A,TE1026V,HU016C,2016,5769.0,,,HU016C,HU,,2016,higher_ed_students,Students in higher education (ISCED 5-8)
A,TE1026V,HU016C,2017,3857.0,,,HU016C,HU,,2017,higher_ed_students,Students in higher education (ISCED 5-8)
A,TE1026V,HU016C,2018,3772.0,,,HU016C,HU,,2018,higher_ed_students,Students in higher education (ISCED 5-8)
A,TE1026V,HU016C,2019,5768.0,,,HU016C,HU,,2019,higher_ed_students,Students in higher education (ISCED 5-8)
A,TE1026V,HU016C,2020,5598.0,,,HU016C,HU,,2020,higher_ed_students,Students in higher education (ISCED 5-8)
A,TE1026V,HU016C,2021,5884.0,,,HU016C,HU,,2021,higher_ed_students,Students in higher education (ISCED 5-8)
A,TE1026V,HU016C,2022,5630.0,,,HU016C,HU,,2022,higher_ed_students,Students in higher education (ISCED 5-8)
A,TE1026V,HU016C,2023,6213.0,,,HU016C,HU,,2023,higher_ed_students,Students in higher education (ISCED 5-8)
A,TE1026V,HU017C,2015,1884.0,,,HU017C,HU,,2015,higher_ed_students,Students in higher education (ISCED 5-8)
A,TE1026V,HU017C,2016,1716.0,,,HU017C,HU,,2016,higher_ed_students,Students in higher education (ISCED 5-8)
A,TE1026V,HU017C,2017,1519.0,,,HU017C,HU,,2017,higher_ed_students,Students in higher education (ISCED 5-8)
A,TE1026V,HU017C,2018,1303.0,,,HU017C,HU,,2018,higher_ed_students,Students in higher education (ISCED 5-8)
A,TE1026V,HU017C,2019,1559.0,,,HU017C,HU,,2019,higher_ed_students,Students in higher education (ISCED 5-8)
A,TE1026V,HU017C,2020,1607.0,,,HU017C,HU,,2020,higher_ed_students,Students in higher education (ISCED 5-8)
A,TE1026V,HU017C,2021,1647.0,,,HU017C,HU,,2021,higher_ed_students,Students in higher education (ISCED 5-8)
A,TE1026V,HU017C,2022,1816.0,,,HU017C,HU,,2022,higher_ed_students,Students in higher education (ISCED 5-8)
A,TE1026V,HU017C,2023,2885.0,,,HU017C,HU,,2023,higher_ed_students,Students in higher education (ISCED 5-8)
A,TE1026V,HU018C,2015,1027.0,,,HU018C,HU,,2015,higher_ed_students,Students in higher education (ISCED 5-8)
A,TE1026V,HU018C,2016,1015.0,,,HU018C,HU,,2016,higher_ed_students,Students in higher education (ISCED 5-8)
A,TE1026V,HU018C,2017,937.0,,,HU018C,HU,,2017,higher_ed_students,Students in higher education (ISCED 5-8)
A,TE1026V,HU018C,2018,922.0,,,HU018C,HU,,2018,higher_ed_students,Students in higher education (ISCED 5-8)
A,TE1026V,HU018C,2019,965.0,,,HU018C,HU,,2019,higher_ed_students,Students in higher education (ISCED 5-8)
A,TE1026V,HU018C,2020,847.0,,,HU018C,HU,,2020,higher_ed_students,Students in higher education (ISCED 5-8)
A,TE1026V,HU018C,2021,830.0,,,HU018C,HU,,2021,higher_ed_students,Students in higher education (ISCED 5-8)
A,TE1026V,HU018C,2022,745.0,,,HU018C,HU,,2022,higher_ed_students,Students in higher education (ISCED 5-8)
A,TE1026V,HU018C,2023,798.0,,,HU018C,HU,,2023,higher_ed_students,Students in higher education (ISCED 5-8)
A,TE1026V,HU019C,2015,2844.0,,,HU019C,HU,,2015,higher_ed_students,Students in higher education (ISCED 5-8)
A,TE1026V,HU019C,2016,2697.0,,,HU019C,HU,,2016,higher_ed_students,Students in higher education (ISCED 5-8)
A,TE1026V,HU019C,2017,1953.0,,,HU019C,HU,,2017,higher_ed_students,Students in higher education (ISCED 5-8)
A,TE1026V,HU019C,2018,1923.0,,,HU019C,HU,,2018,higher_ed_students,Students in higher education (ISCED 5-8)
A,TE1026V,HU019C,2019,2506.0,,,HU019C,HU,,2019,higher_ed_students,Students in higher education (ISCED 5-8)
A,TE1026V,HU019C,2020,2508.0,,,HU019C,HU,,2020,higher_ed_students,Students in higher education (ISCED 5-8)
A,TE1026V,HU019C,2021,2616.0,,,HU019C,HU,,2021,higher_ed_students,Students in higher education (ISCED 5-8)
A,TE1026V,HU019C,2022,2449.0,,,HU019C,HU,,2022,higher_ed_students,Students in higher education (ISCED 5-8)
A,TE1026V,HU019C,2023,2856.0,,,HU019C,HU,,2023,higher_ed_students,Students in higher education (ISCED 5-8)
A,TE1026V,IT,2015,1744857.0,,,IT,IT,,2015,higher_ed_students,Students in higher education (ISCED 5-8)
A,TE1026V,IT,2016,1745418.0,,,IT,IT,,2016,higher_ed_students,Students in higher education (ISCED 5-8)
A,TE1026V,IT,2017,1748243.0,,,IT,IT,,2017,higher_ed_students,Students in higher education (ISCED 5-8)
A,TE1026V,IT,2018,1780753.0,,,IT,IT,,2018,higher_ed_students,Students in higher education (ISCED 5-8)
A,TE1026V,IT,2019,1784909.0,,,IT,IT,,2019,higher_ed_students,Students in higher education (ISCED 5-8)
A,TE1026V,IT,2020,1829714.0,,,IT,IT,,2020,higher_ed_students,Students in higher education (ISCED 5-8)
A,TE1026V,IT,2021,1865402.0,,,IT,IT,,2021,higher_ed_students,Students in higher education (ISCED 5-8)
A,TE1026V,IT001C,2015,231712.0,,,IT001C,IT,,2015,higher_ed_students,Students in higher education (ISCED 5-8)
A,TE1026V,IT001C,2016,204360.0,,,IT001C,IT,,2016,higher_ed_students,Students in higher education (ISCED 5-8)
A,TE1026V,IT001C,2017,202102.0,,,IT001C,IT,,2017,higher_ed_students,Students in higher education (ISCED 5-8)
A,TE1026V,IT001C,2018,201917.0,,,IT001C,IT,,2018,higher_ed_students,Students in higher education (ISCED 5-8)
A,TE1026V,IT001C,2019,203256.0,,,IT001C,IT,,2019,higher_ed_students,Students in higher education (ISCED 5-8)
A,TE1026V,IT001C,2020,207591.0,,,IT001C,IT,,2020,higher_ed_students,Students in higher education (ISCED 5-8)
A,TE1026V,IT001C,2021,213635.0,,,IT001C,IT,,2021,higher_ed_students,Students in higher education (ISCED 5-8)
A,TE1026V,IT002C,2019,207175.0,,,IT002C,IT,,2019,higher_ed_students,Students in higher education (ISCED 5-8)
A,TE1026V,IT002C,2020,208742.0,,,IT002C,IT,,2020,higher_ed_students,Students in higher education (ISCED 5-8)
A,TE1026V,IT002C,2021,214026.0,,,IT002C,IT,,2021,higher_ed_students,Students in higher education (ISCED 5-8)
A,TE1026V,IT003C,2019,116801.0,,,IT003C,IT,,2019,higher_ed_students,Students in higher education (ISCED 5-8)
A,TE1026V,IT003C,2020,118428.0,,,IT003C,IT,,2020,higher_ed_students,Students in higher education (ISCED 5-8)
A,TE1026V,IT003C,2021,121156.0,,,IT003C,IT,,2021,higher_ed_students,Students in higher education (ISCED 5-8)
A,TE1026V,IT004C,2015,88090.0,,,IT004C,IT,,2015,higher_ed_students,Students in higher education (ISCED 5-8)
A,TE1026V,IT004C,2016,94648.0,,,IT004C,IT,,2016,higher_ed_students,Students in higher education (ISCED 5-8)
A,TE1026V,IT004C,2017,98370.0,,,IT004C,IT,,2017,higher_ed_students,Students in higher education (ISCED 5-8)
A,TE1026V,IT004C,2018,102398.0,,,IT004C,IT,,2018,higher_ed_students,Students in higher education (ISCED 5-8)
A,TE1026V,IT004C,2019,105168.0,,,IT004C,IT,,2019,higher_ed_students,Students in higher education (ISCED 5-8)
A,TE1026V,IT004C,2020,108281.0,,,IT004C,IT,,2020,higher_ed_students,Students in higher education (ISCED 5-8)
A,TE1026V,IT004C,2021,111347.0,,,IT004C,IT,,2021,higher_ed_students,Students in higher education (ISCED 5-8)
A,TE1026V,IT005C,2015,42331.0,,,IT005C,IT,,2015,higher_ed_students,Students in higher education (ISCED 5-8)
A,TE1026V,IT005C,2016,41973.0,,,IT005C,IT,,2016,higher_ed_students,Students in higher education (ISCED 5-8)
A,TE1026V,IT005C,2017,42046.0,,,IT005C,IT,,2017,higher_ed_students,Students in higher education (ISCED 5-8)
A,TE1026V,IT005C,2018,42304.0,,,IT005C,IT,,2018,higher_ed_students,Students in higher education (ISCED 5-8)
A,TE1026V,IT005C,2019,42373.0,,,IT005C,IT,,2019,higher_ed_students,Students in higher education (ISCED 5-8)
A,TE1026V,IT005C,2020,43990.0,,,IT005C,IT,,2020,higher_ed_students,Students in higher education (ISCED 5-8)
A,TE1026V,IT005C,2021,45165.0,,,IT005C,IT,,2021,higher_ed_students,Students in higher education (ISCED 5-8)
A,TE1026V,IT006C,2015,29724.0,,,IT006C,IT,,2015,higher_ed_students,Students in higher education (ISCED 5-8)
A,TE1026V,IT006C,2016,31444.0,,,IT006C,IT,,2016,higher_ed_students,Students in higher education (ISCED 5-8)
A,TE1026V,IT006C,2017,31152.0,,,IT006C,IT,,2017,higher_ed_students,Students in higher education (ISCED 5-8)
A,TE1026V,IT006C,2018,32022.0,,,IT006C,IT,,2018,higher_ed_students,Students in higher education (ISCED 5-8)
A,TE1026V,IT006C,2019,30075.0,,,IT006C,IT,,2019,higher_ed_students,Students in higher education (ISCED 5-8)
A,TE1026V,IT006C,2020,30501.0,,,IT006C,IT,,2020,higher_ed_students,Students in higher education (ISCED 5-8)
A,TE1026V,IT006C,2021,32034.0,,,IT006C,IT,,2021,higher_ed_students,Students in higher education (ISCED 5-8)
A,TE1026V,IT007C,2015,49823.0,,,IT007C,IT,,2015,higher_ed_students,Students in higher education (ISCED 5-8)
A,TE1026V,IT007C,2016,53998.0,,,IT007C,IT,,2016,higher_ed_students,Students in higher education (ISCED 5-8)
A,TE1026V,IT007C,2017,53923.0,,,IT007C,IT,,2017,higher_ed_students,Students in higher education (ISCED 5-8)
A,TE1026V,IT007C,2018,56794.0,,,IT007C,IT,,2018,higher_ed_students,Students in higher education (ISCED 5-8)
A,TE1026V,IT007C,2019,57148.0,,,IT007C,IT,,2019,higher_ed_students,Students in higher education (ISCED 5-8)
A,TE1026V,IT007C,2020,58072.0,,,IT007C,IT,,2020,higher_ed_students,Students in higher education (ISCED 5-8)
A,TE1026V,IT007C,2021,60562.0,,,IT007C,IT,,2021,higher_ed_students,Students in higher education (ISCED 5-8)
A,TE1026V,IT008C,2015,51555.0,,,IT008C,IT,,2015,higher_ed_students,Students in higher education (ISCED 5-8)
A,TE1026V,IT008C,2016,54058.0,,,IT008C,IT,,2016,higher_ed_students,Students in higher education (ISCED 5-8)
A,TE1026V,IT008C,2017,52623.0,,,IT008C,IT,,2017,higher_ed_students,Students in higher education (ISCED 5-8)
A,TE1026V,IT008C,2018,52616.0,,,IT008C,IT,,2018,higher_ed_students,Students in higher education (ISCED 5-8)
A,TE1026V,IT008C,2019,51768.0,,,IT008C,IT,,2019,higher_ed_students,Students in higher education (ISCED 5-8)
A,TE1026V,IT008C,2020,50928.0,,,IT008C,IT,,2020,higher_ed_students,Students in higher education (ISCED 5-8)
A,TE1026V,IT008C,2021,50576.0,,,IT008C,IT,,2021,higher_ed_students,Students in higher education (ISCED 5-8)
A,TE1026V,IT009C,2015,59336.0,,,IT009C,IT,,2015,higher_ed_students,Students in higher education (ISCED 5-8)
A,TE1026V,IT009C,2016,65143.0,,,IT009C,IT,,2016,higher_ed_students,Students in higher education (ISCED 5-8)
A,TE1026V,IT009C,2017,65823.0,,,IT009C,IT,,2017,higher_ed_students,Students in higher education (ISCED 5-8)
A,TE1026V,IT009C,2018,66999.0,,,IT009C,IT,,2018,higher_ed_students,Students in higher education (ISCED 5-8)
A,TE1026V,IT009C,2019,67266.0,,,IT009C,IT,,2019,higher_ed_students,Students in higher education (ISCED 5-8)
A,TE1026V,IT009C,2020,67623.0,,,IT009C,IT,,2020,higher_ed_students,Students in higher education (ISCED 5-8)
A,TE1026V,IT009C,2021,69689.0,,,IT009C,IT,,2021,higher_ed_students,Students in higher education (ISCED 5-8)
A,TE1026V,IT010C,2015,45066.0,,,IT010C,IT,,2015,higher_ed_students,Students in higher education (ISCED 5-8)
A,TE1026V,IT010C,2016,46845.0,,,IT010C,IT,,2016,higher_ed_students,Students in higher education (ISCED 5-8)
A,TE1026V,IT010C,2017,45107.0,,,IT010C,IT,,2017,higher_ed_students,Students in higher education (ISCED 5-8)
A,TE1026V,IT010C,2018,44592.0,,,IT010C,IT,,2018,higher_ed_students,Students in higher education (ISCED 5-8)
A,TE1026V,IT010C,2019,41551.0,,,IT010C,IT,,2019,higher_ed_students,Students in higher education (ISCED 5-8)
A,TE1026V,IT010C,2020,40809.0,,,IT010C,IT,,2020,higher_ed_students,Students in higher education (ISCED 5-8)
A,TE1026V,IT010C,2021,40990.0,,,IT010C,IT,,2021,higher_ed_students,Students in higher education (ISCED 5-8)
A,TE1026V,IT011C,2015,23797.0,,,IT011C,IT,,2015,higher_ed_students,Students in higher education (ISCED 5-8)
A,TE1026V,IT011C,2016,25908.0,,,IT011C,IT,,2016,higher_ed_students,Students in higher education (ISCED 5-8)
A,TE1026V,IT011C,2017,25634.0,,,IT011C,IT,,2017,higher_ed_students,Students in higher education (ISCED 5-8)
A,TE1026V,IT011C,2018,26303.0,,,IT011C,IT,,2018,higher_ed_students,Students in higher education (ISCED 5-8)
A,TE1026V,IT011C,2019,26648.0,,,IT011C,IT,,2019,higher_ed_students,Students in higher education (ISCED 5-8)
A,TE1026V,IT011C,2020,26265.0,,,IT011C,IT,,2020,higher_ed_students,Students in higher education (ISCED 5-8)
A,TE1026V,IT011C,2021,26089.0,,,IT011C,IT,,2021,higher_ed_students,Students in higher education (ISCED 5-8)
A,TE1026V,IT012C,2015,19781.0,,,IT012C,IT,,2015,higher_ed_students,Students in higher education (ISCED 5-8)
A,TE1026V,IT012C,2016,22897.0,,,IT012C,IT,,2016,higher_ed_students,Students in higher education (ISCED 5-8)
A,TE1026V,IT012C,2017,23225.0,,,IT012C,IT,,2017,higher_ed_students,Students in higher education (ISCED 5-8)
A,TE1026V,IT012C,2018,24019.0,,,IT012C,IT,,2018,higher_ed_students,Students in higher education (ISCED 5-8)
A,TE1026V,IT012C,2019,23292.0,,,IT012C,IT,,2019,higher_ed_students,Students in higher education (ISCED 5-8)
A,TE1026V,IT012C,2020,23404.0,,,IT012C,IT,,2020,higher_ed_students,Students in higher education (ISCED 5-8)
A,TE1026V,IT012C,2021,24445.0,,,IT012C,IT,,2021,higher_ed_students,Students in higher education (ISCED 5-8)
A,TE1026V,IT013C,2015,1374.0,,,IT013C,IT,,2015,higher_ed_students,Students in higher education (ISCED 5-8)
A,TE1026V,IT013C,2016,1447.0,,,IT013C,IT,,2016,higher_ed_students,Students in higher education (ISCED 5-8)
A,TE1026V,IT013C,2017,1425.0,,,IT013C,IT,,2017,higher_ed_students,Students in higher education (ISCED 5-8)
A,TE1026V,IT013C,2018,1462.0,,,IT013C,IT,,2018,higher_ed_students,Students in higher education (ISCED 5-8)
A,TE1026V,IT013C,2019,1524.0,,,IT013C,IT,,2019,higher_ed_students,Students in higher education (ISCED 5-8)
A,TE1026V,IT013C,2020,1682.0,,,IT013C,IT,,2020,higher_ed_students,Students in higher education (ISCED 5-8)
A,TE1026V,IT013C,2021,1918.0,,,IT013C,IT,,2021,higher_ed_students,Students in higher education (ISCED 5-8)
A,TE1026V,IT014C,2015,16286.0,,,IT014C,IT,,2015,higher_ed_students,Students in higher education (ISCED 5-8)
A,TE1026V,IT014C,2016,16396.0,,,IT014C,IT,,2016,higher_ed_students,Students in higher education (ISCED 5-8)
A,TE1026V,IT014C,2017,16411.0,,,IT014C,IT,,2017,higher_ed_students,Students in higher education (ISCED 5-8)
A,TE1026V,IT014C,2018,16507.0,,,IT014C,IT,,2018,higher_ed_students,Students in higher education (ISCED 5-8)
A,TE1026V,IT014C,2019,16587.0,,,IT014C,IT,,2019,higher_ed_students,Students in higher education (ISCED 5-8)
A,TE1026V,IT014C,2020,16803.0,,,IT014C,IT,,2020,higher_ed_students,Students in higher education (ISCED 5-8)
A,TE1026V,IT014C,2021,16622.0,,,IT014C,IT,,2021,higher_ed_students,Students in higher education (ISCED 5-8)
A,TE1026V,IT015C,2015,14237.0,,,IT015C,IT,,2015,higher_ed_students,Students in higher education (ISCED 5-8)
A,TE1026V,IT015C,2016,15450.0,,,IT015C,IT,,2016,higher_ed_students,Students in higher education (ISCED 5-8)
A,TE1026V,IT015C,2017,14992.0,,,IT015C,IT,,2017,higher_ed_students,Students in higher education (ISCED 5-8)
A,TE1026V,IT015C,2018,15454.0,,,IT015C,IT,,2018,higher_ed_students,Students in higher education (ISCED 5-8)
A,TE1026V,IT015C,2019,15431.0,,,IT015C,IT,,2019,higher_ed_students,Students in higher education (ISCED 5-8)
A,TE1026V,IT015C,2020,15818.0,,,IT015C,IT,,2020,higher_ed_students,Students in higher education (ISCED 5-8)
A,TE1026V,IT015C,2021,16358.0,,,IT015C,IT,,2021,higher_ed_students,Students in higher education (ISCED 5-8)
A,TE1026V,IT016C,2015,21065.0,,,IT016C,IT,,2015,higher_ed_students,Students in higher education (ISCED 5-8)
A,TE1026V,IT016C,2016,21849.0,,,IT016C,IT,,2016,higher_ed_students,Students in higher education (ISCED 5-8)
A,TE1026V,IT016C,2017,23181.0,,,IT016C,IT,,2017,higher_ed_students,Students in higher education (ISCED 5-8)
A,TE1026V,IT016C,2018,23185.0,,,IT016C,IT,,2018,higher_ed_students,Students in higher education (ISCED 5-8)
A,TE1026V,IT016C,2019,23864.0,,,IT016C,IT,,2019,higher_ed_students,Students in higher education (ISCED 5-8)
A,TE1026V,IT016C,2020,24125.0,,,IT016C,IT,,2020,higher_ed_students,Students in higher education (ISCED 5-8)
A,TE1026V,IT016C,2021,26741.0,,,IT016C,IT,,2021,higher_ed_students,Students in higher education (ISCED 5-8)
A,TE1026V,IT017C,2015,14213.0,,,IT017C,IT,,2015,higher_ed_students,Students in higher education (ISCED 5-8)
A,TE1026V,IT017C,2016,14912.0,,,IT017C,IT,,2016,higher_ed_students,Students in higher education (ISCED 5-8)
A,TE1026V,IT017C,2017,14695.0,,,IT017C,IT,,2017,higher_ed_students,Students in higher education (ISCED 5-8)
A,TE1026V,IT017C,2018,14612.0,,,IT017C,IT,,2018,higher_ed_students,Students in higher education (ISCED 5-8)
A,TE1026V,IT017C,2019,14354.0,,,IT017C,IT,,2019,higher_ed_students,Students in higher education (ISCED 5-8)
A,TE1026V,IT017C,2020,14374.0,,,IT017C,IT,,2020,higher_ed_students,Students in higher education (ISCED 5-8)
A,TE1026V,IT017C,2021,14404.0,,,IT017C,IT,,2021,higher_ed_students,Students in higher education (ISCED 5-8)
A,TE1026V,IT018C,2015,10826.0,,,IT018C,IT,,2015,higher_ed_students,Students in higher education (ISCED 5-8)
A,TE1026V,IT018C,2016,10211.0,,,IT018C,IT,,2016,higher_ed_students,Students in higher education (ISCED 5-8)
A,TE1026V,IT018C,2017,10024.0,,,IT018C,IT,,2017,higher_ed_students,Students in higher education (ISCED 5-8)
A,TE1026V,IT018C,2018,9950.0,,,IT018C,IT,,2018,higher_ed_students,Students in higher education (ISCED 5-8)
A,TE1026V,IT018C,2019,9464.0,,,IT018C,IT,,2019,higher_ed_students,Students in higher education (ISCED 5-8)
A,TE1026V,IT018C,2020,9033.0,,,IT018C,IT,,2020,higher_ed_students,Students in higher education (ISCED 5-8)
A,TE1026V,IT018C,2021,8783.0,,,IT018C,IT,,2021,higher_ed_students,Students in higher education (ISCED 5-8)
A,TE1026V,IT019C,2015,6077.0,,,IT019C,IT,,2015,higher_ed_students,Students in higher education (ISCED 5-8)
A,TE1026V,IT019C,2016,6301.0,,,IT019C,IT,,2016,higher_ed_students,Students in higher education (ISCED 5-8)
A,TE1026V,IT019C,2017,6300.0,,,IT019C,IT,,2017,higher_ed_students,Students in higher education (ISCED 5-8)
A,TE1026V,IT019C,2018,7170.0,,,IT019C,IT,,2018,higher_ed_students,Students in higher education (ISCED 5-8)
A,TE1026V,IT019C,2019,6714.0,,,IT019C,IT,,2019,higher_ed_students,Students in higher education (ISCED 5-8)
A,TE1026V,IT019C,2020,6443.0,,,IT019C,IT,,2020,higher_ed_students,Students in higher education (ISCED 5-8)
A,TE1026V,IT019C,2021,6488.0,,,IT019C,IT,,2021,higher_ed_students,Students in higher education (ISCED 5-8)
A,TE1026V,IT020C,2015,8256.0,,,IT020C,IT,,2015,higher_ed_students,Students in higher education (ISCED 5-8)
A,TE1026V,IT020C,2016,10498.0,,,IT020C,IT,,2016,higher_ed_students,Students in higher education (ISCED 5-8)
A,TE1026V,IT020C,2017,10240.0,,,IT020C,IT,,2017,higher_ed_students,Students in higher education (ISCED 5-8)
A,TE1026V,IT020C,2018,9874.0,,,IT020C,IT,,2018,higher_ed_students,Students in higher education (ISCED 5-8)
A,TE1026V,IT020C,2019,9330.0,,,IT020C,IT,,2019,higher_ed_students,Students in higher education (ISCED 5-8)
A,TE1026V,IT020C,2020,7686.0,,,IT020C,IT,,2020,higher_ed_students,Students in higher education (ISCED 5-8)
A,TE1026V,IT020C,2021,7568.0,,,IT020C,IT,,2021,higher_ed_students,Students in higher education (ISCED 5-8)
A,TE1026V,IT021C,2015,4585.0,,,IT021C,IT,,2015,higher_ed_students,Students in higher education (ISCED 5-8)
A,TE1026V,IT021C,2016,4295.0,,,IT021C,IT,,2016,higher_ed_students,Students in higher education (ISCED 5-8)
A,TE1026V,IT021C,2017,4006.0,,,IT021C,IT,,2017,higher_ed_students,Students in higher education (ISCED 5-8)
A,TE1026V,IT021C,2018,3949.0,,,IT021C,IT,,2018,higher_ed_students,Students in higher education (ISCED 5-8)
A,TE1026V,IT021C,2019,3832.0,,,IT021C,IT,,2019,higher_ed_students,Students in higher education (ISCED 5-8)
A,TE1026V,IT021C,2020,3813.0,,,IT021C,IT,,2020,higher_ed_students,Students in higher education (ISCED 5-8)
A,TE1026V,IT021C,2021,3881.0,,,IT021C,IT,,2021,higher_ed_students,Students in higher education (ISCED 5-8)
A,TE1026V,IT022C,2015,6162.0,,,IT022C,IT,,2015,higher_ed_students,Students in higher education (ISCED 5-8)
A,TE1026V,IT022C,2016,5998.0,,,IT022C,IT,,2016,higher_ed_students,Students in higher education (ISCED 5-8)
A,TE1026V,IT022C,2017,5760.0,,,IT022C,IT,,2017,higher_ed_students,Students in higher education (ISCED 5-8)
A,TE1026V,IT022C,2018,5766.0,,,IT022C,IT,,2018,higher_ed_students,Students in higher education (ISCED 5-8)
A,TE1026V,IT022C,2019,5523.0,,,IT022C,IT,,2019,higher_ed_students,Students in higher education (ISCED 5-8)
A,TE1026V,IT022C,2020,5320.0,,,IT022C,IT,,2020,higher_ed_students,Students in higher education (ISCED 5-8)
A,TE1026V,IT022C,2021,5138.0,,,IT022C,IT,,2021,higher_ed_students,Students in higher education (ISCED 5-8)
A,TE1026V,IT023C,2015,10248.0,,,IT023C,IT,,2015,higher_ed_students,Students in higher education (ISCED 5-8)
A,TE1026V,IT023C,2016,10593.0,,,IT023C,IT,,2016,higher_ed_students,Students in higher education (ISCED 5-8)
A,TE1026V,IT023C,2017,10594.0,,,IT023C,IT,,2017,higher_ed_students,Students in higher education (ISCED 5-8)
A,TE1026V,IT023C,2018,10907.0,,,IT023C,IT,,2018,higher_ed_students,Students in higher education (ISCED 5-8)
A,TE1026V,IT023C,2019,11444.0,,,IT023C,IT,,2019,higher_ed_students,Students in higher education (ISCED 5-8)
A,TE1026V,IT023C,2020,11754.0,,,IT023C,IT,,2020,higher_ed_students,Students in higher education (ISCED 5-8)
A,TE1026V,IT023C,2021,11712.0,,,IT023C,IT,,2021,higher_ed_students,Students in higher education (ISCED 5-8)
A,TE1026V,IT024C,2015,8374.0,,,IT024C,IT,,2015,higher_ed_students,Students in higher education (ISCED 5-8)
A,TE1026V,IT024C,2016,8038.0,,,IT024C,IT,,2016,higher_ed_students,Students in higher education (ISCED 5-8)
A,TE1026V,IT024C,2017,7656.0,,,IT024C,IT,,2017,higher_ed_students,Students in higher education (ISCED 5-8)
A,TE1026V,IT024C,2018,7207.0,,,IT024C,IT,,2018,higher_ed_students,Students in higher education (ISCED 5-8)
A,TE1026V,IT024C,2019,6736.0,,,IT024C,IT,,2019,higher_ed_students,Students in higher education (ISCED 5-8)
A,TE1026V,IT024C,2020,22037.0,,,IT024C,IT,,2020,higher_ed_students,Students in higher education (ISCED 5-8)
A,TE1026V,IT024C,2021,11090.0,,,IT024C,IT,,2021,higher_ed_students,Students in higher education (ISCED 5-8)
A,TE1026V,IT025C,2015,11990.0,,,IT025C,IT,,2015,higher_ed_students,Students in higher education (ISCED 5-8)
A,TE1026V,IT025C,2016,12823.0,,,IT025C,IT,,2016,higher_ed_students,Students in higher education (ISCED 5-8)
A,TE1026V,IT025C,2017,13240.0,,,IT025C,IT,,2017,higher_ed_students,Students in higher education (ISCED 5-8)
A,TE1026V,IT025C,2018,13212.0,,,IT025C,IT,,2018,higher_ed_students,Students in higher education (ISCED 5-8)
A,TE1026V,IT025C,2019,13720.0,,,IT025C,IT,,2019,higher_ed_students,Students in higher education (ISCED 5-8)
A,TE1026V,IT025C,2020,13630.0,,,IT025C,IT,,2020,higher_ed_students,Students in higher education (ISCED 5-8)
A,TE1026V,IT025C,2021,13585.0,,,IT025C,IT,,2021,higher_ed_students,Students in higher education (ISCED 5-8)
A,TE1026V,IT026C,2015,26501.0,,,IT026C,IT,,2015,higher_ed_students,Students in higher education (ISCED 5-8)
A,TE1026V,IT026C,2016,27695.0,,,IT026C,IT,,2016,higher_ed_students,Students in higher education (ISCED 5-8)
A,TE1026V,IT026C,2017,26773.0,,,IT026C,IT,,2017,higher_ed_students,Students in higher education (ISCED 5-8)
A,TE1026V,IT026C,2018,26611.0,,,IT026C,IT,,2018,higher_ed_students,Students in higher education (ISCED 5-8)
A,TE1026V,IT026C,2019,26184.0,,,IT026C,IT,,2019,higher_ed_students,Students in higher education (ISCED 5-8)
A,TE1026V,IT026C,2020,26734.0,,,IT026C,IT,,2020,higher_ed_students,Students in higher education (ISCED 5-8)
A,TE1026V,IT026C,2021,25960.0,,,IT026C,IT,,2021,higher_ed_students,Students in higher education (ISCED 5-8)
A,TE1026V,IT027C,2015,48482.0,,,IT027C,IT,,2015,higher_ed_students,Students in higher education (ISCED 5-8)
A,TE1026V,IT027C,2016,52232.0,,,IT027C,IT,,2016,higher_ed_students,Students in higher education (ISCED 5-8)
A,TE1026V,IT027C,2017,51627.0,,,IT027C,IT,,2017,higher_ed_students,Students in higher education (ISCED 5-8)
A,TE1026V,IT027C,2018,51954.0,,,IT027C,IT,,2018,higher_ed_students,Students in higher education (ISCED 5-8)
A,TE1026V,IT027C,2019,52654.0,,,IT027C,IT,,2019,higher_ed_students,Students in higher education (ISCED 5-8)
A,TE1026V,IT027C,2020,54700.0,,,IT027C,IT,,2020,higher_ed_students,Students in higher education (ISCED 5-8)
A,TE1026V,IT027C,2021,57681.0,,,IT027C,IT,,2021,higher_ed_students,Students in higher education (ISCED 5-8)
A,TE1026V,IT028C,2015,19216.0,,,IT028C,IT,,2015,higher_ed_students,Students in higher education (ISCED 5-8)
A,TE1026V,IT028C,2016,20343.0,,,IT028C,IT,,2016,higher_ed_students,Students in higher education (ISCED 5-8)
A,TE1026V,IT028C,2017,19415.0,,,IT028C,IT,,2017,higher_ed_students,Students in higher education (ISCED 5-8)
A,TE1026V,IT028C,2018,19913.0,,,IT028C,IT,,2018,higher_ed_students,Students in higher education (ISCED 5-8)
A,TE1026V,IT028C,2019,20544.0,,,IT028C,IT,,2019,higher_ed_students,Students in higher education (ISCED 5-8)
A,TE1026V,IT028C,2020,22002.0,,,IT028C,IT,,2020,higher_ed_students,Students in higher education (ISCED 5-8)
A,TE1026V,IT028C,2021,22796.0,,,IT028C,IT,,2021,higher_ed_students,Students in higher education (ISCED 5-8)
A,TE1026V,IT029C,2015,13383.0,,,IT029C,IT,,2015,higher_ed_students,Students in higher education (ISCED 5-8)
A,TE1026V,IT029C,2016,15938.0,,,IT029C,IT,,2016,higher_ed_students,Students in higher education (ISCED 5-8)
A,TE1026V,IT029C,2017,16329.0,,,IT029C,IT,,2017,higher_ed_students,Students in higher education (ISCED 5-8)
A,TE1026V,IT029C,2018,17387.0,,,IT029C,IT,,2018,higher_ed_students,Students in higher education (ISCED 5-8)
A,TE1026V,IT029C,2019,17363.0,,,IT029C,IT,,2019,higher_ed_students,Students in higher education (ISCED 5-8)
A,TE1026V,IT029C,2020,17912.0,,,IT029C,IT,,2020,higher_ed_students,Students in higher education (ISCED 5-8)
A,TE1026V,IT029C,2021,18320.0,,,IT029C,IT,,2021,higher_ed_students,Students in higher education (ISCED 5-8)
A,TE1026V,IT030C,2015,9683.0,,,IT030C,IT,,2015,higher_ed_students,Students in higher education (ISCED 5-8)
A,TE1026V,IT030C,2016,9864.0,,,IT030C,IT,,2016,higher_ed_students,Students in higher education (ISCED 5-8)
A,TE1026V,IT030C,2017,10217.0,,,IT030C,IT,,2017,higher_ed_students,Students in higher education (ISCED 5-8)
A,TE1026V,IT030C,2018,11070.0,,,IT030C,IT,,2018,higher_ed_students,Students in higher education (ISCED 5-8)
A,TE1026V,IT030C,2019,11219.0,,,IT030C,IT,,2019,higher_ed_students,Students in higher education (ISCED 5-8)
A,TE1026V,IT030C,2020,11455.0,,,IT030C,IT,,2020,higher_ed_students,Students in higher education (ISCED 5-8)
A,TE1026V,IT030C,2021,12598.0,,,IT030C,IT,,2021,higher_ed_students,Students in higher education (ISCED 5-8)
A,TE1026V,IT031C,2015,2016.0,,,IT031C,IT,,2015,higher_ed_students,Students in higher education (ISCED 5-8)
A,TE1026V,IT031C,2016,3499.0,,,IT031C,IT,,2016,higher_ed_students,Students in higher education (ISCED 5-8)
A,TE1026V,IT031C,2017,3116.0,,,IT031C,IT,,2017,higher_ed_students,Students in higher education (ISCED 5-8)
A,TE1026V,IT031C,2018,3119.0,,,IT031C,IT,,2018,higher_ed_students,Students in higher education (ISCED 5-8)
A,TE1026V,IT031C,2019,2574.0,,,IT031C,IT,,2019,higher_ed_students,Students in higher education (ISCED 5-8)
A,TE1026V,IT031C,2020,1510.0,,,IT031C,IT,,2020,higher_ed_students,Students in higher education (ISCED 5-8)
A,TE1026V,IT031C,2021,1673.0,,,IT031C,IT,,2021,higher_ed_students,Students in higher education (ISCED 5-8)
A,TE1026V,IT032C,2015,3513.0,,,IT032C,IT,,2015,higher_ed_students,Students in higher education (ISCED 5-8)
A,TE1026V,IT032C,2016,3818.0,,,IT032C,IT,,2016,higher_ed_students,Students in higher education (ISCED 5-8)
A,TE1026V,IT032C,2017,3923.0,,,IT032C,IT,,2017,higher_ed_students,Students in higher education (ISCED 5-8)
A,TE1026V,IT032C,2018,4288.0,,,IT032C,IT,,2018,higher_ed_students,Students in higher education (ISCED 5-8)
A,TE1026V,IT032C,2019,4363.0,,,IT032C,IT,,2019,higher_ed_students,Students in higher education (ISCED 5-8)
A,TE1026V,IT032C,2020,4637.0,,,IT032C,IT,,2020,higher_ed_students,Students in higher education (ISCED 5-8)
A,TE1026V,IT032C,2021,4724.0,,,IT032C,IT,,2021,higher_ed_students,Students in higher education (ISCED 5-8)
A,TE1026V,IT033C,2015,2341.0,,,IT033C,IT,,2015,higher_ed_students,Students in higher education (ISCED 5-8)
A,TE1026V,IT033C,2016,2628.0,,,IT033C,IT,,2016,higher_ed_students,Students in higher education (ISCED 5-8)
A,TE1026V,IT033C,2017,2662.0,,,IT033C,IT,,2017,higher_ed_students,Students in higher education (ISCED 5-8)
A,TE1026V,IT033C,2018,2910.0,,,IT033C,IT,,2018,higher_ed_students,Students in higher education (ISCED 5-8)
A,TE1026V,IT033C,2019,2951.0,,,IT033C,IT,,2019,higher_ed_students,Students in higher education (ISCED 5-8)
A,TE1026V,IT033C,2020,3196.0,,,IT033C,IT,,2020,higher_ed_students,Students in higher education (ISCED 5-8)
A,TE1026V,IT033C,2021,3226.0,,,IT033C,IT,,2021,higher_ed_students,Students in higher education (ISCED 5-8)
A,TE1026V,IT034C,2015,13208.0,,,IT034C,IT,,2015,higher_ed_students,Students in higher education (ISCED 5-8)
A,TE1026V,IT034C,2016,14016.0,,,IT034C,IT,,2016,higher_ed_students,Students in higher education (ISCED 5-8)
A,TE1026V,IT034C,2017,14171.0,,,IT034C,IT,,2017,higher_ed_students,Students in higher education (ISCED 5-8)
A,TE1026V,IT034C,2018,13972.0,,,IT034C,IT,,2018,higher_ed_students,Students in higher education (ISCED 5-8)
A,TE1026V,IT034C,2019,13779.0,,,IT034C,IT,,2019,higher_ed_students,Students in higher education (ISCED 5-8)
A,TE1026V,IT034C,2020,13985.0,,,IT034C,IT,,2020,higher_ed_students,Students in higher education (ISCED 5-8)
A,TE1026V,IT034C,2021,14227.0,,,IT034C,IT,,2021,higher_ed_students,Students in higher education (ISCED 5-8)
A,TE1026V,IT035C,2015,994.0,,,IT035C,IT,,2015,higher_ed_students,Students in higher education (ISCED 5-8)
A,TE1026V,IT035C,2016,1083.0,,,IT035C,IT,,2016,higher_ed_students,Students in higher education (ISCED 5-8)
A,TE1026V,IT035C,2017,1089.0,,,IT035C,IT,,2017,higher_ed_students,Students in higher education (ISCED 5-8)
A,TE1026V,IT035C,2018,1273.0,,,IT035C,IT,,2018,higher_ed_students,Students in higher education (ISCED 5-8)
A,TE1026V,IT035C,2019,1234.0,,,IT035C,IT,,2019,higher_ed_students,Students in higher education (ISCED 5-8)
A,TE1026V,IT035C,2020,1276.0,,,IT035C,IT,,2020,higher_ed_students,Students in higher education (ISCED 5-8)
A,TE1026V,IT035C,2021,1423.0,,,IT035C,IT,,2021,higher_ed_students,Students in higher education (ISCED 5-8)
A,TE1026V,IT036C,2015,18224.0,,,IT036C,IT,,2015,higher_ed_students,Students in higher education (ISCED 5-8)
A,TE1026V,IT036C,2016,18232.0,,,IT036C,IT,,2016,higher_ed_students,Students in higher education (ISCED 5-8)
A,TE1026V,IT036C,2017,17920.0,,,IT036C,IT,,2017,higher_ed_students,Students in higher education (ISCED 5-8)
A,TE1026V,IT036C,2018,18288.0,,,IT036C,IT,,2018,higher_ed_students,Students in higher education (ISCED 5-8)
A,TE1026V,IT036C,2019,18500.0,,,IT036C,IT,,2019,higher_ed_students,Students in higher education (ISCED 5-8)
A,TE1026V,IT036C,2020,18862.0,,,IT036C,IT,,2020,higher_ed_students,Students in higher education (ISCED 5-8)
A,TE1026V,IT036C,2021,19748.0,,,IT036C,IT,,2021,higher_ed_students,Students in higher education (ISCED 5-8)
A,TE1026V,IT037C,2015,206.0,,,IT037C,IT,,2015,higher_ed_students,Students in higher education (ISCED 5-8)
A,TE1026V,IT037C,2016,223.0,,,IT037C,IT,,2016,higher_ed_students,Students in higher education (ISCED 5-8)
A,TE1026V,IT037C,2017,234.0,,,IT037C,IT,,2017,higher_ed_students,Students in higher education (ISCED 5-8)
A,TE1026V,IT037C,2018,254.0,,,IT037C,IT,,2018,higher_ed_students,Students in higher education (ISCED 5-8)
A,TE1026V,IT037C,2019,263.0,,,IT037C,IT,,2019,higher_ed_students,Students in higher education (ISCED 5-8)
A,TE1026V,IT037C,2020,277.0,,,IT037C,IT,,2020,higher_ed_students,Students in higher education (ISCED 5-8)
A,TE1026V,IT037C,2021,290.0,,,IT037C,IT,,2021,higher_ed_students,Students in higher education (ISCED 5-8)
A,TE1026V,IT038C,2015,738.0,,,IT038C,IT,,2015,higher_ed_students,Students in higher education (ISCED 5-8)
A,TE1026V,IT038C,2016,803.0,,,IT038C,IT,,2016,higher_ed_students,Students in higher education (ISCED 5-8)
A,TE1026V,IT038C,2017,667.0,,,IT038C,IT,,2017,higher_ed_students,Students in higher education (ISCED 5-8)
A,TE1026V,IT038C,2018,711.0,,,IT038C,IT,,2018,higher_ed_students,Students in higher education (ISCED 5-8)
A,TE1026V,IT038C,2019,607.0,,,IT038C,IT,,2019,higher_ed_students,Students in higher education (ISCED 5-8)
A,TE1026V,IT038C,2020,608.0,,,IT038C,IT,,2020,higher_ed_students,Students in higher education (ISCED 5-8)
A,TE1026V,IT038C,2021,647.0,,,IT038C,IT,,2021,higher_ed_students,Students in higher education (ISCED 5-8)
A,TE1026V,IT039C,2015,4333.0,,,IT039C,IT,,2015,higher_ed_students,Students in higher education (ISCED 5-8)
A,TE1026V,IT039C,2016,4107.0,,,IT039C,IT,,2016,higher_ed_students,Students in higher education (ISCED 5-8)
A,TE1026V,IT039C,2017,3871.0,,,IT039C,IT,,2017,higher_ed_students,Students in higher education (ISCED 5-8)
A,TE1026V,IT039C,2018,3921.0,,,IT039C,IT,,2018,higher_ed_students,Students in higher education (ISCED 5-8)
A,TE1026V,IT039C,2019,3457.0,,,IT039C,IT,,2019,higher_ed_students,Students in higher education (ISCED 5-8)
A,TE1026V,IT039C,2020,3384.0,,,IT039C,IT,,2020,higher_ed_students,Students in higher education (ISCED 5-8)
A,TE1026V,IT039C,2021,3296.0,,,IT039C,IT,,2021,higher_ed_students,Students in higher education (ISCED 5-8)
A,TE1026V,IT040C,2015,44030.0,,,IT040C,IT,,2015,higher_ed_students,Students in higher education (ISCED 5-8)
A,TE1026V,IT040C,2016,47621.0,,,IT040C,IT,,2016,higher_ed_students,Students in higher education (ISCED 5-8)
A,TE1026V,IT040C,2017,47602.0,,,IT040C,IT,,2017,higher_ed_students,Students in higher education (ISCED 5-8)
A,TE1026V,IT040C,2018,46973.0,,,IT040C,IT,,2018,higher_ed_students,Students in higher education (ISCED 5-8)
A,TE1026V,IT040C,2019,46858.0,,,IT040C,IT,,2019,higher_ed_students,Students in higher education (ISCED 5-8)
A,TE1026V,IT040C,2020,47224.0,,,IT040C,IT,,2020,higher_ed_students,Students in higher education (ISCED 5-8)
A,TE1026V,IT040C,2021,47784.0,,,IT040C,IT,,2021,higher_ed_students,Students in higher education (ISCED 5-8)
A,TE1026V,IT041C,2015,2954.0,,,IT041C,IT,,2015,higher_ed_students,Students in higher education (ISCED 5-8)
A,TE1026V,IT041C,2016,2849.0,,,IT041C,IT,,2016,higher_ed_students,Students in higher education (ISCED 5-8)
A,TE1026V,IT041C,2017,2674.0,,,IT041C,IT,,2017,higher_ed_students,Students in higher education (ISCED 5-8)
A,TE1026V,IT041C,2018,2585.0,,,IT041C,IT,,2018,higher_ed_students,Students in higher education (ISCED 5-8)
A,TE1026V,IT041C,2019,2605.0,,,IT041C,IT,,2019,higher_ed_students,Students in higher education (ISCED 5-8)
A,TE1026V,IT041C,2020,2743.0,,,IT041C,IT,,2020,higher_ed_students,Students in higher education (ISCED 5-8)
A,TE1026V,IT041C,2021,2859.0,,,IT041C,IT,,2021,higher_ed_students,Students in higher education (ISCED 5-8)
A,TE1026V,IT042C,2015,5810.0,,,IT042C,IT,,2015,higher_ed_students,Students in higher education (ISCED 5-8)
A,TE1026V,IT042C,2016,6889.0,,,IT042C,IT,,2016,higher_ed_students,Students in higher education (ISCED 5-8)
A,TE1026V,IT042C,2017,7442.0,,,IT042C,IT,,2017,higher_ed_students,Students in higher education (ISCED 5-8)
A,TE1026V,IT042C,2018,8140.0,,,IT042C,IT,,2018,higher_ed_students,Students in higher education (ISCED 5-8)
A,TE1026V,IT042C,2019,8810.0,,,IT042C,IT,,2019,higher_ed_students,Students in higher education (ISCED 5-8)
A,TE1026V,IT042C,2020,9333.0,,,IT042C,IT,,2020,higher_ed_students,Students in higher education (ISCED 5-8)
A,TE1026V,IT042C,2021,9687.0,,,IT042C,IT,,2021,higher_ed_students,Students in higher education (ISCED 5-8)
A,TE1026V,IT043C,2015,742.0,,,IT043C,IT,,2015,higher_ed_students,Students in higher education (ISCED 5-8)
A,TE1026V,IT043C,2016,918.0,,,IT043C,IT,,2016,higher_ed_students,Students in higher education (ISCED 5-8)
A,TE1026V,IT043C,2017,909.0,,,IT043C,IT,,2017,higher_ed_students,Students in higher education (ISCED 5-8)
A,TE1026V,IT043C,2018,1077.0,,,IT043C,IT,,2018,higher_ed_students,Students in higher education (ISCED 5-8)
A,TE1026V,IT043C,2019,1181.0,,,IT043C,IT,,2019,higher_ed_students,Students in higher education (ISCED 5-8)
A,TE1026V,IT043C,2020,1287.0,,,IT043C,IT,,2020,higher_ed_students,Students in higher education (ISCED 5-8)
A,TE1026V,IT043C,2021,1310.0,,,IT043C,IT,,2021,higher_ed_students,Students in higher education (ISCED 5-8)
A,TE1026V,IT044C,2015,20840.0,,,IT044C,IT,,2015,higher_ed_students,Students in higher education (ISCED 5-8)
A,TE1026V,IT044C,2016,22743.0,,,IT044C,IT,,2016,higher_ed_students,Students in higher education (ISCED 5-8)
A,TE1026V,IT044C,2017,22912.0,,,IT044C,IT,,2017,higher_ed_students,Students in higher education (ISCED 5-8)
A,TE1026V,IT044C,2018,23636.0,,,IT044C,IT,,2018,higher_ed_students,Students in higher education (ISCED 5-8)
A,TE1026V,IT044C,2019,24766.0,,,IT044C,IT,,2019,higher_ed_students,Students in higher education (ISCED 5-8)
A,TE1026V,IT044C,2020,25180.0,,,IT044C,IT,,2020,higher_ed_students,Students in higher education (ISCED 5-8)
A,TE1026V,IT044C,2021,25910.0,,,IT044C,IT,,2021,higher_ed_students,Students in higher education (ISCED 5-8)
A,TE1026V,IT045C,2015,4.0,,,IT045C,IT,,2015,higher_ed_students,Students in higher education (ISCED 5-8)
A,TE1026V,IT045C,2016,4.0,,,IT045C,IT,,2016,higher_ed_students,Students in higher education (ISCED 5-8)
A,TE1026V,IT045C,2017,3.0,,,IT045C,IT,,2017,higher_ed_students,Students in higher education (ISCED 5-8)
A,TE1026V,IT045C,2018,2.0,,,IT045C,IT,,2018,higher_ed_students,Students in higher education (ISCED 5-8)
A,TE1026V,IT045C,2019,2.0,,,IT045C,IT,,2019,higher_ed_students,Students in higher education (ISCED 5-8)
A,TE1026V,IT045C,2020,2.0,,,IT045C,IT,,2020,higher_ed_students,Students in higher education (ISCED 5-8)
A,TE1026V,IT045C,2021,1.0,,,IT045C,IT,,2021,higher_ed_students,Students in higher education (ISCED 5-8)
A,TE1026V,IT046C,2015,281.0,,,IT046C,IT,,2015,higher_ed_students,Students in higher education (ISCED 5-8)
A,TE1026V,IT046C,2016,1472.0,,,IT046C,IT,,2016,higher_ed_students,Students in higher education (ISCED 5-8)
A,TE1026V,IT046C,2017,1548.0,,,IT046C,IT,,2017,higher_ed_students,Students in higher education (ISCED 5-8)
A,TE1026V,IT046C,2018,1108.0,,,IT046C,IT,,2018,higher_ed_students,Students in higher education (ISCED 5-8)
A,TE1026V,IT046C,2019,904.0,,,IT046C,IT,,2019,higher_ed_students,Students in higher education (ISCED 5-8)
A,TE1026V,IT046C,2020,450.0,,,IT046C,IT,,2020,higher_ed_students,Students in higher education (ISCED 5-8)
A,TE1026V,IT046C,2021,516.0,,,IT046C,IT,,2021,higher_ed_students,Students in higher education (ISCED 5-8)
A,TE1026V,IT047C,2015,1140.0,,,IT047C,IT,,2015,higher_ed_students,Students in higher education (ISCED 5-8)
A,TE1026V,IT047C,2016,1277.0,,,IT047C,IT,,2016,higher_ed_students,Students in higher education (ISCED 5-8)
A,TE1026V,IT047C,2017,1420.0,,,IT047C,IT,,2017,higher_ed_students,Students in higher education (ISCED 5-8)
A,TE1026V,IT047C,2018,1631.0,,,IT047C,IT,,2018,higher_ed_students,Students in higher education (ISCED 5-8)
A,TE1026V,IT047C,2019,1521.0,,,IT047C,IT,,2019,higher_ed_students,Students in higher education (ISCED 5-8)
A,TE1026V,IT047C,2020,1643.0,,,IT047C,IT,,2020,higher_ed_students,Students in higher education (ISCED 5-8)
A,TE1026V,IT047C,2021,1766.0,,,IT047C,IT,,2021,higher_ed_students,Students in higher education (ISCED 5-8)
A,TE1026V,IT048C,2015,1769.0,,,IT048C,IT,,2015,higher_ed_students,Students in higher education (ISCED 5-8)
A,TE1026V,IT048C,2016,1710.0,,,IT048C,IT,,2016,higher_ed_students,Students in higher education (ISCED 5-8)
A,TE1026V,IT048C,2017,1917.0,,,IT048C,IT,,2017,higher_ed_students,Students in higher education (ISCED 5-8)
A,TE1026V,IT048C,2018,2264.0,,,IT048C,IT,,2018,higher_ed_students,Students in higher education (ISCED 5-8)
A,TE1026V,IT048C,2019,2105.0,,,IT048C,IT,,2019,higher_ed_students,Students in higher education (ISCED 5-8)
A,TE1026V,IT048C,2020,2132.0,,,IT048C,IT,,2020,higher_ed_students,Students in higher education (ISCED 5-8)
A,TE1026V,IT048C,2021,2148.0,,,IT048C,IT,,2021,higher_ed_students,Students in higher education (ISCED 5-8)
A,TE1026V,IT049C,2015,27.0,,,IT049C,IT,,2015,higher_ed_students,Students in higher education (ISCED 5-8)
A,TE1026V,IT049C,2016,76.0,,,IT049C,IT,,2016,higher_ed_students,Students in higher education (ISCED 5-8)
A,TE1026V,IT049C,2017,14.0,,,IT049C,IT,,2017,higher_ed_students,Students in higher education (ISCED 5-8)
A,TE1026V,IT049C,2018,8.0,,,IT049C,IT,,2018,higher_ed_students,Students in higher education (ISCED 5-8)
A,TE1026V,IT049C,2019,7.0,,,IT049C,IT,,2019,higher_ed_students,Students in higher education (ISCED 5-8)
A,TE1026V,IT049C,2020,5.0,,,IT049C,IT,,2020,higher_ed_students,Students in higher education (ISCED 5-8)
A,TE1026V,IT049C,2021,4.0,,,IT049C,IT,,2021,higher_ed_students,Students in higher education (ISCED 5-8)
A,TE1026V,IT050C,2015,1070.0,,,IT050C,IT,,2015,higher_ed_students,Students in higher education (ISCED 5-8)
A,TE1026V,IT050C,2016,1262.0,,,IT050C,IT,,2016,higher_ed_students,Students in higher education (ISCED 5-8)
A,TE1026V,IT050C,2017,1222.0,,,IT050C,IT,,2017,higher_ed_students,Students in higher education (ISCED 5-8)
A,TE1026V,IT050C,2018,1551.0,,,IT050C,IT,,2018,higher_ed_students,Students in higher education (ISCED 5-8)
A,TE1026V,IT050C,2019,1234.0,,,IT050C,IT,,2019,higher_ed_students,Students in higher education (ISCED 5-8)
A,TE1026V,IT050C,2020,1150.0,,,IT050C,IT,,2020,higher_ed_students,Students in higher education (ISCED 5-8)
A,TE1026V,IT050C,2021,1196.0,,,IT050C,IT,,2021,higher_ed_students,Students in higher education (ISCED 5-8)
A,TE1026V,IT051C,2015,1013.0,,,IT051C,IT,,2015,higher_ed_students,Students in higher education (ISCED 5-8)
A,TE1026V,IT051C,2016,1114.0,,,IT051C,IT,,2016,higher_ed_students,Students in higher education (ISCED 5-8)
A,TE1026V,IT051C,2017,973.0,,,IT051C,IT,,2017,higher_ed_students,Students in higher education (ISCED 5-8)
A,TE1026V,IT051C,2018,1001.0,,,IT051C,IT,,2018,higher_ed_students,Students in higher education (ISCED 5-8)
A,TE1026V,IT051C,2019,1069.0,,,IT051C,IT,,2019,higher_ed_students,Students in higher education (ISCED 5-8)
A,TE1026V,IT051C,2020,1082.0,,,IT051C,IT,,2020,higher_ed_students,Students in higher education (ISCED 5-8)
A,TE1026V,IT051C,2021,1092.0,,,IT051C,IT,,2021,higher_ed_students,Students in higher education (ISCED 5-8)
A,TE1026V,IT052C,2015,1816.0,,,IT052C,IT,,2015,higher_ed_students,Students in higher education (ISCED 5-8)
A,TE1026V,IT052C,2016,1844.0,,,IT052C,IT,,2016,higher_ed_students,Students in higher education (ISCED 5-8)
A,TE1026V,IT052C,2017,1779.0,,,IT052C,IT,,2017,higher_ed_students,Students in higher education (ISCED 5-8)
A,TE1026V,IT052C,2018,1794.0,,,IT052C,IT,,2018,higher_ed_students,Students in higher education (ISCED 5-8)
A,TE1026V,IT052C,2019,1793.0,,,IT052C,IT,,2019,higher_ed_students,Students in higher education (ISCED 5-8)
A,TE1026V,IT052C,2020,1770.0,,,IT052C,IT,,2020,higher_ed_students,Students in higher education (ISCED 5-8)
A,TE1026V,IT052C,2021,1755.0,,,IT052C,IT,,2021,higher_ed_students,Students in higher education (ISCED 5-8)
A,TE1026V,IT053C,2015,0.0,,,IT053C,IT,,2015,higher_ed_students,Students in higher education (ISCED 5-8)
A,TE1026V,IT053C,2016,0.0,,,IT053C,IT,,2016,higher_ed_students,Students in higher education (ISCED 5-8)
A,TE1026V,IT053C,2017,0.0,,,IT053C,IT,,2017,higher_ed_students,Students in higher education (ISCED 5-8)
A,TE1026V,IT053C,2018,0.0,,,IT053C,IT,,2018,higher_ed_students,Students in higher education (ISCED 5-8)
A,TE1026V,IT053C,2019,0.0,,,IT053C,IT,,2019,higher_ed_students,Students in higher education (ISCED 5-8)
A,TE1026V,IT053C,2020,0.0,,,IT053C,IT,,2020,higher_ed_students,Students in higher education (ISCED 5-8)
A,TE1026V,IT053C,2021,0.0,,,IT053C,IT,,2021,higher_ed_students,Students in higher education (ISCED 5-8)
A,TE1026V,IT054C,2015,0.0,,,IT054C,IT,,2015,higher_ed_students,Students in higher education (ISCED 5-8)
A,TE1026V,IT054C,2016,0.0,,,IT054C,IT,,2016,higher_ed_students,Students in higher education (ISCED 5-8)
A,TE1026V,IT054C,2017,0.0,,,IT054C,IT,,2017,higher_ed_students,Students in higher education (ISCED 5-8)
A,TE1026V,IT054C,2018,0.0,,,IT054C,IT,,2018,higher_ed_students,Students in higher education (ISCED 5-8)
A,TE1026V,IT054C,2019,0.0,,,IT054C,IT,,2019,higher_ed_students,Students in higher education (ISCED 5-8)
A,TE1026V,IT054C,2020,0.0,,,IT054C,IT,,2020,higher_ed_students,Students in higher education (ISCED 5-8)
A,TE1026V,IT054C,2021,0.0,,,IT054C,IT,,2021,higher_ed_students,Students in higher education (ISCED 5-8)
A,TE1026V,IT055C,2015,0.0,,,IT055C,IT,,2015,higher_ed_students,Students in higher education (ISCED 5-8)
A,TE1026V,IT055C,2016,0.0,,,IT055C,IT,,2016,higher_ed_students,Students in higher education (ISCED 5-8)
A,TE1026V,IT055C,2017,0.0,,,IT055C,IT,,2017,higher_ed_students,Students in higher education (ISCED 5-8)
A,TE1026V,IT055C,2018,0.0,,,IT055C,IT,,2018,higher_ed_students,Students in higher education (ISCED 5-8)
A,TE1026V,IT055C,2019,0.0,,,IT055C,IT,,2019,higher_ed_students,Students in higher education (ISCED 5-8)
A,TE1026V,IT055C,2020,0.0,,,IT055C,IT,,2020,higher_ed_students,Students in higher education (ISCED 5-8)
A,TE1026V,IT055C,2021,0.0,,,IT055C,IT,,2021,higher_ed_students,Students in higher education (ISCED 5-8)
A,TE1026V,IT056C,2015,0.0,,,IT056C,IT,,2015,higher_ed_students,Students in higher education (ISCED 5-8)
A,TE1026V,IT056C,2016,0.0,,,IT056C,IT,,2016,higher_ed_students,Students in higher education (ISCED 5-8)
A,TE1026V,IT056C,2017,0.0,,,IT056C,IT,,2017,higher_ed_students,Students in higher education (ISCED 5-8)
A,TE1026V,IT056C,2018,0.0,,,IT056C,IT,,2018,higher_ed_students,Students in higher education (ISCED 5-8)
A,TE1026V,IT056C,2019,0.0,,,IT056C,IT,,2019,higher_ed_students,Students in higher education (ISCED 5-8)
A,TE1026V,IT056C,2020,0.0,,,IT056C,IT,,2020,higher_ed_students,Students in higher education (ISCED 5-8)
A,TE1026V,IT056C,2021,0.0,,,IT056C,IT,,2021,higher_ed_students,Students in higher education (ISCED 5-8)
A,TE1026V,IT057C,2015,0.0,,,IT057C,IT,,2015,higher_ed_students,Students in higher education (ISCED 5-8)
A,TE1026V,IT057C,2016,0.0,,,IT057C,IT,,2016,higher_ed_students,Students in higher education (ISCED 5-8)
A,TE1026V,IT057C,2017,0.0,,,IT057C,IT,,2017,higher_ed_students,Students in higher education (ISCED 5-8)
A,TE1026V,IT057C,2018,0.0,,,IT057C,IT,,2018,higher_ed_students,Students in higher education (ISCED 5-8)
A,TE1026V,IT057C,2019,0.0,,,IT057C,IT,,2019,higher_ed_students,Students in higher education (ISCED 5-8)
A,TE1026V,IT057C,2020,0.0,,,IT057C,IT,,2020,higher_ed_students,Students in higher education (ISCED 5-8)
A,TE1026V,IT057C,2021,0.0,,,IT057C,IT,,2021,higher_ed_students,Students in higher education (ISCED 5-8)
A,TE1026V,IT058C,2015,68.0,,,IT058C,IT,,2015,higher_ed_students,Students in higher education (ISCED 5-8)
A,TE1026V,IT058C,2016,0.0,,,IT058C,IT,,2016,higher_ed_students,Students in higher education (ISCED 5-8)
A,TE1026V,IT058C,2017,0.0,,,IT058C,IT,,2017,higher_ed_students,Students in higher education (ISCED 5-8)
A,TE1026V,IT058C,2018,0.0,,,IT058C,IT,,2018,higher_ed_students,Students in higher education (ISCED 5-8)
A,TE1026V,IT058C,2019,0.0,,,IT058C,IT,,2019,higher_ed_students,Students in higher education (ISCED 5-8)
A,TE1026V,IT058C,2020,0.0,,,IT058C,IT,,2020,higher_ed_students,Students in higher education (ISCED 5-8)
A,TE1026V,IT058C,2021,0.0,,,IT058C,IT,,2021,higher_ed_students,Students in higher education (ISCED 5-8)
A,TE1026V,IT059C,2015,9.0,,,IT059C,IT,,2015,higher_ed_students,Students in higher education (ISCED 5-8)
A,TE1026V,IT059C,2016,7.0,,,IT059C,IT,,2016,higher_ed_students,Students in higher education (ISCED 5-8)
A,TE1026V,IT059C,2017,3.0,,,IT059C,IT,,2017,higher_ed_students,Students in higher education (ISCED 5-8)
A,TE1026V,IT059C,2018,2.0,,,IT059C,IT,,2018,higher_ed_students,Students in higher education (ISCED 5-8)
A,TE1026V,IT059C,2019,2.0,,,IT059C,IT,,2019,higher_ed_students,Students in higher education (ISCED 5-8)
A,TE1026V,IT059C,2020,1.0,,,IT059C,IT,,2020,higher_ed_students,Students in higher education (ISCED 5-8)
A,TE1026V,IT059C,2021,0.0,,,IT059C,IT,,2021,higher_ed_students,Students in higher education (ISCED 5-8)
A,TE1026V,IT060C,2015,0.0,,,IT060C,IT,,2015,higher_ed_students,Students in higher education (ISCED 5-8)
A,TE1026V,IT060C,2016,0.0,,,IT060C,IT,,2016,higher_ed_students,Students in higher education (ISCED 5-8)
A,TE1026V,IT060C,2017,0.0,,,IT060C,IT,,2017,higher_ed_students,Students in higher education (ISCED 5-8)
A,TE1026V,IT060C,2018,0.0,,,IT060C,IT,,2018,higher_ed_students,Students in higher education (ISCED 5-8)
A,TE1026V,IT060C,2019,0.0,,,IT060C,IT,,2019,higher_ed_students,Students in higher education (ISCED 5-8)
A,TE1026V,IT060C,2020,0.0,,,IT060C,IT,,2020,higher_ed_students,Students in higher education (ISCED 5-8)
A,TE1026V,IT060C,2021,0.0,,,IT060C,IT,,2021,higher_ed_students,Students in higher education (ISCED 5-8)
A,TE1026V,IT061C,2015,0.0,,,IT061C,IT,,2015,higher_ed_students,Students in higher education (ISCED 5-8)
A,TE1026V,IT061C,2016,0.0,,,IT061C,IT,,2016,higher_ed_students,Students in higher education (ISCED 5-8)
A,TE1026V,IT061C,2017,0.0,,,IT061C,IT,,2017,higher_ed_students,Students in higher education (ISCED 5-8)
A,TE1026V,IT061C,2018,0.0,,,IT061C,IT,,2018,higher_ed_students,Students in higher education (ISCED 5-8)
A,TE1026V,IT061C,2019,0.0,,,IT061C,IT,,2019,higher_ed_students,Students in higher education (ISCED 5-8)
A,TE1026V,IT061C,2020,0.0,,,IT061C,IT,,2020,higher_ed_students,Students in higher education (ISCED 5-8)
A,TE1026V,IT061C,2021,0.0,,,IT061C,IT,,2021,higher_ed_students,Students in higher education (ISCED 5-8)
A,TE1026V,IT062C,2015,0.0,,,IT062C,IT,,2015,higher_ed_students,Students in higher education (ISCED 5-8)
A,TE1026V,IT062C,2016,0.0,,,IT062C,IT,,2016,higher_ed_students,Students in higher education (ISCED 5-8)
A,TE1026V,IT062C,2017,0.0,,,IT062C,IT,,2017,higher_ed_students,Students in higher education (ISCED 5-8)
A,TE1026V,IT062C,2018,0.0,,,IT062C,IT,,2018,higher_ed_students,Students in higher education (ISCED 5-8)
A,TE1026V,IT062C,2019,0.0,,,IT062C,IT,,2019,higher_ed_students,Students in higher education (ISCED 5-8)
A,TE1026V,IT062C,2020,0.0,,,IT062C,IT,,2020,higher_ed_students,Students in higher education (ISCED 5-8)
A,TE1026V,IT062C,2021,0.0,,,IT062C,IT,,2021,higher_ed_students,Students in higher education (ISCED 5-8)
A,TE1026V,IT063C,2015,0.0,,,IT063C,IT,,2015,higher_ed_students,Students in higher education (ISCED 5-8)
A,TE1026V,IT063C,2016,0.0,,,IT063C,IT,,2016,higher_ed_students,Students in higher education (ISCED 5-8)
A,TE1026V,IT063C,2017,0.0,,,IT063C,IT,,2017,higher_ed_students,Students in higher education (ISCED 5-8)
A,TE1026V,IT063C,2018,0.0,,,IT063C,IT,,2018,higher_ed_students,Students in higher education (ISCED 5-8)
A,TE1026V,IT063C,2019,0.0,,,IT063C,IT,,2019,higher_ed_students,Students in higher education (ISCED 5-8)
A,TE1026V,IT063C,2020,0.0,,,IT063C,IT,,2020,higher_ed_students,Students in higher education (ISCED 5-8)
A,TE1026V,IT063C,2021,0.0,,,IT063C,IT,,2021,higher_ed_students,Students in higher education (ISCED 5-8)
A,TE1026V,IT064C,2015,24149.0,,,IT064C,IT,,2015,higher_ed_students,Students in higher education (ISCED 5-8)
A,TE1026V,IT064C,2016,24761.0,,,IT064C,IT,,2016,higher_ed_students,Students in higher education (ISCED 5-8)
A,TE1026V,IT064C,2017,23921.0,,,IT064C,IT,,2017,higher_ed_students,Students in higher education (ISCED 5-8)
A,TE1026V,IT064C,2018,24268.0,,,IT064C,IT,,2018,higher_ed_students,Students in higher education (ISCED 5-8)
A,TE1026V,IT064C,2019,23597.0,,,IT064C,IT,,2019,higher_ed_students,Students in higher education (ISCED 5-8)
A,TE1026V,IT064C,2020,24001.0,,,IT064C,IT,,2020,higher_ed_students,Students in higher education (ISCED 5-8)
A,TE1026V,IT064C,2021,25183.0,,,IT064C,IT,,2021,higher_ed_students,Students in higher education (ISCED 5-8)
A,TE1026V,IT065C,2015,743.0,,,IT065C,IT,,2015,higher_ed_students,Students in higher education (ISCED 5-8)
A,TE1026V,IT065C,2016,623.0,,,IT065C,IT,,2016,higher_ed_students,Students in higher education (ISCED 5-8)
A,TE1026V,IT065C,2017,537.0,,,IT065C,IT,,2017,higher_ed_students,Students in higher education (ISCED 5-8)
A,TE1026V,IT065C,2018,533.0,,,IT065C,IT,,2018,higher_ed_students,Students in higher education (ISCED 5-8)
A,TE1026V,IT065C,2019,493.0,,,IT065C,IT,,2019,higher_ed_students,Students in higher education (ISCED 5-8)
A,TE1026V,IT065C,2020,455.0,,,IT065C,IT,,2020,higher_ed_students,Students in higher education (ISCED 5-8)
A,TE1026V,IT065C,2021,445.0,,,IT065C,IT,,2021,higher_ed_students,Students in higher education (ISCED 5-8)
A,TE1026V,IT066C,2015,23336.0,,,IT066C,IT,,2015,higher_ed_students,Students in higher education (ISCED 5-8)
A,TE1026V,IT066C,2016,24777.0,,,IT066C,IT,,2016,higher_ed_students,Students in higher education (ISCED 5-8)
A,TE1026V,IT066C,2017,25812.0,,,IT066C,IT,,2017,higher_ed_students,Students in higher education (ISCED 5-8)
A,TE1026V,IT066C,2018,26811.0,,,IT066C,IT,,2018,higher_ed_students,Students in higher education (ISCED 5-8)
A,TE1026V,IT066C,2019,27723.0,,,IT066C,IT,,2019,higher_ed_students,Students in higher education (ISCED 5-8)
A,TE1026V,IT066C,2020,28793.0,,,IT066C,IT,,2020,higher_ed_students,Students in higher education (ISCED 5-8)
A,TE1026V,IT066C,2021,30258.0,,,IT066C,IT,,2021,higher_ed_students,Students in higher education (ISCED 5-8)
A,TE1026V,IT067C,2015,956.0,,,IT067C,IT,,2015,higher_ed_students,Students in higher education (ISCED 5-8)
A,TE1026V,IT067C,2016,957.0,,,IT067C,IT,,2016,higher_ed_students,Students in higher education (ISCED 5-8)
A,TE1026V,IT067C,2017,997.0,,,IT067C,IT,,2017,higher_ed_students,Students in higher education (ISCED 5-8)
A,TE1026V,IT067C,2018,1064.0,,,IT067C,IT,,2018,higher_ed_students,Students in higher education (ISCED 5-8)
A,TE1026V,IT067C,2019,1174.0,,,IT067C,IT,,2019,higher_ed_students,Students in higher education (ISCED 5-8)
A,TE1026V,IT067C,2020,1172.0,,,IT067C,IT,,2020,higher_ed_students,Students in higher education (ISCED 5-8)
A,TE1026V,IT067C,2021,1210.0,,,IT067C,IT,,2021,higher_ed_students,Students in higher education (ISCED 5-8)
A,TE1026V,IT068C,2015,6718.0,,,IT068C,IT,,2015,higher_ed_students,Students in higher education (ISCED 5-8)
A,TE1026V,IT068C,2016,7227.0,,,IT068C,IT,,2016,higher_ed_students,Students in higher education (ISCED 5-8)
A,TE1026V,IT068C,2017,7917.0,,,IT068C,IT,,2017,higher_ed_students,Students in higher education (ISCED 5-8)
A,TE1026V,IT068C,2018,8735.0,,,IT068C,IT,,2018,higher_ed_students,Students in higher education (ISCED 5-8)
A,TE1026V,IT068C,2019,9534.0,,,IT068C,IT,,2019,higher_ed_students,Students in higher education (ISCED 5-8)
A,TE1026V,IT068C,2020,11065.0,,,IT068C,IT,,2020,higher_ed_students,Students in higher education (ISCED 5-8)
A,TE1026V,IT068C,2021,11786.0,,,IT068C,IT,,2021,higher_ed_students,Students in higher education (ISCED 5-8)
A,TE1026V,IT069C,2015,2912.0,,,IT069C,IT,,2015,higher_ed_students,Students in higher education (ISCED 5-8)
A,TE1026V,IT069C,2016,2824.0,,,IT069C,IT,,2016,higher_ed_students,Students in higher education (ISCED 5-8)
A,TE1026V,IT069C,2017,2679.0,,,IT069C,IT,,2017,higher_ed_students,Students in higher education (ISCED 5-8)
A,TE1026V,IT069C,2018,2739.0,,,IT069C,IT,,2018,higher_ed_students,Students in higher education (ISCED 5-8)
A,TE1026V,IT069C,2019,2819.0,,,IT069C,IT,,2019,higher_ed_students,Students in higher education (ISCED 5-8)
A,TE1026V,IT069C,2020,2988.0,,,IT069C,IT,,2020,higher_ed_students,Students in higher education (ISCED 5-8)
A,TE1026V,IT069C,2021,3371.0,,,IT069C,IT,,2021,higher_ed_students,Students in higher education (ISCED 5-8)
A,TE1026V,IT070C,2015,14915.0,,,IT070C,IT,,2015,higher_ed_students,Students in higher education (ISCED 5-8)
A,TE1026V,IT070C,2016,16016.0,,,IT070C,IT,,2016,higher_ed_students,Students in higher education (ISCED 5-8)
A,TE1026V,IT070C,2017,16162.0,,,IT070C,IT,,2017,higher_ed_students,Students in higher education (ISCED 5-8)
A,TE1026V,IT070C,2018,19219.0,,,IT070C,IT,,2018,higher_ed_students,Students in higher education (ISCED 5-8)
A,TE1026V,IT070C,2019,21153.0,,,IT070C,IT,,2019,higher_ed_students,Students in higher education (ISCED 5-8)
A,TE1026V,IT070C,2020,23743.0,,,IT070C,IT,,2020,higher_ed_students,Students in higher education (ISCED 5-8)
A,TE1026V,IT070C,2021,26507.0,,,IT070C,IT,,2021,higher_ed_students,Students in higher education (ISCED 5-8)
A,TE1026V,IT071C,2015,5205.0,,,IT071C,IT,,2015,higher_ed_students,Students in higher education (ISCED 5-8)
A,TE1026V,IT071C,2016,5007.0,,,IT071C,IT,,2016,higher_ed_students,Students in higher education (ISCED 5-8)
A,TE1026V,IT071C,2017,5108.0,,,IT071C,IT,,2017,higher_ed_students,Students in higher education (ISCED 5-8)
A,TE1026V,IT071C,2018,5074.0,,,IT071C,IT,,2018,higher_ed_students,Students in higher education (ISCED 5-8)
A,TE1026V,IT071C,2019,5125.0,,,IT071C,IT,,2019,higher_ed_students,Students in higher education (ISCED 5-8)
A,TE1026V,IT071C,2020,5247.0,,,IT071C,IT,,2020,higher_ed_students,Students in higher education (ISCED 5-8)
A,TE1026V,IT071C,2021,5274.0,,,IT071C,IT,,2021,higher_ed_students,Students in higher education (ISCED 5-8)
A,TE1026V,IT072C,2015,1142.0,,,IT072C,IT,,2015,higher_ed_students,Students in higher education (ISCED 5-8)
A,TE1026V,IT072C,2016,1195.0,,,IT072C,IT,,2016,higher_ed_students,Students in higher education (ISCED 5-8)
A,TE1026V,IT072C,2017,961.0,,,IT072C,IT,,2017,higher_ed_students,Students in higher education (ISCED 5-8)
A,TE1026V,IT072C,2018,839.0,,,IT072C,IT,,2018,higher_ed_students,Students in higher education (ISCED 5-8)
A,TE1026V,IT072C,2019,741.0,,,IT072C,IT,,2019,higher_ed_students,Students in higher education (ISCED 5-8)
A,TE1026V,IT072C,2020,662.0,,,IT072C,IT,,2020,higher_ed_students,Students in higher education (ISCED 5-8)
A,TE1026V,IT072C,2021,612.0,,,IT072C,IT,,2021,higher_ed_students,Students in higher education (ISCED 5-8)
A,TE1026V,IT073C,2015,13475.0,,,IT073C,IT,,2015,higher_ed_students,Students in higher education (ISCED 5-8)
A,TE1026V,IT073C,2016,14488.0,,,IT073C,IT,,2016,higher_ed_students,Students in higher education (ISCED 5-8)
A,TE1026V,IT073C,2017,15121.0,,,IT073C,IT,,2017,higher_ed_students,Students in higher education (ISCED 5-8)
A,TE1026V,IT073C,2018,16282.0,,,IT073C,IT,,2018,higher_ed_students,Students in higher education (ISCED 5-8)
A,TE1026V,IT073C,2019,17604.0,,,IT073C,IT,,2019,higher_ed_students,Students in higher education (ISCED 5-8)
A,TE1026V,IT073C,2020,18856.0,,,IT073C,IT,,2020,higher_ed_students,Students in higher education (ISCED 5-8)
A,TE1026V,IT073C,2021,18710.0,,,IT073C,IT,,2021,higher_ed_students,Students in higher education (ISCED 5-8)
A,TE1026V,IT074C,2015,5255.0,,,IT074C,IT,,2015,higher_ed_students,Students in higher education (ISCED 5-8)
A,TE1026V,IT074C,2016,5436.0,,,IT074C,IT,,2016,higher_ed_students,Students in higher education (ISCED 5-8)
A,TE1026V,IT074C,2017,5688.0,,,IT074C,IT,,2017,higher_ed_students,Students in higher education (ISCED 5-8)
A,TE1026V,IT074C,2018,5945.0,,,IT074C,IT,,2018,higher_ed_students,Students in higher education (ISCED 5-8)
A,TE1026V,IT074C,2019,6104.0,,,IT074C,IT,,2019,higher_ed_students,Students in higher education (ISCED 5-8)
A,TE1026V,IT074C,2020,6335.0,,,IT074C,IT,,2020,higher_ed_students,Students in higher education (ISCED 5-8)
A,TE1026V,IT074C,2021,6528.0,,,IT074C,IT,,2021,higher_ed_students,Students in higher education (ISCED 5-8)
A,TE1026V,IT075C,2015,3452.0,,,IT075C,IT,,2015,higher_ed_students,Students in higher education (ISCED 5-8)
A,TE1026V,IT075C,2016,3516.0,,,IT075C,IT,,2016,higher_ed_students,Students in higher education (ISCED 5-8)
A,TE1026V,IT075C,2017,3461.0,,,IT075C,IT,,2017,higher_ed_students,Students in higher education (ISCED 5-8)
A,TE1026V,IT075C,2018,3500.0,,,IT075C,IT,,2018,higher_ed_students,Students in higher education (ISCED 5-8)
A,TE1026V,IT075C,2019,3612.0,,,IT075C,IT,,2019,higher_ed_students,Students in higher education (ISCED 5-8)
A,TE1026V,IT075C,2020,3640.0,,,IT075C,IT,,2020,higher_ed_students,Students in higher education (ISCED 5-8)
A,TE1026V,IT075C,2021,3514.0,,,IT075C,IT,,2021,higher_ed_students,Students in higher education (ISCED 5-8)
A,TE1026V,IT076C,2015,4636.0,,,IT076C,IT,,2015,higher_ed_students,Students in higher education (ISCED 5-8)
A,TE1026V,IT076C,2016,4928.0,,,IT076C,IT,,2016,higher_ed_students,Students in higher education (ISCED 5-8)
A,TE1026V,IT076C,2017,4404.0,,,IT076C,IT,,2017,higher_ed_students,Students in higher education (ISCED 5-8)
A,TE1026V,IT076C,2018,4862.0,,,IT076C,IT,,2018,higher_ed_students,Students in higher education (ISCED 5-8)
A,TE1026V,IT076C,2019,4950.0,,,IT076C,IT,,2019,higher_ed_students,Students in higher education (ISCED 5-8)
A,TE1026V,IT076C,2020,5235.0,,,IT076C,IT,,2020,higher_ed_students,Students in higher education (ISCED 5-8)
A,TE1026V,IT076C,2021,5491.0,,,IT076C,IT,,2021,higher_ed_students,Students in higher education (ISCED 5-8)
A,TE1026V,IT077C,2015,1601.0,,,IT077C,IT,,2015,higher_ed_students,Students in higher education (ISCED 5-8)
A,TE1026V,IT077C,2016,1587.0,,,IT077C,IT,,2016,higher_ed_students,Students in higher education (ISCED 5-8)
A,TE1026V,IT077C,2017,1442.0,,,IT077C,IT,,2017,higher_ed_students,Students in higher education (ISCED 5-8)
A,TE1026V,IT077C,2018,1463.0,,,IT077C,IT,,2018,higher_ed_students,Students in higher education (ISCED 5-8)
A,TE1026V,IT077C,2019,1462.0,,,IT077C,IT,,2019,higher_ed_students,Students in higher education (ISCED 5-8)
A,TE1026V,IT077C,2020,1467.0,,,IT077C,IT,,2020,higher_ed_students,Students in higher education (ISCED 5-8)
A,TE1026V,IT077C,2021,1427.0,,,IT077C,IT,,2021,higher_ed_students,Students in higher education (ISCED 5-8)
A,TE1026V,IT078C,2015,6539.0,,,IT078C,IT,,2015,higher_ed_students,Students in higher education (ISCED 5-8)
A,TE1026V,IT078C,2016,7172.0,,,IT078C,IT,,2016,higher_ed_students,Students in higher education (ISCED 5-8)
A,TE1026V,IT078C,2017,7763.0,,,IT078C,IT,,2017,higher_ed_students,Students in higher education (ISCED 5-8)
A,TE1026V,IT078C,2018,7802.0,,,IT078C,IT,,2018,higher_ed_students,Students in higher education (ISCED 5-8)
A,TE1026V,IT078C,2019,7963.0,,,IT078C,IT,,2019,higher_ed_students,Students in higher education (ISCED 5-8)
A,TE1026V,IT078C,2020,8745.0,,,IT078C,IT,,2020,higher_ed_students,Students in higher education (ISCED 5-8)
A,TE1026V,IT078C,2021,9238.0,,,IT078C,IT,,2021,higher_ed_students,Students in higher education (ISCED 5-8)
A,TE1026V,IT079C,2015,2971.0,,,IT079C,IT,,2015,higher_ed_students,Students in higher education (ISCED 5-8)
A,TE1026V,IT079C,2016,2931.0,,,IT079C,IT,,2016,higher_ed_students,Students in higher education (ISCED 5-8)
A,TE1026V,IT079C,2017,3074.0,,,IT079C,IT,,2017,higher_ed_students,Students in higher education (ISCED 5-8)
A,TE1026V,IT079C,2018,3467.0,,,IT079C,IT,,2018,higher_ed_students,Students in higher education (ISCED 5-8)
A,TE1026V,IT079C,2019,3728.0,,,IT079C,IT,,2019,higher_ed_students,Students in higher education (ISCED 5-8)
A,TE1026V,IT079C,2020,4141.0,,,IT079C,IT,,2020,higher_ed_students,Students in higher education (ISCED 5-8)
A,TE1026V,IT079C,2021,4275.0,,,IT079C,IT,,2021,higher_ed_students,Students in higher education (ISCED 5-8)
A,TE1026V,IT080C,2015,1237.0,,,IT080C,IT,,2015,higher_ed_students,Students in higher education (ISCED 5-8)
A,TE1026V,IT080C,2016,1124.0,,,IT080C,IT,,2016,higher_ed_students,Students in higher education (ISCED 5-8)
A,TE1026V,IT080C,2017,1013.0,,,IT080C,IT,,2017,higher_ed_students,Students in higher education (ISCED 5-8)
A,TE1026V,IT080C,2018,1141.0,,,IT080C,IT,,2018,higher_ed_students,Students in higher education (ISCED 5-8)
A,TE1026V,IT080C,2019,1283.0,,,IT080C,IT,,2019,higher_ed_students,Students in higher education (ISCED 5-8)
A,TE1026V,IT080C,2020,1500.0,,,IT080C,IT,,2020,higher_ed_students,Students in higher education (ISCED 5-8)
A,TE1026V,IT080C,2021,1766.0,,,IT080C,IT,,2021,higher_ed_students,Students in higher education (ISCED 5-8)
A,TE1026V,IT081C,2015,172.0,,,IT081C,IT,,2015,higher_ed_students,Students in higher education (ISCED 5-8)
A,TE1026V,IT081C,2016,111.0,,,IT081C,IT,,2016,higher_ed_students,Students in higher education (ISCED 5-8)
A,TE1026V,IT081C,2017,23.0,,,IT081C,IT,,2017,higher_ed_students,Students in higher education (ISCED 5-8)
A,TE1026V,IT081C,2018,18.0,,,IT081C,IT,,2018,higher_ed_students,Students in higher education (ISCED 5-8)
A,TE1026V,IT081C,2019,13.0,,,IT081C,IT,,2019,higher_ed_students,Students in higher education (ISCED 5-8)
A,TE1026V,IT081C,2020,46.0,,,IT081C,IT,,2020,higher_ed_students,Students in higher education (ISCED 5-8)
A,TE1026V,IT081C,2021,28.0,,,IT081C,IT,,2021,higher_ed_students,Students in higher education (ISCED 5-8)
A,TE1026V,IT082C,2015,1701.0,,,IT082C,IT,,2015,higher_ed_students,Students in higher education (ISCED 5-8)
A,TE1026V,IT082C,2016,1428.0,,,IT082C,IT,,2016,higher_ed_students,Students in higher education (ISCED 5-8)
A,TE1026V,IT082C,2017,1213.0,,,IT082C,IT,,2017,higher_ed_students,Students in higher education (ISCED 5-8)
A,TE1026V,IT082C,2018,1022.0,,,IT082C,IT,,2018,higher_ed_students,Students in higher education (ISCED 5-8)
A,TE1026V,IT082C,2019,930.0,,,IT082C,IT,,2019,higher_ed_students,Students in higher education (ISCED 5-8)
A,TE1026V,IT082C,2020,873.0,,,IT082C,IT,,2020,higher_ed_students,Students in higher education (ISCED 5-8)
A,TE1026V,IT082C,2021,809.0,,,IT082C,IT,,2021,higher_ed_students,Students in higher education (ISCED 5-8)
A,TE1026V,IT083C,2015,1027.0,,,IT083C,IT,,2015,higher_ed_students,Students in higher education (ISCED 5-8)
A,TE1026V,IT083C,2016,959.0,,,IT083C,IT,,2016,higher_ed_students,Students in higher education (ISCED 5-8)
A,TE1026V,IT083C,2017,962.0,,,IT083C,IT,,2017,higher_ed_students,Students in higher education (ISCED 5-8)
A,TE1026V,IT083C,2018,1108.0,,,IT083C,IT,,2018,higher_ed_students,Students in higher education (ISCED 5-8)
A,TE1026V,IT083C,2019,935.0,,,IT083C,IT,,2019,higher_ed_students,Students in higher education (ISCED 5-8)
A,TE1026V,IT083C,2020,882.0,,,IT083C,IT,,2020,higher_ed_students,Students in higher education (ISCED 5-8)
A,TE1026V,IT083C,2021,869.0,,,IT083C,IT,,2021,higher_ed_students,Students in higher education (ISCED 5-8)
A,TE1026V,IT084C,2015,952.0,,,IT084C,IT,,2015,higher_ed_students,Students in higher education (ISCED 5-8)
A,TE1026V,IT084C,2016,972.0,,,IT084C,IT,,2016,higher_ed_students,Students in higher education (ISCED 5-8)
A,TE1026V,IT084C,2017,993.0,,,IT084C,IT,,2017,higher_ed_students,Students in higher education (ISCED 5-8)
A,TE1026V,IT084C,2018,1045.0,,,IT084C,IT,,2018,higher_ed_students,Students in higher education (ISCED 5-8)
A,TE1026V,IT084C,2019,1068.0,,,IT084C,IT,,2019,higher_ed_students,Students in higher education (ISCED 5-8)
A,TE1026V,IT084C,2020,1091.0,,,IT084C,IT,,2020,higher_ed_students,Students in higher education (ISCED 5-8)
A,TE1026V,IT084C,2021,1096.0,,,IT084C,IT,,2021,higher_ed_students,Students in higher education (ISCED 5-8)
A,TE1026V,IT085C,2015,0.0,,,IT085C,IT,,2015,higher_ed_students,Students in higher education (ISCED 5-8)
A,TE1026V,IT085C,2016,0.0,,,IT085C,IT,,2016,higher_ed_students,Students in higher education (ISCED 5-8)
A,TE1026V,IT085C,2017,0.0,,,IT085C,IT,,2017,higher_ed_students,Students in higher education (ISCED 5-8)
A,TE1026V,IT085C,2018,0.0,,,IT085C,IT,,2018,higher_ed_students,Students in higher education (ISCED 5-8)
A,TE1026V,IT085C,2019,0.0,,,IT085C,IT,,2019,higher_ed_students,Students in higher education (ISCED 5-8)
A,TE1026V,IT085C,2020,0.0,,,IT085C,IT,,2020,higher_ed_students,Students in higher education (ISCED 5-8)
A,TE1026V,IT085C,2021,0.0,,,IT085C,IT,,2021,higher_ed_students,Students in higher education (ISCED 5-8)
A,TE1026V,IT086C,2015,0.0,,,IT086C,IT,,2015,higher_ed_students,Students in higher education (ISCED 5-8)
A,TE1026V,IT086C,2016,0.0,,,IT086C,IT,,2016,higher_ed_students,Students in higher education (ISCED 5-8)
A,TE1026V,IT086C,2017,0.0,,,IT086C,IT,,2017,higher_ed_students,Students in higher education (ISCED 5-8)
A,TE1026V,IT086C,2018,0.0,,,IT086C,IT,,2018,higher_ed_students,Students in higher education (ISCED 5-8)
A,TE1026V,IT086C,2019,0.0,,,IT086C,IT,,2019,higher_ed_students,Students in higher education (ISCED 5-8)
A,TE1026V,IT086C,2020,0.0,,,IT086C,IT,,2020,higher_ed_students,Students in higher education (ISCED 5-8)
A,TE1026V,IT086C,2021,0.0,,,IT086C,IT,,2021,higher_ed_students,Students in higher education (ISCED 5-8)
A,TE1026V,IT087C,2015,21692.0,,,IT087C,IT,,2015,higher_ed_students,Students in higher education (ISCED 5-8)
A,TE1026V,IT087C,2016,19680.0,,,IT087C,IT,,2016,higher_ed_students,Students in higher education (ISCED 5-8)
A,TE1026V,IT087C,2017,18660.0,,,IT087C,IT,,2017,higher_ed_students,Students in higher education (ISCED 5-8)
A,TE1026V,IT087C,2018,18010.0,,,IT087C,IT,,2018,higher_ed_students,Students in higher education (ISCED 5-8)
A,TE1026V,IT087C,2019,17616.0,,,IT087C,IT,,2019,higher_ed_students,Students in higher education (ISCED 5-8)
A,TE1026V,IT087C,2020,17545.0,,,IT087C,IT,,2020,higher_ed_students,Students in higher education (ISCED 5-8)
A,TE1026V,IT087C,2021,17869.0,,,IT087C,IT,,2021,higher_ed_students,Students in higher education (ISCED 5-8)
A,TE1026V,LT,2015,133589.0,,,LT,LT,,2015,higher_ed_students,Students in higher education (ISCED 5-8)
A,TE1026V,LT,2016,125679.0,,,LT,LT,,2016,higher_ed_students,Students in higher education (ISCED 5-8)
A,TE1026V,LT,2017,118033.0,,,LT,LT,,2017,higher_ed_students,Students in higher education (ISCED 5-8)
A,TE1026V,LT,2018,111516.0,,,LT,LT,,2018,higher_ed_students,Students in higher education (ISCED 5-8)
A,TE1026V,LT001C,2015,66606.0,,,LT001C,LT,,2015,higher_ed_students,Students in higher education (ISCED 5-8)
A,TE1026V,LT001C,2016,62466.0,,,LT001C,LT,,2016,higher_ed_students,Students in higher education (ISCED 5-8)
A,TE1026V,LT001C,2017,59008.0,,,LT001C,LT,,2017,higher_ed_students,Students in higher education (ISCED 5-8)
A,TE1026V,LT001C,2018,54668.0,,,LT001C,LT,,2018,higher_ed_students,Students in higher education (ISCED 5-8)
A,TE1026V,LT001C,2019,53586.0,,,LT001C,LT,,2019,higher_ed_students,Students in higher education (ISCED 5-8)
A,TE1026V,LT001C,2020,53968.0,,,LT001C,LT,,2020,higher_ed_students,Students in higher education (ISCED 5-8)
A,TE1026V,LT001C,2021,54185.0,,,LT001C,LT,,2021,higher_ed_students,Students in higher education (ISCED 5-8)
A,TE1026V,LT001C,2022,54042.0,,,LT001C,LT,,2022,higher_ed_students,Students in higher education (ISCED 5-8)
A,TE1026V,LT001C,2023,53942.0,,,LT001C,LT,,2023,higher_ed_students,Students in higher education (ISCED 5-8)
A,TE1026V,LT002C,2015,37536.0,,,LT002C,LT,,2015,higher_ed_students,Students in higher education (ISCED 5-8)
A,TE1026V,LT002C,2016,37088.0,,,LT002C,LT,,2016,higher_ed_students,Students in higher education (ISCED 5-8)
A,TE1026V,LT002C,2017,35948.0,,,LT002C,LT,,2017,higher_ed_students,Students in higher education (ISCED 5-8)
A,TE1026V,LT002C,2018,36400.0,,,LT002C,LT,,2018,higher_ed_students,Students in higher education (ISCED 5-8)
A,TE1026V,LT002C,2019,34491.0,,,LT002C,LT,,2019,higher_ed_students,Students in higher education (ISCED 5-8)
A,TE1026V,LT002C,2020,36178.0,,,LT002C,LT,,2020,higher_ed_students,Students in higher education (ISCED 5-8)
A,TE1026V,LT002C,2021,35251.0,,,LT002C,LT,,2021,higher_ed_students,Students in higher education (ISCED 5-8)
A,TE1026V,LT002C,2022,34271.0,,,LT002C,LT,,2022,higher_ed_students,Students in higher education (ISCED 5-8)
A,TE1026V,LT002C,2023,33488.0,,,LT002C,LT,,2023,higher_ed_students,Students in higher education (ISCED 5-8)
A,TE1026V,LT003C,2015,1522.0,,,LT003C,LT,,2015,higher_ed_students,Students in higher education (ISCED 5-8)
A,TE1026V,LT003C,2016,1423.0,,,LT003C,LT,,2016,higher_ed_students,Students in higher education (ISCED 5-8)
A,TE1026V,LT003C,2017,1357.0,,,LT003C,LT,,2017,higher_ed_students,Students in higher education (ISCED 5-8)
A,TE1026V,LT003C,2018,1364.0,,,LT003C,LT,,2018,higher_ed_students,Students in higher education (ISCED 5-8)
A,TE1026V,LT003C,2019,1353.0,,,LT003C,LT,,2019,higher_ed_students,Students in higher education (ISCED 5-8)
A,TE1026V,LT003C,2020,1323.0,,,LT003C,LT,,2020,higher_ed_students,Students in higher education (ISCED 5-8)
A,TE1026V,LT003C,2021,1310.0,,,LT003C,LT,,2021,higher_ed_students,Students in higher education (ISCED 5-8)
A,TE1026V,LT003C,2022,1262.0,,,LT003C,LT,,2022,higher_ed_students,Students in higher education (ISCED 5-8)
A,TE1026V,LT003C,2023,1270.0,,,LT003C,LT,,2023,higher_ed_students,Students in higher education (ISCED 5-8)
A,TE1026V,LT004C,2015,790.0,,,LT004C,LT,,2015,higher_ed_students,Students in higher education (ISCED 5-8)
A,TE1026V,LT004C,2016,782.0,,,LT004C,LT,,2016,higher_ed_students,Students in higher education (ISCED 5-8)
A,TE1026V,LT004C,2017,725.0,,,LT004C,LT,,2017,higher_ed_students,Students in higher education (ISCED 5-8)
A,TE1026V,LT004C,2018,726.0,,,LT004C,LT,,2018,higher_ed_students,Students in higher education (ISCED 5-8)
A,TE1026V,LT004C,2019,633.0,,,LT004C,LT,,2019,higher_ed_students,Students in higher education (ISCED 5-8)
A,TE1026V,LT004C,2020,634.0,,,LT004C,LT,,2020,higher_ed_students,Students in higher education (ISCED 5-8)
A,TE1026V,LT004C,2021,706.0,,,LT004C,LT,,2021,higher_ed_students,Students in higher education (ISCED 5-8)
A,TE1026V,LT004C,2022,762.0,,,LT004C,LT,,2022,higher_ed_students,Students in higher education (ISCED 5-8)
A,TE1026V,LT004C,2023,795.0,,,LT004C,LT,,2023,higher_ed_students,Students in higher education (ISCED 5-8)
A,TE1026V,LT005C,2015,12679.0,,,LT005C,LT,,2015,higher_ed_students,Students in higher education (ISCED 5-8)
A,TE1026V,LT005C,2016,10257.0,,,LT005C,LT,,2016,higher_ed_students,Students in higher education (ISCED 5-8)
A,TE1026V,LT005C,2017,9280.0,,,LT005C,LT,,2017,higher_ed_students,Students in higher education (ISCED 5-8)
A,TE1026V,LT005C,2018,8306.0,,,LT005C,LT,,2018,higher_ed_students,Students in higher education (ISCED 5-8)
A,TE1026V,LT005C,2019,7900.0,,,LT005C,LT,,2019,higher_ed_students,Students in higher education (ISCED 5-8)
A,TE1026V,LT005C,2020,8076.0,,,LT005C,LT,,2020,higher_ed_students,Students in higher education (ISCED 5-8)
A,TE1026V,LT005C,2021,7862.0,,,LT005C,LT,,2021,higher_ed_students,Students in higher education (ISCED 5-8)
A,TE1026V,LT005C,2022,7642.0,,,LT005C,LT,,2022,higher_ed_students,Students in higher education (ISCED 5-8)
A,TE1026V,LT005C,2023,7670.0,,,LT005C,LT,,2023,higher_ed_students,Students in higher education (ISCED 5-8)
A,TE1026V,LT006C,2015,5649.0,,,LT006C,LT,,2015,higher_ed_students,Students in higher education (ISCED 5-8)
A,TE1026V,LT006C,2016,5138.0,,,LT006C,LT,,2016,higher_ed_students,Students in higher education (ISCED 5-8)
A,TE1026V,LT006C,2017,4252.0,,,LT006C,LT,,2017,higher_ed_students,Students in higher education (ISCED 5-8)
A,TE1026V,LT006C,2018,3637.0,,,LT006C,LT,,2018,higher_ed_students,Students in higher education (ISCED 5-8)
A,TE1026V,LT006C,2019,2993.0,,,LT006C,LT,,2019,higher_ed_students,Students in higher education (ISCED 5-8)
A,TE1026V,LT006C,2020,2610.0,,,LT006C,LT,,2020,higher_ed_students,Students in higher education (ISCED 5-8)
A,TE1026V,LT006C,2021,2381.0,,,LT006C,LT,,2021,higher_ed_students,Students in higher education (ISCED 5-8)
A,TE1026V,LT006C,2022,2641.0,,,LT006C,LT,,2022,higher_ed_students,Students in higher education (ISCED 5-8)
A,TE1026V,LT006C,2023,2946.0,,,LT006C,LT,,2023,higher_ed_students,Students in higher education (ISCED 5-8)
A,TE1026V,LV,2015,84282.0,,,LV,LV,,2015,higher_ed_students,Students in higher education (ISCED 5-8)
A,TE1026V,LV,2016,82914.0,,,LV,LV,,2016,higher_ed_students,Students in higher education (ISCED 5-8)
A,TE1026V,LV,2017,81602.0,d,,LV,LV,,2017,higher_ed_students,Students in higher education (ISCED 5-8)
A,TE1026V,LV,2018,80355.0,d,,LV,LV,,2018,higher_ed_students,Students in higher education (ISCED 5-8)
A,TE1026V,LV,2020,78548.0,d,,LV,LV,,2020,higher_ed_students,Students in higher education (ISCED 5-8)
A,TE1026V,LV,2021,77376.0,d,,LV,LV,,2021,higher_ed_students,Students in higher education (ISCED 5-8)
A,TE1026V,LV,2022,75368.0,d,,LV,LV,,2022,higher_ed_students,Students in higher education (ISCED 5-8)
A,TE1026V,LV,2023,74017.0,d,,LV,LV,,2023,higher_ed_students,Students in higher education (ISCED 5-8)
A,TE1026V,LV001C,2015,69671.0,,,LV001C,LV,,2015,higher_ed_students,Students in higher education (ISCED 5-8)
A,TE1026V,LV001C,2016,68588.0,,,LV001C,LV,,2016,higher_ed_students,Students in higher education (ISCED 5-8)
A,TE1026V,LV001C,2017,67322.0,d,,LV001C,LV,,2017,higher_ed_students,Students in higher education (ISCED 5-8)
A,TE1026V,LV001C,2018,66702.0,d,,LV001C,LV,,2018,higher_ed_students,Students in higher education (ISCED 5-8)
A,TE1026V,LV001C,2019,66231.0,d,,LV001C,LV,,2019,higher_ed_students,Students in higher education (ISCED 5-8)
A,TE1026V,LV001C,2020,65542.0,d,,LV001C,LV,,2020,higher_ed_students,Students in higher education (ISCED 5-8)
A,TE1026V,LV001C,2021,64216.0,d,,LV001C,LV,,2021,higher_ed_students,Students in higher education (ISCED 5-8)
A,TE1026V,LV001C,2022,62541.0,d,,LV001C,LV,,2022,higher_ed_students,Students in higher education (ISCED 5-8)
A,TE1026V,LV001C,2023,61483.0,d,,LV001C,LV,,2023,higher_ed_students,Students in higher education (ISCED 5-8)
A,TE1026V,LV002C,2015,2201.0,,,LV002C,LV,,2015,higher_ed_students,Students in higher education (ISCED 5-8)
A,TE1026V,LV002C,2016,2128.0,,,LV002C,LV,,2016,higher_ed_students,Students in higher education (ISCED 5-8)
A,TE1026V,LV002C,2017,2185.0,d,,LV002C,LV,,2017,higher_ed_students,Students in higher education (ISCED 5-8)
A,TE1026V,LV002C,2018,2162.0,d,,LV002C,LV,,2018,higher_ed_students,Students in higher education (ISCED 5-8)
A,TE1026V,LV002C,2019,1991.0,d,,LV002C,LV,,2019,higher_ed_students,Students in higher education (ISCED 5-8)
A,TE1026V,LV002C,2020,1885.0,d,,LV002C,LV,,2020,higher_ed_students,Students in higher education (ISCED 5-8)
A,TE1026V,LV002C,2021,1895.0,d,,LV002C,LV,,2021,higher_ed_students,Students in higher education (ISCED 5-8)
A,TE1026V,LV002C,2022,1827.0,d,,LV002C,LV,,2022,higher_ed_students,Students in higher education (ISCED 5-8)
A,TE1026V,LV002C,2023,1826.0,d,,LV002C,LV,,2023,higher_ed_students,Students in higher education (ISCED 5-8)
A,TE1026V,LV003C,2015,4353.0,,,LV003C,LV,,2015,higher_ed_students,Students in higher education (ISCED 5-8)
A,TE1026V,LV003C,2016,4223.0,,,LV003C,LV,,2016,higher_ed_students,Students in higher education (ISCED 5-8)
A,TE1026V,LV003C,2017,4176.0,d,,LV003C,LV,,2017,higher_ed_students,Students in higher education (ISCED 5-8)
A,TE1026V,LV003C,2018,3880.0,d,,LV003C,LV,,2018,higher_ed_students,Students in higher education (ISCED 5-8)
A,TE1026V,LV003C,2019,3845.0,d,,LV003C,LV,,2019,higher_ed_students,Students in higher education (ISCED 5-8)
A,TE1026V,LV003C,2020,3891.0,d,,LV003C,LV,,2020,higher_ed_students,Students in higher education (ISCED 5-8)
A,TE1026V,LV003C,2021,3833.0,d,,LV003C,LV,,2021,higher_ed_students,Students in higher education (ISCED 5-8)
A,TE1026V,LV003C,2022,3756.0,d,,LV003C,LV,,2022,higher_ed_students,Students in higher education (ISCED 5-8)
A,TE1026V,LV004C,2015,2435.0,,,LV004C,LV,,2015,higher_ed_students,Students in higher education (ISCED 5-8)
A,TE1026V,LV004C,2016,2528.0,,,LV004C,LV,,2016,higher_ed_students,Students in higher education (ISCED 5-8)
A,TE1026V,LV004C,2017,2590.0,d,,LV004C,LV,,2017,higher_ed_students,Students in higher education (ISCED 5-8)
A,TE1026V,LV004C,2018,2514.0,d,,LV004C,LV,,2018,higher_ed_students,Students in higher education (ISCED 5-8)
A,TE1026V,LV004C,2019,2400.0,d,,LV004C,LV,,2019,higher_ed_students,Students in higher education (ISCED 5-8)
A,TE1026V,LV004C,2020,2329.0,d,,LV004C,LV,,2020,higher_ed_students,Students in higher education (ISCED 5-8)
A,TE1026V,LV004C,2021,2786.0,d,,LV004C,LV,,2021,higher_ed_students,Students in higher education (ISCED 5-8)
A,TE1026V,LV004C,2022,2827.0,d,,LV004C,LV,,2022,higher_ed_students,Students in higher education (ISCED 5-8)
A,TE1026V,LV004C,2023,2891.0,d,,LV004C,LV,,2023,higher_ed_students,Students in higher education (ISCED 5-8)
A,TE1026V,MT,2015,13216.0,,,MT,MT,,2015,higher_ed_students,Students in higher education (ISCED 5-8)
A,TE1026V,MT,2016,13329.0,b,,MT,MT,,2016,higher_ed_students,Students in higher education (ISCED 5-8)
A,TE1026V,MT,2017,14425.0,,,MT,MT,,2017,higher_ed_students,Students in higher education (ISCED 5-8)
A,TE1026V,MT,2018,15086.0,p,,MT,MT,,2018,higher_ed_students,Students in higher education (ISCED 5-8)
A,TE1026V,MT001C,2015,13216.0,,,MT001C,MT,,2015,higher_ed_students,Students in higher education (ISCED 5-8)
A,TE1026V,MT001C,2016,12727.0,b,,MT001C,MT,,2016,higher_ed_students,Students in higher education (ISCED 5-8)
A,TE1026V,MT001C,2017,13787.0,,,MT001C,MT,,2017,higher_ed_students,Students in higher education (ISCED 5-8)
A,TE1026V,MT001C,2018,14469.0,p,,MT001C,MT,,2018,higher_ed_students,Students in higher education (ISCED 5-8)
A,TE1026V,MT001C,2019,15674.0,p,,MT001C,MT,,2019,higher_ed_students,Students in higher education (ISCED 5-8)
A,TE1026V,MT001C,2020,15931.0,p,,MT001C,MT,,2020,higher_ed_students,Students in higher education (ISCED 5-8)
A,TE1026V,MT001C,2021,16923.0,p,,MT001C,MT,,2021,higher_ed_students,Students in higher education (ISCED 5-8)
A,TE1026V,MT001C,2022,17187.0,,,MT001C,MT,,2022,higher_ed_students,Students in higher education (ISCED 5-8)
A,TE1026V,MT001C,2023,20602.0,p,,MT001C,MT,,2023,higher_ed_students,Students in higher education (ISCED 5-8)
A,TE1026V,NL,2019,770277.0,,,NL,NL,,2019,higher_ed_students,Students in higher education (ISCED 5-8)
A,TE1026V,NL,2020,820888.0,,,NL,NL,,2020,higher_ed_students,Students in higher education (ISCED 5-8)
A,TE1026V,NL,2021,836220.0,,,NL,NL,,2021,higher_ed_students,Students in higher education (ISCED 5-8)
A,TE1026V,NL,2022,836069.0,,,NL,NL,,2022,higher_ed_students,Students in higher education (ISCED 5-8)
A,TE1026V,NL,2023,804460.0,,,NL,NL,,2023,higher_ed_students,Students in higher education (ISCED 5-8)
A,TE1026V,NL001C,2019,61314.0,,,NL001C,NL,,2019,higher_ed_students,Students in higher education (ISCED 5-8)
A,TE1026V,NL001C,2020,67585.0,,,NL001C,NL,,2020,higher_ed_students,Students in higher education (ISCED 5-8)
A,TE1026V,NL001C,2021,69385.0,,,NL001C,NL,,2021,higher_ed_students,Students in higher education (ISCED 5-8)
A,TE1026V,NL001C,2022,71736.0,,,NL001C,NL,,2022,higher_ed_students,Students in higher education (ISCED 5-8)
A,TE1026V,NL001C,2023,70430.0,,,NL001C,NL,,2023,higher_ed_students,Students in higher education (ISCED 5-8)
A,TE1026V,NL002C,2019,5576.0,,,NL002C,NL,,2019,higher_ed_students,Students in higher education (ISCED 5-8)
A,TE1026V,NL002C,2020,6181.0,,,NL002C,NL,,2020,higher_ed_students,Students in higher education (ISCED 5-8)
A,TE1026V,NL002C,2021,6428.0,,,NL002C,NL,,2021,higher_ed_students,Students in higher education (ISCED 5-8)
A,TE1026V,NL002C,2022,4549.0,,,NL002C,NL,,2022,higher_ed_students,Students in higher education (ISCED 5-8)
A,TE1026V,NL002C,2023,6800.0,,,NL002C,NL,,2023,higher_ed_students,Students in higher education (ISCED 5-8)
A,TE1026V,NL003C,2019,2246.0,,,NL003C,NL,,2019,higher_ed_students,Students in higher education (ISCED 5-8)
A,TE1026V,NL003C,2020,2467.0,,,NL003C,NL,,2020,higher_ed_students,Students in higher education (ISCED 5-8)
A,TE1026V,NL003C,2021,2483.0,,,NL003C,NL,,2021,higher_ed_students,Students in higher education (ISCED 5-8)
A,TE1026V,NL003C,2022,2482.0,,,NL003C,NL,,2022,higher_ed_students,Students in higher education (ISCED 5-8)
A,TE1026V,NL003C,2023,2260.0,,,NL003C,NL,,2023,higher_ed_students,Students in higher education (ISCED 5-8)
A,TE1026V,NL004C,2019,7702.0,,,NL004C,NL,,2019,higher_ed_students,Students in higher education (ISCED 5-8)
A,TE1026V,NL004C,2020,8353.0,,,NL004C,NL,,2020,higher_ed_students,Students in higher education (ISCED 5-8)
A,TE1026V,NL004C,2021,8314.0,,,NL004C,NL,,2021,higher_ed_students,Students in higher education (ISCED 5-8)
A,TE1026V,NL004C,2022,8328.0,,,NL004C,NL,,2022,higher_ed_students,Students in higher education (ISCED 5-8)
A,TE1026V,NL004C,2023,7800.0,,,NL004C,NL,,2023,higher_ed_students,Students in higher education (ISCED 5-8)
A,TE1026V,NL005C,2019,3717.0,,,NL005C,NL,,2019,higher_ed_students,Students in higher education (ISCED 5-8)
A,TE1026V,NL005C,2020,3971.0,,,NL005C,NL,,2020,higher_ed_students,Students in higher education (ISCED 5-8)
A,TE1026V,NL005C,2021,4042.0,,,NL005C,NL,,2021,higher_ed_students,Students in higher education (ISCED 5-8)
A,TE1026V,NL005C,2022,4046.0,,,NL005C,NL,,2022,higher_ed_students,Students in higher education (ISCED 5-8)
A,TE1026V,NL005C,2023,3660.0,,,NL005C,NL,,2023,higher_ed_students,Students in higher education (ISCED 5-8)
A,TE1026V,NL006C,2019,5889.0,,,NL006C,NL,,2019,higher_ed_students,Students in higher education (ISCED 5-8)
A,TE1026V,NL006C,2020,6422.0,,,NL006C,NL,,2020,higher_ed_students,Students in higher education (ISCED 5-8)
A,TE1026V,NL006C,2021,6504.0,,,NL006C,NL,,2021,higher_ed_students,Students in higher education (ISCED 5-8)
A,TE1026V,NL006C,2022,6516.0,,,NL006C,NL,,2022,higher_ed_students,Students in higher education (ISCED 5-8)
A,TE1026V,NL006C,2023,6030.0,,,NL006C,NL,,2023,higher_ed_students,Students in higher education (ISCED 5-8)
A,TE1026V,NL007C,2019,4622.0,,,NL007C,NL,,2019,higher_ed_students,Students in higher education (ISCED 5-8)
A,TE1026V,NL007C,2020,4987.0,,,NL007C,NL,,2020,higher_ed_students,Students in higher education (ISCED 5-8)
A,TE1026V,NL007C,2021,5119.0,,,NL007C,NL,,2021,higher_ed_students,Students in higher education (ISCED 5-8)
A,TE1026V,NL007C,2022,5123.0,,,NL007C,NL,,2022,higher_ed_students,Students in higher education (ISCED 5-8)
A,TE1026V,NL007C,2023,4640.0,,,NL007C,NL,,2023,higher_ed_students,Students in higher education (ISCED 5-8)
A,TE1026V,NL008C,2019,8662.0,,,NL008C,NL,,2019,higher_ed_students,Students in higher education (ISCED 5-8)
A,TE1026V,NL008C,2020,9425.0,,,NL008C,NL,,2020,higher_ed_students,Students in higher education (ISCED 5-8)
A,TE1026V,NL008C,2021,9441.0,,,NL008C,NL,,2021,higher_ed_students,Students in higher education (ISCED 5-8)
A,TE1026V,NL008C,2022,9532.0,,,NL008C,NL,,2022,higher_ed_students,Students in higher education (ISCED 5-8)
A,TE1026V,NL008C,2023,8990.0,,,NL008C,NL,,2023,higher_ed_students,Students in higher education (ISCED 5-8)
A,TE1026V,NL009C,2019,2154.0,,,NL009C,NL,,2019,higher_ed_students,Students in higher education (ISCED 5-8)
A,TE1026V,NL009C,2020,2336.0,,,NL009C,NL,,2020,higher_ed_students,Students in higher education (ISCED 5-8)
A,TE1026V,NL009C,2021,2385.0,,,NL009C,NL,,2021,higher_ed_students,Students in higher education (ISCED 5-8)
A,TE1026V,NL009C,2022,2389.0,,,NL009C,NL,,2022,higher_ed_students,Students in higher education (ISCED 5-8)
A,TE1026V,NL009C,2023,2220.0,,,NL009C,NL,,2023,higher_ed_students,Students in higher education (ISCED 5-8)
A,TE1026V,NL010C,2019,1835.0,,,NL010C,NL,,2019,higher_ed_students,Students in higher education (ISCED 5-8)
A,TE1026V,NL010C,2020,2051.0,,,NL010C,NL,,2020,higher_ed_students,Students in higher education (ISCED 5-8)
A,TE1026V,NL010C,2021,2069.0,,,NL010C,NL,,2021,higher_ed_students,Students in higher education (ISCED 5-8)
A,TE1026V,NL010C,2022,2068.0,,,NL010C,NL,,2022,higher_ed_students,Students in higher education (ISCED 5-8)
A,TE1026V,NL010C,2023,1850.0,,,NL010C,NL,,2023,higher_ed_students,Students in higher education (ISCED 5-8)
A,TE1026V,NL011C,2019,10916.0,,,NL011C,NL,,2019,higher_ed_students,Students in higher education (ISCED 5-8)
A,TE1026V,NL011C,2020,11234.0,,,NL011C,NL,,2020,higher_ed_students,Students in higher education (ISCED 5-8)
A,TE1026V,NL011C,2021,10966.0,,,NL011C,NL,,2021,higher_ed_students,Students in higher education (ISCED 5-8)
A,TE1026V,NL011C,2022,11122.0,,,NL011C,NL,,2022,higher_ed_students,Students in higher education (ISCED 5-8)
A,TE1026V,NL011C,2023,10860.0,,,NL011C,NL,,2023,higher_ed_students,Students in higher education (ISCED 5-8)
A,TE1026V,NL012C,2019,3780.0,,,NL012C,NL,,2019,higher_ed_students,Students in higher education (ISCED 5-8)
A,TE1026V,NL012C,2020,4068.0,,,NL012C,NL,,2020,higher_ed_students,Students in higher education (ISCED 5-8)
A,TE1026V,NL012C,2021,4086.0,,,NL012C,NL,,2021,higher_ed_students,Students in higher education (ISCED 5-8)
A,TE1026V,NL012C,2022,4087.0,,,NL012C,NL,,2022,higher_ed_students,Students in higher education (ISCED 5-8)
A,TE1026V,NL012C,2023,3840.0,,,NL012C,NL,,2023,higher_ed_students,Students in higher education (ISCED 5-8)
A,TE1026V,NL013C,2019,12375.0,,,NL013C,NL,,2019,higher_ed_students,Students in higher education (ISCED 5-8)
A,TE1026V,NL013C,2020,12607.0,,,NL013C,NL,,2020,higher_ed_students,Students in higher education (ISCED 5-8)
A,TE1026V,NL013C,2021,12450.0,,,NL013C,NL,,2021,higher_ed_students,Students in higher education (ISCED 5-8)
A,TE1026V,NL013C,2022,12737.0,,,NL013C,NL,,2022,higher_ed_students,Students in higher education (ISCED 5-8)
A,TE1026V,NL013C,2023,13240.0,,,NL013C,NL,,2023,higher_ed_students,Students in higher education (ISCED 5-8)
A,TE1026V,NL014C,2019,17389.0,,,NL014C,NL,,2019,higher_ed_students,Students in higher education (ISCED 5-8)
A,TE1026V,NL014C,2020,18788.0,,,NL014C,NL,,2020,higher_ed_students,Students in higher education (ISCED 5-8)
A,TE1026V,NL014C,2021,18777.0,,,NL014C,NL,,2021,higher_ed_students,Students in higher education (ISCED 5-8)
A,TE1026V,NL014C,2022,19404.0,,,NL014C,NL,,2022,higher_ed_students,Students in higher education (ISCED 5-8)
A,TE1026V,NL014C,2023,18700.0,,,NL014C,NL,,2023,higher_ed_students,Students in higher education (ISCED 5-8)
A,TE1026V,NL015C,2019,12583.0,,,NL015C,NL,,2019,higher_ed_students,Students in higher education (ISCED 5-8)
A,TE1026V,NL015C,2020,13649.0,,,NL015C,NL,,2020,higher_ed_students,Students in higher education (ISCED 5-8)
A,TE1026V,NL015C,2021,13539.0,,,NL015C,NL,,2021,higher_ed_students,Students in higher education (ISCED 5-8)
A,TE1026V,NL015C,2022,13974.0,,,NL015C,NL,,2022,higher_ed_students,Students in higher education (ISCED 5-8)
A,TE1026V,NL015C,2023,13680.0,,,NL015C,NL,,2023,higher_ed_students,Students in higher education (ISCED 5-8)
A,TE1026V,NL016C,2019,2772.0,,,NL016C,NL,,2019,higher_ed_students,Students in higher education (ISCED 5-8)
A,TE1026V,NL016C,2020,2845.0,,,NL016C,NL,,2020,higher_ed_students,Students in higher education (ISCED 5-8)
A,TE1026V,NL016C,2021,2892.0,,,NL016C,NL,,2021,higher_ed_students,Students in higher education (ISCED 5-8)
A,TE1026V,NL016C,2022,2893.0,,,NL016C,NL,,2022,higher_ed_students,Students in higher education (ISCED 5-8)
A,TE1026V,NL016C,2023,2770.0,,,NL016C,NL,,2023,higher_ed_students,Students in higher education (ISCED 5-8)
A,TE1026V,NL017C,2019,46396.0,,,NL017C,NL,,2019,higher_ed_students,Students in higher education (ISCED 5-8)
A,TE1026V,NL017C,2020,50908.0,,,NL017C,NL,,2020,higher_ed_students,Students in higher education (ISCED 5-8)
A,TE1026V,NL017C,2021,51025.0,,,NL017C,NL,,2021,higher_ed_students,Students in higher education (ISCED 5-8)
A,TE1026V,NL017C,2022,52844.0,,,NL017C,NL,,2022,higher_ed_students,Students in higher education (ISCED 5-8)
A,TE1026V,NL017C,2023,51200.0,,,NL017C,NL,,2023,higher_ed_students,Students in higher education (ISCED 5-8)
A,TE1026V,NL018C,2019,35274.0,,,NL018C,NL,,2019,higher_ed_students,Students in higher education (ISCED 5-8)
A,TE1026V,NL018C,2020,37719.0,,,NL018C,NL,,2020,higher_ed_students,Students in higher education (ISCED 5-8)
A,TE1026V,NL018C,2021,36953.0,,,NL018C,NL,,2021,higher_ed_students,Students in higher education (ISCED 5-8)
A,TE1026V,NL018C,2022,38719.0,,,NL018C,NL,,2022,higher_ed_students,Students in higher education (ISCED 5-8)
A,TE1026V,NL018C,2023,38640.0,,,NL018C,NL,,2023,higher_ed_students,Students in higher education (ISCED 5-8)
A,TE1026V,NL019C,2019,9506.0,,,NL019C,NL,,2019,higher_ed_students,Students in higher education (ISCED 5-8)
A,TE1026V,NL019C,2020,10345.0,,,NL019C,NL,,2020,higher_ed_students,Students in higher education (ISCED 5-8)
A,TE1026V,NL019C,2021,10274.0,,,NL019C,NL,,2021,higher_ed_students,Students in higher education (ISCED 5-8)
A,TE1026V,NL019C,2022,10305.0,,,NL019C,NL,,2022,higher_ed_students,Students in higher education (ISCED 5-8)
A,TE1026V,NL019C,2023,9240.0,,,NL019C,NL,,2023,higher_ed_students,Students in higher education (ISCED 5-8)
A,TE1026V,NL020C,2019,5687.0,,,NL020C,NL,,2019,higher_ed_students,Students in higher education (ISCED 5-8)
A,TE1026V,NL020C,2020,6183.0,,,NL020C,NL,,2020,higher_ed_students,Students in higher education (ISCED 5-8)
A,TE1026V,NL020C,2021,6338.0,,,NL020C,NL,,2021,higher_ed_students,Students in higher education (ISCED 5-8)
A,TE1026V,NL020C,2022,6345.0,,,NL020C,NL,,2022,higher_ed_students,Students in higher education (ISCED 5-8)
A,TE1026V,NL020C,2023,6110.0,,,NL020C,NL,,2023,higher_ed_students,Students in higher education (ISCED 5-8)
A,TE1026V,NL021C,2019,2909.0,,,NL021C,NL,,2019,higher_ed_students,Students in higher education (ISCED 5-8)
A,TE1026V,NL021C,2020,3127.0,,,NL021C,NL,,2020,higher_ed_students,Students in higher education (ISCED 5-8)
A,TE1026V,NL021C,2021,3157.0,,,NL021C,NL,,2021,higher_ed_students,Students in higher education (ISCED 5-8)
A,TE1026V,NL021C,2022,3158.0,,,NL021C,NL,,2022,higher_ed_students,Students in higher education (ISCED 5-8)
A,TE1026V,NL021C,2023,2920.0,,,NL021C,NL,,2023,higher_ed_students,Students in higher education (ISCED 5-8)
A,TE1026V,NL022C,2019,4589.0,,,NL022C,NL,,2019,higher_ed_students,Students in higher education (ISCED 5-8)
A,TE1026V,NL022C,2020,4881.0,,,NL022C,NL,,2020,higher_ed_students,Students in higher education (ISCED 5-8)
A,TE1026V,NL022C,2021,4755.0,,,NL022C,NL,,2021,higher_ed_students,Students in higher education (ISCED 5-8)
A,TE1026V,NL022C,2022,4771.0,,,NL022C,NL,,2022,higher_ed_students,Students in higher education (ISCED 5-8)
A,TE1026V,NL022C,2023,4360.0,,,NL022C,NL,,2023,higher_ed_students,Students in higher education (ISCED 5-8)
A,TE1026V,NL023C,2019,2704.0,,,NL023C,NL,,2019,higher_ed_students,Students in higher education (ISCED 5-8)
A,TE1026V,NL023C,2020,2881.0,,,NL023C,NL,,2020,higher_ed_students,Students in higher education (ISCED 5-8)
A,TE1026V,NL023C,2021,2863.0,,,NL023C,NL,,2021,higher_ed_students,Students in higher education (ISCED 5-8)
A,TE1026V,NL023C,2022,2866.0,,,NL023C,NL,,2022,higher_ed_students,Students in higher education (ISCED 5-8)
A,TE1026V,NL023C,2023,2650.0,,,NL023C,NL,,2023,higher_ed_students,Students in higher education (ISCED 5-8)
A,TE1026V,NL024C,2019,3225.0,,,NL024C,NL,,2019,higher_ed_students,Students in higher education (ISCED 5-8)
A,TE1026V,NL024C,2020,3494.0,,,NL024C,NL,,2020,higher_ed_students,Students in higher education (ISCED 5-8)
A,TE1026V,NL024C,2021,3520.0,,,NL024C,NL,,2021,higher_ed_students,Students in higher education (ISCED 5-8)
A,TE1026V,NL024C,2022,3540.0,,,NL024C,NL,,2022,higher_ed_students,Students in higher education (ISCED 5-8)
A,TE1026V,NL024C,2023,3360.0,,,NL024C,NL,,2023,higher_ed_students,Students in higher education (ISCED 5-8)
A,TE1026V,NL025C,2019,6104.0,,,NL025C,NL,,2019,higher_ed_students,Students in higher education (ISCED 5-8)
A,TE1026V,NL025C,2020,6336.0,,,NL025C,NL,,2020,higher_ed_students,Students in higher education (ISCED 5-8)
A,TE1026V,NL025C,2021,6341.0,,,NL025C,NL,,2021,higher_ed_students,Students in higher education (ISCED 5-8)
A,TE1026V,NL025C,2022,6367.0,,,NL025C,NL,,2022,higher_ed_students,Students in higher education (ISCED 5-8)
A,TE1026V,NL025C,2023,5920.0,,,NL025C,NL,,2023,higher_ed_students,Students in higher education (ISCED 5-8)
A,TE1026V,NL026C,2019,3024.0,,,NL026C,NL,,2019,higher_ed_students,Students in higher education (ISCED 5-8)
A,TE1026V,NL026C,2020,3288.0,,,NL026C,NL,,2020,higher_ed_students,Students in higher education (ISCED 5-8)
A,TE1026V,NL026C,2021,3266.0,,,NL026C,NL,,2021,higher_ed_students,Students in higher education (ISCED 5-8)
A,TE1026V,NL026C,2022,3274.0,,,NL026C,NL,,2022,higher_ed_students,Students in higher education (ISCED 5-8)
A,TE1026V,NL026C,2023,2960.0,,,NL026C,NL,,2023,higher_ed_students,Students in higher education (ISCED 5-8)
A,TE1026V,NL027C,2019,2097.0,,,NL027C,NL,,2019,higher_ed_students,Students in higher education (ISCED 5-8)
A,TE1026V,NL027C,2020,2265.0,,,NL027C,NL,,2020,higher_ed_students,Students in higher education (ISCED 5-8)
A,TE1026V,NL027C,2021,2306.0,,,NL027C,NL,,2021,higher_ed_students,Students in higher education (ISCED 5-8)
A,TE1026V,NL027C,2022,2307.0,,,NL027C,NL,,2022,higher_ed_students,Students in higher education (ISCED 5-8)
A,TE1026V,NL027C,2023,2180.0,,,NL027C,NL,,2023,higher_ed_students,Students in higher education (ISCED 5-8)
A,TE1026V,NL028C,2019,8690.0,,,NL028C,NL,,2019,higher_ed_students,Students in higher education (ISCED 5-8)
A,TE1026V,NL028C,2020,9037.0,,,NL028C,NL,,2020,higher_ed_students,Students in higher education (ISCED 5-8)
A,TE1026V,NL028C,2021,8979.0,,,NL028C,NL,,2021,higher_ed_students,Students in higher education (ISCED 5-8)
A,TE1026V,NL028C,2022,9126.0,,,NL028C,NL,,2022,higher_ed_students,Students in higher education (ISCED 5-8)
A,TE1026V,NL028C,2023,9080.0,,,NL028C,NL,,2023,higher_ed_students,Students in higher education (ISCED 5-8)
A,TE1026V,NL029C,2019,20365.0,,,NL029C,NL,,2019,higher_ed_students,Students in higher education (ISCED 5-8)
A,TE1026V,NL029C,2020,21093.0,,,NL029C,NL,,2020,higher_ed_students,Students in higher education (ISCED 5-8)
A,TE1026V,NL029C,2021,21387.0,,,NL029C,NL,,2021,higher_ed_students,Students in higher education (ISCED 5-8)
A,TE1026V,NL029C,2022,21592.0,,,NL029C,NL,,2022,higher_ed_students,Students in higher education (ISCED 5-8)
A,TE1026V,NL029C,2023,22760.0,,,NL029C,NL,,2023,higher_ed_students,Students in higher education (ISCED 5-8)
A,TE1026V,NL030C,2019,1987.0,,,NL030C,NL,,2019,higher_ed_students,Students in higher education (ISCED 5-8)
A,TE1026V,NL030C,2020,2270.0,,,NL030C,NL,,2020,higher_ed_students,Students in higher education (ISCED 5-8)
A,TE1026V,NL030C,2021,2349.0,,,NL030C,NL,,2021,higher_ed_students,Students in higher education (ISCED 5-8)
A,TE1026V,NL030C,2022,2350.0,,,NL030C,NL,,2022,higher_ed_students,Students in higher education (ISCED 5-8)
A,TE1026V,NL030C,2023,2290.0,,,NL030C,NL,,2023,higher_ed_students,Students in higher education (ISCED 5-8)
A,TE1026V,NL031C,2019,11577.0,,,NL031C,NL,,2019,higher_ed_students,Students in higher education (ISCED 5-8)
A,TE1026V,NL031C,2020,13963.0,,,NL031C,NL,,2020,higher_ed_students,Students in higher education (ISCED 5-8)
A,TE1026V,NL031C,2021,13708.0,,,NL031C,NL,,2021,higher_ed_students,Students in higher education (ISCED 5-8)
A,TE1026V,NL031C,2022,16096.0,,,NL031C,NL,,2022,higher_ed_students,Students in higher education (ISCED 5-8)
A,TE1026V,NL031C,2023,15480.0,,,NL031C,NL,,2023,higher_ed_students,Students in higher education (ISCED 5-8)
A,TE1026V,NL032C,2019,3101.0,,,NL032C,NL,,2019,higher_ed_students,Students in higher education (ISCED 5-8)
A,TE1026V,NL032C,2020,3213.0,,,NL032C,NL,,2020,higher_ed_students,Students in higher education (ISCED 5-8)
A,TE1026V,NL032C,2021,3250.0,,,NL032C,NL,,2021,higher_ed_students,Students in higher education (ISCED 5-8)
A,TE1026V,NL032C,2022,3423.0,,,NL032C,NL,,2022,higher_ed_students,Students in higher education (ISCED 5-8)
A,TE1026V,NL032C,2023,3200.0,,,NL032C,NL,,2023,higher_ed_students,Students in higher education (ISCED 5-8)
A,TE1026V,NL033C,2019,19318.0,,,NL033C,NL,,2019,higher_ed_students,Students in higher education (ISCED 5-8)
A,TE1026V,NL033C,2020,19762.0,,,NL033C,NL,,2020,higher_ed_students,Students in higher education (ISCED 5-8)
A,TE1026V,NL033C,2021,19784.0,,,NL033C,NL,,2021,higher_ed_students,Students in higher education (ISCED 5-8)
A,TE1026V,NL033C,2022,20104.0,,,NL033C,NL,,2022,higher_ed_students,Students in higher education (ISCED 5-8)
A,TE1026V,NL033C,2023,21390.0,,,NL033C,NL,,2023,higher_ed_students,Students in higher education (ISCED 5-8)
A,TE1026V,NL034C,2019,3109.0,,,NL034C,NL,,2019,higher_ed_students,Students in higher education (ISCED 5-8)
A,TE1026V,NL034C,2020,3250.0,,,NL034C,NL,,2020,higher_ed_students,Students in higher education (ISCED 5-8)
A,TE1026V,NL034C,2021,3315.0,,,NL034C,NL,,2021,higher_ed_students,Students in higher education (ISCED 5-8)
A,TE1026V,NL034C,2022,3317.0,,,NL034C,NL,,2022,higher_ed_students,Students in higher education (ISCED 5-8)
A,TE1026V,NL034C,2023,3070.0,,,NL034C,NL,,2023,higher_ed_students,Students in higher education (ISCED 5-8)
A,TE1026V,NL035C,2019,2789.0,,,NL035C,NL,,2019,higher_ed_students,Students in higher education (ISCED 5-8)
A,TE1026V,NL035C,2020,2955.0,,,NL035C,NL,,2020,higher_ed_students,Students in higher education (ISCED 5-8)
A,TE1026V,NL035C,2021,2926.0,,,NL035C,NL,,2021,higher_ed_students,Students in higher education (ISCED 5-8)
A,TE1026V,NL035C,2022,2927.0,,,NL035C,NL,,2022,higher_ed_students,Students in higher education (ISCED 5-8)
A,TE1026V,NL035C,2023,2660.0,,,NL035C,NL,,2023,higher_ed_students,Students in higher education (ISCED 5-8)
A,TE1026V,NL036C,2019,2528.0,,,NL036C,NL,,2019,higher_ed_students,Students in higher education (ISCED 5-8)
A,TE1026V,NL036C,2020,2661.0,,,NL036C,NL,,2020,higher_ed_students,Students in higher education (ISCED 5-8)
A,TE1026V,NL036C,2021,2624.0,,,NL036C,NL,,2021,higher_ed_students,Students in higher education (ISCED 5-8)
A,TE1026V,NL036C,2022,2621.0,,,NL036C,NL,,2022,higher_ed_students,Students in higher education (ISCED 5-8)
A,TE1026V,NL036C,2023,2820.0,,,NL036C,NL,,2023,higher_ed_students,Students in higher education (ISCED 5-8)
A,TE1026V,NL037C,2019,55115.0,,,NL037C,NL,,2019,higher_ed_students,Students in higher education (ISCED 5-8)
A,TE1026V,NL037C,2020,59026.0,,,NL037C,NL,,2020,higher_ed_students,Students in higher education (ISCED 5-8)
A,TE1026V,NL037C,2021,59527.0,,,NL037C,NL,,2021,higher_ed_students,Students in higher education (ISCED 5-8)
A,TE1026V,NL037C,2022,60642.0,,,NL037C,NL,,2022,higher_ed_students,Students in higher education (ISCED 5-8)
A,TE1026V,NL037C,2023,58530.0,,,NL037C,NL,,2023,higher_ed_students,Students in higher education (ISCED 5-8)
A,TE1026V,NL038C,2019,2287.0,,,NL038C,NL,,2019,higher_ed_students,Students in higher education (ISCED 5-8)
A,TE1026V,NL038C,2020,2449.0,,,NL038C,NL,,2020,higher_ed_students,Students in higher education (ISCED 5-8)
A,TE1026V,NL038C,2021,2398.0,,,NL038C,NL,,2021,higher_ed_students,Students in higher education (ISCED 5-8)
A,TE1026V,NL038C,2022,2401.0,,,NL038C,NL,,2022,higher_ed_students,Students in higher education (ISCED 5-8)
A,TE1026V,NL038C,2023,2170.0,,,NL038C,NL,,2023,higher_ed_students,Students in higher education (ISCED 5-8)
A,TE1026V,NL039C,2019,3488.0,,,NL039C,NL,,2019,higher_ed_students,Students in higher education (ISCED 5-8)
A,TE1026V,NL039C,2020,3627.0,,,NL039C,NL,,2020,higher_ed_students,Students in higher education (ISCED 5-8)
A,TE1026V,NL039C,2021,3718.0,,,NL039C,NL,,2021,higher_ed_students,Students in higher education (ISCED 5-8)
A,TE1026V,NL039C,2022,3724.0,,,NL039C,NL,,2022,higher_ed_students,Students in higher education (ISCED 5-8)
A,TE1026V,NL039C,2023,3460.0,,,NL039C,NL,,2023,higher_ed_students,Students in higher education (ISCED 5-8)
A,TE1026V,NL040C,2019,2231.0,,,NL040C,NL,,2019,higher_ed_students,Students in higher education (ISCED 5-8)
A,TE1026V,NL040C,2020,2426.0,,,NL040C,NL,,2020,higher_ed_students,Students in higher education (ISCED 5-8)
A,TE1026V,NL040C,2021,2370.0,,,NL040C,NL,,2021,higher_ed_students,Students in higher education (ISCED 5-8)
A,TE1026V,NL040C,2022,2378.0,,,NL040C,NL,,2022,higher_ed_students,Students in higher education (ISCED 5-8)
A,TE1026V,NL040C,2023,2120.0,,,NL040C,NL,,2023,higher_ed_students,Students in higher education (ISCED 5-8)
A,TE1026V,NL041C,2019,15913.0,,,NL041C,NL,,2019,higher_ed_students,Students in higher education (ISCED 5-8)
A,TE1026V,NL041C,2020,16772.0,,,NL041C,NL,,2020,higher_ed_students,Students in higher education (ISCED 5-8)
A,TE1026V,NL041C,2021,16648.0,,,NL041C,NL,,2021,higher_ed_students,Students in higher education (ISCED 5-8)
A,TE1026V,NL041C,2022,17187.0,,,NL041C,NL,,2022,higher_ed_students,Students in higher education (ISCED 5-8)
A,TE1026V,NL041C,2023,16940.0,,,NL041C,NL,,2023,higher_ed_students,Students in higher education (ISCED 5-8)
A,TE1026V,NL042C,2019,34044.0,,,NL042C,NL,,2019,higher_ed_students,Students in higher education (ISCED 5-8)
A,TE1026V,NL042C,2020,36188.0,,,NL042C,NL,,2020,higher_ed_students,Students in higher education (ISCED 5-8)
A,TE1026V,NL042C,2021,36667.0,,,NL042C,NL,,2021,higher_ed_students,Students in higher education (ISCED 5-8)
A,TE1026V,NL042C,2022,37598.0,,,NL042C,NL,,2022,higher_ed_students,Students in higher education (ISCED 5-8)
A,TE1026V,NL042C,2023,38230.0,,,NL042C,NL,,2023,higher_ed_students,Students in higher education (ISCED 5-8)
A,TE1026V,NL043C,2019,2156.0,,,NL043C,NL,,2019,higher_ed_students,Students in higher education (ISCED 5-8)
A,TE1026V,NL043C,2020,2369.0,,,NL043C,NL,,2020,higher_ed_students,Students in higher education (ISCED 5-8)
A,TE1026V,NL043C,2021,2406.0,,,NL043C,NL,,2021,higher_ed_students,Students in higher education (ISCED 5-8)
A,TE1026V,NL043C,2022,2408.0,,,NL043C,NL,,2022,higher_ed_students,Students in higher education (ISCED 5-8)
A,TE1026V,NL043C,2023,2210.0,,,NL043C,NL,,2023,higher_ed_students,Students in higher education (ISCED 5-8)
A,TE1026V,NL044C,2019,2821.0,,,NL044C,NL,,2019,higher_ed_students,Students in higher education (ISCED 5-8)
A,TE1026V,NL044C,2020,3153.0,,,NL044C,NL,,2020,higher_ed_students,Students in higher education (ISCED 5-8)
A,TE1026V,NL044C,2021,3197.0,,,NL044C,NL,,2021,higher_ed_students,Students in higher education (ISCED 5-8)
A,TE1026V,NL044C,2022,3264.0,,,NL044C,NL,,2022,higher_ed_students,Students in higher education (ISCED 5-8)
A,TE1026V,NL044C,2023,3000.0,,,NL044C,NL,,2023,higher_ed_students,Students in higher education (ISCED 5-8)
A,TE1026V,NL045C,2019,4571.0,,,NL045C,NL,,2019,higher_ed_students,Students in higher education (ISCED 5-8)
A,TE1026V,NL045C,2020,4958.0,,,NL045C,NL,,2020,higher_ed_students,Students in higher education (ISCED 5-8)
A,TE1026V,NL045C,2021,5121.0,,,NL045C,NL,,2021,higher_ed_students,Students in higher education (ISCED 5-8)
A,TE1026V,NL045C,2022,5133.0,,,NL045C,NL,,2022,higher_ed_students,Students in higher education (ISCED 5-8)
A,TE1026V,NL045C,2023,4930.0,,,NL045C,NL,,2023,higher_ed_students,Students in higher education (ISCED 5-8)
A,TE1026V,NL046C,2019,4258.0,,,NL046C,NL,,2019,higher_ed_students,Students in higher education (ISCED 5-8)
A,TE1026V,NL046C,2020,4466.0,,,NL046C,NL,,2020,higher_ed_students,Students in higher education (ISCED 5-8)
A,TE1026V,NL046C,2021,4440.0,,,NL046C,NL,,2021,higher_ed_students,Students in higher education (ISCED 5-8)
A,TE1026V,NL046C,2022,4445.0,,,NL046C,NL,,2022,higher_ed_students,Students in higher education (ISCED 5-8)
A,TE1026V,NL046C,2023,4110.0,,,NL046C,NL,,2023,higher_ed_students,Students in higher education (ISCED 5-8)
A,TE1026V,NL047C,2019,6259.0,,,NL047C,NL,,2019,higher_ed_students,Students in higher education (ISCED 5-8)
A,TE1026V,NL047C,2020,6789.0,,,NL047C,NL,,2020,higher_ed_students,Students in higher education (ISCED 5-8)
A,TE1026V,NL047C,2021,6935.0,,,NL047C,NL,,2021,higher_ed_students,Students in higher education (ISCED 5-8)
A,TE1026V,NL047C,2022,6960.0,,,NL047C,NL,,2022,higher_ed_students,Students in higher education (ISCED 5-8)
A,TE1026V,NL047C,2023,6300.0,,,NL047C,NL,,2023,higher_ed_students,Students in higher education (ISCED 5-8)
A,TE1026V,NO001C,2021,65161.0,,,NO001C,NO,,2021,higher_ed_students,Students in higher education (ISCED 5-8)
A,TE1026V,NO002C,2021,10207.0,,,NO002C,NO,,2021,higher_ed_students,Students in higher education (ISCED 5-8)
A,TE1026V,NO003C,2021,26979.0,,,NO003C,NO,,2021,higher_ed_students,Students in higher education (ISCED 5-8)
A,TE1026V,NO004C,2021,22488.0,,,NO004C,NO,,2021,higher_ed_students,Students in higher education (ISCED 5-8)
A,TE1026V,PL,2017,972736.0,,,PL,PL,,2017,higher_ed_students,Students in higher education (ISCED 5-8)
A,TE1026V,PL,2018,947042.0,,,PL,PL,,2018,higher_ed_students,Students in higher education (ISCED 5-8)
A,TE1026V,PL001C,2017,185811.0,,,PL001C,PL,,2017,higher_ed_students,Students in higher education (ISCED 5-8)
A,TE1026V,PL001C,2018,185553.0,,,PL001C,PL,,2018,higher_ed_students,Students in higher education (ISCED 5-8)
A,TE1026V,PL002C,2017,49503.0,,,PL002C,PL,,2017,higher_ed_students,Students in higher education (ISCED 5-8)
A,TE1026V,PL002C,2018,46702.0,,,PL002C,PL,,2018,higher_ed_students,Students in higher education (ISCED 5-8)
A,TE1026V,PL003C,2017,100781.0,,,PL003C,PL,,2017,higher_ed_students,Students in higher education (ISCED 5-8)
A,TE1026V,PL003C,2018,96408.0,,,PL003C,PL,,2018,higher_ed_students,Students in higher education (ISCED 5-8)
A,TE1026V,PL004C,2017,85099.0,,,PL004C,PL,,2017,higher_ed_students,Students in higher education (ISCED 5-8)
A,TE1026V,PL004C,2018,83058.0,,,PL004C,PL,,2018,higher_ed_students,Students in higher education (ISCED 5-8)
A,TE1026V,PL005C,2017,76673.0,,,PL005C,PL,,2017,higher_ed_students,Students in higher education (ISCED 5-8)
A,TE1026V,PL005C,2018,74714.0,,,PL005C,PL,,2018,higher_ed_students,Students in higher education (ISCED 5-8)
A,TE1026V,PL006C,2017,48097.0,,,PL006C,PL,,2017,higher_ed_students,Students in higher education (ISCED 5-8)
A,TE1026V,PL006C,2018,47080.0,,,PL006C,PL,,2018,higher_ed_students,Students in higher education (ISCED 5-8)
A,TE1026V,PL007C,2017,26242.0,,,PL007C,PL,,2017,higher_ed_students,Students in higher education (ISCED 5-8)
A,TE1026V,PL007C,2018,24790.0,,,PL007C,PL,,2018,higher_ed_students,Students in higher education (ISCED 5-8)
A,TE1026V,PL008C,2017,21501.0,,,PL008C,PL,,2017,higher_ed_students,Students in higher education (ISCED 5-8)
A,TE1026V,PL008C,2018,20131.0,,,PL008C,PL,,2018,higher_ed_students,Students in higher education (ISCED 5-8)
A,TE1026V,PL009C,2017,41923.0,,,PL009C,PL,,2017,higher_ed_students,Students in higher education (ISCED 5-8)
A,TE1026V,PL009C,2018,42099.0,,,PL009C,PL,,2018,higher_ed_students,Students in higher education (ISCED 5-8)
A,TE1026V,PL010C,2017,35802.0,,,PL010C,PL,,2017,higher_ed_students,Students in higher education (ISCED 5-8)
A,TE1026V,PL010C,2018,34196.0,,,PL010C,PL,,2018,higher_ed_students,Students in higher education (ISCED 5-8)
A,TE1026V,PL011C,2017,16882.0,,,PL011C,PL,,2017,higher_ed_students,Students in higher education (ISCED 5-8)
A,TE1026V,PL011C,2018,16748.0,,,PL011C,PL,,2018,higher_ed_students,Students in higher education (ISCED 5-8)
A,TE1026V,PL012C,2017,16430.0,,,PL012C,PL,,2017,higher_ed_students,Students in higher education (ISCED 5-8)
A,TE1026V,PL012C,2018,14593.0,,,PL012C,PL,,2018,higher_ed_students,Students in higher education (ISCED 5-8)
A,TE1026V,PL013C,2017,19110.0,,,PL013C,PL,,2017,higher_ed_students,Students in higher education (ISCED 5-8)
A,TE1026V,PL013C,2018,19233.0,,,PL013C,PL,,2018,higher_ed_students,Students in higher education (ISCED 5-8)
A,TE1026V,PL014C,2017,16017.0,,,PL014C,PL,,2017,higher_ed_students,Students in higher education (ISCED 5-8)
A,TE1026V,PL014C,2018,14679.0,,,PL014C,PL,,2018,higher_ed_students,Students in higher education (ISCED 5-8)
A,TE1026V,PL015C,2017,29475.0,,,PL015C,PL,,2017,higher_ed_students,Students in higher education (ISCED 5-8)
A,TE1026V,PL015C,2018,27783.0,,,PL015C,PL,,2018,higher_ed_students,Students in higher education (ISCED 5-8)
A,TE1026V,PL016C,2017,14123.0,,,PL016C,PL,,2017,higher_ed_students,Students in higher education (ISCED 5-8)
A,TE1026V,PL016C,2018,13460.0,,,PL016C,PL,,2018,higher_ed_students,Students in higher education (ISCED 5-8)
A,TE1026V,PL017C,2017,2676.0,,,PL017C,PL,,2017,higher_ed_students,Students in higher education (ISCED 5-8)
A,TE1026V,PL017C,2018,2381.0,,,PL017C,PL,,2018,higher_ed_students,Students in higher education (ISCED 5-8)
A,TE1026V,PL018C,2017,6833.0,,,PL018C,PL,,2017,higher_ed_students,Students in higher education (ISCED 5-8)
A,TE1026V,PL018C,2018,6571.0,,,PL018C,PL,,2018,higher_ed_students,Students in higher education (ISCED 5-8)
A,TE1026V,PL019C,2017,1356.0,,,PL019C,PL,,2017,higher_ed_students,Students in higher education (ISCED 5-8)
A,TE1026V,PL019C,2018,1292.0,,,PL019C,PL,,2018,higher_ed_students,Students in higher education (ISCED 5-8)
A,TE1026V,PL020C,2017,3626.0,,,PL020C,PL,,2017,higher_ed_students,Students in higher education (ISCED 5-8)
A,TE1026V,PL020C,2018,3428.0,,,PL020C,PL,,2018,higher_ed_students,Students in higher education (ISCED 5-8)
A,TE1026V,PL021C,2017,1196.0,,,PL021C,PL,,2017,higher_ed_students,Students in higher education (ISCED 5-8)
A,TE1026V,PL021C,2018,1217.0,,,PL021C,PL,,2018,higher_ed_students,Students in higher education (ISCED 5-8)
A,TE1026V,PL022C,2017,2411.0,,,PL022C,PL,,2017,higher_ed_students,Students in higher education (ISCED 5-8)
A,TE1026V,PL022C,2018,2438.0,,,PL022C,PL,,2018,higher_ed_students,Students in higher education (ISCED 5-8)
A,TE1026V,PL023C,2017,254.0,,,PL023C,PL,,2017,higher_ed_students,Students in higher education (ISCED 5-8)
A,TE1026V,PL023C,2018,326.0,,,PL023C,PL,,2018,higher_ed_students,Students in higher education (ISCED 5-8)
A,TE1026V,PL024C,2017,10340.0,,,PL024C,PL,,2017,higher_ed_students,Students in higher education (ISCED 5-8)
A,TE1026V,PL024C,2018,10777.0,,,PL024C,PL,,2018,higher_ed_students,Students in higher education (ISCED 5-8)
A,TE1026V,PL025C,2017,5909.0,,,PL025C,PL,,2017,higher_ed_students,Students in higher education (ISCED 5-8)
A,TE1026V,PL025C,2018,5770.0,,,PL025C,PL,,2018,higher_ed_students,Students in higher education (ISCED 5-8)
A,TE1026V,PL026C,2017,8189.0,,,PL026C,PL,,2017,higher_ed_students,Students in higher education (ISCED 5-8)
A,TE1026V,PL026C,2018,7749.0,,,PL026C,PL,,2018,higher_ed_students,Students in higher education (ISCED 5-8)
A,TE1026V,PL027C,2017,2719.0,,,PL027C,PL,,2017,higher_ed_students,Students in higher education (ISCED 5-8)
A,TE1026V,PL027C,2018,2642.0,,,PL027C,PL,,2018,higher_ed_students,Students in higher education (ISCED 5-8)
A,TE1026V,PL028C,2017,4418.0,,,PL028C,PL,,2017,higher_ed_students,Students in higher education (ISCED 5-8)
A,TE1026V,PL028C,2018,4253.0,,,PL028C,PL,,2018,higher_ed_students,Students in higher education (ISCED 5-8)
A,TE1026V,PL029C,2017,2464.0,,,PL029C,PL,,2017,higher_ed_students,Students in higher education (ISCED 5-8)
A,TE1026V,PL029C,2018,2480.0,,,PL029C,PL,,2018,higher_ed_students,Students in higher education (ISCED 5-8)
A,TE1026V,PL030C,2017,0.0,,,PL030C,PL,,2017,higher_ed_students,Students in higher education (ISCED 5-8)
A,TE1026V,PL030C,2018,36.0,,,PL030C,PL,,2018,higher_ed_students,Students in higher education (ISCED 5-8)
A,TE1026V,PL031C,2017,4597.0,,,PL031C,PL,,2017,higher_ed_students,Students in higher education (ISCED 5-8)
A,TE1026V,PL031C,2018,4686.0,,,PL031C,PL,,2018,higher_ed_students,Students in higher education (ISCED 5-8)
A,TE1026V,PL032C,2017,811.0,,,PL032C,PL,,2017,higher_ed_students,Students in higher education (ISCED 5-8)
A,TE1026V,PL032C,2018,1113.0,,,PL032C,PL,,2018,higher_ed_students,Students in higher education (ISCED 5-8)
A,TE1026V,PL033C,2017,397.0,,,PL033C,PL,,2017,higher_ed_students,Students in higher education (ISCED 5-8)
A,TE1026V,PL033C,2018,346.0,,,PL033C,PL,,2018,higher_ed_students,Students in higher education (ISCED 5-8)
A,TE1026V,PL034C,2017,1290.0,,,PL034C,PL,,2017,higher_ed_students,Students in higher education (ISCED 5-8)
A,TE1026V,PL034C,2018,1166.0,,,PL034C,PL,,2018,higher_ed_students,Students in higher education (ISCED 5-8)
A,TE1026V,PL035C,2017,106.0,,,PL035C,PL,,2017,higher_ed_students,Students in higher education (ISCED 5-8)
A,TE1026V,PL035C,2018,40.0,,,PL035C,PL,,2018,higher_ed_students,Students in higher education (ISCED 5-8)
A,TE1026V,PL036C,2017,2669.0,,,PL036C,PL,,2017,higher_ed_students,Students in higher education (ISCED 5-8)
A,TE1026V,PL036C,2018,2644.0,,,PL036C,PL,,2018,higher_ed_students,Students in higher education (ISCED 5-8)
A,TE1026V,PL037C,2017,1267.0,,,PL037C,PL,,2017,higher_ed_students,Students in higher education (ISCED 5-8)
A,TE1026V,PL037C,2018,872.0,,,PL037C,PL,,2018,higher_ed_students,Students in higher education (ISCED 5-8)
A,TE1026V,PL038C,2017,281.0,,,PL038C,PL,,2017,higher_ed_students,Students in higher education (ISCED 5-8)
A,TE1026V,PL038C,2018,375.0,,,PL038C,PL,,2018,higher_ed_students,Students in higher education (ISCED 5-8)
A,TE1026V,PL039C,2017,324.0,,,PL039C,PL,,2017,higher_ed_students,Students in higher education (ISCED 5-8)
A,TE1026V,PL039C,2018,327.0,,,PL039C,PL,,2018,higher_ed_students,Students in higher education (ISCED 5-8)
A,TE1026V,PL040C,2017,959.0,,,PL040C,PL,,2017,higher_ed_students,Students in higher education (ISCED 5-8)
A,TE1026V,PL040C,2018,824.0,,,PL040C,PL,,2018,higher_ed_students,Students in higher education (ISCED 5-8)
A,TE1026V,PL041C,2017,1740.0,,,PL041C,PL,,2017,higher_ed_students,Students in higher education (ISCED 5-8)
A,TE1026V,PL041C,2018,1861.0,,,PL041C,PL,,2018,higher_ed_students,Students in higher education (ISCED 5-8)
A,TE1026V,PL042C,2017,2073.0,,,PL042C,PL,,2017,higher_ed_students,Students in higher education (ISCED 5-8)
A,TE1026V,PL042C,2018,1853.0,,,PL042C,PL,,2018,higher_ed_students,Students in higher education (ISCED 5-8)
A,TE1026V,PL043C,2017,0.0,,,PL043C,PL,,2017,higher_ed_students,Students in higher education (ISCED 5-8)
A,TE1026V,PL043C,2018,0.0,,,PL043C,PL,,2018,higher_ed_students,Students in higher education (ISCED 5-8)
A,TE1026V,PL044C,2017,597.0,,,PL044C,PL,,2017,higher_ed_students,Students in higher education (ISCED 5-8)
A,TE1026V,PL044C,2018,656.0,,,PL044C,PL,,2018,higher_ed_students,Students in higher education (ISCED 5-8)
A,TE1026V,PL045C,2017,403.0,,,PL045C,PL,,2017,higher_ed_students,Students in higher education (ISCED 5-8)
A,TE1026V,PL045C,2018,526.0,,,PL045C,PL,,2018,higher_ed_students,Students in higher education (ISCED 5-8)
A,TE1026V,PL046C,2017,714.0,,,PL046C,PL,,2017,higher_ed_students,Students in higher education (ISCED 5-8)
A,TE1026V,PL046C,2018,720.0,,,PL046C,PL,,2018,higher_ed_students,Students in higher education (ISCED 5-8)
A,TE1026V,PL047C,2017,2524.0,,,PL047C,PL,,2017,higher_ed_students,Students in higher education (ISCED 5-8)
A,TE1026V,PL047C,2018,2770.0,,,PL047C,PL,,2018,higher_ed_students,Students in higher education (ISCED 5-8)
A,TE1026V,PL048C,2017,2266.0,,,PL048C,PL,,2017,higher_ed_students,Students in higher education (ISCED 5-8)
A,TE1026V,PL048C,2018,2166.0,,,PL048C,PL,,2018,higher_ed_students,Students in higher education (ISCED 5-8)
A,TE1026V,PL049C,2017,210.0,,,PL049C,PL,,2017,higher_ed_students,Students in higher education (ISCED 5-8)
A,TE1026V,PL049C,2018,201.0,,,PL049C,PL,,2018,higher_ed_students,Students in higher education (ISCED 5-8)
A,TE1026V,PL050C,2017,0.0,,,PL050C,PL,,2017,higher_ed_students,Students in higher education (ISCED 5-8)
A,TE1026V,PL050C,2018,0.0,,,PL050C,PL,,2018,higher_ed_students,Students in higher education (ISCED 5-8)
A,TE1026V,PL051C,2017,154.0,,,PL051C,PL,,2017,higher_ed_students,Students in higher education (ISCED 5-8)
A,TE1026V,PL051C,2018,234.0,,,PL051C,PL,,2018,higher_ed_students,Students in higher education (ISCED 5-8)
A,TE1026V,PL052C,2017,278.0,,,PL052C,PL,,2017,higher_ed_students,Students in higher education (ISCED 5-8)
A,TE1026V,PL052C,2018,516.0,,,PL052C,PL,,2018,higher_ed_students,Students in higher education (ISCED 5-8)
A,TE1026V,PL053C,2017,9724.0,,,PL053C,PL,,2017,higher_ed_students,Students in higher education (ISCED 5-8)
A,TE1026V,PL053C,2018,9460.0,,,PL053C,PL,,2018,higher_ed_students,Students in higher education (ISCED 5-8)
A,TE1026V,PL054C,2017,4558.0,,,PL054C,PL,,2017,higher_ed_students,Students in higher education (ISCED 5-8)
A,TE1026V,PL054C,2018,4237.0,,,PL054C,PL,,2018,higher_ed_students,Students in higher education (ISCED 5-8)
A,TE1026V,PL055C,2017,17069.0,,,PL055C,PL,,2017,higher_ed_students,Students in higher education (ISCED 5-8)
A,TE1026V,PL055C,2018,15846.0,,,PL055C,PL,,2018,higher_ed_students,Students in higher education (ISCED 5-8)
A,TE1026V,PL056C,2017,0.0,,,PL056C,PL,,2017,higher_ed_students,Students in higher education (ISCED 5-8)
A,TE1026V,PL056C,2018,0.0,,,PL056C,PL,,2018,higher_ed_students,Students in higher education (ISCED 5-8)
A,TE1026V,PL057C,2017,0.0,,,PL057C,PL,,2017,higher_ed_students,Students in higher education (ISCED 5-8)
A,TE1026V,PL057C,2018,0.0,,,PL057C,PL,,2018,higher_ed_students,Students in higher education (ISCED 5-8)
A,TE1026V,PL058C,2017,5627.0,,,PL058C,PL,,2017,higher_ed_students,Students in higher education (ISCED 5-8)
A,TE1026V,PL058C,2018,5358.0,,,PL058C,PL,,2018,higher_ed_students,Students in higher education (ISCED 5-8)
A,TE1026V,PL059C,2017,94.0,,,PL059C,PL,,2017,higher_ed_students,Students in higher education (ISCED 5-8)
A,TE1026V,PL059C,2018,97.0,,,PL059C,PL,,2018,higher_ed_students,Students in higher education (ISCED 5-8)
A,TE1026V,PL060C,2017,376.0,,,PL060C,PL,,2017,higher_ed_students,Students in higher education (ISCED 5-8)
A,TE1026V,PL060C,2018,440.0,,,PL060C,PL,,2018,higher_ed_students,Students in higher education (ISCED 5-8)
A,TE1026V,PL061C,2017,139.0,,,PL061C,PL,,2017,higher_ed_students,Students in higher education (ISCED 5-8)
A,TE1026V,PL061C,2018,0.0,,,PL061C,PL,,2018,higher_ed_students,Students in higher education (ISCED 5-8)
A,TE1026V,PL062C,2017,2890.0,,,PL062C,PL,,2017,higher_ed_students,Students in higher education (ISCED 5-8)
A,TE1026V,PL062C,2018,3191.0,,,PL062C,PL,,2018,higher_ed_students,Students in higher education (ISCED 5-8)
A,TE1026V,PL063C,2017,2796.0,,,PL063C,PL,,2017,higher_ed_students,Students in higher education (ISCED 5-8)
A,TE1026V,PL063C,2018,2580.0,,,PL063C,PL,,2018,higher_ed_students,Students in higher education (ISCED 5-8)
A,TE1026V,PL064C,2017,1946.0,,,PL064C,PL,,2017,higher_ed_students,Students in higher education (ISCED 5-8)
A,TE1026V,PL064C,2018,2021.0,,,PL064C,PL,,2018,higher_ed_students,Students in higher education (ISCED 5-8)
A,TE1026V,PL065C,2017,4145.0,,,PL065C,PL,,2017,higher_ed_students,Students in higher education (ISCED 5-8)
A,TE1026V,PL065C,2018,4008.0,,,PL065C,PL,,2018,higher_ed_students,Students in higher education (ISCED 5-8)
A,TE1026V,PL066C,2017,5683.0,,,PL066C,PL,,2017,higher_ed_students,Students in higher education (ISCED 5-8)
A,TE1026V,PL066C,2018,5974.0,,,PL066C,PL,,2018,higher_ed_students,Students in higher education (ISCED 5-8)
A,TE1026V,PL067C,2017,2487.0,,,PL067C,PL,,2017,higher_ed_students,Students in higher education (ISCED 5-8)
A,TE1026V,PL067C,2018,2544.0,,,PL067C,PL,,2018,higher_ed_students,Students in higher education (ISCED 5-8)
A,TE1026V,PL068C,2017,390.0,,,PL068C,PL,,2017,higher_ed_students,Students in higher education (ISCED 5-8)
A,TE1026V,PL068C,2018,629.0,,,PL068C,PL,,2018,higher_ed_students,Students in higher education (ISCED 5-8)
A,TE1026V,PT,2015,349658.0,,,PT,PT,,2015,higher_ed_students,Students in higher education (ISCED 5-8)
A,TE1026V,PT,2016,356399.0,,,PT,PT,,2016,higher_ed_students,Students in higher education (ISCED 5-8)
A,TE1026V,PT,2017,361943.0,,,PT,PT,,2017,higher_ed_students,Students in higher education (ISCED 5-8)
A,TE1026V,PT,2018,372753.0,,,PT,PT,,2018,higher_ed_students,Students in higher education (ISCED 5-8)
A,TE1026V,PT,2019,385247.0,,,PT,PT,,2019,higher_ed_students,Students in higher education (ISCED 5-8)
A,TE1026V,PT,2020,396909.0,,,PT,PT,,2020,higher_ed_students,Students in higher education (ISCED 5-8)
A,TE1026V,PT,2021,411995.0,,,PT,PT,,2021,higher_ed_students,Students in higher education (ISCED 5-8)
A,TE1026V,PT,2022,433217.0,,,PT,PT,,2022,higher_ed_students,Students in higher education (ISCED 5-8)
A,TE1026V,PT,2023,446028.0,,,PT,PT,,2023,higher_ed_students,Students in higher education (ISCED 5-8)
A,TE1026V,PT001C,2015,129635.0,,,PT001C,PT,,2015,higher_ed_students,Students in higher education (ISCED 5-8)
A,TE1026V,PT001C,2016,131460.0,,,PT001C,PT,,2016,higher_ed_students,Students in higher education (ISCED 5-8)
A,TE1026V,PT001C,2017,132221.0,,,PT001C,PT,,2017,higher_ed_students,Students in higher education (ISCED 5-8)
A,TE1026V,PT001C,2018,135552.0,,,PT001C,PT,,2018,higher_ed_students,Students in higher education (ISCED 5-8)
A,TE1026V,PT001C,2019,139576.0,,,PT001C,PT,,2019,higher_ed_students,Students in higher education (ISCED 5-8)
A,TE1026V,PT001C,2020,141089.0,,,PT001C,PT,,2020,higher_ed_students,Students in higher education (ISCED 5-8)
A,TE1026V,PT001C,2021,146431.0,,,PT001C,PT,,2021,higher_ed_students,Students in higher education (ISCED 5-8)
A,TE1026V,PT001C,2022,153779.0,,,PT001C,PT,,2022,higher_ed_students,Students in higher education (ISCED 5-8)
A,TE1026V,PT001C,2023,158649.0,,,PT001C,PT,,2023,higher_ed_students,Students in higher education (ISCED 5-8)
A,TE1026V,PT002C,2015,63326.0,,,PT002C,PT,,2015,higher_ed_students,Students in higher education (ISCED 5-8)
A,TE1026V,PT002C,2016,64287.0,,,PT002C,PT,,2016,higher_ed_students,Students in higher education (ISCED 5-8)
A,TE1026V,PT002C,2017,65516.0,,,PT002C,PT,,2017,higher_ed_students,Students in higher education (ISCED 5-8)
A,TE1026V,PT002C,2018,67756.0,,,PT002C,PT,,2018,higher_ed_students,Students in higher education (ISCED 5-8)
A,TE1026V,PT002C,2019,70308.0,,,PT002C,PT,,2019,higher_ed_students,Students in higher education (ISCED 5-8)
A,TE1026V,PT002C,2020,72173.0,,,PT002C,PT,,2020,higher_ed_students,Students in higher education (ISCED 5-8)
A,TE1026V,PT002C,2021,73908.0,,,PT002C,PT,,2021,higher_ed_students,Students in higher education (ISCED 5-8)
A,TE1026V,PT002C,2022,78048.0,,,PT002C,PT,,2022,higher_ed_students,Students in higher education (ISCED 5-8)
A,TE1026V,PT002C,2023,80621.0,,,PT002C,PT,,2023,higher_ed_students,Students in higher education (ISCED 5-8)
A,TE1026V,PT003C,2015,18854.0,,,PT003C,PT,,2015,higher_ed_students,Students in higher education (ISCED 5-8)
A,TE1026V,PT003C,2016,18445.0,,,PT003C,PT,,2016,higher_ed_students,Students in higher education (ISCED 5-8)
A,TE1026V,PT003C,2017,18561.0,,,PT003C,PT,,2017,higher_ed_students,Students in higher education (ISCED 5-8)
A,TE1026V,PT003C,2018,19006.0,,,PT003C,PT,,2018,higher_ed_students,Students in higher education (ISCED 5-8)
A,TE1026V,PT003C,2019,19230.0,,,PT003C,PT,,2019,higher_ed_students,Students in higher education (ISCED 5-8)
A,TE1026V,PT003C,2020,21111.0,,,PT003C,PT,,2020,higher_ed_students,Students in higher education (ISCED 5-8)
A,TE1026V,PT003C,2021,21571.0,,,PT003C,PT,,2021,higher_ed_students,Students in higher education (ISCED 5-8)
A,TE1026V,PT003C,2022,23098.0,,,PT003C,PT,,2022,higher_ed_students,Students in higher education (ISCED 5-8)
A,TE1026V,PT003C,2023,23194.0,,,PT003C,PT,,2023,higher_ed_students,Students in higher education (ISCED 5-8)
A,TE1026V,PT004C,2015,3136.0,,,PT004C,PT,,2015,higher_ed_students,Students in higher education (ISCED 5-8)
A,TE1026V,PT004C,2016,3266.0,,,PT004C,PT,,2016,higher_ed_students,Students in higher education (ISCED 5-8)
A,TE1026V,PT004C,2017,3250.0,,,PT004C,PT,,2017,higher_ed_students,Students in higher education (ISCED 5-8)
A,TE1026V,PT004C,2018,3207.0,,,PT004C,PT,,2018,higher_ed_students,Students in higher education (ISCED 5-8)
A,TE1026V,PT004C,2019,3237.0,,,PT004C,PT,,2019,higher_ed_students,Students in higher education (ISCED 5-8)
A,TE1026V,PT004C,2020,3353.0,,,PT004C,PT,,2020,higher_ed_students,Students in higher education (ISCED 5-8)
A,TE1026V,PT004C,2021,3721.0,,,PT004C,PT,,2021,higher_ed_students,Students in higher education (ISCED 5-8)
A,TE1026V,PT004C,2022,3952.0,,,PT004C,PT,,2022,higher_ed_students,Students in higher education (ISCED 5-8)
A,TE1026V,PT004C,2023,4011.0,,,PT004C,PT,,2023,higher_ed_students,Students in higher education (ISCED 5-8)
A,TE1026V,PT005C,2015,34565.0,,,PT005C,PT,,2015,higher_ed_students,Students in higher education (ISCED 5-8)
A,TE1026V,PT005C,2016,34614.0,,,PT005C,PT,,2016,higher_ed_students,Students in higher education (ISCED 5-8)
A,TE1026V,PT005C,2017,34757.0,,,PT005C,PT,,2017,higher_ed_students,Students in higher education (ISCED 5-8)
A,TE1026V,PT005C,2018,35272.0,,,PT005C,PT,,2018,higher_ed_students,Students in higher education (ISCED 5-8)
A,TE1026V,PT005C,2019,35541.0,,,PT005C,PT,,2019,higher_ed_students,Students in higher education (ISCED 5-8)
A,TE1026V,PT005C,2020,35917.0,,,PT005C,PT,,2020,higher_ed_students,Students in higher education (ISCED 5-8)
A,TE1026V,PT005C,2021,36571.0,,,PT005C,PT,,2021,higher_ed_students,Students in higher education (ISCED 5-8)
A,TE1026V,PT005C,2022,37694.0,,,PT005C,PT,,2022,higher_ed_students,Students in higher education (ISCED 5-8)
A,TE1026V,PT005C,2023,38156.0,,,PT005C,PT,,2023,higher_ed_students,Students in higher education (ISCED 5-8)
A,TE1026V,PT006C,2015,4614.0,,,PT006C,PT,,2015,higher_ed_students,Students in higher education (ISCED 5-8)
A,TE1026V,PT006C,2016,4946.0,,,PT006C,PT,,2016,higher_ed_students,Students in higher education (ISCED 5-8)
A,TE1026V,PT006C,2017,5239.0,,,PT006C,PT,,2017,higher_ed_students,Students in higher education (ISCED 5-8)
A,TE1026V,PT006C,2018,5603.0,,,PT006C,PT,,2018,higher_ed_students,Students in higher education (ISCED 5-8)
A,TE1026V,PT006C,2019,5891.0,,,PT006C,PT,,2019,higher_ed_students,Students in higher education (ISCED 5-8)
A,TE1026V,PT006C,2020,5940.0,,,PT006C,PT,,2020,higher_ed_students,Students in higher education (ISCED 5-8)
A,TE1026V,PT006C,2021,6528.0,,,PT006C,PT,,2021,higher_ed_students,Students in higher education (ISCED 5-8)
A,TE1026V,PT006C,2022,7102.0,,,PT006C,PT,,2022,higher_ed_students,Students in higher education (ISCED 5-8)
A,TE1026V,PT006C,2023,7198.0,,,PT006C,PT,,2023,higher_ed_students,Students in higher education (ISCED 5-8)
A,TE1026V,PT007C,2015,2392.0,,,PT007C,PT,,2015,higher_ed_students,Students in higher education (ISCED 5-8)
A,TE1026V,PT007C,2016,2268.0,,,PT007C,PT,,2016,higher_ed_students,Students in higher education (ISCED 5-8)
A,TE1026V,PT007C,2017,2354.0,,,PT007C,PT,,2017,higher_ed_students,Students in higher education (ISCED 5-8)
A,TE1026V,PT007C,2018,2308.0,,,PT007C,PT,,2018,higher_ed_students,Students in higher education (ISCED 5-8)
A,TE1026V,PT007C,2019,2396.0,,,PT007C,PT,,2019,higher_ed_students,Students in higher education (ISCED 5-8)
A,TE1026V,PT007C,2020,2267.0,,,PT007C,PT,,2020,higher_ed_students,Students in higher education (ISCED 5-8)
A,TE1026V,PT007C,2021,2350.0,,,PT007C,PT,,2021,higher_ed_students,Students in higher education (ISCED 5-8)
A,TE1026V,PT007C,2022,2501.0,,,PT007C,PT,,2022,higher_ed_students,Students in higher education (ISCED 5-8)
A,TE1026V,PT007C,2023,2551.0,,,PT007C,PT,,2023,higher_ed_students,Students in higher education (ISCED 5-8)
A,TE1026V,PT008C,2015,12337.0,,,PT008C,PT,,2015,higher_ed_students,Students in higher education (ISCED 5-8)
A,TE1026V,PT008C,2016,11993.0,,,PT008C,PT,,2016,higher_ed_students,Students in higher education (ISCED 5-8)
A,TE1026V,PT008C,2017,12049.0,,,PT008C,PT,,2017,higher_ed_students,Students in higher education (ISCED 5-8)
A,TE1026V,PT008C,2018,12287.0,,,PT008C,PT,,2018,higher_ed_students,Students in higher education (ISCED 5-8)
A,TE1026V,PT008C,2019,12613.0,,,PT008C,PT,,2019,higher_ed_students,Students in higher education (ISCED 5-8)
A,TE1026V,PT008C,2020,13239.0,,,PT008C,PT,,2020,higher_ed_students,Students in higher education (ISCED 5-8)
A,TE1026V,PT008C,2021,13998.0,,,PT008C,PT,,2021,higher_ed_students,Students in higher education (ISCED 5-8)
A,TE1026V,PT008C,2022,14837.0,,,PT008C,PT,,2022,higher_ed_students,Students in higher education (ISCED 5-8)
A,TE1026V,PT008C,2023,14933.0,,,PT008C,PT,,2023,higher_ed_students,Students in higher education (ISCED 5-8)
A,TE1026V,PT009C,2015,6979.0,,,PT009C,PT,,2015,higher_ed_students,Students in higher education (ISCED 5-8)
A,TE1026V,PT009C,2016,7118.0,,,PT009C,PT,,2016,higher_ed_students,Students in higher education (ISCED 5-8)
A,TE1026V,PT009C,2017,7501.0,,,PT009C,PT,,2017,higher_ed_students,Students in higher education (ISCED 5-8)
A,TE1026V,PT009C,2018,7721.0,,,PT009C,PT,,2018,higher_ed_students,Students in higher education (ISCED 5-8)
A,TE1026V,PT009C,2019,7940.0,,,PT009C,PT,,2019,higher_ed_students,Students in higher education (ISCED 5-8)
A,TE1026V,PT009C,2020,8099.0,,,PT009C,PT,,2020,higher_ed_students,Students in higher education (ISCED 5-8)
A,TE1026V,PT009C,2021,8472.0,,,PT009C,PT,,2021,higher_ed_students,Students in higher education (ISCED 5-8)
A,TE1026V,PT009C,2022,9175.0,,,PT009C,PT,,2022,higher_ed_students,Students in higher education (ISCED 5-8)
A,TE1026V,PT009C,2023,9629.0,,,PT009C,PT,,2023,higher_ed_students,Students in higher education (ISCED 5-8)
A,TE1026V,PT010C,2015,4739.0,,,PT010C,PT,,2015,higher_ed_students,Students in higher education (ISCED 5-8)
A,TE1026V,PT010C,2016,4829.0,,,PT010C,PT,,2016,higher_ed_students,Students in higher education (ISCED 5-8)
A,TE1026V,PT010C,2017,4879.0,,,PT010C,PT,,2017,higher_ed_students,Students in higher education (ISCED 5-8)
A,TE1026V,PT010C,2018,5066.0,,,PT010C,PT,,2018,higher_ed_students,Students in higher education (ISCED 5-8)
A,TE1026V,PT010C,2019,5112.0,,,PT010C,PT,,2019,higher_ed_students,Students in higher education (ISCED 5-8)
A,TE1026V,PT010C,2020,5671.0,,,PT010C,PT,,2020,higher_ed_students,Students in higher education (ISCED 5-8)
A,TE1026V,PT010C,2021,5924.0,,,PT010C,PT,,2021,higher_ed_students,Students in higher education (ISCED 5-8)
A,TE1026V,PT010C,2022,6113.0,,,PT010C,PT,,2022,higher_ed_students,Students in higher education (ISCED 5-8)
A,TE1026V,PT010C,2023,6009.0,,,PT010C,PT,,2023,higher_ed_students,Students in higher education (ISCED 5-8)
A,TE1026V,PT011C,2015,2760.0,,,PT011C,PT,,2015,higher_ed_students,Students in higher education (ISCED 5-8)
A,TE1026V,PT011C,2016,2891.0,,,PT011C,PT,,2016,higher_ed_students,Students in higher education (ISCED 5-8)
A,TE1026V,PT011C,2017,3018.0,,,PT011C,PT,,2017,higher_ed_students,Students in higher education (ISCED 5-8)
A,TE1026V,PT011C,2018,2965.0,,,PT011C,PT,,2018,higher_ed_students,Students in higher education (ISCED 5-8)
A,TE1026V,PT011C,2019,3022.0,,,PT011C,PT,,2019,higher_ed_students,Students in higher education (ISCED 5-8)
A,TE1026V,PT011C,2020,3158.0,,,PT011C,PT,,2020,higher_ed_students,Students in higher education (ISCED 5-8)
A,TE1026V,PT011C,2021,3403.0,,,PT011C,PT,,2021,higher_ed_students,Students in higher education (ISCED 5-8)
A,TE1026V,PT011C,2022,3580.0,,,PT011C,PT,,2022,higher_ed_students,Students in higher education (ISCED 5-8)
A,TE1026V,PT011C,2023,3533.0,,,PT011C,PT,,2023,higher_ed_students,Students in higher education (ISCED 5-8)
A,TE1026V,PT012C,2015,1679.0,,,PT012C,PT,,2015,higher_ed_students,Students in higher education (ISCED 5-8)
A,TE1026V,PT012C,2016,1677.0,,,PT012C,PT,,2016,higher_ed_students,Students in higher education (ISCED 5-8)
A,TE1026V,PT012C,2017,1664.0,,,PT012C,PT,,2017,higher_ed_students,Students in higher education (ISCED 5-8)
A,TE1026V,PT012C,2018,1811.0,,,PT012C,PT,,2018,higher_ed_students,Students in higher education (ISCED 5-8)
A,TE1026V,PT012C,2019,1959.0,,,PT012C,PT,,2019,higher_ed_students,Students in higher education (ISCED 5-8)
A,TE1026V,PT012C,2020,2115.0,,,PT012C,PT,,2020,higher_ed_students,Students in higher education (ISCED 5-8)
A,TE1026V,PT012C,2021,2197.0,,,PT012C,PT,,2021,higher_ed_students,Students in higher education (ISCED 5-8)
A,TE1026V,PT012C,2022,2120.0,,,PT012C,PT,,2022,higher_ed_students,Students in higher education (ISCED 5-8)
A,TE1026V,PT012C,2023,2095.0,,,PT012C,PT,,2023,higher_ed_students,Students in higher education (ISCED 5-8)
A,TE1026V,PT013C,2015,0.0,,,PT013C,PT,,2015,higher_ed_students,Students in higher education (ISCED 5-8)
A,TE1026V,PT013C,2016,0.0,,,PT013C,PT,,2016,higher_ed_students,Students in higher education (ISCED 5-8)
A,TE1026V,PT013C,2017,0.0,,,PT013C,PT,,2017,higher_ed_students,Students in higher education (ISCED 5-8)
A,TE1026V,PT013C,2018,0.0,,,PT013C,PT,,2018,higher_ed_students,Students in higher education (ISCED 5-8)
A,TE1026V,PT013C,2019,0.0,,,PT013C,PT,,2019,higher_ed_students,Students in higher education (ISCED 5-8)
A,TE1026V,PT013C,2020,0.0,,,PT013C,PT,,2020,higher_ed_students,Students in higher education (ISCED 5-8)
A,TE1026V,PT013C,2023,0.0,,,PT013C,PT,,2023,higher_ed_students,Students in higher education (ISCED 5-8)
A,TE1026V,PT014C,2015,154.0,,,PT014C,PT,,2015,higher_ed_students,Students in higher education (ISCED 5-8)
A,TE1026V,PT014C,2016,146.0,,,PT014C,PT,,2016,higher_ed_students,Students in higher education (ISCED 5-8)
A,TE1026V,PT014C,2017,119.0,,,PT014C,PT,,2017,higher_ed_students,Students in higher education (ISCED 5-8)
A,TE1026V,PT014C,2018,111.0,,,PT014C,PT,,2018,higher_ed_students,Students in higher education (ISCED 5-8)
A,TE1026V,PT014C,2019,127.0,,,PT014C,PT,,2019,higher_ed_students,Students in higher education (ISCED 5-8)
A,TE1026V,PT014C,2020,136.0,,,PT014C,PT,,2020,higher_ed_students,Students in higher education (ISCED 5-8)
A,TE1026V,PT014C,2021,190.0,,,PT014C,PT,,2021,higher_ed_students,Students in higher education (ISCED 5-8)
A,TE1026V,PT014C,2022,268.0,,,PT014C,PT,,2022,higher_ed_students,Students in higher education (ISCED 5-8)
A,TE1026V,PT014C,2023,558.0,,,PT014C,PT,,2023,higher_ed_students,Students in higher education (ISCED 5-8)
A,TE1026V,PT015C,2015,34.0,,,PT015C,PT,,2015,higher_ed_students,Students in higher education (ISCED 5-8)
A,TE1026V,PT015C,2016,70.0,,,PT015C,PT,,2016,higher_ed_students,Students in higher education (ISCED 5-8)
A,TE1026V,PT015C,2017,67.0,,,PT015C,PT,,2017,higher_ed_students,Students in higher education (ISCED 5-8)
A,TE1026V,PT015C,2018,51.0,,,PT015C,PT,,2018,higher_ed_students,Students in higher education (ISCED 5-8)
A,TE1026V,PT015C,2019,20.0,,,PT015C,PT,,2019,higher_ed_students,Students in higher education (ISCED 5-8)
A,TE1026V,PT015C,2020,8.0,,,PT015C,PT,,2020,higher_ed_students,Students in higher education (ISCED 5-8)
A,TE1026V,PT015C,2023,0.0,,,PT015C,PT,,2023,higher_ed_students,Students in higher education (ISCED 5-8)
A,TE1026V,PT016C,2015,0.0,,,PT016C,PT,,2015,higher_ed_students,Students in higher education (ISCED 5-8)
A,TE1026V,PT016C,2016,0.0,,,PT016C,PT,,2016,higher_ed_students,Students in higher education (ISCED 5-8)
A,TE1026V,PT016C,2017,0.0,,,PT016C,PT,,2017,higher_ed_students,Students in higher education (ISCED 5-8)
A,TE1026V,PT016C,2018,0.0,,,PT016C,PT,,2018,higher_ed_students,Students in higher education (ISCED 5-8)
A,TE1026V,PT016C,2019,0.0,,,PT016C,PT,,2019,higher_ed_students,Students in higher education (ISCED 5-8)
A,TE1026V,PT016C,2020,0.0,,,PT016C,PT,,2020,higher_ed_students,Students in higher education (ISCED 5-8)
A,TE1026V,PT016C,2023,0.0,,,PT016C,PT,,2023,higher_ed_students,Students in higher education (ISCED 5-8)
A,TE1026V,RO,2015,535218.0,d,,RO,RO,,2015,higher_ed_students,Students in higher education (ISCED 5-8)
A,TE1026V,RO,2016,531586.0,,,RO,RO,,2016,higher_ed_students,Students in higher education (ISCED 5-8)
A,TE1026V,RO,2017,538871.0,d,,RO,RO,,2017,higher_ed_students,Students in higher education (ISCED 5-8)
A,TE1026V,RO,2018,533749.0,d,,RO,RO,,2018,higher_ed_students,Students in higher education (ISCED 5-8)
A,TE1026V,RO001C,2015,170353.0,d,,RO001C,RO,,2015,higher_ed_students,Students in higher education (ISCED 5-8)
A,TE1026V,RO001C,2016,172038.0,,,RO001C,RO,,2016,higher_ed_students,Students in higher education (ISCED 5-8)
A,TE1026V,RO001C,2017,176199.0,d,,RO001C,RO,,2017,higher_ed_students,Students in higher education (ISCED 5-8)
A,TE1026V,RO001C,2018,172528.0,d,,RO001C,RO,,2018,higher_ed_students,Students in higher education (ISCED 5-8)
A,TE1026V,RO002C,2015,66534.0,d,,RO002C,RO,,2015,higher_ed_students,Students in higher education (ISCED 5-8)
A,TE1026V,RO002C,2016,67262.0,,,RO002C,RO,,2016,higher_ed_students,Students in higher education (ISCED 5-8)
A,TE1026V,RO002C,2017,68391.0,d,,RO002C,RO,,2017,higher_ed_students,Students in higher education (ISCED 5-8)
A,TE1026V,RO002C,2018,69200.0,d,,RO002C,RO,,2018,higher_ed_students,Students in higher education (ISCED 5-8)
A,TE1026V,RO003C,2015,39564.0,d,,RO003C,RO,,2015,higher_ed_students,Students in higher education (ISCED 5-8)
A,TE1026V,RO003C,2016,40002.0,,,RO003C,RO,,2016,higher_ed_students,Students in higher education (ISCED 5-8)
A,TE1026V,RO003C,2017,40692.0,d,,RO003C,RO,,2017,higher_ed_students,Students in higher education (ISCED 5-8)
A,TE1026V,RO003C,2018,40957.0,d,,RO003C,RO,,2018,higher_ed_students,Students in higher education (ISCED 5-8)
A,TE1026V,RO004C,2015,21687.0,d,,RO004C,RO,,2015,higher_ed_students,Students in higher education (ISCED 5-8)
A,TE1026V,RO004C,2016,21929.0,,,RO004C,RO,,2016,higher_ed_students,Students in higher education (ISCED 5-8)
A,TE1026V,RO004C,2017,22339.0,d,,RO004C,RO,,2017,higher_ed_students,Students in higher education (ISCED 5-8)
A,TE1026V,RO004C,2018,22451.0,d,,RO004C,RO,,2018,higher_ed_students,Students in higher education (ISCED 5-8)
A,TE1026V,RO005C,2015,765.0,d,,RO005C,RO,,2015,higher_ed_students,Students in higher education (ISCED 5-8)
A,TE1026V,RO005C,2016,710.0,,,RO005C,RO,,2016,higher_ed_students,Students in higher education (ISCED 5-8)
A,TE1026V,RO005C,2017,770.0,d,,RO005C,RO,,2017,higher_ed_students,Students in higher education (ISCED 5-8)
A,TE1026V,RO005C,2018,778.0,d,,RO005C,RO,,2018,higher_ed_students,Students in higher education (ISCED 5-8)
A,TE1026V,RO006C,2015,16164.0,d,,RO006C,RO,,2015,higher_ed_students,Students in higher education (ISCED 5-8)
A,TE1026V,RO006C,2016,15833.0,,,RO006C,RO,,2016,higher_ed_students,Students in higher education (ISCED 5-8)
A,TE1026V,RO006C,2017,15975.0,d,,RO006C,RO,,2017,higher_ed_students,Students in higher education (ISCED 5-8)
A,TE1026V,RO006C,2018,16239.0,d,,RO006C,RO,,2018,higher_ed_students,Students in higher education (ISCED 5-8)
A,TE1026V,RO007C,2015,5581.0,d,,RO007C,RO,,2015,higher_ed_students,Students in higher education (ISCED 5-8)
A,TE1026V,RO007C,2016,5543.0,,,RO007C,RO,,2016,higher_ed_students,Students in higher education (ISCED 5-8)
A,TE1026V,RO007C,2017,5755.0,d,,RO007C,RO,,2017,higher_ed_students,Students in higher education (ISCED 5-8)
A,TE1026V,RO007C,2018,5709.0,d,,RO007C,RO,,2018,higher_ed_students,Students in higher education (ISCED 5-8)
A,TE1026V,RO008C,2015,10968.0,d,,RO008C,RO,,2015,higher_ed_students,Students in higher education (ISCED 5-8)
A,TE1026V,RO008C,2016,10023.0,,,RO008C,RO,,2016,higher_ed_students,Students in higher education (ISCED 5-8)
A,TE1026V,RO008C,2017,9451.0,d,,RO008C,RO,,2017,higher_ed_students,Students in higher education (ISCED 5-8)
A,TE1026V,RO008C,2018,8996.0,d,,RO008C,RO,,2018,higher_ed_students,Students in higher education (ISCED 5-8)
A,TE1026V,RO009C,2015,16448.0,d,,RO009C,RO,,2015,higher_ed_students,Students in higher education (ISCED 5-8)
A,TE1026V,RO009C,2016,16322.0,,,RO009C,RO,,2016,higher_ed_students,Students in higher education (ISCED 5-8)
A,TE1026V,RO009C,2017,16452.0,d,,RO009C,RO,,2017,higher_ed_students,Students in higher education (ISCED 5-8)
A,TE1026V,RO009C,2018,15895.0,d,,RO009C,RO,,2018,higher_ed_students,Students in higher education (ISCED 5-8)
A,TE1026V,RO010C,2015,11563.0,d,,RO010C,RO,,2015,higher_ed_students,Students in higher education (ISCED 5-8)
A,TE1026V,RO010C,2016,11603.0,,,RO010C,RO,,2016,higher_ed_students,Students in higher education (ISCED 5-8)
A,TE1026V,RO010C,2017,11771.0,d,,RO010C,RO,,2017,higher_ed_students,Students in higher education (ISCED 5-8)
A,TE1026V,RO010C,2018,11917.0,d,,RO010C,RO,,2018,higher_ed_students,Students in higher education (ISCED 5-8)
A,TE1026V,RO011C,2015,224.0,d,,RO011C,RO,,2015,higher_ed_students,Students in higher education (ISCED 5-8)
A,TE1026V,RO011C,2016,214.0,,,RO011C,RO,,2016,higher_ed_students,Students in higher education (ISCED 5-8)
A,TE1026V,RO011C,2017,214.0,d,,RO011C,RO,,2017,higher_ed_students,Students in higher education (ISCED 5-8)
A,TE1026V,RO011C,2018,217.0,d,,RO011C,RO,,2018,higher_ed_students,Students in higher education (ISCED 5-8)
A,TE1026V,RO012C,2015,341.0,d,,RO012C,RO,,2015,higher_ed_students,Students in higher education (ISCED 5-8)
A,TE1026V,RO012C,2016,317.0,,,RO012C,RO,,2016,higher_ed_students,Students in higher education (ISCED 5-8)
A,TE1026V,RO012C,2017,306.0,d,,RO012C,RO,,2017,higher_ed_students,Students in higher education (ISCED 5-8)
A,TE1026V,RO012C,2018,310.0,d,,RO012C,RO,,2018,higher_ed_students,Students in higher education (ISCED 5-8)
A,TE1026V,RO013C,2015,0.0,d,,RO013C,RO,,2015,higher_ed_students,Students in higher education (ISCED 5-8)
A,TE1026V,RO013C,2016,0.0,,,RO013C,RO,,2016,higher_ed_students,Students in higher education (ISCED 5-8)
A,TE1026V,RO013C,2017,0.0,d,,RO013C,RO,,2017,higher_ed_students,Students in higher education (ISCED 5-8)
A,TE1026V,RO013C,2018,0.0,d,,RO013C,RO,,2018,higher_ed_students,Students in higher education (ISCED 5-8)
A,TE1026V,RO014C,2015,4713.0,d,,RO014C,RO,,2015,higher_ed_students,Students in higher education (ISCED 5-8)
A,TE1026V,RO014C,2016,4953.0,,,RO014C,RO,,2016,higher_ed_students,Students in higher education (ISCED 5-8)
A,TE1026V,RO014C,2017,5327.0,d,,RO014C,RO,,2017,higher_ed_students,Students in higher education (ISCED 5-8)
A,TE1026V,RO014C,2018,5479.0,d,,RO014C,RO,,2018,higher_ed_students,Students in higher education (ISCED 5-8)
A,TE1026V,RO015C,2015,303.0,d,,RO015C,RO,,2015,higher_ed_students,Students in higher education (ISCED 5-8)
A,TE1026V,RO015C,2016,287.0,,,RO015C,RO,,2016,higher_ed_students,Students in higher education (ISCED 5-8)
A,TE1026V,RO015C,2017,289.0,d,,RO015C,RO,,2017,higher_ed_students,Students in higher education (ISCED 5-8)
A,TE1026V,RO015C,2018,276.0,d,,RO015C,RO,,2018,higher_ed_students,Students in higher education (ISCED 5-8)
A,TE1026V,RO016C,2015,3474.0,d,,RO016C,RO,,2015,higher_ed_students,Students in higher education (ISCED 5-8)
A,TE1026V,RO016C,2016,3363.0,,,RO016C,RO,,2016,higher_ed_students,Students in higher education (ISCED 5-8)
A,TE1026V,RO016C,2017,3329.0,d,,RO016C,RO,,2017,higher_ed_students,Students in higher education (ISCED 5-8)
A,TE1026V,RO016C,2018,2904.0,d,,RO016C,RO,,2018,higher_ed_students,Students in higher education (ISCED 5-8)
A,TE1026V,RO017C,2015,0.0,d,,RO017C,RO,,2015,higher_ed_students,Students in higher education (ISCED 5-8)
A,TE1026V,RO017C,2016,0.0,,,RO017C,RO,,2016,higher_ed_students,Students in higher education (ISCED 5-8)
A,TE1026V,RO017C,2017,0.0,d,,RO017C,RO,,2017,higher_ed_students,Students in higher education (ISCED 5-8)
A,TE1026V,RO017C,2018,0.0,d,,RO017C,RO,,2018,higher_ed_students,Students in higher education (ISCED 5-8)
A,TE1026V,RO018C,2015,5080.0,d,,RO018C,RO,,2015,higher_ed_students,Students in higher education (ISCED 5-8)
A,TE1026V,RO018C,2016,4931.0,,,RO018C,RO,,2016,higher_ed_students,Students in higher education (ISCED 5-8)
A,TE1026V,RO018C,2017,4867.0,d,,RO018C,RO,,2017,higher_ed_students,Students in higher education (ISCED 5-8)
A,TE1026V,RO018C,2018,4877.0,d,,RO018C,RO,,2018,higher_ed_students,Students in higher education (ISCED 5-8)
A,TE1026V,RO019C,2015,522.0,d,,RO019C,RO,,2015,higher_ed_students,Students in higher education (ISCED 5-8)
A,TE1026V,RO019C,2016,575.0,,,RO019C,RO,,2016,higher_ed_students,Students in higher education (ISCED 5-8)
A,TE1026V,RO019C,2017,578.0,d,,RO019C,RO,,2017,higher_ed_students,Students in higher education (ISCED 5-8)
A,TE1026V,RO019C,2018,603.0,d,,RO019C,RO,,2018,higher_ed_students,Students in higher education (ISCED 5-8)
A,TE1026V,RO020C,2015,0.0,d,,RO020C,RO,,2015,higher_ed_students,Students in higher education (ISCED 5-8)
A,TE1026V,RO020C,2016,0.0,,,RO020C,RO,,2016,higher_ed_students,Students in higher education (ISCED 5-8)
A,TE1026V,RO020C,2017,0.0,d,,RO020C,RO,,2017,higher_ed_students,Students in higher education (ISCED 5-8)
A,TE1026V,RO020C,2018,0.0,d,,RO020C,RO,,2018,higher_ed_students,Students in higher education (ISCED 5-8)
A,TE1026V,RO021C,2015,145.0,d,,RO021C,RO,,2015,higher_ed_students,Students in higher education (ISCED 5-8)
A,TE1026V,RO021C,2016,145.0,,,RO021C,RO,,2016,higher_ed_students,Students in higher education (ISCED 5-8)
A,TE1026V,RO021C,2017,130.0,d,,RO021C,RO,,2017,higher_ed_students,Students in higher education (ISCED 5-8)
A,TE1026V,RO021C,2018,143.0,d,,RO021C,RO,,2018,higher_ed_students,Students in higher education (ISCED 5-8)
A,TE1026V,RO022C,2015,1047.0,d,,RO022C,RO,,2015,higher_ed_students,Students in higher education (ISCED 5-8)
A,TE1026V,RO022C,2016,1132.0,,,RO022C,RO,,2016,higher_ed_students,Students in higher education (ISCED 5-8)
A,TE1026V,RO022C,2017,1146.0,d,,RO022C,RO,,2017,higher_ed_students,Students in higher education (ISCED 5-8)
A,TE1026V,RO022C,2018,1048.0,d,,RO022C,RO,,2018,higher_ed_students,Students in higher education (ISCED 5-8)
A,TE1026V,RO023C,2015,23692.0,d,,RO023C,RO,,2015,higher_ed_students,Students in higher education (ISCED 5-8)
A,TE1026V,RO023C,2016,23118.0,,,RO023C,RO,,2016,higher_ed_students,Students in higher education (ISCED 5-8)
A,TE1026V,RO023C,2017,22374.0,d,,RO023C,RO,,2017,higher_ed_students,Students in higher education (ISCED 5-8)
A,TE1026V,RO023C,2018,21884.0,d,,RO023C,RO,,2018,higher_ed_students,Students in higher education (ISCED 5-8)
A,TE1026V,RO024C,2015,54653.0,d,,RO024C,RO,,2015,higher_ed_students,Students in higher education (ISCED 5-8)
A,TE1026V,RO024C,2016,53174.0,,,RO024C,RO,,2016,higher_ed_students,Students in higher education (ISCED 5-8)
A,TE1026V,RO024C,2017,53392.0,d,,RO024C,RO,,2017,higher_ed_students,Students in higher education (ISCED 5-8)
A,TE1026V,RO024C,2018,52971.0,d,,RO024C,RO,,2018,higher_ed_students,Students in higher education (ISCED 5-8)
A,TE1026V,RO025C,2015,14790.0,d,,RO025C,RO,,2015,higher_ed_students,Students in higher education (ISCED 5-8)
A,TE1026V,RO025C,2016,14142.0,,,RO025C,RO,,2016,higher_ed_students,Students in higher education (ISCED 5-8)
A,TE1026V,RO025C,2017,14980.0,d,,RO025C,RO,,2017,higher_ed_students,Students in higher education (ISCED 5-8)
A,TE1026V,RO025C,2018,15278.0,d,,RO025C,RO,,2018,higher_ed_students,Students in higher education (ISCED 5-8)
A,TE1026V,RO026C,2015,21366.0,d,,RO026C,RO,,2015,higher_ed_students,Students in higher education (ISCED 5-8)
A,TE1026V,RO026C,2016,21296.0,,,RO026C,RO,,2016,higher_ed_students,Students in higher education (ISCED 5-8)
A,TE1026V,RO026C,2017,21516.0,d,,RO026C,RO,,2017,higher_ed_students,Students in higher education (ISCED 5-8)
A,TE1026V,RO026C,2018,21256.0,d,,RO026C,RO,,2018,higher_ed_students,Students in higher education (ISCED 5-8)
A,TE1026V,RO027C,2015,7594.0,d,,RO027C,RO,,2015,higher_ed_students,Students in higher education (ISCED 5-8)
A,TE1026V,RO027C,2016,6939.0,,,RO027C,RO,,2016,higher_ed_students,Students in higher education (ISCED 5-8)
A,TE1026V,RO027C,2017,6289.0,d,,RO027C,RO,,2017,higher_ed_students,Students in higher education (ISCED 5-8)
A,TE1026V,RO027C,2018,5861.0,d,,RO027C,RO,,2018,higher_ed_students,Students in higher education (ISCED 5-8)
A,TE1026V,RO028C,2015,9376.0,d,,RO028C,RO,,2015,higher_ed_students,Students in higher education (ISCED 5-8)
A,TE1026V,RO028C,2016,9110.0,,,RO028C,RO,,2016,higher_ed_students,Students in higher education (ISCED 5-8)
A,TE1026V,RO028C,2017,8910.0,d,,RO028C,RO,,2017,higher_ed_students,Students in higher education (ISCED 5-8)
A,TE1026V,RO028C,2018,8397.0,d,,RO028C,RO,,2018,higher_ed_students,Students in higher education (ISCED 5-8)
A,TE1026V,RO029C,2015,5153.0,d,,RO029C,RO,,2015,higher_ed_students,Students in higher education (ISCED 5-8)
A,TE1026V,RO029C,2016,4700.0,,,RO029C,RO,,2016,higher_ed_students,Students in higher education (ISCED 5-8)
A,TE1026V,RO029C,2017,4808.0,d,,RO029C,RO,,2017,higher_ed_students,Students in higher education (ISCED 5-8)
A,TE1026V,RO029C,2018,4832.0,d,,RO029C,RO,,2018,higher_ed_students,Students in higher education (ISCED 5-8)
A,TE1026V,RO030C,2015,502.0,d,,RO030C,RO,,2015,higher_ed_students,Students in higher education (ISCED 5-8)
A,TE1026V,RO030C,2016,498.0,,,RO030C,RO,,2016,higher_ed_students,Students in higher education (ISCED 5-8)
A,TE1026V,RO030C,2017,495.0,d,,RO030C,RO,,2017,higher_ed_students,Students in higher education (ISCED 5-8)
A,TE1026V,RO030C,2018,506.0,d,,RO030C,RO,,2018,higher_ed_students,Students in higher education (ISCED 5-8)
A,TE1026V,RO031C,2015,1291.0,d,,RO031C,RO,,2015,higher_ed_students,Students in higher education (ISCED 5-8)
A,TE1026V,RO031C,2016,1168.0,,,RO031C,RO,,2016,higher_ed_students,Students in higher education (ISCED 5-8)
A,TE1026V,RO031C,2017,1193.0,d,,RO031C,RO,,2017,higher_ed_students,Students in higher education (ISCED 5-8)
A,TE1026V,RO031C,2018,973.0,d,,RO031C,RO,,2018,higher_ed_students,Students in higher education (ISCED 5-8)
A,TE1026V,RO032C,2015,0.0,d,,RO032C,RO,,2015,higher_ed_students,Students in higher education (ISCED 5-8)
A,TE1026V,RO032C,2016,0.0,,,RO032C,RO,,2016,higher_ed_students,Students in higher education (ISCED 5-8)
A,TE1026V,RO032C,2017,0.0,d,,RO032C,RO,,2017,higher_ed_students,Students in higher education (ISCED 5-8)
A,TE1026V,RO032C,2018,0.0,d,,RO032C,RO,,2018,higher_ed_students,Students in higher education (ISCED 5-8)
A,TE1026V,RO033C,2015,841.0,d,,RO033C,RO,,2015,higher_ed_students,Students in higher education (ISCED 5-8)
A,TE1026V,RO033C,2016,806.0,,,RO033C,RO,,2016,higher_ed_students,Students in higher education (ISCED 5-8)
A,TE1026V,RO033C,2017,853.0,d,,RO033C,RO,,2017,higher_ed_students,Students in higher education (ISCED 5-8)
A,TE1026V,RO033C,2018,900.0,d,,RO033C,RO,,2018,higher_ed_students,Students in higher education (ISCED 5-8)
A,TE1026V,RO034C,2015,8763.0,d,,RO034C,RO,,2015,higher_ed_students,Students in higher education (ISCED 5-8)
A,TE1026V,RO034C,2016,7755.0,,,RO034C,RO,,2016,higher_ed_students,Students in higher education (ISCED 5-8)
A,TE1026V,RO034C,2017,8225.0,d,,RO034C,RO,,2017,higher_ed_students,Students in higher education (ISCED 5-8)
A,TE1026V,RO034C,2018,8387.0,d,,RO034C,RO,,2018,higher_ed_students,Students in higher education (ISCED 5-8)
A,TE1026V,RO035C,2015,1680.0,d,,RO035C,RO,,2015,higher_ed_students,Students in higher education (ISCED 5-8)
A,TE1026V,RO035C,2016,1710.0,,,RO035C,RO,,2016,higher_ed_students,Students in higher education (ISCED 5-8)
A,TE1026V,RO035C,2017,1769.0,d,,RO035C,RO,,2017,higher_ed_students,Students in higher education (ISCED 5-8)
A,TE1026V,RO035C,2018,1769.0,d,,RO035C,RO,,2018,higher_ed_students,Students in higher education (ISCED 5-8)
A,TE1026V,SI,2015,80798.0,,,SI,SI,,2015,higher_ed_students,Students in higher education (ISCED 5-8)
A,TE1026V,SI,2016,79547.0,,,SI,SI,,2016,higher_ed_students,Students in higher education (ISCED 5-8)
A,TE1026V,SI,2017,76534.0,,,SI,SI,,2017,higher_ed_students,Students in higher education (ISCED 5-8)
A,TE1026V,SI,2018,75991.0,,,SI,SI,,2018,higher_ed_students,Students in higher education (ISCED 5-8)
A,TE1026V,SI,2021,81715.0,,,SI,SI,,2021,higher_ed_students,Students in higher education (ISCED 5-8)
A,TE1026V,SI,2022,79987.0,,,SI,SI,,2022,higher_ed_students,Students in higher education (ISCED 5-8)
A,TE1026V,SI,2023,80648.0,,,SI,SI,,2023,higher_ed_students,Students in higher education (ISCED 5-8)
A,TE1026V,SI001C,2015,45660.0,b,,SI001C,SI,,2015,higher_ed_students,Students in higher education (ISCED 5-8)
A,TE1026V,SI001C,2016,45059.0,,,SI001C,SI,,2016,higher_ed_students,Students in higher education (ISCED 5-8)
A,TE1026V,SI001C,2017,43643.0,,,SI001C,SI,,2017,higher_ed_students,Students in higher education (ISCED 5-8)
A,TE1026V,SI001C,2018,43168.0,,,SI001C,SI,,2018,higher_ed_students,Students in higher education (ISCED 5-8)
A,TE1026V,SI001C,2019,43081.0,,,SI001C,SI,,2019,higher_ed_students,Students in higher education (ISCED 5-8)
A,TE1026V,SI001C,2020,46354.0,,,SI001C,SI,,2020,higher_ed_students,Students in higher education (ISCED 5-8)
A,TE1026V,SI001C,2021,45411.0,,,SI001C,SI,,2021,higher_ed_students,Students in higher education (ISCED 5-8)
A,TE1026V,SI001C,2022,43810.0,,,SI001C,SI,,2022,higher_ed_students,Students in higher education (ISCED 5-8)
A,TE1026V,SI001C,2023,45934.0,,,SI001C,SI,,2023,higher_ed_students,Students in higher education (ISCED 5-8)
A,TE1026V,SI002C,2015,15430.0,b,,SI002C,SI,,2015,higher_ed_students,Students in higher education (ISCED 5-8)
A,TE1026V,SI002C,2016,15463.0,,,SI002C,SI,,2016,higher_ed_students,Students in higher education (ISCED 5-8)
A,TE1026V,SI002C,2017,14652.0,,,SI002C,SI,,2017,higher_ed_students,Students in higher education (ISCED 5-8)
A,TE1026V,SI002C,2018,14438.0,,,SI002C,SI,,2018,higher_ed_students,Students in higher education (ISCED 5-8)
A,TE1026V,SI002C,2019,14688.0,,,SI002C,SI,,2019,higher_ed_students,Students in higher education (ISCED 5-8)
A,TE1026V,SI002C,2020,15439.0,,,SI002C,SI,,2020,higher_ed_students,Students in higher education (ISCED 5-8)
A,TE1026V,SI002C,2021,15958.0,,,SI002C,SI,,2021,higher_ed_students,Students in higher education (ISCED 5-8)
A,TE1026V,SI002C,2022,16029.0,,,SI002C,SI,,2022,higher_ed_students,Students in higher education (ISCED 5-8)
A,TE1026V,SI002C,2023,16093.0,,,SI002C,SI,,2023,higher_ed_students,Students in higher education (ISCED 5-8)
A,TE1026V,SK,2015,165529.0,,,SK,SK,,2015,higher_ed_students,Students in higher education (ISCED 5-8)
A,TE1026V,SK,2016,154316.0,,,SK,SK,,2016,higher_ed_students,Students in higher education (ISCED 5-8)
A,TE1026V,SK,2017,142907.0,,,SK,SK,,2017,higher_ed_students,Students in higher education (ISCED 5-8)
A,TE1026V,SK,2018,139622.0,,,SK,SK,,2018,higher_ed_students,Students in higher education (ISCED 5-8)
A,TE1026V,SK,2019,137544.0,,,SK,SK,,2019,higher_ed_students,Students in higher education (ISCED 5-8)
A,TE1026V,SK,2020,139953.0,,,SK,SK,,2020,higher_ed_students,Students in higher education (ISCED 5-8)
A,TE1026V,SK001C,2015,62300.0,,,SK001C,SK,,2015,higher_ed_students,Students in higher education (ISCED 5-8)
A,TE1026V,SK001C,2016,58616.0,,,SK001C,SK,,2016,higher_ed_students,Students in higher education (ISCED 5-8)
A,TE1026V,SK001C,2017,53670.0,,,SK001C,SK,,2017,higher_ed_students,Students in higher education (ISCED 5-8)
A,TE1026V,SK001C,2018,53203.0,,,SK001C,SK,,2018,higher_ed_students,Students in higher education (ISCED 5-8)
A,TE1026V,SK001C,2019,51758.0,,,SK001C,SK,,2019,higher_ed_students,Students in higher education (ISCED 5-8)
A,TE1026V,SK001C,2020,52397.0,,,SK001C,SK,,2020,higher_ed_students,Students in higher education (ISCED 5-8)
A,TE1026V,SK002C,2015,21965.0,,,SK002C,SK,,2015,higher_ed_students,Students in higher education (ISCED 5-8)
A,TE1026V,SK002C,2016,20620.0,,,SK002C,SK,,2016,higher_ed_students,Students in higher education (ISCED 5-8)
A,TE1026V,SK002C,2017,19731.0,,,SK002C,SK,,2017,higher_ed_students,Students in higher education (ISCED 5-8)
A,TE1026V,SK002C,2018,19545.0,,,SK002C,SK,,2018,higher_ed_students,Students in higher education (ISCED 5-8)
A,TE1026V,SK002C,2019,19799.0,,,SK002C,SK,,2019,higher_ed_students,Students in higher education (ISCED 5-8)
A,TE1026V,SK002C,2020,20300.0,,,SK002C,SK,,2020,higher_ed_students,Students in higher education (ISCED 5-8)
A,TE1026V,SK003C,2015,10148.0,,,SK003C,SK,,2015,higher_ed_students,Students in higher education (ISCED 5-8)
A,TE1026V,SK003C,2016,8949.0,,,SK003C,SK,,2016,higher_ed_students,Students in higher education (ISCED 5-8)
A,TE1026V,SK003C,2017,7933.0,,,SK003C,SK,,2017,higher_ed_students,Students in higher education (ISCED 5-8)
A,TE1026V,SK003C,2018,7861.0,,,SK003C,SK,,2018,higher_ed_students,Students in higher education (ISCED 5-8)
A,TE1026V,SK003C,2019,7700.0,,,SK003C,SK,,2019,higher_ed_students,Students in higher education (ISCED 5-8)
A,TE1026V,SK003C,2020,8048.0,,,SK003C,SK,,2020,higher_ed_students,Students in higher education (ISCED 5-8)
A,TE1026V,SK004C,2015,17347.0,,,SK004C,SK,,2015,higher_ed_students,Students in higher education (ISCED 5-8)
A,TE1026V,SK004C,2016,15708.0,,,SK004C,SK,,2016,higher_ed_students,Students in higher education (ISCED 5-8)
A,TE1026V,SK004C,2017,14294.0,,,SK004C,SK,,2017,higher_ed_students,Students in higher education (ISCED 5-8)
A,TE1026V,SK004C,2018,13489.0,,,SK004C,SK,,2018,higher_ed_students,Students in higher education (ISCED 5-8)
A,TE1026V,SK004C,2019,12784.0,,,SK004C,SK,,2019,higher_ed_students,Students in higher education (ISCED 5-8)
A,TE1026V,SK004C,2020,12384.0,,,SK004C,SK,,2020,higher_ed_students,Students in higher education (ISCED 5-8)
A,TE1026V,SK005C,2015,10855.0,,,SK005C,SK,,2015,higher_ed_students,Students in higher education (ISCED 5-8)
A,TE1026V,SK005C,2016,10661.0,,,SK005C,SK,,2016,higher_ed_students,Students in higher education (ISCED 5-8)
A,TE1026V,SK005C,2017,10088.0,,,SK005C,SK,,2017,higher_ed_students,Students in higher education (ISCED 5-8)
A,TE1026V,SK005C,2018,9760.0,,,SK005C,SK,,2018,higher_ed_students,Students in higher education (ISCED 5-8)
A,TE1026V,SK005C,2019,9715.0,,,SK005C,SK,,2019,higher_ed_students,Students in higher education (ISCED 5-8)
A,TE1026V,SK005C,2020,9757.0,,,SK005C,SK,,2020,higher_ed_students,Students in higher education (ISCED 5-8)
A,TE1026V,SK006C,2015,8949.0,,,SK006C,SK,,2015,higher_ed_students,Students in higher education (ISCED 5-8)
A,TE1026V,SK006C,2016,8287.0,,,SK006C,SK,,2016,higher_ed_students,Students in higher education (ISCED 5-8)
A,TE1026V,SK006C,2017,7849.0,,,SK006C,SK,,2017,higher_ed_students,Students in higher education (ISCED 5-8)
A,TE1026V,SK006C,2018,7626.0,,,SK006C,SK,,2018,higher_ed_students,Students in higher education (ISCED 5-8)
A,TE1026V,SK006C,2019,7562.0,,,SK006C,SK,,2019,higher_ed_students,Students in higher education (ISCED 5-8)
A,TE1026V,SK006C,2020,7928.0,,,SK006C,SK,,2020,higher_ed_students,Students in higher education (ISCED 5-8)
A,TE1026V,SK007C,2015,14206.0,,,SK007C,SK,,2015,higher_ed_students,Students in higher education (ISCED 5-8)
A,TE1026V,SK007C,2016,13645.0,,,SK007C,SK,,2016,higher_ed_students,Students in higher education (ISCED 5-8)
A,TE1026V,SK007C,2017,12690.0,,,SK007C,SK,,2017,higher_ed_students,Students in higher education (ISCED 5-8)
A,TE1026V,SK007C,2018,11907.0,,,SK007C,SK,,2018,higher_ed_students,Students in higher education (ISCED 5-8)
A,TE1026V,SK007C,2019,11899.0,,,SK007C,SK,,2019,higher_ed_students,Students in higher education (ISCED 5-8)
A,TE1026V,SK007C,2020,12591.0,,,SK007C,SK,,2020,higher_ed_students,Students in higher education (ISCED 5-8)
A,TE1026V,SK008C,2015,3346.0,,,SK008C,SK,,2015,higher_ed_students,Students in higher education (ISCED 5-8)
A,TE1026V,SK008C,2016,2948.0,,,SK008C,SK,,2016,higher_ed_students,Students in higher education (ISCED 5-8)
A,TE1026V,SK008C,2017,2531.0,,,SK008C,SK,,2017,higher_ed_students,Students in higher education (ISCED 5-8)
A,TE1026V,SK008C,2018,2483.0,,,SK008C,SK,,2018,higher_ed_students,Students in higher education (ISCED 5-8)
A,TE1026V,SK008C,2019,2628.0,,,SK008C,SK,,2019,higher_ed_students,Students in higher education (ISCED 5-8)
A,TE1026V,SK008C,2020,2676.0,,,SK008C,SK,,2020,higher_ed_students,Students in higher education (ISCED 5-8)
A,TE1026V,UK002C,2015,76140.0,,,UK002C,UK,,2015,higher_ed_students,Students in higher education (ISCED 5-8)
A,TE1026V,UK002C,2016,78225.0,,,UK002C,UK,,2016,higher_ed_students,Students in higher education (ISCED 5-8)
A,TE1026V,UK002C,2017,80340.0,,,UK002C,UK,,2017,higher_ed_students,Students in higher education (ISCED 5-8)
A,TE1026V,UK002C,2018,81810.0,,,UK002C,UK,,2018,higher_ed_students,Students in higher education (ISCED 5-8)
A,TE1026V,UK003C,2015,61730.0,,,UK003C,UK,,2015,higher_ed_students,Students in higher education (ISCED 5-8)
A,TE1026V,UK003C,2016,62745.0,,,UK003C,UK,,2016,higher_ed_students,Students in higher education (ISCED 5-8)
A,TE1026V,UK003C,2017,63235.0,,,UK003C,UK,,2017,higher_ed_students,Students in higher education (ISCED 5-8)
A,TE1026V,UK003C,2018,62965.0,,,UK003C,UK,,2018,higher_ed_students,Students in higher education (ISCED 5-8)
A,TE1026V,UK004C,2015,67780.0,,,UK004C,UK,,2015,higher_ed_students,Students in higher education (ISCED 5-8)
A,TE1026V,UK004C,2016,68405.0,,,UK004C,UK,,2016,higher_ed_students,Students in higher education (ISCED 5-8)
A,TE1026V,UK004C,2017,71335.0,,,UK004C,UK,,2017,higher_ed_students,Students in higher education (ISCED 5-8)
A,TE1026V,UK004C,2018,71985.0,,,UK004C,UK,,2018,higher_ed_students,Students in higher education (ISCED 5-8)
A,TE1026V,UK005C,2015,11520.0,,,UK005C,UK,,2015,higher_ed_students,Students in higher education (ISCED 5-8)
A,TE1026V,UK005C,2016,11215.0,,,UK005C,UK,,2016,higher_ed_students,Students in higher education (ISCED 5-8)
A,TE1026V,UK005C,2017,10960.0,,,UK005C,UK,,2017,higher_ed_students,Students in higher education (ISCED 5-8)
A,TE1026V,UK005C,2018,10115.0,,,UK005C,UK,,2018,higher_ed_students,Students in higher education (ISCED 5-8)
A,TE1026V,UK006C,2015,49615.0,,,UK006C,UK,,2015,higher_ed_students,Students in higher education (ISCED 5-8)
A,TE1026V,UK006C,2016,52735.0,,,UK006C,UK,,2016,higher_ed_students,Students in higher education (ISCED 5-8)
A,TE1026V,UK006C,2017,55935.0,,,UK006C,UK,,2017,higher_ed_students,Students in higher education (ISCED 5-8)
A,TE1026V,UK006C,2018,58450.0,,,UK006C,UK,,2018,higher_ed_students,Students in higher education (ISCED 5-8)
A,TE1026V,UK007C,2015,54330.0,,,UK007C,UK,,2015,higher_ed_students,Students in higher education (ISCED 5-8)
A,TE1026V,UK007C,2016,54980.0,,,UK007C,UK,,2016,higher_ed_students,Students in higher education (ISCED 5-8)
A,TE1026V,UK007C,2017,56940.0,,,UK007C,UK,,2017,higher_ed_students,Students in higher education (ISCED 5-8)
A,TE1026V,UK007C,2018,58650.0,,,UK007C,UK,,2018,higher_ed_students,Students in higher education (ISCED 5-8)
A,TE1026V,UK008C,2015,70755.0,,,UK008C,UK,,2015,higher_ed_students,Students in higher education (ISCED 5-8)
A,TE1026V,UK008C,2016,73090.0,,,UK008C,UK,,2016,higher_ed_students,Students in higher education (ISCED 5-8)
A,TE1026V,UK008C,2017,74455.0,,,UK008C,UK,,2017,higher_ed_students,Students in higher education (ISCED 5-8)
A,TE1026V,UK008C,2018,74165.0,,,UK008C,UK,,2018,higher_ed_students,Students in higher education (ISCED 5-8)
A,TE1026V,UK009C,2015,44155.0,,,UK009C,UK,,2015,higher_ed_students,Students in higher education (ISCED 5-8)
A,TE1026V,UK009C,2016,43260.0,,,UK009C,UK,,2016,higher_ed_students,Students in higher education (ISCED 5-8)
A,TE1026V,UK009C,2017,42595.0,,,UK009C,UK,,2017,higher_ed_students,Students in higher education (ISCED 5-8)
A,TE1026V,UK009C,2018,42370.0,,,UK009C,UK,,2018,higher_ed_students,Students in higher education (ISCED 5-8)
A,TE1026V,UK010C,2015,58730.0,,,UK010C,UK,,2015,higher_ed_students,Students in higher education (ISCED 5-8)
A,TE1026V,UK010C,2016,59410.0,,,UK010C,UK,,2016,higher_ed_students,Students in higher education (ISCED 5-8)
A,TE1026V,UK010C,2017,59530.0,,,UK010C,UK,,2017,higher_ed_students,Students in higher education (ISCED 5-8)
A,TE1026V,UK010C,2018,60405.0,,,UK010C,UK,,2018,higher_ed_students,Students in higher education (ISCED 5-8)
A,TE1026V,UK011C,2015,21555.0,,,UK011C,UK,,2015,higher_ed_students,Students in higher education (ISCED 5-8)
A,TE1026V,UK011C,2016,21905.0,,,UK011C,UK,,2016,higher_ed_students,Students in higher education (ISCED 5-8)
A,TE1026V,UK011C,2017,23590.0,,,UK011C,UK,,2017,higher_ed_students,Students in higher education (ISCED 5-8)
A,TE1026V,UK011C,2018,24850.0,,,UK011C,UK,,2018,higher_ed_students,Students in higher education (ISCED 5-8)
A,TE1026V,UK012C,2015,26565.0,b,,UK012C,UK,,2015,higher_ed_students,Students in higher education (ISCED 5-8)
A,TE1026V,UK012C,2016,26350.0,,,UK012C,UK,,2016,higher_ed_students,Students in higher education (ISCED 5-8)
A,TE1026V,UK012C,2017,26315.0,,,UK012C,UK,,2017,higher_ed_students,Students in higher education (ISCED 5-8)
A,TE1026V,UK012C,2018,27010.0,,,UK012C,UK,,2018,higher_ed_students,Students in higher education (ISCED 5-8)
A,TE1026V,UK013C,2015,50185.0,,,UK013C,UK,,2015,higher_ed_students,Students in higher education (ISCED 5-8)
A,TE1026V,UK013C,2016,50960.0,,,UK013C,UK,,2016,higher_ed_students,Students in higher education (ISCED 5-8)
A,TE1026V,UK013C,2017,51650.0,,,UK013C,UK,,2017,higher_ed_students,Students in higher education (ISCED 5-8)
A,TE1026V,UK013C,2018,53115.0,,,UK013C,UK,,2018,higher_ed_students,Students in higher education (ISCED 5-8)
A,TE1026V,UK014C,2015,37645.0,,,UK014C,UK,,2015,higher_ed_students,Students in higher education (ISCED 5-8)
A,TE1026V,UK014C,2016,38725.0,,,UK014C,UK,,2016,higher_ed_students,Students in higher education (ISCED 5-8)
A,TE1026V,UK014C,2017,40005.0,,,UK014C,UK,,2017,higher_ed_students,Students in higher education (ISCED 5-8)
A,TE1026V,UK014C,2018,43105.0,,,UK014C,UK,,2018,higher_ed_students,Students in higher education (ISCED 5-8)
A,TE1026V,UK015C,2015,27280.0,,,UK015C,UK,,2015,higher_ed_students,Students in higher education (ISCED 5-8)
A,TE1026V,UK015C,2016,26755.0,,,UK015C,UK,,2016,higher_ed_students,Students in higher education (ISCED 5-8)
A,TE1026V,UK015C,2017,26680.0,,,UK015C,UK,,2017,higher_ed_students,Students in higher education (ISCED 5-8)
A,TE1026V,UK015C,2018,26900.0,,,UK015C,UK,,2018,higher_ed_students,Students in higher education (ISCED 5-8)
A,TE1026V,UK016C,2015,19515.0,,,UK016C,UK,,2015,higher_ed_students,Students in higher education (ISCED 5-8)
A,TE1026V,UK016C,2016,19660.0,,,UK016C,UK,,2016,higher_ed_students,Students in higher education (ISCED 5-8)
A,TE1026V,UK016C,2017,19955.0,,,UK016C,UK,,2017,higher_ed_students,Students in higher education (ISCED 5-8)
A,TE1026V,UK016C,2018,20510.0,,,UK016C,UK,,2018,higher_ed_students,Students in higher education (ISCED 5-8)
A,TE1026V,UK017C,2015,20555.0,,,UK017C,UK,,2015,higher_ed_students,Students in higher education (ISCED 5-8)
A,TE1026V,UK017C,2016,21670.0,,,UK017C,UK,,2016,higher_ed_students,Students in higher education (ISCED 5-8)
A,TE1026V,UK017C,2017,23175.0,,,UK017C,UK,,2017,higher_ed_students,Students in higher education (ISCED 5-8)
A,TE1026V,UK017C,2018,24045.0,,,UK017C,UK,,2018,higher_ed_students,Students in higher education (ISCED 5-8)
A,TE1026V,UK018C,2015,15555.0,,,UK018C,UK,,2015,higher_ed_students,Students in higher education (ISCED 5-8)
A,TE1026V,UK018C,2016,15710.0,,,UK018C,UK,,2016,higher_ed_students,Students in higher education (ISCED 5-8)
A,TE1026V,UK018C,2017,16330.0,,,UK018C,UK,,2017,higher_ed_students,Students in higher education (ISCED 5-8)
A,TE1026V,UK018C,2018,17225.0,,,UK018C,UK,,2018,higher_ed_students,Students in higher education (ISCED 5-8)
A,TE1026V,UK021C,2015,6765.0,,,UK021C,UK,,2015,higher_ed_students,Students in higher education (ISCED 5-8)
A,TE1026V,UK021C,2016,6660.0,,,UK021C,UK,,2016,higher_ed_students,Students in higher education (ISCED 5-8)
A,TE1026V,UK021C,2017,6415.0,,,UK021C,UK,,2017,higher_ed_students,Students in higher education (ISCED 5-8)
A,TE1026V,UK021C,2018,5745.0,,,UK021C,UK,,2018,higher_ed_students,Students in higher education (ISCED 5-8)
A,TE1026V,UK022C,2015,21625.0,,,UK022C,UK,,2015,higher_ed_students,Students in higher education (ISCED 5-8)
A,TE1026V,UK022C,2016,22060.0,,,UK022C,UK,,2016,higher_ed_students,Students in higher education (ISCED 5-8)
A,TE1026V,UK022C,2017,23505.0,,,UK022C,UK,,2017,higher_ed_students,Students in higher education (ISCED 5-8)
A,TE1026V,UK022C,2018,24395.0,,,UK022C,UK,,2018,higher_ed_students,Students in higher education (ISCED 5-8)
A,TE1026V,UK023C,2015,10065.0,,,UK023C,UK,,2015,higher_ed_students,Students in higher education (ISCED 5-8)
A,TE1026V,UK023C,2016,10455.0,,,UK023C,UK,,2016,higher_ed_students,Students in higher education (ISCED 5-8)
A,TE1026V,UK023C,2017,10745.0,,,UK023C,UK,,2017,higher_ed_students,Students in higher education (ISCED 5-8)
A,TE1026V,UK023C,2018,10800.0,,,UK023C,UK,,2018,higher_ed_students,Students in higher education (ISCED 5-8)
A,TE1026V,UK024C,2015,51285.0,,,UK024C,UK,,2015,higher_ed_students,Students in higher education (ISCED 5-8)
A,TE1026V,UK024C,2016,54095.0,,,UK024C,UK,,2016,higher_ed_students,Students in higher education (ISCED 5-8)
A,TE1026V,UK024C,2017,56740.0,,,UK024C,UK,,2017,higher_ed_students,Students in higher education (ISCED 5-8)
A,TE1026V,UK024C,2018,59830.0,,,UK024C,UK,,2018,higher_ed_students,Students in higher education (ISCED 5-8)
A,TE1026V,UK025C,2015,17010.0,,,UK025C,UK,,2015,higher_ed_students,Students in higher education (ISCED 5-8)
A,TE1026V,UK025C,2016,16305.0,,,UK025C,UK,,2016,higher_ed_students,Students in higher education (ISCED 5-8)
A,TE1026V,UK025C,2017,16530.0,,,UK025C,UK,,2017,higher_ed_students,Students in higher education (ISCED 5-8)
A,TE1026V,UK025C,2018,15585.0,,,UK025C,UK,,2018,higher_ed_students,Students in higher education (ISCED 5-8)
A,TE1026V,UK026C,2015,17735.0,,,UK026C,UK,,2015,higher_ed_students,Students in higher education (ISCED 5-8)
A,TE1026V,UK026C,2016,15860.0,,,UK026C,UK,,2016,higher_ed_students,Students in higher education (ISCED 5-8)
A,TE1026V,UK026C,2017,14910.0,,,UK026C,UK,,2017,higher_ed_students,Students in higher education (ISCED 5-8)
A,TE1026V,UK026C,2018,14345.0,,,UK026C,UK,,2018,higher_ed_students,Students in higher education (ISCED 5-8)
A,TE1026V,UK027C,2015,19065.0,,,UK027C,UK,,2015,higher_ed_students,Students in higher education (ISCED 5-8)
A,TE1026V,UK027C,2016,19790.0,,,UK027C,UK,,2016,higher_ed_students,Students in higher education (ISCED 5-8)
A,TE1026V,UK027C,2017,19560.0,,,UK027C,UK,,2017,higher_ed_students,Students in higher education (ISCED 5-8)
A,TE1026V,UK027C,2018,19630.0,,,UK027C,UK,,2018,higher_ed_students,Students in higher education (ISCED 5-8)
A,TE1026V,UK028C,2015,58800.0,,,UK028C,UK,,2015,higher_ed_students,Students in higher education (ISCED 5-8)
A,TE1026V,UK028C,2016,60045.0,,,UK028C,UK,,2016,higher_ed_students,Students in higher education (ISCED 5-8)
A,TE1026V,UK028C,2017,61885.0,,,UK028C,UK,,2017,higher_ed_students,Students in higher education (ISCED 5-8)
A,TE1026V,UK028C,2018,63990.0,,,UK028C,UK,,2018,higher_ed_students,Students in higher education (ISCED 5-8)
A,TE1026V,UK030C,2015,22950.0,,,UK030C,UK,,2015,higher_ed_students,Students in higher education (ISCED 5-8)
A,TE1026V,UK030C,2016,23785.0,,,UK030C,UK,,2016,higher_ed_students,Students in higher education (ISCED 5-8)
A,TE1026V,UK030C,2017,24890.0,,,UK030C,UK,,2017,higher_ed_students,Students in higher education (ISCED 5-8)
A,TE1026V,UK030C,2018,25545.0,,,UK030C,UK,,2018,higher_ed_students,Students in higher education (ISCED 5-8)
A,TE1026V,UK032C,2015,14300.0,,,UK032C,UK,,2015,higher_ed_students,Students in higher education (ISCED 5-8)
A,TE1026V,UK032C,2016,15050.0,,,UK032C,UK,,2016,higher_ed_students,Students in higher education (ISCED 5-8)
A,TE1026V,UK032C,2017,16065.0,,,UK032C,UK,,2017,higher_ed_students,Students in higher education (ISCED 5-8)
A,TE1026V,UK032C,2018,16945.0,,,UK032C,UK,,2018,higher_ed_students,Students in higher education (ISCED 5-8)
A,TE1026V,UK054C,2015,19620.0,,,UK054C,UK,,2015,higher_ed_students,Students in higher education (ISCED 5-8)
A,TE1026V,UK054C,2016,19270.0,,,UK054C,UK,,2016,higher_ed_students,Students in higher education (ISCED 5-8)
A,TE1026V,UK054C,2017,18280.0,,,UK054C,UK,,2017,higher_ed_students,Students in higher education (ISCED 5-8)
A,TE1026V,UK054C,2018,18245.0,,,UK054C,UK,,2018,higher_ed_students,Students in higher education (ISCED 5-8)
A,TE1026V,UK063C,2015,13695.0,,,UK063C,UK,,2015,higher_ed_students,Students in higher education (ISCED 5-8)
A,TE1026V,UK063C,2016,12995.0,,,UK063C,UK,,2016,higher_ed_students,Students in higher education (ISCED 5-8)
A,TE1026V,UK063C,2017,13020.0,,,UK063C,UK,,2017,higher_ed_students,Students in higher education (ISCED 5-8)
A,TE1026V,UK063C,2018,14070.0,,,UK063C,UK,,2018,higher_ed_students,Students in higher education (ISCED 5-8)
A,TE1026V,UK064C,2015,6385.0,,,UK064C,UK,,2015,higher_ed_students,Students in higher education (ISCED 5-8)
A,TE1026V,UK064C,2016,6320.0,,,UK064C,UK,,2016,higher_ed_students,Students in higher education (ISCED 5-8)
A,TE1026V,UK064C,2017,6425.0,,,UK064C,UK,,2017,higher_ed_students,Students in higher education (ISCED 5-8)
A,TE1026V,UK064C,2018,6545.0,,,UK064C,UK,,2018,higher_ed_students,Students in higher education (ISCED 5-8)
A,TE1026V,UK068C,2015,34220.0,,,UK068C,UK,,2015,higher_ed_students,Students in higher education (ISCED 5-8)
A,TE1026V,UK068C,2016,36290.0,,,UK068C,UK,,2016,higher_ed_students,Students in higher education (ISCED 5-8)
A,TE1026V,UK068C,2017,38340.0,,,UK068C,UK,,2017,higher_ed_students,Students in higher education (ISCED 5-8)
A,TE1026V,UK068C,2018,39355.0,,,UK068C,UK,,2018,higher_ed_students,Students in higher education (ISCED 5-8)
A,TE1026V,UK069C,2015,29310.0,,,UK069C,UK,,2015,higher_ed_students,Students in higher education (ISCED 5-8)
A,TE1026V,UK069C,2016,26720.0,,,UK069C,UK,,2016,higher_ed_students,Students in higher education (ISCED 5-8)
A,TE1026V,UK069C,2017,25370.0,,,UK069C,UK,,2017,higher_ed_students,Students in higher education (ISCED 5-8)
A,TE1026V,UK069C,2018,24820.0,,,UK069C,UK,,2018,higher_ed_students,Students in higher education (ISCED 5-8)
A,TE1026V,UK070C,2015,16020.0,,,UK070C,UK,,2015,higher_ed_students,Students in higher education (ISCED 5-8)
A,TE1026V,UK070C,2016,17445.0,,,UK070C,UK,,2016,higher_ed_students,Students in higher education (ISCED 5-8)
A,TE1026V,UK070C,2017,19275.0,,,UK070C,UK,,2017,higher_ed_students,Students in higher education (ISCED 5-8)
A,TE1026V,UK070C,2018,20545.0,,,UK070C,UK,,2018,higher_ed_students,Students in higher education (ISCED 5-8)
A,TE1026V,UK071C,2015,15935.0,,,UK071C,UK,,2015,higher_ed_students,Students in higher education (ISCED 5-8)
A,TE1026V,UK071C,2016,16300.0,,,UK071C,UK,,2016,higher_ed_students,Students in higher education (ISCED 5-8)
A,TE1026V,UK071C,2017,17585.0,,,UK071C,UK,,2017,higher_ed_students,Students in higher education (ISCED 5-8)
A,TE1026V,UK071C,2018,18490.0,,,UK071C,UK,,2018,higher_ed_students,Students in higher education (ISCED 5-8)
A,TE1026V,UK073C,2015,35100.0,,,UK073C,UK,,2015,higher_ed_students,Students in higher education (ISCED 5-8)
A,TE1026V,UK073C,2016,36160.0,,,UK073C,UK,,2016,higher_ed_students,Students in higher education (ISCED 5-8)
A,TE1026V,UK073C,2017,36240.0,,,UK073C,UK,,2017,higher_ed_students,Students in higher education (ISCED 5-8)
A,TE1026V,UK073C,2018,35200.0,,,UK073C,UK,,2018,higher_ed_students,Students in higher education (ISCED 5-8)
A,TE1026V,UK075C,2015,18920.0,,,UK075C,UK,,2015,higher_ed_students,Students in higher education (ISCED 5-8)
A,TE1026V,UK075C,2016,20520.0,,,UK075C,UK,,2016,higher_ed_students,Students in higher education (ISCED 5-8)
A,TE1026V,UK075C,2017,19995.0,,,UK075C,UK,,2017,higher_ed_students,Students in higher education (ISCED 5-8)
A,TE1026V,UK075C,2018,20290.0,,,UK075C,UK,,2018,higher_ed_students,Students in higher education (ISCED 5-8)
A,TE1026V,UK078C,2015,132360.0,,,UK078C,UK,,2015,higher_ed_students,Students in higher education (ISCED 5-8)
A,TE1026V,UK078C,2016,126620.0,,,UK078C,UK,,2016,higher_ed_students,Students in higher education (ISCED 5-8)
A,TE1026V,UK078C,2017,121620.0,,,UK078C,UK,,2017,higher_ed_students,Students in higher education (ISCED 5-8)
A,TE1026V,UK078C,2018,117935.0,,,UK078C,UK,,2018,higher_ed_students,Students in higher education (ISCED 5-8)
A,TE1026V,UK081C,2015,13285.0,,,UK081C,UK,,2015,higher_ed_students,Students in higher education (ISCED 5-8)
A,TE1026V,UK081C,2016,12985.0,,,UK081C,UK,,2016,higher_ed_students,Students in higher education (ISCED 5-8)
A,TE1026V,UK081C,2017,12850.0,,,UK081C,UK,,2017,higher_ed_students,Students in higher education (ISCED 5-8)
A,TE1026V,UK081C,2018,11970.0,,,UK081C,UK,,2018,higher_ed_students,Students in higher education (ISCED 5-8)
A,TE1026V,UK085C,2015,15655.0,,,UK085C,UK,,2015,higher_ed_students,Students in higher education (ISCED 5-8)
A,TE1026V,UK085C,2016,14400.0,,,UK085C,UK,,2016,higher_ed_students,Students in higher education (ISCED 5-8)
A,TE1026V,UK085C,2017,14000.0,,,UK085C,UK,,2017,higher_ed_students,Students in higher education (ISCED 5-8)
A,TE1026V,UK085C,2018,12800.0,,,UK085C,UK,,2018,higher_ed_students,Students in higher education (ISCED 5-8)
A,TE1026V,UK086C,2015,23385.0,,,UK086C,UK,,2015,higher_ed_students,Students in higher education (ISCED 5-8)
A,TE1026V,UK086C,2016,23135.0,,,UK086C,UK,,2016,higher_ed_students,Students in higher education (ISCED 5-8)
A,TE1026V,UK086C,2017,23840.0,,,UK086C,UK,,2017,higher_ed_students,Students in higher education (ISCED 5-8)
A,TE1026V,UK086C,2018,25075.0,,,UK086C,UK,,2018,higher_ed_students,Students in higher education (ISCED 5-8)
A,TE1026V,UK094C,2015,5045.0,,,UK094C,UK,,2015,higher_ed_students,Students in higher education (ISCED 5-8)
A,TE1026V,UK094C,2016,5575.0,,,UK094C,UK,,2016,higher_ed_students,Students in higher education (ISCED 5-8)
A,TE1026V,UK094C,2017,5410.0,,,UK094C,UK,,2017,higher_ed_students,Students in higher education (ISCED 5-8)
A,TE1026V,UK094C,2018,5310.0,,,UK094C,UK,,2018,higher_ed_students,Students in higher education (ISCED 5-8)
A,TE1026V,UK096C,2015,20590.0,,,UK096C,UK,,2015,higher_ed_students,Students in higher education (ISCED 5-8)
A,TE1026V,UK096C,2016,21740.0,,,UK096C,UK,,2016,higher_ed_students,Students in higher education (ISCED 5-8)
A,TE1026V,UK096C,2017,23020.0,,,UK096C,UK,,2017,higher_ed_students,Students in higher education (ISCED 5-8)
A,TE1026V,UK096C,2018,24310.0,,,UK096C,UK,,2018,higher_ed_students,Students in higher education (ISCED 5-8)
A,TE1026V,UK098C,2015,14435.0,,,UK098C,UK,,2015,higher_ed_students,Students in higher education (ISCED 5-8)
A,TE1026V,UK098C,2016,13795.0,,,UK098C,UK,,2016,higher_ed_students,Students in higher education (ISCED 5-8)
A,TE1026V,UK098C,2017,14585.0,,,UK098C,UK,,2017,higher_ed_students,Students in higher education (ISCED 5-8)
A,TE1026V,UK098C,2018,14760.0,,,UK098C,UK,,2018,higher_ed_students,Students in higher education (ISCED 5-8)
A,TE1026V,UK102C,2015,19400.0,,,UK102C,UK,,2015,higher_ed_students,Students in higher education (ISCED 5-8)
A,TE1026V,UK102C,2016,18920.0,,,UK102C,UK,,2016,higher_ed_students,Students in higher education (ISCED 5-8)
A,TE1026V,UK102C,2017,19235.0,,,UK102C,UK,,2017,higher_ed_students,Students in higher education (ISCED 5-8)
A,TE1026V,UK102C,2018,19155.0,,,UK102C,UK,,2018,higher_ed_students,Students in higher education (ISCED 5-8)
A,TE1026V,UK110C,2015,17920.0,,,UK110C,UK,,2015,higher_ed_students,Students in higher education (ISCED 5-8)
A,TE1026V,UK110C,2016,18575.0,,,UK110C,UK,,2016,higher_ed_students,Students in higher education (ISCED 5-8)
A,TE1026V,UK110C,2017,18555.0,,,UK110C,UK,,2017,higher_ed_students,Students in higher education (ISCED 5-8)
A,TE1026V,UK110C,2018,18375.0,,,UK110C,UK,,2018,higher_ed_students,Students in higher education (ISCED 5-8)
A,TE1026V,UK111C,2015,43465.0,,,UK111C,UK,,2015,higher_ed_students,Students in higher education (ISCED 5-8)
A,TE1026V,UK111C,2016,42700.0,,,UK111C,UK,,2016,higher_ed_students,Students in higher education (ISCED 5-8)
A,TE1026V,UK111C,2017,42455.0,,,UK111C,UK,,2017,higher_ed_students,Students in higher education (ISCED 5-8)
A,TE1026V,UK111C,2018,42085.0,,,UK111C,UK,,2018,higher_ed_students,Students in higher education (ISCED 5-8)
A,TE1026V,UK113C,2015,25655.0,,,UK113C,UK,,2015,higher_ed_students,Students in higher education (ISCED 5-8)
A,TE1026V,UK113C,2016,24460.0,,,UK113C,UK,,2016,higher_ed_students,Students in higher education (ISCED 5-8)
A,TE1026V,UK113C,2017,24160.0,,,UK113C,UK,,2017,higher_ed_students,Students in higher education (ISCED 5-8)
A,TE1026V,UK113C,2018,23000.0,,,UK113C,UK,,2018,higher_ed_students,Students in higher education (ISCED 5-8)
A,TE1026V,UK116C,2015,9635.0,,,UK116C,UK,,2015,higher_ed_students,Students in higher education (ISCED 5-8)
A,TE1026V,UK116C,2016,10120.0,,,UK116C,UK,,2016,higher_ed_students,Students in higher education (ISCED 5-8)
A,TE1026V,UK116C,2017,10600.0,,,UK116C,UK,,2017,higher_ed_students,Students in higher education (ISCED 5-8)
A,TE1026V,UK116C,2018,10870.0,,,UK116C,UK,,2018,higher_ed_students,Students in higher education (ISCED 5-8)
A,TE1026V,UK117C,2015,18140.0,,,UK117C,UK,,2015,higher_ed_students,Students in higher education (ISCED 5-8)
A,TE1026V,UK117C,2016,18140.0,,,UK117C,UK,,2016,higher_ed_students,Students in higher education (ISCED 5-8)
A,TE1026V,UK117C,2017,19375.0,,,UK117C,UK,,2017,higher_ed_students,Students in higher education (ISCED 5-8)
A,TE1026V,UK117C,2018,20175.0,,,UK117C,UK,,2018,higher_ed_students,Students in higher education (ISCED 5-8)
A,TE1026V,UK119C,2015,15130.0,,,UK119C,UK,,2015,higher_ed_students,Students in higher education (ISCED 5-8)
A,TE1026V,UK119C,2016,14915.0,,,UK119C,UK,,2016,higher_ed_students,Students in higher education (ISCED 5-8)
A,TE1026V,UK119C,2017,15325.0,,,UK119C,UK,,2017,higher_ed_students,Students in higher education (ISCED 5-8)
A,TE1026V,UK119C,2018,15410.0,,,UK119C,UK,,2018,higher_ed_students,Students in higher education (ISCED 5-8)
A,TE1026V,UK120C,2015,5060.0,,,UK120C,UK,,2015,higher_ed_students,Students in higher education (ISCED 5-8)
A,TE1026V,UK120C,2016,5030.0,,,UK120C,UK,,2016,higher_ed_students,Students in higher education (ISCED 5-8)
A,TE1026V,UK120C,2017,5080.0,,,UK120C,UK,,2017,higher_ed_students,Students in higher education (ISCED 5-8)
A,TE1026V,UK120C,2018,5375.0,,,UK120C,UK,,2018,higher_ed_students,Students in higher education (ISCED 5-8)
A,TE1026V,UK121C,2015,7855.0,,,UK121C,UK,,2015,higher_ed_students,Students in higher education (ISCED 5-8)
A,TE1026V,UK121C,2016,7835.0,,,UK121C,UK,,2016,higher_ed_students,Students in higher education (ISCED 5-8)
A,TE1026V,UK121C,2017,8505.0,,,UK121C,UK,,2017,higher_ed_students,Students in higher education (ISCED 5-8)
A,TE1026V,UK121C,2018,8490.0,,,UK121C,UK,,2018,higher_ed_students,Students in higher education (ISCED 5-8)
A,TE1026V,UK124C,2015,9065.0,,,UK124C,UK,,2015,higher_ed_students,Students in higher education (ISCED 5-8)
A,TE1026V,UK124C,2016,8790.0,,,UK124C,UK,,2016,higher_ed_students,Students in higher education (ISCED 5-8)
A,TE1026V,UK124C,2017,8635.0,,,UK124C,UK,,2017,higher_ed_students,Students in higher education (ISCED 5-8)
A,TE1026V,UK124C,2018,7580.0,,,UK124C,UK,,2018,higher_ed_students,Students in higher education (ISCED 5-8)
A,TE1026V,UK134C,2016,15555.0,,,UK134C,UK,,2016,higher_ed_students,Students in higher education (ISCED 5-8)
A,TE1026V,UK134C,2017,15955.0,,,UK134C,UK,,2017,higher_ed_students,Students in higher education (ISCED 5-8)
A,TE1026V,UK134C,2018,16435.0,,,UK134C,UK,,2018,higher_ed_students,Students in higher education (ISCED 5-8)
